Fx_L,Fy_L,Fz_L,Mx_L,My_L,Mz_L,Fx_R,Fy_R,Fz_R,Mx_R,My_R,Mz_R,rel_time,world_time,position_estimate,speed
0.0,0.0,0.0,0.0,0.0,0.0,0.0,0.0,0.0,0.0,0.0,0.0,0.0,1790364332.9383833,0.0,0.0
0.0424355944832085,0.0027403850928603376,0.821805282103929,0.36837376742800615,0.3739653745456519,-0.03224850230176747,-0.052759400715873976,0.0010864180053862913,0.82511321525548,0.3744587516432012,-0.3891247956362718,0.043238217021095905,0.02588677406311035,1790364332.96427,0.0,0.0
0.32680806859093947,0.021264490594679518,6.3218283423016475,0.36837376742800615,0.373800915513097,-0.03290633866029101,-0.4053062232262908,0.009827584051489474,6.34911272584583,0.37495212874057804,-0.38978263225898657,0.04307375794356475,0.028029203414916992,1790364332.9664125,0.0,0.0
1.2263651684341743,0.08046232985955329,23.70306598499695,0.3672225541951386,0.3726497022846759,-0.03241296139135785,-1.5189329459931529,0.045588615593041205,23.809682634168638,0.3710051119567272,-0.38780912239246734,0.0452117259494781,0.0374140739440918,1790364332.9757974,0.0,0.0
3.062780752548389,0.20265335222585917,59.162066911367866,0.3668936361284313,0.3714984890553137,-0.03241296139135785,-3.7957316942630945,0.14124637952197416,59.43068370792691,0.37034727582500915,-0.38748020408185463,0.048007530258400016,0.04681062698364258,1790364332.985194,0.0,0.0
5.858102461652941,0.39085525577698926,113.10240469711583,0.3662357999947848,0.37133403002247073,-0.03241296139135785,-7.278415275070402,0.3245948297894471,113.60958299938926,0.3734719974479298,-0.3884669590140987,0.04619848041229148,0.055625200271606445,1790364332.9940085,0.0,0.0
9.306390928197573,0.6256075855684108,179.58722106124378,0.3664002590282254,0.3716629480881374,-0.031919584122667696,-11.603961619244426,0.5949944705555981,180.3853206063977,0.37412983357818747,-0.38863141816959124,0.047185234874187285,0.06708765029907227,1790364333.005471,0.0,0.0
12.914924953758177,0.871870875242406,249.09654756160006,0.36672917709504865,0.3714984890553137,-0.03159066594367589,-16.15796111247028,0.9272850349231764,250.22384179681612,0.37133403002247073,-0.38698682661618933,0.04619848041229148,0.07678675651550293,1790364333.01517,0.0,0.0
16.179756072224272,1.089063622759285,311.94344632101263,0.3654135048272917,0.3716629480881374,-0.03224850230176747,-20.292901271915458,1.2891752783092914,313.41970030577176,0.3705117348579675,-0.3868223674610353,0.04208700347784122,0.08565020561218262,1790364333.0240335,0.0,0.0
18.72395267824104,1.2443203001252054,360.89704612311516,0.3668936361284313,0.3719918661537271,-0.0330707977499894,-23.51801048011232,1.633539790270133,362.6880992511706,0.3719918661537271,-0.38748020408185463,0.043238217021095905,0.0961000919342041,1790364333.0344834,0.0,0.0
20.367721559138804,1.3260735984970533,392.4792575768308,0.36804484936156906,0.37314307938268587,-0.0330707977499894,-25.596683639302796,1.8883642899766797,394.47963165543774,0.37528104680540014,-0.38978263225898657,0.04586956225812234,0.10568785667419434,1790364333.0440712,0.0,0.0
21.12949501242255,1.3467862943434439,406.9863785635651,0.36738701322846334,0.3728141613173651,-0.03241296139135785,-26.543778167620292,1.9962659388184683,409.0540957697398,0.37034727582500915,-0.38780912239246734,0.048829825641976424,0.11689019203186035,1790364333.0552735,0.0,0.0
21.178329263306814,1.330254857552429,407.5912409090177,0.36837376742800615,0.373636456480523,-0.03290633866029101,-26.562025652722767,1.9775406947286986,409.5899794870238,0.3677159312950548,-0.386164530840757,0.04817198933516619,0.12642192840576172,1790364333.0648053,0.0,0.0
20.762632149490784,1.296539980292369,399.0127225181469,0.36837376742800615,0.373800915513097,-0.03224850230176747,-25.961972792325863,1.9263815039844026,400.81118076875794,0.3742942926107039,-0.3884669590140987,0.044882807795002956,0.13652753829956055,1790364333.0749109,0.0,0.0
20.137361464914935,1.2571193477983462,386.19957588573965,0.3664002590282254,0.37330753841531744,-0.03274187957061962,-25.08319859805579,1.921041747491912,387.6707122242678,0.3742942926107039,-0.38928925479189963,0.043238217021095905,0.14661335945129395,1790364333.0849967,0.0,0.0
19.510230909775665,1.2182346418561911,373.31143477776214,0.3670580951617946,0.3729786203500351,-0.03241296139135785,-24.21806839053803,1.9527822186947044,374.3822023015853,0.37001835775903463,-0.387644663237144,0.04241592163318464,0.15591192245483398,1790364333.0942953,0.0,0.0
19.01670371767879,1.185642961881508,363.13718275345906,0.3665647180616467,0.3726497022846759,-0.03224850230176747,-23.55130742630021,1.9574889290504414,363.83245774139516,0.37001835775903463,-0.38698682661618933,0.04208700347784122,0.16690826416015625,1790364333.1052916,0.0,0.0
18.718435855622435,1.165546863398913,356.972241019372,0.3672225541951386,0.37314307938268587,-0.031919584122667696,-23.14563797483663,1.8940058560459492,357.3918033550768,0.37067619389090667,-0.387644663237144,0.049487661948379655,0.17774319648742676,1790364333.1161265,0.0,0.0
18.61601123537746,1.1600050328593432,354.84701731172635,0.36672917709504865,0.3724852432519675,-0.03175512503315832,-22.983764379089855,1.7805272886301895,355.1163413522953,0.3742942926107039,-0.39011155057054725,0.048500907488622194,0.18662285804748535,1790364333.1250062,0.0,0.0
18.66829687810719,1.1633886419247381,355.93419720811215,0.3654135048272917,0.37232078421924,-0.03241296139135785,-23.022310676695827,1.6732266973531347,356.186825027372,0.3710051119567272,-0.38863141816959124,0.045047266872253286,0.19615626335144043,1790364333.1345396,0.0,0.0
18.814123987320876,1.1662316477026566,358.9899675545355,0.3662357999947848,0.3726497022846759,-0.03290633866029101,-23.208812127180273,1.6165974455966141,359.3569465446524,0.36672917709504865,-0.3864934491508285,0.04471834871772711,0.20659351348876953,1790364333.1449769,0.0,0.0
18.9940043618962,1.1617212344986378,362.74160346822987,0.3664002590282254,0.37314307938268587,-0.03241296139135785,-23.47320352723026,1.611671178925171,363.3043639143476,0.3716629480881374,-0.38780912239246734,0.04192254440013117,0.2166585922241211,1790364333.155042,0.0,0.0
19.164719524548037,1.147822595470529,366.1683172485962,0.3665647180616467,0.3728141613173651,-0.03241296139135785,-23.73180298588361,1.6194340681896628,366.921655626128,0.3729786203500351,-0.3887958773251175,0.038962280996974574,0.22583436965942383,1790364333.1642177,0.0,0.0
19.30127688489488,1.125508554832832,368.6436819524937,0.3660713409613248,0.37314307938268587,-0.032084043212204094,-23.913283401575963,1.5754262867646882,369.5261911374807,0.3696894396929831,-0.3887958773251175,0.04175808532239554,0.23834466934204102,1790364333.176728,0.0,0.0
19.39244002484852,1.094888392474015,369.9444134508612,0.3660713409613248,0.3728141613173651,-0.03257742048097524,-23.98750922556039,1.4182911297307135,370.88750386012725,0.365577963860829,-0.38731574492659904,0.04537618502667742,0.24701476097106934,1790364333.185398,0.0,0.0
19.438184552094864,1.0520451948071845,370.16942883799015,0.3672225541951386,0.37412983357818747,-0.03175512503315832,-23.967916797119575,1.1423941815369802,371.10441484979276,0.3710051119567272,-0.3894537139475614,0.04406051240836854,0.2565469741821289,1790364333.1949303,0.0,0.0
19.447751796273234,0.9902276360093961,369.62380820377393,0.3670580951617946,0.3744587516432012,-0.031426206854220484,-23.884417251697784,0.823569203285702,370.48202258552755,0.37478766970813826,-0.39126276466207704,0.04636293948933781,0.2676405906677246,1790364333.206024,0.0,0.0
19.435831631273018,0.9033033517238028,368.6991347244124,0.3662357999947848,0.37478766970813826,-0.03175512503315832,-23.765697885893367,0.5741365345628437,369.43980596437245,0.3668936361284313,-0.38813804070321534,0.04619848041229148,0.275968074798584,1790364333.2143514,0.0,0.0
19.418600657310332,0.791165625882069,367.7636916702375,0.3670580951617946,0.3754455058377824,-0.03159066594367589,-23.644580610071166,0.46957766732613343,368.37325350203025,0.36738701322846334,-0.38748020408185463,0.04044241269958962,0.2868459224700928,1790364333.2252293,0.0,0.0
19.40918453091314,0.6656119000174046,367.08059498770086,0.365577963860829,0.373800915513097,-0.03175512503315832,-23.55219513597737,0.5033998029679871,367.5215225672119,0.3691960625937613,-0.38780912239246734,0.03879782191877813,0.29642248153686523,1790364333.2348058,0.0,0.0
19.4132436757926,0.5467471582484585,366.7664214043554,0.36508458676015904,0.3734719974479298,-0.032084043212204094,-23.49828732145741,0.5858859376716035,366.96213773737725,0.37067619389090667,-0.3887958773251175,0.040935789933333744,0.30562305450439453,1790364333.2440064,0.0,0.0
19.428855684753486,0.4495506448110828,366.797240067996,0.36574242289434694,0.3742942926107039,-0.03159066594367589,-23.470077761325165,0.5969612358966256,366.6864699467814,0.36672917709504865,-0.3884669590140987,0.042580380710817996,0.3167867660522461,1790364333.25517,0.0,0.0
19.45096253642289,0.3756814372664858,367.06423726957416,0.36574242289434694,0.37495212874057804,-0.031919584122667696,-23.449777640390828,0.4756733321640535,366.64366816736333,0.36672917709504865,-0.3883024998586401,0.043731594253536094,0.3263819217681885,1790364333.2647653,0.0,0.0
19.475379108039682,0.3183683296577271,367.44625939889653,0.36672917709504865,0.37528104680540014,-0.03126174776479204,-23.429188950677332,0.2693669225041201,366.75387984316654,0.3685382264611957,-0.38928925479189963,0.04455388964042575,0.33759021759033203,1790364333.2759736,0.0,0.0
19.499858443909638,0.2688579477279221,367.85145165248366,0.36492012772656374,0.37478766970813826,-0.03175512503315832,-23.415629595549337,0.08349244048680803,366.9344032905092,0.3701828167920315,-0.3894537139475614,0.043731594253536094,0.3461034297943115,1790364333.2844868,0.0,0.0
19.52449541455441,0.2149316721094964,368.2184213144077,0.3660713409613248,0.37511658777299867,-0.03076837049666857,-23.42502705056943,-0.01641313613084939,367.12868587284294,0.3693605216268545,-0.38928925479189963,0.03929119915329056,0.35772061347961426,1790364333.296104,0.0,0.0
19.550349605924232,0.13903067089218046,368.50472023582654,0.36574242289434694,0.37478766970813826,-0.030110534139548173,-23.458883735567742,-0.04464968736244985,367.3071634652875,0.3668936361284313,-0.3884669590140987,0.038962280996974574,0.3677647113800049,1790364333.306148,0.0,0.0
19.574095990739952,0.022827528986085366,368.6880765152942,0.36738701322846334,0.37643226003167407,-0.030274993228787822,-23.492791348710593,-0.05853370053039453,367.44971869701726,0.3687026854943661,-0.39011155057054725,0.04044241269958962,0.37630629539489746,1790364333.3146896,0.0,0.0
19.587043513386366,-0.14420401268577368,368.777920331227,0.36672917709504865,0.3757744239024895,-0.030110534139548173,-23.499926496116984,-0.11023983322015887,367.5459952254869,0.36804484936156906,-0.3894537139475614,0.040935789933333744,0.388275146484375,1790364333.3266585,0.0,0.0
19.58285129172584,-0.3572458246159363,368.81318277476885,0.36524904579373507,0.3754455058377824,-0.029781615961149727,-23.476684177740527,-0.21826803008377801,367.60256273433765,0.3662357999947848,-0.3879735815478244,0.043731594253536094,0.3959026336669922,1790364333.334286,0.0,0.0
19.562398169291765,-0.5947716232931884,368.83581282011386,0.3664002590282254,0.37560996487014553,-0.031097288675390578,-23.43760704222479,-0.3525036012883467,367.61992708171294,0.36574242289434694,-0.38731574492659904,0.042744839788425804,0.4065079689025879,1790364333.3448913,0.0,0.0
19.53160599171878,-0.8256858316160062,368.8677269749828,0.36672917709504865,0.37659671906392234,-0.02945269778285907,-23.398425592033295,-0.45433992984490795,367.56919232061,0.3675514722617687,-0.38780912239246734,0.041429167166847566,0.4170703887939453,1790364333.3554537,0.0,0.0
19.498769244010457,-1.0219304206843585,368.91560332068127,0.36672917709504865,0.37659671906392234,-0.030274993228787822,-23.369548900010535,-0.49021795595227224,367.4176111684778,0.3691960625937613,-0.38780912239246734,0.040935789933333744,0.427584171295166,1790364333.3659675,0.0,0.0
19.471967998856943,-1.1674467358144536,368.99051014784004,0.36837376742800615,0.3774190142248769,-0.029781615961149727,-23.353976246480908,-0.4750460424796517,367.1676578799638,0.36475566869294895,-0.3864934491508285,0.03929119915329056,0.43650174140930176,1790364333.374885,0.0,0.0
19.455599987990354,-1.2580074892750053,369.1172539854779,0.3670580951617946,0.3769256371283615,-0.030603911407348028,-23.34357385275942,-0.44223555254006924,366.8424505809624,0.3627821602880616,-0.38517777591135377,0.04044241269958962,0.4468064308166504,1790364333.3851898,0.0,0.0
19.450250662058686,-1.297488721717557,369.3190315968538,0.36804484936156906,0.37807685035329636,-0.031426206854220484,-23.32398644831885,-0.4173250418111165,366.4459598944604,0.36590688192784554,-0.3864934491508285,0.04208700347784122,0.45642757415771484,1790364333.394811,0.0,0.0
19.457524809683683,-1.2960870408761227,369.5950599778115,0.36820930839479726,0.37807685035329636,-0.030110534139548173,-23.28832379520742,-0.4194306036354573,365.9806645411184,0.36738701322846334,-0.3871512857713773,0.042580380710817996,0.4675862789154053,1790364333.4059696,0.0,0.0
19.481527279009843,-1.2699278372713918,369.9207340331188,0.3693605216268545,0.37774793228912484,-0.030110534139548173,-23.241105872955217,-0.45320528586849784,365.4934925963263,0.36311107835573664,-0.38583561253082077,0.04192254440013117,0.47586989402770996,1790364333.4142532,0.0,0.0
19.523406028375643,-1.2388317902896993,370.2650265084349,0.3691960625937613,0.3782413093853535,-0.030932829586016092,-23.190015584675784,-0.4954693555716681,365.05243299702283,0.3617954060845708,-0.3841910209831668,0.039620117309504065,0.4865281581878662,1790364333.4249115,0.0,0.0
19.5791521336889,-1.2195406112080633,370.6021990539623,0.36788039032832154,0.37709009616055245,-0.03159066594367589,-23.141132196492137,-0.5175568096430999,364.6863678885818,0.36804484936156906,-0.386657908305915,0.04044241269958962,0.4958484172821045,1790364333.4342318,0.0,0.0
19.642956550371398,-1.21655913129595,370.90840131974926,0.3693605216268545,0.3782413093853535,-0.031919584122667696,-23.09916602577128,-0.5199619655673982,364.39367565428785,0.3670580951617946,-0.386164530840757,0.04110024901119727,0.5064277648925781,1790364333.444811,0.0,0.0
19.707339305210198,-1.2184843938358356,371.1598518541061,0.37034727582500915,0.37906360454535265,-0.03076837049666857,-23.063258950922556,-0.52175950075338,364.1812107923673,0.3613020289825633,-0.383533184365051,0.041429167166847566,0.5155696868896484,1790364333.453953,0.0,0.0
19.761600123975256,-1.2038098406935727,371.3480563317876,0.36952498065992845,0.3784057684173915,-0.032084043212204094,-23.024829497101123,-0.5218831725714664,364.04060569386513,0.3627821602880616,-0.3841910209831668,0.042909298866008055,0.5270130634307861,1790364333.4653964,0.0,0.0
19.796795896926188,-1.1499536370182422,371.4879913014355,0.3691960625937613,0.37906360454535265,-0.03241296139135785,-22.978709960334115,-0.4995269097963428,363.9249067980246,0.3668936361284313,-0.3855066942210197,0.038962280996974574,0.5375399589538574,1790364333.4759233,0.0,0.0
19.812771756753094,-1.0420545654961737,371.60514075192333,0.37034727582500915,0.37873468648141023,-0.03224850230176747,-22.93222334019129,-0.45556426228102154,363.7939205676265,0.36245324222030895,-0.38303980690181855,0.03830444468403504,0.547814130783081,1790364333.4861975,0.0,0.0
19.816201391595467,-0.8822740774211215,371.7246925473946,0.3710051119567272,0.37922806357729516,-0.03224850230176747,-22.893202757040772,-0.42543444532423286,363.64138702232617,0.36261770125419496,-0.38221751113043934,0.03813998560573607,0.5565190315246582,1790364333.4949024,0.0,0.0
19.812101253187656,-0.6930394153989695,371.87017398416737,0.37116957098960857,0.3793925226092187,-0.031426206854220484,-22.854736898026612,-0.43858809949290556,363.4615853405663,0.3616309470505877,-0.38221751113043934,0.04208700347784122,0.5662546157836914,1790364333.504638,0.0,0.0
19.80121706633398,-0.507590514055853,372.0575336125133,0.37001835775903463,0.378899145513391,-0.03241296139135785,-22.805042262127348,-0.481271989579761,363.2354879552366,0.3654135048272917,-0.3833687252106064,0.042744839788425804,0.5758845806121826,1790364333.514268,0.0,0.0
19.785541884095025,-0.3542261588147834,372.2864533657278,0.3719918661537271,0.37955698164112306,-0.03126174776479204,-22.7513725963289,-0.5081618914020267,362.9591447989854,0.36409783255829653,-0.38303980690181855,0.04241592163318464,0.5865497589111328,1790364333.524933,0.0,0.0
19.77155804128694,-0.2484119787294745,372.5425858728483,0.3724852432519675,0.3798858997048747,-0.032084043212204094,-22.721309157895483,-0.48092763286285495,362.65503642932373,0.35982189767549155,-0.3810662970519251,0.04241592163318464,0.5969154834747314,1790364333.5352988,0.0,0.0
19.766498249170887,-0.1937567943747889,372.80804838964656,0.3729786203500351,0.38037927680035905,-0.03241296139135785,-22.73614938014262,-0.38765502330395135,362.34373274484506,0.36261770125419496,-0.3812307562058974,0.041264708089035214,0.6074323654174805,1790364333.5458157,0.0,0.0
19.774768823951153,-0.1814124000658364,373.0689599198125,0.3729786203500351,0.38070819486392005,-0.03372863410905318,-22.78873563871544,-0.23792710334081732,362.0281444591276,0.3654135048272917,-0.38402656182858724,0.03945565823141012,0.6165125370025635,1790364333.5548959,0.0,0.0
19.79863881389015,-0.18812018008484585,373.3188015559632,0.37330753841531744,0.38037927680035905,-0.034222011378634745,-22.84985295987911,-0.062397053734236256,361.7246396871703,0.36475566869294895,-0.38221751113043934,0.03994903546561511,0.6263525485992432,1790364333.564736,0.0,0.0
19.839468608491924,-0.18127551399720404,373.55704865435166,0.37412983357818747,0.38054373583214907,-0.03372863410905318,-22.892227010762415,0.08954235106941509,361.47790283445454,0.36080865188038097,-0.3804084604363729,0.04307375794356475,0.6368873119354248,1790364333.5752707,0.0,0.0
19.895378478383684,-0.13081646445858694,373.78181769746317,0.3724852432519675,0.3798858997048747,-0.033399715929467236,-22.905182338035214,0.18357241544945202,361.31107913562374,0.3614664880165852,-0.3804084604363729,0.04537618502667742,0.647456169128418,1790364333.5858395,0.0,0.0
19.9572202774953,-0.01972032472808342,373.9807552449634,0.37232078421924,0.3798858997048747,-0.033235256839714816,-22.892270954181736,0.23559524259820588,361.185709999408,0.36343999642333413,-0.38073737874408153,0.041429167166847566,0.6559257507324219,1790364333.594309,0.0,0.0
20.01036870066364,0.15070676972133892,374.1306621923882,0.3729786203500351,0.38021481776855,-0.03257742048097524,-22.864401183727153,0.29033415578592053,361.0409816684389,0.36508458676015904,-0.3812307562058974,0.04241592163318464,0.6669092178344727,1790364333.6052926,0.0,0.0
20.043087522229325,0.35986828815730465,374.21301632037745,0.3734719974479298,0.38037927680035905,-0.033399715929467236,-22.83629779161922,0.3695005201034597,360.855115901491,0.36195986511853445,-0.38090183789798643,0.04340267609860151,0.6761195659637451,1790364333.614503,0.0,0.0
20.05171609270937,0.5723596294216324,374.2290960226887,0.3726497022846759,0.3798858997048747,-0.03274187957061962,-22.819544338600416,0.4676046484942946,360.6451602148902,0.35899960250421536,-0.3792572463604536,0.04208700347784122,0.6857926845550537,1790364333.624176,0.0,0.0
20.03753245102726,0.7481464091069129,374.1947674590595,0.3724852432519675,0.3797214406730084,-0.033235256839714816,-22.811966165269723,0.5841827750784028,360.4229654397567,0.36311107835573664,-0.3810662970519251,0.04192254440013117,0.6968784332275391,1790364333.6352618,0.0,0.0
20.003156940275797,0.8545945138191565,374.126285439349,0.37314307938268587,0.38037927680035905,-0.03241296139135785,-22.80274941638811,0.7139627611217328,360.1850099422637,0.3617954060845708,-0.3802440012825691,0.04077133085544463,0.7061765193939209,1790364333.6445599,0.0,0.0
19.954357092090866,0.8754872109240388,374.0403772670894,0.37412983357818747,0.38136603099081334,-0.03274187957061962,-22.790012901969178,0.8080280062402614,359.93442277251506,0.36064419284628135,-0.37991508297506255,0.037482149292283704,0.7161202430725098,1790364333.6545036,0.0,0.0
19.90135951815572,0.8162985116612733,373.9673276702591,0.37495212874057804,0.382023867117402,-0.034222011378634745,-22.778146491631155,0.7899110084663498,359.6845765747844,0.36245324222030895,-0.38221751113043934,0.03879782191877813,0.72664475440979,1790364333.665028,0.0,0.0
19.85666457704781,0.7039723220207819,373.9527194127388,0.37412983357818747,0.38136603099081334,-0.03372863410905318,-22.7591036386124,0.6251100187465773,359.4628834810116,0.3632755373895451,-0.3820530519762647,0.04175808532239554,0.7373435497283936,1790364333.675727,0.0,0.0
19.832560096618085,0.5770054323638131,374.03545647713065,0.37314307938268587,0.38136603099081334,-0.033893093198886656,-22.714838518510952,0.3644588037372589,359.3189530325727,0.35949297960703946,-0.3812307562058974,0.04356713517608157,0.7470061779022217,1790364333.6853895,0.0,0.0
19.838748993084963,0.47101046345234,374.22472832838514,0.37462321067567933,0.3823527851805822,-0.034222011378634745,-22.641745264495604,0.1197908367270959,359.29041909131945,0.3586706844355686,-0.3812307562058974,0.042580380710817996,0.7569906711578369,1790364333.695374,0.0,0.0
19.879676504767353,0.4082279654898841,374.4996149433548,0.3739653745456519,0.3810371129274048,-0.03356417501924669,-22.562421716615642,-0.008010716641765558,359.36431728473536,0.36508458676015904,-0.3833687252106064,0.041264708089035214,0.7669868469238281,1790364333.7053702,0.0,0.0
19.951224504515093,0.3935154748436095,374.8196159879102,0.373636456480523,0.3810371129274048,-0.03438647046854934,-22.509050861602727,0.005323437480674861,359.50725142021173,0.3645912096593149,-0.383533184365051,0.04208700347784122,0.7758617401123047,1790364333.714245,0.0,0.0
20.03882387976027,0.4170836639090999,375.1305562901027,0.373636456480523,0.3808726538956719,-0.03356417501924669,-22.49603627201249,0.11007237635241052,359.70984712019333,0.36047973381216225,-0.3804084604363729,0.03813998560573607,0.7864363193511963,1790364333.7248197,0.0,0.0
20.12203476701844,0.45989020601477254,375.3753132561541,0.373800915513097,0.3808726538956719,-0.033235256839714816,-22.507510910540002,0.2474921150051855,359.9615483607532,0.3616309470505877,-0.38139521535990345,0.040606871777529925,0.7967183589935303,1790364333.7351017,0.0,0.0
20.183581118506186,0.49764577427696044,375.51440195251,0.3742942926107039,0.3810371129274048,-0.03290633866029101,-22.51444702312508,0.38969639558128943,360.21332637465025,0.36228878318640356,-0.38139521535990345,0.04307375794356475,0.8060870170593262,1790364333.7444704,0.0,0.0
20.21454206986419,0.5067321301221815,375.5392394765477,0.37314307938268587,0.3808726538956719,-0.03356417501924669,-22.50636066170047,0.520944571734144,360.40174467000156,0.3613020289825633,-0.38172413366801666,0.04406051240836854,0.8174171447753906,1790364333.7558005,0.0,0.0
20.213211301150277,0.4758646028636627,375.4667397115349,0.37330753841531744,0.38136603099081334,-0.03372863410905318,-22.497660394659356,0.6207271135320929,360.4849774730692,0.35982189767549155,-0.38057291959021033,0.040277953621623716,0.826885461807251,1790364333.7652688,0.0,0.0
20.182284109499342,0.4151647587270912,375.3263780706576,0.3729786203500351,0.38021481776855,-0.03257742048097524,-22.49989418487285,0.6766695429934659,360.44386201840973,0.3596574386412752,-0.3810662970519251,0.03945565823141012,0.8368444442749023,1790364333.7752278,0.0,0.0
20.12798053478864,0.3483305804397499,375.1499903669657,0.37330753841531744,0.3810371129274048,-0.0330707977499894,-22.501868103099657,0.6888852129209967,360.28279445758426,0.36311107835573664,-0.38271088859316565,0.038468903762308375,0.8459289073944092,1790364333.7843122,0.0,0.0
20.06038724847606,0.29504381767028803,374.9673612896694,0.3742942926107039,0.3816949490541457,-0.033399715929467236,-22.485560039110187,0.6472219862719001,360.0519942876366,0.36442675062566154,-0.3838621026740414,0.03600201758551472,0.8577706813812256,1790364333.796154,0.0,0.0
19.992143578319236,0.263602485816463,374.8112821852964,0.3742942926107039,0.3816949490541457,-0.033235256839714816,-22.449694509129994,0.5201615947172504,359.85126052227696,0.361137569948522,-0.3833687252106064,0.04077133085544463,0.8656420707702637,1790364333.8040254,0.0,0.0
19.934722783641575,0.2541730218242087,374.71932367435477,0.3744587516432012,0.3816949490541457,-0.033893093198886656,-22.40941490976518,0.29066404189087863,359.7801640933014,0.3616309470505877,-0.38221751113043934,0.04356713517608157,0.876000165939331,1790364333.8143835,0.0,0.0
19.895471234788374,0.2620092301620747,374.7165691439429,0.3739653745456519,0.3810371129274048,-0.033235256839714816,-22.381307147309567,0.003462511046816494,359.87489742017453,0.36343999642333413,-0.38271088859316565,0.04356713517608157,0.8868844509124756,1790364333.8252678,0.0,0.0
19.8759755213909,0.27790635178972484,374.79399046727036,0.3729786203500351,0.38021481776855,-0.0330707977499894,-22.37546513740616,-0.23867737215047258,360.0991818789937,0.3636044554571038,-0.3833687252106064,0.043238217021095905,0.8960485458374023,1790364333.834432,0.0,0.0
19.871467652371845,0.29166831572073854,374.9078658964805,0.37314307938268587,0.3808726538956719,-0.033399715929467236,-22.39898106026208,-0.3350563317951995,360.3847566827663,0.3621243241524787,-0.3828753477474752,0.04044241269958962,0.9076383113861084,1790364333.8460217,0.0,0.0
19.87422531983994,0.3021454276927851,375.00375452155225,0.3739653745456519,0.3808726538956719,-0.03356417501924669,-22.45631953308188,-0.2560624158548987,360.66601952612245,0.3613020289825633,-0.38139521535990345,0.03813998560573607,0.9170057773590088,1790364333.855389,0.0,0.0
19.878697476093635,0.3227119844906701,375.04554216829865,0.373800915513097,0.38037927680035905,-0.033399715929467236,-22.53736858491843,-0.06489158552530945,360.8842973263563,0.361137569948522,-0.3804084604363729,0.03830444468403504,0.9265220165252686,1790364333.8649054,0.0,0.0
19.883682445411075,0.37087680787661725,375.02282461256317,0.3729786203500351,0.3797214406730084,-0.033399715929467236,-22.61140466932911,0.13171974685482876,360.97946234749213,0.36245324222030895,-0.37991508297506255,0.041429167166847566,0.9360561370849609,1790364333.8744395,0.0,0.0
19.89136555865649,0.4504531728300939,374.9334323366294,0.3718274071209418,0.37906360454535265,-0.033235256839714816,-22.645258868065554,0.25960049304781513,360.8966973805484,0.3613020289825633,-0.38073737874408153,0.04406051240836854,0.9470632076263428,1790364333.8854465,0.0,0.0
19.902755299178928,0.5455405295147013,374.7702138810798,0.3724852432519675,0.378899145513391,-0.03290633866029101,-22.630614007195483,0.31386514372589336,360.61529334725014,0.35982189767549155,-0.3810662970519251,0.04356713517608157,0.9569330215454102,1790364333.8953164,0.0,0.0
19.912428405369493,0.6329834215038687,374.53345982539213,0.3726497022846759,0.3797214406730084,-0.03290633866029101,-22.58907893288275,0.3427529548519689,360.1729452694857,0.36080865188038097,-0.3810662970519251,0.04175808532239554,0.9656360149383545,1790364333.9040194,0.0,0.0
19.91086963933317,0.6991370791548135,374.2489433634006,0.3724852432519675,0.3793925226092187,-0.033235256839714816,-22.547535994588728,0.40105941836846815,359.65883943100926,0.361137569948522,-0.38073737874408153,0.036495394821335424,0.9761695861816406,1790364333.914553,0.0,0.0
19.893991967320467,0.7444519921762621,373.9610633233346,0.3726497022846759,0.3798858997048747,-0.03241296139135785,-22.511852402490305,0.49624628686953776,359.1805411286664,0.3614664880165852,-0.3810662970519251,0.0363309357427542,0.9870827198028564,1790364333.925466,0.0,0.0
19.868174903945054,0.7747244831514719,373.71188473655945,0.3742942926107039,0.38070819486392005,-0.03224850230176747,-22.469810718975605,0.5700196937684906,358.82187658588305,0.3591640615385095,-0.38057291959021033,0.03994903546561511,0.9966416358947754,1790364333.935025,0.0,0.0
19.84451410275036,0.7894056658933689,373.53448508932195,0.37412983357818747,0.38070819486392005,-0.034057552288747184,-22.414731353772464,0.5509880103152757,358.6120195953853,0.3621243241524787,-0.3815596745139431,0.04225146255552571,1.005831241607666,1790364333.9442146,0.0,0.0
19.828800651529935,0.7784971702020869,373.4535442769074,0.37330753841531744,0.38021481776855,-0.03356417501924669,-22.356884123646783,0.4319237777222658,358.5411668213577,0.36574242289434694,-0.3841910209831668,0.043238217021095905,1.017087459564209,1790364333.9554708,0.0,0.0
19.818521898832167,0.7323855791928137,373.4787767415105,0.3742942926107039,0.3808726538956719,-0.0330707977499894,-22.31794400833289,0.282310012039022,358.61272962220687,0.36245324222030895,-0.3833687252106064,0.044882807795002956,1.0265564918518066,1790364333.9649398,0.0,0.0
19.810992020295238,0.6559623788714609,373.6027097725598,0.3734719974479298,0.38054373583214907,-0.033399715929467236,-22.321968309530725,0.18732302280668103,358.8508035704849,0.3621243241524787,-0.3832042660561956,0.03912674007514537,1.0358622074127197,1790364333.9742455,0.0,0.0
19.812112410650254,0.573136151555002,373.8021547943704,0.373636456480523,0.38037927680035905,-0.03356417501924669,-22.380228405449362,0.18636149343812236,359.25005286018796,0.36376891449085413,-0.3841910209831668,0.04077133085544463,1.0460515022277832,1790364333.9844348,0.0,0.0
19.831779228352715,0.5173448539851544,374.0351225316712,0.37314307938268587,0.3797214406730084,-0.033893093198886656,-22.47812096413846,0.2629426305432048,359.75681938270486,0.36672917709504865,-0.3836976435195293,0.040277953621623716,1.056586742401123,1790364333.99497,0.0,0.0
19.870547748087724,0.5169030505672965,374.2456617172814,0.3721563251864931,0.378899145513391,-0.034057552288747184,-22.585636640670536,0.3702539405394229,360.3064473663661,0.36475566869294895,-0.3836976435195293,0.04044241269958962,1.0658411979675293,1790364334.0042245,0.0,0.0
19.916594214631687,0.5855352776287504,374.37956461500505,0.3729786203500351,0.3797214406730084,-0.03471538864845965,-22.680837400754104,0.45548085641850555,360.8486701529696,0.3614664880165852,-0.3825464294388898,0.04208700347784122,1.0761232376098633,1790364334.0145066,0.0,0.0
19.956352853738235,0.717776394501187,374.40218200003807,0.37232078421924,0.37922806357729516,-0.03241296139135785,-22.75711752121379,0.4796647154240986,361.3265565034268,0.358341766366844,-0.38139521535990345,0.04110024901119727,1.086646318435669,1790364334.0250297,0.0,0.0
19.98334045530521,0.8853077331624416,374.30933236809045,0.3718274071209418,0.37873468648141023,-0.032084043212204094,-22.811599696238055,0.4333332230113534,361.65402652148134,0.3609731109144612,-0.3815596745139431,0.03813998560573607,1.0974915027618408,1790364334.0358748,0.0,0.0
19.997663088437633,1.0384042592574168,374.1208431519685,0.37232078421924,0.37922806357729516,-0.0330707977499894,-22.83501318997522,0.32900124599374436,361.7509956497274,0.36574242289434694,-0.3832042660561956,0.03912674007514537,1.1059520244598389,1790364334.0443354,0.0,0.0
20.00154870319511,1.1204279263491004,373.87073818281806,0.3739653745456519,0.38021481776855,-0.03356417501924669,-22.8147112282534,0.18773535242623102,361.61769605394403,0.3654135048272917,-0.3836976435195293,0.04159362624463435,1.1160454750061035,1790364334.0544288,0.0,0.0
19.996467027066885,1.0936316187117532,373.6110385450637,0.37495212874057804,0.38054373583214907,-0.03487984773845537,-22.744791785131923,0.04686313961341757,361.3499624261483,0.35949297960703946,-0.3810662970519251,0.040935789933333744,1.126573085784912,1790364334.0649564,0.0,0.0
19.98368816606377,0.9627299264802283,373.40767697413355,0.37330753841531744,0.3798858997048747,-0.033235256839714816,-22.635764995111472,-0.04134582184829827,361.0567336926819,0.36064419284628135,-0.3815596745139431,0.042580380710817996,1.137300729751587,1790364334.075684,0.0,0.0
19.965884117791205,0.7795562358803754,373.310210140739,0.3726497022846759,0.37922806357729516,-0.034057552288747184,-22.519393904099225,-0.04320574191237751,360.7857667917974,0.365577963860829,-0.3832042660561956,0.042909298866008055,1.1468629837036133,1790364334.0852463,0.0,0.0
19.946978534708453,0.6213171133287112,373.32004902824013,0.3729786203500351,0.37873468648141023,-0.034222011378634745,-22.436939679116342,0.03315274767357066,360.55277834268344,0.3672225541951386,-0.3846843984471083,0.040606871777529925,1.156369924545288,1790364334.0947533,0.0,0.0
19.929246985532014,0.55523468020899,373.3883313653369,0.37330753841531744,0.37857022744941043,-0.034222011378634745,-22.410402512042467,0.15827909519441327,360.4050334290526,0.36475566869294895,-0.3843554801377802,0.04011349454363222,1.1658692359924316,1790364334.1042526,0.0,0.0
19.910061365482623,0.6124304863425097,373.4447917418683,0.3729786203500351,0.3782413093853535,-0.034222011378634745,-22.42857216631961,0.3098265121519614,360.41222777983387,0.36195986511853445,-0.3832042660561956,0.03912674007514537,1.1762173175811768,1790364334.1146007,0.0,0.0
19.884112118660546,0.783562652860487,373.4321555538976,0.37116957098960857,0.37807685035329636,-0.033893093198886656,-22.467537636165027,0.46253060437786997,360.6054190085661,0.36311107835573664,-0.3836976435195293,0.038468903762308375,1.1858723163604736,1790364334.1242557,0.0,0.0
19.848999888207018,1.0307396361287358,373.3213819954261,0.37116957098960857,0.3774190142248769,-0.034057552288747184,-22.51484155060654,0.5660909441013069,360.9482095107305,0.36508458676015904,-0.38303980690181855,0.040277953621623716,1.1963512897491455,1790364334.1347346,0.0,0.0
19.805706757290206,1.3018659371319854,373.10803193270357,0.3710051119567272,0.37626780099940665,-0.03241296139135785,-22.565023265172627,0.5710584857814721,361.358337582155,0.3645912096593149,-0.38303980690181855,0.04011349454363222,1.2055418491363525,1790364334.1439252,0.0,0.0
19.755162401066833,1.5414045560773846,372.80309227663673,0.37133403002247073,0.3772545551927242,-0.03257742048097524,-22.60501380549,0.4793680412221005,361.74419597460627,0.36524904579373507,-0.3833687252106064,0.040935789933333744,1.216719150543213,1790364334.1551025,0.0,0.0
19.69876620801949,1.700873912364889,372.43061445376065,0.3718274071209418,0.3775834732570104,-0.03372863410905318,-22.621579548394422,0.3426794917438893,362.03864271179214,0.36475566869294895,-0.3843554801377802,0.04208700347784122,1.2258646488189697,1790364334.164248,0.0,0.0
19.64165481264181,1.751397303652775,372.0363319095346,0.3724852432519675,0.3784057684173915,-0.03356417501924669,-22.61733761679622,0.2158419197999476,362.22141307490233,0.3636044554571038,-0.383533184365051,0.04077133085544463,1.2358605861663818,1790364334.174244,0.0,0.0
19.592118798727967,1.6928252345055863,371.6888106052363,0.37116957098960857,0.3779123913212202,-0.0330707977499894,-22.603843300755344,0.13276677295075626,362.312623593732,0.3654135048272917,-0.38451993929242734,0.04159362624463435,1.2472517490386963,1790364334.185635,0.0,0.0
19.558184446532074,1.5518110107421608,371.4536412732465,0.37116957098960857,0.3779123913212202,-0.03274187957061962,-22.584259681552087,0.11087635408420227,362.34865976750245,0.36574242289434694,-0.3841910209831668,0.041429167166847566,1.2571539878845215,1790364334.1955373,0.0,0.0
19.54489765484434,1.3700868461205051,371.3587301385903,0.3716629480881374,0.3774190142248769,-0.03257742048097524,-22.5558447957912,0.1495633499304433,362.3675798753479,0.365577963860829,-0.38484885760182297,0.04044241269958962,1.2669320106506348,1790364334.2053154,0.0,0.0
19.55218894630537,1.1912062351438586,371.3844685506644,0.37116957098960857,0.3769256371283615,-0.03356417501924669,-22.5224494753414,0.2255467719868873,362.4040610384967,0.36475566869294895,-0.3846843984471083,0.03945565823141012,1.2773363590240479,1790364334.2157197,0.0,0.0
19.574474916207407,1.0498583757886484,371.4800488042073,0.3716629480881374,0.3769256371283615,-0.033893093198886656,-22.49413204505309,0.3014513350747028,362.4851531710688,0.3654135048272917,-0.38517777591135377,0.038633362840556074,1.2868499755859375,1790364334.2252333,0.0,0.0
19.602615196598535,0.9647980406884767,371.5856088706636,0.3701828167920315,0.37659671906392234,-0.03372863410905318,-22.479492381445933,0.3401413440409191,362.62363933581787,0.3642622915919887,-0.3846843984471083,0.04225146255552571,1.2960560321807861,1790364334.2344394,0.0,0.0
19.62712758168633,0.9380660089161857,371.6485438981152,0.37034727582500915,0.37643226003167407,-0.033399715929467236,-22.481915469803788,0.3247343835169928,362.80873224298574,0.36574242289434694,-0.38517777591135377,0.04307375794356475,1.305586338043213,1790364334.2439697,0.0,0.0
19.641238961824172,0.9590990348739002,371.6338382226222,0.37067619389090667,0.37659671906392234,-0.03257742048097524,-22.499506136522406,0.2819019831596906,363.0130816343559,0.36804484936156906,-0.38698682661618933,0.042580380710817996,1.3161778450012207,1790364334.2545612,0.0,0.0
19.640344158587755,1.010934763854426,371.53151132056314,0.3705117348579675,0.37643226003167407,-0.033399715929467236,-22.5312757140717,0.2653753308689725,363.2198321950508,0.36508458676015904,-0.386000071685772,0.04159362624463435,1.3267199993133545,1790364334.2651033,0.0,0.0
19.62038973625665,1.0773800452612996,371.3552563657938,0.36985389872601854,0.3759388829348144,-0.033235256839714816,-22.5846781102465,0.2932766935860176,363.4254930284269,0.36492012772656374,-0.38583561253082077,0.03912674007514537,1.3359708786010742,1790364334.2743542,0.0,0.0
19.579975847268464,1.146268076321292,371.131286522688,0.37067619389090667,0.37659671906392234,-0.03290633866029101,-22.66675081402599,0.31840336778928147,363.61324735816163,0.3660713409613248,-0.38501331675657147,0.03813998560573607,1.3455049991607666,1790364334.2838883,0.0,0.0
19.522100174695698,1.206949777985491,370.8883776889566,0.3688671445275171,0.37560996487014553,-0.03257742048097524,-22.76444329618933,0.2752589811658509,363.7549237532016,0.36788039032832154,-0.3856711533759033,0.04110024901119727,1.35512375831604,1790364334.293507,0.0,0.0
19.453825838940638,1.2486837590399886,370.65217630842426,0.37001835775903463,0.37659671906392234,-0.03224850230176747,-22.84657468341436,0.14839550593492787,363.84229356645756,0.36574242289434694,-0.386000071685772,0.044389430563098874,1.3668973445892334,1790364334.3052807,0.0,0.0
19.3868880972049,1.2645160315170454,370.4464378720624,0.3705117348579675,0.3772545551927242,-0.033399715929467236,-22.892156191986807,-0.009072033774621643,363.8881445531803,0.36343999642333413,-0.38583561253082077,0.04208700347784122,1.376500129699707,1790364334.3148835,0.0,0.0
19.335556078459007,1.2558964617174637,370.2987179007324,0.3701828167920315,0.37643226003167407,-0.03257742048097524,-22.907655564685683,-0.12234939340541677,363.89777077463674,0.3660713409613248,-0.3868223674610353,0.04044241269958962,1.3868021965026855,1790364334.3251855,0.0,0.0
19.30912720673183,1.2301828520267617,370.2317191449688,0.3691960625937613,0.37626780099940665,-0.03274187957061962,-22.91290199176647,-0.15938739458855514,363.8707566880855,0.3693605216268545,-0.38698682661618933,0.04077133085544463,1.3963100910186768,1790364334.3346934,0.0,0.0
19.307425562490593,1.192434871358704,370.2427227542221,0.3691960625937613,0.37626780099940665,-0.03274187957061962,-22.91748763396534,-0.14344389088935847,363.8370226530101,0.36820930839479726,-0.386657908305915,0.041264708089035214,1.4068603515625,1790364334.3452437,0.0,0.0
19.324284126500157,1.140890105761924,370.29942008278476,0.3693605216268545,0.3759388829348144,-0.03159066594367589,-22.911258529396466,-0.10080882149139195,363.8592169032173,0.36574242289434694,-0.3864934491508285,0.041264708089035214,1.4160540103912354,1790364334.3544374,0.0,0.0
19.3519583281753,1.0689947204778736,370.3596849543865,0.36985389872601854,0.37643226003167407,-0.03175512503315832,-22.879455828250556,-0.021590605907764675,363.9781871553186,0.36475566869294895,-0.386164530840757,0.042909298866008055,1.425915241241455,1790364334.3642986,0.0,0.0
19.382918741167796,0.9705971125531088,370.3932775772118,0.3688671445275171,0.37626780099940665,-0.03290633866029101,-22.832354091258967,0.10200036082727987,364.16748823261054,0.3660713409613248,-0.386657908305915,0.04159362624463435,1.4374361038208008,1790364334.3758194,0.0,0.0
19.410121981737774,0.8461358087883655,370.38464949243047,0.36820930839479726,0.37560996487014553,-0.03241296139135785,-22.805875835186747,0.22502882780621922,364.3607005948856,0.3701828167920315,-0.3884669590140987,0.04011349454363222,1.4462089538574219,1790364334.3845923,0.0,0.0
19.425851694995988,0.7071687572980399,370.32291936160317,0.3693605216268545,0.37560996487014553,-0.03290633866029101,-22.819852741002357,0.2812358020568907,364.5238738574301,0.36820930839479726,-0.38731574492659904,0.03978457638757239,1.4572985172271729,1790364334.3956819,0.0,0.0
19.423212875149147,0.5755564527974627,370.20052460316055,0.3691960625937613,0.3757744239024895,-0.032084043212204094,-22.851824013834495,0.2593307863277334,364.67320932399076,0.3627821602880616,-0.3856711533759033,0.041264708089035214,1.466836929321289,1790364334.4052203,0.0,0.0
19.400077024298767,0.4774239988735258,370.0214617164124,0.36837376742800615,0.37560996487014553,-0.03257742048097524,-22.866695207201744,0.21040721411650964,364.81530604882937,0.3672225541951386,-0.3871512857713773,0.04225146255552571,1.476222038269043,1790364334.4146054,0.0,0.0
19.358392370090122,0.43617125765243697,369.8059140877044,0.36837376742800615,0.37626780099940665,-0.03175512503315832,-22.858221493676627,0.17423635981768126,364.9226348277686,0.3685382264611957,-0.3883024998586401,0.04110024901119727,1.4859509468078613,1790364334.4243343,0.0,0.0
19.29948251345259,0.4653128809855083,369.58976691761325,0.3693605216268545,0.37626780099940665,-0.03274187957061962,-22.844597263710973,0.13586598915514694,364.9812784337168,0.3645912096593149,-0.386164530840757,0.040935789933333744,1.4958488941192627,1790364334.4342322,0.0,0.0
19.224755506755617,0.5604325414055584,369.4160723209486,0.36837376742800615,0.37643226003167407,-0.032084043212204094,-22.8319461509459,0.07045480025289257,365.00680351948796,0.3665647180616467,-0.3871512857713773,0.04192254440013117,1.5073859691619873,1790364334.4457693,0.0,0.0
19.1424664954016,0.6947978093762699,369.3144669870573,0.3685382264611957,0.3759388829348144,-0.032084043212204094,-22.801642187112822,0.002727417598837066,365.01455338512926,0.36804484936156906,-0.38813804070321534,0.04225146255552571,1.517054796218872,1790364334.4554381,0.0,0.0
19.067921557289296,0.8244442630212646,369.2870652271031,0.3691960625937613,0.37643226003167407,-0.03159066594367589,-22.736684095113773,-0.0007105832425071594,365.0212976135984,0.3687026854943661,-0.3887958773251175,0.03945565823141012,1.5266509056091309,1790364334.4650342,0.0,0.0
19.014224810864363,0.9044889672675164,369.3191120917228,0.3687026854943661,0.3767611780961515,-0.03241296139135785,-22.64866874014865,0.09761538168471044,365.06511683165985,0.36837376742800615,-0.3883024998586401,0.04044241269958962,1.5361552238464355,1790364334.4745386,0.0,0.0
18.986007034357968,0.9107759627120627,369.39649516080067,0.36820930839479726,0.37560996487014553,-0.03290633866029101,-22.56977935021346,0.25348940729294084,365.1855354408833,0.3645912096593149,-0.38813804070321534,0.04011349454363222,1.5459954738616943,1790364334.4843788,0.0,0.0
18.98132036370733,0.8526936115071942,369.50725935164905,0.3696894396929831,0.37709009616055245,-0.03290633866029101,-22.519047666021805,0.3773285923004295,365.37904801989305,0.36820930839479726,-0.3891247956362718,0.03879782191877813,1.5564825534820557,1790364334.494866,0.0,0.0
18.996352880938804,0.7644150570176562,369.6380451849831,0.36837376742800615,0.3759388829348144,-0.032084043212204094,-22.484478530414048,0.4161499916332579,365.6049737092545,0.37133403002247073,-0.3910983055060425,0.04192254440013117,1.565835952758789,1790364334.5042193,0.0,0.0
19.028908334195442,0.6820186722743694,369.7738290625602,0.36820930839479726,0.3757744239024895,-0.0330707977499894,-22.445378286310756,0.3860984721426417,365.8485551583561,0.3672225541951386,-0.38978263225898657,0.042744839788425804,1.576422929763794,1790364334.5148063,0.0,0.0
19.078574739922384,0.6301067941016113,369.8957430785866,0.3691960625937613,0.37659671906392234,-0.03274187957061962,-22.40413483883788,0.3352708935794374,366.1294321127402,0.3621243241524787,-0.38731574492659904,0.03830444468403504,1.585674524307251,1790364334.5240579,0.0,0.0
19.142213762707883,0.6233836297768305,369.9870895759351,0.3691960625937613,0.37560996487014553,-0.03224850230176747,-22.382226362971192,0.2923502340554283,366.4193727364601,0.36442675062566154,-0.3868223674610353,0.042580380710817996,1.595961093902588,1790364334.5343444,0.0,0.0
19.20864434052895,0.6686361053024199,370.0405603090119,0.36804484936156906,0.37511658777299867,-0.03274187957061962,-22.390800264352247,0.2570332325589101,366.61321358379155,0.3726497022846759,-0.38928925479189963,0.040935789933333744,1.6078791618347168,1790364334.5462625,0.0,0.0
19.261907355078804,0.7616343949452237,370.0456759913422,0.3665647180616467,0.3742942926107039,-0.0330707977499894,-22.418871139903477,0.2241933265603073,366.63136101673433,0.3701828167920315,-0.3891247956362718,0.04077133085544463,1.616541862487793,1790364334.5549252,0.0,0.0
19.292309245166578,0.8841891279746602,369.97562779628424,0.36903160356064885,0.37462321067567933,-0.03224850230176747,-22.45076420544552,0.19832534504947094,366.4989543653636,0.3591640615385095,-0.38583561253082077,0.04241592163318464,1.6270480155944824,1790364334.5654314,0.0,0.0
19.30005332893905,1.0072940410763715,369.8030197397145,0.36837376742800615,0.3744587516432012,-0.031919584122667696,-22.48610565425408,0.1884810124601889,366.2751163958202,0.3616309470505877,-0.38534223506616977,0.03813998560573607,1.6365711688995361,1790364334.5749545,0.0,0.0
19.287608785585235,1.1042548221249744,369.5262679410397,0.3670580951617946,0.37412983357818747,-0.03290633866029101,-22.532275363676735,0.19020862190574028,365.97335110160975,0.37116957098960857,-0.3889603364806777,0.03830444468403504,1.6471409797668457,1790364334.5855243,0.0,0.0
19.254781020949373,1.1648970873047548,369.1745170193931,0.3677159312950548,0.37478766970813826,-0.03224850230176747,-22.579728153022717,0.17341449380282492,365.614957852781,0.37034727582500915,-0.3894537139475614,0.04077133085544463,1.6566143035888672,1790364334.5949976,0.0,0.0
19.203430677428447,1.1949341075865663,368.7986884975667,0.36837376742800615,0.37511658777299867,-0.031919584122667696,-22.599556532417054,0.11056823882042865,365.29085287785995,0.36409783255829653,-0.38731574492659904,0.03994903546561511,1.6660304069519043,1790364334.6044137,0.0,0.0
19.143088729315444,1.2047187275096598,368.4643304346179,0.3693605216268545,0.3754455058377824,-0.03224850230176747,-22.57031130640828,0.015481494485705176,365.0995026665505,0.3645912096593149,-0.38813804070321534,0.03978457638757239,1.6765425205230713,1790364334.6149259,0.0,0.0
19.08819518102446,1.2034866508814643,368.23810314271947,0.36804484936156906,0.37528104680540014,-0.03241296139135785,-22.502146835737946,-0.07352932532302893,365.06652252764263,0.37034727582500915,-0.3904404688822435,0.040935789933333744,1.686647891998291,1790364334.6250312,0.0,0.0
19.049105827939037,1.1980483216766418,368.1631755182373,0.36820930839479726,0.37560996487014553,-0.032084043212204094,-22.431526935629325,-0.1432403926438794,365.17218049536694,0.3701828167920315,-0.3914272238181455,0.03945565823141012,1.696786880493164,1790364334.6351702,0.0,0.0
19.02738935254801,1.1896028414743247,368.2413343996128,0.3693605216268545,0.37626780099940665,-0.033235256839714816,-22.391643467095477,-0.21460132085226602,365.41140068528966,0.36508458676015904,-0.3889603364806777,0.03797552652741145,1.7066540718078613,1790364334.6450374,0.0,0.0
19.02156954078061,1.172993843099402,368.4415923591682,0.3696894396929831,0.37643226003167407,-0.03224850230176747,-22.389074462481286,-0.3044329720721406,365.77194987333155,0.365577963860829,-0.3884669590140987,0.04225146255552571,1.7170050144195557,1790364334.6553884,0.0,0.0
19.034624051461602,1.1402201496597413,368.7234926472231,0.3688671445275171,0.3757744239024895,-0.031919584122667696,-22.41010198010676,-0.394308129243028,366.1884790927929,0.36952498065992845,-0.3887958773251175,0.04192254440013117,1.726527214050293,1790364334.6649106,0.0,0.0
19.070731699541014,1.084404932965247,369.0448141428068,0.3668936361284313,0.37478766970813826,-0.03257742048097524,-22.44303552302541,-0.4442701869105135,366.569657559133,0.3691960625937613,-0.3887958773251175,0.04044241269958962,1.73563814163208,1790364334.6740215,0.0,0.0
19.12497390714242,1.0046254363407618,369.34884504868006,0.36672917709504865,0.373800915513097,-0.03241296139135785,-22.48644633566588,-0.42884755339342945,366.85288330704907,0.3665647180616467,-0.38863141816959124,0.04192254440013117,1.745919942855835,1790364334.6843033,0.0,0.0
19.17926685520805,0.9119252254817874,369.5590371889016,0.36820930839479726,0.37412983357818747,-0.03175512503315832,-22.540746306583465,-0.35489484345389444,367.0080771969589,0.3632755373895451,-0.3871512857713773,0.03830444468403504,1.7565016746520996,1790364334.694885,0.0,0.0
19.21089846841762,0.8283940533856061,369.6035488940233,0.3668936361284313,0.373636456480523,-0.03290633866029101,-22.598912968751037,-0.2560849020763277,367.01145912756533,0.365577963860829,-0.3871512857713773,0.03879782191877813,1.7670869827270508,1790364334.7054703,0.0,0.0
19.20807245691986,0.776671258977061,369.44809016655955,0.3654135048272917,0.3729786203500351,-0.03356417501924669,-22.646537226332306,-0.1714487711650987,366.8472677710472,0.36820930839479726,-0.38780912239246734,0.042580380710817996,1.7767128944396973,1790364334.7150962,0.0,0.0
19.17713057852641,0.7715893325019496,369.1047049346855,0.3664002590282254,0.37314307938268587,-0.03257742048097524,-22.673080316874117,-0.11651232894399646,366.53543842308034,0.36590688192784554,-0.38731574492659904,0.03994903546561511,1.7865605354309082,1790364334.7249439,0.0,0.0
19.13452872991396,0.8175389043314817,368.62539851260385,0.3672225541951386,0.373800915513097,-0.03274187957061962,-22.68078213411163,-0.0811278923733468,366.1336180933303,0.36343999642333413,-0.38698682661618933,0.03929119915329056,1.7969045639038086,1790364334.735288,0.0,0.0
19.095842294300347,0.9047818870449978,368.0949932284073,0.3672225541951386,0.373636456480523,-0.03274187957061962,-22.67815437809315,-0.06358551619760204,365.70969890762984,0.3672225541951386,-0.3887958773251175,0.03879782191877813,1.8066186904907227,1790364334.745002,0.0,0.0
19.072806142828444,1.008418929719961,367.6113832840505,0.3668936361284313,0.3742942926107039,-0.03159066594367589,-22.665015641816094,-0.08790150754162553,365.3390663757359,0.3693605216268545,-0.3896181731032571,0.03781106744906118,1.816009283065796,1790364334.7543926,0.0,0.0
19.073591594733564,1.0957952134002797,367.25849548359037,0.3677159312950548,0.3754455058377824,-0.03290633866029101,-22.627363610159613,-0.17607743818844127,365.11448639290745,0.36524904579373507,-0.38813804070321534,0.037317690213856475,1.8265178203582764,1790364334.7649012,0.0,0.0
19.100568537195812,1.139411267203016,367.0953577026529,0.3685382264611957,0.3759388829348144,-0.03290633866029101,-22.55333618554448,-0.3180392696125328,365.1029430006486,0.3645912096593149,-0.3883024998586401,0.03929119915329056,1.8356437683105469,1790364334.774027,0.0,0.0
19.147935802952162,1.1296096993051006,367.15374855064766,0.36837376742800615,0.37495212874057804,-0.03274187957061962,-22.454702563850265,-0.4768454784587229,365.2926824984694,0.3688671445275171,-0.39011155057054725,0.041429167166847566,1.8460266590118408,1790364334.78441,0.0,0.0
19.203296638030338,1.077236472303163,367.42093012895265,0.36672917709504865,0.373800915513097,-0.03241296139135785,-22.36506527777192,-0.6145269041469791,365.62207049934096,0.37001835775903463,-0.3904404688822435,0.03830444468403504,1.8555645942687988,1790364334.793948,0.0,0.0
19.255113854439582,1.0013254920605674,367.8214732508335,0.3675514722617687,0.37478766970813826,-0.03224850230176747,-22.315530186884562,-0.7100381514578178,366.0422976424409,0.36738701322846334,-0.38978263225898657,0.03929119915329056,1.866400957107544,1790364334.8047843,0.0,0.0
19.30020280160936,0.9146436805534419,368.2402121194802,0.3685382264611957,0.3757744239024895,-0.0330707977499894,-22.31756685207986,-0.7619915825519459,366.5115323716594,0.36376891449085413,-0.3883024998586401,0.041264708089035214,1.8754186630249023,1790364334.813802,0.0,0.0
19.341692446009922,0.8226679606802335,368.5824149969628,0.3668936361284313,0.37478766970813826,-0.03274187957061962,-22.362978190286682,-0.7748392212549476,366.9556900441419,0.3693605216268545,-0.39076938719407517,0.038962280996974574,1.8875889778137207,1790364334.8259723,0.0,0.0
19.379447529174982,0.7325288979658017,368.8067705305106,0.36574242289434694,0.37412983357818747,-0.03274187957061962,-22.428818470431832,-0.7446842368900795,367.2996360358161,0.37084065292382656,-0.3919206012865542,0.038468903762308375,1.8962650299072266,1790364334.8346484,0.0,0.0
19.4056536995045,0.656747122319633,368.9051601866129,0.3670580951617946,0.3739653745456519,-0.03257742048097524,-22.488906137104383,-0.6792686229904845,367.53378611121155,0.36524904579373507,-0.3891247956362718,0.03813998560573607,1.906768798828125,1790364334.8451521,0.0,0.0
19.410772212347126,0.6079382442281873,368.8786650708813,0.36738701322846334,0.3742942926107039,-0.03257742048097524,-22.526022869746036,-0.6251299271410193,367.6945826095671,0.36475566869294895,-0.38863141816959124,0.03698877205692505,1.91624116897583,1790364334.8546245,0.0,0.0
19.389957178087435,0.5949340822685372,368.74076281695636,0.3670580951617946,0.373800915513097,-0.03274187957061962,-22.527816726414216,-0.6381156938058843,367.7905325587146,0.3677159312950548,-0.38994709141475,0.038962280996974574,1.9268598556518555,1790364334.8652432,0.0,0.0
19.343823724371443,0.6256224506832285,368.5223364962259,0.365577963860829,0.3734719974479298,-0.0330707977499894,-22.48321493541403,-0.7216953884567765,367.80049530468,0.3696894396929831,-0.3910983055060425,0.04241592163318464,1.9364163875579834,1790364334.8747997,0.0,0.0
19.279726471183874,0.7060856863237511,368.2594316635454,0.365577963860829,0.3726497022846759,-0.03274187957061962,-22.398405057339872,-0.8138856628066201,367.73175218018895,0.3693605216268545,-0.3914272238181455,0.042744839788425804,1.9459474086761475,1790364334.8843307,0.0,0.0
19.211977490151448,0.8305053240562856,367.97771044069026,0.36524904579373507,0.3726497022846759,-0.03257742048097524,-22.306810258601484,-0.8397511776967008,367.63191273294694,0.36409783255829653,-0.3889603364806777,0.03797552652741145,1.956458568572998,1790364334.894842,0.0,0.0
19.15373773885866,0.975795241727437,367.6889419571677,0.36590688192784554,0.3726497022846759,-0.03257742048097524,-22.249113700182296,-0.7741725605348506,367.53630941296893,0.3668936361284313,-0.38994709141475,0.038633362840556074,1.9674181938171387,1790364334.9058015,0.0,0.0
19.109014235465555,1.1104625899379221,367.39916778394104,0.365577963860829,0.3726497022846759,-0.03257742048097524,-22.244018276341542,-0.6577274810160461,367.441058514907,0.3714984890553137,-0.3910983055060425,0.03813998560573607,1.9767429828643799,1790364334.9151263,0.0,0.0
19.0770864725405,1.207969613784306,367.1195979926275,0.36393337352458505,0.3724852432519675,-0.03274187957061962,-22.278771153436008,-0.5551743878178577,367.3485356314727,0.36952498065992845,-0.3910983055060425,0.04011349454363222,1.9864189624786377,1790364334.9248023,0.0,0.0
19.061416278882362,1.255749411357778,366.867678997389,0.36409783255829653,0.3724852432519675,-0.032084043212204094,-22.32285323109941,-0.49218535523620716,367.2967317549706,0.36492012772656374,-0.39027600972637844,0.042580380710817996,1.9959514141082764,1790364334.9343348,0.0,0.0
19.06763201814332,1.2592504629259518,366.6603023714119,0.3660713409613248,0.37330753841531744,-0.0330707977499894,-22.35459988567571,-0.43508633375067635,367.31598142518595,0.36672917709504865,-0.39076938719407517,0.040606871777529925,2.006485939025879,1790364334.9448693,0.0,0.0
19.09503208652927,1.237136673092947,366.5122058327569,0.36492012772656374,0.3724852432519675,-0.03274187957061962,-22.377402291605094,-0.3497372155180873,367.3973564211502,0.37084065292382656,-0.3915916829742478,0.03698877205692505,2.0166049003601074,1790364334.9549882,0.0,0.0
19.135599639435434,1.207907068275128,366.42954279219657,0.36508458676015904,0.37232078421924,-0.032084043212204094,-22.403020763652865,-0.2668407804827799,367.52700014654926,0.3696894396929831,-0.3920850604427582,0.038633362840556074,2.026125907897949,1790364334.9645092,0.0,0.0
19.179684421732112,1.1777230583648814,366.3976302885108,0.36524904579373507,0.37314307938268587,-0.03224850230176747,-22.424078942959827,-0.2509789911711055,367.7095579938364,0.3662357999947848,-0.38994709141475,0.03912674007514537,2.0366573333740234,1790364334.9750407,0.0,0.0
19.221081309002862,1.1380086186902956,366.39094265932704,0.3654135048272917,0.3729786203500351,-0.03224850230176747,-22.417697578176966,-0.31555208204266816,367.9322445297893,0.3693605216268545,-0.3910983055060425,0.03879782191877813,2.0460197925567627,1790364334.9844031,0.0,0.0
19.258401053216893,1.0745451939279522,366.3931031147061,0.36409783255829653,0.3716629480881374,-0.0330707977499894,-22.37704118432741,-0.4115438524730286,368.1493394554211,0.37232078421924,-0.39257843791157404,0.04044241269958962,2.056565999984741,1790364334.9949493,0.0,0.0
19.28986104736137,0.9799667566941827,366.3889200938411,0.36393337352458505,0.3710051119567272,-0.031919584122667696,-22.32831098662521,-0.49352104023036614,368.3253787541198,0.36788039032832154,-0.3914272238181455,0.039620117309504065,2.0656893253326416,1790364335.0040727,0.0,0.0
19.307385567533633,0.8606251292985131,366.34772740435295,0.36492012772656374,0.3716629480881374,-0.03241296139135785,-22.307606153747336,-0.5558819640098642,368.4532742335529,0.3670580951617946,-0.3904404688822435,0.04077133085544463,2.076094627380371,1790364335.014478,0.0,0.0
19.302486072569273,0.7374246334637141,366.23890472296534,0.36574242289434694,0.3721563251864931,-0.03290633866029101,-22.322796464387316,-0.6014187696137028,368.5272769598097,0.37067619389090667,-0.3914272238181455,0.03879782191877813,2.0867323875427246,1790364335.0251157,0.0,0.0
19.27810620547908,0.640758680094782,366.06197188561543,0.36376891449085413,0.37067619389090667,-0.0330707977499894,-22.34907087721821,-0.612649587122468,368.5476290477444,0.3716629480881374,-0.39274289706791377,0.03879782191877813,2.0959432125091553,1790364335.0343266,0.0,0.0
19.248114612761665,0.5998948262110845,365.8430968439805,0.36228878318640356,0.3701828167920315,-0.033893093198886656,-22.36376446919312,-0.5759556629260366,368.55258270670953,0.36952498065992845,-0.3924139787552682,0.04011349454363222,2.1055915355682373,1790364335.0439749,0.0,0.0
19.22520359767975,0.6313916913440826,365.6056519214235,0.36508458676015904,0.37133403002247073,-0.033235256839714816,-22.371323900989495,-0.5107459374709604,368.60112562103666,0.36738701322846334,-0.3910983055060425,0.039620117309504065,2.1167421340942383,1790364335.0551255,0.0,0.0
19.21217935953137,0.7315716742396062,365.36774750435495,0.36574242289434694,0.3716629480881374,-0.03224850230176747,-22.387366603896183,-0.45438884323901535,368.7148606141652,0.36952498065992845,-0.3914272238181455,0.03994903546561511,2.1260173320770264,1790364335.0644007,0.0,0.0
19.204035649713205,0.8748047193581766,365.16047997615374,0.36409783255829653,0.37133403002247073,-0.032084043212204094,-22.413372583617257,-0.43129476031094965,368.8654731154619,0.373800915513097,-0.39290735622428746,0.03994903546561511,2.136538505554199,1790364335.0749218,0.0,0.0
19.197434948090628,1.0166538374179634,365.01727437471624,0.36409783255829653,0.3716629480881374,-0.03257742048097524,-22.438790044046605,-0.44117418246815865,369.025308871173,0.3714984890553137,-0.3924139787552682,0.04110024901119727,2.1461262702941895,1790364335.0845096,0.0,0.0
19.195754603434924,1.1076669577019373,364.9519539903697,0.3654135048272917,0.37232078421924,-0.0330707977499894,-22.458138315136015,-0.4611178367558538,369.19339412694814,0.36738701322846334,-0.3909338463500419,0.038962280996974574,2.156615972518921,1790364335.0949993,0.0,0.0
19.202723007859483,1.119237736013146,364.96606835260314,0.36574242289434694,0.3721563251864931,-0.033399715929467236,-22.474755778531343,-0.46126329365480795,369.3539045267866,0.3665647180616467,-0.39076938719407517,0.03994903546561511,2.166065216064453,1790364335.1044486,0.0,0.0
19.21441596170779,1.0622045646050886,365.06173814675594,0.3645912096593149,0.3718274071209418,-0.03372863410905318,-22.492081440746976,-0.43565171638591843,369.45444393606704,0.37133403002247073,-0.3924139787552682,0.03879782191877813,2.1766016483306885,1790364335.114985,0.0,0.0
19.222733752838877,0.9822208888263798,365.22947400635155,0.3642622915919887,0.3714984890553137,-0.03290633866029101,-22.50839288131052,-0.4162763036292266,369.4611186580445,0.37034727582500915,-0.3924139787552682,0.0371532311354036,2.187131643295288,1790364335.125515,0.0,0.0
19.226420740068612,0.9354275699512313,365.4302822428234,0.3645912096593149,0.3716629480881374,-0.033235256839714816,-22.5171637860719,-0.44294954422395205,369.401766351965,0.36903160356064885,-0.3915916829742478,0.040606871777529925,2.1968281269073486,1790364335.1352115,0.0,0.0
19.233498082891934,0.9564064526978739,365.6073217981597,0.36672917709504865,0.3724852432519675,-0.03274187957061962,-22.5113579057578,-0.5141281699617191,369.32882332269423,0.36903160356064885,-0.3919206012865542,0.04225146255552571,2.2066664695739746,1790364335.1450498,0.0,0.0
19.252585699685643,1.0385023822123933,365.72201294285014,0.36376891449085413,0.3716629480881374,-0.03356417501924669,-22.49127530979379,-0.5756185875641847,369.2655350102933,0.3685382264611957,-0.3910983055060425,0.03912674007514537,2.216805934906006,1790364335.1551893,0.0,0.0
19.28353845006375,1.1440356437286414,365.7687473005535,0.36442675062566154,0.37084065292382656,-0.03257742048097524,-22.466622786020853,-0.5732181448766356,369.2023085540747,0.37034727582500915,-0.3915916829742478,0.03797552652741145,2.226377248764038,1790364335.1647606,0.0,0.0
19.3135735123671,1.2336932563414251,365.75667647874934,0.3642622915919887,0.37084065292382656,-0.03241296139135785,-22.449565264946234,-0.5161769288007705,369.1323719556449,0.37067619389090667,-0.39224951959899623,0.038962280996974574,2.2369775772094727,1790364335.175361,0.0,0.0
19.3245453566731,1.2851131470815256,365.6929227041086,0.3642622915919887,0.37084065292382656,-0.03257742048097524,-22.445652882987446,-0.4663513384528469,369.077139137044,0.3687026854943661,-0.3910983055060425,0.038468903762308375,2.2468338012695312,1790364335.1852171,0.0,0.0
19.308381168063626,1.2917837574713487,365.58194207956035,0.36492012772656374,0.3710051119567272,-0.03241296139135785,-22.449227357198108,-0.46362327672320514,369.06357018607605,0.3677159312950548,-0.3904404688822435,0.03879782191877813,2.256362199783325,1790364335.1947455,0.0,0.0
19.27067271931481,1.2585741059821032,365.43221103025576,0.3645912096593149,0.3710051119567272,-0.03257742048097524,-22.452466121438405,-0.48995444966278423,369.08964003449177,0.3728141613173651,-0.3932362745371367,0.043731594253536094,2.2671849727630615,1790364335.2055683,0.0,0.0
19.21871680970964,1.2006880616382702,365.26061649914425,0.36376891449085413,0.37116957098960857,-0.03241296139135785,-22.46227025162123,-0.5040918405740759,369.1430281818605,0.3729786203500351,-0.3932362745371367,0.04225146255552571,2.2764976024627686,1790364335.214881,0.0,0.0
19.155292635229657,1.1389368094538164,365.09012088852717,0.365577963860829,0.3718274071209418,-0.03257742048097524,-22.49627617222543,-0.482068723359992,369.235525461832,0.36788039032832154,-0.3910983055060425,0.037646608370685265,2.285616874694824,1790364335.2240002,0.0,0.0
19.084294480486726,1.0926628530576965,364.9485249861337,0.3654135048272917,0.3714984890553137,-0.03241296139135785,-22.558734449322053,-0.4285457242382058,369.3779248531988,0.3672225541951386,-0.3914272238181455,0.03994903546561511,2.2960567474365234,1790364335.23444,0.0,0.0
19.01497973437381,1.076346333932126,364.8644643200266,0.36492012772656374,0.37133403002247073,-0.03241296139135785,-22.635321768720775,-0.37148282863547244,369.5406364700792,0.37116957098960857,-0.3924139787552682,0.03945565823141012,2.3070502281188965,1790364335.2454336,0.0,0.0
18.95866878220601,1.0974149863760543,364.8491219910736,0.36409783255829653,0.37067619389090667,-0.03224850230176747,-22.708869276055047,-0.34327450880720606,369.67695072815013,0.37232078421924,-0.3930718153806951,0.038468903762308375,2.3158671855926514,1790364335.2542505,0.0,0.0
18.921456148589236,1.1526838196502558,364.88491590594083,0.3654135048272917,0.3718274071209418,-0.03257742048097524,-22.766515218357583,-0.35815627520642024,369.76899898125004,0.36903160356064885,-0.3920850604427582,0.04077133085544463,2.3264009952545166,1790364335.2647843,0.0,0.0
18.899989792214562,1.2289562453126985,364.9436527923955,0.36475566869294895,0.37116957098960857,-0.031919584122667696,-22.80236631793177,-0.40931985313977426,369.82587549516063,0.3705117348579675,-0.39274289706791377,0.04307375794356475,2.337477207183838,1790364335.2758605,0.0,0.0
18.884883843871435,1.3108375709102944,365.00869161821345,0.36376891449085413,0.3705117348579675,-0.031919584122667696,-22.82227137062102,-0.4815660816935699,369.85785462148965,0.3718274071209418,-0.39274289706791377,0.040606871777529925,2.3461530208587646,1790364335.2845364,0.0,0.0
18.868426354194966,1.3857085408641638,365.0700548910621,0.36409783255829653,0.3710051119567272,-0.031426206854220484,-22.834523727046182,-0.5551639920539233,369.87401365323933,0.37034727582500915,-0.3920850604427582,0.03879782191877813,2.3566882610321045,1790364335.2950716,0.0,0.0
18.849713715168022,1.4381519257389084,365.1103664971283,0.3642622915919887,0.37116957098960857,-0.032084043212204094,-22.836873163756678,-0.60228596152117,369.8798392403661,0.3677159312950548,-0.3910983055060425,0.041429167166847566,2.366194248199463,1790364335.3045776,0.0,0.0
18.833015478612595,1.4460096717094995,365.1124564009915,0.36508458676015904,0.3721563251864931,-0.03290633866029101,-22.824133263651948,-0.5980962441548507,369.85771404117565,0.3691960625937613,-0.3909338463500419,0.03978457638757239,2.3767192363739014,1790364335.3151026,0.0,0.0
18.821872137722963,1.3910290514649657,365.08060552107963,0.36508458676015904,0.3719918661537271,-0.03224850230176747,-22.800354353053475,-0.5461764985934978,369.7732366869977,0.37034727582500915,-0.3910983055060425,0.03682431297842085,2.38625431060791,1790364335.3246377,0.0,0.0
18.81636713169448,1.2764651231460358,365.04500438108045,0.3632755373895451,0.3716629480881374,-0.0330707977499894,-22.772914579064203,-0.48895268883524706,369.6156894367887,0.3701828167920315,-0.391756142130384,0.03912674007514537,2.3968191146850586,1790364335.3352025,0.0,0.0
18.816296044993287,1.1338261800941212,365.0397295091532,0.36492012772656374,0.3714984890553137,-0.03290633866029101,-22.74430141573099,-0.48102482656669465,369.41838804953255,0.36952498065992845,-0.3915916829742478,0.04159362624463435,2.4064033031463623,1790364335.3447866,0.0,0.0
18.823422718215973,1.010223245716191,365.0801488125236,0.36590688192784554,0.3718274071209418,-0.03290633866029101,-22.71464745376786,-0.5418935258646956,369.2309495808301,0.36788039032832154,-0.3906049280381424,0.040606871777529925,2.4165618419647217,1790364335.3549452,0.0,0.0
18.838587951716626,0.945492026862635,365.16146225587437,0.36475566869294895,0.37133403002247073,-0.03356417501924669,-22.683888277768407,-0.6310652341345814,369.0832940157079,0.3729786203500351,-0.39290735622428746,0.042909298866008055,2.425915241241455,1790364335.3642986,0.0,0.0
18.859975517646237,0.9559041663355592,365.26431585463536,0.36343999642333413,0.37084065292382656,-0.03241296139135785,-22.653010196762935,-0.6712377209617331,368.9956490840814,0.3734719974479298,-0.39389411116324247,0.042744839788425804,2.4355356693267822,1790364335.373919,0.0,0.0
18.885202756157668,1.03324565615581,365.3592419132384,0.36442675062566154,0.3718274071209418,-0.0330707977499894,-22.628608731479606,-0.6081164112623956,369.0074377188569,0.36837376742800615,-0.391756142130384,0.03830444468403504,2.4465842247009277,1790364335.3849676,0.0,0.0
18.9128566649798,1.1562351716603152,365.420043702837,0.36343999642333413,0.37084065292382656,-0.03257742048097524,-22.619608669432132,-0.4603200459571081,369.142753408221,0.36442675062566154,-0.39027600972637844,0.037482149292283704,2.4559528827667236,1790364335.3943362,0.0,0.0
18.941539246716815,1.3001175459414007,365.4336829949325,0.36376891449085413,0.37067619389090667,-0.031426206854220484,-22.62499556654155,-0.3081321949121985,369.3503830050328,0.3726497022846759,-0.3932362745371367,0.037646608370685265,2.466484546661377,1790364335.404868,0.0,0.0
18.967203970388738,1.4346062895879397,365.3951090294904,0.36475566869294895,0.3714984890553137,-0.032084043212204094,-22.63113986784867,-0.23432107858392143,369.5435256338749,0.3754455058377824,-0.39438748863317835,0.03830444468403504,2.477614164352417,1790364335.4159975,0.0,0.0
18.982162019894247,1.5227252518550733,365.30648500855364,0.3645912096593149,0.3714984890553137,-0.03175512503315832,-22.624589139945027,-0.27736330892065614,369.69545290604435,0.3688671445275171,-0.3920850604427582,0.03994903546561511,2.4874536991119385,1790364335.425837,0.0,0.0
18.978665417020316,1.531828653290397,365.1877734796765,0.3654135048272917,0.3726497022846759,-0.03126174776479204,-22.605153723339868,-0.4167980800004834,369.8313302897904,0.36738701322846334,-0.3910983055060425,0.04422497148574647,2.4959073066711426,1790364335.4342906,0.0,0.0
18.95442697902959,1.4462847800944603,365.0803095752542,0.36475566869294895,0.37232078421924,-0.030932829586016092,-22.58633883952621,-0.5766239265122581,369.94648158250516,0.3719918661537271,-0.3932362745371367,0.045047266872253286,2.506070852279663,1790364335.4444542,0.0,0.0
18.91468110276152,1.2742772564539093,365.0329676032286,0.36393337352458505,0.37232078421924,-0.03257742048097524,-22.583712196835695,-0.6523531253219063,370.0070217408833,0.3726497022846759,-0.3935651928501217,0.04110024901119727,2.5166923999786377,1790364335.4550757,0.0,0.0
18.869034134820595,1.0519538806094015,365.0778141936769,0.36508458676015904,0.3721563251864931,-0.03274187957061962,-22.603390546046445,-0.5745712338587294,370.0161004176846,0.37001835775903463,-0.3924139787552682,0.0371532311354036,2.5262060165405273,1790364335.4645894,0.0,0.0
18.826079444341516,0.8393240350986917,365.21341664474096,0.365577963860829,0.37232078421924,-0.03241296139135785,-22.64062019132864,-0.3723665483490546,370.01799343283955,0.3675514722617687,-0.3910983055060425,0.03600201758551472,2.5362443923950195,1790364335.4746277,0.0,0.0
18.79064807279673,0.7009340193765594,365.40788080649804,0.36442675062566154,0.3719918661537271,-0.0330707977499894,-22.682788310084767,-0.16420923609101373,370.03797398606685,0.3688671445275171,-0.3906049280381424,0.036166476664147296,2.5474131107330322,1790364335.4857965,0.0,0.0
18.766881097574103,0.6819340650199256,365.6129864386294,0.3636044554571038,0.3714984890553137,-0.03372863410905318,-22.710172774589648,-0.07087113232006735,370.0492630327624,0.37067619389090667,-0.3910983055060425,0.040935789933333744,2.5556890964508057,1790364335.4940724,0.0,0.0
18.761228974131242,0.7931114210329238,365.7772846625622,0.36475566869294895,0.3716629480881374,-0.031919584122667696,-22.702140573122314,-0.12636561784299574,370.0020410462031,0.37067619389090667,-0.3914272238181455,0.04619848041229148,2.5662176609039307,1790364335.504601,0.0,0.0
18.7779968853398,1.0063791268773812,365.8590666561271,0.3642622915919887,0.3710051119567272,-0.03290633866029101,-22.655186796082692,-0.2518297340023982,369.8704297352623,0.3685382264611957,-0.39076938719407517,0.046527398566358666,2.5758259296417236,1790364335.5142093,0.0,0.0
18.813528911318304,1.2627630728275432,365.8368822854068,0.3642622915919887,0.37067619389090667,-0.03175512503315832,-22.59469298253587,-0.3086370289904198,369.66164845792287,0.3670580951617946,-0.38994709141475,0.039620117309504065,2.5863168239593506,1790364335.5247002,0.0,0.0
18.85671855193852,1.4932695371055402,365.7098069528797,0.36393337352458505,0.37034727582500915,-0.03224850230176747,-22.556196704637692,-0.20569707047287034,369.3873879283129,0.36738701322846334,-0.3891247956362718,0.03567309942817249,2.5977847576141357,1790364335.536168,0.0,0.0
18.893398579064815,1.6424469258615177,365.49707105695325,0.3654135048272917,0.3719918661537271,-0.032084043212204094,-22.551199911143105,0.017825963700920572,369.04851287257634,0.36903160356064885,-0.39011155057054725,0.035344181270727505,2.6063241958618164,1790364335.5447075,0.0,0.0
18.911918243849726,1.6836604517175406,365.248365311556,0.36574242289434694,0.3724852432519675,-0.03290633866029101,-22.55689973429764,0.21952784758064178,368.6565339845163,0.36788039032832154,-0.38994709141475,0.03682431297842085,2.6152212619781494,1790364335.5536046,0.0,0.0
18.90984911804433,1.6211214595668995,365.044883443837,0.36475566869294895,0.37232078421924,-0.03290633866029101,-22.540090276439614,0.2703577506595019,368.2559343063593,0.3685382264611957,-0.39126276466207704,0.04225146255552571,2.6267001628875732,1790364335.5650835,0.0,0.0
18.897664738201595,1.4798381285419537,364.9668440182912,0.36508458676015904,0.3724852432519675,-0.032084043212204094,-22.492679328484872,0.14236608422495592,367.92094668168977,0.36952498065992845,-0.3924139787552682,0.043238217021095905,2.6365792751312256,1790364335.5749626,0.0,0.0
18.892411257779926,1.2916199787242721,365.05032264585753,0.36524904579373507,0.3726497022846759,-0.03175512503315832,-22.444777223791593,-0.10033468094376297,367.73651911324566,0.37001835775903463,-0.3920850604427582,0.04159362624463435,2.646073341369629,1790364335.5844567,0.0,0.0
18.90393136476493,1.087957851645319,365.27868849678276,0.3668936361284313,0.37330753841531744,-0.03257742048097524,-22.43546359640677,-0.3589084797943179,367.76247852508413,0.3685382264611957,-0.39076938719407517,0.039620117309504065,2.6556286811828613,1790364335.594012,0.0,0.0
18.929417925913786,0.8988076928621169,365.6076956794008,0.3660713409613248,0.3726497022846759,-0.0330707977499894,-22.469105205045032,-0.542931248139916,367.99258450856803,0.3710051119567272,-0.39126276466207704,0.0363309357427542,2.665738821029663,1790364335.6041222,0.0,0.0
18.962697355814253,0.7488875575531305,365.9857555759759,0.3662357999947848,0.3729786203500351,-0.0330707977499894,-22.510201467693843,-0.607452969033833,368.35608824704065,0.3718274071209418,-0.39126276466207704,0.036495394821335424,2.675781488418579,1790364335.6141648,0.0,0.0
19.002112822757418,0.6551939560114473,366.3598631954079,0.3662357999947848,0.3724852432519675,-0.03224850230176747,-22.52215246512439,-0.5849509120243681,368.7635710435375,0.37034727582500915,-0.3919206012865542,0.03912674007514537,2.686492443084717,1790364335.6248758,0.0,0.0
19.045908932808082,0.6279841219730861,366.6826672189327,0.365577963860829,0.3724852432519675,-0.033235256839714816,-22.499586492299276,-0.5536861072751655,369.13858156107443,0.3668936361284313,-0.3910983055060425,0.043731594253536094,2.696897029876709,1790364335.6352804,0.0,0.0
19.087106588720815,0.6672134369411876,366.91868773085963,0.3664002590282254,0.3724852432519675,-0.0330707977499894,-22.46326191876995,-0.5512883352905147,369.41123262422417,0.3660713409613248,-0.39011155057054725,0.04044241269958962,2.706491231918335,1790364335.6448746,0.0,0.0
19.11750282795841,0.7586461953726495,367.05035780056824,0.3668936361284313,0.3728141613173651,-0.03372863410905318,-22.436799656982796,-0.5443034180160603,369.51459500200684,0.3705117348579675,-0.3909338463500419,0.04011349454363222,2.7171390056610107,1790364335.6555223,0.0,0.0
19.134283028136352,0.8805960488078763,367.0892284227792,0.3665647180616467,0.3729786203500351,-0.034057552288747184,-22.431013377426996,-0.48966409822428536,369.42305511900105,0.37330753841531744,-0.39126276466207704,0.038468903762308375,2.726161003112793,1790364335.6645443,0.0,0.0
19.14222109880191,1.0154709620776368,367.0721491379325,0.365577963860829,0.3728141613173651,-0.03274187957061962,-22.441519614090723,-0.39430412464560716,369.1853662240237,0.3662357999947848,-0.3887958773251175,0.036166476664147296,2.7367045879364014,1790364335.675088,0.0,0.0
19.14926695661331,1.1516859550914302,367.0348785549921,0.3664002590282254,0.3728141613173651,-0.03274187957061962,-22.454640419871172,-0.30562312854893947,368.8760293731628,0.36590688192784554,-0.38863141816959124,0.039620117309504065,2.747390031814575,1790364335.6857734,0.0,0.0
19.158784126506795,1.275019169935861,366.99551152765713,0.36788039032832154,0.3734719974479298,-0.033235256839714816,-22.457986093431206,-0.26525278051080686,368.5243716707802,0.36837376742800615,-0.39011155057054725,0.041264708089035214,2.7567782402038574,1790364335.6951616,0.0,0.0
19.167602297999185,1.3625429896525423,366.964336324676,0.3660713409613248,0.37330753841531744,-0.03356417501924669,-22.4491393640774,-0.27803280628718086,368.13525433164705,0.37133403002247073,-0.3915916829742478,0.04077133085544463,2.7669975757598877,1790364335.705381,0.0,0.0
19.171846171385283,1.3884946025436198,366.95650906085336,0.36672917709504865,0.373800915513097,-0.03274187957061962,-22.433934444743873,-0.3135213035674025,367.7554381789799,0.3665647180616467,-0.3904404688822435,0.039620117309504065,2.776430606842041,1790364335.714814,0.0,0.0
19.17131968658076,1.3384154974065179,366.99119193939237,0.36672917709504865,0.3739653745456519,-0.03175512503315832,-22.41866748638281,-0.334631185598542,367.4643212797019,0.36590688192784554,-0.3894537139475614,0.0371532311354036,2.786139726638794,1790364335.724523,0.0,0.0
19.167224947918406,1.220667012515788,367.0839715565851,0.36738701322846334,0.373636456480523,-0.032084043212204094,-22.404549115858906,-0.33155664039606586,367.3105377982356,0.3714984890553137,-0.39076938719407517,0.03698877205692505,2.795964479446411,1790364335.7343478,0.0,0.0
19.159127965615482,1.0678404898947067,367.23490823912556,0.3664002590282254,0.3724852432519675,-0.033893093198886656,-22.384326571135343,-0.3266339933708263,367.30030975408425,0.3710051119567272,-0.3909338463500419,0.03879782191877813,2.806323528289795,1790364335.7447069,0.0,0.0
19.14665464364408,0.9282157266994393,367.41316847871235,0.36492012772656374,0.37232078421924,-0.033399715929467236,-22.345601235038774,-0.3404159445606757,367.42507438378783,0.36837376742800615,-0.3906049280381424,0.043238217021095905,2.817549228668213,1790364335.7559326,0.0,0.0
19.133618834027136,0.8487520077672488,367.55751033725255,0.3662357999947848,0.37330753841531744,-0.03372863410905318,-22.28794815947809,-0.3602413122249187,367.6533371290691,0.36738701322846334,-0.39011155057054725,0.04340267609860151,2.8268537521362305,1790364335.765237,0.0,0.0
19.129149020152088,0.8541855823475256,367.60872558217517,0.36672917709504865,0.37330753841531744,-0.03224850230176747,-22.23582693432714,-0.35312347527778726,367.91336826399873,0.36672917709504865,-0.38978263225898657,0.03879782191877813,2.8368523120880127,1790364335.7752357,0.0,0.0
19.14151665235088,0.9363466497974318,367.54926049605393,0.365577963860829,0.37314307938268587,-0.03290633866029101,-22.22098536853831,-0.30547375577040303,368.11881080499853,0.3675514722617687,-0.3894537139475614,0.0363309357427542,2.846522569656372,1790364335.784906,0.0,0.0
19.170064848511444,1.0620630959791926,367.4091234030954,0.36442675062566154,0.3729786203500351,-0.03356417501924669,-22.250061024980766,-0.240138585184932,368.2152134527677,0.3710051119567272,-0.3910983055060425,0.03830444468403504,2.857592821121216,1790364335.7959762,0.0,0.0
19.207358746185907,1.1873721903386238,367.2396822546416,0.36672917709504865,0.3734719974479298,-0.03159066594367589,-22.29664654494877,-0.19020881431297965,368.205356525085,0.36788039032832154,-0.38978263225898657,0.04241592163318464,2.8664283752441406,1790364335.8048117,0.0,0.0
19.24721409031039,1.2653122841197975,367.08937232150055,0.3662357999947848,0.37330753841531744,-0.03159066594367589,-22.325968517410285,-0.15881978724421264,368.12673788371796,0.3660713409613248,-0.3889603364806777,0.04159362624463435,2.87593674659729,1790364335.81432,0.0,0.0
19.28512391108596,1.2542207698133594,366.9935901381792,0.3664002590282254,0.373636456480523,-0.03224850230176747,-22.32728428773817,-0.11871038505939845,368.0003909524648,0.36738701322846334,-0.38994709141475,0.04175808532239554,2.886652946472168,1790364335.8250363,0.0,0.0
19.314954226818283,1.1348559707882113,366.9685092589265,0.3660713409613248,0.373636456480523,-0.03274187957061962,-22.323370948783708,-0.05618860423946339,367.8238702121642,0.37034727582500915,-0.39126276466207704,0.04175808532239554,2.895866870880127,1790364335.8342502,0.0,0.0
19.330257826587435,0.9257327378549315,367.0072685069367,0.3654135048272917,0.37314307938268587,-0.03241296139135785,-22.343591182420003,0.0077832622664093095,367.61745663646786,0.3685382264611957,-0.38978263225898657,0.036659853899890966,2.906589984893799,1790364335.8449733,0.0,0.0
19.32657344609111,0.6795760112374688,367.08445975696026,0.3654135048272917,0.37330753841531744,-0.03241296139135785,-22.387729035954177,0.04507618359738991,367.4359114098306,0.36574242289434694,-0.3889603364806777,0.03600201758551472,2.916553020477295,1790364335.8549364,0.0,0.0
19.30332585171893,0.46100672112294466,367.17019431740914,0.36590688192784554,0.373636456480523,-0.033399715929467236,-22.42952361506167,0.03791345784620536,367.318003876024,0.3688671445275171,-0.3904404688822435,0.04159362624463435,2.925933599472046,1790364335.864317,0.0,0.0
19.267639921779914,0.3218927955347246,367.2444122663495,0.36508458676015904,0.3729786203500351,-0.03257742048097524,-22.45428548594828,-0.031229440320082423,367.2622662771747,0.3716629480881374,-0.3919206012865542,0.040606871777529925,2.9366447925567627,1790364335.8750281,0.0,0.0
19.23358799677678,0.2858864677491223,367.2972388914591,0.3654135048272917,0.37314307938268587,-0.03241296139135785,-22.47113280677936,-0.17283759445372615,367.26807554331526,0.3687026854943661,-0.39076938719407517,0.04044241269958962,2.946021556854248,1790364335.884405,0.0,0.0
19.213123245262906,0.3441477485653191,367.3229060242213,0.3670580951617946,0.37412983357818747,-0.03241296139135785,-22.48898779613619,-0.36494537681964234,367.35473742567814,0.3654135048272917,-0.3894537139475614,0.04208700347784122,2.9578757286071777,1790364335.896259,0.0,0.0
19.208231664384982,0.4614952154783042,367.3249738313828,0.36590688192784554,0.3739653745456519,-0.031919584122667696,-22.503267765915556,-0.5509176602214125,367.5155598722672,0.36590688192784554,-0.3894537139475614,0.03929119915329056,2.966902732849121,1790364335.905286,0.0,0.0
19.21226295156378,0.5896795514196073,367.31880874513087,0.3645912096593149,0.3728141613173651,-0.03159066594367589,-22.50706602699132,-0.6750303708805953,367.69469004122175,0.3705117348579675,-0.3914272238181455,0.0363309357427542,2.976449966430664,1790364335.9148333,0.0,0.0
19.21687566254499,0.6850445889969278,367.3168623171707,0.36672917709504865,0.3739653745456519,-0.031426206854220484,-22.49952358041282,-0.7250394480446083,367.8403786747875,0.36952498065992845,-0.39011155057054725,0.037317690213856475,2.985748767852783,1790364335.924132,0.0,0.0
19.217018429329592,0.7253955221970806,367.32100286791893,0.3664002590282254,0.3739653745456519,-0.03290633866029101,-22.483092133834308,-0.7371747227271702,367.9486485030874,0.36442675062566154,-0.38978263225898657,0.04241592163318464,2.9974873065948486,1790364335.9358706,0.0,0.0
19.211311587383097,0.7155314582504668,367.3314738855658,0.36574242289434694,0.3739653745456519,-0.03257742048097524,-22.46147891686937,-0.7514633342353984,368.02395478738674,0.365577963860829,-0.3884669590140987,0.039620117309504065,3.0071699619293213,1790364335.9455533,0.0,0.0
19.201678785007566,0.6767052530707125,367.3481644486614,0.3645912096593149,0.3726497022846759,-0.032084043212204094,-22.43880827009504,-0.7647552075531465,368.03808781442126,0.37232078421924,-0.3909338463500419,0.04192254440013117,3.0157594680786133,1790364335.9541428,0.0,0.0
19.194761188652677,0.6302038002185112,367.3605858422358,0.36376891449085413,0.3726497022846759,-0.032084043212204094,-22.42106117318652,-0.7402248911613479,367.97437146558,0.3719918661537271,-0.3924139787552682,0.04340267609860151,3.0263445377349854,1790364335.9647279,0.0,0.0
19.199751691610743,0.5897871269900421,367.3494828938774,0.3660713409613248,0.37330753841531744,-0.03257742048097524,-22.420746103860452,-0.6582352509112355,367.87462645390855,0.3629466193219088,-0.3887958773251175,0.036166476664147296,3.036036252975464,1790364335.9744196,0.0,0.0
19.21972797689424,0.562048040238532,367.30499326680894,0.3654135048272917,0.3729786203500351,-0.03257742048097524,-22.44688885823978,-0.5478605550602136,367.7883049705594,0.36409783255829653,-0.38863141816959124,0.03567309942817249,3.045912027359009,1790364335.9842954,0.0,0.0
19.246348281385362,0.5467817110125387,367.2348340537346,0.36508458676015904,0.37314307938268587,-0.0330707977499894,-22.486040401363944,-0.47354681177891883,367.7108636304929,0.3724852432519675,-0.39126276466207704,0.040935789933333744,3.0573570728302,1790364335.9957404,0.0,0.0
19.266639523359675,0.5391338425926651,367.15205155070805,0.36508458676015904,0.37314307938268587,-0.03257742048097524,-22.509171906055517,-0.48686629534935033,367.62782451662645,0.3726497022846759,-0.3914272238181455,0.041264708089035214,3.06616473197937,1790364336.004548,0.0,0.0
19.273866844072987,0.5342565418476445,367.0678802721103,0.36574242289434694,0.37330753841531744,-0.032084043212204094,-22.499642709079826,-0.579803014903229,367.5759882093605,0.36508458676015904,-0.3887958773251175,0.04011349454363222,3.0767314434051514,1790364336.0151148,0.0,0.0
19.26979532011618,0.5308007766161353,366.99999441287173,0.3660713409613248,0.373800915513097,-0.031097288675390578,-22.467821138517934,-0.6882591032986568,367.6004214184407,0.3665647180616467,-0.39011155057054725,0.04208700347784122,3.086611032485962,1790364336.0249944,0.0,0.0
19.258444611651342,0.5322762094909047,366.97599629270485,0.3664002590282254,0.3739653745456519,-0.03224850230176747,-22.442231836533097,-0.7481057793586158,367.69231807366185,0.3714984890553137,-0.3909338463500419,0.038962280996974574,3.095799684524536,1790364336.034183,0.0,0.0
19.240841862486633,0.5455621379923936,367.01898237854465,0.3660713409613248,0.3729786203500351,-0.031919584122667696,-22.443245882940545,-0.7415314621193416,367.8148658567824,0.36985389872601854,-0.3896181731032571,0.037482149292283704,3.1066207885742188,1790364336.0450041,0.0,0.0
19.216344381531172,0.5757503217309644,367.12831682237106,0.3677159312950548,0.3739653745456519,-0.0330707977499894,-22.46011901866903,-0.685928518135803,367.9440368974047,0.36590688192784554,-0.38928925479189963,0.039620117309504065,3.1160051822662354,1790364336.0543885,0.0,0.0
19.186370039439147,0.6221077126986206,367.278212209562,0.36738701322846334,0.3729786203500351,-0.03274187957061962,-22.465037730957583,-0.603023804329382,368.05598150914636,0.36804484936156906,-0.38928925479189963,0.04044241269958962,3.1254782676696777,1790364336.0638616,0.0,0.0
19.155120283129566,0.6817491335093211,367.4305828426752,0.3654135048272917,0.3724852432519675,-0.033399715929467236,-22.45003562649914,-0.5196890215438144,368.1225822076642,0.36903160356064885,-0.39011155057054725,0.03797552652741145,3.1368327140808105,1790364336.075216,0.0,0.0
19.127933637008226,0.7554374529643705,367.5402649378324,0.36492012772656374,0.3724852432519675,-0.03241296139135785,-22.433100509815457,-0.4730783994297447,368.1382569312158,0.3687026854943661,-0.3904404688822435,0.04159362624463435,3.1475484371185303,1790364336.0859318,0.0,0.0
19.108746045532612,0.844324730582044,367.56250828248335,0.3665647180616467,0.3734719974479298,-0.03274187957061962,-22.431672585900948,-0.4802828264430199,368.1179579451789,0.3668936361284313,-0.3887958773251175,0.04159362624463435,3.1559009552001953,1790364336.0942843,0.0,0.0
19.098369499492772,0.9408757679796634,367.4828430018308,0.3675514722617687,0.37412983357818747,-0.0330707977499894,-22.44612919240534,-0.5127536598776781,368.0612735084154,0.3670580951617946,-0.3884669590140987,0.038962280996974574,3.166762113571167,1790364336.1051455,0.0,0.0
19.097210054821986,1.027006948906041,367.3354715987242,0.36590688192784554,0.3729786203500351,-0.033235256839714816,-22.46677600197003,-0.5280619448235676,367.94661029980784,0.37001835775903463,-0.38978263225898657,0.037646608370685265,3.176318883895874,1790364336.1147022,0.0,0.0
19.107961225626923,1.0829284760974935,367.17481535115957,0.3660713409613248,0.373800915513097,-0.03175512503315832,-22.488537147110684,-0.5214000596361672,367.77291488988817,0.3685382264611957,-0.39011155057054725,0.04175808532239554,3.1857573986053467,1790364336.1241407,0.0,0.0
19.130377916319503,1.0976132848707758,367.0419661701519,0.36738701322846334,0.3742942926107039,-0.03274187957061962,-22.51704965919484,-0.5241845531699367,367.5807685727895,0.36672917709504865,-0.38928925479189963,0.040606871777529925,3.196786880493164,1790364336.1351702,0.0,0.0
19.156615732393984,1.073441249197301,366.96650591137296,0.36590688192784554,0.373800915513097,-0.033235256839714816,-22.557681880607213,-0.5585365942650388,367.4129369316896,0.3672225541951386,-0.3883024998586401,0.03830444468403504,3.2063403129577637,1790364336.1447237,0.0,0.0
19.17874963769071,1.0254470616362001,366.96950844941523,0.36524904579373507,0.37330753841531744,-0.033235256839714816,-22.60306221488844,-0.6138462453877663,367.2779534866555,0.3705117348579675,-0.3904404688822435,0.043238217021095905,3.215576648712158,1790364336.15396,0.0,0.0
19.1990825912823,0.976127572398413,367.0474294875495,0.3660713409613248,0.37330753841531744,-0.03290633866029101,-22.642271943580717,-0.6572619549034866,367.1712609584424,0.3685382264611957,-0.39011155057054725,0.042744839788425804,3.225982189178467,1790364336.1643655,0.0,0.0
19.228060398269893,0.9458959263170618,367.1738133159163,0.36837376742800615,0.37478766970813826,-0.03257742048097524,-22.674746127837643,-0.6483429876964276,367.1087162139679,0.36738701322846334,-0.39011155057054725,0.038633362840556074,3.2367990016937256,1790364336.1751823,0.0,0.0
19.27117445024036,0.9440269575217813,367.3247787298915,0.3672225541951386,0.373800915513097,-0.03274187957061962,-22.70288552305895,-0.5672765519232581,367.1195517044249,0.3672225541951386,-0.3904404688822435,0.038468903762308375,3.246267557144165,1790364336.184651,0.0,0.0
19.319321714471386,0.9684187970835356,367.49104321304713,0.36804484936156906,0.37478766970813826,-0.03274187957061962,-22.720480664312454,-0.4546912324367895,367.21622919271914,0.36804484936156906,-0.38994709141475,0.03781106744906118,3.255528450012207,1790364336.1939118,0.0,0.0
19.35383149110221,1.013192896399129,367.67291321317185,0.36788039032832154,0.37478766970813826,-0.03241296139135785,-22.714292414705575,-0.3996886729145678,367.3811310213688,0.3701828167920315,-0.39011155057054725,0.0371532311354036,3.265880584716797,1790364336.204264,0.0,0.0
19.361542062689303,1.0713881139288652,367.8735152783262,0.3677159312950548,0.3739653745456519,-0.03274187957061962,-22.670180541330605,-0.4589553548075608,367.58188754561377,0.3710051119567272,-0.39027600972637844,0.04340267609860151,3.2764387130737305,1790364336.214822,0.0,0.0
19.34411691116931,1.1292821389023713,368.0830180124115,0.3672225541951386,0.373636456480523,-0.03224850230176747,-22.586217746152194,-0.5933673244837604,367.7901457978867,0.3696894396929831,-0.38978263225898657,0.045540644103851224,3.2869107723236084,1790364336.225294,0.0,0.0
19.31244360425486,1.1653160541795855,368.2685015819743,0.3687026854943661,0.37478766970813826,-0.03257742048097524,-22.489458837842577,-0.6985960588250043,367.9774500574136,0.3672225541951386,-0.38863141816959124,0.041264708089035214,3.297663450241089,1790364336.2360468,0.0,0.0
19.274776935876147,1.161577111242418,368.39367083777455,0.36820930839479726,0.3742942926107039,-0.033235256839714816,-22.425210331763235,-0.6997621379286929,368.10072477143433,0.3668936361284313,-0.3884669590140987,0.0371532311354036,3.3059887886047363,1790364336.2443721,0.0,0.0
19.233269653191662,1.1182761516694115,368.4427716076641,0.36788039032832154,0.3739653745456519,-0.03290633866029101,-22.41668596446997,-0.6101606635856754,368.10867987180126,0.3687026854943661,-0.38863141816959124,0.03813998560573607,3.3159706592559814,1790364336.254354,0.0,0.0
19.19040232010444,1.0572235020954335,368.42172510341277,0.3677159312950548,0.373800915513097,-0.03372863410905318,-22.44249486809401,-0.49607357011851866,367.9745020170777,0.3675514722617687,-0.3879735815478244,0.039620117309504065,3.3265204429626465,1790364336.2649038,0.0,0.0
19.15538755197397,1.0119567368167557,368.3479442744668,0.3672225541951386,0.3729786203500351,-0.033399715929467236,-22.458799571449763,-0.3999490940291693,367.7157212020951,0.3675514722617687,-0.38748020408185463,0.03912674007514537,3.3371970653533936,1790364336.2755804,0.0,0.0
19.141059901491868,1.0119656770729866,368.23845708224763,0.3668936361284313,0.37330753841531744,-0.033893093198886656,-22.441075340812343,-0.3173843263778381,367.37487990452775,0.3660713409613248,-0.3879735815478244,0.04455388964042575,3.346005916595459,1790364336.2843893,0.0,0.0
19.153144260919916,1.0697576110773463,368.10165992369457,0.3668936361284313,0.37330753841531744,-0.034057552288747184,-22.406209526272324,-0.2350079139969448,366.99145967121564,0.3662357999947848,-0.38748020408185463,0.043238217021095905,3.3564374446868896,1790364336.2948208,0.0,0.0
19.18418148750377,1.1764874353365093,367.94155894527023,0.3668936361284313,0.373636456480523,-0.03257742048097524,-22.39170664727112,-0.15807226325379126,366.5917680302981,0.3642622915919887,-0.3864934491508285,0.036495394821335424,3.3669989109039307,1790364336.3053823,0.0,0.0
19.217842590857497,1.3049946789385736,367.7707747306506,0.36837376742800615,0.373636456480523,-0.03290633866029101,-22.412600024499497,-0.1097106937440039,366.193649066383,0.36820930839479726,-0.3879735815478244,0.035344181270727505,3.3776261806488037,1790364336.3160095,0.0,0.0
19.24059950935339,1.4174480375142928,367.61871592116495,0.36788039032832154,0.3744587516432012,-0.0330707977499894,-22.448922157639036,-0.12543014378389422,365.8285788828073,0.3693605216268545,-0.38978263225898657,0.038962280996974574,3.3875229358673096,1790364336.3259063,0.0,0.0
19.251416722599835,1.4787352086008345,367.524431432156,0.36837376742800615,0.37478766970813826,-0.03290633866029101,-22.471269166255986,-0.23052661231560165,365.5614035218768,0.3662357999947848,-0.38813804070321534,0.036659853899890966,3.3960697650909424,1790364336.334453,0.0,0.0
19.258184256935532,1.471236499658549,367.5209812636244,0.36952498065992845,0.37560996487014553,-0.0330707977499894,-22.464676610828704,-0.41263802756998214,365.4592757252527,0.36393337352458505,-0.387644663237144,0.03994903546561511,3.406801223754883,1790364336.3451846,0.0,0.0
19.266588730842308,1.4000716898892225,367.6281294385717,0.36985389872601854,0.3757744239024895,-0.03241296139135785,-22.437488540376695,-0.6269349077494172,365.53337396132787,0.3696894396929831,-0.3896181731032571,0.04817198933516619,3.4159247875213623,1790364336.3543081,0.0,0.0
19.276588040486942,1.2869662019100079,367.8509563170781,0.3693605216268545,0.37511658777299867,-0.033235256839714816,-22.4172561183887,-0.8089390076280499,365.73994992113785,0.37232078421924,-0.3889603364806777,0.04356713517608157,3.4274728298187256,1790364336.3658562,0.0,0.0
19.28807229232125,1.1599267979031027,368.17004588371947,0.3688671445275171,0.37462321067567933,-0.0330707977499894,-22.42502347871242,-0.876675696367633,366.0305104688206,0.3675514722617687,-0.38731574492659904,0.03797552652741145,3.4356918334960938,1790364336.3740752,0.0,0.0
19.30455555129839,1.0448333507638619,368.53387108789184,0.36952498065992845,0.37511658777299867,-0.034057552288747184,-22.456143784136174,-0.7737996519036898,366.3603663500812,0.3664002590282254,-0.38698682661618933,0.03945565823141012,3.4460010528564453,1790364336.3843844,0.0,0.0
19.328738766822983,0.9642441036700004,368.875233437618,0.3691960625937613,0.37478766970813826,-0.03471538864845965,-22.497747079327752,-0.5421323404602119,366.6618267938311,0.3665647180616467,-0.38813804070321534,0.03781106744906118,3.4566328525543213,1790364336.3950162,0.0,0.0
19.358410315327433,0.9410099861406236,369.1382293184107,0.3685382264611957,0.3739653745456519,-0.034222011378634745,-22.541196744715606,-0.3152130763465274,366.8569906756629,0.3664002590282254,-0.38698682661618933,0.035837558506856444,3.466118097305298,1790364336.4045014,0.0,0.0
19.389609580122247,0.9951946596835191,369.2901156621444,0.3691960625937613,0.37478766970813826,-0.03455092955849097,-22.56581736500389,-0.21244049011080596,366.9034561208663,0.3691960625937613,-0.38813804070321534,0.042580380710817996,3.4777698516845703,1790364336.4161532,0.0,0.0
19.421610294784173,1.1325803773028604,369.32454591026027,0.3693605216268545,0.3744587516432012,-0.03372863410905318,-22.548678325970794,-0.25003774458521255,366.81217084610546,0.3668936361284313,-0.38698682661618933,0.04784307118160839,3.4868178367614746,1790364336.4252012,0.0,0.0
19.456136059875984,1.3347384273987064,369.26351056272597,0.37001835775903463,0.37462321067567933,-0.03356417501924669,-22.5021263182612,-0.3462985527550415,366.6174031869059,0.3664002590282254,-0.386657908305915,0.04110024901119727,3.4976749420166016,1790364336.4360583,0.0,0.0
19.491261084312466,1.5588698533784222,369.1458982210638,0.36837376742800615,0.3742942926107039,-0.033893093198886656,-22.467365938898062,-0.39434276281111447,366.3407563652403,0.36738701322846334,-0.3871512857713773,0.03550864034946285,3.506964683532715,1790364336.445348,0.0,0.0
19.518723552649806,1.7512663291026873,369.0065011191032,0.3687026854943661,0.37412983357818747,-0.0330707977499894,-22.468969011310396,-0.35115793840537585,366.0021636714259,0.36903160356064885,-0.38863141816959124,0.03994903546561511,3.515794038772583,1790364336.4541774,0.0,0.0
19.529556408315173,1.867602257871528,368.8677522848399,0.37067619389090667,0.37528104680540014,-0.03274187957061962,-22.498004206724982,-0.274649498901599,365.6561948599353,0.3685382264611957,-0.38813804070321534,0.03682431297842085,3.5259640216827393,1790364336.4643474,0.0,0.0
19.522351435135285,1.88531362421666,368.74934732571796,0.37001835775903463,0.3754455058377824,-0.03356417501924669,-22.526475903470015,-0.2530040253959144,365.3826441258831,0.3654135048272917,-0.38632898999577586,0.03994903546561511,3.5367846488952637,1790364336.475168,0.0,0.0
19.506105197050054,1.8064992922962857,368.67560011010744,0.36952498065992845,0.3754455058377824,-0.03504430682847813,-22.526364149306378,-0.2931891576665865,365.2268713013284,0.3670580951617946,-0.38748020408185463,0.04767861210479131,3.5461552143096924,1790364336.4845386,0.0,0.0
19.495555449266952,1.6584657559275788,368.66823044566985,0.3701828167920315,0.37528104680540014,-0.03504430682847813,-22.497614221490117,-0.3088763658699358,365.1700669895532,0.3675514722617687,-0.3879735815478244,0.042909298866008055,3.5557456016540527,1790364336.494129,0.0,0.0
19.501675531386283,1.488590592744724,368.7377137214843,0.37116957098960857,0.3757744239024895,-0.03356417501924669,-22.477429119788155,-0.2279483270545894,365.17171433849944,0.3696894396929831,-0.38731574492659904,0.035179722191966474,3.565957546234131,1790364336.504341,0.0,0.0
19.523649656477062,1.3489929130381755,368.88330284898234,0.37067619389090667,0.3754455058377824,-0.034057552288747184,-22.49893233275006,-0.08433633229659042,365.2162707592752,0.3662357999947848,-0.38731574492659904,0.03830444468403504,3.575673818588257,1790364336.5140572,0.0,0.0
19.551818309892234,1.2782524902632,369.09075426731516,0.3693605216268545,0.37495212874057804,-0.034057552288747184,-22.551969889993174,0.016828038049023476,365.29887192343494,0.3664002590282254,-0.3868223674610353,0.03912674007514537,3.5854268074035645,1790364336.5238101,0.0,0.0
19.57860915951376,1.2898919519349046,369.3239947943312,0.3691960625937613,0.3754455058377824,-0.034222011378634745,-22.59879539612623,0.006555242600214785,365.3946857695279,0.36820930839479726,-0.3879735815478244,0.03912674007514537,3.5965912342071533,1790364336.5349746,0.0,0.0
19.601770423986956,1.3690315903761852,369.53063507335077,0.37084065292382656,0.37560996487014553,-0.033893093198886656,-22.614196673301084,-0.09868435568460318,365.47792328390886,0.36788039032832154,-0.38780912239246734,0.04241592163318464,3.605828285217285,1790364336.5442116,0.0,0.0
19.619200009765976,1.4771943420460139,369.66979377493703,0.3714984890553137,0.3761033419671201,-0.03372863410905318,-22.60760821952386,-0.23793479136682963,365.5494691586977,0.3654135048272917,-0.3871512857713773,0.044389430563098874,3.6159613132476807,1790364336.5543447,0.0,0.0
19.627296887927024,1.568467017069138,369.73512074515463,0.36985389872601854,0.3757744239024895,-0.03372863410905318,-22.612652563418912,-0.36423454787993864,365.6138628924641,0.3687026854943661,-0.38748020408185463,0.03912674007514537,3.6265347003936768,1790364336.564918,0.0,0.0
19.624175014499272,1.6111573340213867,369.74621297933186,0.3696894396929831,0.37511658777299867,-0.034057552288747184,-22.647375554602842,-0.4593820376683834,365.6596169034128,0.37116957098960857,-0.3883024998586401,0.0371532311354036,3.635913848876953,1790364336.5742972,0.0,0.0
19.612726832248327,1.600228370120701,369.7235408722096,0.3705117348579675,0.37495212874057804,-0.034222011378634745,-22.688645219960904,-0.516435785035763,365.6861293494891,0.3672225541951386,-0.38780912239246734,0.03912674007514537,3.6465158462524414,1790364336.5848992,0.0,0.0
19.600731654441976,1.5532158342179854,369.6767509024552,0.36985389872601854,0.37462321067567933,-0.03438647046854934,-22.70093964632158,-0.5343598942679281,365.7146842238684,0.36574242289434694,-0.387644663237144,0.03929119915329056,3.65605092048645,1790364336.5944343,0.0,0.0
19.595472151003552,1.4952149647751016,369.606346933615,0.37001835775903463,0.37495212874057804,-0.03356417501924669,-22.67835958969445,-0.5250449197386594,365.7605301593063,0.3672225541951386,-0.387644663237144,0.040935789933333744,3.6670379638671875,1790364336.6054213,0.0,0.0
19.596604306175628,1.4444599849697057,369.5103078315638,0.37034727582500915,0.37528104680540014,-0.03438647046854934,-22.640785963242713,-0.5027444935739497,365.8202237360811,0.3677159312950548,-0.38731574492659904,0.04241592163318464,3.6764941215515137,1790364336.6148775,0.0,0.0
19.596515755117405,1.4071577971755544,369.395385102842,0.36985389872601854,0.37495212874057804,-0.03372863410905318,-22.604453594851055,-0.466060434150823,365.8825617067512,0.3668936361284313,-0.386000071685772,0.042744839788425804,3.6861908435821533,1790364336.6245742,0.0,0.0
19.58771888623836,1.3816276936363052,369.27966640394243,0.3693605216268545,0.37478766970813826,-0.033893093198886656,-22.573907936045206,-0.40055102535058085,365.9275872892267,0.3672225541951386,-0.386164530840757,0.04077133085544463,3.6968462467193604,1790364336.6352296,0.0,0.0
19.569287630371512,1.3648689601287105,369.18254219929383,0.3714984890553137,0.37643226003167407,-0.03455092955849097,-22.551833768194218,-0.2975722084239238,365.92629364586486,0.37034727582500915,-0.38813804070321534,0.038962280996974574,3.7055630683898926,1790364336.6439464,0.0,0.0
19.54795158653587,1.3558562975985509,369.12245512974823,0.37084065292382656,0.3757744239024895,-0.034057552288747184,-22.542419528987764,-0.17099748457025762,365.86871611800194,0.36788039032832154,-0.38731574492659904,0.03978457638757239,3.7158145904541016,1790364336.654198,0.0,0.0
19.531763930719766,1.35588160467451,369.11963696936834,0.3710051119567272,0.3759388829348144,-0.03438647046854934,-22.549125515623025,-0.06086450112266432,365.7754927559156,0.36492012772656374,-0.3856711533759033,0.04159362624463435,3.7266757488250732,1790364336.665059,0.0,0.0
19.52140363442122,1.3705368041659376,369.1848807224566,0.37116957098960857,0.37560996487014553,-0.034222011378634745,-22.57458163473979,-0.010897231082951025,365.66298923372943,0.36672917709504865,-0.386657908305915,0.04307375794356475,3.7376925945281982,1790364336.676076,0.0,0.0
19.510258927704328,1.4119991346770975,369.3048455682913,0.37001835775903463,0.37478766970813826,-0.03438647046854934,-22.619645360445837,-0.027586981489731943,365.5314655102477,0.36788039032832154,-0.3883024998586401,0.043896053330965086,3.7472240924835205,1790364336.6856074,0.0,0.0
19.494351157994174,1.4913886803202085,369.44279562136666,0.3701828167920315,0.3754455058377824,-0.033893093198886656,-22.68467110784069,-0.07026347556712234,365.40047699916465,0.3660713409613248,-0.387644663237144,0.04077133085544463,3.756610631942749,1790364336.694994,0.0,0.0
19.479646525105156,1.6048049335440295,369.55668747127066,0.37067619389090667,0.37511658777299867,-0.034222011378634745,-22.77093039981757,-0.09778559028998554,365.315553929207,0.365577963860829,-0.3864934491508285,0.03698877205692505,3.7671964168548584,1790364336.7055798,0.0,0.0
19.476256707105915,1.7326385730823246,369.61817575959276,0.3685382264611957,0.3739653745456519,-0.034057552288747184,-22.869760893476347,-0.12420053490715607,365.308748690844,0.3688671445275171,-0.387644663237144,0.03698877205692505,3.7766318321228027,1790364336.7150152,0.0,0.0
19.487157645874866,1.8511733987307808,369.61133340428694,0.3691960625937613,0.3739653745456519,-0.03372863410905318,-22.952257668986785,-0.21746692030785564,365.37421598539004,0.3670580951617946,-0.386657908305915,0.040277953621623716,3.7864699363708496,1790364336.7248533,0.0,0.0
19.50685836811715,1.9373801806376172,369.52195219136183,0.3696894396929831,0.3734719974479298,-0.034057552288747184,-22.98457879435974,-0.4257089111123322,365.4770059851574,0.36672917709504865,-0.387644663237144,0.04586956225812234,3.795525074005127,1790364336.7339084,0.0,0.0
19.528146108784107,1.9689263578108356,369.3416447194114,0.3688671445275171,0.3734719974479298,-0.03372863410905318,-22.9579346456531,-0.7022913944561936,365.5760254879482,0.3685382264611957,-0.38863141816959124,0.042744839788425804,3.80613374710083,1790364336.744517,0.0,0.0
19.545355408063827,1.9322508639876173,369.0795910204881,0.3687026854943661,0.37330753841531744,-0.034057552288747184,-22.900436279982664,-0.9317356381166303,365.65482029039487,0.36820930839479726,-0.3887958773251175,0.04175808532239554,3.8169429302215576,1790364336.7553263,0.0,0.0
19.554317118995563,1.8336042080613617,368.76515487881454,0.36820930839479726,0.37314307938268587,-0.034222011378634745,-22.857873358183998,-1.0328882181380465,365.73867540880246,0.36903160356064885,-0.3894537139475614,0.03912674007514537,3.826568841934204,1790364336.7649522,0.0,0.0
19.55340110949109,1.7012430625553014,368.44049173110267,0.36820930839479726,0.37314307938268587,-0.033399715929467236,-22.857602245004678,-1.0111435031103522,365.869430022094,0.3660713409613248,-0.3883024998586401,0.03682431297842085,3.837552309036255,1790364336.7759356,0.0,0.0
19.54523138540048,1.5741376094416484,368.14413343360235,0.36837376742800615,0.3729786203500351,-0.03455092955849097,-22.888541779551026,-0.9257609171722907,366.0551650040036,0.3693605216268545,-0.3896181731032571,0.04044241269958962,3.846076488494873,1790364336.7844598,0.0,0.0
19.537194537285494,1.483593112699779,367.89222551956556,0.36788039032832154,0.3729786203500351,-0.03438647046854934,-22.92129696852665,-0.8380278718881164,366.26139853405687,0.3716629480881374,-0.39027600972637844,0.04406051240836854,3.855754852294922,1790364336.7941382,0.0,0.0
19.537530007781655,1.4412668792935521,367.6746677559297,0.3677159312950548,0.37232078421924,-0.03372863410905318,-22.943231193085374,-0.7781439784728962,366.46347494512287,0.3714984890553137,-0.38978263225898657,0.04225146255552571,3.8655283451080322,1790364336.8039117,0.0,0.0
19.549335440474593,1.438393319447156,367.468250080407,0.36804484936156906,0.3721563251864931,-0.034222011378634745,-22.963625731381413,-0.7363730851698691,366.67871904693044,0.36820930839479726,-0.3894537139475614,0.042909298866008055,3.8768179416656494,1790364336.8152013,0.0,0.0
19.569387913169916,1.4539636275964951,367.2548486820464,0.36804484936156906,0.37232078421924,-0.033235256839714816,-22.992148991108433,-0.6803572637140497,366.9257969131991,0.36590688192784554,-0.38863141816959124,0.04241592163318464,3.886967897415161,1790364336.8253512,0.0,0.0
19.59065655225781,1.4675661170943324,367.03818099151044,0.36837376742800615,0.3729786203500351,-0.034057552288747184,-23.02505909383918,-0.5871711507308158,367.17723407086135,0.37084065292382656,-0.3896181731032571,0.03813998560573607,3.8971445560455322,1790364336.835528,0.0,0.0
19.605987437666286,1.4678090658647838,366.84811560268656,0.36672917709504865,0.3726497022846759,-0.03471538864845965,-23.048643892779754,-0.4708121362394575,367.3874539733529,0.3754455058377824,-0.391756142130384,0.037317690213856475,3.906613826751709,1790364336.8449972,0.0,0.0
19.612405850585812,1.452072081683293,366.7218874515562,0.3675514722617687,0.3728141613173651,-0.034057552288747184,-23.050399190782944,-0.38120792978503726,367.5565533450224,0.36837376742800615,-0.38994709141475,0.04159362624463435,3.916966676712036,1790364336.85535,0.0,0.0
19.609540512067404,1.4217698271563337,366.67787252421,0.36804484936156906,0.37232078421924,-0.033235256839714816,-23.031106106801005,-0.366987246303127,367.7094992592366,0.36245324222030895,-0.3868223674610353,0.03994903546561511,3.9266250133514404,1790364336.8650084,0.0,0.0
19.594351286141098,1.37947275142991,366.7081734086166,0.3685382264611957,0.3729786203500351,-0.034222011378634745,-23.00513773424431,-0.43814176482974554,367.82088858856014,0.373636456480523,-0.39126276466207704,0.040606871777529925,3.936429262161255,1790364336.8748126,0.0,0.0
19.564600981045338,1.329218328475317,366.7905448911667,0.3687026854943661,0.37314307938268587,-0.033235256839714816,-22.984740885545076,-0.563761606131607,367.84929252755194,0.37643226003167407,-0.39257843791157404,0.04241592163318464,3.947469472885132,1790364336.8858528,0.0,0.0
19.526372747181654,1.2738778999305773,366.9014724653802,0.3677159312950548,0.3728141613173651,-0.0330707977499894,-22.96865398862769,-0.68756571333479,367.8340187810445,0.36590688192784554,-0.3891247956362718,0.04192254440013117,3.956817388534546,1790364336.8952007,0.0,0.0
19.490206405065642,1.2119204236025891,367.02291026678336,0.3691960625937613,0.373636456480523,-0.033235256839714816,-22.9478857219519,-0.7384326448260786,367.85489913625213,0.36574242289434694,-0.3891247956362718,0.04159362624463435,3.9673733711242676,1790364336.9057567,0.0,0.0
19.459924758459454,1.1436953942502877,367.1452960659489,0.36820930839479726,0.3724852432519675,-0.03487984773845537,-22.91872227319704,-0.6604315418099244,367.9245269433959,0.37330753841531744,-0.3910983055060425,0.03945565823141012,3.9768576622009277,1790364336.915241,0.0,0.0
19.43097682318327,1.0820904818746906,367.26015683649314,0.36672917709504865,0.3716629480881374,-0.033893093198886656,-22.88844446381272,-0.4700787959378967,368.00958792171866,0.3742942926107039,-0.3910983055060425,0.03912674007514537,3.9869377613067627,1790364336.925321,0.0,0.0
19.39921159489943,1.0518323469966226,367.34343192161134,0.3664002590282254,0.3716629480881374,-0.033893093198886656,-22.867301629185004,-0.2678086061440066,368.10539714017136,0.36590688192784554,-0.3884669590140987,0.04175808532239554,3.9967169761657715,1790364336.9351003,0.0,0.0
19.366322850170313,1.0738853216725037,367.35774429419826,0.36837376742800615,0.3724852432519675,-0.03356417501924669,-22.857158225646405,-0.15580563565671016,368.2113024223636,0.3688671445275171,-0.3891247956362718,0.03978457638757239,4.006145477294922,1790364336.9445288,0.0,0.0
19.338251501169605,1.1471978610926612,367.2808256358196,0.36672917709504865,0.3716629480881374,-0.033235256839714816,-22.851829647423877,-0.15423828504083087,368.28962991987044,0.373636456480523,-0.391756142130384,0.04159362624463435,4.016592264175415,1790364336.9549756,0.0,0.0
19.321147490382543,1.2439799962303908,367.12358472578006,0.3665647180616467,0.3721563251864931,-0.034222011378634745,-22.849127318621317,-0.2157627064788646,368.3172882794486,0.37314307938268587,-0.3915916829742478,0.043238217021095905,4.026900768280029,1790364336.965284,0.0,0.0
19.315253585057903,1.3255947347814734,366.9232278920364,0.36788039032832154,0.3724852432519675,-0.0330707977499894,-22.857306530133,-0.2877283566686625,368.3272193294507,0.36574242289434694,-0.38780912239246734,0.03994903546561511,4.036534070968628,1790364336.9749174,0.0,0.0
19.311662949267163,1.3663696713276368,366.7313317986472,0.3675514722617687,0.3728141613173651,-0.033235256839714816,-22.88228251418317,-0.3372868854172078,368.34444742008037,0.36820930839479726,-0.3889603364806777,0.04110024901119727,4.045986652374268,1790364336.98437,0.0,0.0
19.298821621079696,1.3633612009677916,366.59650808922873,0.36837376742800615,0.3724852432519675,-0.03257742048097524,-22.91542671474189,-0.3502186883989504,368.33746055101324,0.37495212874057804,-0.39076938719407517,0.04241592163318464,4.056460380554199,1790364336.9948437,0.0,0.0
19.27207835663839,1.328211947231259,366.54300570181863,0.3687026854943661,0.37314307938268587,-0.033399715929467236,-22.94377888771576,-0.33299662885101117,368.278444345833,0.37034727582500915,-0.3894537139475614,0.038962280996974574,4.067596197128296,1790364337.0059795,0.0,0.0
19.23524737248195,1.276552334535276,366.57287555532514,0.3691960625937613,0.373636456480523,-0.03438647046854934,-22.96348621178658,-0.30870403806554614,368.1890575103513,0.3662357999947848,-0.38748020408185463,0.038633362840556074,4.076863050460815,1790364337.0152464,0.0,0.0
19.1956864261715,1.2250723034679611,366.6858832958537,0.3688671445275171,0.37314307938268587,-0.03356417501924669,-22.977003473022585,-0.3013951374785265,368.09073789766563,0.36738701322846334,-0.3883024998586401,0.042909298866008055,4.086940288543701,1790364337.0253236,0.0,0.0
19.159900411562525,1.1910114005313892,366.88052240838476,0.3685382264611957,0.37314307938268587,-0.033399715929467236,-22.985712842796364,-0.3188189891899678,367.9675141047986,0.37133403002247073,-0.3883024998586401,0.042580380710817996,4.09672737121582,1790364337.0351107,0.0,0.0
19.1323602810449,1.1882987021894746,367.1381125648633,0.3685382264611957,0.3734719974479298,-0.033399715929467236,-22.987441303059985,-0.34575836106329794,367.8004450398193,0.3705117348579675,-0.38731574492659904,0.03879782191877813,4.107992887496948,1790364337.0463762,0.0,0.0
19.116689125889803,1.2220923778002053,367.4173166229935,0.36804484936156906,0.3726497022846759,-0.03224850230176747,-22.977206224612523,-0.358987611941428,367.5921463805213,0.3677159312950548,-0.386000071685772,0.04175808532239554,4.1154820919036865,1790364337.0538654,0.0,0.0
19.115352273921985,1.2839175640418354,367.66532471499295,0.3688671445275171,0.3728141613173651,-0.03290633866029101,-22.953339716649857,-0.349814436050991,367.34060321671154,0.3668936361284313,-0.38583561253082077,0.042744839788425804,4.126749038696289,1790364337.0651324,0.0,0.0
19.12602954793647,1.352440803641711,367.83522418360815,0.3675514722617687,0.3719918661537271,-0.03274187957061962,-22.920752472165493,-0.3242415301979081,367.0241294499027,0.37001835775903463,-0.38731574492659904,0.03945565823141012,4.136386871337891,1790364337.0747702,0.0,0.0
19.139490896773445,1.4043243310636757,367.89610813244974,0.36837376742800615,0.3724852432519675,-0.03356417501924669,-22.881291178196715,-0.2879839280871936,366.6362804405351,0.36952498065992845,-0.3864934491508285,0.041264708089035214,4.147271633148193,1790364337.085655,0.0,0.0
19.144816290168603,1.4268470047427741,367.83719023517665,0.36837376742800615,0.3724852432519675,-0.03438647046854934,-22.830521146958844,-0.2469435386384511,366.2106478459407,0.3627821602880616,-0.3846843984471083,0.04225146255552571,4.156754493713379,1790364337.0951378,0.0,0.0
19.1392033046836,1.4233204983087397,367.6746277536405,0.3691960625937613,0.3724852432519675,-0.03438647046854934,-22.772138750306848,-0.2170450369362776,365.785091640925,0.3664002590282254,-0.386657908305915,0.03994903546561511,4.165579795837402,1790364337.1039631,0.0,0.0
19.13132092423172,1.4116584416437348,367.45114843774587,0.36952498065992845,0.37330753841531744,-0.03438647046854934,-22.721284881838976,-0.21707848484684023,365.3791981237398,0.37001835775903463,-0.38813804070321534,0.03929119915329056,4.177191495895386,1790364337.1155748,0.0,0.0
19.133597307238624,1.415609304511641,367.22262644197434,0.3687026854943661,0.373636456480523,-0.033399715929467236,-22.687082340946052,-0.25121294178751824,365.03487951149725,0.36837376742800615,-0.38748020408185463,0.04159362624463435,4.186745643615723,1790364337.125129,0.0,0.0
19.15212371622601,1.4506193261173734,367.04068284121485,0.3691960625937613,0.37330753841531744,-0.03520876591852795,-22.66475938190033,-0.3078760562271872,364.8225732903465,0.3660713409613248,-0.386000071685772,0.038962280996974574,4.1964616775512695,1790364337.134845,0.0,0.0
19.18479976623134,1.5155512404400855,366.9416322250477,0.37067619389090667,0.3744587516432012,-0.03504430682847813,-22.646240231121578,-0.3778753805721335,364.7722680120862,0.3675514722617687,-0.38583561253082077,0.03797552652741145,4.2055182456970215,1790364337.1439016,0.0,0.0
19.228615933279222,1.5966074687951817,366.9497073548613,0.3701828167920315,0.37478766970813826,-0.03487984773845537,-22.629505486317846,-0.46445932252583066,364.84321327248904,0.37133403002247073,-0.3887958773251175,0.044389430563098874,4.2155232429504395,1790364337.1539066,0.0,0.0
19.284915948097986,1.6752956575379754,367.0818646658248,0.37067619389090667,0.37495212874057804,-0.0330707977499894,-22.621326767145913,-0.5618657630459843,364.9844389430682,0.3691960625937613,-0.3883024998586401,0.04471834871772711,4.226770401000977,1790364337.1651537,0.0,0.0
19.352567581881438,1.7325811290662532,367.3424030678933,0.3724852432519675,0.3757744239024895,-0.03356417501924669,-22.632898918191533,-0.6264190486147323,365.1795308581096,0.36475566869294895,-0.38583561253082077,0.04208700347784122,4.2364678382873535,1790364337.1748512,0.0,0.0
19.41879551739537,1.7515394732319993,367.72088901594,0.3719918661537271,0.3761033419671201,-0.03438647046854934,-22.667817747337445,-0.5939851889283919,365.40577777419173,0.36672917709504865,-0.38632898999577586,0.040606871777529925,4.247136831283569,1790364337.1855202,0.0,0.0
19.46468538949373,1.723101760955552,368.1935568712753,0.3714984890553137,0.37560996487014553,-0.03520876591852795,-22.718665085553447,-0.44234771074084944,365.5993604023953,0.3705117348579675,-0.386657908305915,0.040935789933333744,4.256744861602783,1790364337.1951282,0.0,0.0
19.47987645384637,1.6535964771411742,368.7190602402671,0.3721563251864931,0.37643226003167407,-0.034222011378634745,-22.77385520579581,-0.22588594812684554,365.69913490865184,0.3687026854943661,-0.386000071685772,0.03813998560573607,4.266658544540405,1790364337.205042,0.0,0.0
19.467378754113998,1.5656947038076907,369.24578571480635,0.37330753841531744,0.3772545551927242,-0.034057552288747184,-22.81654430173622,-0.0360184211998976,365.69151545137146,0.3662357999947848,-0.3843554801377802,0.040935789933333744,4.276180028915405,1790364337.2145634,0.0,0.0
19.43614103107106,1.488896516961819,369.73778904228743,0.37330753841531744,0.3772545551927242,-0.034057552288747184,-22.823237243555045,0.07587328168717498,365.5886779924565,0.36508458676015904,-0.3843554801377802,0.0452117259494781,4.287403345108032,1790364337.2257867,0.0,0.0
19.393742582075646,1.4489073585236267,370.18902525968304,0.3734719974479298,0.3774190142248769,-0.03455092955849097,-22.780658431287378,0.13722549184089064,365.3901186420854,0.36738701322846334,-0.3841910209831668,0.043731594253536094,4.2964699268341064,1790364337.2348533,0.0,0.0
19.346306972764847,1.4617848288014492,370.6108129480098,0.37412983357818747,0.37857022744941043,-0.03471538864845965,-22.70297979045129,0.21672891679782402,365.0860733899901,0.36590688192784554,-0.38451993929242734,0.04208700347784122,4.306792497634888,1790364337.2451758,0.0,0.0
19.302742176207936,1.5271360157025515,371.01416417128206,0.37314307938268587,0.3784057684173915,-0.033893093198886656,-22.622102042950313,0.35545802739038135,364.68597730598447,0.36590688192784554,-0.3841910209831668,0.04110024901119727,4.315948486328125,1790364337.2543318,0.0,0.0
19.275724566716775,1.6230110074611255,371.4057504696307,0.37511658777299867,0.3798858997048747,-0.03487984773845537,-22.56149367506456,0.5345783265595517,364.2290141360346,0.36590688192784554,-0.38402656182858724,0.03797552652741145,4.326206922531128,1790364337.2645903,0.0,0.0
19.2760233450671,1.7132370802197527,371.79495701921616,0.3739653745456519,0.37922806357729516,-0.033399715929467236,-22.52142064143969,0.6947810038143807,363.7712448165099,0.36672917709504865,-0.3841910209831668,0.04077133085544463,4.336801528930664,1790364337.2751849,0.0,0.0
19.305332611266877,1.7642533596268992,372.1897275943641,0.373636456480523,0.3784057684173915,-0.034057552288747184,-22.486988777559187,0.7863979971297651,363.3626777401902,0.36442675062566154,-0.38221751113043934,0.04307375794356475,4.345706462860107,1790364337.2840898,0.0,0.0
19.354423628581873,1.7581613232661957,372.57665747734256,0.37528104680540014,0.37906360454535265,-0.033893093198886656,-22.44955116891466,0.8102960390136842,363.01942426545895,0.36343999642333413,-0.3818885928221238,0.04471834871772711,4.356741189956665,1790364337.2951245,0.0,0.0
19.408108029915233,1.6954636929884865,372.9178388877346,0.373800915513097,0.37807685035329636,-0.03356417501924669,-22.4190239790179,0.8092620652029373,362.714568452209,0.36311107835573664,-0.3820530519762647,0.04307375794356475,4.367227554321289,1790364337.305611,0.0,0.0
19.453135566043517,1.589646221655965,373.16896350130986,0.373636456480523,0.37807685035329636,-0.03372863410905318,-22.413614802408674,0.8210452680498811,362.40942460246214,0.3660713409613248,-0.3832042660561956,0.03978457638757239,4.377955675125122,1790364337.316339,0.0,0.0
19.48434672538859,1.4608045173866346,373.29483340671817,0.37232078421924,0.3775834732570104,-0.033893093198886656,-22.435427680104944,0.8463046850707414,362.1007273847353,0.3665647180616467,-0.3833687252106064,0.03813998560573607,4.387483596801758,1790364337.325867,0.0,0.0
19.50549645376778,1.33386114317405,373.2813738571328,0.3728141613173651,0.3782413093853535,-0.03455092955849097,-22.458166468227347,0.8604473387537445,361.827992336575,0.3613020289825633,-0.38057291959021033,0.04044241269958962,4.396883487701416,1790364337.3352668,0.0,0.0
19.52341814543237,1.2363597408711644,373.1453331055248,0.3726497022846759,0.37774793228912484,-0.033235256839714816,-22.44648564520158,0.8454829952076275,361.6204780531253,0.36311107835573664,-0.3812307562058974,0.041429167166847566,4.406913995742798,1790364337.3452973,0.0,0.0
19.54035337431727,1.1895746479049543,372.9308079378078,0.37232078421924,0.3779123913212202,-0.03372863410905318,-22.3884929429205,0.7999126725732819,361.4603339523582,0.3662357999947848,-0.3832042660561956,0.042744839788425804,4.417236804962158,1790364337.3556201,0.0,0.0
19.55305370730806,1.197615563104292,372.6892433292925,0.37232078421924,0.37807685035329636,-0.03290633866029101,-22.305762816827077,0.7224446165397722,361.32154127272463,0.3654135048272917,-0.3828753477474752,0.040606871777529925,4.426275968551636,1790364337.3646593,0.0,0.0
19.55953679404024,1.241877381331657,372.46104819637,0.3734719974479298,0.378899145513391,-0.03290633866029101,-22.231478108333622,0.6070988462221681,361.205916470055,0.361137569948522,-0.38139521535990345,0.040277953621623716,4.4367780685424805,1790364337.3751614,0.0,0.0
19.56272931751028,1.2859941889698214,372.28151442754483,0.37412983357818747,0.3793925226092187,-0.03356417501924669,-22.182105921326038,0.46287634083487794,361.1178980973589,0.36376891449085413,-0.3833687252106064,0.03945565823141012,4.446326494216919,1790364337.3847098,0.0,0.0
19.565346967532392,1.293439074860709,372.1947520630599,0.373636456480523,0.37906360454535265,-0.033893093198886656,-22.154596077913133,0.3185334619832013,361.0475021601346,0.3636044554571038,-0.3833687252106064,0.038468903762308375,4.456416606903076,1790364337.3948,0.0,0.0
19.565489582239927,1.2475304085085541,372.2401269841388,0.37314307938268587,0.3793925226092187,-0.03290633866029101,-22.14375649779147,0.19521886146146905,360.9954227397894,0.3642622915919887,-0.38303980690181855,0.040606871777529925,4.467618227005005,1790364337.4060016,0.0,0.0
19.560582592725925,1.158845328160832,372.41946073125365,0.37330753841531744,0.37922806357729516,-0.033893093198886656,-22.149684039179483,0.08935434998846625,360.9883496437145,0.3672225541951386,-0.3843554801377802,0.04159362624463435,4.47610068321228,1790364337.414484,0.0,0.0
19.55309853309059,1.0561682541375927,372.686176122022,0.373636456480523,0.37955698164112306,-0.03241296139135785,-22.170254203094764,-0.008937166334468753,361.0618592493978,0.36261770125419496,-0.3825464294388898,0.04225146255552571,4.486708164215088,1790364337.4250915,0.0,0.0
19.548730366020067,0.9692473785358987,372.9690247076133,0.3726497022846759,0.37873468648141023,-0.034222011378634745,-22.19684769489432,-0.08950313311555216,361.2244946428067,0.36409783255829653,-0.38271088859316565,0.042909298866008055,4.497403621673584,1790364337.435787,0.0,0.0
19.548563391764112,0.9163731709527129,373.2011284141511,0.3721563251864931,0.37774793228912484,-0.033235256839714816,-22.221575416706784,-0.12163427869554119,361.4363602810156,0.36393337352458505,-0.38303980690181855,0.03879782191877813,4.506684064865112,1790364337.4450674,0.0,0.0
19.54610353813382,0.9009338700128311,373.33130001587176,0.37232078421924,0.3784057684173915,-0.033893093198886656,-22.243616319423165,-0.08635533299559273,361.640018341218,0.3668936361284313,-0.38451993929242734,0.03978457638757239,4.515327215194702,1790364337.4537106,0.0,0.0
19.53507233468848,0.9120915939660679,373.33094548394257,0.3729786203500351,0.378899145513391,-0.03290633866029101,-22.264862198567386,-0.005054432839941337,361.80771310020907,0.3627821602880616,-0.3828753477474752,0.041429167166847566,4.526885509490967,1790364337.4652689,0.0,0.0
19.51757061884001,0.9296709225567714,373.2051174191917,0.3718274071209418,0.37774793228912484,-0.033235256839714816,-22.28268196618176,0.07916890594978583,361.938074979829,0.36261770125419496,-0.3828753477474752,0.041429167166847566,4.536923885345459,1790364337.4753072,0.0,0.0
19.500505700813104,0.9340176506214748,372.98974352304117,0.3718274071209418,0.37807685035329636,-0.03290633866029101,-22.289911152316936,0.14149705941323645,362.02150341804713,0.36376891449085413,-0.3828753477474752,0.04110024901119727,4.545501947402954,1790364337.4838853,0.0,0.0
19.487152702958372,0.91505743925811,372.73165956815313,0.3710051119567272,0.3772545551927242,-0.03290633866029101,-22.28282091776522,0.18601099449110112,362.0387734054115,0.3654135048272917,-0.3833687252106064,0.042580380710817996,4.556028127670288,1790364337.4944115,0.0,0.0
19.474624813538917,0.8771220225517631,372.47008028049993,0.37133403002247073,0.3775834732570104,-0.03257742048097524,-22.266251164765887,0.23451466279157795,361.9905461168606,0.3642622915919887,-0.3838621026740414,0.04208700347784122,4.566990852355957,1790364337.5053742,0.0,0.0
19.455815486664175,0.8385133370700081,372.2305322766581,0.37116957098960857,0.3772545551927242,-0.0330707977499894,-22.248869519610835,0.3070908744509541,361.905178542722,0.3627821602880616,-0.3838621026740414,0.037317690213856475,4.576006650924683,1790364337.51439,0.0,0.0
19.424842402123566,0.8216358132139167,372.02847695490124,0.3710051119567272,0.3784057684173915,-0.031919584122667696,-22.236797906632823,0.38847239942283046,361.81651396537353,0.3642622915919887,-0.38402656182858724,0.03781106744906118,4.58811092376709,1790364337.5264943,0.0,0.0
19.384266731172513,0.8368323195586407,371.87536971772363,0.3714984890553137,0.3784057684173915,-0.0330707977499894,-22.2309157737711,0.4186760809946604,361.7514069091049,0.36508458676015904,-0.3838621026740414,0.04011349454363222,4.596745729446411,1790364337.535129,0.0,0.0
19.344046821590027,0.8733533181042722,371.7817070075165,0.37116957098960857,0.3784057684173915,-0.03241296139135785,-22.224716787461823,0.348698688895068,361.7324662244091,0.36343999642333413,-0.3836976435195293,0.04192254440013117,4.606135129928589,1790364337.5445185,0.0,0.0
19.311763120453584,0.9015906555125249,371.75307552260324,0.3719918661537271,0.3784057684173915,-0.031426206854220484,-22.206297766961942,0.20912568517959787,361.77437679363254,0.3668936361284313,-0.38534223506616977,0.0452117259494781,4.6157004833221436,1790364337.5540838,0.0,0.0
19.286995275410348,0.8805003099651773,371.7827337380015,0.3718274071209418,0.37857022744941043,-0.03126174776479204,-22.17308987329408,0.09948877291668608,361.8890441957018,0.36738701322846334,-0.386000071685772,0.04422497148574647,4.626064777374268,1790364337.564448,0.0,0.0
19.264033604686247,0.7749128921056114,371.8548280816005,0.3716629480881374,0.37873468648141023,-0.031426206854220484,-22.144964794014086,0.10104763050439602,362.09251766402184,0.3621243241524787,-0.383533184365051,0.03797552652741145,4.635745525360107,1790364337.5741289,0.0,0.0
19.236531208493165,0.5834430685405416,371.95915276318675,0.3719918661537271,0.37857022744941043,-0.0330707977499894,-22.148329781792313,0.2076855645342216,362.3761602468736,0.36475566869294895,-0.38451993929242734,0.037317690213856475,4.647008180618286,1790364337.5853915,0.0,0.0
19.20227829202329,0.3497552319242849,372.09576360778175,0.3714984890553137,0.3782413093853535,-0.031919584122667696,-22.186376638094195,0.33865388891123754,362.68609508216656,0.3668936361284313,-0.38501331675657147,0.03994903546561511,4.656132698059082,1790364337.594516,0.0,0.0
19.167826835024826,0.13832631355006667,372.2607434030853,0.3710051119567272,0.3784057684173915,-0.03224850230176747,-22.23543416502852,0.41119573965243655,362.962560082621,0.3662357999947848,-0.3856711533759033,0.040935789933333744,4.666047811508179,1790364337.6044312,0.0,0.0
19.146449376040664,-0.0015113075843317496,372.4365613641228,0.3728141613173651,0.378899145513391,-0.03241296139135785,-22.270040678240015,0.40357603912199896,363.17945160218915,0.36442675062566154,-0.38517777591135377,0.043731594253536094,4.676669597625732,1790364337.615053,0.0,0.0
19.147241518360673,-0.05207109592894748,372.6021525258451,0.3716629480881374,0.3782413093853535,-0.031919584122667696,-22.28664110944163,0.35804617603645156,363.3303311899116,0.3614664880165852,-0.38402656182858724,0.043731594253536094,4.685877799987793,1790364337.6242611,0.0,0.0
19.165865189824792,-0.02309490995561209,372.743714637891,0.3718274071209418,0.378899145513391,-0.03159066594367589,-22.30137386576789,0.3299900839511213,363.4067604769584,0.3668936361284313,-0.38501331675657147,0.03879782191877813,4.696415185928345,1790364337.6347985,0.0,0.0
19.188069894812,0.059187668628507085,372.8520958539355,0.37133403002247073,0.3782413093853535,-0.03224850230176747,-22.326282985284664,0.3308618722787834,363.41121424167926,0.36442675062566154,-0.3841910209831668,0.03698877205692505,4.705901861190796,1790364337.6442852,0.0,0.0
19.20177348239842,0.1638609725389404,372.91877230988143,0.3718274071209418,0.37857022744941043,-0.03224850230176747,-22.349450878328227,0.3245733042081057,363.36396563144194,0.36409783255829653,-0.38303980690181855,0.03830444468403504,4.716696262359619,1790364337.6550796,0.0,0.0
19.204422421342638,0.2654608476515478,372.9391148062902,0.3716629480881374,0.37807685035329636,-0.0330707977499894,-22.339972302505416,0.28092932814215077,363.27700490549836,0.36475566869294895,-0.3836976435195293,0.04011349454363222,4.7259907722473145,1790364337.664374,0.0,0.0
19.201440557903748,0.3492819327936644,372.9144354332566,0.37116957098960857,0.3774190142248769,-0.033235256839714816,-22.277244266987733,0.21011940261699455,363.14673050951933,0.36574242289434694,-0.3841910209831668,0.04192254440013117,4.737142562866211,1790364337.675526,0.0,0.0
19.20046304721669,0.41173985546664793,372.8472199129212,0.3719918661537271,0.3782413093853535,-0.032084043212204094,-22.17596753155424,0.13958709040696188,362.9822234054915,0.36393337352458505,-0.3841910209831668,0.042909298866008055,4.7469635009765625,1790364337.6853468,0.0,0.0
19.206291175118505,0.45447874738189364,372.742036978556,0.3718274071209418,0.37873468648141023,-0.031919584122667696,-22.0756504157762,0.08632107720419346,362.81135159223396,0.361137569948522,-0.38271088859316565,0.04044241269958962,4.755527496337891,1790364337.6939108,0.0,0.0
19.21898257475147,0.47719616664577036,372.6188881465965,0.3724852432519675,0.37906360454535265,-0.033235256839714816,-22.00434054105772,0.06667440879761725,362.65026267446353,0.3660713409613248,-0.3843554801377802,0.04208700347784122,4.766531944274902,1790364337.7049153,0.0,0.0
19.234758010287376,0.4794699849324643,372.5176279932219,0.3710051119567272,0.3784057684173915,-0.0330707977499894,-21.96138041951894,0.1092152643339563,362.5001152628306,0.36837376742800615,-0.3856711533759033,0.04044241269958962,4.776745319366455,1790364337.7151287,0.0,0.0
19.250017105374482,0.4679616971349485,372.4796374667001,0.3726497022846759,0.3793925226092187,-0.033399715929467236,-21.935250111055694,0.22619594491640058,362.38384207312004,0.36442675062566154,-0.38484885760182297,0.03813998560573607,4.786636829376221,1790364337.7250202,0.0,0.0
19.265999607404662,0.4565486779622714,372.52818888870877,0.3734719974479298,0.3797214406730084,-0.032084043212204094,-21.923159582040284,0.37171224283785653,362.34465638310485,0.3627821602880616,-0.38402656182858724,0.039620117309504065,4.79677152633667,1790364337.7351549,0.0,0.0
19.28682124422507,0.4578379906999749,372.66381643351707,0.3724852432519675,0.37922806357729516,-0.0330707977499894,-21.92703526781918,0.4564307707537747,362.3966988430216,0.36508458676015904,-0.38484885760182297,0.040277953621623716,4.807290315628052,1790364337.7456737,0.0,0.0
19.312647649329257,0.4754445204270419,372.8654572490001,0.3721563251864931,0.37873468648141023,-0.0330707977499894,-21.9378219454059,0.42481631773331174,362.5135804334893,0.36788039032832154,-0.3856711533759033,0.04192254440013117,4.816314697265625,1790364337.754698,0.0,0.0
19.338307186418405,0.5041589909617807,373.09474679231397,0.37232078421924,0.37922806357729516,-0.033893093198886656,-21.93558697073043,0.31196335148359644,362.66474687422425,0.36409783255829653,-0.3843554801377802,0.04340267609860151,4.826848030090332,1790364337.7652314,0.0,0.0
19.358156151274237,0.5360024748308331,373.3088883270446,0.3724852432519675,0.378899145513391,-0.03175512503315832,-21.913340754137113,0.21132460970638267,362.82444734180126,0.3614664880165852,-0.38402656182858724,0.039620117309504065,4.836768627166748,1790364337.775152,0.0,0.0
19.369501236330137,0.5635944976345529,373.47331823956205,0.37116957098960857,0.37807685035329636,-0.03241296139135785,-21.891421446455592,0.1815426994960762,362.94812716718445,0.36442675062566154,-0.3838621026740414,0.0363309357427542,4.846131324768066,1790364337.7845147,0.0,0.0
19.372133308499492,0.5774471646217677,373.562060650274,0.37067619389090667,0.3779123913212202,-0.03241296139135785,-21.89387620045009,0.18733682681142466,362.9842585811497,0.36788039032832154,-0.38501331675657147,0.037646608370685265,4.856815338134766,1790364337.7951987,0.0,0.0
19.365739982648336,0.5644579923575883,373.55399387179057,0.3718274071209418,0.37807685035329636,-0.03224850230176747,-21.915063810785426,0.14734672598792523,362.9202561703991,0.3629466193219088,-0.3832042660561956,0.042909298866008055,4.866550445556641,1790364337.8049338,0.0,0.0
19.347424735807788,0.5138175776869052,373.44093092366853,0.3716629480881374,0.3782413093853535,-0.03290633866029101,-21.924573949561516,0.04554450595740244,362.7837546318867,0.3617954060845708,-0.38271088859316565,0.044389430563098874,4.875640392303467,1790364337.8140237,0.0,0.0
19.31529718719863,0.4290582336342793,373.2399562953166,0.3710051119567272,0.3779123913212202,-0.03290633866029101,-21.907858301267414,-0.03283771340495964,362.59972184689855,0.36475566869294895,-0.38402656182858724,0.04455388964042575,4.8858864307403564,1790364337.8242698,0.0,0.0
19.27568135082377,0.3349897369663615,372.98895153799185,0.3705117348579675,0.3779123913212202,-0.03241296139135785,-21.891866085492893,0.007634045597692339,362.38702730589324,0.36672917709504865,-0.38484885760182297,0.04241592163318464,4.8964831829071045,1790364337.8348665,0.0,0.0
19.241162426938445,0.26628944640856766,372.7265707065913,0.37133403002247073,0.3779123913212202,-0.031919584122667696,-21.92083577051949,0.16918058977915662,362.18868481201383,0.36343999642333413,-0.3836976435195293,0.03682431297842085,4.907040357589722,1790364337.8454237,0.0,0.0
19.22027742159267,0.2454718742172973,372.47992873501505,0.37133403002247073,0.37774793228912484,-0.03257742048097524,-22.00420261362176,0.3566951540819181,362.0599593779673,0.3627821602880616,-0.3833687252106064,0.03550864034946285,4.9160778522491455,1790364337.8544612,0.0,0.0
19.212426116033424,0.27147127668720283,372.26793314941943,0.37084065292382656,0.37807685035329636,-0.033235256839714816,-22.099283930379965,0.45440898993363893,362.02782320103057,0.3664002590282254,-0.38484885760182297,0.041264708089035214,4.926657438278198,1790364337.8650408,0.0,0.0
19.212465971878682,0.3248487765466623,372.1039346106145,0.3693605216268545,0.3774190142248769,-0.032084043212204094,-22.15434300146727,0.4079894821740044,362.0879100706639,0.36590688192784554,-0.3846843984471083,0.043238217021095905,4.937341928482056,1790364337.8757253,0.0,0.0
19.21729208903361,0.37911467836997786,371.9908831077396,0.3705117348579675,0.3779123913212202,-0.03224850230176747,-22.156761034159917,0.2585519259236011,362.2261329718467,0.36409783255829653,-0.38517777591135377,0.04340267609860151,4.94586443901062,1790364337.8842478,0.0,0.0
19.227065679233352,0.4112317304226849,371.92111382246037,0.37116957098960857,0.37774793228912484,-0.03274187957061962,-22.133884925589175,0.10329218983325955,362.4182678002468,0.36492012772656374,-0.38534223506616977,0.04175808532239554,4.956498384475708,1790364337.8948817,0.0,0.0
19.241859778310033,0.412168810078401,371.88404497157853,0.37084065292382656,0.3774190142248769,-0.03290633866029101,-22.121344106354353,0.01576185554198468,362.627690916177,0.3668936361284313,-0.38632898999577586,0.042744839788425804,4.965697288513184,1790364337.9040806,0.0,0.0
19.259329944888375,0.3905257909437858,371.8689935149873,0.37133403002247073,0.3775834732570104,-0.03241296139135785,-22.13428601388538,0.010719894314160486,362.8294210199916,0.3660713409613248,-0.3868223674610353,0.03945565823141012,4.975691080093384,1790364337.9140744,0.0,0.0
19.27657428906718,0.36194145668882427,371.8623233020878,0.37133403002247073,0.3779123913212202,-0.0330707977499894,-22.161688442592233,0.07286723857573775,363.0287297126955,0.3664002590282254,-0.38632898999577586,0.038468903762308375,4.986880779266357,1790364337.9252641,0.0,0.0
19.293112793120102,0.33820183874063287,371.85284416192184,0.37133403002247073,0.37774793228912484,-0.034057552288747184,-22.18773062925571,0.17655036065164026,363.24954097162595,0.3660713409613248,-0.38780912239246734,0.040935789933333744,4.99644136428833,1790364337.9348247,0.0,0.0
19.310642615092494,0.32929499879586765,371.83880071630796,0.37067619389090667,0.37659671906392234,-0.033399715929467236,-22.21527681263297,0.27411888109700483,363.5143112112571,0.3645912096593149,-0.3868223674610353,0.04077133085544463,5.005946397781372,1790364337.9443297,0.0,0.0
19.33000321757545,0.34615641945794806,371.8209488064148,0.37067619389090667,0.37709009616055245,-0.03290633866029101,-22.257161929848074,0.3106297338237065,363.82964736111114,0.3670580951617946,-0.38748020408185463,0.040277953621623716,5.016342401504517,1790364337.9547257,0.0,0.0
19.34904978676663,0.39354349533819505,371.7946254487317,0.37067619389090667,0.3769256371283615,-0.03274187957061962,-22.308314142114856,0.2701991942941831,364.1781902595207,0.36738701322846334,-0.386657908305915,0.042744839788425804,5.026898145675659,1790364337.9652815,0.0,0.0
19.36394671861513,0.4634433168303832,371.75074906634643,0.3693605216268545,0.3761033419671201,-0.03274187957061962,-22.346509245631058,0.18986757623625874,364.5249573776143,0.3670580951617946,-0.3864934491508285,0.04225146255552571,5.035594940185547,1790364337.9739783,0.0,0.0
19.371429386070943,0.5357343411738528,371.67130856302725,0.3688671445275171,0.37560996487014553,-0.03076837049666857,-22.360061164358072,0.12191964546209585,364.8329070652572,0.3670580951617946,-0.386657908305915,0.03879782191877813,5.0468385219573975,1790364337.9852219,0.0,0.0
19.368635671746087,0.5791390239415681,371.52416287198304,0.36952498065992845,0.3759388829348144,-0.03159066594367589,-22.35619883860062,0.09334974293696197,365.0739260518954,0.3664002590282254,-0.3871512857713773,0.04044241269958962,5.055477619171143,1790364337.993861,0.0,0.0
19.352220216345323,0.5577556474863078,371.2809107576296,0.3701828167920315,0.3759388829348144,-0.03159066594367589,-22.345365164379345,0.09689093589657542,365.23108231679606,0.36590688192784554,-0.38632898999577586,0.04077133085544463,5.0660400390625,1790364338.0044234,0.0,0.0
19.31818213969408,0.4546509538212123,370.9494328497823,0.36952498065992845,0.37560996487014553,-0.03274187957061962,-22.3319613497138,0.10320106075786639,365.29224981437767,0.36508458676015904,-0.3856711533759033,0.039620117309504065,5.07657790184021,1790364338.0149612,0.0,0.0
19.263473935406672,0.29282530916410765,370.5777055460919,0.36804484936156906,0.37462321067567933,-0.03241296139135785,-22.31645978067737,0.08313136889685724,365.2502838470643,0.37034727582500915,-0.3879735815478244,0.041429167166847566,5.087172269821167,1790364338.0255556,0.0,0.0
19.192018067652363,0.125027347737299,370.21889998455185,0.36952498065992845,0.3754455058377824,-0.03175512503315832,-22.29786804197448,0.03730636711841844,365.12313254878893,0.36574242289434694,-0.386657908305915,0.04225146255552571,5.096748113632202,1790364338.0351315,0.0,0.0
19.118567920139135,0.0018559847356804555,369.9085830542794,0.36985389872601854,0.37659671906392234,-0.03175512503315832,-22.276493650356404,0.001805401158655526,364.9582478418922,0.36508458676015904,-0.386000071685772,0.03879782191877813,5.1064841747283936,1790364338.0448675,0.0,0.0
19.060112434055917,-0.05163029439245039,369.6762599894274,0.37001835775903463,0.3754455058377824,-0.031097288675390578,-22.256795764399126,0.00410194920450359,364.8023261642094,0.36837376742800615,-0.38731574492659904,0.03994903546561511,5.116547107696533,1790364338.0549304,0.0,0.0
19.022727943595452,-0.03903213282601319,369.5503032853502,0.36952498065992845,0.3759388829348144,-0.03274187957061962,-22.243787272561406,0.02238365873674911,364.68976094818237,0.36903160356064885,-0.3883024998586401,0.04208700347784122,5.1260902881622314,1790364338.0644736,0.0,0.0
19.00144892428453,0.01792444249953796,369.5399845664084,0.3693605216268545,0.3757744239024895,-0.03274187957061962,-22.235198307523746,0.02106933160668535,364.6580217927312,0.36590688192784554,-0.3871512857713773,0.042909298866008055,5.136617183685303,1790364338.0750005,0.0,0.0
18.990202117255063,0.09468998839234952,369.6223879435578,0.36952498065992845,0.3754455058377824,-0.033399715929467236,-22.222968404515342,0.01612976500866433,364.73994846348586,0.3675514722617687,-0.387644663237144,0.039620117309504065,5.14591908454895,1790364338.0843024,0.0,0.0
18.987967588145164,0.17541176174693812,369.7463876295694,0.3685382264611957,0.37462321067567933,-0.03241296139135785,-22.20566103676733,0.05627463227700091,364.945095974382,0.36952498065992845,-0.38813804070321534,0.039620117309504065,5.156908988952637,1790364338.0952923,0.0,0.0
18.998080942509823,0.25458212307634825,369.84590765560347,0.3687026854943661,0.37495212874057804,-0.03175512503315832,-22.193415006309404,0.13822286354346955,365.25513591139514,0.3660713409613248,-0.38698682661618933,0.03813998560573607,5.166419982910156,1790364338.1048033,0.0,0.0
19.0206433056725,0.3300750378372074,369.8616310203148,0.36820930839479726,0.37412983357818747,-0.03241296139135785,-22.19241864085019,0.18976746567225222,365.6133279212174,0.3668936361284313,-0.38731574492659904,0.038962280996974574,5.175631046295166,1790364338.1140144,0.0,0.0
19.045066903795068,0.3967529815275643,369.76496320945023,0.3677159312950548,0.3742942926107039,-0.03175512503315832,-22.18762158115336,0.1521466110062572,365.93336156779304,0.37001835775903463,-0.38813804070321534,0.04307375794356475,5.186316251754761,1790364338.1246996,0.0,0.0
19.05485517644732,0.44775181435874567,369.5653691103063,0.36788039032832154,0.37412983357818747,-0.031426206854220484,-22.15870352328277,0.048795098381031445,366.15844853403905,0.37116957098960857,-0.38978263225898657,0.044882807795002956,5.1958253383636475,1790364338.1342087,0.0,0.0
19.041089259585736,0.47816062443704593,369.2971985106183,0.3677159312950548,0.3739653745456519,-0.03175512503315832,-22.11664881994497,-0.03860161502129702,366.2980879145343,0.36508458676015904,-0.3871512857713773,0.042744839788425804,5.206570148468018,1790364338.1449535,0.0,0.0
19.00904566326528,0.4855849784918309,369.00025447672124,0.36837376742800615,0.373800915513097,-0.031097288675390578,-22.103201685361626,-0.04143560396444793,366.3808997044886,0.365577963860829,-0.387644663237144,0.03978457638757239,5.2164833545684814,1790364338.1548667,0.0,0.0
18.96951585396007,0.47305955412230016,368.7081054422574,0.3688671445275171,0.3739653745456519,-0.033399715929467236,-22.147528859990082,0.046216423587208635,366.40718336269185,0.37133403002247073,-0.3896181731032571,0.03945565823141012,5.227185964584351,1790364338.1655693,0.0,0.0
18.926985879724683,0.4566087646530776,368.4519019322388,0.3691960625937613,0.3742942926107039,-0.03290633866029101,-22.237343941557576,0.1658071858247215,366.3868807739789,0.3724852432519675,-0.38994709141475,0.04011349454363222,5.236006259918213,1790364338.1743896,0.0,0.0
18.882095647085446,0.4640223005071414,368.2660451225082,0.3672225541951386,0.3739653745456519,-0.03257742048097524,-22.33274826738678,0.24845307147340612,366.3791479645231,0.3665647180616467,-0.38780912239246734,0.042909298866008055,5.246074676513672,1790364338.184458,0.0,0.0
18.84223327144338,0.5169418498809967,368.17315491688214,0.3675514722617687,0.37412983357818747,-0.032084043212204094,-22.399705729369586,0.2823460892914227,366.4359414538309,0.3670580951617946,-0.3871512857713773,0.042909298866008055,5.256865739822388,1790364338.195249,0.0,0.0
18.821548485912555,0.6136218946614225,368.1677651294455,0.3696894396929831,0.37511658777299867,-0.032084043212204094,-22.434180915129083,0.3081228850205937,366.5344266756501,0.3688671445275171,-0.3884669590140987,0.04307375794356475,5.266700267791748,1790364338.2050836,0.0,0.0
18.827295603970686,0.7296064863427816,368.22871817888847,0.3687026854943661,0.37412983357818747,-0.031919584122667696,-22.458393627535436,0.3485387172648146,366.61289829676247,0.3719918661537271,-0.3896181731032571,0.03978457638757239,5.276571989059448,1790364338.2149553,0.0,0.0
18.849185940361235,0.8327720242757705,368.33700024944454,0.36820930839479726,0.37462321067567933,-0.03290633866029101,-22.489067985007164,0.3760833567963424,366.6511152886493,0.3664002590282254,-0.3879735815478244,0.03682431297842085,5.2859046459198,1790364338.224288,0.0,0.0
18.867462839697907,0.9007793462238362,368.4759314746712,0.3691960625937613,0.37462321067567933,-0.03274187957061962,-22.511043637031918,0.35275504254668594,366.67500049577615,0.36738701322846334,-0.3879735815478244,0.039620117309504065,5.29585337638855,1790364338.2342367,0.0,0.0
18.872405172946515,0.9297055088826164,368.6261357831968,0.36820930839479726,0.3739653745456519,-0.03224850230176747,-22.49279055354531,0.2733623359380574,366.70720365823286,0.37116957098960857,-0.38978263225898657,0.04110024901119727,5.306391000747681,1790364338.2447743,0.0,0.0
18.87298381192455,0.9278094898263023,368.7577678343111,0.36820930839479726,0.373636456480523,-0.031919584122667696,-22.426649438048635,0.16529324034825701,366.7568403972822,0.36985389872601854,-0.38928925479189963,0.04356713517608157,5.315804481506348,1790364338.2541878,0.0,0.0
18.883356722751085,0.901493911311766,368.8287456681662,0.36903160356064885,0.373800915513097,-0.031919584122667696,-22.341085070551976,0.06652489138356014,366.8362712865048,0.3685382264611957,-0.3887958773251175,0.04340267609860151,5.326477289199829,1790364338.2648606,0.0,0.0
18.902725890807776,0.8500481171943605,368.8084020914529,0.3691960625937613,0.373800915513097,-0.033235256839714816,-22.272960031123123,0.012183633122446748,366.9522127389423,0.3696894396929831,-0.38978263225898657,0.04175808532239554,5.335905075073242,1790364338.2742884,0.0,0.0
18.916003953989186,0.7761198540243354,368.7032103476939,0.36788039032832154,0.373636456480523,-0.034057552288747184,-22.23786713435765,0.026296791654385546,367.0974184794793,0.3724852432519675,-0.3906049280381424,0.03912674007514537,5.346692323684692,1790364338.2850757,0.0,0.0
18.91448193144958,0.6975158050548874,368.54641656150864,0.3677159312950548,0.3729786203500351,-0.03290633866029101,-22.229320707903337,0.10805412662345765,367.26937346838986,0.37116957098960857,-0.38978263225898657,0.03945565823141012,5.355845928192139,1790364338.2942293,0.0,0.0
18.90594008025979,0.6425272156908631,368.3653045417567,0.3672225541951386,0.3728141613173651,-0.032084043212204094,-22.238359886682254,0.2237963503557034,367.4753770299376,0.36820930839479726,-0.3891247956362718,0.040606871777529925,5.367164134979248,1790364338.3055475,0.0,0.0
18.9019203770169,0.6330093538725675,368.1669657889603,0.3668936361284313,0.3724852432519675,-0.03224850230176747,-22.26552480121468,0.3212258001229289,367.7009449534288,0.36804484936156906,-0.3884669590140987,0.04175808532239554,5.376725673675537,1790364338.315109,0.0,0.0
18.903693873437014,0.6735516976692569,367.9482363758229,0.3660713409613248,0.3719918661537271,-0.033235256839714816,-22.31169008958276,0.3647206467847007,367.8900465326897,0.37001835775903463,-0.3883024998586401,0.04340267609860151,5.386443853378296,1790364338.3248272,0.0,0.0
18.90473396957354,0.7527006729794191,367.7093956762647,0.3668936361284313,0.3726497022846759,-0.0330707977499894,-22.3638603865649,0.3636864745782471,367.97843646550734,0.37084065292382656,-0.3884669590140987,0.04422497148574647,5.397038698196411,1790364338.335422,0.0,0.0
18.901639401209714,0.8478104312336328,367.46778378117017,0.36804484936156906,0.373800915513097,-0.03224850230176747,-22.401263386931376,0.36400226359515364,367.9403519881781,0.36820930839479726,-0.38780912239246734,0.043731594253536094,5.405581951141357,1790364338.3439653,0.0,0.0
18.89791969713975,0.9290189476154551,367.26848705023167,0.36952498065992845,0.3744587516432012,-0.03126174776479204,-22.41660630431942,0.4141230556051877,367.7845915135588,0.3645912096593149,-0.3868223674610353,0.040935789933333744,5.416949510574341,1790364338.3553329,0.0,0.0
18.89850318943374,0.967424723295963,367.1700789855938,0.3688671445275171,0.3739653745456519,-0.03356417501924669,-22.421053542170334,0.5311764605004163,367.52087152735726,0.36804484936156906,-0.38780912239246734,0.03698877205692505,5.426820993423462,1790364338.3652043,0.0,0.0
18.904651752720135,0.9490628764352697,367.20687991863576,0.36788039032832154,0.373800915513097,-0.03290633866029101,-22.42571029196167,0.6735847194651474,367.1695510737072,0.3718274071209418,-0.38863141816959124,0.038468903762308375,5.435702562332153,1790364338.374086,0.0,0.0
18.914580840016825,0.8845678732404904,367.37269878271456,0.37116957098960857,0.37626780099940665,-0.03356417501924669,-22.42703167042103,0.7484692661757438,366.7921866419857,0.36590688192784554,-0.38632898999577586,0.03830444468403504,5.446057558059692,1790364338.384441,0.0,0.0
18.926590885507565,0.8029680131205403,367.6488349806567,0.3705117348579675,0.3759388829348144,-0.03274187957061962,-22.412988895602158,0.6817644318960674,366.45673692114974,0.36524904579373507,-0.38583561253082077,0.042580380710817996,5.45561408996582,1790364338.3939974,0.0,0.0
18.94113900623077,0.734094826170178,368.02727929346753,0.36903160356064885,0.3754455058377824,-0.03290633866029101,-22.378953119451783,0.49714070640433466,366.1773078294419,0.3701828167920315,-0.38748020408185463,0.04669185764335403,5.466243505477905,1790364338.4046268,0.0,0.0
18.95891824329395,0.6947583335159808,368.48777331769014,0.36952498065992845,0.37528104680540014,-0.03241296139135785,-22.336834673220768,0.31294234620062844,365.93573103131934,0.3705117348579675,-0.387644663237144,0.0452117259494781,5.475815296173096,1790364338.4141986,0.0,0.0
18.976365277909245,0.682978465605288,368.9778014181925,0.3728141613173651,0.3775834732570104,-0.032084043212204094,-22.307394066780432,0.2518636667120201,365.73680851089915,0.365577963860829,-0.3856711533759033,0.03978457638757239,5.48647141456604,1790364338.4248548,0.0,0.0
18.986113428371794,0.6788627250585714,369.44267006587546,0.37034727582500915,0.37709009616055245,-0.032084043212204094,-22.30097809423188,0.3480006780622697,365.58931884559377,0.36475566869294895,-0.38484885760182297,0.03830444468403504,5.496950626373291,1790364338.435334,0.0,0.0
18.983806908218163,0.6551914209713494,369.8590123184579,0.37084065292382656,0.3772545551927242,-0.03241296139135785,-22.307901098890955,0.5270938268988008,365.46066903330814,0.3670580951617946,-0.38583561253082077,0.03682431297842085,5.506654500961304,1790364338.4450378,0.0,0.0
18.971634638900998,0.5925307861610778,370.2266624415645,0.3705117348579675,0.3774190142248769,-0.03159066594367589,-22.307774780469202,0.6665090237397385,365.2968850370134,0.3670580951617946,-0.3855066942210197,0.03781106744906118,5.515858888626099,1790364338.4542422,0.0,0.0
18.952335304670775,0.48718627149502036,370.5504056537862,0.37232078421924,0.3784057684173915,-0.03257742048097524,-22.285078208850713,0.6833070083907653,365.0729481773209,0.3664002590282254,-0.38484885760182297,0.04192254440013117,5.526585102081299,1790364338.4649684,0.0,0.0
18.924311673249385,0.3499709925607646,370.8425454977487,0.3729786203500351,0.378899145513391,-0.033235256839714816,-22.240151020936807,0.5852155327550895,364.7998914670728,0.36393337352458505,-0.3841910209831668,0.04570510318099953,5.535973072052002,1790364338.4743564,0.0,0.0
18.887352657899854,0.201620238826107,371.1254960057434,0.3716629480881374,0.3784057684173915,-0.03290633866029101,-22.19272672785767,0.4563327245228789,364.4943863894212,0.3636044554571038,-0.3841910209831668,0.04603402133521965,5.54552435874939,1790364338.4839077,0.0,0.0
18.847999520651307,0.06911996023872675,371.4152855209516,0.37133403002247073,0.37857022744941043,-0.031426206854220484,-22.171223555481752,0.40208506886239076,364.1631814499498,0.36804484936156906,-0.38534223506616977,0.04406051240836854,5.5566725730896,1790364338.495056,0.0,0.0
18.81544011039542,-0.018537993377733195,371.7071720676046,0.3719918661537271,0.3784057684173915,-0.032084043212204094,-22.19115320635105,0.49173332974185197,363.81896007478406,0.36376891449085413,-0.38402656182858724,0.040606871777529925,5.567010402679443,1790364338.5053937,0.0,0.0
18.79523213751628,-0.03773519124712248,371.98092305988246,0.3716629480881374,0.3784057684173915,-0.033235256839714816,-22.244445158234512,0.7177382703841679,363.485977131353,0.36442675062566154,-0.3832042660561956,0.03781106744906118,5.575628757476807,1790364338.514012,0.0,0.0
18.78817189405556,0.02328058367447802,372.21075499466434,0.37116957098960857,0.3775834732570104,-0.03356417501924669,-22.307274828015917,0.9883959000171976,363.1846363867529,0.3688671445275171,-0.38501331675657147,0.03813998560573607,5.586970806121826,1790364338.5253541,0.0,0.0
18.79328641477296,0.1621668392600644,372.3684829938286,0.37067619389090667,0.3774190142248769,-0.0330707977499894,-22.353991034505395,1.1708824643265576,362.9350901371265,0.36442675062566154,-0.3846843984471083,0.041429167166847566,5.596496820449829,1790364338.5348802,0.0,0.0
18.810491663777384,0.36053967348713156,372.42831358616905,0.37067619389090667,0.3769256371283615,-0.03257742048097524,-22.369145811628936,1.1739539039853708,362.7553284674158,0.35899960250421536,-0.38139521535990345,0.04340267609860151,5.606372356414795,1790364338.5447557,0.0,0.0
18.841631516933667,0.580533848819053,372.377392001791,0.3701828167920315,0.37659671906392234,-0.031097288675390578,-22.35045243550085,1.0147102029706156,362.63103049824576,0.3662357999947848,-0.3836976435195293,0.042744839788425804,5.616925954818726,1790364338.5553093,0.0,0.0
18.88831413877013,0.7692680245367852,372.22085685706486,0.3705117348579675,0.37659671906392234,-0.03290633866029101,-22.30248936185729,0.8011736386427517,362.5302231036265,0.3672225541951386,-0.38484885760182297,0.03994903546561511,5.626737833023071,1790364338.5651212,0.0,0.0
18.945495120381196,0.8793237982450759,371.9769816066714,0.37001835775903463,0.3761033419671201,-0.03274187957061962,-22.23328716661719,0.6390530275838799,362.4575696051769,0.36590688192784554,-0.38501331675657147,0.03830444468403504,5.636257648468018,1790364338.574641,0.0,0.0
18.9985095271673,0.8920691966595212,371.67269030791863,0.37133403002247073,0.37659671906392234,-0.032084043212204094,-22.15423822936811,0.5581672476868818,362.4479762039266,0.36393337352458505,-0.3838621026740414,0.03994903546561511,5.646085500717163,1790364338.5844688,0.0,0.0
19.029433590431665,0.8246879630259439,371.34126599766864,0.3701828167920315,0.3757744239024895,-0.031919584122667696,-22.07469200816628,0.5217431216288236,362.51267234333494,0.36574242289434694,-0.383533184365051,0.038962280996974574,5.656689882278442,1790364338.5950732,0.0,0.0
19.02859378714757,0.7186112634017952,371.01426683662345,0.36985389872601854,0.3761033419671201,-0.032084043212204094,-21.997032678822304,0.48416836498766563,362.62584118630946,0.3665647180616467,-0.38451993929242734,0.043731594253536094,5.66759467124939,1790364338.605978,0.0,0.0
19.00245723686697,0.6162664765345782,370.71492101964805,0.37116957098960857,0.3772545551927242,-0.03274187957061962,-21.927416992168382,0.4305713523398769,362.75337341669245,0.36492012772656374,-0.38484885760182297,0.045047266872253286,5.676135540008545,1790364338.614519,0.0,0.0
18.969568256707262,0.5417712270259604,370.46884206182335,0.3721563251864931,0.3775834732570104,-0.03257742048097524,-21.890105930053867,0.37639629440444894,362.8707505968344,0.3636044554571038,-0.38501331675657147,0.040606871777529925,5.686669826507568,1790364338.6250532,0.0,0.0
18.946598279856453,0.5021199272981964,370.3157199660455,0.3710051119567272,0.37709009616055245,-0.03356417501924669,-21.912510637041574,0.3401860344812012,362.964307601162,0.36574242289434694,-0.386164530840757,0.03698877205692505,5.697221279144287,1790364338.6356046,0.0,0.0
18.940757001422718,0.5003585852349045,370.29412250507926,0.3716629480881374,0.3779123913212202,-0.034222011378634745,-21.99126234206996,0.3114238452522242,363.0437839553009,0.3675514722617687,-0.3871512857713773,0.0371532311354036,5.70775580406189,1790364338.6461391,0.0,0.0
18.95734255673071,0.5393594477627957,370.4139721770195,0.3718274071209418,0.37709009616055245,-0.03224850230176747,-22.08636655012306,0.25003569923621055,363.14993199965215,0.36475566869294895,-0.386000071685772,0.03929119915329056,5.717676639556885,1790364338.65606,0.0,0.0
19.006052593299778,0.6125558349339381,370.6458411271426,0.3710051119567272,0.3772545551927242,-0.03241296139135785,-22.154085112990426,0.12594216168466785,363.3213535565626,0.36574242289434694,-0.38583561253082077,0.042744839788425804,5.72721529006958,1790364338.6655986,0.0,0.0
19.091020450870786,0.6960881249711973,370.93375895255156,0.3716629480881374,0.3775834732570104,-0.032084043212204094,-22.179167589743535,-0.04366417707161147,363.55469966493115,0.3677159312950548,-0.386164530840757,0.044882807795002956,5.736659526824951,1790364338.6750429,0.0,0.0
19.19687098807387,0.7551175182751576,371.22284568725604,0.3714984890553137,0.3772545551927242,-0.03290633866029101,-22.172898339303583,-0.19275066174252006,363.8150246114875,0.3665647180616467,-0.386000071685772,0.04307375794356475,5.747225761413574,1790364338.685609,0.0,0.0
19.29083221301984,0.7614431150318296,371.4756465016777,0.37034727582500915,0.37643226003167407,-0.03241296139135785,-22.15104702819081,-0.2474050785324981,364.07005706115086,0.3642622915919887,-0.38534223506616977,0.037317690213856475,5.7571702003479,1790364338.6955535,0.0,0.0
19.341541310267157,0.7087477751744123,371.66393478233806,0.3714984890553137,0.3772545551927242,-0.03224850230176747,-22.122886409232905,-0.19049410926933683,364.29026385839603,0.3642622915919887,-0.38451993929242734,0.0371532311354036,5.765817642211914,1790364338.704201,0.0,0.0
19.33768668302989,0.6157263659519007,371.76386705063146,0.3714984890553137,0.3774190142248769,-0.033235256839714816,-22.09299884965936,-0.08131364088427279,364.4287368374967,0.3654135048272917,-0.3841910209831668,0.040935789933333744,5.776353120803833,1790364338.7147365,0.0,0.0
19.29166567729802,0.5173402518059533,371.77066471830904,0.3721563251864931,0.3784057684173915,-0.03241296139135785,-22.061871901688306,0.00742230090422301,364.43279641073536,0.3668936361284313,-0.3843554801377802,0.04011349454363222,5.786845922470093,1790364338.7252293,0.0,0.0
19.227695546128473,0.4484861908120097,371.7093840699449,0.3714984890553137,0.3769256371283615,-0.03257742048097524,-22.02780909916317,0.05499933575296293,364.2820339519382,0.36524904579373507,-0.38484885760182297,0.04225146255552571,5.796461820602417,1790364338.7348452,0.0,0.0
19.166200220203933,0.4285826602076218,371.6245358638283,0.3716629480881374,0.3779123913212202,-0.03290633866029101,-21.997644728094716,0.08063021505567332,364.00386677084896,0.36442675062566154,-0.3841910209831668,0.042580380710817996,5.806656360626221,1790364338.7450397,0.0,0.0
19.116799243439562,0.45654976122616164,371.55931215857856,0.3716629480881374,0.3775834732570104,-0.03274187957061962,-21.98970717150477,0.09841296341823699,363.6558770572768,0.3654135048272917,-0.3846843984471083,0.041429167166847566,5.815741539001465,1790364338.7541249,0.0,0.0
19.082870199734423,0.5155521014042296,371.5402822816304,0.3721563251864931,0.3782413093853535,-0.03290633866029101,-22.01231237418751,0.1126163101820839,363.30456118100676,0.3660713409613248,-0.3841910209831668,0.03912674007514537,5.827143907546997,1790364338.7655272,0.0,0.0
19.068736163726427,0.5826663570254073,371.57024704112484,0.37034727582500915,0.37709009616055245,-0.032084043212204094,-22.046072702138733,0.13667624194491595,363.01398212980234,0.3670580951617946,-0.3846843984471083,0.03994903546561511,5.836850881576538,1790364338.7752342,0.0,0.0
19.078571516551218,0.6392619859117913,371.62904381767373,0.3710051119567272,0.37774793228912484,-0.03290633866029101,-22.063297870280085,0.184793991828333,362.8336492879506,0.36475566869294895,-0.38517777591135377,0.041264708089035214,5.846380233764648,1790364338.7847636,0.0,0.0
19.109925006687824,0.6770105503116929,371.6875697444108,0.37133403002247073,0.3772545551927242,-0.03257742048097524,-22.058828486029032,0.2526961057450768,362.7787801253649,0.3629466193219088,-0.38451993929242734,0.042744839788425804,5.8574278354644775,1790364338.7958112,0.0,0.0
19.150871094181305,0.6977174814771517,371.7276941257191,0.3719918661537271,0.37774793228912484,-0.0330707977499894,-22.050017011032622,0.32756889253919796,362.81887459974786,0.36508458676015904,-0.38484885760182297,0.041429167166847566,5.865599870681763,1790364338.8039832,0.0,0.0
19.184534785750863,0.7069154013671363,371.7487606532934,0.37133403002247073,0.3772545551927242,-0.03076837049666857,-22.054170049048906,0.40372554080894896,362.9024026383279,0.36804484936156906,-0.38583561253082077,0.040935789933333744,5.876105308532715,1790364338.8144886,0.0,0.0
19.199356147224275,0.7035196879200799,371.75886089262025,0.3724852432519675,0.3772545551927242,-0.031426206854220484,-22.075012462069434,0.4737298259136449,362.9988307221299,0.36393337352458505,-0.3841910209831668,0.03830444468403504,5.886805534362793,1790364338.8251889,0.0,0.0
19.19522062748449,0.6767899653208315,371.7646495158709,0.3710051119567272,0.37659671906392234,-0.0330707977499894,-22.103261607599848,0.5186655291144069,363.09746672185287,0.36442675062566154,-0.38402656182858724,0.03879782191877813,5.896479845046997,1790364338.8348632,0.0,0.0
19.178923478530734,0.6207007593279786,371.7683923311861,0.37232078421924,0.3784057684173915,-0.03438647046854934,-22.122391563155936,0.5182953788174705,363.1803202572201,0.36820930839479726,-0.386000071685772,0.04110024901119727,5.906585931777954,1790364338.8449693,0.0,0.0
19.157696165393816,0.5503310851786181,371.77341675507745,0.3718274071209418,0.3774190142248769,-0.033399715929467236,-22.119031717802713,0.4650898684023581,363.23934298646384,0.3664002590282254,-0.3855066942210197,0.04192254440013117,5.9174182415008545,1790364338.8558016,0.0,0.0
19.140118817816916,0.496092770803327,371.78497454895626,0.3716629480881374,0.3774190142248769,-0.03257742048097524,-22.092391270187207,0.36946461072362824,363.3000907899729,0.36442675062566154,-0.3841910209831668,0.040606871777529925,5.927005052566528,1790364338.8653884,0.0,0.0
19.13794244252883,0.482749331301381,371.7976918071058,0.37133403002247073,0.37643226003167407,-0.03224850230176747,-22.05205996627974,0.25857355525371284,363.3857208179384,0.36524904579373507,-0.38451993929242734,0.039620117309504065,5.936955690383911,1790364338.875339,0.0,0.0
19.159022747489438,0.5162085460409663,371.78905095516416,0.37133403002247073,0.37626780099940665,-0.03274187957061962,-22.00897510490485,0.16548840121395778,363.48281230656045,0.3688671445275171,-0.3856711533759033,0.040277953621623716,5.946600914001465,1790364338.8849843,0.0,0.0
19.19782279690906,0.5842925064272984,371.73318505723097,0.3718274071209418,0.37626780099940665,-0.033235256839714816,-21.97045537894345,0.11267707652545991,363.5738694376175,0.3675514722617687,-0.38632898999577586,0.038633362840556074,5.956500291824341,1790364338.8948836,0.0,0.0
19.235909754792203,0.6656375072476166,371.61791808290394,0.36952498065992845,0.37528104680540014,-0.0330707977499894,-21.939616417824478,0.10612480401316245,363.67159721702734,0.36245324222030895,-0.38451993929242734,0.040935789933333744,5.966659069061279,1790364338.9050424,0.0,0.0
19.25387761854482,0.7395647464439072,371.4471026701508,0.37116957098960857,0.3767611780961515,-0.03241296139135785,-21.918146255903398,0.13988173415564906,363.7916746933563,0.3668936361284313,-0.386000071685772,0.041264708089035214,5.976070165634155,1790364338.9144535,0.0,0.0
19.245787319626157,0.7904258372480127,371.24008762351554,0.3721563251864931,0.37643226003167407,-0.03257742048097524,-21.911424675582904,0.19032089971884858,363.9251315135254,0.36820930839479726,-0.386164530840757,0.0371532311354036,5.98671293258667,1790364338.9250963,0.0,0.0
19.22192417686196,0.8091683362729168,371.0357625185848,0.3714984890553137,0.3767611780961515,-0.033399715929467236,-21.924367153385425,0.20911627429382634,364.05986357497216,0.3675514722617687,-0.386164530840757,0.040277953621623716,5.996048450469971,1790364338.9344318,0.0,0.0
19.1969323448533,0.7997147007752814,370.8791240527103,0.3701828167920315,0.3759388829348144,-0.034057552288747184,-21.94787474932469,0.16108164190224866,364.19661978101794,0.3670580951617946,-0.386000071685772,0.04307375794356475,6.006012439727783,1790364338.9443958,0.0,0.0
19.18030395204543,0.7824574364465585,370.7923565143766,0.3705117348579675,0.3757744239024895,-0.0330707977499894,-21.960013212659426,0.07646745980100053,364.3322322447926,0.36672917709504865,-0.3856711533759033,0.03830444468403504,6.017737865447998,1790364338.9561212,0.0,0.0
19.17896383908924,0.782567900914636,370.76702810320035,0.3721563251864931,0.3772545551927242,-0.03224850230176747,-21.949644415343496,0.01870526810238802,364.4476563234509,0.3662357999947848,-0.3856711533759033,0.04110024901119727,6.026807069778442,1790364338.9651904,0.0,0.0
19.199232645934117,0.8121027111405518,370.7847611644337,0.3705117348579675,0.3757744239024895,-0.03224850230176747,-21.934131625195402,0.004741625993043618,364.51634185296695,0.36508458676015904,-0.38517777591135377,0.04406051240836854,6.0376691818237305,1790364338.9760525,0.0,0.0
19.239268845536742,0.8642620239203856,370.8295610759551,0.37116957098960857,0.3759388829348144,-0.033399715929467236,-21.940998708137908,0.016610932488333452,364.52080705957235,0.36672917709504865,-0.38534223506616977,0.04192254440013117,6.047478199005127,1790364338.9858615,0.0,0.0
19.284485212007723,0.9216133158619813,370.877551399358,0.37034727582500915,0.37528104680540014,-0.03274187957061962,-21.972792417151283,0.07365621063941341,364.4638515943278,0.36574242289434694,-0.38501331675657147,0.040277953621623716,6.055779933929443,1790364338.9941633,0.0,0.0
19.317480281413197,0.9642234258113189,370.8933580792541,0.3710051119567272,0.37560996487014553,-0.03257742048097524,-22.00975615207502,0.21573166829423637,364.36319623955296,0.3668936361284313,-0.3855066942210197,0.04208700347784122,6.06540322303772,1790364339.0037866,0.0,0.0
19.33227793469612,0.9707122996892817,370.8476771492269,0.37133403002247073,0.3757744239024895,-0.03290633866029101,-22.04417300232314,0.4173914741876549,364.23403095425147,0.365577963860829,-0.38484885760182297,0.03912674007514537,6.077064752578735,1790364339.015448,0.0,0.0
19.334427967823316,0.9235132930663512,370.7381661793273,0.37133403002247073,0.3754455058377824,-0.03290633866029101,-22.08266529326936,0.5793812374234484,364.0845524914691,0.36788039032832154,-0.3855066942210197,0.0371532311354036,6.088658094406128,1790364339.0270414,0.0,0.0
19.32662355761788,0.8235569935830765,370.591860416219,0.37001835775903463,0.37528104680540014,-0.0330707977499894,-22.116575092729775,0.6137300472008097,363.93137313764987,0.36508458676015904,-0.38402656182858724,0.04340267609860151,6.095886707305908,1790364339.03427,0.0,0.0
19.300644215661862,0.6969630193012513,370.44878060462463,0.37067619389090667,0.37659671906392234,-0.032084043212204094,-22.12372364793165,0.5160351713744358,363.79728301050676,0.36442675062566154,-0.3843554801377802,0.044389430563098874,6.106724977493286,1790364339.0451083,0.0,0.0
19.247396413826674,0.5811822953327648,370.3454659504655,0.37116957098960857,0.3767611780961515,-0.031919584122667696,-22.10223840606866,0.3661830662698267,363.6862251734066,0.3670580951617946,-0.3856711533759033,0.042580380710817996,6.116804599761963,1790364339.055188,0.0,0.0
19.170851239245195,0.5042526172254778,370.30705027947994,0.3718274071209418,0.3767611780961515,-0.032084043212204094,-22.077473782321572,0.27410104747777353,363.59401966775243,0.3696894396929831,-0.3871512857713773,0.04241592163318464,6.1267969608306885,1790364339.0651803,0.0,0.0
19.08707289688636,0.47565639847555696,370.3428827841601,0.37067619389090667,0.37626780099940665,-0.03274187957061962,-22.075118292719527,0.3074435263141575,363.54811797229144,0.3662357999947848,-0.38583561253082077,0.040606871777529925,6.139615297317505,1790364339.0779986,0.0,0.0
19.011276124483345,0.4893090404490045,370.4449292894774,0.3716629480881374,0.3769256371283615,-0.033235256839714816,-22.098001229290062,0.44921237966387173,363.5942337245283,0.36574242289434694,-0.38501331675657147,0.0371532311354036,6.145937204360962,1790364339.0843205,0.0,0.0
18.952408538011756,0.5305324383829144,370.5936689245623,0.3716629480881374,0.3774190142248769,-0.03290633866029101,-22.124247347204694,0.6179780745200167,363.7422662417712,0.36903160356064885,-0.3868223674610353,0.03879782191877813,6.1557135581970215,1790364339.094097,0.0,0.0
18.917577228650266,0.5833286048619987,370.7682567401993,0.3716629480881374,0.37659671906392234,-0.03274187957061962,-22.12813607211201,0.7272977178485114,363.96013621440034,0.3672225541951386,-0.38632898999577586,0.04356713517608157,6.166948080062866,1790364339.1053314,0.0,0.0
18.912405935836762,0.6349267604040616,370.9485429262003,0.37133403002247073,0.3767611780961515,-0.03257742048097524,-22.106746471172094,0.7372597010965427,364.211665300588,0.36903160356064885,-0.3871512857713773,0.04307375794356475,6.176717519760132,1790364339.1151009,0.0,0.0
18.93651708415947,0.6763511921329773,371.10925688241286,0.3710051119567272,0.37643226003167407,-0.03224850230176747,-22.07907794295734,0.6724094512019009,364.4733802329806,0.36475566869294895,-0.38517777591135377,0.04159362624463435,6.186527967453003,1790364339.1249113,0.0,0.0
18.980744506078203,0.703686773493175,371.2204496601504,0.3710051119567272,0.37659671906392234,-0.033235256839714816,-22.06001615697379,0.5986082183064654,364.71869358683705,0.3668936361284313,-0.3855066942210197,0.042580380710817996,6.196171522140503,1790364339.1345549,0.0,0.0
19.028422135741266,0.7211923062035569,371.2574222031435,0.37067619389090667,0.3759388829348144,-0.033235256839714816,-22.05017888389774,0.5705455928587432,364.9080141902858,0.3688671445275171,-0.38517777591135377,0.039620117309504065,6.2066991329193115,1790364339.1450825,0.0,0.0
19.062616137769208,0.7386658532507733,371.21161225306514,0.37084065292382656,0.37643226003167407,-0.03224850230176747,-22.048480844561638,0.58942753511858,365.0052406529889,0.3677159312950548,-0.3841910209831668,0.037482149292283704,6.215548276901245,1790364339.1539316,0.0,0.0
19.07642930162828,0.758887117384116,371.09580462066066,0.3714984890553137,0.37774793228912484,-0.03257742048097524,-22.056171932807136,0.6102326595041346,364.9922743079885,0.3675514722617687,-0.38583561253082077,0.03994903546561511,6.227027416229248,1790364339.1654108,0.0,0.0
19.075939270304765,0.7680745625735376,370.9440683772008,0.3716629480881374,0.3772545551927242,-0.03224850230176747,-22.070227905202234,0.5926098766824603,364.8727923130666,0.3672225541951386,-0.386000071685772,0.04537618502667742,6.236546516418457,1790364339.1749299,0.0,0.0
19.069291487045064,0.7451685223801874,370.8059939094429,0.3719918661537271,0.37709009616055245,-0.033399715929467236,-22.08679141577787,0.5484601069864565,364.6783180528062,0.3654135048272917,-0.386164530840757,0.04537618502667742,6.245809078216553,1790364339.1841924,0.0,0.0
19.055238216470435,0.681090439428295,370.72880567431724,0.37133403002247073,0.3769256371283615,-0.03274187957061962,-22.110048316182638,0.5397881616750874,364.4574100453546,0.3654135048272917,-0.38501331675657147,0.04077133085544463,6.2563276290893555,1790364339.194711,0.0,0.0
19.027341237376874,0.5880289964006299,370.732343495809,0.3705117348579675,0.3759388829348144,-0.03224850230176747,-22.150220267906626,0.6192297700536835,364.2533910650919,0.36952498065992845,-0.3868223674610353,0.042580380710817996,6.265062093734741,1790364339.2034454,0.0,0.0
18.98424026030456,0.4961664842695959,370.79741184266607,0.37133403002247073,0.37643226003167407,-0.03175512503315832,-22.21251677349197,0.7723967360595483,364.1016479087557,0.3685382264611957,-0.3856711533759033,0.03945565823141012,6.275595426559448,1790364339.2139788,0.0,0.0
18.93076367969917,0.4435473228354908,370.8814644921615,0.37034727582500915,0.3761033419671201,-0.03274187957061962,-22.28450725517542,0.9319039392458421,364.0279087205729,0.3664002590282254,-0.38501331675657147,0.038468903762308375,6.2870025634765625,1790364339.225386,0.0,0.0
18.87529077525529,0.4600599345130561,370.9451165461482,0.36985389872601854,0.37560996487014553,-0.034057552288747184,-22.33359509414451,1.0416893802756042,364.0291976761033,0.3677159312950548,-0.38517777591135377,0.043731594253536094,6.296594858169556,1790364339.2349782,0.0,0.0
18.82982393498655,0.5520039005480462,370.9618380778471,0.37116957098960857,0.3761033419671201,-0.0330707977499894,-22.33192582521866,1.0876698847453554,364.0711257935983,0.3660713409613248,-0.3846843984471083,0.042909298866008055,6.306927442550659,1790364339.2453108,0.0,0.0
18.805379915541934,0.6980739299424333,370.9162846272959,0.37034727582500915,0.37462321067567933,-0.03159066594367589,-22.28777930584374,1.0730555766296475,364.1066719941352,0.36409783255829653,-0.383533184365051,0.04225146255552571,6.316466808319092,1790364339.2548501,0.0,0.0
18.804382284599335,0.8558293057970772,370.8058027404037,0.37067619389090667,0.3761033419671201,-0.03241296139135785,-22.237886544966255,1.0036526312971512,364.0895023213862,0.36672917709504865,-0.38534223506616977,0.04307375794356475,6.32653546333313,1790364339.2649188,0.0,0.0
18.82190977907191,0.9737567848515319,370.6430004056946,0.3701828167920315,0.3759388829348144,-0.031919584122667696,-22.207087616958518,0.913846027687139,363.9943373059119,0.36788039032832154,-0.3855066942210197,0.040935789933333744,6.336637496948242,1790364339.2750208,0.0,0.0
18.85115242055507,1.0120992700235183,370.45932537358766,0.37133403002247073,0.3767611780961515,-0.03455092955849097,-22.186774290769247,0.8640953773148803,363.84413755730645,0.36820930839479726,-0.3846843984471083,0.03813998560573607,6.345632553100586,1790364339.284016,0.0,0.0
18.88579997989308,0.9645682005387509,370.30400344964045,0.37133403002247073,0.37709009616055245,-0.033893093198886656,-22.15432374536532,0.8771992398157399,363.6989340070776,0.3654135048272917,-0.3841910209831668,0.03912674007514537,6.355224370956421,1790364339.2936077,0.0,0.0
18.923413386890516,0.8614590002744887,370.2286154613652,0.37133403002247073,0.3767611780961515,-0.03274187957061962,-22.102512986422784,0.9040788736093763,363.6033696017051,0.3668936361284313,-0.3841910209831668,0.04208700347784122,6.366106986999512,1790364339.3044903,0.0,0.0
18.965792678308173,0.751748113372983,370.26471725859346,0.37133403002247073,0.3772545551927242,-0.0330707977499894,-22.04285810658559,0.8808614630766504,363.55398418227435,0.36738701322846334,-0.38517777591135377,0.04307375794356475,6.37663722038269,1790364339.3150206,0.0,0.0
19.013496257675577,0.6784535547465744,370.41051235302984,0.3710051119567272,0.37659671906392234,-0.03274187957061962,-21.990069637249004,0.8003853578251587,363.5203009443747,0.36738701322846334,-0.38534223506616977,0.043731594253536094,6.387128114700317,1790364339.3255115,0.0,0.0
19.062398256329416,0.6620721655038412,370.6322604729998,0.37133403002247073,0.37709009616055245,-0.033399715929467236,-21.95668901235854,0.7104400204270656,363.4835754546078,0.36590688192784554,-0.386000071685772,0.04192254440013117,6.396973371505737,1790364339.3353567,0.0,0.0
19.10479723819907,0.7004995149315516,370.88115911264646,0.3718274071209418,0.37807685035329636,-0.033235256839714816,-21.95733918675713,0.6602344714251625,363.4497287082201,0.36508458676015904,-0.3846843984471083,0.039620117309504065,6.406400203704834,1790364339.3447835,0.0,0.0
19.132645748780668,0.7789249232608731,371.1205036482371,0.3718274071209418,0.3775834732570104,-0.03224850230176747,-22.001455541806997,0.659980492172907,363.4300530757447,0.3642622915919887,-0.3838621026740414,0.038468903762308375,6.416131496429443,1790364339.3545148,0.0,0.0
19.141338819231375,0.8753806916200733,371.3375367899173,0.3714984890553137,0.3782413093853535,-0.03241296139135785,-22.07905828971999,0.6797401764511973,363.4175235856462,0.3685382264611957,-0.38534223506616977,0.043731594253536094,6.427104234695435,1790364339.3654876,0.0,0.0
19.13275345266454,0.9611349756249632,371.5274120151166,0.3718274071209418,0.3779123913212202,-0.03224850230176747,-22.16169702631514,0.6849758232272981,363.3983702474739,0.3685382264611957,-0.3856711533759033,0.041429167166847566,6.436766147613525,1790364339.3751495,0.0,0.0
19.115155078208673,1.0050759286857138,371.68129976458675,0.37314307938268587,0.3784057684173915,-0.03224850230176747,-22.21829195689434,0.6748151822370757,363.38280624853303,0.365577963860829,-0.38451993929242734,0.040277953621623716,6.446863889694214,1790364339.3852472,0.0,0.0
19.097223092610896,0.9838644440686483,371.7995018447112,0.37232078421924,0.37774793228912484,-0.03257742048097524,-22.23207197844216,0.6743940271198547,363.3937284348954,0.36409783255829653,-0.38402656182858724,0.042744839788425804,6.456508636474609,1790364339.394892,0.0,0.0
19.081009409165922,0.894497903739622,371.90067745020974,0.3724852432519675,0.3782413093853535,-0.033235256839714816,-22.210074255386466,0.6982689193649916,363.4302310691559,0.36837376742800615,-0.3856711533759033,0.04307375794356475,6.465882301330566,1790364339.4042656,0.0,0.0
19.06248256285663,0.7615849753030874,372.00618545577447,0.37116957098960857,0.37709009616055245,-0.0330707977499894,-22.172397737173917,0.7422366685965238,363.4774811693302,0.3675514722617687,-0.38501331675657147,0.03929119915329056,6.47597336769104,1790364339.4143567,0.0,0.0
19.03894233059662,0.626647373130676,372.11874921446025,0.3718274071209418,0.37774793228912484,-0.03175512503315832,-22.12829145171036,0.7981210707322833,363.5341867080236,0.36343999642333413,-0.38303980690181855,0.04044241269958962,6.487362623214722,1790364339.425746,0.0,0.0
19.01434353124511,0.5242446770913586,372.221959309915,0.373636456480523,0.3784057684173915,-0.033235256839714816,-22.075511598155355,0.8522831062036024,363.58907133649313,0.3645912096593149,-0.3836976435195293,0.04175808532239554,6.495662212371826,1790364339.4340456,0.0,0.0
18.995914931988146,0.4694020071659424,372.3024642472655,0.3719918661537271,0.3779123913212202,-0.03241296139135785,-22.021258906195328,0.8809588788287923,363.5989416856188,0.36837376742800615,-0.38583561253082077,0.04077133085544463,6.506394624710083,1790364339.444778,0.0,0.0
18.98538168304117,0.4611280388145819,372.3636589475028,0.3716629480881374,0.3774190142248769,-0.0330707977499894,-21.9815630748653,0.8724294375239927,363.53155691782626,0.3662357999947848,-0.38484885760182297,0.04307375794356475,6.517224550247192,1790364339.455608,0.0,0.0
18.97660127917652,0.48586427877702243,372.4126784428323,0.3719918661537271,0.3779123913212202,-0.03175512503315832,-21.96194939594818,0.8485061516843879,363.40222480982067,0.3632755373895451,-0.3833687252106064,0.042580380710817996,6.525998115539551,1790364339.4643815,0.0,0.0
18.963803110302806,0.5218935804619306,372.44717377362025,0.3726497022846759,0.3784057684173915,-0.03257742048097524,-21.957652084729116,0.8432911157536302,363.2417630316372,0.3632755373895451,-0.38402656182858724,0.04110024901119727,6.536794662475586,1790364339.475178,0.0,0.0
18.948836625428747,0.5536254338700763,372.4618884396247,0.3726497022846759,0.37873468648141023,-0.03372863410905318,-21.96683700981586,0.8648767640894244,363.06645769197326,0.3685382264611957,-0.38583561253082077,0.03929119915329056,6.545534372329712,1790364339.4839177,0.0,0.0
18.939189276205216,0.5847906998140646,372.45778514417157,0.37084065292382656,0.3774190142248769,-0.034222011378634745,-21.988330995492394,0.8884381562565539,362.9077483773535,0.36788039032832154,-0.3856711533759033,0.038962280996974574,6.556850433349609,1790364339.4952338,0.0,0.0
18.942325330484962,0.6351592147699762,372.4374211350249,0.3721563251864931,0.3779123913212202,-0.0330707977499894,-22.01351158902752,0.876495915815211,362.8247849442041,0.36261770125419496,-0.383533184365051,0.04208700347784122,6.565952301025391,1790364339.5043356,0.0,0.0
18.961546707015998,0.7237767880552483,372.39816540712707,0.37133403002247073,0.37774793228912484,-0.03290633866029101,-22.032238449642403,0.8073518162790594,362.8433199216351,0.36393337352458505,-0.383533184365051,0.04159362624463435,6.576363801956177,1790364339.5147471,0.0,0.0
18.993809259085012,0.8529435879356723,372.3338555054631,0.3705117348579675,0.37709009616055245,-0.03257742048097524,-22.042056527274436,0.6978459257739142,362.9212840511965,0.3685382264611957,-0.3855066942210197,0.04175808532239554,6.585660457611084,1790364339.5240438,0.0,0.0
19.030128031905498,1.002838895633794,372.2362041071266,0.3701828167920315,0.3769256371283615,-0.03257742048097524,-22.04922992389928,0.5900227599686133,363.0065378662773,0.36508458676015904,-0.38484885760182297,0.04159362624463435,6.595663547515869,1790364339.534047,0.0,0.0
19.058250374181995,1.1375728362033855,372.0965655897974,0.37133403002247073,0.3772545551927242,-0.03241296139135785,-22.06479460334809,0.5098857086031046,363.08144282937934,0.36311107835573664,-0.383533184365051,0.03813998560573607,6.6075921058654785,1790364339.5459754,0.0,0.0
19.067824007459407,1.217371085506054,371.91665929213383,0.37133403002247073,0.3775834732570104,-0.033235256839714816,-22.090919321287963,0.4524384784465102,363.1329044916833,0.36442675062566154,-0.38402656182858724,0.03813998560573607,6.615718841552734,1790364339.5541022,0.0,0.0
19.057058919098836,1.2109075101006652,371.71737392678955,0.3710051119567272,0.3775834732570104,-0.03159066594367589,-22.109034711560128,0.4038851259519797,363.13330230172596,0.3662357999947848,-0.38534223506616977,0.04192254440013117,6.6274800300598145,1790364339.5658634,0.0,0.0
19.034528928798018,1.1031202239452784,371.53236375421,0.3714984890553137,0.3779123913212202,-0.032084043212204094,-22.09623429857616,0.36255458815283836,363.0756428284809,0.36590688192784554,-0.38534223506616977,0.042580380710817996,6.636775970458984,1790364339.5751593,0.0,0.0
19.012018011641644,0.9000707104298875,371.39484448292757,0.3714984890553137,0.3775834732570104,-0.03224850230176747,-22.053215872349107,0.33730401004934435,362.99776021028157,0.36524904579373507,-0.38501331675657147,0.040277953621623716,6.647595643997192,1790364339.585979,0.0,0.0
18.994691430675402,0.6346210309226614,371.32771784326604,0.37084065292382656,0.3775834732570104,-0.03257742048097524,-22.00418151323932,0.3339546134157645,362.95503630005135,0.36376891449085413,-0.38501331675657147,0.041429167166847566,6.657607555389404,1790364339.595991,0.0,0.0
18.979768825113062,0.36502046153363005,371.33654287396473,0.37116957098960857,0.3779123913212202,-0.033235256839714816,-21.97201107405912,0.352356642177039,362.97751046467783,0.365577963860829,-0.38484885760182297,0.04241592163318464,6.665725946426392,1790364339.6041093,0.0,0.0
18.965104906445138,0.15791977536904303,371.40833720918727,0.3710051119567272,0.3775834732570104,-0.03274187957061962,-21.960545492820458,0.3982116857679708,363.0576512589074,0.36804484936156906,-0.3856711533759033,0.04044241269958962,6.6768410205841064,1790364339.6152244,0.0,0.0
18.955190948697684,0.06366219652925283,371.5151950305442,0.36985389872601854,0.3769256371283615,-0.03241296139135785,-21.958227769689877,0.4795297129101266,363.1714686633626,0.36508458676015904,-0.38501331675657147,0.03929119915329056,6.68633246421814,1790364339.6247158,0.0,0.0
18.95693888580846,0.09772799633029174,371.6191102612053,0.3710051119567272,0.3772545551927242,-0.03290633866029101,-21.954517835822436,0.5764407770707888,363.29281744516976,0.36393337352458505,-0.38484885760182297,0.03978457638757239,6.69572377204895,1790364339.634107,0.0,0.0
18.97307089570382,0.23778973368588552,371.68726247707224,0.3716629480881374,0.37774793228912484,-0.0330707977499894,-21.948552025929065,0.6309918867060581,363.39091440425784,0.3665647180616467,-0.386000071685772,0.038468903762308375,6.7074079513549805,1790364339.6457913,0.0,0.0
18.999805978635358,0.43825077646596994,371.71224400595446,0.3701828167920315,0.37709009616055245,-0.03274187957061962,-21.938311167802233,0.5942776091951092,363.4467459730963,0.3662357999947848,-0.386000071685772,0.04241592163318464,6.717090845108032,1790364339.6554742,0.0,0.0
19.029141049775717,0.6489554062379118,371.7079226280166,0.3691960625937613,0.37709009616055245,-0.03257742048097524,-21.91111988388137,0.49063116052165084,363.4765898252689,0.36574242289434694,-0.38632898999577586,0.04471834871772711,6.725914716720581,1790364339.664298,0.0,0.0
19.056036673358125,0.8226327342544096,371.68437092475574,0.37133403002247073,0.3774190142248769,-0.03257742048097524,-21.858223181494946,0.4164592711786684,363.52008493754795,0.3645912096593149,-0.38583561253082077,0.04044241269958962,6.736440658569336,1790364339.674824,0.0,0.0
19.082191212290752,0.9188301782578765,371.6419308692342,0.37116957098960857,0.37774793228912484,-0.03257742048097524,-21.79272754677827,0.4466983133063549,363.6044102054838,0.3665647180616467,-0.3855066942210197,0.036166476664147296,6.746823787689209,1790364339.6852071,0.0,0.0
19.108125632396472,0.9190663787775628,371.58729509472005,0.37034727582500915,0.3775834732570104,-0.03274187957061962,-21.73865947877314,0.539436404120811,363.7283547420447,0.36788039032832154,-0.38632898999577586,0.036166476664147296,6.756399393081665,1790364339.6947827,0.0,0.0
19.12578403938964,0.8396160361850543,371.53915184325,0.37084065292382656,0.3779123913212202,-0.03257742048097524,-21.702618262617076,0.5684097709033907,363.8774903671484,0.36574242289434694,-0.3864934491508285,0.04110024901119727,6.765783071517944,1790364339.7041664,0.0,0.0
19.125988906645286,0.7199724936943068,371.5179934343241,0.37001835775903463,0.37709009616055245,-0.032084043212204094,-21.66834030433405,0.47251698481401755,364.0407942127801,0.3660713409613248,-0.38731574492659904,0.04570510318099953,6.776889324188232,1790364339.7152727,0.0,0.0
19.109983054135753,0.5983211551889289,371.531405702647,0.3696894396929831,0.3769256371283615,-0.03241296139135785,-21.627072900145574,0.33903517824805557,364.2129842240665,0.36590688192784554,-0.38698682661618933,0.042580380710817996,6.787600517272949,1790364339.7259839,0.0,0.0
19.08697951656994,0.5004196681551316,371.56110287601746,0.3688671445275171,0.37626780099940665,-0.032084043212204094,-21.60626090374558,0.3014124083290726,364.38673721359584,0.36409783255829653,-0.38517777591135377,0.041264708089035214,6.797103643417358,1790364339.735487,0.0,0.0
19.062142204333114,0.4422168443253862,371.5683689352296,0.3710051119567272,0.3774190142248769,-0.03159066594367589,-21.65037402411126,0.38804893766156257,364.5377395625046,0.36738701322846334,-0.3868223674610353,0.03945565823141012,6.8066747188568115,1790364339.745058,0.0,0.0
19.032091292737107,0.43025060038751595,371.523523832505,0.36985389872601854,0.3772545551927242,-0.0330707977499894,-21.764907119993136,0.5198128219875074,364.6324614434815,0.36738701322846334,-0.386000071685772,0.03813998560573607,6.815907716751099,1790364339.754291,0.0,0.0
18.992871884495347,0.46005647996446924,371.4266871794257,0.3693605216268545,0.3772545551927242,-0.03356417501924669,-21.892678361010802,0.6217250860117152,364.6613034067288,0.36475566869294895,-0.386164530840757,0.03879782191877813,6.82774019241333,1790364339.7661235,0.0,0.0
18.9503588389471,0.5214007023969933,371.2968767931949,0.3696894396929831,0.37709009616055245,-0.03224850230176747,-21.964877758624382,0.6715434332143732,364.6399536901385,0.3645912096593149,-0.3856711533759033,0.04110024901119727,6.836522817611694,1790364339.7749062,0.0,0.0
18.919537436961015,0.6039358590948014,371.15831855451864,0.37116957098960857,0.37774793228912484,-0.031097288675390578,-21.969924692134953,0.6591229748367327,364.58137920648653,0.3672225541951386,-0.38748020408185463,0.04307375794356475,6.846685886383057,1790364339.7850692,0.0,0.0
18.910984982062338,0.6965556048758123,371.042225204785,0.3685382264611957,0.3769256371283615,-0.03241296139135785,-21.94868132197843,0.5787042681719893,364.49589808468585,0.3642622915919887,-0.3856711533759033,0.043731594253536094,6.8564512729644775,1790364339.7948346,0.0,0.0
18.920790842390197,0.7889668756093526,370.97550045174626,0.3687026854943661,0.37659671906392234,-0.033399715929467236,-21.93095135961931,0.47346227740733493,364.40712214698385,0.36672917709504865,-0.3871512857713773,0.04192254440013117,6.86712646484375,1790364339.8055098,0.0,0.0
18.936946313906954,0.8764251071813233,370.95829588643556,0.37034727582500915,0.3772545551927242,-0.03241296139135785,-21.91189934999493,0.41874120265555564,364.34912585607424,0.3660713409613248,-0.38780912239246734,0.036495394821335424,6.877333641052246,1790364339.815717,0.0,0.0
18.953622702900518,0.9562023255225879,370.9692858283805,0.3691960625937613,0.3772545551927242,-0.03241296139135785,-21.886353693818286,0.4294056675290385,364.3522280140505,0.36475566869294895,-0.38534223506616977,0.03600201758551472,6.88580322265625,1790364339.8241866,0.0,0.0
18.975760397733396,1.0204758476541442,370.9871018400947,0.3688671445275171,0.37643226003167407,-0.03175512503315832,-21.86634858732648,0.4281279914580936,364.4164360512406,0.36409783255829653,-0.38517777591135377,0.03929119915329056,6.895594358444214,1790364339.8339777,0.0,0.0
19.008182807105925,1.0592347399422755,370.9952224772293,0.3696894396929831,0.37709009616055245,-0.03274187957061962,-21.856698363120984,0.334297318373928,364.50045562388715,0.36985389872601854,-0.3879735815478244,0.04159362624463435,6.905503988265991,1790364339.8438873,0.0,0.0
19.04397160997712,1.0661153562225323,370.98156604557573,0.3696894396929831,0.3769256371283615,-0.03241296139135785,-21.842376442321576,0.15885587821997668,364.56447409807123,0.3629466193219088,-0.38698682661618933,0.04570510318099953,6.916012763977051,1790364339.854396,0.0,0.0
19.0686992607012,1.0367336275840449,370.94250499186137,0.3685382264611957,0.3767611780961515,-0.03241296139135785,-21.815124838305643,0.001434732725494322,364.5984596452669,0.36047973381216225,-0.3856711533759033,0.04406051240836854,6.926073789596558,1790364339.8644571,0.0,0.0
19.07341300248224,0.9673883707509283,370.879864935908,0.3688671445275171,0.3767611780961515,-0.032084043212204094,-21.79587783685448,-0.029964092164854107,364.59888943785484,0.36985389872601854,-0.3883024998586401,0.03830444468403504,6.935908555984497,1790364339.874292,0.0,0.0
19.059980165597864,0.8632219318322882,370.7971110038906,0.3701828167920315,0.3772545551927242,-0.03372863410905318,-21.814569629289778,0.08679617782821548,364.5801499403575,0.3688671445275171,-0.3883024998586401,0.03550864034946285,6.946455717086792,1790364339.884839,0.0,0.0
19.03774022926188,0.7480825979920953,370.7071013944736,0.3688671445275171,0.3769256371283615,-0.031919584122667696,-21.87276429316832,0.2543778682886278,364.5963499383283,0.3621243241524787,-0.3856711533759033,0.03682431297842085,6.9561192989349365,1790364339.8945026,0.0,0.0
19.01810432187888,0.6550913386632594,370.6340008589192,0.3677159312950548,0.37659671906392234,-0.03076837049666857,-21.93326900996196,0.3384197040383313,364.683114126183,0.36492012772656374,-0.386000071685772,0.03879782191877813,6.966710567474365,1790364339.905094,0.0,0.0
19.009271431407008,0.5985415526839271,370.5934793282365,0.36820930839479726,0.37626780099940665,-0.03159066594367589,-21.948695635826567,0.29036111651504054,364.8111584302714,0.36952498065992845,-0.3889603364806777,0.04406051240836854,6.975530624389648,1790364339.913914,0.0,0.0
19.01210933022619,0.5626969355224554,370.5788776931504,0.3687026854943661,0.37709009616055245,-0.03257742048097524,-21.908911578123018,0.170608147359739,364.94292263336894,0.3668936361284313,-0.3887958773251175,0.045540644103851224,6.986011981964111,1790364339.9243953,0.0,0.0
19.01990916512348,0.5203671886222103,370.5732850834131,0.3685382264611957,0.37659671906392234,-0.03126174776479204,-21.858691027615393,0.07282851772988079,365.08259581515557,0.36195986511853445,-0.3864934491508285,0.04110024901119727,6.996644973754883,1790364339.9350283,0.0,0.0
19.02354816636167,0.45182286128459453,370.56476080672894,0.3691960625937613,0.3774190142248769,-0.03126174776479204,-21.85201482051936,0.0577375869708463,365.23652116674236,0.36409783255829653,-0.38731574492659904,0.03567309942817249,7.007275342941284,1790364339.9456587,0.0,0.0
19.018402834048516,0.3525483269952654,370.5502727215541,0.3693605216268545,0.3769256371283615,-0.031919584122667696,-21.89349905974826,0.13035312852411712,365.37545469179884,0.36672917709504865,-0.38748020408185463,0.03600201758551472,7.015395164489746,1790364339.9537785,0.0,0.0
19.007434599473275,0.24012453456266447,370.53281942267074,0.36788039032832154,0.37626780099940665,-0.03356417501924669,-21.943614164609443,0.23381588542474174,365.46238328887955,0.36574242289434694,-0.3856711533759033,0.03797552652741145,7.0271384716033936,1790364339.9655218,0.0,0.0
19.00029406324875,0.15268490004172203,370.51210477612466,0.3672225541951386,0.3759388829348144,-0.033399715929467236,-21.96939466022569,0.27523084204786713,365.47863513684547,0.3642622915919887,-0.38534223506616977,0.04011349454363222,7.035679817199707,1790364339.9740632,0.0,0.0
19.007641870629406,0.13237128525533592,370.4776354497802,0.3677159312950548,0.3757744239024895,-0.031426206854220484,-21.967596188689182,0.19873847291190902,365.4083083288594,0.36261770125419496,-0.3846843984471083,0.04537618502667742,7.046501874923706,1790364339.9848852,0.0,0.0
19.030744223589657,0.204402251341902,370.4143674252716,0.3675514722617687,0.37560996487014553,-0.03175512503315832,-21.94966590194102,0.046704560045172906,365.22746742567114,0.36475566869294895,-0.386000071685772,0.04422497148574647,7.057162284851074,1790364339.9955456,0.0,0.0
19.059797844895044,0.3623252707993375,370.3095703279928,0.3668936361284313,0.37462321067567933,-0.03257742048097524,-21.925613643372508,-0.06735700684985882,364.9298796944637,0.3660713409613248,-0.387644663237144,0.03830444468403504,7.06669282913208,1790364340.0050762,0.0,0.0
19.085822903906276,0.568088246679649,370.1530439219844,0.3677159312950548,0.37560996487014553,-0.03224850230176747,-21.902370330079457,-0.06254377883040699,364.56324677075065,0.36508458676015904,-0.38780912239246734,0.035179722191966474,7.075868606567383,1790364340.014252,0.0,0.0
19.106378505150346,0.7704365114881604,369.94761605590554,0.3693605216268545,0.3761033419671201,-0.03224850230176747,-21.88700367204523,0.0345251295133733,364.22501459786497,0.36409783255829653,-0.38731574492659904,0.03879782191877813,7.0863916873931885,1790364340.024775,0.0,0.0
19.119196457919074,0.9265842810925633,369.72728719495615,0.36837376742800615,0.37643226003167407,-0.03224850230176747,-21.882524773581633,0.12895181676419312,364.01043620570323,0.3665647180616467,-0.3879735815478244,0.04077133085544463,7.0970139503479,1790364340.0353973,0.0,0.0
19.120854895269943,1.0105299921701492,369.54800986288996,0.3670580951617946,0.3757744239024895,-0.03224850230176747,-21.87999644982869,0.16182165271873633,363.9736249354237,0.3696894396929831,-0.3896181731032571,0.041429167166847566,7.106555700302124,1790364340.044939,0.0,0.0
19.112003447521303,1.0127058408483962,369.44940073304497,0.36738701322846334,0.3757744239024895,-0.03126174776479204,-21.868589868716857,0.15496048551714242,364.1348305516438,0.36788039032832154,-0.3894537139475614,0.047185234874187285,7.1170854568481445,1790364340.0554688,0.0,0.0
19.09780605389945,0.9366980831500918,369.4342214234051,0.3691960625937613,0.37659671906392234,-0.032084043212204094,-21.8596272635237,0.16857121763402774,364.4888327287701,0.3668936361284313,-0.38978263225898657,0.04241592163318464,7.125753879547119,1790364340.0641372,0.0,0.0
19.08371267717363,0.7940523866366997,369.4867982489635,0.3672225541951386,0.3759388829348144,-0.03175512503315832,-21.881826026706293,0.2427461136909729,364.9940529789541,0.3688671445275171,-0.3906049280381424,0.03600201758551472,7.136301517486572,1790364340.0746849,0.0,0.0
19.070856225282988,0.6082101939498171,369.59046292912876,0.3665647180616467,0.37560996487014553,-0.033235256839714816,-21.94589314587236,0.36380292515096896,365.5859924728931,0.37001835775903463,-0.3914272238181455,0.038633362840556074,7.14687442779541,1790364340.0852578,0.0,0.0
19.055940961258596,0.4229959815060894,369.7188284484164,0.36672917709504865,0.37560996487014553,-0.03290633866029101,-22.03103529942105,0.46785076160887407,366.2133258479554,0.3668936361284313,-0.39011155057054725,0.03994903546561511,7.156388998031616,1790364340.0947723,0.0,0.0
19.039008330579584,0.291955168791114,369.83105702589086,0.36788039032832154,0.37511658777299867,-0.03224850230176747,-22.104596601184575,0.4920243416800695,366.83531702974716,0.36442675062566154,-0.3883024998586401,0.03813998560573607,7.165791034698486,1790364340.1041744,0.0,0.0
19.029033776610124,0.24948204081515218,369.88389316136215,0.36590688192784554,0.3742942926107039,-0.03224850230176747,-22.143130007532942,0.4283494688712345,367.3838265119013,0.36788039032832154,-0.3891247956362718,0.04422497148574647,7.176370859146118,1790364340.1147542,0.0,0.0
19.036319559266094,0.2928991035674008,369.8398258498531,0.36574242289434694,0.373800915513097,-0.032084043212204094,-22.14530836162945,0.3251210790024079,367.76992214411655,0.37067619389090667,-0.3906049280381424,0.04586956225812234,7.186854600906372,1790364340.125238,0.0,0.0
19.058469770775055,0.39169689040104017,369.67522178500155,0.3668936361284313,0.3742942926107039,-0.03241296139135785,-22.13078155420486,0.249575264255955,367.9478286712298,0.3691960625937613,-0.38994709141475,0.03781106744906118,7.19641900062561,1790364340.1348023,0.0,0.0
19.078142955140727,0.5112112256141819,369.3987979302026,0.3660713409613248,0.373636456480523,-0.03257742048097524,-22.116923546728863,0.24492704599265447,367.9449551543715,0.3629466193219088,-0.3884669590140987,0.035179722191966474,7.205557823181152,1790364340.1439412,0.0,0.0
19.076789511594846,0.6303451666352804,369.05286629265703,0.36508458676015904,0.37330753841531744,-0.031919584122667696,-22.10236887561973,0.2959975878160311,367.81766388284456,0.3668936361284313,-0.3891247956362718,0.03912674007514537,7.21593713760376,1790364340.1543205,0.0,0.0
19.04846790291833,0.7429615196969872,368.6832650185716,0.365577963860829,0.373800915513097,-0.033399715929467236,-22.078826858590933,0.33668546393411686,367.61383454654685,0.37067619389090667,-0.39076938719407517,0.04077133085544463,7.226854085922241,1790364340.1652374,0.0,0.0
19.002069778250814,0.848954591630569,368.31682537667575,0.3654135048272917,0.37314307938268587,-0.03290633866029101,-22.043033792007485,0.31435985629116986,367.38663365059296,0.36738701322846334,-0.3894537139475614,0.040606871777529925,7.236594915390015,1790364340.1749783,0.0,0.0
18.952347472536907,0.9492384791563302,367.96907859706556,0.36590688192784554,0.3734719974479298,-0.0330707977499894,-21.997031357090847,0.24319506001260982,367.19099489752466,0.3665647180616467,-0.3887958773251175,0.045047266872253286,7.24747109413147,1790364340.1858544,0.0,0.0
18.90917518239541,1.0439108325840274,367.6584193540851,0.36508458676015904,0.37314307938268587,-0.032084043212204094,-21.954324408914765,0.18344951881260527,367.0496836482059,0.3670580951617946,-0.3896181731032571,0.042744839788425804,7.256679534912109,1790364340.1950629,0.0,0.0
18.87787342380612,1.125656083573096,367.40508692287875,0.36376891449085413,0.37314307938268587,-0.03274187957061962,-21.937336908539603,0.18270439748604045,366.9615170055972,0.3685382264611957,-0.39011155057054725,0.035344181270727505,7.265814542770386,1790364340.204198,0.0,0.0
18.865013539857237,1.1783799595159545,367.22075698469655,0.3660713409613248,0.3734719974479298,-0.03290633866029101,-21.95289143387616,0.23469848759059653,366.93724310142653,0.3654135048272917,-0.38928925479189963,0.035344181270727505,7.276356935501099,1790364340.2147403,0.0,0.0
18.874536906670272,1.189542615257261,367.10679118068737,0.3654135048272917,0.3729786203500351,-0.03241296139135785,-21.980089880510263,0.27615064844475185,366.98876020677113,0.3654135048272917,-0.3894537139475614,0.04011349454363222,7.286592483520508,1790364340.2249758,0.0,0.0
18.90012905151481,1.1595807496823844,367.0543451580554,0.3629466193219088,0.3724852432519675,-0.032084043212204094,-21.99084659666643,0.23689194339894665,367.0956391376543,0.36820930839479726,-0.39011155057054725,0.041429167166847566,7.297134876251221,1790364340.2355182,0.0,0.0
18.92810144281149,1.0961523784171443,367.0353404205635,0.36343999642333413,0.37314307938268587,-0.03076837049666857,-21.97512782820308,0.11158951834985353,367.21796704569897,0.3701828167920315,-0.3910983055060425,0.042909298866008055,7.306657075881958,1790364340.2450404,0.0,0.0
18.946436526985423,1.0041794512027005,367.01048523064713,0.36475566869294895,0.3734719974479298,-0.030932829586016092,-21.9498016946978,-0.028373100700689647,367.3298981298443,0.36475566869294895,-0.3894537139475614,0.0452117259494781,7.315826416015625,1790364340.2542098,0.0,0.0
18.948813674855963,0.883479752466805,366.9612015238015,0.365577963860829,0.37412983357818747,-0.031919584122667696,-21.951675372109094,-0.09987804690183519,367.41138783486895,0.3660713409613248,-0.3894537139475614,0.03879782191877813,7.325870752334595,1790364340.264254,0.0,0.0
18.933661068827348,0.735778870428549,366.90497602651647,0.36409783255829653,0.3734719974479298,-0.031919584122667696,-22.009213000525143,-0.07879890934070126,367.43379746395414,0.3710051119567272,-0.391756142130384,0.033864049560952715,7.336546182632446,1790364340.2749295,0.0,0.0
18.904196565532214,0.5718634060402199,366.87533205578626,0.3654135048272917,0.373800915513097,-0.032084043212204094,-22.110655488129535,-0.01614228713231279,367.3933037850567,0.3670580951617946,-0.3909338463500419,0.037646608370685265,7.3467888832092285,1790364340.2851722,0.0,0.0
18.87028788671217,0.40747251685855285,366.89891558856925,0.36738701322846334,0.37560996487014553,-0.031097288675390578,-22.21160492421569,0.006913894341953695,367.3316125608119,0.365577963860829,-0.38994709141475,0.04159362624463435,7.356315851211548,1790364340.2946992,0.0,0.0
18.846905846887235,0.2548721987963669,366.9962415785037,0.36574242289434694,0.37478766970813826,-0.033235256839714816,-22.274825578277948,-0.0515133478888039,367.2959254348805,0.3668936361284313,-0.39076938719407517,0.039620117309504065,7.365756034851074,1790364340.3041394,0.0,0.0
18.847690282319846,0.12436056292292232,367.17974802198324,0.36409783255829653,0.37412983357818747,-0.03274187957061962,-22.292121236914948,-0.1644658865361577,367.30588259816204,0.3688671445275171,-0.3906049280381424,0.042744839788425804,7.376862525939941,1790364340.3152459,0.0,0.0
18.876866046692783,0.03140749071435041,367.43315281175535,0.3660713409613248,0.37478766970813826,-0.031426206854220484,-22.277963899948485,-0.2700265069599303,367.36208904437564,0.3662357999947848,-0.38978263225898657,0.043731594253536094,7.386399030685425,1790364340.3247824,0.0,0.0
18.924364818801212,-0.004321821919722616,367.70825188450834,0.3654135048272917,0.373800915513097,-0.033235256839714816,-22.255406957217915,-0.3212358535313308,367.4478002518846,0.36524904579373507,-0.38863141816959124,0.036495394821335424,7.398487091064453,1790364340.3368704,0.0,0.0
18.972027153432293,0.03090991656248725,367.94499545239887,0.36409783255829653,0.37314307938268587,-0.03241296139135785,-22.23987942004174,-0.30980541553549135,367.5231909253499,0.36788039032832154,-0.3906049280381424,0.036495394821335424,7.406008243560791,1790364340.3443916,0.0,0.0
19.006743373989032,0.13467076418648066,368.086421146545,0.3645912096593149,0.373636456480523,-0.032084043212204094,-22.232241488415735,-0.2651738573565859,367.5537317218674,0.3670580951617946,-0.3904404688822435,0.04110024901119727,7.416562795639038,1790364340.3549461,0.0,0.0
19.02580977624024,0.2854497367031006,368.09644399949696,0.36524904579373507,0.37412983357818747,-0.03274187957061962,-22.230673872338407,-0.237534154045004,367.53918818555337,0.36393337352458505,-0.3889603364806777,0.039620117309504065,7.426357984542847,1790364340.3647413,0.0,0.0
19.033405190441172,0.44711408864490915,367.9822005535371,0.36393337352458505,0.373636456480523,-0.032084043212204094,-22.23767219776028,-0.26885363738587115,367.4915553306699,0.36508458676015904,-0.3889603364806777,0.038468903762308375,7.436751365661621,1790364340.3751347,0.0,0.0
19.03493730255446,0.576639335207117,367.79018230015873,0.36442675062566154,0.3742942926107039,-0.03175512503315832,-22.25108962433455,-0.36344952942269604,367.4117547007411,0.3705117348579675,-0.3914272238181455,0.043238217021095905,7.446454763412476,1790364340.384838,0.0,0.0
19.032289294511912,0.6359125625852161,367.5792373517093,0.36376891449085413,0.373636456480523,-0.031097288675390578,-22.26384614494027,-0.47802582622614376,367.3182084950692,0.36985389872601854,-0.391756142130384,0.04208700347784122,7.4559855461120605,1790364340.394369,0.0,0.0
19.02344352171965,0.6070879129524116,367.3988481175823,0.36475566869294895,0.373800915513097,-0.03290633866029101,-22.275654979556965,-0.5503847900862701,367.267056407769,0.36590688192784554,-0.3904404688822435,0.035837558506856444,7.466529369354248,1790364340.4049127,0.0,0.0
19.00607342580917,0.5027749316482815,367.2754030622244,0.36393337352458505,0.3729786203500351,-0.03274187957061962,-22.294653596012385,-0.5534775221701658,367.31102000381816,0.3660713409613248,-0.3904404688822435,0.03879782191877813,7.477058410644531,1790364340.4154418,0.0,0.0
18.9805452626139,0.36083888236443973,367.2002817042677,0.3629466193219088,0.3719918661537271,-0.031426206854220484,-22.327222986253627,-0.5189652920949821,367.4563270590139,0.3685382264611957,-0.3909338463500419,0.03978457638757239,7.486581802368164,1790364340.4249651,0.0,0.0
18.950819089987554,0.2245776078223214,367.1306966065257,0.36311107835573664,0.3718274071209418,-0.031426206854220484,-22.36776229128039,-0.5005527200575252,367.67740921541713,0.3701828167920315,-0.3919206012865542,0.03978457638757239,7.49714994430542,1790364340.4355333,0.0,0.0
18.9230407919314,0.1268063218990129,367.01664581575943,0.36311107835573664,0.3728141613173651,-0.03241296139135785,-22.398249634418416,-0.5176815480997902,367.94707835667003,0.36508458676015904,-0.3896181731032571,0.042744839788425804,7.505659341812134,1790364340.4440427,0.0,0.0
18.901144017396724,0.08944238374989576,366.83666116393766,0.36245324222030895,0.3719918661537271,-0.03257742048097524,-22.406438153898502,-0.5381236522868927,368.2249556445268,0.3670580951617946,-0.3904404688822435,0.040935789933333744,7.517301321029663,1790364340.4556847,0.0,0.0
18.88337509872059,0.12485267343199885,366.603839072577,0.36311107835573664,0.3718274071209418,-0.031919584122667696,-22.402765943384612,-0.5227419102029839,368.4478896661638,0.37034727582500915,-0.3910983055060425,0.03567309942817249,7.527379989624023,1790364340.4657633,0.0,0.0
18.864986629492208,0.22890719251356195,366.3429075523402,0.3632755373895451,0.3719918661537271,-0.031426206854220484,-22.403671349399787,-0.48690316341204964,368.57285963207994,0.36820930839479726,-0.39076938719407517,0.03698877205692505,7.5356268882751465,1790364340.4740102,0.0,0.0
18.84450872701293,0.3765558948708908,366.07811894989135,0.3642622915919887,0.37330753841531744,-0.03224850230176747,-22.402426569168092,-0.4904622553948978,368.60570274499133,0.36343999642333413,-0.38928925479189963,0.03830444468403504,7.5458972454071045,1790364340.4842806,0.0,0.0
18.826992115109345,0.5292649039367223,365.843732881389,0.36376891449085413,0.37330753841531744,-0.03274187957061962,-22.374457384910013,-0.56111351431675,368.570050523876,0.36837376742800615,-0.3919206012865542,0.038468903762308375,7.556429386138916,1790364340.4948127,0.0,0.0
18.821662958834946,0.6500821204038634,365.6874496624777,0.36376891449085413,0.3734719974479298,-0.03372863410905318,-22.311022937287945,-0.66275270589678,368.49190552711593,0.3705117348579675,-0.3930718153806951,0.041429167166847566,7.565962791442871,1790364340.5043461,0.0,0.0
18.835500969633088,0.71869337306437,365.648592643134,0.36442675062566154,0.37330753841531744,-0.033235256839714816,-22.236624630528755,-0.7473961425826652,368.42543524742905,0.3696894396929831,-0.39257843791157404,0.03945565823141012,7.576042413711548,1790364340.5144258,0.0,0.0
18.86813825468298,0.737980947619723,365.7346297280485,0.3642622915919887,0.37314307938268587,-0.03175512503315832,-22.187719287629502,-0.8068941090684113,368.4397403286114,0.36442675062566154,-0.39011155057054725,0.036495394821335424,7.585886478424072,1790364340.5242698,0.0,0.0
18.91294030806055,0.7245648058645285,365.92072368154567,0.3642622915919887,0.3728141613173651,-0.03126174776479204,-22.17542030649216,-0.8603027719653714,368.55978710955316,0.37084065292382656,-0.3920850604427582,0.038633362840556074,7.597172737121582,1790364340.535556,0.0,0.0
18.96174031480397,0.6904959110655197,366.1604240711472,0.3642622915919887,0.3726497022846759,-0.03257742048097524,-22.176700094711553,-0.9046574248526971,368.7561520833623,0.3716629480881374,-0.39290735622428746,0.042909298866008055,7.606738090515137,1790364340.5451214,0.0,0.0
19.00700455597776,0.6364162741250352,366.3900342604477,0.36195986511853445,0.3710051119567272,-0.033235256839714816,-22.1666330196718,-0.8976976568873184,368.9919191650886,0.3687026854943661,-0.3915916829742478,0.040606871777529925,7.6167895793914795,1790364340.555173,0.0,0.0
19.03971065297985,0.5640086044639181,366.53624005285695,0.3642622915919887,0.3718274071209418,-0.03257742048097524,-22.151559841278882,-0.8003400338765805,369.23500808435,0.3662357999947848,-0.3906049280381424,0.039620117309504065,7.626699209213257,1790364340.5650826,0.0,0.0
19.04929729759931,0.48884854398745564,366.54403177868664,0.3636044554571038,0.3721563251864931,-0.03175512503315832,-22.161060768848053,-0.6253896668302884,369.43457395647556,0.3691960625937613,-0.3915916829742478,0.040277953621623716,7.635903835296631,1790364340.5742872,0.0,0.0
19.03066482184581,0.43749451945830103,366.4119969274771,0.3636044554571038,0.3728141613173651,-0.033235256839714816,-22.210434555946406,-0.42925658595949145,369.5358502297233,0.3691960625937613,-0.3914272238181455,0.03830444468403504,7.646804094314575,1790364340.5851874,0.0,0.0
18.99153258874841,0.4353128524319815,366.19698992322014,0.36376891449085413,0.3726497022846759,-0.03241296139135785,-22.280552323943574,-0.26616189550329417,369.5243233666922,0.3696894396929831,-0.3924139787552682,0.03698877205692505,7.65652871131897,1790364340.594912,0.0,0.0
18.951196518467455,0.49163993906685044,365.9759104722175,0.36261770125419496,0.3721563251864931,-0.03224850230176747,-22.337379910700598,-0.1664855352780778,369.4366979781586,0.3670580951617946,-0.391756142130384,0.04011349454363222,7.667515516281128,1790364340.6058989,0.0,0.0
18.930336078955186,0.5909323410240582,365.8042577347895,0.36492012772656374,0.3739653745456519,-0.03356417501924669,-22.365494137576658,-0.14354977984607772,369.32537784079534,0.3675514722617687,-0.3914272238181455,0.04077133085544463,7.675798654556274,1790364340.614182,0.0,0.0
18.938729956279488,0.7027004453085473,365.7142906003108,0.36475566869294895,0.37330753841531744,-0.03290633866029101,-22.374625966640018,-0.19240980035567598,369.22327330734214,0.37133403002247073,-0.3930718153806951,0.038962280996974574,7.686372995376587,1790364340.6247563,0.0,0.0
18.969187261891072,0.8015090669516128,365.7280937911661,0.36228878318640356,0.3718274071209418,-0.032084043212204094,-22.37815941910232,-0.28121218208993465,369.15092015941195,0.3705117348579675,-0.3932362745371367,0.042744839788425804,7.6971755027771,1790364340.6355588,0.0,0.0
19.002453556446547,0.8766835547038273,365.84152073188557,0.36376891449085413,0.3726497022846759,-0.031426206854220484,-22.379854044677156,-0.3532571599913561,369.13235224199553,0.36903160356064885,-0.3919206012865542,0.04241592163318464,7.705485820770264,1790364340.6438692,0.0,0.0
19.02015307640366,0.926933242236699,366.01141352726444,0.36508458676015904,0.3724852432519675,-0.032084043212204094,-22.38003418133699,-0.34722277042997557,369.1748557700024,0.3664002590282254,-0.3906049280381424,0.0363309357427542,7.716415882110596,1790364340.6547992,0.0,0.0
19.014787556348466,0.9524916819710255,366.180912464712,0.36245324222030895,0.3718274071209418,-0.03356417501924669,-22.380041982903833,-0.24841718131484047,369.242637547149,0.36804484936156906,-0.39076938719407517,0.03567309942817249,7.726099967956543,1790364340.6644833,0.0,0.0
18.98932550834391,0.956416759563575,366.3001861462413,0.3609731109144612,0.37116957098960857,-0.03241296139135785,-22.378233796346912,-0.13151834014185745,369.2731917455997,0.37001835775903463,-0.3915916829742478,0.03929119915329056,7.735883474349976,1790364340.6742668,0.0,0.0
18.94998948931688,0.9487542090225279,366.3257584443492,0.3642622915919887,0.37232078421924,-0.031919584122667696,-22.36487751448662,-0.1072817885422611,369.2234630451022,0.36590688192784554,-0.3891247956362718,0.03994903546561511,7.746509313583374,1790364340.6848927,0.0,0.0
18.90119611532039,0.9405519284769638,366.23564584006704,0.3636044554571038,0.37133403002247073,-0.03159066594367589,-22.32083060981067,-0.20136517048938424,369.08657743713167,0.3664002590282254,-0.38978263225898657,0.04175808532239554,7.755461931228638,1790364340.6938453,0.0,0.0
18.848841272205785,0.9322042855089344,366.04335828461564,0.3627821602880616,0.37133403002247073,-0.033235256839714816,-22.235047009717103,-0.3195448610965422,368.8730502720356,0.3687026854943661,-0.3910983055060425,0.04471834871772711,7.766198635101318,1790364340.704582,0.0,0.0
18.80481940846803,0.9146546218925284,365.78062081952646,0.3629466193219088,0.3716629480881374,-0.03274187957061962,-22.132680750099105,-0.34797380260956245,368.60575326337187,0.36820930839479726,-0.39076938719407517,0.03945565823141012,7.77666449546814,1790364340.7150478,0.0,0.0
18.780535021599956,0.8846074640254435,365.4876263420242,0.3654135048272917,0.37232078421924,-0.03257742048097524,-22.062195573049657,-0.2575544904844813,368.3244738196566,0.36738701322846334,-0.38994709141475,0.035837558506856444,7.786609411239624,1790364340.7249928,0.0,0.0
18.77749135648965,0.854768740857424,365.2269876850841,0.36508458676015904,0.3726497022846759,-0.0330707977499894,-22.04303317288089,-0.1066352581411919,368.0752085325854,0.3696894396929831,-0.39126276466207704,0.03797552652741145,7.797253370285034,1790364340.7356367,0.0,0.0
18.791541781451453,0.8506553914399543,365.0720503674888,0.3621243241524787,0.3716629480881374,-0.03290633866029101,-22.049222513079915,0.022995716930909845,367.9032895331071,0.36820930839479726,-0.39126276466207704,0.03994903546561511,7.806807994842529,1790364340.7451913,0.0,0.0
18.823011506449554,0.8977172140538351,365.05975333042073,0.36393337352458505,0.3714984890553137,-0.033235256839714816,-22.048061761867338,0.08198595682923694,367.8472103196806,0.36837376742800615,-0.3910983055060425,0.03929119915329056,7.81662392616272,1790364340.7550073,0.0,0.0
18.87512266689688,1.001563837701295,365.16641864307167,0.36508458676015904,0.3719918661537271,-0.033235256839714816,-22.03418826419455,0.07172291878526597,367.91849501922445,0.3687026854943661,-0.3919206012865542,0.04241592163318464,7.826610088348389,1790364340.7649934,0.0,0.0
18.944807086027037,1.133653410808679,365.3359517693536,0.36574242289434694,0.37232078421924,-0.0330707977499894,-22.027146639337882,0.027622656044211234,368.0944020037865,0.3691960625937613,-0.3919206012865542,0.042744839788425804,7.836706161499023,1790364340.7750895,0.0,0.0
19.018690070678097,1.2414131048585337,365.51912287732097,0.36475566869294895,0.3714984890553137,-0.033399715929467236,-22.050582012526043,-0.017042864606413806,368.3304078901699,0.3687026854943661,-0.3914272238181455,0.03813998560573607,7.847382545471191,1790364340.785766,0.0,0.0
19.077300610799185,1.2796838413396883,365.6846806437552,0.36524904579373507,0.3726497022846759,-0.03274187957061962,-22.11030065052491,-0.05427646264483227,368.5734214182092,0.37034727582500915,-0.3910983055060425,0.0371532311354036,7.855896711349487,1790364340.79428,0.0,0.0
19.106181312742194,1.2369943969678474,365.8138649768034,0.36475566869294895,0.3719918661537271,-0.033399715929467236,-22.18684457023894,-0.08949737315269855,368.7776002272134,0.36672917709504865,-0.3909338463500419,0.03978457638757239,7.865810394287109,1790364340.8041937,0.0,0.0
19.10592938071679,1.138358237715728,365.9021723148459,0.3660713409613248,0.3728141613173651,-0.03438647046854934,-22.255912456318168,-0.126573329273251,368.91490120430035,0.3685382264611957,-0.3914272238181455,0.03879782191877813,7.8761022090911865,1790364340.8144855,0.0,0.0
19.090488259569682,1.0308670531412754,365.96594052404987,0.36672917709504865,0.3728141613173651,-0.03487984773845537,-22.310862707367,-0.17725081624701064,368.9748496718476,0.3696894396929831,-0.3920850604427582,0.041429167166847566,7.887221097946167,1790364340.8256044,0.0,0.0
19.076321466657564,0.9663585742781442,366.03482098932136,0.365577963860829,0.37232078421924,-0.03471538864845965,-22.35369891752473,-0.2501035746901667,368.9670718943146,0.36738701322846334,-0.3906049280381424,0.04356713517608157,7.896769046783447,1790364340.8351524,0.0,0.0
19.07427666385091,0.9845802269567016,366.1253772162276,0.36524904579373507,0.3716629480881374,-0.033893093198886656,-22.375121214716174,-0.3126185017322129,368.91293692988467,0.36738701322846334,-0.39027600972637844,0.03813998560573607,7.906263828277588,1790364340.8446472,0.0,0.0
19.089441869550072,1.0993514051301665,366.224614793623,0.36574242289434694,0.3729786203500351,-0.03471538864845965,-22.361847699646855,-0.310581116448589,368.8251722846069,0.36985389872601854,-0.3909338463500419,0.03797552652741145,7.917564392089844,1790364340.8559477,0.0,0.0
19.124566541574364,1.297150850090487,366.3075604300493,0.36524904579373507,0.3724852432519675,-0.03537322500860482,-22.317803856331427,-0.23765757368820759,368.70922707389855,0.3675514722617687,-0.39011155057054725,0.038633362840556074,7.926784515380859,1790364340.8651679,0.0,0.0
19.179108386894733,1.5465943570946419,366.36184139287576,0.36672917709504865,0.37232078421924,-0.034057552288747184,-22.258949394902686,-0.14373475745758799,368.577707654327,0.36837376742800615,-0.39011155057054725,0.03682431297842085,7.936333417892456,1790364340.8747168,0.0,0.0
19.24395263733162,1.805685550814593,366.3887989872678,0.3660713409613248,0.3719918661537271,-0.03438647046854934,-22.190345005381204,-0.0777896276656178,368.44864832433313,0.3685382264611957,-0.3910983055060425,0.04175808532239554,7.945545434951782,1790364340.8839288,0.0,0.0
19.30248426582027,2.0252123774317803,366.39296880660163,0.3654135048272917,0.3721563251864931,-0.03274187957061962,-22.109091271789122,-0.04861845952260874,368.33506739685447,0.3665647180616467,-0.3904404688822435,0.044389430563098874,7.956780672073364,1790364340.895164,0.0,0.0
19.339391065748572,2.1577604764208353,366.37930771138537,0.365577963860829,0.37330753841531744,-0.03356417501924669,-22.02801433181389,-0.026781002266396948,368.23655837644066,0.3665647180616467,-0.39011155057054725,0.03813998560573607,7.966312885284424,1790364340.9046962,0.0,0.0
19.346414594483655,2.172562548260512,366.36139783108143,0.3664002590282254,0.373636456480523,-0.0330707977499894,-21.976122300410793,0.024174092531061734,368.140718109177,0.36804484936156906,-0.3904404688822435,0.03929119915329056,7.9764909744262695,1790364340.9148743,0.0,0.0
19.321926731314598,2.0664218669848524,366.3646677954434,0.36492012772656374,0.3729786203500351,-0.0330707977499894,-21.973716680132654,0.110499871548504,368.0402110487954,0.36788039032832154,-0.3904404688822435,0.04110024901119727,7.985688924789429,1790364340.9240723,0.0,0.0
19.269413727043464,1.8641356379911274,366.4082269269874,0.36508458676015904,0.3726497022846759,-0.03372863410905318,-22.015646082214523,0.2032274288893758,367.94205882394493,0.3665647180616467,-0.38978263225898657,0.03698877205692505,7.995995044708252,1790364340.9343784,0.0,0.0
19.199432990419957,1.610261804436725,366.48689641952956,0.3664002590282254,0.3734719974479298,-0.034222011378634745,-22.07523388282049,0.26284604501702735,367.85567001857623,0.3668936361284313,-0.39027600972637844,0.03912674007514537,8.005475521087646,1790364340.9438589,0.0,0.0
19.132335501521457,1.3569565453755028,366.5813093028334,0.3668936361284313,0.373800915513097,-0.03274187957061962,-22.124512746804555,0.2631489425436713,367.78547754270255,0.36820930839479726,-0.39126276466207704,0.04356713517608157,8.015774965286255,1790364340.9541583,0.0,0.0
19.09153759838075,1.1477605151626913,366.67720286693793,0.36508458676015904,0.37330753841531744,-0.03372863410905318,-22.156849449754677,0.20381830657935884,367.73521741644396,0.365577963860829,-0.39011155057054725,0.03978457638757239,8.025850296020508,1790364340.9642336,0.0,0.0
19.088464002991927,1.0024785700155463,366.76578480727557,0.36524904579373507,0.373636456480523,-0.033235256839714816,-22.181959215921722,0.11429233879195601,367.7029273705217,0.3677159312950548,-0.39011155057054725,0.03912674007514537,8.036368131637573,1790364340.9747515,0.0,0.0
19.11434113264054,0.9181730757229862,366.8425090935941,0.36672917709504865,0.3744587516432012,-0.03372863410905318,-22.200511635457364,0.04400537738556023,367.6785497810379,0.36788039032832154,-0.3914272238181455,0.041264708089035214,8.046682119369507,1790364340.9850655,0.0,0.0
19.14725187757863,0.8855474485827477,366.9175793631625,0.36409783255829653,0.37314307938268587,-0.034057552288747184,-22.203834980066986,0.02939329114355474,367.6575653156182,0.3664002590282254,-0.39011155057054725,0.03813998560573607,8.057198762893677,1790364340.995582,0.0,0.0
19.169429529261212,0.9004149947226903,367.0012519629836,0.3621243241524787,0.3721563251864931,-0.0330707977499894,-22.193075480876622,0.059946000374947274,367.6407732804586,0.36492012772656374,-0.39027600972637844,0.03813998560573607,8.067375898361206,1790364341.0057592,0.0,0.0
19.180545442411802,0.9599780200527077,367.0694528223728,0.36508458676015904,0.3734719974479298,-0.03372863410905318,-22.178750744953614,0.08837366877136885,367.61755874818397,0.36672917709504865,-0.38994709141475,0.03830444468403504,8.07557463645935,1790364341.013958,0.0,0.0
19.19376522677512,1.052578347267126,367.0798609266467,0.3664002590282254,0.3739653745456519,-0.03274187957061962,-22.16748163419938,0.07502384798721802,367.57174229862835,0.36820930839479726,-0.39076938719407517,0.040606871777529925,8.087028503417969,1790364341.0254118,0.0,0.0
19.218439600189953,1.1510621630233533,367.02644700180184,0.36311107835573664,0.37314307938268587,-0.032084043212204094,-22.159844307438696,0.011292415108202412,367.5068476307981,0.36672917709504865,-0.3904404688822435,0.03912674007514537,8.096563577651978,1790364341.034947,0.0,0.0
19.249540527690357,1.2129241289742856,366.94474853710796,0.3629466193219088,0.373636456480523,-0.03224850230176747,-22.154885172110227,-0.08929542072243701,367.4463715200615,0.36393337352458505,-0.3904404688822435,0.03781106744906118,8.105951070785522,1790364341.0443344,0.0,0.0
19.275389446663286,1.1916495125434001,366.87486451115063,0.36738701322846334,0.37560996487014553,-0.032084043212204094,-22.150300990218195,-0.20806056035827528,367.4092430140136,0.36738701322846334,-0.3914272238181455,0.0371532311354036,8.11667013168335,1790364341.0550535,0.0,0.0
19.289151116673906,1.062260614228388,366.8509565325441,0.36508458676015904,0.373800915513097,-0.03274187957061962,-22.140579434776463,-0.3363655213840695,367.4015119571737,0.36508458676015904,-0.38994709141475,0.03879782191877813,8.126532316207886,1790364341.0649157,0.0,0.0
19.28792477262933,0.8463061617808976,366.901867088644,0.36492012772656374,0.3742942926107039,-0.03241296139135785,-22.117277954541997,-0.47406682446688186,367.42201472370994,0.36788039032832154,-0.3909338463500419,0.03830444468403504,8.135801076889038,1790364341.0741844,0.0,0.0
19.268070601126606,0.6105663990742638,367.0299248768129,0.3642622915919887,0.3734719974479298,-0.03257742048097524,-22.073797642016995,-0.606550325526874,367.4658454701993,0.3696894396929831,-0.39224951959899623,0.040606871777529925,8.1463623046875,1790364341.0847456,0.0,0.0
19.230054558067366,0.4356090387238331,367.2011838504121,0.36475566869294895,0.37412983357818747,-0.034057552288747184,-22.016618197273097,-0.6952291747136569,367.5361724859772,0.36672917709504865,-0.3914272238181455,0.04307375794356475,8.155824184417725,1790364341.0942075,0.0,0.0
19.18532602731138,0.3796917284955138,367.3640784667555,0.36475566869294895,0.373636456480523,-0.03356417501924669,-21.97043098465676,-0.6998552636518136,367.639128978626,0.3636044554571038,-0.38994709141475,0.03929119915329056,8.166370391845703,1790364341.1047537,0.0,0.0
19.151685398504316,0.4599941814327165,367.47568078432766,0.36524904579373507,0.3744587516432012,-0.033235256839714816,-21.961225860231014,-0.6092106256055064,367.7520439104647,0.365577963860829,-0.39011155057054725,0.03781106744906118,8.17744779586792,1790364341.1158311,0.0,0.0
19.14162196681991,0.6502230762554773,367.52184069661286,0.36442675062566154,0.3739653745456519,-0.032084043212204094,-21.993141900312636,-0.45361140566031916,367.82849412705286,0.37001835775903463,-0.3914272238181455,0.03945565823141012,8.186988592147827,1790364341.125372,0.0,0.0
19.155691049970414,0.8891228622158169,367.5138634118059,0.36245324222030895,0.3729786203500351,-0.031919584122667696,-22.04695132251441,-0.2878900377583423,367.8511741115648,0.36820930839479726,-0.3910983055060425,0.03929119915329056,8.196570634841919,1790364341.134954,0.0,0.0
19.183001030894154,1.1011840142337272,367.4643899686504,0.36574242289434694,0.37478766970813826,-0.03290633866029101,-22.096126610392822,-0.15626601481144164,367.8459615793025,0.3621243241524787,-0.3887958773251175,0.04011349454363222,8.206094980239868,1790364341.1444783,0.0,0.0
19.207291581011255,1.2246383006926456,367.3871169615319,0.3675514722617687,0.3754455058377824,-0.03274187957061962,-22.12312542122061,-0.06774761439123896,367.825216997128,0.3645912096593149,-0.38994709141475,0.04225146255552571,8.215933561325073,1790364341.154317,0.0,0.0
19.216059937230327,1.2348928211623442,367.3195606000059,0.36442675062566154,0.3739653745456519,-0.03290633866029101,-22.13090282028791,-0.005642138168700562,367.76247282054135,0.37314307938268587,-0.39290735622428746,0.041264708089035214,8.226603269577026,1790364341.1649866,0.0,0.0
19.205913929358964,1.1538005949707517,367.3069740360266,0.36311107835573664,0.3734719974479298,-0.031919584122667696,-22.140424788114743,0.041321686773373854,367.6573389276089,0.3688671445275171,-0.39126276466207704,0.03994903546561511,8.235816717147827,1790364341.1742,0.0,0.0
19.18197542606466,1.037383185834391,367.35892973939565,0.3664002590282254,0.37462321067567933,-0.0330707977499894,-22.167731740914036,0.07177045706709584,367.57053639998674,0.36311107835573664,-0.3891247956362718,0.03830444468403504,8.246357440948486,1790364341.1847408,0.0,0.0
19.154698792958783,0.945167566267088,367.45281932983596,0.36590688192784554,0.37528104680540014,-0.03241296139135785,-22.204682991616945,0.08578847318218713,367.5523893728223,0.36524904579373507,-0.38978263225898657,0.03567309942817249,8.257903814315796,1790364341.1962872,0.0,0.0
19.134622492231063,0.9126882043687787,367.56677409010376,0.3632755373895451,0.3729786203500351,-0.03356417501924669,-22.23056969970499,0.07027665044604564,367.58728119510397,0.37034727582500915,-0.39126276466207704,0.03797552652741145,8.26649522781372,1790364341.2048786,0.0,0.0
19.127128559543223,0.9445839236023813,367.67475784231914,0.36442675062566154,0.37330753841531744,-0.03274187957061962,-22.236006082528313,-0.014266895926034718,367.6370379273087,0.37034727582500915,-0.3919206012865542,0.04422497148574647,8.275956869125366,1790364341.2143402,0.0,0.0
19.13146275223135,1.0216539828891393,367.730699049765,0.36524904579373507,0.37314307938268587,-0.03274187957061962,-22.223812293633742,-0.17202638531558323,367.6916064751265,0.365577963860829,-0.3894537139475614,0.04537618502667742,8.286481618881226,1790364341.224865,0.0,0.0
19.142922703211184,1.110086398338644,367.69466956129446,0.3660713409613248,0.3734719974479298,-0.03224850230176747,-22.19809128948024,-0.30709441562962975,367.74963514339447,0.36508458676015904,-0.3894537139475614,0.042580380710817996,8.296029806137085,1790364341.2344131,0.0,0.0
19.155959913531557,1.1730296102114073,367.5627110815826,0.36245324222030895,0.3716629480881374,-0.0330707977499894,-22.171566522759356,-0.2901546836530917,367.7817182623524,0.36820930839479726,-0.39076938719407517,0.04044241269958962,8.30656886100769,1790364341.2449522,0.0,0.0
19.16681989798731,1.1872016420689915,367.35294644549214,0.36393337352458505,0.37314307938268587,-0.033399715929467236,-22.171334904688514,-0.09434494545630318,367.7537479902012,0.37232078421924,-0.3920850604427582,0.036659853899890966,8.317134141921997,1790364341.2555175,0.0,0.0
19.173800167711118,1.1565123794531889,367.08938721218396,0.3670580951617946,0.37412983357818747,-0.03274187957061962,-22.21076985074217,0.1782194850011946,367.6777094289471,0.3645912096593149,-0.3894537139475614,0.036495394821335424,8.326157808303833,1790364341.2645411,0.0,0.0
19.176906068631897,1.1053619077711645,366.81912940447984,0.36590688192784554,0.373636456480523,-0.03224850230176747,-22.262566167822865,0.4000512649768797,367.5949803899978,0.3662357999947848,-0.3894537139475614,0.042744839788425804,8.336814165115356,1790364341.2751975,0.0,0.0
19.17888564218453,1.0568550286144545,366.61081090919276,0.36442675062566154,0.37330753841531744,-0.033893093198886656,-22.284069530858815,0.5179360432584672,367.52413838361133,0.3710051119567272,-0.391756142130384,0.04192254440013117,8.34572958946228,1790364341.284113,0.0,0.0
19.184072473655412,1.0281154333626261,366.51076670954575,0.3660713409613248,0.373636456480523,-0.033893093198886656,-22.264844953022422,0.5552078705211868,367.4745914426403,0.3691960625937613,-0.3909338463500419,0.03994903546561511,8.35560131072998,1790364341.2939847,0.0,0.0
19.192670194632036,1.042134834369789,366.5151488555466,0.36508458676015904,0.3721563251864931,-0.03356417501924669,-22.233536101087896,0.5520220931504668,367.4780843351107,0.3662357999947848,-0.3906049280381424,0.042744839788425804,8.367024421691895,1790364341.3054078,0.0,0.0
19.198861696820533,1.1242795154765386,366.582255187263,0.3664002590282254,0.3729786203500351,-0.03487984773845537,-22.223780320681108,0.5303078637818056,367.55642319046535,0.36574242289434694,-0.38978263225898657,0.03978457638757239,8.376578092575073,1790364341.3149614,0.0,0.0
19.199473778014966,1.2830857143143835,366.65807798613145,0.36508458676015904,0.3734719974479298,-0.0330707977499894,-22.24083564539285,0.5019262531224571,367.68595717881027,0.3701828167920315,-0.3909338463500419,0.036166476664147296,8.385663986206055,1790364341.3240473,0.0,0.0
19.200495547741706,1.497278108117631,366.70205854871915,0.3642622915919887,0.3734719974479298,-0.03372863410905318,-22.26135709837738,0.47141955909731054,367.82701555879595,0.3693605216268545,-0.39126276466207704,0.03945565823141012,8.39619493484497,1790364341.3345783,0.0,0.0
19.209010309440913,1.719944099841448,366.70564694847184,0.3654135048272917,0.37314307938268587,-0.03372863410905318,-22.267993651717333,0.42228025044571865,367.96648181788123,0.36574242289434694,-0.39027600972637844,0.04159362624463435,8.406522274017334,1790364341.3449056,0.0,0.0
19.221245686393267,1.89912946082716,366.69073301489885,0.36442675062566154,0.3728141613173651,-0.03372863410905318,-22.272281923252223,0.32791432619877053,368.10045914640256,0.36475566869294895,-0.3896181731032571,0.04044241269958962,8.417439937591553,1790364341.3558233,0.0,0.0
19.224983201248847,1.996422893993632,366.6834307528307,0.3629466193219088,0.3721563251864931,-0.032084043212204094,-22.29037652399993,0.19319864689562025,368.1956160828632,0.36738701322846334,-0.39027600972637844,0.04241592163318464,8.426493883132935,1790364341.3648772,0.0,0.0
19.21623764429743,1.9866813536157104,366.6833985282545,0.36409783255829653,0.37330753841531744,-0.03241296139135785,-22.313414594443536,0.07653514746158091,368.20736045730905,0.37001835775903463,-0.39076938719407517,0.04225146255552571,8.436001539230347,1790364341.3743849,0.0,0.0
19.20700028534263,1.8560610210471926,366.6687705322441,0.3645912096593149,0.37330753841531744,-0.03274187957061962,-22.318637462376113,0.05460417327318792,368.12720697655055,0.36574242289434694,-0.38994709141475,0.03929119915329056,8.446049451828003,1790364341.3844328,0.0,0.0
19.2099496102417,1.615383026989598,366.6316244858335,0.36508458676015904,0.37330753841531744,-0.033235256839714816,-22.29623216175323,0.15676883180348367,367.9802399541978,0.36409783255829653,-0.3894537139475614,0.037646608370685265,8.45656132698059,1790364341.3949447,0.0,0.0
19.221559276833077,1.308534167485039,366.5868288195332,0.3616309470505877,0.3721563251864931,-0.03224850230176747,-22.25307008390546,0.3341061273779699,367.78508259856,0.3654135048272917,-0.38994709141475,0.03945565823141012,8.465401411056519,1790364341.4037848,0.0,0.0
19.227830242367872,0.9981140797493369,366.5441163516088,0.3629466193219088,0.37330753841531744,-0.03224850230176747,-22.198842315854236,0.4926361400447848,367.5540188375689,0.36788039032832154,-0.39076938719407517,0.03830444468403504,8.476779460906982,1790364341.4151628,0.0,0.0
19.222051192295005,0.7409085033039995,366.5001011788802,0.3654135048272917,0.3742942926107039,-0.03224850230176747,-22.137883454671325,0.5522829873303292,367.32769684612555,0.365577963860829,-0.39011155057054725,0.035837558506856444,8.486303329467773,1790364341.4246867,0.0,0.0
19.20916879871514,0.5721781057508376,366.4657144786949,0.36524904579373507,0.373800915513097,-0.034057552288747184,-22.074034161726342,0.47596536176909743,367.16309232957934,0.36393337352458505,-0.3894537139475614,0.038468903762308375,8.496745824813843,1790364341.4351292,0.0,0.0
19.195680694323592,0.5063548718292282,366.4725514661889,0.36376891449085413,0.3734719974479298,-0.03504430682847813,-22.017358492046387,0.27191294861797377,367.0799756148108,0.3672225541951386,-0.39076938719407517,0.040606871777529925,8.507205486297607,1790364341.4455888,0.0,0.0
19.183224310829612,0.545254125347627,366.5368768161749,0.36311107835573664,0.37314307938268587,-0.0330707977499894,-21.97900939774811,-0.0007261962982092417,367.05545584059473,0.3672225541951386,-0.3910983055060425,0.04011349454363222,8.516708612442017,1790364341.455092,0.0,0.0
19.172543046454773,0.6774796309585075,366.63290416293916,0.36409783255829653,0.373636456480523,-0.03274187957061962,-21.962198492558333,-0.24652623418059139,367.06798843789767,0.36574242289434694,-0.39126276466207704,0.040935789933333744,8.526641607284546,1790364341.465025,0.0,0.0
19.168938343933778,0.8714548499228866,366.71505244055487,0.36409783255829653,0.373800915513097,-0.03241296139135785,-21.9677289512381,-0.3904176823218785,367.1132536249407,0.3662357999947848,-0.391756142130384,0.04044241269958962,8.53641939163208,1790364341.4748027,0.0,0.0
19.179252315207414,1.0816512347545533,366.7589248866178,0.3621243241524787,0.3728141613173651,-0.034222011378634745,-22.00301613517819,-0.4241572268973348,367.1845614060846,0.3645912096593149,-0.39027600972637844,0.0371532311354036,8.545694589614868,1790364341.484078,0.0,0.0
19.20327404467933,1.2661620129123385,366.7644118532545,0.3617954060845708,0.3726497022846759,-0.03241296139135785,-22.069271839404472,-0.3899882651649703,367.2620246895703,0.36672917709504865,-0.3904404688822435,0.037317690213856475,8.555211067199707,1790364341.4935944,0.0,0.0
19.233941223045957,1.3923887340386043,366.7256429510319,0.3621243241524787,0.37232078421924,-0.03241296139135785,-22.143260848743253,-0.32954885753848845,367.32782019259975,0.36837376742800615,-0.39224951959899623,0.04011349454363222,8.56674838066101,1790364341.5051317,0.0,0.0
19.26618906023992,1.4316586204194661,366.62368451398885,0.36343999642333413,0.37330753841531744,-0.03175512503315832,-22.19137667979638,-0.26544785837587903,367.3875121837092,0.3629466193219088,-0.3906049280381424,0.03698877205692505,8.576280355453491,1790364341.5146637,0.0,0.0
19.298276740133936,1.3637558848117741,366.4538417788783,0.36080865188038097,0.3729786203500351,-0.030603911407348028,-22.201991129910066,-0.2280194686373092,367.4545840466147,0.36343999642333413,-0.39076938719407517,0.03698877205692505,8.585506916046143,1790364341.5238903,0.8,0.8
19.32448663387359,1.191350850384432,366.2396301473641,0.3603152747780237,0.3714984890553137,-0.030603911407348028,-22.189767897784392,-0.26686203635244216,367.51897194710193,0.3668936361284313,-0.391756142130384,0.038633362840556074,8.59712290763855,1790364341.5355062,0.8,0.8
19.332114698112797,0.9463254350876308,366.00891792272904,0.36064419284628135,0.3719918661537271,-0.030274993228787822,-22.169420803828068,-0.40865007160277883,367.56639857229766,0.3687026854943661,-0.39224951959899623,0.036659853899890966,8.606697797775269,1790364341.5450811,0.8,0.8
19.30647161404773,0.6792788233829534,365.770674018731,0.3614664880165852,0.3716629480881374,-0.030603911407348028,-22.13770502681394,-0.615908477541879,367.61318353364163,0.36574242289434694,-0.3914272238181455,0.041264708089035214,8.615846157073975,1790364341.5542295,0.8,0.8
19.240176019865366,0.44229293088707505,365.52580417747436,0.3629466193219088,0.3726497022846759,-0.02994607505033546,-22.085725953382507,-0.7858813887239338,367.67947160719024,0.36064419284628135,-0.38928925479189963,0.04307375794356475,8.62657880783081,1790364341.5649621,0.8,0.8
19.14062523660644,0.27767980273743126,365.2898045000912,0.36245324222030895,0.3728141613173651,-0.029123779604676187,-22.027372327320172,-0.7793610342082893,367.72335675143955,0.3553815037448123,-0.38780912239246734,0.035344181270727505,8.636505126953125,1790364341.5748885,0.8,0.8
19.025765322479756,0.2144512723317263,365.06512017377344,0.3372910098052654,0.361137569948522,-0.03241296139135785,-22.00313350789866,-0.5120069749545247,367.6428197008627,0.3818594080857834,-0.3896181731032571,0.04208700347784122,8.646052837371826,1790364341.5844362,0.8,0.8
18.910167446400568,0.2711358880005489,364.77935407269894,0.3710051119567272,0.37643226003167407,-0.014815838957661642,-22.027210977750688,-0.02378693314413266,367.39071411604806,0.36245324222030895,-0.3896181731032571,0.0452117259494781,8.656628131866455,1790364341.5950115,0.8,0.8
18.815075673006397,0.43799341607233827,364.36122838001654,0.3826817032436862,0.38564196580820337,-0.025505679651770405,-22.045427255769166,0.5865601327386338,367.02364045524536,0.358341766366844,-0.3828753477474752,0.03271283600746514,8.666297197341919,1790364341.6046805,0.8,0.8
18.784470856893208,0.6335873438597284,363.90623792173386,0.3603152747780237,0.358506225401216,-0.023861088768386815,-21.990677852932567,1.2294807714775597,366.59968863102574,0.3654135048272917,-0.39274289706791377,0.047185234874187285,8.67561149597168,1790364341.6139948,0.8,0.8
18.82081257510427,0.7284566412883199,363.58104494631544,0.3456784206614481,0.3621243241524787,-0.03553768409870875,-21.866328960897942,1.818397722215559,366.1447231866931,0.35932852057278425,-0.3879735815478244,0.045540644103851224,8.685721635818481,1790364341.624105,0.8,0.8
18.831494023087917,0.6606257751298477,363.3635475122891,0.3617954060845708,0.3726497022846759,-0.03668889773019415,-21.746836910480905,2.273226813396307,365.72245776412365,0.37495212874057804,-0.39257843791157404,0.03912674007514537,8.695865392684937,1790364341.6342487,0.8,0.8
18.726848889525012,0.5282293635093804,363.10151221080974,0.3616309470505877,0.37232078421924,-0.03520876591852795,-21.70550509866687,2.540976015722999,365.45531154657954,0.36524904579373507,-0.3920850604427582,0.043238217021095905,8.706499338150024,1790364341.6448827,0.8,0.8
18.525191440868785,0.5768505506708741,362.7890124028591,0.35653271698746475,0.37560996487014553,-0.0330707977499894,-21.7543825425994,2.62712057075248,365.46006847513735,0.36047973381216225,-0.386000071685772,0.040606871777529925,8.717219352722168,1790364341.6556027,0.8,0.8
18.330465616613047,1.0578980375679452,362.590675845795,0.36311107835573664,0.3734719974479298,-0.03290633866029101,-21.851858597282764,2.5963546979754146,365.7456163713819,0.37495212874057804,-0.39438748863317835,0.037482149292283704,8.727023839950562,1790364341.6654072,0.8,0.8
18.248100020452082,2.0410991754417886,362.6615625418972,0.365577963860829,0.373636456480523,-0.033893093198886656,-21.948315560223705,2.4997668394203703,366.22728891728383,0.37314307938268587,-0.3937296520066651,0.04307375794356475,8.73655891418457,1790364341.6749423,0.8,0.8
18.308194914665545,3.347685696230031,363.06140696434505,0.36442675062566154,0.37462321067567933,-0.02945269778285907,-22.01725173255229,2.339230003438554,366.84306819645997,0.3614664880165852,-0.3914272238181455,0.0491587437952289,8.747067213058472,1790364341.6854506,0.8,0.8
18.45883435524432,4.6313168393111726,363.75742916826454,0.3621243241524787,0.3716629480881374,-0.026656893271737356,-22.06303388012338,2.1311936580093076,367.55954166880645,0.3716629480881374,-0.3957031618878353,0.04537618502667742,8.756610631942749,1790364341.694994,0.8,0.8
18.625639988892758,5.524908238813772,364.62962114765264,0.36195986511853445,0.37232078421924,-0.025505679651770405,-22.109447953235208,1.9522650870856029,368.34045378796554,0.37873468648141023,-0.399156804191664,0.042744839788425804,8.765799283981323,1790364341.7041826,0.8,0.8
18.755211834422028,5.786040097352496,365.50710828616354,0.3672225541951386,0.37626780099940665,-0.028465943248633663,-22.174757208280177,1.8889207647902018,369.2108582635481,0.3775834732570104,-0.3993212633493636,0.038962280996974574,8.776302814483643,1790364341.7146862,0.8,0.8
18.821695393752872,5.380150348551737,366.24811906121187,0.36820930839479726,0.3742942926107039,-0.030274993228787822,-22.25711389908555,1.9558017639858096,370.2583865811377,0.37495212874057804,-0.3975122126165409,0.041429167166847566,8.785765647888184,1790364341.724149,0.8,0.8
18.817199066034792,4.483847564310792,366.8025932460767,0.3629466193219088,0.37412983357818747,-0.03159066594367589,-22.34187824864543,2.0820847757959244,371.5106493920238,0.38021481776855,-0.39701883514466757,0.0452117259494781,8.795507669448853,1790364341.733891,0.8,0.8
18.747234950532256,3.420715635782117,367.1919024175159,0.3654135048272917,0.37462321067567933,-0.031097288675390578,-22.418865502791988,2.190778535671041,372.8700169706958,0.3830106213067142,-0.39636099851597945,0.05376359793009401,8.807489156723022,1790364341.7458725,0.8,0.8
18.64530248336393,2.543668476351103,367.44570671377716,0.3660713409613248,0.3728141613173651,-0.032084043212204094,-22.502925588013465,2.2933434765044605,374.16593578019484,0.37922806357729516,-0.39290735622428746,0.055572647763351184,8.816057205200195,1790364341.7544405,0.8,0.8
18.574024092774113,2.114670792476555,367.5729774420291,0.36574242289434694,0.3716629480881374,-0.034222011378634745,-22.640432665369467,2.500641517990939,375.2078604251616,0.37462321067567933,-0.3887958773251175,0.05063887548360657,8.826072454452515,1790364341.7644558,0.8,0.8
18.591342525251324,2.2366081492191716,367.56193750702187,0.3672225541951386,0.37133403002247073,-0.03504430682847813,-22.87550116403005,2.935146736552141,375.79106048293966,0.36985389872601854,-0.38534223506616977,0.049487661948379655,8.836609840393066,1790364341.7749932,0.8,0.8
18.715226775033976,2.8537273164214305,367.3966404094217,0.3685382264611957,0.3726497022846759,-0.03438647046854934,-23.20332529604221,3.6222222940790965,375.7206187214014,0.37412983357818747,-0.3833687252106064,0.04932320287181699,8.845852375030518,1790364341.7842357,0.8,0.8
18.91870744799433,3.8066202175546078,367.09692356451365,0.37133403002247073,0.37412983357818747,-0.0361955204593951,-23.562353004505823,4.461496681074838,374.88971333247736,0.3716629480881374,-0.38172413366801666,0.050803334559965926,8.856379747390747,1790364341.794763,0.8,0.8
19.154532224408054,4.906379611360591,366.7507434252626,0.3728141613173651,0.3759388829348144,-0.03701781591086223,-23.86828857644223,5.310994850511919,373.33892319563387,0.36672917709504865,-0.3772837365198589,0.05623048406559434,8.865776300430298,1790364341.8041596,0.8,0.8
19.38453471644453,5.99451078102975,366.5088607590589,0.37511658777299867,0.37955698164112306,-0.0388268659064743,-24.060877023138584,6.1011317032137935,371.2096261325113,0.36047973381216225,-0.3748168492259261,0.058039533894676774,8.877167701721191,1790364341.815551,0.8,0.8
19.58762560908216,6.973447276068369,366.54934953578606,0.378899145513391,0.3808726538956719,-0.03816902954405403,-24.12748468074857,6.861795427325498,368.6571069110822,0.3672225541951386,-0.37514576753134693,0.05096779363629987,8.886682748794556,1790364341.825066,0.8,0.8
19.748267195609603,7.808668091756886,367.0376018265284,0.38481967065200995,0.3851485887145442,-0.038333488634618426,-24.08260243534074,7.6425703919178405,365.8498709818488,0.3665647180616467,-0.3748168492259261,0.04932320287181699,8.897451877593994,1790364341.8358352,0.8,0.8
19.8557856658891,8.512658327832774,368.102923232946,0.3894245235205949,0.3897534415820693,-0.041951588633900624,-23.93221639976473,8.43096724079646,363.00575023200287,0.3621243241524787,-0.3716921253311255,0.051132252712608434,8.90598177909851,1790364341.8443651,0.8,0.8
19.92651954100457,9.124472865674315,369.82451491179523,0.39222032704072224,0.3915624909188295,-0.04573414773812759,-23.667290900714686,9.16978494436438,360.3417668015539,0.3603152747780237,-0.3692252380543074,0.05392805700597131,8.916762351989746,1790364341.8551457,0.8,0.8
20.01240631975412,9.6957856620645,372.20269815718984,0.39419383540459346,0.39287816316231366,-0.045240770462846316,-23.28526383278814,9.836867937198138,357.9884692171024,0.36442675062566154,-0.3680740239943709,0.056559402216564136,8.92661166191101,1790364341.864995,0.8,0.8
20.172417375345777,10.278746573730857,375.13170170109606,0.399785442420884,0.3963318027957336,-0.045240770462846316,-22.808611912628635,10.481310904742005,355.96491517556876,0.3520923230462401,-0.36017998477034324,0.05738169759354612,8.93648386001587,1790364341.8748672,0.8,0.8
20.4395949042173,10.908295045223687,378.42040781694175,0.40340354106696585,0.3987986882431117,-0.04803657502601846,-22.28321977438463,11.183081348491823,354.16345632762557,0.34699409294794786,-0.3526148639193302,0.05327022070231003,8.945946455001831,1790364341.8843298,0.8,0.8
20.815251095328165,11.588965021477605,381.8546473680372,0.40603488553118244,0.4011011146568675,-0.04951670685677344,-21.75760834192107,11.9825650381719,352.32682927356706,0.3418958628307231,-0.3485033852254037,0.050145498254376086,8.955711364746094,1790364341.8940947,0.8,0.8
21.28069600325379,12.295613352152694,385.2484025067088,0.40669272164649345,0.40307462300860397,-0.04968116594921615,-21.25922006054761,12.837277117138155,350.1084259567971,0.33449520617506345,-0.3414316419201881,0.04471834871772711,8.967443227767944,1790364341.9058266,0.8,0.8
21.808394454065862,12.982600604692234,388.4658276909381,0.4093240661047713,0.4070216397040377,-0.05181913415345987,-20.78568278996461,13.633177328687395,347.20466865652986,0.33186386157666803,-0.338142459008301,0.044882807795002956,8.977051496505737,1790364341.9154348,0.8,0.8
22.370899937862955,13.593316020401428,391.44029460448047,0.41639580431295947,0.4117909515301048,-0.05066792050444653,-20.313398020151702,14.237277127116142,343.4638177633581,0.3257788771732545,-0.33353760295375035,0.044882807795002956,8.986732006072998,1790364341.9251153,0.8,0.8
22.950728977586603,14.067686751740666,394.2087289491159,0.4229741654063631,0.41705364042361887,-0.05658844785653072,-19.818660441155657,14.54616045189857,338.93229186012127,0.3262722542880682,-0.33189301151193107,0.04537618502667742,8.996795177459717,1790364341.9351785,0.8,0.8
23.544516501621235,14.3569666727752,396.9190407852082,0.4206717390270017,0.41639580431295947,-0.054121561455511585,-19.297477284072688,14.503957090171752,333.84349015728156,0.32265415544189474,-0.3287682877814978,0.04406051240836854,9.007001876831055,1790364341.9453852,0.8,0.8
24.1529061355384,14.44800323082418,399.7446462936375,0.420013902917955,0.4201783619452441,-0.05379264326917539,-18.764653534077457,14.11093542134533,328.55310029030073,0.31656917099675286,-0.3251501866346908,0.038468903762308375,9.015562295913696,1790364341.9539456,0.8,0.8
24.767978970434253,14.376367305560324,402.7662063105361,0.4272501001014136,0.4239609195678517,-0.05264142961786199,-18.23693808016818,13.42999220868222,323.4313549652573,0.31591133483886064,-0.324492350064242,0.03781106744906118,9.026594877243042,1790364341.9649782,0.8,0.8
25.372164694568358,14.21530465669038,405.96543338201826,0.433992920172538,0.42856577231280335,-0.05346372508294882,-17.725361070364,12.559537796824229,318.77275031061987,0.31722700715432045,-0.3239989726367479,0.03485080403436729,9.036065101623535,1790364341.9744484,0.8,0.8
25.943572064423513,14.045100974660942,409.3123821855847,0.43580196945474803,0.4313615757581557,-0.05823303879397601,-17.24188473958632,11.578771950107557,314.78067303033794,0.3175559252329826,-0.3253146457773846,0.033206213244828524,9.04572606086731,1790364341.9841094,0.8,0.8
26.46805029371499,13.918143815287037,412.7976881974223,0.4369531826332025,0.4325127889400167,-0.060535466111019676,-16.80521226272624,10.533434231535482,311.5853492737617,0.3073594647566332,-0.32301221778264005,0.03978457638757239,9.056123733520508,1790364341.994507,0.8,0.8
26.95597211737619,13.843451907228284,416.3824449007002,0.4372821006840277,0.43448629724972054,-0.06152222067711896,-16.442087283273672,9.491240549822308,309.22480665393476,0.31081310460416856,-0.3221899220717799,0.04471834871772711,9.066515922546387,1790364342.0048993,0.8,0.8
27.443701210606815,13.798877814044115,419.95633053776646,0.4364598055568299,0.43481521530108547,-0.061851138866039185,-16.177778983252324,8.593646163394213,307.6278790857006,0.3152534986806437,-0.32367005435191487,0.034357426797775724,9.076020002365112,1790364342.0144033,0.8,0.8
27.972105131023792,13.757284550385004,423.35398908264415,0.43974898606292795,0.4372821006840277,-0.06497586166628436,-16.008535250358484,8.01621939636079,306.6614800086485,0.31081310460416856,-0.32038087151075345,0.030574867976211652,9.086429119110107,1790364342.0248125,0.8,0.8
28.55753684885142,13.707728042720703,426.4182800133857,0.4446827568086456,0.4390911499622825,-0.062344516149626245,-15.890632745082906,7.853714947929628,306.17224303761316,0.30653716955351,-0.3192296575194234,0.039620117309504065,9.09567403793335,1790364342.0340574,0.8,0.8
29.17495392002538,13.659203320527594,429.06560467466187,0.44336708461135943,0.43843331386135015,-0.06283789343346152,-15.772323773360423,8.053905420713305,305.96265248235557,0.3034124477769693,-0.31626939297760304,0.04011349454363222,9.106001377105713,1790364342.0443847,0.8,0.8
29.7649439242038,13.631222922523005,431.2766489889893,0.43448629724972054,0.43415737919828357,-0.06250897524421042,-15.620712184559679,8.485685366058188,305.7792891944636,0.3060437924313904,-0.3152826381326677,0.034028508639919436,9.116604089736938,1790364342.0549874,0.8,0.8
30.259017266529067,13.644556141764738,433.0068034878486,0.4333350840693756,0.4333350840693756,-0.06283789343346152,-15.409869131847435,9.05918350527376,305.3819656341476,0.3068660876348207,-0.3147892607106381,0.036166476664147296,9.126139163970947,1790364342.0645225,0.8,0.8
30.605299891425553,13.71524629009188,434.14863986136726,0.4361308875058249,0.434650756275412,-0.06415356619156956,-15.120331456431021,9.750441590328949,304.63490251317546,0.29864313557742017,-0.3110067004847689,0.03879782191877813,9.136674880981445,1790364342.0750582,0.8,0.8
30.782821453345033,13.850658264124048,434.62108082957485,0.43349954309519323,0.43284170699181435,-0.06102884339394535,-14.770960339389891,10.515008402116287,303.5122006810527,0.29584733186617435,-0.30919764994801574,0.036495394821335424,9.147262334823608,1790364342.0856457,0.8,0.8
30.801794427396942,14.048241938707342,434.45966358618114,0.4290591493917753,0.4307037396538375,-0.06267343433882216,-14.421362771457703,11.224213522877351,302.03874986893805,0.29814975845233993,-0.3098554865063823,0.03797552652741145,9.15657353401184,1790364342.0949569,0.8,0.8
30.696257992468514,14.289134436510837,433.79109691337976,0.42840131328644315,0.4293880674443326,-0.060535466111019676,-14.123129658782151,11.730794524712646,300.28171317675395,0.29814975845233993,-0.30936210908755885,0.034028508639919436,9.165971994400024,1790364342.1043553,0.8,0.8
30.51672921522873,14.528049094822947,432.76266230100987,0.43119711673210326,0.43103265770603283,-0.061851138866039185,-13.879735971242063,11.987149413918374,298.3828361234997,0.2935449052759545,-0.30919764994801574,0.02712122730113104,9.17651629447937,1790364342.1148996,0.8,0.8
30.32260839901953,14.703368745184296,431.53368871020285,0.43169049381020635,0.4318549528362045,-0.06514032076131018,-13.655718258981688,12.046677394001058,296.54651888272696,0.29732746324345993,-0.31199345532464806,0.02136515948397749,9.185571193695068,1790364342.1239545,0.8,0.8
30.172219847743392,14.772166626760598,430.3009934296407,0.4300459035492299,0.4318549528362045,-0.06004208882834189,-13.412190614701434,11.934488034072233,294.99113907121176,0.29272261006417755,-0.3121579144647413,0.024489882017227578,9.195750951766968,1790364342.1341343,0.8,0.8
30.108301178391113,14.73678415335565,429.26786456850846,0.4205072799997675,0.4293880674443326,-0.06398910709670946,-13.135164595502054,11.568819545169083,293.89831164896776,0.29765638132707384,-0.3152826381326677,0.03287729508661202,9.206277847290039,1790364342.1446612,0.8,0.8
30.146859303502378,14.635571851479225,428.55751733857016,0.420013902917955,0.4290591493917753,-0.059877629734171045,-12.84557951198497,10.857890928464224,293.3666672126603,0.29074910155379596,-0.31511817899195876,0.03304175416573314,9.216795682907104,1790364342.155179,0.8,0.8
30.278640407374382,14.503484593299817,428.16908108314675,0.4247832147019244,0.42889469036546946,-0.05691736604379993,-12.589032938046053,9.858834699245657,293.40300829509533,0.30111002120003805,-0.3221899220717799,0.031397163373363006,9.226730585098267,1790364342.165114,0.8,0.8
30.47904077166054,14.33251467081979,428.0180241948163,0.42215187027128775,0.42708564107490826,-0.06086438429960925,-12.41266272159839,8.791552549374936,293.9881297928712,0.3034124477769693,-0.32827491035145656,0.024654341097665705,9.237269639968872,1790364342.175653,0.8,0.8
30.722266436295183,14.076864040564248,427.9789225502364,0.41425783695128615,0.42363200151409514,-0.059877629734171045,-12.338750202857748,7.869817455565691,295.1761289103056,0.31311553116419305,-0.3343598986758896,0.015609091635015705,9.247339487075806,1790364342.1857228,0.8,0.8
30.98943567582008,13.710746506747208,427.88882239674484,0.41310662375525087,0.4239609195678517,-0.06300235252812844,-12.337904920007956,7.13579654012397,297.1004793403057,0.30439920202299275,-0.33419543953139613,0.017582600615394336,9.255778551101685,1790364342.194162,0.8,0.8
31.265704429979813,13.271709208172261,427.58436709772695,0.41672472236832586,0.4237964605409825,-0.06119330248830901,-12.327447366791892,6.490533239045755,299.8223950357712,0.29584733186617435,-0.33353760295375035,0.021200700403020648,9.266327142715454,1790364342.2047105,0.8,0.8
31.53536623193912,12.8421256196998,426.9752978951327,0.4068571806752749,0.41754701750642065,-0.057246284231179057,-12.224772268011689,5.867929505943659,303.17741637934466,0.3116353998046358,-0.3411027236284068,0.03073932705569349,9.27581238746643,1790364342.2141957,0.8,0.8
31.77552293832077,12.501211142187097,426.03926582689746,0.4022523278623733,0.41392891889536815,-0.058726416075745635,-12.024955543097212,5.326234260236217,306.8514294671502,0.3261077952498171,-0.3476810894891011,0.03468634495552915,9.286343097686768,1790364342.2247264,0.8,0.8
31.95941241531412,12.285580523341002,424.7457239545444,0.40389691815436907,0.4144222959792175,-0.06563369804655347,-11.818156825482022,4.972836668525892,310.59875440050456,0.3124576950045935,-0.345049743138486,0.018404896022778477,9.295783281326294,1790364342.2341666,0.8,0.8
32.07537874878404,12.182652603420633,423.04191221498905,0.3938649173441363,0.40718609873278194,-0.06283789343346152,-11.705625663059763,4.8414039059187965,314.292837786818,0.3178848433115637,-0.3485033852254037,0.013142205404261247,9.306900024414062,1790364342.2452834,0.8,0.8
32.13013237411146,12.164457228848297,420.88681172678463,0.38843776933571833,0.4027457049501676,-0.05856195698179492,-11.702983028419775,4.841090959219411,317.82504116134027,0.3210095650540454,-0.35376607795734155,0.021036241322037838,9.31742262840271,1790364342.255806,0.8,0.8
32.13208155194583,12.21576411179814,418.2501149128313,0.3835039984011137,0.3984697701837047,-0.06119330248830901,-11.74787974455148,4.806679242189343,321.1002810609321,0.32824576274551487,-0.35902877072325906,0.02185853672669224,9.326531171798706,1790364342.2649145,0.8,0.8
32.09041291623838,12.322880591930584,415.11693258023695,0.3816949490541457,0.3953450486156016,-0.06366018890707204,-11.778429228893115,4.610681308909026,324.1316017254687,0.32923251697315453,-0.363140249470342,0.018075977859902913,9.33635425567627,1790364342.2747376,0.8,0.8
32.0211935009752,12.4485943806516,411.5158219456521,0.3742942926107039,0.38745101515016117,-0.05329926598987665,-11.77601067720577,4.2543348493649615,327.05851223963697,0.3210095650540454,-0.3652782184270629,0.026627850060903707,9.347221851348877,1790364342.2856052,0.8,0.8
31.929868519486206,12.52681210681849,407.4979263514505,0.3627821602880616,0.37873468648141023,-0.05675290695015159,-11.764356565330658,3.8621014682472374,330.04176050700727,0.3269300904408718,-0.37054091126767225,0.026298931900622838,9.356476545333862,1790364342.29486,0.8,0.8
31.79753665009718,12.48762247087868,403.05987715268793,0.35291461822161724,0.36903160356064885,-0.057410743324909835,-11.790577940230197,3.579235868125692,333.1649535069647,0.3336729109886139,-0.37596806329548693,0.013142205404261247,9.365739345550537,1790364342.3041227,0.8,0.8
31.602436503635538,12.283508052268468,398.09805871729407,0.34469166644574484,0.3613020289825633,-0.05346372508294882,-11.877979858391331,3.465683082365789,336.45924543642906,0.34008681342971975,-0.38221751113043934,0.010675319167628865,9.376334428787231,1790364342.3147178,0.8,0.8
31.342828929906656,11.887894333688863,392.460287438527,0.33877114113657386,0.3540658314663227,-0.04622752501365418,-11.996686929186401,3.4728616738590485,339.9799216554016,0.34238923993967163,-0.3879735815478244,0.02498325925846425,9.385583400726318,1790364342.3239667,0.8,0.8
31.029349426297866,11.290901706229434,386.05570923687867,0.328574680821475,0.3471585519836717,-0.045240770462846316,-12.10981279862952,3.4993454034437415,343.8275287430959,0.3609731109144612,-0.3993212633493636,0.02942365441911654,9.397125720977783,1790364342.335509,0.8,0.8
30.677613595613945,10.518552113934383,378.92491259497854,0.32265415544189474,0.34386937126544914,-0.06415356619156956,-12.230383173846448,3.4739610835107406,348.14581229962283,0.365577963860829,-0.4082020579158017,0.02021394591673413,9.40666675567627,1790364342.34505,0.8,0.8
30.324538892623785,9.65976384592714,371.23901907141845,0.31459566252210175,0.3372910098052654,-0.06119330248830901,-12.405202796866112,3.398444949114931,353.10838263526216,0.36393337352458505,-0.4134647510392788,0.020871782241029056,9.417248725891113,1790364342.355632,0.8,0.8
30.025622025553254,8.861846945880371,363.2742549592582,0.31212877692467156,0.33515304232386417,-0.05066792050444653,-12.667869766205795,3.308864445446409,358.83270295400166,0.36245324222030895,-0.42399013739180397,0.023174209372789703,9.426306009292603,1790364342.3646894,0.8,0.8
29.811747693314942,8.275848535460609,355.3889666948537,0.3152534986806437,0.3331795338765047,-0.04622752501365418,-13.028958669756044,3.212159780535884,365.2943907812036,0.36903160356064885,-0.43467998305087674,0.024489882017227578,9.435476779937744,1790364342.3738601,0.8,0.8
29.657385235923737,7.992419123935299,347.973661927955,0.3035769068180245,0.32544995909661156,-0.048365493210439495,-13.487626755561278,3.088411812608334,372.38189606847834,0.39172694994933094,-0.450303603893786,0.025312177419159212,9.446199655532837,1790364342.384583,0.8,0.8
29.489713436028595,8.017159400170028,341.3278352811758,0.29765638132707384,0.31722700715432045,-0.0498456250416862,-14.034849711646807,2.9366670887451973,380.0631083325004,0.41063973833213324,-0.46395371499423665,0.020542864078933562,9.455601215362549,1790364342.3939846,0.8,0.8
29.221512921336977,8.284686214518025,335.5044665074145,0.28614424835125774,0.3093329732420423,-0.05625952966937134,-14.65947930302024,2.7578309091870197,388.4565219061949,0.40340354106696585,-0.4685585718057862,0.023338668453435164,9.465786933898926,1790364342.4041703,0.8,0.8
28.792667650233987,8.685024555678925,330.2466246860802,0.27446765622845143,0.2956828728241503,-0.043431720455579054,-15.362950938263518,2.4881393560223155,397.6629078052827,0.4042258362125449,-0.4794128772572055,0.029752572578415584,9.476322412490845,1790364342.4147058,0.8,0.8
28.192274020446476,9.08294647741416,325.0566814862018,0.2611464735358791,0.28417073983087904,-0.03816902954405403,-16.161670022833906,2.017145065999224,407.56628931994914,0.41606688625751964,-0.497174468330811,0.03468634495552915,9.48542332649231,1790364342.4238067,0.8,0.8
27.437224662413314,9.331103148437707,319.32659436335706,0.24601624117182974,0.26558686778221957,-0.024025547856604365,-17.06846735454932,1.3102871268087275,417.9284169504266,0.4382688548360722,-0.518883080212723,0.025147718338824676,9.49654483795166,1790364342.4349282,0.8,0.8
26.529731741852316,9.292257783120577,312.43577878238773,0.22397872848709666,0.2425626011500966,-0.02649243418309001,-18.073424150289696,0.4682089089347129,428.71287943050385,0.46343108549682127,-0.5453610091997451,0.015938009798672763,9.506013870239258,1790364342.4443972,0.8,0.8
25.435811071801044,8.872469142805398,303.7718784100505,0.2022701335147516,0.21592023494414056,-0.019091775221738855,-19.150389032121478,-0.4028462189973756,440.281923991262,0.4721474136690296,-0.5698654288029164,0.01708922337065142,9.51700735092163,1790364342.4553907,0.8,0.8
24.100377474921395,8.046040635742644,292.7242611587201,0.1725030443157912,0.18417963740549234,-0.02073636609734872,-20.293477405853658,-1.369345391993331,453.2569004642971,0.48234387297867615,-0.5910806652359165,0.026956768221081125,9.526787996292114,1790364342.4651713,0.8,0.8
22.480564107873537,6.86134348510812,278.6973616374323,0.13270395149613656,0.14684743092011493,-0.01448692078424911,-21.55241904782325,-2.6476293192171463,468.1998899026701,0.5139200046208078,-0.6247948019477819,0.050145498254376086,9.537630796432495,1790364342.4760141,0.8,0.8
20.56106086824026,5.4368603793614,261.14132592573316,0.10162118795405367,0.11000860042347488,-0.0026458666122117364,-23.03508923440148,-4.355890147643559,485.4529921112526,0.5387533160570545,-0.6552197559746322,0.05869737019540327,9.546767473220825,1790364342.4851508,0.8,0.8
18.33189672128126,3.9468436207995237,239.6452327542815,0.07366314592819459,0.07777462274157,0.0034391195061634766,-24.874784186564288,-6.301658825182923,505.18826881066815,0.5537190863482553,-0.6858091705575066,0.05590156591452336,9.556334257125854,1790364342.4947176,0.8,0.8
15.767468691977335,2.594147156620422,214.12361740069915,0.05047441640722181,0.05146117086514937,0.0029457422546662476,-27.173887302737175,-8.074642684973021,527.4383870767257,0.5711517416882853,-0.7139316980749478,0.03830444468403504,9.566871643066406,1790364342.505255,0.8,0.8
12.858626890463345,1.5900337127850988,185.0155392718946,0.03468634495552915,0.03189054061134451,-0.0019880302733486926,-29.9442661922956,-9.404487619370014,552.0511360600565,0.5997676095148452,-0.7453434114848154,0.030574867976211652,9.576355934143066,1790364342.5147393,0.8,0.8
9.673422891713198,1.1406125139974839,153.38055168505008,0.015938009798672763,0.017582600615394336,-0.0014946530194787921,-33.08101497001615,-10.432627171306564,578.6776931388893,0.6084839369811869,-0.7677098680105939,0.03698877205692505,9.58546257019043,1790364342.523846,0.8,0.8
6.381600911647686,1.4015410448041932,120.82270048067217,0.009853023754110027,0.00886626925702319,0.002287905918968103,-36.406950481806966,-11.603812915778686,606.746510101228,0.6109508221056683,-0.7798798520276501,0.0560660249900715,9.59584379196167,1790364342.5342271,0.8,0.8
3.224863558465494,2.3787492072313445,89.25693146370236,0.0049192512592347165,0.0029457422546662476,0.01231990999270409,-39.77506990121105,-13.272056758584993,635.3547055217111,0.6163779693679612,-0.7892540290600837,0.07070288261290773,9.607387781143188,1790364342.5457711,0.8,0.8
0.46191865778706104,3.8364971413251703,60.59736532166445,0.007221678426448289,0.0024523650029321387,0.00047885599362514075,-43.14116982621045,-15.407343926424318,663.2416009835368,0.6218051166144437,-0.7953390212410955,0.06724924206816078,9.616960525512695,1790364342.5553439,0.8,0.8
-1.6863956477278341,5.336049720273138,36.43952776416166,0.003603578589943257,-0.0010012757658465488,0.007879514758992928,-46.51771341332337,-17.675515094589976,688.9946034517487,0.6255876737769454,-0.7979703692289252,0.04932320287181699,9.62664270401001,1790364342.565026,0.8,0.8
-3.0936969830809558,6.418940308216435,17.783463520238453,-0.0016591121040756968,-0.0024814075274563335,0.005741546676687609,-49.83571444080383,-19.77791619723741,711.3505189385503,0.6101285270645406,-0.7932010510088409,0.03830444468403504,9.63576889038086,1790364342.5741522,0.8,0.8
-3.7684467512951,6.787877614548678,4.875460666451506,0.005577087593249583,0.00047885599362514075,0.014951255307388639,-52.861546262540834,-21.686132109007236,729.3592224678112,0.5992742324872065,-0.7831690369359698,0.03682431297842085,9.64631962776184,1790364342.584703,0.8,0.8
-3.842161419041228,6.367911004081023,-2.735170038469977,0.00820843292510788,0.0001499378250383182,0.017747059696923237,-55.273628961099234,-23.556689857823454,742.3974607643145,0.5966428883375416,-0.7739593192343702,0.04817198933516619,9.65745234489441,1790364342.5958357,0.8,0.8
-3.5172738248360873,5.270309758805232,-5.9652448212843785,0.00886626925702319,0.0026168240868698345,0.003274660422357384,-56.83686972316867,-25.465265563989593,750.1827055793412,0.5838150855530696,-0.7598158244444142,0.05886182927052176,9.665585994720459,1790364342.6039693,0.8,0.8
-3.0004286632566695,3.730866862636931,-5.967597377373987,0.003932496757423909,-0.001165734850364225,0.0014656104987529062,-57.521700414346135,-27.258643608704247,752.7940978484229,0.5701649876170864,-0.7445211153034162,0.05475035238497779,9.676854372024536,1790364342.6152377,0.8,0.8
-2.4453333016482355,2.0458391173774357,-3.977265511893754,0.0073861375096237886,-1.452125929465864e-05,0.0016300695828486422,-57.47462150452362,-28.651909764869192,750.613383425194,0.5525678732535853,-0.7326800504038948,0.04586956225812234,9.686402797698975,1790364342.6247861,0.8,0.8
-1.9329516466221344,0.5019613655117744,-1.1551783840262826,0.01231990999270409,0.0029457422546662476,-0.004948293801563558,-56.88091191342745,-29.434790307268084,744.2451096178823,0.540891283249574,-0.7246215480228867,0.031232704293984295,9.69580364227295,1790364342.634187,0.8,0.8
-1.4757495378082044,-0.6838485450098191,1.612061394363445,0.019062732348217364,0.00409695584112478,0.00047885599362514075,-55.85107983131857,-29.597653176862188,734.5560127943255,0.5545413814154049,-0.7295553249793364,0.038633362840556074,9.707398891448975,1790364342.6457822,0.8,0.8
-1.0408089004258418,-1.3966307238204378,3.8382760178815585,0.008701810174083675,0.0016300695828486422,-0.0013301939349083108,-54.42640715257824,-29.309631165292856,722.7770212993798,0.5328327915097798,-0.7206745264838572,0.035015263113179734,9.716022253036499,1790364342.6544056,0.8,0.8
-0.6015420817567155,-1.6229137917739709,5.361999681916763,0.005741546676687609,-0.0014946530194787921,0.0006433150778790003,-52.661616133759885,-28.781607405279246,710.3995144319464,0.5362864308315536,-0.7234703334049395,0.037317690213856475,9.725894212722778,1790364342.6642776,0.8,0.8
-0.18087548472447113,-1.4322261153196763,6.170296642530147,0.013306664486494299,0.0014656104987529062,0.000807774162106506,-50.67395341365407,-28.124743313342453,698.8614582018973,0.5392466931017219,-0.7331734281038443,0.03945565823141012,9.736396551132202,1790364342.67478,0.8,0.8
0.1573439914546375,-0.955250041938711,6.337538460903482,0.01083977825025411,0.0016300695828486422,-0.004290457461219699,-48.628134119829674,-27.34029976838016,689.3313447258628,0.5387533160570545,-0.7372849089509345,0.03912674007514537,9.746970415115356,1790364342.6853538,0.8,0.8
0.361095254240836,-0.35102964156772665,6.052279505245756,0.008043973842063519,0.0003143969093449134,-0.0019880302733486926,-46.69203430930944,-26.436945498457327,682.6722562824098,0.5528967912807126,-0.7525796179250661,0.03205499969062016,9.755717754364014,1790364342.694101,0.8,0.8
0.4306804840559677,0.23495386081159764,5.553757713931611,0.006234923926844119,-0.001823571188698997,-0.0016591121040756968,-44.98939263712836,-25.522889312621356,679.4174118948094,0.5338195456024395,-0.7499482701194737,0.02958811349877897,9.766303300857544,1790364342.7046866,0.8,0.8
0.4012918223332375,0.6972172575885242,5.010284282620026,0.011168696415426088,-0.002316948442727368,0.0073861375096237886,-43.57402796871196,-24.765339277376448,679.6334427084795,0.5241164636659954,-0.7496193516445094,0.031726081532043114,9.777539014816284,1790364342.7159224,0.8,0.8
0.295442105849362,0.9692052546312608,4.503864548264355,0.021036241322037838,0.002781283170781204,0.008043973842063519,-42.440961416647305,-24.281894820307915,682.7996084942923,0.5376021029522697,-0.7635983869747343,0.026134472820443594,9.786704301834106,1790364342.7250876,0.8,0.8
0.11127924935176123,1.0149924782682143,4.123650316723963,0.020049486835595445,0.0024523650029321387,-0.00017898034365401716,-41.567357082511414,-24.11979179809153,687.973298322596,0.5333261685561823,-0.7647496016621855,0.028601359020417202,9.797274112701416,1790364342.7356575,0.8,0.8
-0.13944856526735463,0.8389632145104933,4.004502103800158,0.01708922337065142,0.0016300695828486422,-0.0072507209961039515,-40.949548998517855,-24.339575841082446,694.1297300114595,0.5239520046496366,-0.7637628462156755,0.018240436941353716,9.806769847869873,1790364342.7451532,0.8,0.8
-0.398610341491283,0.5054907096346457,4.232240926095,0.010017482836866154,-0.000836816681355268,-0.005770589227589051,-40.596748267312854,-25.07128132858558,700.3926293590796,0.5382599390122429,-0.7783997188243081,0.02202299580754523,9.81540584564209,1790364342.7537892,0.8,0.8
-0.5800390876561314,0.14012666925243616,4.74255786761471,0.005906005760099364,-0.0003434394280397435,-0.003797080206239617,-40.5010388139491,-26.474802533590136,706.1950902496851,0.53266833249428,-0.781853362970654,0.01791151877842609,9.826465845108032,1790364342.7648492,0.8,0.8
-0.6231125431336098,-0.10269880710573069,5.34622991228467,0.007221678426448289,-0.0024814075274563335,0.0011366923304824278,-40.624408912795616,-28.627919554597568,711.3346623779111,0.5147422997074368,-0.7790575558031576,0.007879514758992928,9.835594654083252,1790364342.773978,0.8,0.8
-0.5361349847140406,-0.10334579534349128,5.8606414584916005,0.02218745488837228,0.0009722332463076439,0.008372892008126027,-40.903308733892054,-31.425101150535017,715.7774702664815,0.50816393900284,-0.7807021482531773,0.018240436941353716,9.84631633758545,1790364342.7846997,0.8,0.8
-0.39521562991530157,0.15317974069988033,6.23620191974759,0.03073932705569349,0.003603578589943257,0.0024523650029321387,-41.2679528571618,-34.59770347204506,719.4518375322717,0.5130977095337665,-0.7820178222161734,0.005577087593249583,9.856832027435303,1790364342.7952154,0.8,0.8
-0.2901438694210178,0.5591270154735276,6.566301331997256,0.02564109557975061,0.001301151414630844,-0.002316948442727368,-41.660852267032496,-37.85304847836221,722.321385047383,0.5290502341492003,-0.7879383550824866,0.01429341897934415,9.866374969482422,1790364342.8047583,0.8,0.8
-0.2625826202615737,0.9538364177337109,6.9541729291479415,0.009853023754110027,-0.0026458666122117364,0.005248169426294705,-42.04652126437956,-40.99293484994949,724.5470917132817,0.5218140374354867,-0.781853362970654,0.014622337143418589,9.877240896224976,1790364342.8156242,0.8,0.8
-0.3038506029935458,1.2324870246255824,7.365168005275058,0.005412628509785272,-0.002974784781801798,0.005906005760099364,-42.43370061257002,-43.901371999135044,726.3574979497329,0.49171803712470397,-0.7670520310431295,0.012155450910314239,9.886472940444946,1790364342.8248563,0.8,0.8
-0.40052196990324657,1.3977375712939892,7.6493611385980875,0.020542864078933562,0.0014656104987529062,0.006892760260018546,-42.8850800392646,-46.462479223668915,727.6945500628009,0.4963228896674978,-0.7657363571101748,0.01725368245225843,9.896045684814453,1790364342.834429,0.8,0.8
-0.5545652852547014,1.5173191863161521,7.735439285751136,0.036659853899890966,0.009359646505684487,-0.0031392438666364847,-43.47561295955126,-48.54732676784437,728.1692494565018,0.507670561948927,-0.7675454087686661,0.005906005760099364,9.90660285949707,1790364342.8449862,0.8,0.8
-0.7582751741723905,1.6556574476889243,7.758519708294349,0.021036241322037838,0.003932496757423909,0.0014656104987529062,-44.22916757762122,-50.0938757632058,727.4820458202021,0.5019144963088747,-0.7622827130486826,0.01741814153383941,9.915842056274414,1790364342.8542254,0.8,0.8
-0.9784522633170272,1.8569119786342656,7.927235281106737,0.006399383010177104,0.001301151414630844,0.007221678426448289,-45.1053885960203,-51.15957847974281,725.7340737382626,0.48398846318373484,-0.7540597510703073,0.025312177419159212,9.926668882369995,1790364342.8650522,0.8,0.8
-1.1879257585778347,2.1701928076615724,8.31615213508854,0.025312177419159212,0.013635582650882036,0.003110201338524965,-46.04685042815611,-51.834645156740265,723.2400262250608,0.4718184956256802,-0.7463301669038382,0.015773550716857272,9.936837196350098,1790364342.8752205,0.8,0.8
-1.399233904144502,2.662960461788815,8.954631870020016,0.056723861292011096,0.028765818100208708,-0.0070862619106073915,-47.01821234211597,-52.12423240050596,720.2246447443705,0.5038880045306218,-0.7510994847831343,0.026298931900622838,9.946958303451538,1790364342.8853416,0.8,0.8
-1.647145491381824,3.411241516591897,10.084824350861497,0.038633362840556074,0.024489882017227578,-0.013664625351184165,-48.012979503996405,-52.00611378150454,716.8574006227517,0.5091506931102178,-0.74764584079815,0.015938009798672763,9.956987380981445,1790364342.8953707,0.8,0.8
-1.9513357571163843,4.455990538849248,12.078142223097272,0.028930277179974394,0.02958811349877897,0.01708922337065142,-49.038643963099155,-51.58286242363726,713.4088502553403,0.4779034794164689,-0.7307065396077383,0.01676030520735923,9.966354608535767,1790364342.904738,0.8,0.8
-2.3018144576511226,5.643636902741579,15.147496629254192,0.08320177211142288,0.06856491465793854,0.030574867976211652,-50.094626570312776,-51.069721383008876,710.0795631005395,0.46343108549682127,-0.7168919641973724,0.04208700347784122,9.975935220718384,1790364342.9143186,0.8,0.8
-2.643655669816684,6.446097148138177,19.522508539124892,0.12201411227981138,0.11115981389473566,0.024489882017227578,-51.18678459997401,-50.61923957056942,706.7093045101751,0.47741010235322934,-0.7122871057903288,0.031726081532043114,9.98655080795288,1790364342.9249341,0.8,0.8
-2.860409583906604,6.1172782381630615,25.924004493704313,0.12546775265306845,0.1294147702095668,0.003274660422357384,-52.33724789139468,-50.20367434629366,702.8678955409471,0.4683648561663292,-0.6988014492073527,0.024489882017227578,9.996169090270996,1790364342.9345524,0.8,0.8
-2.800499202847226,4.2262825964100985,35.4789164206178,0.1521101208937663,0.14931431684826052,-0.0072507209961039515,-53.53474122874281,-49.678861049188846,698.1513381496818,0.44731410119979803,-0.6775862095144347,0.0363309357427542,10.006683588027954,1790364342.945067,0.8,0.8
-2.330502248677684,1.0652719205052095,49.01602977401489,0.16576022290126402,0.16263550076913297,-0.007744098252752754,-54.69345596587077,-48.95950623533459,692.2358965140783,0.44632734705364974,-0.6629493391013038,0.018569355104177232,10.016255140304565,1790364342.9546385,0.8,0.8
-1.375415885218538,-2.4529643550275115,66.46593970669214,0.16214212358960883,0.1695427812605408,-0.009882066367657413,-55.64620476486984,-48.120642934453905,684.7969383659588,0.4293880674443326,-0.6425563965700818,0.01281328723971678,10.026124477386475,1790364342.9645078,0.8,0.8
0.052295647355795824,-5.25182665990423,86.78899783811292,0.1864820641982906,0.19240259021642542,-0.019914070659209276,-56.162042187174364,-47.3115178398465,675.5372037455254,0.41919160778123477,-0.6251237203626311,0.03419296771886044,10.035750389099121,1790364342.9741337,0.8,0.8
1.8489734989470035,-6.548757133984644,108.39923658663135,0.21361780820779774,0.20884849566862276,-0.021229743360553652,-56.03656528741361,-46.588193898189715,664.2807838419384,0.4096529841617227,-0.6096645550303478,0.024489882017227578,10.04627251625061,1790364342.9846559,0.8,0.8
3.853171146723872,-6.100186290051131,129.75582014299877,0.19667852565568245,0.20819065945484883,-0.026163516005875964,-55.18399122105229,-45.86347283397723,651.0569673796008,0.3821883261490016,-0.5872981036555299,0.004590333092069618,10.05556845664978,1790364342.9939518,0.8,0.8
5.891916713839079,-4.17000161614086,149.6770346808287,0.22628115520390737,0.23220168102733474,-0.030932829586016092,-53.62568427285527,-45.022032019033105,636.1367815367973,0.39074019576603963,-0.5812131133288861,0.021694077645813277,10.066640853881836,1790364343.0050242,0.8,0.8
7.830867359872903,-1.2976970409802349,167.4184632218157,0.240424633512799,0.25308798023420015,-0.040964834087338434,-51.44889829060334,-44.065019659087135,620.0322906386474,0.3866287199950099,-0.5669051633036825,0.007715055675896115,10.077176094055176,1790364343.0155594,0.8,0.8
9.609137874976094,1.9780661921187987,182.83013784147215,0.26394227732242304,0.2792369685167473,-0.041951588633900624,-48.79092963324274,-43.13257720744449,603.4235791296134,0.3520923230462401,-0.5420718254229324,-0.0072507209961039515,10.087711095809937,1790364343.0260944,0.8,0.8
11.216876722332321,5.294058862973454,196.4766616737097,0.29551841378210564,0.30012326695154723,-0.043431720455579054,-45.81898061076706,-42.39325516834961,586.8999098750772,0.3443627483736858,-0.5300663047623151,0.016431387043962832,10.095449447631836,1790364343.0338328,0.8,0.8
12.644265393379909,8.472998955606565,209.44556170458935,0.2932159871913059,0.3142667444427088,-0.04968116594921615,-42.743694241434014,-41.923811151161594,570.7150936041211,0.3377843869158804,-0.5155938965537079,0.01511571438933454,10.105579376220703,1790364343.0439627,0.8,0.8
13.872410988889184,11.454700631113301,222.87268604432595,0.3155824167597928,0.33745546884215694,-0.04721427956544362,-39.81912517630368,-41.694175044846105,554.858385357267,0.33992235439314594,-0.5014504069850658,-0.01695380708744383,10.116464614868164,1790364343.054848,0.8,0.8
14.903107437582126,14.239427848358243,237.4882289792988,0.31804930235082385,0.35242124111644973,-0.059877629734171045,-37.227773255223575,-41.65497385898327,539.2654546863141,0.30867513708056626,-0.4771104488151886,-0.01448692078424911,10.126503944396973,1790364343.0648873,0.8,0.8
15.780140703571094,16.83907590855228,253.4791134400127,0.3540658314663227,0.37873468648141023,-0.06135776158270018,-34.983612714673654,-41.804448842561634,523.826678939156,0.28745992069650683,-0.4555662973014123,0.011004237332853176,10.13561224937439,1790364343.0739956,0.8,0.8
16.575806432354806,19.236120314827353,270.6606733787072,0.36475566869294895,0.3951805895855139,-0.05346372508294882,-32.99426549577802,-42.127804116205105,508.25468630963144,0.28186831321996464,-0.43402214639070447,-0.01448692078424911,10.14591908454895,1790364343.0843024,0.8,0.8
17.3419214030838,21.373271248373097,288.68884368515074,0.36442675062566154,0.40554150844450426,-0.05033900231926036,-31.148295690674953,-42.495454231287795,492.11542023444645,0.2667380811028116,-0.4141225876821832,-0.02435446603311997,10.15648102760315,1790364343.0948644,0.8,0.8
18.068010609220508,23.173251884302296,307.1120784748818,0.37906360454535265,0.4233030834602656,-0.050503461411839784,-29.338513482860417,-42.699701807145146,475.0434488886737,0.26509349064450405,-0.3975122126165409,-1.452125929465864e-05,10.167184591293335,1790364343.105568,0.8,0.8
18.704665887156953,24.568009146018273,325.37963950810496,0.3913980318883092,0.44040682216328675,-0.059877629734171045,-27.51357208171704,-42.60791851075721,456.8898036226847,0.23253059912780233,-0.37152766617910304,-0.0026458666122117364,10.176446437835693,1790364343.1148298,0.8,0.8
19.235386987138742,25.51919625512774,342.9843534990626,0.41606688625751964,0.45948406894990435,-0.05099683868974211,-25.700861744737843,-42.2114816953528,437.672451316484,0.21559131683921562,-0.3407738053367572,-0.035866602278997795,10.18550705909729,1790364343.1238904,0.8,0.8
19.720375988273712,26.01638438381012,359.6411441482631,0.41162649250187855,0.47395646290621535,-0.06678491171308865,-23.913838405448033,-41.524235401850476,417.4460447604228,0.19930987053378432,-0.3187362800950555,-0.015638134391659647,10.195627212524414,1790364343.1340106,0.8,0.8
20.29328433130997,26.057919443377966,375.31845244432947,0.43053928062771274,0.49418492241713136,-0.06250897524421042,-22.132635973609524,-40.54569708343631,396.26766660503125,0.19717190282076674,-0.29982347904739326,0.004590333092069618,10.20670747756958,1790364343.1450908,0.8,0.8
21.11858793154576,25.652909132190672,390.1667606515429,0.44484721583322623,0.5111242013231831,-0.05198359324628554,-20.437204482479363,-39.3421958155948,374.24045151461905,0.1721741261989104,-0.2698919165171073,-0.0070862619106073915,10.216751337051392,1790364343.1551347,0.8,0.8
22.29681564618693,24.84248005755277,404.4903877170429,0.4665558069226622,0.5321749554476841,-0.03997807954175417,-19.01108331704707,-38.04283306677285,351.4845840840286,0.14701188998215603,-0.2338753673843842,-0.031919584122667696,10.226745128631592,1790364343.1651285,0.8,0.8
23.80255076245572,23.69165985515437,418.713128808135,0.47099620051700397,0.546482889740344,-0.06793612538097929,-17.93800783448723,-36.71634623954064,328.0645715564419,0.14174919998514296,-0.21726499591090898,-0.012677870832385335,10.236321449279785,1790364343.1747048,0.8,0.8
25.561151869323687,22.269733556391685,433.2256408065404,0.4797125286470248,0.5611197419384981,-0.08865797163602637,-17.11254666762584,-35.33572470522377,304.03139636948936,0.11757371749861992,-0.19424071913574648,-0.012348952659665388,10.247925043106079,1790364343.1863084,0.8,0.8
27.561592860731345,20.674378648123263,448.2037832562858,0.49023790594742117,0.5797036102822094,-0.0776392120643506,-16.374334708206174,-33.8907227672815,279.57065620390915,0.12415208013117056,-0.18322195831699273,-0.020078529746783633,10.256524562835693,1790364343.194908,0.8,0.8
29.822489307174692,19.0778900451035,463.5732923134419,0.5050392176588645,0.5977941014034884,-0.07303435735510136,-15.606082123352829,-32.46945897756897,255.12075387574885,0.09734525216090928,-0.161019977969524,-0.03175512503315832,10.267075061798096,1790364343.2054584,0.8,0.8
32.27167811193324,17.715301661000936,479.1686970258909,0.5354641357555843,0.6273967228519794,-0.08586216695668875,-14.689249877527853,-31.194649842398672,231.35798535491136,0.10244348329699471,-0.15526390907855225,-0.02435446603311997,10.275770425796509,1790364343.2141538,0.8,0.8
34.73649119919053,16.776016007667426,494.9442683235523,0.5387533160570545,0.6446649184816926,-0.08586216695668875,-13.491384583320917,-30.104655057702292,209.02932432448472,0.07530773665541397,-0.13881799815923537,-0.014651379870942047,10.285749197006226,1790364343.2241325,0.8,0.8
37.018470086890545,16.283765111057598,511.0083572301316,0.5519100371991418,0.6630843269836649,-0.059384252451823605,-11.953476106200858,-29.098953069940976,188.73816222488682,0.08320177211142288,-0.1264835651605466,-0.014815838957661642,10.296555042266846,1790364343.2349384,0.8,0.8
38.90341727904876,16.086295360842882,527.4878044676324,0.580525905337141,0.6917001934262597,-0.047049820473410525,-10.14012972644039,-27.97007142745701,170.81158554218132,0.07464990036482554,-0.11382021411714577,-0.020242988834384745,10.305872201919556,1790364343.2442555,0.8,0.8
40.17196656884646,15.953187508078079,544.478307823588,0.591873577056544,0.7163690434896146,-0.07566570290057223,-8.183173654556663,-26.499861268236263,155.2461401664205,0.06231546984218357,-0.09079593992570101,-0.027479188715377537,10.316664457321167,1790364343.2550478,0.8,0.8
40.757929303021655,15.69060278861159,562.1023244264546,0.6045369207751468,0.7393933032928652,-0.1110244093642054,-6.208939551370233,-24.572547694027737,141.68734545047357,0.06280884706579959,-0.0835597395797878,-0.009553148195841563,10.326495170593262,1790364343.2648785,0.8,0.8
40.921109798639364,15.208713725342568,580.4583236015023,0.612924330202884,0.7525500230729476,-0.09803214032606197,-4.338974097439964,-22.202579487961955,129.4754163876736,0.01741814153383941,-0.05198359324628554,0.006399383010177104,10.337018489837646,1790364343.2754018,0.8,0.8
41.136242569783285,14.53208896289226,599.478747445628,0.6334817060916872,0.7737652335586321,-0.04852995230269096,-2.730687581833522,-19.40864095389031,117.75007756412495,0.025147718338824676,-0.04326726136417265,0.013800041733036728,10.346582174301147,1790364343.2849655,0.8,0.8
41.733237152682015,13.76157773405294,618.8999264797214,0.6586439338784504,0.7925135589447518,-0.055272775108552163,-1.5573704416550032,-16.074046973076282,105.68063105349557,0.04241592163318464,-0.03981362045091849,0.013964500815165315,10.357112169265747,1790364343.2954955,0.8,0.8
42.71961269768861,13.017037694921614,638.3632569279075,0.6653867530343078,0.8104395892224705,-0.11530034604851433,-0.9177861325370162,-12.04015995055997,92.81148116020708,0.013306664486494299,-0.01053990271160797,-0.005606130142330995,10.367666006088257,1790364343.3060493,0.8,0.8
44.00446152056162,12.411027387160747,657.4957112103724,0.6796946862897126,0.8277077834054832,-0.16348686464812853,-0.7600126695243038,-7.443010007934361,79.13885932639734,0.0034391195061634766,-0.0033037029514975946,-0.035866602278997795,10.375800609588623,1790364343.314184,0.8,0.8
45.66369946137862,12.074557545192887,675.8954316455978,0.6764055062399855,0.8221161776828243,-0.13602219333192656,-0.9010414552079775,-2.9859491465107415,64.8758111553637,-0.0026458666122117364,0.0009722332463076439,-0.0070862619106073915,10.386935710906982,1790364343.325319,0.8,0.8
47.82475457812801,12.204364220817459,693.0598221382537,0.6680180970889279,0.823760767602515,-0.08948026713149304,-1.1432463575957919,0.29944875812392063,50.35465402726752,-0.004948293801563558,0.0026168240868698345,0.028765818100208708,10.396507501602173,1790364343.3348908,0.8,0.8
50.323233013709846,13.038162663996863,708.3286627970753,0.6721295721673453,0.8214583417146526,-0.07402111193381877,-1.3810006865779503,1.8377486928893942,36.159374724370046,0.01429341897934415,-0.0072507209961039515,0.029752572578415584,10.406026840209961,1790364343.3444102,0.8,0.8
52.62447913245049,14.700157808620194,720.9323739582554,0.6685114740987834,0.8112618841862335,-0.09934781313199842,-1.620367766684096,2.0313436353818104,23.21872747418255,0.01511571438933454,-0.005277211971894319,0.0029457422546662476,10.416845321655273,1790364343.3552287,0.8,0.8
54.14212487185205,17.0300494304342,730.1409269697941,0.65732826184536,0.8020521805766185,-0.12451005589583011,-1.9295270127426258,1.8039154541356999,12.589293260187828,-0.005770589227589051,0.00409695584112478,-0.025834597828769443,10.425508737564087,1790364343.363892,0.8,0.8
54.61870018379083,19.57018454656161,735.4229539523379,0.6528878687271822,0.7974473287589734,-0.13635111154646887,-2.3305420169121653,1.6534786038551754,4.956410710700897,-0.001165734850364225,0.0021234468349777408,-0.047543197749591676,10.436056852340698,1790364343.3744402,0.8,0.8
54.22842687802512,21.74483616776004,736.5928139864559,0.6456516725129882,0.7828104782808153,-0.11628710067071332,-2.6888500435183245,1.3004862320037307,0.35835462796829665,0.011826532745456128,-0.0041259983761998825,-0.005770589227589051,10.445615530014038,1790364343.3839989,0.8,0.8
53.37013166524372,23.111170676900674,733.8841011383633,0.6203249855487827,0.7696537586734539,-0.11743831439791419,-2.783761951085363,0.26746091310005077,-1.627521989234564,0.006892760260018546,-0.002974784781801798,0.05162562994138176,10.455418825149536,1790364343.3938022,0.8,0.8
52.37821819808824,23.53949323070665,727.8480553868076,0.6173647234139488,0.7612663498852162,-0.10395266796704397,-2.58559259755433,-1.3173241868917274,-1.6400575527362682,-0.004783834716437896,0.0006433150778790003,0.04537618502667742,10.467110872268677,1790364343.4054942,0.8,0.8
51.37449252372116,23.246647875255174,719.2191854864827,0.6204894445561361,0.7597862189194309,-0.10329483156067698,-2.390040529674131,-2.614044057478297,-0.4491758652784974,0.0049192512592347165,0.0001499378250383182,-0.003797080206239617,10.476624965667725,1790364343.4150083,0.8,0.8
50.30164594329316,22.678343877756657,708.9148958257077,0.6142400022665273,0.7517277280889403,-0.10017010863662795,-2.548280637006873,-2.8248898065376493,1.1935116372718724,0.02021394591673413,-0.005935048312873614,-0.04228050681630546,10.485598087310791,1790364343.4239814,0.8,0.8
49.0660879301767,22.30390345493997,697.9927741728836,0.6050302978013653,0.7454782862007217,-0.10691293180131689,-3.0605804707686834,-2.0054799416901723,2.7782096512429235,0.00409695584112478,0.00047885599362514075,-0.05461493873522155,10.496697425842285,1790364343.4350808,0.8,0.8
47.6832434797252,22.416028981968914,687.4300558181983,0.5959850522995299,0.7431758602375329,-0.11349129591048929,-3.4927852217280657,-1.0430451925997282,4.0611002910049026,-0.006428425568886217,0.004590333092069618,-0.030932829586016092,10.505430221557617,1790364343.4438136,0.8,0.8
46.32279730454115,23.006759470699617,677.933917105447,0.5979585604128499,0.745149368206125,-0.1111888684670913,-3.3404552757022916,-0.8342784071825702,4.903208662444504,-0.009224230024131946,-1.452125929465864e-05,0.030081490737611398,10.515807151794434,1790364343.4541905,0.8,0.8
45.22590139431055,23.76720756815256,669.9583458583761,0.6081550189643403,0.749918679123075,-0.11349129591048929,-2.5280275627853843,-1.5136308410691666,5.221156727838126,0.009359646505684487,-0.0034681620363851695,0.050803334559965926,10.527009963989258,1790364343.4653933,0.8,0.8
44.55578613596605,24.228470392750886,663.8034477104695,0.597465183384721,0.745149368206125,-0.09901889493034463,-1.5521577363064998,-2.4328831698651427,5.082267730588797,0.009524105588519197,-0.0054416710570994176,0.023503127534054695,10.53551459312439,1790364343.473898,0.8,0.8
44.28151117956173,24.00007837550887,659.5997058149032,0.5882554788349684,0.7469584171758111,-0.09260499002067624,-1.086050307848539,-2.8119038971637336,4.706858149792333,0.016924764289018353,-0.0036326211212991677,-0.0046193756313386986,10.547317266464233,1790364343.4857006,0.8,0.8
44.186280339787835,22.982727339238757,657.2505967764424,0.5869398067525902,0.7578127109635681,-0.09408512191909918,-1.4237807950299213,-2.3984126728335524,4.330676184661879,0.003603578589943257,0.001301151414630844,-0.023038793327701576,10.555804252624512,1790364343.4941876,0.8,0.8
44.0021297984719,21.40740971731178,656.5478065460907,0.6007543635697219,0.7657067427768809,-0.06662045261778637,-2.285923162359612,-1.5695119701894644,4.088003544072489,-0.003961539291206531,0.0049192512592347165,-0.023038793327701576,10.565988302230835,1790364343.5043716,0.8,0.8
43.548835374052615,19.675416620672287,657.4039539084008,0.6124309531787772,0.7806725113495899,-0.08224406679545046,-3.102975812610284,-0.8925913392490715,3.9889106432171295,-0.004948293801563558,0.0001499378250383182,0.005248169426294705,10.57671570777893,1790364343.515099,0.8,0.8
42.79997936072436,18.131504928303738,659.9375891440943,0.6201605265414148,0.785441822193545,-0.08158623040395288,-3.472979301489728,-0.6297736967511894,3.9572678761825943,-0.0036326211212991677,-0.0026458666122117364,0.024325422936763548,10.586471796035767,1790364343.5248551,0.8,0.8
41.893663715975705,16.919201859321184,664.2888155723892,0.6106219040892611,0.7875797891205136,-0.1016502405467446,-3.390839225624629,-0.614309385765848,3.9077499460674407,0.01478679622541667,-0.005606130142330995,0.0016300695828486422,10.595791578292847,1790364343.534175,0.8,0.8
41.08788110143306,15.977677561054575,670.3123548762461,0.6116086581383072,0.7902111330280257,-0.0985255176280761,-3.091396843587604,-0.5202685244046777,3.83950191076204,0.014457878061394425,-0.0036326211212991677,-0.024025547856604365,10.606316089630127,1790364343.5446994,0.8,0.8
40.67223244051628,15.136159732436665,677.4455866505177,0.6163779693679612,0.7962961158032131,-0.09786768122544715,-2.75127331410588,-0.23163050672672206,3.8357545069115004,0.0037680376736967253,0.0017945286669180244,-0.024025547856604365,10.61727786064148,1790364343.5556612,0.8,0.8
40.86806264818078,14.21877900310897,684.8771040028275,0.5925314130960501,0.7961316568094889,-0.09079593992570101,-2.392179337982478,0.014010388865415852,3.9172258438207095,-0.0003434394280397435,0.002781283170781204,-0.009224230024131946,10.626091241836548,1790364343.5644746,0.8,0.8
41.74374507373818,13.10509795154731,691.8267584086374,0.6048658387926406,0.8050124424548544,-0.08717783974595528,-1.9979653726285012,-0.16196615336846737,3.9635761806371903,-0.001823571188698997,0.001301151414630844,0.0014656104987529062,10.636657238006592,1790364343.5750406,0.8,0.8
43.18728894001555,11.721935936538243,697.7972648676267,0.6134177072268595,0.8143866050460808,-0.0903025626276622,-1.6172485501970815,-0.8893542720741622,3.848077809012586,-0.01251341174601206,0.004261414924799353,0.013800041733036728,10.645926237106323,1790364343.5843096,0.8,0.8
44.96052163173059,9.992212844989181,702.7528509008135,0.6073327239219667,0.8201426697778014,-0.08816459433908339,-1.3501761643188246,-1.8595277432610806,3.5783232202938144,-0.005770589227589051,0.0014656104987529062,0.013306664486494299,10.657473087310791,1790364343.5958564,0.8,0.8
46.79207841617836,7.819955633517852,707.0538170413798,0.611937576154539,0.8244186035700963,-0.06711382990377618,-1.28278948737088,-2.547729513484972,3.282900359543292,0.004754792175665309,-0.002974784781801798,-0.007415180081627032,10.665941953659058,1790364343.6043253,0.8,0.8
48.43653613615798,5.129436045665095,711.1776200464523,0.619502690511799,0.833134930124743,-0.067607207190015,-1.4253065156310352,-2.6463655658235914,3.1336239970864437,0.01708922337065142,-0.005770589227589051,-0.014980298044407911,10.676538467407227,1790364343.6149218,0.8,0.8
49.71129970735321,1.902928806789536,715.4830363535858,0.6050302978013653,0.8332993891160592,-0.08273744408936717,-1.6917370507448475,-2.2947655267285847,3.2634355349231194,0.01511571438933454,-0.006428425568886217,-0.0046193756313386986,10.68574571609497,1790364343.624129,0.8,0.8
50.55540827574061,-1.8026249637110852,720.0696921071258,0.5951627572516799,0.8301746682792783,-0.07418557103036896,-1.9651360521127383,-1.8983918159592736,3.6815467377023814,0.01429341897934415,-0.006428425568886217,0.01297774632200207,10.696278810501099,1790364343.6346622,0.8,0.8
51.042375294100616,-5.862512266010053,724.7276483779092,0.6019055766330706,0.8356018149934018,-0.05198359324628554,-2.2108552829946286,-1.7363661194479738,4.258178998248458,0.021036241322037838,-0.009717607281736207,0.01708922337065142,10.706815242767334,1790364343.6451986,0.8,0.8
51.29550430896725,-10.117506480396699,729.0655556357364,0.5857885936797173,0.8357662739845632,-0.047543197749591676,-2.5150124825339564,-1.7476657891649625,4.832863928125493,0.023338668453435164,-0.010046525453605196,0.015773550716857272,10.715823888778687,1790364343.6542072,0.8,0.8
51.39782305024544,-14.394044592321986,732.7103985643857,0.577565643137605,0.8324770941593747,-0.03816902954405403,-2.984751139540299,-1.6542114616739354,5.364219075158604,0.019885027754430754,-0.013829084437743874,0.004261414924799353,10.726534128189087,1790364343.6649175,0.8,0.8
51.378324018109154,-18.516051309252536,735.4019846889613,0.570493905640881,0.836095191966855,-0.04803657502601846,-3.5893505563656394,-1.2095557622501252,5.9704225965023925,0.0101819419195961,-0.012348952659665388,-0.007579639167176647,10.736635208129883,1790364343.6750185,0.8,0.8
51.26020037983328,-22.354097553486493,737.0188749048506,0.5649022992279751,0.8323126351680066,-0.03784011136300659,-4.105651345271026,-0.313404582465987,6.861060681103723,0.0363309357427542,-0.027314729626595702,0.006563842093483832,10.746175765991211,1790364343.684559,0.8,0.8
51.1107322030619,-25.885494965798504,737.5777719114024,0.5551992174688418,0.8239252265944262,-0.03126174776479204,-4.2761835962373524,0.9539484134401832,8.34519848479997,0.05705277944282916,-0.05313480689683189,-0.007908557338355424,10.756734371185303,1790364343.6951177,0.8,0.8
51.017548164616,-29.215198788009616,737.1582873571614,0.5542124633885922,0.8143866050460808,-0.005770589227589051,-4.069107096152405,2.1515635698679207,10.97972304196239,0.10096335167926125,-0.08652000335109769,-0.020242988834384745,10.766030073165894,1790364343.7044134,0.8,0.8
50.98810176470013,-32.5333610267691,735.7741731883186,0.5244453816986644,0.798598541714193,0.0014656104987529062,-3.7539607568890747,2.320430270748048,15.687478183361373,0.1315527380469224,-0.12220762842556374,-0.0388268659064743,10.776532173156738,1790364343.7149155,0.8,0.8
50.88573730826528,-36.00692901900219,733.2581276813002,0.5135910865860407,0.7831393962700647,0.011826532745456128,-3.665552249520426,0.33993220511203787,23.635242513385855,0.1443805449866702,-0.1381601617285257,-0.03241296139135785,10.78586745262146,1790364343.7242508,0.8,0.8
50.49504649107699,-39.680808006878834,729.2657816746159,0.5025723323830578,0.7726140205915082,-0.0024814075274563335,-3.8853453953351633,-4.231834411689109,35.82248078601279,0.17793019323102688,-0.17401224788493758,-0.016460429826324577,10.796478509902954,1790364343.7348619,0.8,0.8
49.66238195728972,-43.480614768360184,723.4390026716994,0.48448184024491947,0.753865695046741,-0.0016591121040756968,-4.17092827845586,-10.573639861809568,52.691211805296696,0.2341751896288266,-0.21677161854519278,-0.01613151165237854,10.805922269821167,1790364343.7443056,0.8,0.8
48.376609644760734,-47.285950120041754,715.534547177176,0.46458229865444217,0.7231118624571681,0.013800041733036728,-4.152957728241161,-16.860004128192745,74.09194620309466,0.2595018830703246,-0.24538750621396777,-0.01629597073933821,10.815782070159912,1790364343.7541654,0.8,0.8
46.721489695290735,-50.98365204787496,705.3717184392958,0.44632734705364974,0.695153832452587,0.020871782241029056,-3.5416475776805716,-21.11761415870973,99.41949232852397,0.2747965743178681,-0.2680828660682102,-0.01053990271160797,10.82670783996582,1790364343.7650912,0.8,0.8
44.76934196999647,-54.47280360348819,692.7278303078194,0.42445429664835,0.6611108189381324,0.026956768221081125,-2.2042029928919757,-21.99528180288761,127.67389818871126,0.3149245806014134,-0.29719213284847285,-0.01859839795957756,10.836801052093506,1790364343.7751844,0.8,0.8
42.53335892458302,-57.64232979638241,677.3324317007969,0.39962098339130203,0.6275611818587148,0.026463390980776207,-0.1784762223638952,-19.092305303646437,157.61357606274373,0.33745546884215694,-0.3223543812138867,-0.00823747550964031,10.846273183822632,1790364343.7846565,0.8,0.8
40.00905573399605,-60.364174431044944,658.9444123711792,0.37330753841531744,0.592695872105889,0.030574867976211652,2.301409743426096,-12.910221575481948,188.020827061129,0.33745546884215694,-0.34225393765021805,0.015773550716857272,10.85682201385498,1790364343.7952054,0.8,0.8
37.234698674287024,-62.52678264361579,637.405081787972,0.33712655076835396,0.5422069553667057,0.041429167166847566,4.773343877131736,-4.564921637551592,217.83511495126027,0.3616309470505877,-0.3679095648430853,0.04422497148574647,10.866927146911621,1790364343.8053105,0.8,0.8
34.29451597331584,-64.06666208455991,612.6052644848291,0.30538595626827736,0.5007632831784108,0.029752572578415584,6.596153097562462,4.644758125726938,246.22096558426907,0.40554150844450426,-0.3920850604427582,0.06247992891674742,10.875802993774414,1790364343.8141863,0.8,0.8
31.28954528584215,-64.94470058242337,584.4362096508574,0.2762767057191997,0.45339908508693527,0.024654341097665705,7.124866490514067,13.640247163793376,272.7456503735818,0.4402423631382239,-0.4175762300664514,0.08533974003758689,10.886797904968262,1790364343.8251812,0.8,0.8
28.314957958898688,-65.0868242738454,552.8444574823999,0.24897650404000293,0.40406137718346624,0.03879782191877813,5.903529152806736,21.747693083186718,297.4552075370087,0.44978098656237137,-0.4374757888628128,0.09504282518851237,10.896443128585815,1790364343.8348265,0.8,0.8
25.41653891536425,-64.36486691123682,517.9594084033412,0.20769728229428347,0.3550525856753072,0.03830444468403504,2.7732114376359616,28.65545591115992,320.65873548463406,0.47264079073392395,-0.46477601085140996,0.09454944797951592,10.907113552093506,1790364343.845497,0.8,0.8
22.550605860316935,-62.65672365088469,480.14395041493566,0.18039707909331837,0.30226123448900744,0.054585893309227154,-2.081281535420327,34.27604913980769,342.7120237563755,0.5112886603408228,-0.5030949987816452,0.10721279627403314,10.91707468032837,1790364343.855458,0.8,0.8
19.591279473138794,-59.94057864889816,439.9589893819785,0.15687943366164314,0.26015971925680287,0.05359913885419136,-8.141621033036731,38.63088412373524,364.0944326914595,0.544673840583578,-0.5386181824731238,0.1083640097481828,10.926632404327393,1790364343.8650157,0.8,0.8
16.384359128940538,-56.34678837342207,398.15824263790944,0.13961123216694468,0.2251299418460421,0.048994284718615375,-14.658318359721653,41.83820892243045,385.539307834606,0.5653956762651273,-0.5657539489461326,0.11395561803428364,10.935755014419556,1790364343.8741384,0.8,0.8
12.833414908650447,-52.14260755996318,355.6915859945382,0.11099535482748543,0.1868109823111827,0.07366314592819459,-20.830123202515434,44.15747274638498,407.8765315621572,0.6106219040892611,-0.596836737244398,0.11477791336811398,10.946578741073608,1790364343.884962,0.8,0.8
8.957673324837769,-47.67388426903231,313.6092224869381,0.09750971123018232,0.16164874640987534,0.059519665570743334,-26.003148898739926,45.91410104682125,431.73494886588895,0.654203540763245,-0.6297285781866586,0.10902184601859095,10.956092596054077,1790364343.894476,0.8,0.8
4.901910592446101,-43.26796970647976,272.95232988119585,0.09635849774475636,0.14191365904791564,0.043896053330965086,-29.803091586909076,47.288588333560895,457.3898360193651,0.6805169813013122,-0.655055296760108,0.10458145118578693,10.966737985610962,1790364343.9051213,0.8,0.8
0.928684281734322,-39.12508447625213,234.73984528537875,0.07925475439057583,0.10787063254512161,0.037646608370685265,-32.154725624856745,48.198833646806385,484.70924797211944,0.6948249144503271,-0.6777506687343292,0.10869292788343546,10.97605562210083,1790364343.914439,0.8,0.8
-2.6355120163690393,-35.26978635124102,199.87288442874154,0.060177501870561194,0.08254393582560726,0.011004237332853176,-33.240225546014464,48.431249990541986,513.1212721798848,0.7004165204816886,-0.6984725307574614,0.11740925843231265,10.986575365066528,1790364343.9249587,0.8,0.8
-5.472924628720822,-31.563712661935913,168.8860127124304,0.06264438799128609,0.07382760500102879,-0.00889531185252855,-33.44630775520629,47.91025679545956,541.6898679312989,0.6903845214147157,-0.7121226465620875,0.123494243869646,10.997111082077026,1790364343.9354944,0.8,0.8
-7.299579436902433,-27.746013707804313,141.8662840877273,0.0549148114607031,0.06642694669873458,-0.011855575400785079,-33.28308513201876,46.87392178479076,569.2960423033132,0.6956472094558793,-0.7305420803749882,0.13319732868829948,11.006636142730713,1790364343.9450195,0.8,0.8
-7.905705092625636,-23.516839054469,118.63512675778597,0.027285686381155104,0.0491587437952289,-0.01037544362558046,-33.265251290268395,45.824197854939044,594.8338192751033,0.6991008484756558,-0.7433699006511667,0.13977569123002506,11.016654014587402,1790364343.9550374,0.8,0.8
-7.272084676339526,-18.65945471299172,98.88252836666393,0.013471123568701227,0.031561622452715946,-0.0005078985124518653,-33.79419640865697,45.295701789196436,617.4294338046816,0.737255336321299,-0.7647496016621855,0.13878893685118732,11.026734352111816,1790364343.9651177,0.8,0.8
-5.666846411002274,-13.159523462376963,82.15596133039247,0.01708922337065142,0.02202299580754523,-0.004290457461219699,-35.07696490324944,45.589283106366366,636.7332399904642,0.7638976938220458,-0.7787286373136502,0.14322933154924616,11.035981893539429,1790364343.9743652,0.8,0.8
-3.580667770861334,-7.276536048840535,67.89192465094725,0.031232704293984295,0.015938009798672763,-0.016624888913337632,-37.105542276575754,46.613837850456214,653.1374492680128,0.7913623459866619,-0.7881028143295408,0.14964323497161347,11.046550273895264,1790364343.9849336,0.8,0.8
-1.517057172964651,-1.5524394967627442,55.53833290612283,0.035015263113179734,-0.0006723575968903689,0.01511571438933454,-39.714689381553285,47.910043288682225,667.6352914417891,0.8161956539631716,-0.8014240134791656,0.1595107786286094,11.055388689041138,1790364343.993772,0.8,0.8
0.1691796494082311,3.2559723594673553,44.66172956269474,0.024489882017227578,-0.001823571188698997,0.0006433150778790003,-42.67829033294009,48.8721557577858,681.2709803377343,0.7852773631990839,-0.7922142955194048,0.15901740144775814,11.065940380096436,1790364344.0043237,0.8,0.8
1.2878687192934024,6.42650446462301,35.00132890903991,0.013635582650882036,0.0019589877509610526,0.007715055675896115,-45.75138545989391,49.08812629264963,694.4291205801866,0.743504778232419,-0.7769195856243156,0.14734080810616762,11.076621055603027,1790364344.0150044,0.8,0.8
1.7736591365770416,7.661494098229394,26.483400471991914,0.0073861375096237886,0.003932496757423909,0.0011366923304824278,-48.635629479659826,48.57492420407491,706.4138195124139,0.6941670784456513,-0.7670520310431295,0.13911785497756138,11.08706521987915,1790364344.0254486,0.8,0.8
1.6637936532941353,7.267522746167694,19.18859721607221,0.007057219343246532,-0.0024814075274563335,0.008537351091117959,-50.96765007995605,47.7200686831727,715.7538597024729,0.7009098974837379,-0.7700122974019054,0.12826355675701134,11.096765995025635,1790364344.0351493,0.8,0.8
1.0824197033874803,5.9342891562905296,13.280522527464589,0.021694077645813277,-0.005935048312873614,0.015773550716857272,-52.403353026373374,46.97783424404229,721.1677087524438,0.7392288442951255,-0.7788930965583832,0.12661896610847098,11.106298685073853,1790364344.044682,0.8,0.8
0.20236989833948257,4.3542074525773815,8.930978505410284,0.03912674007514537,0.0034391195061634766,0.02185853672669224,-52.74262637617941,46.554976512446885,722.481608656362,0.7546879900299758,-0.7693544604321358,0.12777017956270043,11.116962909698486,1790364344.0553463,0.8,0.8
-0.8082556960311665,2.9982023090514978,6.251804362867084,0.018404896022778477,0.0016300695828486422,0.020707323159994295,-52.005153777560714,46.29316006417394,720.6786402711137,0.7382420903084314,-0.7510994847831343,0.11839601282979464,11.125695705413818,1790364344.064079,0.8,0.8
-1.8125820501287575,2.1142392538097003,5.172323706015577,-0.004290457461219699,-0.005770589227589051,0.009195187422823596,-50.41472889452892,45.7944743548456,717.0149007122762,0.6964695044611066,-0.7290619472820561,0.11181765016349422,11.136733055114746,1790364344.0751164,0.8,0.8
-2.708266854345784,1.7998737489666,5.30736129523649,0.007879514758992928,-0.007415180081627032,0.031232704293984295,-48.30761208273607,44.69443732626619,712.1027829089743,0.6665379660586309,-0.7264305995693672,0.11329778176678408,11.147278785705566,1790364344.0856621,0.8,0.8
-3.446256154412042,2.0029961714662137,6.038361905518359,0.018733814185549952,0.002781283170781204,0.01708922337065142,-46.02842973132896,42.902908631425376,705.8591791461517,0.669004851108517,-0.7371204497165643,0.10951522322114213,11.155593633651733,1790364344.093977,0.8,0.8
-4.031822237782601,2.4930444398907228,6.809265986188459,0.02218745488837228,0.0011366923304824278,0.024489882017227578,-43.858456923785475,40.64891592727062,698.2652351995484,0.6798591452920592,-0.7420542267653221,0.10688387813834303,11.167027473449707,1790364344.1054108,0.8,0.8
-4.47654403239331,2.9458642763309593,7.335609237462654,0.008537351091117959,0.0011366923304824278,0.015773550716857272,-41.979813355574095,38.304812920981206,690.0673992575394,0.7112708145001037,-0.7443566560672584,0.10408807398104677,11.176541566848755,1790364344.114925,0.8,0.8
-4.764439806962768,3.1263449118848206,7.5627329507736905,0.007221678426448289,-0.0019880302733486926,0.018404896022778477,-40.48157590544565,36.1330735446003,682.6893705446457,0.7043635364948395,-0.734489101972158,0.10556820559460951,11.185191869735718,1790364344.1235752,0.8,0.8
-4.8795266824826875,2.99040421044534,7.488999524589172,0.002781283170781204,-0.004783834716437896,0.03912674007514537,-39.39658903340106,34.16911536015559,677.4235521773791,0.6685114740987834,-0.7168919641973724,0.09833200657618005,11.196573495864868,1790364344.1349568,0.8,0.8
-4.872163345292493,2.622161325228009,7.050191388590291,-0.0033037029514975946,-0.0054416710570994176,0.040277953621623716,-38.72530572072844,32.336246120063,674.5724294596706,0.619338231504359,-0.7060376551453038,0.1014567288853922,11.20653772354126,1790364344.144921,0.8,0.8
-4.871084652161739,2.129164645275635,6.169963812295341,-0.0003434394280397435,0.0009722332463076439,0.018075977859902913,-38.440780423761886,30.644647150493668,673.2978858352303,0.642526951412159,-0.7165630457386829,0.10770617347738595,11.216903924942017,1790364344.1552873,0.8,0.8
-4.974313470931145,1.6207499923300475,4.918434369844452,0.015609091635015705,0.00409695584112478,0.013471123568701227,-38.504748247652465,29.202482422043293,672.4763008398036,0.7203160594731767,-0.7420542267653221,0.10951522322114213,11.225483179092407,1790364344.1638665,0.8,0.8
-5.143655145282923,1.2141199146619668,3.6022239243994627,0.02300975029211831,0.005083710342777853,0.0019589877509610526,-38.88136870519384,27.996569255226635,671.8548550782601,0.7224540264612594,-0.7372849089509345,0.09882538378348484,11.23702359199524,1790364344.175407,0.8,0.8
-5.236616412784843,0.988953438294121,2.602454481334433,-0.009553148195841563,-0.007579639167176647,0.011004237332853176,-39.51265746285515,26.779235587564063,672.1354639288627,0.6140755432586229,-0.7006105006846024,0.09208256193121665,11.24691128730774,1790364344.1852946,0.8,0.8
-5.116932473495252,0.9592132868392637,2.0186018167708144,-0.03159066594367589,-0.011855575400785079,0.011826532745456128,-40.286914388819525,25.298758328812745,673.6658196857927,0.5667113483635181,-0.6792308017151537,0.092740398211304,11.258162260055542,1790364344.1965456,0.8,0.8
-4.737379569084586,1.1081942356298442,1.5756794899771926,0.01791151877842609,0.00886626925702319,0.02136515948397749,-41.075032454501105,23.544640404844102,675.4837821004625,0.6667024250620515,-0.7177142603447992,0.10079889261050207,11.26671290397644,1790364344.2050962,0.8,0.8
-4.17164170622963,1.37952057491565,1.061660494756977,0.03238391784909416,0.008043973842063519,0.04636293948933781,-41.81176179624116,21.60073652624423,676.3118129838723,0.735939664337773,-0.7413963898233756,0.0910958075103474,11.275956153869629,1790364344.2143395,0.8,0.8
-3.5988654404098455,1.613606596292865,0.716050417518414,0.016924764289018353,0.0001499378250383182,0.013142205404261247,-42.506989184205665,19.351157908736297,676.1622661024726,0.6389088532890872,-0.7150829126765675,0.08484636282422801,11.286486387252808,1790364344.2248697,0.8,0.8
-3.2145071533902074,1.5985133684621913,0.8788638723265961,-0.05033900231926036,-0.024518925121418053,0.021529618564908364,-43.18087264423538,16.56264445775023,676.0778808102007,0.5461539717119839,-0.6816976900236292,0.08616203539269035,11.297199010848999,1790364344.2355824,0.8,0.8
-3.1163828182038285,1.2376150113571958,1.3463499184287444,-0.0072507209961039515,-1.452125929465864e-05,0.01659584612567406,-43.83222910705947,13.240164089874494,676.496253629039,0.6091417730147042,-0.7034063075225664,0.07761016366933389,11.305591106414795,1790364344.2439744,0.8,0.8
-3.2764870705816107,0.6124118762663937,1.5414056638843607,0.056723861292011096,0.018569355104177232,0.018733814185549952,-44.46244509655076,9.663898335379786,676.9066024739452,0.6910423574205924,-0.7359692350771098,0.08155718139614013,11.316130638122559,1790364344.254514,0.8,0.8
-3.5763539165787694,-0.11301729630749152,1.3761085925537953,0.01922719142951205,0.009688564671327705,-0.0062639664835221764,-45.0888861625889,6.03709966547091,677.1170730856497,0.6527234097226122,-0.7338312650376773,0.07448544129211608,11.327182292938232,1790364344.2655656,0.8,0.8
-3.8424979855135333,-0.7693331370218793,1.3655578865768199,-0.04376063863847353,-0.022216497887686842,0.014951255307388639,-45.71922650844604,2.324112222104311,677.8219753161553,0.5821704954458641,-0.7124515650186104,0.06840045558430406,11.336711406707764,1790364344.2750947,0.8,0.8
-3.9102406094490574,-1.1818606960979643,1.7304301312526713,-0.01744718434880342,-0.0046193756313386986,-0.006592884654276751,-46.32475690785753,-1.5094549659917376,679.7015978380647,0.6139110842507038,-0.7316932950050884,0.07234747334462215,11.34620451927185,1790364344.2845879,0.8,0.8
-3.684498970392418,-1.2008412455409718,2.074008788596875,0.06642694669873458,0.025147718338824676,-0.005935048312873614,-46.87832401375178,-5.3216365571334965,682.7923348323692,0.6701560641307567,-0.7542242103088718,0.07744570459707288,11.35672926902771,1790364344.2951126,0.8,0.8
-3.1461407985339376,-0.7915536670748582,2.1699886592113162,0.015773550716857272,0.0017945286669180244,0.008372892008126027,-47.42159316058953,-8.954414775024485,686.9319745373493,0.6264099688112666,-0.7425476044722088,0.060177501870561194,11.3657865524292,1790364344.30417,0.8,0.8
-2.365227763876845,-0.0678691903097692,2.2951725022860807,-0.05445047964195747,-0.02172312062399967,0.011333155497972841,-48.041093141390874,-12.40873829343304,692.0355595959439,0.578387938193527,-0.7279107326564827,0.05524372961207777,11.376322269439697,1790364344.3147056,0.8,0.8
-1.5233049981397901,0.7945586361342554,2.5303035709028427,0.0014656104987529062,-0.002974784781801798,0.025147718338824676,-48.78490709225018,-15.794641241201584,697.7276736708524,0.6407179023514732,-0.7499482701194737,0.05820399296989628,11.386541366577148,1790364344.3249247,0.8,0.8
-0.8553284294610043,1.6350642266141102,2.5494965556941445,0.05639494314109188,0.023832045695215992,0.006070464843484877,-49.66381872820869,-19.26390221358113,703.4073546825467,0.6750898342185995,-0.762776090770644,0.06165763354367637,11.395756959915161,1790364344.3341403,0.8,0.8
-0.5232924537835587,2.2991053675243514,2.312870869841819,-0.006592884654276751,-0.008730852766766675,0.011662073662987854,-50.71175834238484,-23.002429185850236,708.7561270018388,0.5575016436538949,-0.7358047758430641,0.05030995733081166,11.40646243095398,1790364344.3448458,0.8,0.8
-0.5415610060450367,2.666847161981099,2.1737745064435505,-0.03471538864845965,-0.013171248091664922,0.0009722332463076439,-51.967791871427174,-27.083486325426826,713.5534055224914,0.5371087259071216,-0.7267595180328881,0.04455388964042575,11.41635012626648,1790364344.3547335,0.8,0.8
-0.8211867843693695,2.7280483895537353,2.248064888839326,0.042909298866008055,0.006892760260018546,0.02909473625971426,-53.39482222639427,-31.360890048352633,717.294518762356,0.6800236042943923,-0.7739593192343702,0.03929119915329056,11.427218914031982,1790364344.3656023,0.8,0.8
-1.2590164632513698,2.5583641549747127,2.4108981006458157,0.04077133085544463,0.012648828157405347,-0.0003434394280397435,-54.863753834404456,-35.690817788117556,719.7615165620942,0.5979585604128499,-0.7599802836844117,0.03419296771886044,11.43674349784851,1790364344.3751268,0.8,0.8
-1.7537977103907214,2.244072825983806,2.7499389297026555,-0.022216497887686842,-0.012677870832385335,-0.008401934595322555,-56.22515364680067,-40.11675459641772,721.4407836755462,0.5427003324103667,-0.7338312650376773,0.03024594981717061,11.44646954536438,1790364344.384853,0.8,0.8
-2.1675163307978424,1.893220012775697,3.3873404105900287,0.006563842093483832,-0.0036326211212991677,0.0067283011767643175,-57.387920463571504,-44.70602405670209,722.7737960027886,0.6093062320230469,-0.7586646097655796,0.02712122730113104,11.456753730773926,1790364344.395137,0.8,0.8
-2.364526845701234,1.6574900209505248,4.169059258214011,0.04208700347784122,0.012484369075067787,0.0017945286669180244,-58.33942326837872,-49.42718320328569,723.663364545805,0.560297446874479,-0.7469880038506682,0.013306664486494299,11.466413259506226,1790364344.4047966,0.8,0.8
-2.3055284857175686,1.6864124666676643,4.972005862654873,0.04159362624463435,0.014622337143418589,-0.002316948442727368,-59.09526836828587,-54.23850168694052,723.8687250049708,0.5323394144632323,-0.7397517974713539,0.013306664486494299,11.47566819190979,1790364344.4140515,0.8,0.8
-2.0374423084924516,2.060508273944056,6.027141783204823,0.049981039177915104,0.029752572578415584,-0.0033037029514975946,-59.64020911778172,-59.11990260427986,723.3087313196883,0.6065104288792258,-0.7603092021645297,-0.0003434394280397435,11.485187292098999,1790364344.4235706,0.8,0.8
-1.5985592279688616,2.691679609509718,7.83659791233863,0.07695232738014054,0.07103180075945065,0.006892760260018546,-59.917962976189614,-64.06696440489729,722.1587316870189,0.5624354140401187,-0.7468235446138995,-0.015309216217980426,11.495843887329102,1790364344.4342272,0.8,0.8
-1.006885974922378,3.21100726881404,11.160293066077104,0.14043352748210977,0.12316532573873973,0.04570510318099953,-59.846312268245065,-69.11718168552565,720.7246004847718,0.4751076760560642,-0.7094912989156736,-0.030274993228787822,11.507436275482178,1790364344.4458196,0.8,0.8
-0.3497656045225719,3.0184743790985555,17.336185137554878,0.2468385364136916,0.2269389914079172,0.028930277179974394,-59.327422821585635,-74.29868533916832,718.8373417135072,0.50684826685874,-0.7094912989156736,-0.03537322500860482,11.516995668411255,1790364344.455379,0.8,0.8
0.1727307920765423,1.6653452491432177,28.562384945120666,0.3144312034824154,0.30226123448900744,0.024160963856273608,-58.260678039264285,-79.57642373700693,715.6683747944822,0.5236230866168698,-0.7052153590121001,-0.03981362045091849,11.52662968635559,1790364344.465013,0.8,0.8
0.28824886695078455,-0.5840126074786022,47.51191152162207,0.3685382264611957,0.3601508157438658,-0.0006723575968903689,-56.55995725575205,-84.86332836416294,710.3565900496349,0.4616220362474021,-0.6599890732128085,-0.05560169329538209,11.536294937133789,1790364344.4746783,0.8,0.8
-0.2753652438496345,-2.5364372648047904,76.24378128599302,0.44632734705364974,0.4300459035492299,-0.015473675304806686,-54.15491906458,-89.99070928352765,702.2592696226836,0.4126132466709594,-0.6086777998078321,-0.06826504357205426,11.546326875686646,1790364344.4847102,0.8,0.8
-1.6525022106760372,-2.537326978160933,115.2900421962714,0.5015855782716829,0.4805348237511368,-0.01711826617453699,-50.97636861247457,-94.66834020781201,690.4513198051054,0.3636044554571038,-0.5524327543698646,-0.07402111193381877,11.55684518814087,1790364344.4952285,0.8,0.8
-3.6878267859663483,0.6846298563356945,163.4575700232479,0.5228007915346677,0.5038880045306218,-0.0330707977499894,-46.97115585262492,-98.53790190397129,673.473947954045,0.3456784206614481,-0.5055618864832758,-0.0776392120643506,11.566054105758667,1790364344.5044374,0.8,0.8
-5.881419925831688,7.430858345227783,217.98964039780103,0.5405623652201315,0.527405643989756,-0.10329483156067698,-42.16034631299623,-101.2877799292276,649.8483148560296,0.3386066820998413,-0.4560596748102206,-0.08158623040395288,11.575979709625244,1790364344.514363,0.8,0.8
-7.411755199557615,17.029397402456567,274.92842146919816,0.5624354140401187,0.5514166601581437,-0.1314173383405003,-36.67988131982075,-102.71424091729502,618.7944242845587,0.25062109451929804,-0.3784349505929502,-0.07451448922355275,11.58643364906311,1790364344.524817,0.8,0.8
-7.276469446563759,28.24629978952513,329.8901805796247,0.5757565940132328,0.5706583646527552,-0.1689140153644552,-30.759802057629322,-102.64751019014346,580.3215039721023,0.17102291278910098,-0.30541508974743886,-0.07500786651353705,11.59561014175415,1790364344.5339935,0.8,0.8
-4.635977265372059,39.77025821021815,379.14355287452344,0.6494342296283063,0.6106219040892611,-0.16907847447757424,-24.669667358050642,-100.853671197659,534.7898774934501,0.17036507655441635,-0.2662738156231287,-0.06366018890707204,11.606470108032227,1790364344.5448534,0.8,0.8
0.7929692150465714,50.532189001474464,420.5921702035274,0.6737741621963564,0.6519011146995549,-0.17664359371313137,-18.659976221851093,-97.09385236848352,482.9619557730816,0.17085845373046446,-0.22927051189497427,-0.06135776158270018,11.615985631942749,1790364344.554369,0.8,0.8
8.54671099792733,59.834942475346566,454.1796613423824,0.7091328475008778,0.6956472094558793,-0.16611821044596178,-12.904866813384368,-91.28103388420308,426.6033445783549,0.13862447778796477,-0.1779592666300859,-0.07023855272083113,11.627549886703491,1790364344.5659332,0.8,0.8
17.520694927850098,67.38016120727826,481.52308896605217,0.767351332734599,0.746629499181431,-0.17302549320132746,-7.49282997152271,-83.54183070984168,368.441975323488,0.05277684347429789,-0.12302992395001205,-0.047378738657504,11.635568141937256,1790364344.5739515,0.8,0.8
26.306247761324723,73.21975391049286,505.166597319328,0.7724495615961589,0.7801791343651887,-0.17335441142907865,-2.530575340379415,-74.15304947365716,311.1838302099711,0.056559402216564136,-0.09737430392377219,-0.011362198142144203,11.645740032196045,1790364344.5841234,0.8,0.8
33.58296844507483,77.63472460976153,527.8391543227017,0.8395488307784396,0.8226095546588423,-0.1319107156599251,1.7220046767347088,-63.478620946480326,256.78990485263483,0.06198655169298034,-0.0832308213835356,-0.00938868910997348,11.656282424926758,1790364344.5946658,0.8,0.8
38.40990904297757,80.94684883296954,551.8263380813796,0.8512254191081948,0.8558302708299503,-0.16036214152301664,4.887967437662111,-51.96262276874061,206.72992808702074,0.06576911040274186,-0.0717186845850338,-0.0054416710570994176,11.665771961212158,1790364344.6041553,0.8,0.8
40.428877446781314,83.33565179069592,578.4937196303238,0.8696448259488723,0.872276169773274,-0.16233565086395377,6.6748533701515,-40.13265735384659,162.39856867775666,0.02712122730113104,-0.04310280227279345,0.003603578589943257,11.676333665847778,1790364344.614717,0.8,0.8
39.979032768004636,84.8037202800451,607.9557076503738,0.8785256113464079,0.8860907248113867,-0.17170982029151072,7.0196448831034814,-28.61639270484892,124.88644380814523,0.020049486835595445,-0.027150270537840762,-0.008566393681031348,11.685563564300537,1790364344.623947,0.8,0.8
37.99360652352703,85.28964232228594,639.0305302944698,0.865368892228947,0.8887220686206495,-0.18124844893081998,6.100632283376467,-18.15444808233774,94.47124721881777,0.0037680376736967253,-0.006757343739693791,-0.009059770938316974,11.696377992630005,1790364344.6347613,0.8,0.8
35.69986943012382,84.79393985548394,669.642967286256,0.8984251488968775,0.9041812134525239,-0.20295705241644646,4.288750615277702,-9.513570141849073,70.49030668214321,0.005083710342777853,0.0024523650029321387,-0.0014946530194787921,11.705848455429077,1790364344.6442318,0.8,0.8
34.262433819694344,83.42545562974917,697.5123938148454,0.8556658118400219,0.8800057422432978,-0.1779592666300859,2.0531013419696356,-3.267259485331019,51.69432225438075,-0.0003434394280397435,-0.0021524893580248255,0.005412628509785272,11.716423988342285,1790364344.6548073,0.8,0.8
34.44611711252402,81.37271724303692,720.6849923774467,0.847936239302145,0.8785256113464079,-0.1996678700364034,-0.15904608885336455,0.44973291140884075,36.83151290238942,0.020378404997846843,-0.0033037029514975946,-0.004783834716437896,11.7270827293396,1790364344.665466,0.8,0.8
36.425207008266256,78.85154173139247,737.74524716004,0.8392199127965786,0.8637243023349201,-0.16496699665847894,-2.003072929385392,2.0183744306615266,25.083609578702518,-0.015309216217980426,0.003110201338524965,0.006563842093483832,11.736424684524536,1790364344.674808,0.8,0.8
39.82873296311152,76.03137079407357,747.9533701855056,0.8064925733926482,0.8550079758802087,-0.1837153356642085,-3.2778681679973025,2.132388382645731,16.07368465343097,0.028930277179974394,-0.005606130142330995,0.0006433150778790003,11.745949745178223,1790364344.684333,0.8,0.8
43.93726846359032,72.96575921092848,751.3496880043105,0.8158667359783421,0.8398777487602597,-0.15740187751956405,-3.9366892539635665,1.4572695312978519,9.599326396638933,-0.022052038799764306,0.005906005760099364,-0.015473675304806686,11.75669264793396,1790364344.695076,0.8,0.8
47.90945749637497,69.60449984986927,748.6672624094347,0.7581416289563296,0.8124130971350494,-0.15509944996791084,-4.038494173389283,0.4416033782753883,5.376726879367552,0.01231990999270409,-0.0003434394280397435,-0.00823747550964031,11.766210556030273,1790364344.704594,0.8,0.8
50.97048264291048,65.86806146520628,741.0599399260402,0.7849484452101282,0.8035323115161787,-0.11398467322051686,-3.6876998731801596,-0.6345936852146129,2.960936762258744,0.007715055675896115,-0.0016591121040756968,-0.0036326211212991677,11.776747703552246,1790364344.715131,0.8,0.8
52.577050625066335,61.71955526200627,729.8013775039066,0.7127509454983108,0.7732718565727908,-0.16743388334771664,-3.0302978958608517,-1.5644608819201007,1.8880209837310005,0.0014656104987529062,0.0001499378250383182,0.0017945286669180244,11.786613941192627,1790364344.7249973,0.8,0.8
52.584345459411345,57.22861873048146,716.0861755361254,0.7390643852973735,0.7670224147431484,-0.14687649447320913,-2.2657484338334064,-2.2007934673119487,1.7865444221482836,0.00409695584112478,0.0003143969093449134,0.0011366923304824278,11.796725749969482,1790364344.735109,0.8,0.8
51.28319988930246,52.58724968809689,700.9661376269262,0.706008126498136,0.7463005811870026,-0.1365155706537835,-1.6127697563605072,-2.471707618732486,2.2964675900336067,-0.017940561610403416,0.0049192512592347165,0.010017482836866154,11.807258605957031,1790364344.745642,0.8,0.8
49.20207300843883,48.0342233854502,685.3939691651406,0.7081460935005096,0.7426824832451134,-0.11924736454349383,-1.235313697760032,-2.3705399376345366,3.018900306565303,0.023338668453435164,-0.0062639664835221764,-0.005770589227589051,11.815694332122803,1790364344.7540777,0.8,0.8
46.850364162665244,43.76244146846477,670.2381903644307,0.6745964572103589,0.732814943373762,-0.11447805053080154,-1.1704561677478211,-1.955075391419266,3.656526021876754,0.0003143969093449134,0.0016300695828486422,-0.019914070659209276,11.825581312179565,1790364344.7639647,0.8,0.8
44.60271674980562,39.88985958050398,656.2125796509877,0.6793657682849799,0.7392288442951255,-0.12895045174727693,-1.3137101239126403,-1.3839977321453898,4.150627857467814,0.01741814153383941,-0.005112752886715699,-0.007415180081627032,11.836782932281494,1790364344.7751663,0.8,0.8
42.71465617919038,36.486804602890885,643.8620205663481,0.6818326533191809,0.7431758602375329,-0.13964029369827607,-1.5084916828200456,-0.9094335470319609,4.575534327575806,-0.016460429826324577,0.005083710342777853,0.003110201338524965,11.846317529678345,1790364344.7847009,0.8,0.8
41.347024012865575,33.601895224485006,633.6478693382641,0.6870953413821861,0.7379131723127693,-0.09474295831913096,-1.6732579535867018,-0.7385089153022412,4.910036912932541,0.005083710342777853,-1.452125929465864e-05,0.007879514758992928,11.855580806732178,1790364344.7939641,0.8,0.8
40.51430248166511,31.235735676172933,625.9603248836493,0.6752542932213195,0.7448204502114802,-0.11743831439791419,-1.8311804879793647,-0.8650823483088401,5.014273468889705,0.020049486835595445,-0.005770589227589051,0.0024523650029321387,11.866011619567871,1790364344.804395,0.8,0.8
40.05402316622535,29.310885303271668,620.9858743780694,0.6708139001431683,0.7486030071469922,-0.09408512191909918,-2.0372686044949413,-1.0799094125461108,4.837123836362792,-0.0014946530194787921,-0.00017898034365401716,-1.452125929465864e-05,11.876534700393677,1790364344.814918,0.8,0.8
39.723095668709156,27.70293477911176,618.6380395382741,0.6859441283695585,0.7665290377558853,-0.10674847269917134,-2.3025531398764016,-1.1780888749447687,4.512434020196739,0.017747059696923237,-0.0046193756313386986,-0.01728272526165686,11.885627746582031,1790364344.824011,0.8,0.8
39.33929293785093,26.290249964312242,618.7068149059373,0.6948249144503271,0.7775477904466522,-0.09671646752193439,-2.567054336726035,-1.1452288482130877,4.213886743330331,-0.023696629680196105,0.005741546676687609,-0.008566393681031348,11.895939111709595,1790364344.8343225,0.8,0.8
38.86188052079233,24.970046529492073,621.017442571144,0.676241047237359,0.7800146753703656,-0.09523633561945091,-2.731872676003886,-1.1204485449123407,4.019261719351862,0.035015263113179734,-0.009717607281736207,0.004590333092069618,11.906764507293701,1790364344.8451478,0.8,0.8
38.36726096107946,23.647899988406742,625.3592036054507,0.6997586844787754,0.7887310020804029,-0.07566570290057223,-2.738547343224113,-1.2028330326023078,3.9552815179668683,-0.012677870832385335,0.003603578589943257,0.004590333092069618,11.916487455368042,1790364344.8548708,0.8,0.8
37.95120744528276,22.22261536533373,631.3465310383389,0.6788723912777807,0.7935003129083947,-0.09671646752193439,-2.6199043516577327,-1.3328504373234773,4.053143037430933,0.012155450910314239,-0.00017898034365401716,-1.452125929465864e-05,11.926620721817017,1790364344.865004,0.8,0.8
37.67496933633092,20.603165138241792,638.4277646049122,0.7015677334862899,0.8028744755431501,-0.07681691657895554,-2.46436273783994,-1.3577679902123048,4.268779468672808,-0.0019880302733486926,0.0014656104987529062,-0.0062639664835221764,11.936439037322998,1790364344.8748224,0.8,0.8
37.577723663228156,18.75867633497537,645.9838383337228,0.6785434732729146,0.8004075906427339,-0.0891513489332221,-2.3403170558826125,-1.2091451956428896,4.460636587462753,0.009524105588519197,-0.002974784781801798,-0.006921802825137338,11.945923805236816,1790364344.8843071,0.8,0.8
37.68057197110578,16.737297285919972,653.4343430453417,0.6956472094558793,0.8130709331055649,-0.08832905343803629,-2.259038126128883,-1.0062629005581072,4.516492412167183,0.009524105588519197,-0.004290457461219699,-0.005606130142330995,11.95861268043518,1790364344.896996,0.8,0.8
37.976318330301204,14.63121033432737,660.3314192242347,0.673280785187794,0.8064925733926482,-0.07336327554789601,-2.1960853160547633,-0.9477413556203326,4.448286651591064,-0.0072507209961039515,0.003110201338524965,0.003110201338524965,11.96683955192566,1790364344.905223,0.8,0.8
38.408797543665585,12.50521318908267,666.4266319094419,0.7102840605007279,0.8235963086105935,-0.04655644319747489,-2.133290402889183,-1.0927773377602588,4.342812486883795,0.005906005760099364,-0.0014946530194787921,0.003110201338524965,11.975525617599487,1790364344.913909,0.8,0.8
38.874937162370415,10.327003615791698,671.7053042020385,0.6793657682849799,0.8222806366748409,-0.09507187651931606,-2.0766814441109367,-1.2884213755939034,4.27027844023323,0.0024523650029321387,-0.0006723575968903689,-0.006592884654276751,11.986185789108276,1790364344.9245691,0.8,0.8
39.31920523497794,7.9896982826054,676.3030915250287,0.66768917908229,0.8157022769859115,-0.07237652096984543,-2.037454918307675,-1.3403512200811694,4.273527782261507,0.007057219343246532,-0.0010012757658465488,-0.007908557338355424,11.996931314468384,1790364344.9353147,0.8,0.8
39.8062910937644,5.414125118933017,680.3162490616809,0.6810103583081125,0.8329704711334164,-0.08224406679545046,-2.0074168455679007,-1.2302914672406913,4.372396117556562,0.0026168240868698345,0.000807774162106506,-0.0046193756313386986,12.006584167480469,1790364344.9449675,0.8,0.8
40.44809948929032,2.5969279643703866,683.7681364849103,0.6699916051276201,0.8263921114718316,-0.05823303879397601,-1.9655118182765365,-1.1228948110769736,4.5208361165923465,-0.005277211971894319,0.002781283170781204,-0.0006723575968903689,12.016149282455444,1790364344.9545326,0.8,0.8
41.298565790691086,-0.42617658244859097,686.7817955130182,0.6920291114290149,0.8476073213213191,-0.0690873390502264,-1.905157802781619,-1.161808980699488,4.597188846285733,0.009688564671327705,-0.0028103256969935486,0.004261414924799353,12.02612590789795,1790364344.9645092,0.8,0.8
42.32831541330032,-3.6180945323715292,689.6564451573586,0.6410468203626332,0.8316547992024309,-0.06464694347631558,-1.8523398226529746,-1.3083868970855537,4.505852506924783,0.0075505965927730595,-0.004783834716437896,0.0024523650029321387,12.035746097564697,1790364344.9741294,0.8,0.8
43.46505056525415,-6.933523680451441,692.7008560992074,0.6836417023423651,0.8556658118400219,-0.07533678470699898,-1.8587747224547664,-1.405720852526848,4.309913967554054,0.016924764289018353,-0.005770589227589051,-0.009717607281736207,12.046642541885376,1790364344.985026,0.8,0.8
44.63634772850525,-10.340564142927123,696.0876687055722,0.6805169813013122,0.8457982724260557,-0.015144757131180839,-1.9596246820383891,-1.3681966419475875,4.186374399189198,-0.02336771150389519,0.0073861375096237886,-0.008730852766766675,12.055978298187256,1790364344.9943616,0.8,0.8
45.762995194634904,-13.925877223049245,699.9113170449109,0.6734452441906617,0.8591194506264428,-0.05379264326917539,-2.124048145663205,-1.2663741911123434,4.2149915430611395,0.021529618564908364,-0.003797080206239617,-0.0013301939349083108,12.066604852676392,1790364345.0049882,0.8,0.8
46.76919627194488,-17.932205314844218,704.1988977097587,0.661933113957343,0.8527055500196108,-0.025012302386473367,-2.2664167518575637,-1.229255456719791,4.312375322784591,-0.01037544362558046,0.0017945286669180244,0.0006433150778790003,12.076095819473267,1790364345.0144792,0.8,0.8
47.63865265458812,-22.603785530075438,708.7945153125961,0.6421980334012515,0.8556658118400219,-0.04080037499633982,-2.3126187404417458,-1.2645818865657728,4.39228398328034,0.026134472820443594,-0.010704361797662043,0.0026168240868698345,12.086646795272827,1790364345.0250301,0.8,0.8
48.43166501856079,-27.990561234192572,713.3758001984297,0.6731163261849131,0.8681646950465618,-0.03537322500860482,-2.246306172100933,-1.1510335019558162,4.5079996521174,0.0073861375096237886,-0.012184493573345348,0.013142205404261247,12.096460103988647,1790364345.0348434,0.8,0.8
49.252605515540345,-33.907854510875325,717.6399254386382,0.6382510172659791,0.849745288195969,0.001301151414630844,-2.1287246334538463,-0.5968027492009907,4.905902568516927,0.057546156668866685,-0.04376063863847353,-0.001823571188698997,12.106889724731445,1790364345.045273,0.8,0.8
50.19684821940707,-40.024103390851785,721.3989589949373,0.6453227545026121,0.863230925366522,-0.059384252451823605,-2.0788968484882275,0.2942380511000867,6.152001926530967,0.10935076415364936,-0.08191514859964577,-0.05445047964195747,12.116992712020874,1790364345.055376,0.8,0.8
51.32207325486684,-45.95053300256519,724.488942538618,0.6275611818587148,0.8423446336226088,-0.020900825185056912,-2.134328147617003,0.7062097931123602,9.294142423576417,0.11658696310041441,-0.1100376547474888,-0.05921979335776284,12.126302719116211,1790364345.064686,0.8,0.8
52.622091952151884,-51.35907427452959,726.6781743801693,0.6338106241040895,0.8390554538056328,0.0001499378250383182,-2.1218451362739152,-0.48527151863141144,15.802577739946992,0.2254588599483995,-0.18190628539239945,-0.03816902954405403,12.135979652404785,1790364345.074363,0.8,0.8
53.92131368794907,-56.1329983452955,727.6295978222722,0.5943404622034566,0.8069859503717172,0.02564109557975061,-1.763831687026813,-3.7766422539226587,27.411122989711615,0.2953539547400402,-0.26101112344091193,-0.026327975094469547,12.145822286605835,1790364345.0842056,0.8,0.8
54.80167268409515,-60.38671875167089,726.8115589183934,0.5688493155212917,0.7791923803960792,0.04784307118160839,-0.8788274207034603,-8.398710375905209,46.08894942065293,0.4395845270377935,-0.35129919073502114,-0.024518925121418053,12.158345937728882,1790364345.0967293,0.8,0.8
54.69715484671214,-64.32893830302118,723.3915275834798,0.5302014472598472,0.7418601882575057,0.05392805700597131,0.5992541289934543,-12.512088261838096,73.82262053444774,0.47527213507740224,-0.40737976211842736,-0.02682135236041161,12.165868282318115,1790364345.1042516,0.8,0.8
53.10841675321147,-68.11482151332957,716.286452436103,0.5022434143459996,0.6994297664772415,0.05836845204509053,2.7128538474644164,-14.008083366902165,111.87675566349787,0.5484563979091723,-0.44865901221126614,0.0006433150778790003,12.177651166915894,1790364345.1160345,0.8,0.8
49.816782917130304,-71.7741076991814,704.3940625018244,0.4570171836029546,0.6507499016666937,0.06642694669873458,5.429446509333455,-11.358421241381473,159.8662409340415,0.5749342989560882,-0.4702031635309176,0.01281328723971678,12.186642408370972,1790364345.1250257,0.8,0.8
44.96580881146568,-75.21931059673726,686.8012786516842,0.41195541055831264,0.585953052690173,0.07909029531856353,8.443016579754092,-4.176107214494952,215.29091712891693,0.5530612502942525,-0.47036762270362553,0.05030995733081166,12.195854902267456,1790364345.1342382,0.8,0.8
38.96353055248141,-78.27617944313042,662.8628916647006,0.3701828167920315,0.5259255128448688,0.07382760500102879,11.066588281824778,6.653233590270746,273.77556124554786,0.5811837413808126,-0.4784261222097729,0.07349868685533543,12.205634593963623,1790364345.144018,0.8,0.8
32.3171840139322,-80.70227791604765,632.244372520192,0.3090040551613451,0.4538924621578039,0.09257593914131906,12.380712556495928,19.31332933670235,329.9646326804849,0.5673691844123421,-0.47809720386091337,0.0906024302995804,12.215867042541504,1790364345.1542504,0.8,0.8
25.520455941979286,-82.22723097055795,594.9950946207309,0.2792369685167473,0.39863422921341757,0.0823794767540914,11.577519690746884,31.733411050918676,378.93231871505856,0.6329883290729772,-0.5083576925549447,0.12826355675701134,12.226357460021973,1790364345.1647408,0.8,0.8
18.99449126875344,-82.59547695630432,551.640924258686,0.23088600862458772,0.3381133049895244,0.07859691810237746,8.25128143789395,42.27112882772405,417.52433784773854,0.6032212487045814,-0.5101667435480624,0.146025135609556,12.236886024475098,1790364345.1752694,0.8,0.8
13.033545746832578,-81.5839983703064,503.2231549826284,0.19421163982720935,0.2729875248250316,0.09981213819743368,2.475539026355626,50.09768866936889,444.9671292856092,0.6754187522240263,-0.5580243668783869,0.15934631956834897,12.246805667877197,1790364345.185189,0.8,0.8
7.755725027602356,-79.03491636396373,451.1833502398725,0.15589267929748982,0.22397872848709666,0.07152517797907745,-5.229733367994314,55.22415865097547,462.77425845895544,0.7148889124939108,-0.5915740428348296,0.14882093966305482,12.256427764892578,1790364345.194811,0.8,0.8
3.135133284544018,-74.89141828134858,397.14336631019273,0.12004060349033707,0.16247104170931484,0.0766234092353945,-13.94987978933093,58.289879621949495,474.2652721318684,0.7430114012400718,-0.6321954663190827,0.16263550076913297,12.266950130462646,1790364345.2053335,0.8,0.8
-0.889978615821167,-69.17969683200053,342.6925120331025,0.07761016366933389,0.11806709469739708,0.045540644103851224,-22.517252203760513,60.26161963084569,483.6994299915622,0.8244186035700963,-0.6841645783409905,0.14569621748516748,12.276417016983032,1790364345.2148004,0.8,0.8
-4.333237532647501,-61.96782425099894,289.2457307268302,0.06527573318048366,0.08418852653940306,0.04307375794356475,-29.763403207668922,62.119350274824065,495.1858265644908,0.8203071287699447,-0.6979791530829232,0.14405162686180994,12.287245988845825,1790364345.2256293,0.8,0.8
-7.11983237450267,-53.3818711021613,238.09740534641293,0.06478235595799937,0.07251193241765612,0.02498325925846425,-34.810050392043244,64.57495439526814,511.70200351281926,0.8851039708822982,-0.7338312650376773,0.16279995982892786,12.297123908996582,1790364345.2355072,0.8,0.8
-9.098991820034774,-43.6779856908689,190.579072208285,0.013471123568701227,0.04175808532239554,0.028436899940599863,-37.340478670541486,67.90485960311501,534.464125776832,0.8701382029161352,-0.7409030121173424,0.17677897982685736,12.30665397644043,1790364345.2450373,0.8,0.8
-10.135534112232982,-33.3079097669491,147.9848974495796,0.049981039177915104,0.03550864034946285,0.019062732348217364,-37.73364918606135,71.92981282967014,562.8783903243411,0.9127330807720668,-0.7660652755931668,0.2034213468942704,12.316862344741821,1790364345.2552457,0.8,0.8
-10.200766780770032,-22.940030894462538,111.31334704653243,0.020871782241029056,0.021529618564908364,-0.006592884654276751,-36.947588675768394,76.13488437879923,594.9899106655762,0.9056613443364778,-0.7703412158870372,0.2198672521963138,12.327080011367798,1790364345.2654634,0.8,0.8
-9.381621980378904,-13.386883267158654,81.04350235601672,-0.0021524893580248255,-0.006428425568886217,0.03041040889670403,-36.199984332548354,79.91746175482432,628.0872177370607,0.8944781331951486,-0.7714924305862968,0.23483302582862375,12.336756467819214,1790364345.2751398,0.8,0.8
-7.8883318687314965,-5.406470249776154,56.970256160771626,0.0016300695828486422,-0.000836816681355268,0.020707323159994295,-36.57476996567532,82.82772158217121,659.3095144550533,0.9309880282403574,-0.7805376890079891,0.2198672521963138,12.345561504364014,1790364345.2839448,0.8,0.8
-6.085188780923153,0.5227263535602895,38.307928447145045,-0.015144757131180839,-0.005770589227589051,0.018898273266896665,-38.68396117924827,84.60327106971646,686.2519288566101,0.8740852186511248,-0.7647496016621855,0.21641361210136134,12.35683274269104,1790364345.295216,0.8,0.8
-4.407275789967882,4.298511515846493,24.114237738515087,0.02498325925846425,0.00886626925702319,0.02136515948397749,-42.51239869667476,85.05020102214219,707.3870440358836,0.9273699305523643,-0.7769195856243156,0.21082200430779893,12.366891622543335,1790364345.305275,0.8,0.8
-3.189277882749353,6.124822546491935,13.667129004481051,0.005577087593249583,-0.002316948442727368,0.018569355104177232,-47.499284910909914,84.01705090917912,722.1476325503388,0.8507320421375429,-0.7530729956397786,0.21082200430779893,12.375933170318604,1790364345.3143165,0.8,0.8
-2.5603441228413644,6.365749561293449,6.4898583314700025,-0.0014946530194787921,-0.0033037029514975946,0.01741814153383941,-52.780335907468725,81.53796292995322,730.7148766908581,0.8696448259488723,-0.750606107069892,0.2034213468942704,12.387007236480713,1790364345.3253906,0.8,0.8
-2.446731461494254,5.426630858035116,2.0791385150462647,0.0009722332463076439,-0.0026458666122117364,0.015609091635015705,-57.44812991881868,77.95662414066553,733.7008843285508,0.8476073213213191,-0.7359692350771098,0.1741476348988121,12.395595073699951,1790364345.3339784,0.8,0.8
-2.667117648081716,3.7172096624250566,-0.22842764611828467,0.014128959897267784,0.0009722332463076439,0.013471123568701227,-60.74882115064996,73.81245433369455,731.9604901110971,0.8153733590010179,-0.7191943934126996,0.16707589537544526,12.406388282775879,1790364345.3447716,0.8,0.8
-3.0356350837266204,1.677277830592207,-1.056396353983452,0.011168696415426088,0.00820843292510788,-0.0021524893580248255,-62.22989566801452,69.54865107623512,726.4335397913687,0.799749754668873,-0.7019261744892673,0.15046553027958467,12.415869951248169,1790364345.3542533,0.8,0.8
-3.3739924211100885,-0.23369335414831494,-0.8404713210631509,-0.0034681620363851695,-0.007744098252752754,0.007715055675896115,-61.82827408349355,65.3290936303886,717.926888789841,0.7513988100952539,-0.6798886385965457,0.1521101208937663,12.425674438476562,1790364345.3640578,0.8,0.8
-3.50009571204918,-1.6163676830474576,0.05755182406243909,0.009853023754110027,0.004425874008447628,-0.02238095697563615,-59.850850627148105,61.11334337516452,707.0736598302434,0.7856062811879947,-0.6828489045706247,0.15638605647967163,12.436715602874756,1790364345.375099,0.8,0.8
-3.2732314381116585,-2.2300052331673044,1.2711942699765433,0.026298931900622838,0.0026168240868698345,-0.002974784781801798,-56.87315066454966,56.867767544635115,694.508718273494,0.708639470500751,-0.6596601547815354,0.15605713835824048,12.447083711624146,1790364345.385467,0.8,0.8
-2.659280128643794,-2.064389075646846,2.550031668205402,0.026792309141005347,0.004425874008447628,0.005906005760099364,-53.58514773848192,52.71585422344249,680.9596024266589,0.7374197953191849,-0.6599890732128085,0.1414202818595266,12.456604480743408,1790364345.3949878,0.8,0.8
-1.7662152069288821,-1.3187278501075566,3.8063871033311387,-0.009059770938316974,-0.010210984539579554,0.010017482836866154,-50.59201147421748,48.87637301426344,667.1786982697504,0.7135732404968714,-0.6570288073369737,0.12645450704348532,12.467138528823853,1790364345.4055219,0.8,0.8
-0.8069878948476394,-0.27884303594560056,4.957294305877778,0.021200700403020648,0.004590333092069618,0.0024523650029321387,-48.260904977208035,45.414183069226965,653.9638599081702,0.7385710083040447,-0.6660740642195817,0.12332978480420487,12.476771831512451,1790364345.4151552,0.8,0.8
-0.009171705363326045,0.795966688136014,5.88537427641461,0.027943522700992866,0.002287905918968103,-0.0006723575968903689,-46.70068731664169,42.12425665248196,642.1911795238979,0.6923580294317179,-0.6542330006880709,0.12365870293506313,12.486543416976929,1790364345.4249268,0.8,0.8
0.4621313977306977,1.7071132234453155,6.591634006141889,0.015773550716857272,-0.0021524893580248255,0.000807774162106506,-45.838029981548175,38.75409597165274,632.5855576341188,0.6787079322753543,-0.655055296760108,0.12777017956270043,12.497237205505371,1790364345.4356205,0.8,0.8
0.5409149748693803,2.316394685991501,7.158175548839987,0.00903072833993649,-0.005770589227589051,0.03189054061134451,-45.50648409466797,35.282015566042716,625.461623796528,0.7171913384867867,-0.6739681066867219,0.11313332269984872,12.506595134735107,1790364345.4449785,0.8,0.8
0.25537204583135265,2.564760344710475,7.5387230861770265,0.0016300695828486422,-0.002316948442727368,-0.009059770938316974,-45.499371710250166,31.879627710718808,620.8564921922615,0.7078171755002849,-0.6775862095144347,0.10227902422845533,12.517121076583862,1790364345.4555044,0.8,0.8
-0.27880001769186247,2.5015836119908594,7.597569404894911,0.037646608370685265,0.009195187422823596,-0.001823571188698997,-45.58462711109779,28.631925160667585,618.8466179876758,0.744162614222046,-0.6956767239398136,0.08698433074717585,12.525646448135376,1790364345.4640298,0.8,0.8
-0.8747451823713108,2.2557065507909426,7.39154709602511,0.024160963856273608,0.001301151414630844,0.012484369075067787,-45.52315035065357,25.392695337408327,619.5339585106886,0.6652222940307789,-0.6793952609354426,0.08270839489709834,12.536694288253784,1790364345.4750776,0.8,0.8
-1.3586401025866401,1.9475562295115103,7.2346452040332565,0.01791151877842609,-0.0024814075274563335,0.008537351091117959,-45.12818589319135,21.931193772062606,622.7203350084911,0.7171913384867867,-0.7009394191355294,0.0922470210012754,12.545821189880371,1790364345.4842045,0.8,0.8
-1.6464374039924705,1.644431474747394,7.391485776626048,0.013964500815165315,-0.0013301939349083108,0.011662073662987854,-44.34707718876916,18.14756874090438,627.8143609025308,0.7145599944947267,-0.7098202173709146,0.08418852653940306,12.55659008026123,1790364345.4949734,0.8,0.8
-1.7383517254142227,1.3806904794183208,7.829975994584852,0.021529618564908364,0.0003143969093449134,0.006892760260018546,-43.29217388454759,14.123477575200713,634.1757555096224,0.7180136334836446,-0.7175498011152335,0.08369514932552442,12.565968036651611,1790364345.5043514,0.8,0.8
-1.6869281725605572,1.1895321174481273,8.335298883781956,0.01922719142951205,0.003274660422357384,-0.0036326211212991677,-42.18060989629326,10.036004727063684,641.3663782286371,0.7065015034988755,-0.7185365564932308,0.06872937373154797,12.576591491699219,1790364345.5149748,0.8,0.8
-1.5586549750212269,1.1203917124040113,8.74653826564465,0.025476636499467853,0.000807774162106506,0.003110201338524965,-41.232366987974586,6.0352911897866965,649.0152693158651,0.6882465543941688,-0.7187010157230377,0.07004504631952169,12.585086584091187,1790364345.52347,0.8,0.8
-1.39467922778171,1.2248851914603387,9.021088643427595,0.013635582650882036,-0.001823571188698997,0.000807774162106506,-40.601263804682354,2.141572764916657,656.6795738432988,0.7341306153591477,-0.7353113981411704,0.06955166909921935,12.595730781555176,1790364345.5341141,0.8,0.8
-1.2145636257466477,1.524152000625977,9.14316904855707,0.01231990999270409,-0.004290457461219699,0.010675319167628865,-40.36061702830731,-1.7400235502174737,663.9683535805189,0.6964695044611066,-0.7285685695851394,0.07234747334462215,12.606580972671509,1790364345.5449643,0.8,0.8
-1.0408707670413984,1.987894871787028,9.08075795387366,0.026627850060903707,0.006892760260018546,0.003274660422357384,-40.51993718146643,-5.661504156439152,670.683746512416,0.7194937644771973,-0.7372849089509345,0.0718540961253703,12.617208242416382,1790364345.5555916,0.8,0.8
-0.9013340885886434,2.530899508913756,8.861281815380128,0.005741546676687609,-0.004454916546265966,0.02021394591673413,-41.055251473374284,-9.528264093544117,676.7420357091664,0.6882465543941688,-0.7275818141923966,0.06511127410634736,12.625634908676147,1790364345.5640182,0.8,0.8
-0.8232424650454605,3.0313882568432198,8.579248878499588,0.013635582650882036,0.0019589877509610526,-0.004290457461219699,-41.933652863296885,-13.207818853496375,682.0359504093426,0.7041990774944393,-0.738107205123393,0.07070288261290773,12.636086225509644,1790364345.5744696,0.8,0.8
-0.8298008113153538,3.3786427298371686,8.264970870124806,-0.008566393681031348,-0.004290457461219699,0.018733814185549952,-43.11545091351926,-16.691278701615907,686.431337854923,0.6953182914536975,-0.7361336943111959,0.06790707836325023,12.645609140396118,1790364345.5839925,0.8,0.8
-0.9455504720878155,3.51673617916788,7.8171988805652,0.013964500815165315,-1.452125929465864e-05,0.03041040889670403,-44.545539691887726,-20.077431020089335,689.8718782464208,0.6969628814640872,-0.7423831452365393,0.07613003201808866,12.65571403503418,1790364345.5940974,0.8,0.8
-1.2054098446413046,3.4347718267622085,7.142919504094614,0.025970013740238475,0.0101819419195961,0.01281328723971678,-46.15115784571657,-23.41175355451004,692.4721040450665,0.7071593394996823,-0.7460012484306678,0.06774261928951548,12.666033744812012,1790364345.604417,0.8,0.8
-1.623648518208519,3.133786685460487,6.308007348823499,-0.022874334239644994,-0.012348952659665388,0.02564109557975061,-47.8499684005065,-26.611680452322197,694.5140512348215,0.6874242593856754,-0.7438632783590294,0.06363114243798963,12.675699472427368,1790364345.6140828,0.8,0.8
-2.1696273257210685,2.633339423805609,5.418976687079371,0.017747059696923237,0.004425874008447628,0.018733814185549952,-49.55948891027584,-29.570975006889316,696.3495039338854,0.7134087814971846,-0.7542242103088718,0.06757816021575566,12.686042070388794,1790364345.6244254,0.8,0.8
-2.79534322814247,2.0043023812451386,4.487982963761379,-0.0026458666122117364,0.0021234468349777408,0.015280173471254342,-51.201762208663936,-32.27252164264232,698.2793770608018,0.6770633422503578,-0.7489615146950704,0.06856491465793854,12.69676399230957,1790364345.6351473,0.8,0.8
-3.4389486460727996,1.3798810540688844,3.5652159954068856,0.011004237332853176,0.00886626925702319,0.017582600615394336,-52.699906282101225,-34.74863193102167,700.4736968680925,0.6986074714731803,-0.7614604168462342,0.06609802855078843,12.706418752670288,1790364345.644802,0.8,0.8
-4.0115489794716295,0.9257955714601956,2.8613478649548845,0.026134472820443594,0.011826532745456128,0.011004237332853176,-53.97461590491409,-36.979266358864784,702.9873704191539,0.6948249144503271,-0.7639273054566578,0.05294130255032729,12.715834140777588,1790364345.6542175,0.8,0.8
-4.4308186055275325,0.8074079527629643,2.683127724253405,0.0101819419195961,0.01478679622541667,-0.006921802825137338,-54.96597204249306,-38.91230637764498,705.8732246873416,0.7015677334862899,-0.7721502675582093,0.05738169759354612,12.727800369262695,1790364345.6661837,0.8,0.8
-4.650546000292438,1.1957091708927858,3.3196568389109014,0.06313776521475109,0.034028508639919436,0.0006433150778790003,-55.668186225883325,-40.584036234798255,709.2280663855628,0.6941670784456513,-0.7747816154524575,0.05129671178889159,12.735769510269165,1790364345.6741529,0.8,0.8
-4.645654390974128,2.2274489169678158,5.051072783524252,0.0560660249900715,0.052283466246057494,-0.0019880302733486926,-56.1183948528799,-42.17019656142129,713.066375198691,0.6683470150955116,-0.7682032457366242,0.03929119915329056,12.746398448944092,1790364345.6847818,0.8,0.8
-4.396261712554591,3.8039537363875224,8.362022050068667,0.1483275624776375,0.12415208013117056,0.01741814153383941,-56.33551731052698,-43.92652306927126,717.186756781968,0.7050213724963118,-0.7825111999529805,0.03073932705569349,12.755837440490723,1790364345.6942208,0.8,0.8
-3.905218774595438,5.341461092922768,14.372869328098247,0.27002726201305627,0.22710345045886463,0.042580380710817996,-56.293050924664335,-46.11967617295523,721.2383113761606,0.6683470150955116,-0.7691900011897963,0.02268083213069772,12.766057252883911,1790364345.7044406,0.8,0.8
-3.22691792200512,5.886504472233311,25.312945446711257,0.36788039032832154,0.31311553116419305,-0.004290457461219699,-55.95285046586071,-48.986127952055845,724.8359047798281,0.673280785187794,-0.7617893353270904,0.004590333092069618,12.776185512542725,1790364345.7145689,0.8,0.8
-2.480758735393133,4.842930791076449,44.23930153498856,0.4042258362125449,0.3361397965464675,0.02366758661464831,-55.281592269346014,-52.69425746233128,727.4380026574082,0.6142400022665273,-0.7277462734244196,-0.019256234309179443,12.786399841308594,1790364345.7247832,0.8,0.8
-1.872406304126685,2.7144469622054457,73.56563436125037,0.4487942324178212,0.38465521162071437,-0.03126174776479204,-54.21739918053626,-57.319391564195584,728.116316757432,0.5987808554594343,-0.7015972560378618,-0.021558661536157542,12.79578709602356,1790364345.7341704,0.8,0.8
-1.6373986129391134,0.9718490331000633,113.51750090273981,0.4841529222041468,0.4086662299906464,-0.02895932051562515,-52.6493007244405,-62.804135196505214,725.5311548423598,0.5492786929788445,-0.6560420520478388,-0.030274993228787822,12.80663251876831,1790364345.7450159,0.8,0.8
-1.8445894365533988,1.1242340186079667,161.74974862913743,0.47938361060526,0.41063973833213324,-0.038333488634618426,-50.446072540780584,-68.86260439258903,718.1468316141624,0.5070127258768105,-0.6099934734381578,-0.040306997723506974,12.817025661468506,1790364345.755409,0.8,0.8
-2.2634548694716745,3.891810592375692,214.03012639969157,0.5283923980856171,0.4361308875058249,-0.07286989825874571,-47.493073890039966,-74.92010054649008,704.5347750346755,0.46984498736413,-0.5560508565763689,-0.06004208882834189,12.826586246490479,1790364345.7649696,0.8,0.8
-2.3867705991721593,9.059515832165667,265.4416510684986,0.5331617095407308,0.4510966587541126,-0.13075950191500527,-43.7168588552062,-80.24658906678538,683.610823437404,0.37709009616055245,-0.4815508465310402,-0.0595487115459119,12.836510419845581,1790364345.7748938,0.8,0.8
-1.5090281193313024,15.863792311772626,311.69765473666087,0.5632577091031259,0.4746142989919468,-0.16546037399579425,-39.13601402987753,-84.24222186874356,654.7043360565754,0.36903160356064885,-0.4274437798195076,-0.060535466111019676,12.846468925476074,1790364345.7848523,0.8,0.8
1.0764541745851117,23.451517405291273,350.0615121630076,0.5774011841263748,0.48382400416330584,-0.1434228531872279,-33.91954056654004,-86.60013505373261,617.568654234461,0.2606530963964371,-0.3481744669307834,-0.05625952966937134,12.857246398925781,1790364345.7956297,0.8,0.8
5.726404779135377,31.114812071932434,379.64653893546387,0.6007543635697219,0.5106308242701654,-0.16611821044596178,-28.364641795722076,-87.19609148337948,572.487509928433,0.27167185246499975,-0.30393495749968574,-0.05839749788787171,12.865516662597656,1790364345.8039,0.8,0.8
12.192640235507769,38.330409630884624,401.3032393296381,0.6634132449910629,0.5576661026669956,-0.1605266006345993,-22.77257567721719,-85.90662233501706,520.436042714548,0.1659246819606178,-0.23617779513816256,-0.07221206187360088,12.877057790756226,1790364345.8154411,0.8,0.8
19.679490829762024,44.758443416351525,417.28967185475705,0.6768988832477847,0.584966298627212,-0.15805971396395171,-17.309961619224644,-82.58564392866987,463.15345397508463,0.16756927255288093,-0.2042727253718538,-0.06431802528645728,12.886555433273315,1790364345.8249388,0.8,0.8
27.12066785451975,50.234875314065626,430.6764536585345,0.7311703533909244,0.6301925259645378,-0.15411269530467878,-11.988989677854567,-77.18149147709154,403.04005220080387,0.13846001872471847,-0.16463807843374986,-0.05346372508294882,12.897396326065063,1790364345.8357797,0.8,0.8
33.4923666096774,54.72918100564547,444.56477669267315,0.7685025457043104,0.6752542932213195,-0.14457406694779254,-6.80670049741473,-69.84489452643967,342.8941778581881,0.0922470210012754,-0.12862153353533798,-0.02073636609734872,12.906885385513306,1790364345.8452687,0.8,0.8
38.05199617720437,58.27823544442585,461.4661754901846,0.8078082453366152,0.7101196015007875,-0.1350354386889954,-1.9129431592450157,-60.88543893357967,285.4853018206713,0.09487836611887145,-0.10757076821018355,-0.011526657228331239,12.917057752609253,1790364345.855441,0.8,0.8
40.45658702550341,60.92556795071391,482.9544689861391,0.8436603055482588,0.7471228761729831,-0.14671203536406108,2.357987805675357,-50.62046867092694,233.1032369982309,0.05327022070231003,-0.0809283940129025,0.0026168240868698345,12.9281005859375,1790364345.866484,0.8,0.8
40.80850789447753,62.705243990749686,509.5054951529748,0.8780322343806075,0.7831393962700647,-0.151810267761244,5.628844035654532,-39.32503691104598,187.30987617732512,0.07843245903026572,-0.07122530729671656,0.005906005760099364,12.935643911361694,1790364345.8740273,0.8,0.8
39.658030591744605,63.670829432247665,540.546197546749,0.9079637701545213,0.8153733590010179,-0.1850310085914335,7.65243880643353,-27.395902127253688,148.8687013127531,0.03073932705569349,-0.041787129542738985,-1.452125929465864e-05,12.948565006256104,1790364345.8869483,0.8,0.8
37.9072176174916,63.918747813546624,574.6913636329377,0.922765078943485,0.8359307329757142,-0.19259612796020892,8.368872253780086,-15.575814818300282,117.68752496624542,0.016266927962225543,-0.019091775221738855,0.0021234468349777408,12.955742835998535,1790364345.8941262,0.8,0.8
36.585445277475884,63.594274698911,610.0670036725209,0.9324681591115354,0.8581326966879098,-0.20443718449141612,7.876314008565517,-4.9310226326634075,92.78681340771573,0.0037680376736967253,0.0024523650029321387,0.007057219343246532,12.966311693191528,1790364345.904695,0.8,0.8
36.55434493763594,62.89480566754755,644.6697710143728,0.9587815967094551,0.8676713180789511,-0.19292504619507567,6.394569934699858,3.4879103023286073,72.58016101528,0.010017482836866154,-0.004948293801563558,0.013800041733036728,12.977419137954712,1790364345.9158025,0.8,0.8
38.27305943570828,62.04266735010046,676.6969908389302,0.9401977314277484,0.8624086304189961,-0.22894159364665517,4.236435406852873,9.070202161885828,55.533275192777126,0.009524105588519197,-0.005277211971894319,0.007879514758992928,12.986156702041626,1790364345.92454,0.8,0.8
41.72791805843456,61.23675023487907,704.6548100215643,0.9165156374634648,0.8443181415108402,-0.2111800084196025,1.7785223764533293,11.829941410770864,40.72440619520464,-0.010868820883742691,0.0034391195061634766,-0.005112752886715699,12.996300220489502,1790364345.9346836,0.8,0.8
46.49454196245319,60.62933349874114,727.2326322456878,0.9015498696570303,0.8329704711334164,-0.21562040469292387,-0.5792923538054302,12.18512952246762,27.91543150159567,0.008537351091117959,-0.0021524893580248255,-0.028301484159690332,13.005825996398926,1790364345.9442093,0.8,0.8
51.85639314295126,60.30656161447059,743.2943021008984,0.8933269202811515,0.8196492928013074,-0.19308950531255414,-2.4661177339063767,10.610063045133924,17.29940082115668,-0.010868820883742691,0.004590333092069618,-0.010704361797662043,13.016674041748047,1790364345.9550574,0.8,0.8
56.95522216659363,60.2488027358889,752.1138918451721,0.8392199127965786,0.7903755920221501,-0.18618222240432708,-3.6230060916708693,7.5880274940210315,9.192841396993748,0.025312177419159212,-0.005277211971894319,0.015444632553148069,13.025573968887329,1790364345.9639573,0.8,0.8
60.954649016710945,60.309223236156335,753.5906565731615,0.8571459427490216,0.7849484452101282,-0.1736833296569487,-4.0106317348720655,3.819681313414596,3.761779201359603,-0.00017898034365401716,-0.0024814075274563335,0.01083977825025411,13.036231756210327,1790364345.974615,0.8,0.8
63.21866661698079,60.25437437947145,748.2802549460285,0.7620886448657974,0.7392288442951255,-0.17911048043398556,-3.831525357329165,0.2510811792278377,0.8538342347201677,0.006070464843484877,-0.0005078985124518653,-0.002974784781801798,13.046860933303833,1790364345.9852443,0.8,0.8
63.47307487353952,59.84455946538443,737.2269483101733,0.795144902846911,0.7331438613701818,-0.1325685520862296,-3.4041958760396938,-2.2897884438494605,-0.01644956739592665,0.000807774162106506,-0.000836816681355268,-0.01037544362558046,13.05640435218811,1790364345.9947877,0.8,0.8
61.851956810251494,58.864279651364846,721.7637656115677,0.7535367770533639,0.7171913384867867,-0.16019768241146348,-2.989410662675554,-3.5343019583007607,0.48295243671690224,0.003932496757423909,-0.003797080206239617,-0.012677870832385335,13.065526008605957,1790364346.0039093,0.8,0.8
58.83041040091557,57.107701221480774,703.4627643724377,0.7584705469490441,0.705843667497864,-0.13881799815923537,-2.687027112302975,-3.805405414349242,1.7196460802460916,0.0026168240868698345,-0.0033037029514975946,-0.009882066367657413,13.076043128967285,1790364346.0144265,0.8,0.8
55.087682277584875,54.42081120951932,684.0344711687384,0.7209738954697349,0.6877531773891122,-0.1368444888684998,-2.451539364574177,-3.5947159140710996,3.200838366401358,-0.004783834716437896,0.002287905918968103,0.011826532745456128,13.086689710617065,1790364346.025073,0.8,0.8
51.31565247969264,50.78453298211689,665.0202482611581,0.7014032744856713,0.6782145552679953,-0.1291149108532897,-2.222364858123473,-3.157341448396759,4.567824218857335,0.017582600615394336,-0.007908557338355424,0.013142205404261247,13.096289873123169,1790364346.0346732,0.8,0.8
48.0559855365528,46.33902883418287,647.517984746487,0.7180136334836446,0.6788723912777807,-0.09885443582956019,-2.0459512090958754,-2.514976718148341,5.617523849016296,0.006563842093483832,0.0014656104987529062,-0.007579639167176647,13.106845617294312,1790364346.045229,0.8,0.8
45.62050364438965,41.348983506120206,632.2137892791777,0.6925224884330498,0.6782145552679953,-0.1480277082380633,-2.0275225583566097,-1.7268361301711705,6.291848243409125,0.005906005760099364,-1.452125929465864e-05,-0.006921802825137338,13.116447687149048,1790364346.054831,0.8,0.8
44.11720622578612,36.184536713072575,619.5954733009619,0.7111063555002395,0.6862730463732323,-0.1442451487303426,-2.1830334955555033,-1.0235396530413754,6.5476514057230135,-0.004948293801563558,0.0006433150778790003,-0.005770589227589051,13.125858783721924,1790364346.0642421,0.8,0.8
43.55107970405217,31.28697221162257,610.0233401841451,0.6921935704303729,0.6846284563543363,-0.1276347789002134,-2.4055030467531804,-0.65366897009638,6.302134229549385,0.0017945286669180244,-0.000836816681355268,0.0003143969093449134,13.135966062545776,1790364346.0743494,0.8,0.8
43.8550252008277,27.04773742285198,603.6704607959537,0.7166979614885212,0.7071593394996823,-0.12779923800599538,-2.5669075517898516,-0.6703033589980375,5.599156042508584,0.028765818100208708,-0.0080730164239846,-0.0026458666122117364,13.145498275756836,1790364346.0838816,0.8,0.8
44.844010863741374,23.673941759736945,600.5386963335727,0.7068304214993045,0.7153822894925922,-0.11612264156694199,-2.614478756927863,-0.9211232009771736,4.7527136931267,-0.014651379870942047,0.003274660422357384,-0.0005078985124518653,13.155717611312866,1790364346.094101,0.8,0.8
46.220425964399745,21.130350134878555,600.5553716808414,0.7306769763958333,0.7387354673018331,-0.1299372063837865,-2.579350350083729,-1.2123604039274822,4.160498228969197,0.01659584612567406,-0.0036326211212991677,-0.0036326211212991677,13.16711163520813,1790364346.105495,0.8,0.8
47.647393680202256,19.16054611013746,603.6295926685913,0.7397222212883083,0.7471228761729831,-0.09885443582956019,-2.518993574960653,-1.443533158331848,3.9687435331453913,-0.016460429826324577,0.0034391195061634766,-0.0021524893580248255,13.17699670791626,1790364346.11538,0.8,0.8
48.837529602458815,17.374968169253968,609.594371517778,0.7147244534943251,0.756825956985,-0.1281281562176459,-2.4656638797302897,-1.6020440073985354,4.019836047721763,0.02185853672669224,-0.006921802825137338,0.009853023754110027,13.185439109802246,1790364346.1238225,0.8,0.8
49.64141865253856,15.389518410578084,618.0788239630972,0.764226611813939,0.7816592653180859,-0.11135332757000571,-2.4290253000309647,-1.6826755688163642,4.123449075083903,0.021529618564908364,-0.0054416710570994176,-0.0070862619106073915,13.196884155273438,1790364346.1352675,0.8,0.8
50.081363630697815,12.9592284878929,628.5150521591912,0.742189106252585,0.7821526423021807,-0.11398467322051686,-2.416506829834093,-1.6609065425676721,4.283828903602692,-0.005112752886715699,0.0006433150778790003,-0.005277211971894319,13.206670045852661,1790364346.1450534,0.8,0.8
50.27352643432631,10.038285483882497,640.2880869321453,0.7726140205915082,0.8009009676230144,-0.10543279988303,-2.4309926356548335,-1.540139467585188,4.572596652450786,0.003110201338524965,0.001301151414630844,-0.007579639167176647,13.216903448104858,1790364346.1552868,0.8,0.8
50.32255812929939,6.750404671348698,652.7889568999786,0.7505765151108293,0.7913623459866619,-0.09276944912038834,-2.4661852719972255,-1.3967762240413046,4.875518774628765,-0.01744718434880342,0.004261414924799353,0.006234923926844119,13.226091384887695,1790364346.1644747,0.8,0.8
50.286936089716214,3.3036836852439153,665.3427417760548,0.7533723180566576,0.7989274597012994,-0.10724185000569333,-2.509139468788385,-1.3371429803529788,4.954993596358938,0.03304175416573314,-0.010704361797662043,0.0017945286669180244,13.236557960510254,1790364346.1749413,0.8,0.8
50.20947533406869,-0.09378571200813793,677.1650237442522,0.7486030071469922,0.7949804438531093,-0.0875067579435524,-2.540728610539964,-1.3847717873696104,4.769111534480611,0.0016300695828486422,-1.452125929465864e-05,0.0016300695828486422,13.24773907661438,1790364346.1861224,0.8,0.8
50.14052316523935,-3.292828166381928,687.4387104396692,0.7361041233357565,0.7874153301261989,-0.06596261623685384,-2.54303486418628,-1.443434907016437,4.569964138279951,0.008537351091117959,-0.002316948442727368,-0.0031392438666364847,13.256436824798584,1790364346.1948202,0.8,0.8
50.11621633435387,-6.246568415846706,695.4678994509324,0.730512517397445,0.7936647719022962,-0.10033456773763877,-2.512768885832915,-1.4013975099439244,4.601476144923897,-0.013664625351184165,0.005741546676687609,-0.011855575400785079,13.267539978027344,1790364346.2059233,0.8,0.8
50.17693620803924,-9.024108068581699,700.8518531301934,0.7349529103496155,0.7964605747969262,-0.08339528048164771,-2.454696476399334,-1.2601344747803747,4.819620209579975,0.007715055675896115,-0.0021524893580248255,-0.0062639664835221764,13.275840997695923,1790364346.2142243,0.8,0.8
50.422235493655506,-11.777987219674305,703.6257098914842,0.7106129785005706,0.7897177560455855,-0.08783567614126175,-2.3641930245593374,-1.1336290369753514,4.998085326044497,0.01149761458049342,-0.003961539291206531,0.0016300695828486422,13.286678791046143,1790364346.2250621,0.8,0.8
50.978565908121325,-14.674792712789367,704.2034551986781,0.706008126498136,0.7877442481148172,-0.060535466111019676,-2.239337121219425,-1.0801733275156682,5.016167152675073,0.0034391195061634766,-0.006428425568886217,0.016102468880462184,13.295987367630005,1790364346.2343707,0.8,0.8
51.8988220208847,-17.823853995329888,703.1666110375177,0.7050213724963118,0.7971184107716686,-0.07138976639279457,-2.115621982140778,-0.9298995859654076,4.976286060858533,0.024160963856273608,-0.01613151165237854,0.0073861375096237886,13.30649185180664,1790364346.2448752,0.8,0.8
53.098130761910724,-21.246516361734226,701.1558105085162,0.7055147494972815,0.7935003129083947,-0.047378738657504,-2.0771868606000465,-0.3803132163413771,5.125983031511661,0.004261414924799353,-0.01053990271160797,0.008372892008126027,13.316007852554321,1790364346.2543912,0.8,0.8
54.370409745157644,-24.891068018595554,698.8774885343724,0.7153822894925922,0.8147155230311027,-0.07566570290057223,-2.1999254281348306,0.708713392623153,5.741416078693843,0.045540644103851224,-0.026163516005875964,0.0009722332463076439,13.326092004776001,1790364346.2644753,0.8,0.8
55.486453138079604,-28.66553238424611,697.0730190221908,0.7053502904969712,0.8117552611643619,-0.03290633866029101,-2.449837585320124,2.2497961194434986,7.077247215825497,0.03600201758551472,-0.028137025070773952,0.018075977859902913,13.33662724494934,1790364346.2750106,0.8,0.8
56.29444770982551,-32.46845158900755,696.3793122463918,0.6902200624132139,0.8204715877620777,-0.05773966151245383,-2.6806720112389284,4.193865760159659,9.39029694127391,0.06708478299432573,-0.047707656841706636,0.05475035238497779,13.347340106964111,1790364346.2857234,0.8,0.8
56.748857142319935,-36.2057189563146,697.1649214306385,0.7166979614885212,0.8359307329757142,-0.04655644319747489,-2.807191365353407,6.621112408771331,12.999270081840343,0.11083089576021096,-0.08553324875965246,-0.0026458666122117364,13.356929540634155,1790364346.295313,0.8,0.8
56.88986212592177,-39.800736149320464,699.4963064800197,0.6768988832477847,0.8216228007067113,-0.030932829586016092,-2.943370428475151,9.241089126805667,18.56536925262194,0.2336818124787491,-0.18864910915118643,-0.03455092955849097,13.36606764793396,1790364346.304451,0.8,0.8
56.782269900709075,-43.233206120723736,703.1798635091034,0.7268944194297783,0.8362596509579855,-0.024025547856604365,-3.2613831730697536,10.904152505594285,27.752107531321343,0.3861353429016919,-0.29768551026014417,-0.05593061148232181,13.37684440612793,1790364346.3152277,0.8,0.8
56.45462187742387,-46.58106220534737,707.7106767574351,0.6255876737769454,0.7908689690044562,-0.02270987515161524,-3.71212848586452,10.142598640214544,43.540871538575104,0.39222032704072224,-0.3147892607106381,-0.01448692078424911,13.386412620544434,1790364346.324796,0.8,0.8
55.89798517683407,-49.98250070990387,712.0530091941224,0.6303569849710304,0.7726140205915082,-0.0046193756313386986,-3.9819524881615695,6.506502150847111,69.08448254089474,0.44534059290686095,-0.34537866143185036,0.02300975029211831,13.3953275680542,1790364346.333711,0.8,0.8
55.055555807270665,-53.53217499581887,714.5357253493779,0.6005899045606129,0.7392288442951255,0.013306664486494299,-3.7473067836908647,1.2793943696823615,105.60926372779454,0.43580196945474803,-0.35573958774057307,0.002781283170781204,13.406571388244629,1790364346.3449547,0.8,0.8
53.77017252379325,-57.21684718213482,713.2383767677327,0.5668758073757474,0.6977851764687957,0.031232704293984295,-2.8778215730299928,-3.1850232706540416,151.25980158660653,0.4797125286470248,-0.3741590126154875,-0.005606130142330995,13.416548728942871,1790364346.354932,0.8,0.8
51.794351437878426,-60.91953383986051,706.4910453841019,0.5060259717681371,0.6385799352775613,0.037646608370685265,-1.403711295697234,-4.752938800222512,201.70613460574285,0.49846085691502046,-0.3934007336936122,0.018569355104177232,13.426097631454468,1790364346.364481,0.8,0.8
48.9059343417823,-64.42752355181307,692.985483977602,0.4359664284802955,0.5790457742379901,0.024654341097665705,0.5018635573833872,-2.3705148427343286,251.81117260227583,0.5430292504393945,-0.42399013739180397,0.06198655169298034,13.436557054519653,1790364346.3749404,0.8,0.8
45.039855686475114,-67.4350851888071,671.7553509082887,0.41376445986738153,0.5311882013540565,0.047349693951080754,2.381189800153572,3.7667546947948756,297.30765904493063,0.577565643137605,-0.45375724643848714,0.09833200657618005,13.446054220199585,1790364346.3844376,0.8,0.8
40.32440782071946,-69.60867896589195,642.3857164288253,0.3573550121602023,0.46030636406467695,0.05968412464573564,3.4657512534774706,12.570693377486492,335.75957661143445,0.5836506265424172,-0.4682296534611847,0.10606158279869209,13.456629276275635,1790364346.3950126,0.8,0.8
35.00794755226675,-70.69969509136465,605.2327689348607,0.30620825147211744,0.3913980318883092,0.06494681503218593,2.9869270090625095,22.681583399188412,366.6663879934971,0.6400600663289843,-0.5026016212422929,0.1114887320291634,13.466428756713867,1790364346.404812,0.8,0.8
29.365385959310778,-70.60371820789574,561.2163898582177,0.20654606891884753,0.29814975845233993,0.06527573318048366,0.5771734800617434,32.91664183186148,391.07309894858037,0.6468028855488647,-0.5216788863343201,0.1246454573270621,13.47560715675354,1790364346.4139905,0.8,0.8
23.64008664786939,-69.31888488307676,511.3374271583058,0.19733636187574966,0.2412469287583481,0.056723861292011096,-3.621449600338898,42.327326316204946,411.0349924176198,0.7150533714934839,-0.5560508565763689,0.14174919998514296,13.486804962158203,1790364346.4251883,0.8,0.8
18.01920402363443,-66.8408230462751,456.5630297898439,0.13928231404071284,0.18286396495045598,0.048994284718615375,-9.147651914941259,50.113247623991356,428.9674639554325,0.6882465543941688,-0.5629581426568252,0.14273595436142444,13.497052431106567,1790364346.4354358,0.8,0.8
12.626065452875618,-63.0791801632997,398.15368999908867,0.10162118795405367,0.12875693395110704,0.06774261928951548,-15.434435440691386,55.699670769782784,446.9512949266113,0.7658712017727051,-0.606868748570114,0.15638605647967163,13.506568431854248,1790364346.4449518,0.8,0.8
7.526055357582684,-57.85411848275893,337.86957582973184,0.07103180075945065,0.09981213819743368,0.003274660422357384,-21.901646986528817,58.92956130161893,466.3722265060126,0.7926780179387201,-0.6407473452453583,0.1524390390163211,13.51552939414978,1790364346.4539127,0.8,0.8
2.8069869886478487,-50.99566757456884,277.8671199129816,0.058039533894676774,0.06494681503218593,0.019885027754430754,-28.005696651140447,60.10303430296964,488.0109708078299,0.8083016223154239,-0.6680475748278877,0.1619776645297209,13.526382446289062,1790364346.4647658,0.8,0.8
-1.3188865673377825,-42.53670206406714,220.52629061324066,0.06692032392046558,0.06083533816997555,-0.0046193756313386986,-33.31988640114605,59.7940004487263,512.1899466064011,0.8783611523578173,-0.7011038783610527,0.14421608592425186,13.535752773284912,1790364346.474136,0.8,0.8
-4.554473922042559,-32.86117927169527,168.26238402783864,0.030574867976211652,0.031232704293984295,0.003603578589943257,-37.604752348708125,58.58997165961079,538.7693564135451,0.8189914568325002,-0.7006105006846024,0.16724035443461366,13.54630732536316,1790364346.4846907,0.8,0.8
-6.660005825432494,-22.653185571508253,123.17957620178971,0.030081490737611398,0.029917031658026387,-0.011526657228331239,-40.852500938390506,56.9050629430798,567.0731445821718,0.9166800964499422,-0.7315288357720957,0.1721741261989104,13.555739164352417,1790364346.4941225,0.8,0.8
-7.550729329317331,-12.720570916702345,86.64166273586896,0.03189054061134451,0.01708922337065142,0.011333155497972841,-43.3100637940167,54.953323009411406,595.882282217709,0.8203071287699447,-0.7168919641973724,0.19174475399364213,13.566049337387085,1790364346.5044327,0.8,0.8
-7.33228718006836,-3.859572291113687,59.06280856719123,0.03879782191877813,0.01708922337065142,0.002287905918968103,-45.40596899863837,52.87548216223085,623.5949743374235,0.9054968853494079,-0.7377782866542879,0.1953628532144634,13.57666540145874,1790364346.5150487,0.8,0.8
-6.284684631701665,3.2393061346653687,39.942614548638474,0.019391650510780734,0.005412628509785272,0.0029457422546662476,-47.56361762672039,50.83387423070249,648.577351419095,0.8775388574147219,-0.738107205123393,0.1725030443157912,13.586078643798828,1790364346.524462,0.8,0.8
-4.774736897227177,8.098496125909657,27.955241512652044,0.015938009798672763,-1.452125929465864e-05,0.006070464843484877,-50.00874682056201,48.91458859362374,669.6254443367092,0.8734273826956768,-0.7397517974713539,0.16691143631625371,13.59668231010437,1790364346.5350657,0.8,0.8
-3.149843072756107,10.542726194012218,21.177722635506687,0.018404896022778477,0.0026168240868698345,0.01083977825025411,-52.696242647157334,47.001521879637906,686.1508181235045,0.8601062045646213,-0.738600582827355,0.16576022290126402,13.60620903968811,1790364346.5445924,0.8,0.8
-1.6830954733324937,10.737908616070849,17.58900282271572,0.012484369075067787,0.0003143969093449134,0.014951255307388639,-55.3904548129822,44.833508127047146,697.9944873225332,0.838397617841747,-0.7284041103529146,0.1639511732468414,13.617974042892456,1790364346.5563574,0.8,0.8
-0.5684312320540184,9.17271617521072,15.563124798778194,0.007221678426448289,-0.0019880302733486926,0.012484369075067787,-57.791444113734926,42.19844814820901,705.3149193164132,0.8806635781972252,-0.7428765229436699,0.15046553027958467,13.627032279968262,1790364346.5654156,0.8,0.8
0.06629154136630365,6.575424520337646,14.022308062733943,-0.004783834716437896,-0.005112752886715699,0.014457878061394425,-59.610649738023035,39.07736588768333,708.6790759418161,0.8152089000085552,-0.7167275049680075,0.14290041342405532,13.636337757110596,1790364346.574721,0.8,0.8
0.1517776954436559,3.7644007877673173,12.354322095886861,0.018733814185549952,0.0001499378250383182,0.038962280996974574,-60.63695983922101,35.629936576953405,708.9604417914845,0.8278722423971425,-0.7147539942187612,0.15474146587158055,13.646526575088501,1790364346.58491,0.8,0.8
-0.31499742251409557,1.4483844651323712,10.353907436571994,0.011333155497972841,0.002287905918968103,0.015773550716857272,-60.8295178583278,32.08764587823087,706.948667437452,0.7903755920221501,-0.6956767239398136,0.14059798654507172,13.655540704727173,1790364346.593924,0.8,0.8
-1.2337829886339813,0.05888638567703746,8.160713324566697,0.007879514758992928,-0.001165734850364225,0.018404896022778477,-60.34971475168718,28.662307279490836,703.1136203764177,0.793335853914482,-0.6889338957797915,0.14684743092011493,13.665691137313843,1790364346.6040745,0.8,0.8
-2.385184831546786,-0.3010133456576723,6.070629833032678,0.002781283170781204,-0.0005078985124518653,0.018404896022778477,-59.47341735881817,25.516992716116285,697.6979782663369,0.7711338896329485,-0.6767639134155534,0.1361575918367791,13.67621374130249,1790364346.614597,0.8,0.8
-3.5119326733457616,0.19437718217912348,4.311136923351542,-0.009553148195841563,-0.0080730164239846,0.026463390980776207,-58.46425776330136,22.77896154883322,690.8932313173036,0.742518024247616,-0.6624559614523413,0.13846001872471847,13.685826539993286,1790364346.62421,0.8,0.8
-4.42726542255377,1.197045142688133,2.9480488809647762,0.013964500815165315,0.004754792175665309,0.02498325925846425,-57.499522753586234,20.527180423535345,682.9344747914307,0.7662001197643185,-0.6683764932631544,0.1369798871544344,13.696420431137085,1790364346.6348038,0.8,0.8
-5.053358533859323,2.300110689398771,1.9364727053487927,-0.02172312062399967,-0.00889531185252855,0.040277953621623716,-56.65818051150041,18.7408771096876,674.1286014324878,0.7106129785005706,-0.6514371940504288,0.12217857134544463,13.706897020339966,1790364346.6452804,0.8,0.8
-5.406140905974411,3.140245904926953,1.1971693713599543,0.027285686381155104,0.004754792175665309,0.009853023754110027,-55.92446793057151,17.278318259371108,664.8805671647417,0.7724495615961589,-0.6767639134155534,0.10540374652653331,13.716489315032959,1790364346.6548727,0.8,0.8
-5.543058777729602,3.489047505369751,0.6971963856097944,-0.003961539291206531,-0.0024814075274563335,0.010017482836866154,-55.1893120339694,15.905266402396911,655.7914559326631,0.7211383544688432,-0.6659096050024778,0.09619403867531172,13.726481199264526,1790364346.6648645,0.8,0.8
-5.492883399079866,3.309373964064538,0.48803492832697076,0.0011366923304824278,-1.452125929465864e-05,0.014622337143418589,-54.29701967106508,14.350504771543932,647.7154311025836,0.7564970389920496,-0.6818621492445102,0.10606158279869209,13.735597372055054,1790364346.6739807,0.8,0.8
-5.246584932351389,2.7477525974043466,0.5990407794966068,0.0049192512592347165,-0.000836816681355268,0.020049486835595445,-53.13854902685852,12.412147502751305,641.5583868194637,0.7186714694809047,-0.6742970251248175,0.08797108517174325,13.747913122177124,1790364346.6862965,0.8,0.8
-4.816766467293358,2.062369945662458,0.9587818434493933,0.0024523650029321387,0.0019589877509610526,0.011990991827898256,-51.707522340103814,10.06793166741373,637.9479654623276,0.748274089152852,-0.6848224152271223,0.10014105633522093,13.756479263305664,1790364346.6948626,0.8,0.8
-4.275946803712275,1.5122862286642864,1.4566130290138462,0.01083977825025411,0.0006433150778790003,0.015938009798672763,-50.10535452812611,7.471601005776984,637.071214041809,0.7443270732194227,-0.6922230802397588,0.10869292788343546,13.765904664993286,1790364346.704288,0.8,0.8
-3.7330156540764263,1.2663378266260314,1.9865901104690493,-0.005277211971894319,-0.003961539291206531,0.007221678426448289,-48.53267341201339,4.8437691867952175,638.7364048159224,0.7412023522672017,-0.6863025482232328,0.08813554424241807,13.776439905166626,1790364346.7148232,0.8,0.8
-3.2820963184763294,1.36010115951293,2.4186634174205426,0.0021234468349777408,-0.001823571188698997,0.028436899940599863,-47.21485814750092,2.372442759855061,642.519037786039,0.7527144820697134,-0.7017617152635446,0.08270839489709834,13.786704063415527,1790364346.7250874,0.8,0.8
-2.974603584259851,1.6785038792686742,2.5943042133431815,-0.006757343739693791,-0.0016591121040756968,0.014622337143418589,-46.290753173949156,0.1547650500060642,647.866526804755,0.7237696984528772,-0.690578488007792,0.08846446238369367,13.796553373336792,1790364346.7349367,0.8,0.8
-2.8294589474474203,1.9922892784970985,2.4287092462467306,0.014457878061394425,0.0014656104987529062,0.019556109592023405,-45.80134292239523,-1.8244308087743923,654.1245748219144,0.7459716631925264,-0.706366573598865,0.10293686050246645,13.806394338607788,1790364346.7447777,0.8,0.8
-2.835845804982229,2.074530178705523,2.0274106858919008,-0.0014946530194787921,0.003274660422357384,0.0037680376736967253,-45.75446354575375,-3.6428065050443426,660.562737465091,0.7219606494641969,-0.6960056423883519,0.08402406746813494,13.815994024276733,1790364346.7543774,0.8,0.8
-2.9332103194649033,1.817567031130561,1.6109119093327553,-0.005770589227589051,-0.00823747550964031,0.016266927962225543,-46.14154574561098,-5.367420048640866,666.5215177035719,0.7574837929707593,-0.7121226465620875,0.09849646564530612,13.826077461242676,1790364346.7644608,0.8,0.8
-3.022878149936379,1.2713984465913706,1.3292901123860992,0.031232704293984295,0.012648828157405347,0.005083710342777853,-46.91248846570407,-7.059724431760363,671.6257480536505,0.7407089752743463,-0.7078467066418692,0.08089934510933258,13.836757898330688,1790364346.7751412,0.8,0.8
-3.0242140328458884,0.5955812010357362,1.2498794274182052,-0.0021524893580248255,-0.0080730164239846,0.016924764289018353,-47.96630874729551,-8.827296477352053,675.821088290174,0.7142310764954922,-0.703899685201051,0.07925475439057583,13.846361875534058,1790364346.7847452,0.8,0.8
-2.91135515498113,-0.018020824987121993,1.4346217401404369,0.021694077645813277,0.00903072833993649,-0.018762857046937906,-49.15257324071816,-10.804054624782045,679.1678239157205,0.7365975003296337,-0.7122871057903288,0.07613003201808866,13.855496883392334,1790364346.7938802,0.8,0.8
-2.684442219304324,-0.3872204677539389,1.9025899471870114,-0.010210984539579554,-0.010046525453605196,0.00820843292510788,-50.298942252195786,-13.081050333876455,681.6977519060516,0.7004165204816886,-0.7019261744892673,0.08073488603756865,13.865649938583374,1790364346.8040333,0.8,0.8
-2.339207475169035,-0.38037582965944117,2.5786661343427313,0.026463390980776207,0.006563842093483832,0.007221678426448289,-51.28081696661336,-15.675133284518132,683.5038862947999,0.7527144820697134,-0.7244570887916305,0.08961567587738117,13.875799655914307,1790364346.814183,0.8,0.8
-1.900422928759235,0.007990612476316652,3.3595611205062035,0.020542864078933562,-0.0014946530194787921,0.009359646505684487,-52.07887455426912,-18.528073987164003,684.8720494880673,0.7132443224974852,-0.7121226465620875,0.07580111387309355,13.886403560638428,1790364346.824787,0.8,0.8
-1.452042805536456,0.6311418494380459,4.222709457921774,0.02284529121142099,-0.0003434394280397435,0.0067283011767643175,-52.76778239658954,-21.52475320972021,686.2081240211891,0.7097906835008685,-0.7180431788040513,0.07974813160646366,13.895956993103027,1790364346.8343403,0.8,0.8
-1.1270766665044885,1.2751209768688812,5.191975953178702,0.0075505965927730595,-0.006428425568886217,0.038468903762308375,-53.452096285463185,-24.56565811796612,687.7851681600318,0.711599732499794,-0.7228124964812848,0.06067087909515978,13.905481815338135,1790364346.8438652,0.8,0.8
-1.0674390083978762,1.7806086778298056,6.193303676067926,0.01297774632200207,0.0024523650029321387,-0.013500166264651114,-54.199193800735486,-27.681516662599673,689.6944874688083,0.7227829444592386,-0.7326800504038948,0.061328715394271635,13.917091369628906,1790364346.8554747,0.8,0.8
-1.312729255365865,2.1206851147462027,7.054474380229662,0.024818800178077922,0.004754792175665309,0.004425874008447628,-55.00721377934409,-31.067410242147034,692.0804775971776,0.7444915322167872,-0.7450144930121336,0.06626248762477406,13.92616891860962,1790364346.8645523,0.8,0.8
-1.7232632739902196,2.3855059846966937,7.677155936877643,0.02909473625971426,0.007879514758992928,0.0026168240868698345,-55.84114622949651,-34.942492684158374,695.2324535143745,0.7071593394996823,-0.7387650420620903,0.06576911040274186,13.936136722564697,1790364346.87452,0.8,0.8
-2.0797836968977323,2.6776410323698805,8.138614741283176,0.02300975029211831,0.005083710342777853,0.0024523650029321387,-56.69882028523506,-39.34205434803522,699.3438100691623,0.7252498294424946,-0.7487970554578126,0.06215101076759455,13.946666955947876,1790364346.8850503,0.8,0.8
-2.2470641509089204,3.046308064626475,8.602351939739776,0.015444632553148069,0.007057219343246532,0.010346401002299867,-57.61851187109368,-44.06656475639371,704.2867865926465,0.7099551425008344,-0.748303677746284,0.04225146255552571,13.95610523223877,1790364346.8944886,0.8,0.8
-2.241273699517688,3.522565806290501,9.21297264304837,0.04406051240836854,0.02136515948397749,0.002287905918968103,-58.631276470722945,-48.85375151982665,709.7137350166577,0.7356107463417694,-0.7614604168462342,0.048994284718615375,13.96666932106018,1790364346.9050527,0.8,0.8
-2.178991095039461,4.177666564885117,10.140140776448225,0.035344181270727505,0.02300975029211831,-0.006592884654276751,-59.73593881521101,-53.568658568087585,715.279234974119,0.708639470500751,-0.7542242103088718,0.04784307118160839,13.975733995437622,1790364346.9141173,0.8,0.8
-2.170772878673474,5.149375284031485,11.619288031712003,0.048500907488622194,0.02942365441911654,0.0009722332463076439,-60.90854650056622,-58.18909593713172,720.6670627697716,0.6941670784456513,-0.7540597510703073,0.048994284718615375,13.986647129058838,1790364346.9250305,0.8,0.8
-2.2552047410391647,6.587858945576395,13.921906389965674,0.10392361491275129,0.07678786830777996,-0.014815838957661642,-62.10177479476442,-62.65050907309503,725.4940808607187,0.7032123234917689,-0.7542242103088718,0.035344181270727505,13.99694275856018,1790364346.935326,0.8,0.8
-2.380902777722861,8.471090972099622,17.624690309639213,0.20605269175761043,0.16641805913854002,0.005083710342777853,-63.24260488272507,-66.81362378216289,729.3347880077446,0.6849573743582211,-0.749125973932369,0.03452188587666529,14.006694793701172,1790364346.9450781,0.8,0.8
-2.4086859909402554,10.40043198417554,24.319008771714813,0.36508458676015904,0.29601179090817764,0.011990991827898256,-64.24233159322355,-70.6257639554512,731.8385000095843,0.6976207174678799,-0.7453434114848154,0.011333155497972841,14.015527486801147,1790364346.9539108,0.8,0.8
-2.175193362030685,11.720267059797502,37.010092155424516,0.39764747503485964,0.33548196039814493,-0.005112752886715699,-64.97445668261376,-74.24960736154134,732.7207204303495,0.6226274116504175,-0.7140961573036303,-0.0019880302733486926,14.0261070728302,1790364346.9644904,0.8,0.8
-1.6231151277909242,12.11132489389187,59.16934449075494,0.4423803304626453,0.37034727582500915,-0.022874334239644994,-65.21975403559688,-77.95138145700825,731.5655848521927,0.6270678048384658,-0.694196590923359,-0.01037544362558046,14.036637783050537,1790364346.9750211,0.8,0.8
-0.9090681376714229,12.065727084318025,92.72003499976132,0.4517544948495584,0.3913980318883092,-0.0026458666122117364,-64.6732176826404,-81.84403205798581,727.640926605262,0.5663824303390134,-0.6548908375456226,-0.01744718434880342,14.046038627624512,1790364346.984422,0.8,0.8
-0.3986893393047139,12.575429829009284,136.6551595657133,0.5075061029309229,0.42231632929833934,0.028601359020417202,-63.04195995589617,-85.75483371417556,719.9115627441746,0.5369442668920401,-0.6129537391153117,-0.041787129542738985,14.05679440498352,1790364346.9951777,0.8,0.8
-0.4949870199027523,14.383166337334233,187.36791565401424,0.5622709550274706,0.46260879038371105,-0.03274187957061962,-60.12979243914199,-89.32985220335897,707.1781990722006,0.48481075828562403,-0.5619713874984613,-0.06349572981229476,14.06647801399231,1790364347.0048614,0.8,0.8
-1.283848215682028,17.634627558031376,240.11744378918422,0.5573371846407786,0.4751076760560642,-0.08520433056272828,-55.85797092960034,-92.25294402038182,688.2575000233389,0.42132957513575603,-0.5029305396018251,-0.06069992520530068,14.076951742172241,1790364347.015335,0.8,0.8
-2.249109625939251,22.09977982724241,290.47817034415874,0.6265744278180879,0.5292146931650554,-0.12253654663525687,-50.2822675392321,-94.3597582068201,662.1872932654746,0.3775834732570104,-0.4386270030235906,-0.06645599352251177,14.085877418518066,1790364347.0242608,0.8,0.8
-2.459926888657243,27.514213991423492,335.3234447895853,0.6448293774869435,0.5520744962127764,-0.11595818246319925,-43.622470773794475,-95.54467366295172,628.4038571004254,0.30226123448900744,-0.3675806465406144,-0.06514032076131018,14.096400737762451,1790364347.034784,0.8,0.8
-1.118740038898996,33.693780923663184,373.32512031850644,0.6813392763125796,0.5829927904996562,-0.13832462083615957,-36.25256646005204,-95.58270257990594,586.8182054304714,0.24601624117182974,-0.29275173615641886,-0.06990963452909119,14.105706930160522,1790364347.0440903,0.8,0.8
2.05458878949325,40.4289796033955,404.80609332508294,0.7249209114448889,0.5999320685240284,-0.12385221947517894,-28.62307033598466,-94.07676674110341,537.7954214239384,0.18565976891566158,-0.22877713452254178,-0.06102884339394535,14.117186069488525,1790364347.0555694,0.8,0.8
6.806892457816913,47.34480488246472,431.0649297121772,0.7111063555002395,0.6211472805854054,-0.16726942423489374,-21.158108644399846,-90.60555251099464,482.1942776251608,0.15424808868869705,-0.1749990025696178,-0.047543197749591676,14.126022338867188,1790364347.0644057,0.8,0.8
12.548840631601394,53.89406472075555,453.665252519788,0.7982696237270425,0.6685114740987834,-0.13947583459040983,-14.204043045952387,-84.92157646751377,421.4897078321416,0.09816754750702948,-0.12319438305498795,-0.041951588633900624,14.136560201644897,1790364347.0749435,0.8,0.8
18.570720007694245,59.48277613257123,474.1580550733928,0.8063281143996035,0.7041990774944393,-0.1509879722114094,-8.032977790313213,-77.01949082299018,357.77659936709557,0.07103180075945065,-0.08816459433908339,-0.029288238693754146,14.145773887634277,1790364347.0841572,0.8,0.8
24.193876579378003,63.63577747198118,494.17383481662296,0.8735918416845532,0.7518921870857656,-0.15756633663061684,-2.870464078033963,-67.10970201875315,293.62809806612853,0.06379560151235217,-0.06990963452909119,-0.012184493573345348,14.156346559524536,1790364347.09473,0.8,0.8
28.90938004711298,66.15176406724953,515.3313587208979,0.8735918416845532,0.7627464808500516,-0.161019977969524,1.079516493994945,-55.63703670410544,231.92342215080757,0.03682431297842085,-0.04606306592178472,-0.021887579711868582,14.16587209701538,1790364347.1042554,0.8,0.8
32.47247809628513,67.15250035524183,538.7961630333486,0.9198048171913541,0.7938292308961867,-0.13914691637476448,3.688673730548001,-43.32902702021699,175.568294127266,0.05162562994138176,-0.03816902954405403,-0.01432246169758282,14.17641305923462,1790364347.1147964,0.8,0.8
34.90101853381085,66.9592100456753,564.8722062288059,0.9334549130252744,0.8186625388480329,-0.1981877379693291,4.9978138484573,-31.134429549431736,127.00772811910095,-0.009553148195841563,-0.01053990271160797,0.005741546676687609,14.185542583465576,1790364347.123926,0.8,0.8
36.48577350781832,65.92272109548828,592.928786201372,0.9349350438953148,0.8194848338091215,-0.20377934801334885,5.2074964807057125,-19.99025916290515,87.66303020503203,0.021036241322037838,-0.006428425568886217,0.003110201338524965,14.196114778518677,1790364347.1344981,0.8,0.8
37.78027573644579,64.34770061853402,621.6104346770459,0.9594394326467478,0.8374108638956113,-0.21282459962935302,4.587435012173942,-10.566124999413152,57.65938879246087,-0.013006789005211766,0.0034391195061634766,0.0024523650029321387,14.206687450408936,1790364347.1450708,0.8,0.8
39.40363329585908,62.47304699343656,649.199760155244,0.9418423212798887,0.8321481761766283,-0.1967076059047001,3.4012938111137916,-3.2157134719699614,36.07885395731673,0.020542864078933562,-0.007744098252752754,-0.009553148195841563,14.216625452041626,1790364347.1550088,0.8,0.8
41.739800469090724,60.45232782615675,674.0336626538048,0.9577948428032779,0.8397132897693547,-0.19884557444328227,1.879672816369918,1.8744400655918076,21.470940751636647,-0.008401934595322555,0.0037680376736967253,-0.0062639664835221764,14.2262544631958,1790364347.1646378,0.8,0.8
44.78209872788024,58.36244070658137,694.8398282237902,0.9464471728614988,0.8344506020549834,-0.20147692034392967,0.250262769570801,4.606571315708048,12.251015469919388,0.009853023754110027,-0.0036326211212991677,-0.002974784781801798,14.236881256103516,1790364347.1752646,0.8,0.8
48.227844318780804,56.24742505501869,710.9085741269141,0.9441447470714985,0.8364241099491058,-0.21331797699287225,-1.232494643893568,5.122653160282759,6.942546187781961,0.008372892008126027,-0.0005078985124518653,-0.005935048312873614,14.246447086334229,1790364347.1848304,0.8,0.8
51.66606551285359,54.15735022371636,722.0520614207006,0.9252319637347926,0.8109329662007606,-0.15115243132131775,-2.341810050288497,3.981348108749338,4.309948087588759,-0.006757343739693791,0.003603578589943257,0.012155450910314239,14.255664110183716,1790364347.1940475,0.8,0.8
54.64353007747708,52.15226322885066,728.4039792449158,0.8964516410466704,0.8005720496361718,-0.1845376312434997,-2.9878393379895885,2.045475561378502,3.3799616433962036,0.035837558506856444,-0.010046525453605196,-0.01037544362558046,14.265818119049072,1790364347.2042015,0.8,0.8
56.69670424717645,50.30388031436439,730.2470885869463,0.8967805590217961,0.7907045100103653,-0.16628266955857765,-3.238701128255372,0.09589465287142189,3.429017425178529,-0.023532170592032234,0.006563842093483832,-0.011526657228331239,14.276281118392944,1790364347.2146645,0.8,0.8
57.51227307221792,48.711783175103335,727.9878482558922,0.8558302708299503,0.7699826766645337,-0.17680805282764642,-3.213303629015516,-1.4576301454764435,3.9228202197037505,0.00903072833993649,-0.0026458666122117364,-0.0031392438666364847,14.286699295043945,1790364347.2250826,0.8,0.8
57.08121210850531,47.47035758363451,722.1681609128481,0.8485940752636761,0.7579771699599548,-0.17286103408749642,-2.9988628112553384,-2.523474201951831,4.454976801813035,0.011826532745456128,-0.005935048312873614,0.006234923926844119,14.295538425445557,1790364347.2339218,0.8,0.8
55.67285699522155,46.58225851828642,713.4181826965294,0.8224450956668469,0.7415312702623778,-0.14671203536406108,-2.6771709636280736,-3.0943265761552574,4.819437995078937,0.002781283170781204,-0.001165734850364225,0.002781283170781204,14.305798530578613,1790364347.2441819,0.8,0.8
53.664365326258896,45.903318605744964,702.458472162755,0.8234318496186612,0.7380776313106064,-0.14950784022355157,-2.3641272932600352,-3.1267769739092053,5.009721202572514,0.013800041733036728,-0.001823571188698997,-0.0080730164239846,14.316339015960693,1790364347.2547224,0.8,0.8
51.399497716843506,45.181362353755816,690.1654154088112,0.8035323115161787,0.7252498294424946,-0.15625066374301755,-2.1795324307114123,-2.63625443672744,5.058392152498641,-0.009224230024131946,0.0017945286669180244,0.001301151414630844,14.327388286590576,1790364347.2657716,0.8,0.8
49.18292693623653,44.17951666535837,677.5355310229921,0.7887310020804029,0.71571120749165,-0.15460607263616272,-2.1798185236071603,-1.8402377136499075,4.963888856800943,0.019720568673240083,-0.0034681620363851695,-0.013006789005211766,14.336888790130615,1790364347.2752721,0.8,0.8
47.310551302946756,42.78976342648356,665.5050969672361,0.7921846409567819,0.7122575684990226,-0.16299348731187654,-2.3170244050262294,-1.1091605451602546,4.744220735100334,-0.013993543524330215,0.0014656104987529062,-0.0006723575968903689,14.346440553665161,1790364347.284824,0.8,0.8
46.04429105384803,41.042578631305474,654.7966483776127,0.78445506822661,0.7101196015007875,-0.16003322329993974,-2.470028310624913,-0.7103246714616823,4.478461048326441,0.018404896022778477,-0.006428425568886217,0.010017482836866154,14.35592269897461,1790364347.294306,0.8,0.8
45.55392447314104,39.03165034030107,645.8742300036939,0.7719561846100415,0.7046924544956013,-0.14194272121145676,-2.5499319052372464,-0.6204459874162256,4.294658301281815,0.003603578589943257,-0.001165734850364225,0.000807774162106506,14.366500854492188,1790364347.3048842,0.8,0.8
45.842979010444324,36.8281195526623,638.9399589458956,0.7842906092320814,0.7158756664911601,-0.14013367102204924,-2.5603815836318673,-0.6260210754322322,4.304942577888371,-0.006428425568886217,0.00409695584112478,-0.013500166264651114,14.375643253326416,1790364347.3140266,0.8,0.8
46.72789049507747,34.43818406135762,634.0176584196763,0.7747519875300044,0.7264010424337234,-0.1592109277427629,-2.530505921567065,-0.5751468906314212,4.480084123360647,-0.0013301939349083108,0.0034391195061634766,-0.015802593478539254,14.38786792755127,1790364347.3262513,0.8,0.8
47.92934367120678,31.833073562763147,631.0921892185618,0.764226611813939,0.7201516004740058,-0.13289747029955543,-2.443079695310692,-0.5200415202046863,4.633056824393503,0.012648828157405347,-0.006592884654276751,0.0014656104987529062,14.396464586257935,1790364347.334848,0.8,0.8
49.17650931323234,28.997763993166597,630.1353005862325,0.7790279214011878,0.7388999262996094,-0.14177826210318334,-2.2780542399142614,-0.6316487688147362,4.600280211263221,0.0019589877509610526,-0.0024814075274563335,0.009688564671327705,14.40550446510315,1790364347.3438878,0.8,0.8
50.24831365441631,25.93294066474936,631.0491106373654,0.767351332734599,0.7357752053397772,-0.11053103205571885,-2.09188911793278,-0.9581219983768556,4.371245191856091,-0.0046193756313386986,-0.0005078985124518653,0.011990991827898256,14.415753602981567,1790364347.354137,0.8,0.8
50.979839659135656,22.643165094251703,633.6323410710515,0.7831393962700647,0.7535367770533639,-0.10970873654214458,-1.9944043112867031,-1.2956010625615235,4.053659253395505,0.010510860084977452,-0.0016591121040756968,-0.010046525453605196,14.426266431808472,1790364347.3646498,0.8,0.8
51.260578996445155,19.158540125570006,637.6045879489011,0.7829749372754456,0.762417562857948,-0.11546480515214264,-2.0357333721105113,-1.372490014262323,3.8044550144058307,-0.003797080206239617,0.0021234468349777408,-0.015144757131180839,14.437239646911621,1790364347.375623,0.8,0.8
51.07278310939135,15.583585477800554,642.6731425597303,0.7515632690921029,0.764226611813939,-0.12582572873851372,-2.148260724324257,-1.1610758048792396,3.7592450399671575,0.01676030520735923,-0.005770589227589051,-0.007744098252752754,14.446768999099731,1790364347.3851523,0.8,0.8
50.536980974803576,12.092621216377614,648.5627290227462,0.7974473287589734,0.7828104782808153,-0.08191514859964577,-2.2155723946940955,-0.9363671215286447,3.9750086577082526,0.0101819419195961,-0.0005078985124518653,-0.004454916546265966,14.456493139266968,1790364347.3948765,0.8,0.8
49.853900500386196,8.800803737490279,655.0612745016209,0.7675157917303069,0.7834683142592688,-0.10148578144550724,-2.1794423106172545,-0.9839373612872117,4.388602386797961,-0.014980298044407911,0.0034391195061634766,0.011662073662987854,14.465706825256348,1790364347.4040902,0.8,0.8
49.19774052983066,5.629891629528603,662.0585032034943,0.7949804438531093,0.7910334279985359,-0.08175068950178535,-2.086871028087843,-1.2803401188754697,4.786047633681317,0.018404896022778477,-0.004948293801563558,0.0075505965927730595,14.477246522903442,1790364347.4156299,0.8,0.8
48.67038755425885,2.336519721012127,669.4228580353847,0.7578127109635681,0.7760676594911918,-0.07517232561025411,-2.050765329679289,-1.5272797578038608,4.936535339115603,-0.0041259983761998825,-0.0006723575968903689,-0.0036326211212991677,14.486908912658691,1790364347.4252923,0.8,0.8
48.29928533439936,-1.3313278404365945,676.8378066744169,0.7755742825058325,0.7902111330280257,-0.07895488484243213,-2.146984919524135,-1.494572460600272,4.811525060844534,0.02021394591673413,-0.005935048312873614,-0.01432246169758282,14.496681690216064,1790364347.435065,0.8,0.8
48.06088988675421,-5.524442325941784,683.8284611273932,0.77508090552037,0.7828104782808153,-0.04162267045160453,-2.336485517410736,-1.2529088076101111,4.579688187521278,-0.015144757131180839,0.0029457422546662476,-0.00938868910997348,14.505976438522339,1790364347.4443598,0.8,0.8
47.93080908653125,-10.29670292226859,689.9417914795481,0.7449849092088086,0.7829749372754456,-0.10000564953564545,-2.491533349173374,-1.0492657545247839,4.421467106736339,0.01922719142951205,-0.003961539291206531,0.00409695584112478,14.516999244689941,1790364347.4553826,0.8,0.8
47.95846667629898,-15.606042064887387,694.8499225761025,0.7573193339743371,0.7851129042046118,-0.07566570290057223,-2.5078449806413143,-1.0166968986840745,4.406368357041011,-0.01695380708744383,0.0021234468349777408,0.005248169426294705,14.525733232498169,1790364347.4641166,0.8,0.8
48.303458111235834,-21.298439864849566,698.3656595341117,0.7532078590599394,0.7849484452101282,-0.06925179814594393,-2.402461982796275,-1.0515587438888152,4.474884505854971,0.0073861375096237886,-0.0031392438666364847,0.0017945286669180244,14.53663420677185,1790364347.4750175,0.8,0.8
49.135002211558984,-27.17288383870642,700.5233008341884,0.7587994649417115,0.7903755920221501,-0.06974517543326281,-2.296397494638297,-0.9757498501964897,4.513614284178777,0.02498325925846425,-0.00889531185252855,-0.009059770938316974,14.547203779220581,1790364347.4855871,0.8,0.8
50.4921983397722,-33.05536961942177,701.616377696383,0.7229474034582096,0.781494806323365,-0.05428602054872082,-2.2937695367461384,-0.7873155236570005,4.510083254579352,-0.0034681620363851695,-0.0003434394280397435,-0.004783834716437896,14.556731939315796,1790364347.4951153,0.8,0.8
52.252889799119835,-38.80828425949132,702.0892192201584,0.7587994649417115,0.8053413604411069,-0.05658844785653072,-2.3897216591807613,-0.6809196432508073,4.567596362487764,0.011333155497972841,-0.0013301939349083108,-0.006592884654276751,14.56642460823059,1790364347.504808,0.8,0.8
54.19026161488801,-44.327096563837976,702.4621980318793,0.732979402371978,0.8007365086295986,-0.0404714568144241,-2.5022837149036934,-0.8092135408730009,4.721405161642474,-0.015802593478539254,0.0037680376736967253,0.006234923926844119,14.575614213943481,1790364347.5139976,0.8,0.8
56.04240815314765,-49.54417354001254,703.3189645043774,0.7629109398460858,0.8188269978402718,-0.029781615961149727,-2.5573540904699854,-1.09145813227929,4.874580754163769,0.03238391784909416,-0.015473675304806686,-0.016460429826324577,14.585827827453613,1790364347.5242112,0.8,0.8
57.57031435344155,-54.44067603620808,705.174297409776,0.7392288442951255,0.8143866050460808,-0.031919584122667696,-2.506293841841555,-1.2763789555125704,5.041951888020586,0.03600201758551472,-0.02435446603311997,0.0021234468349777408,14.596389055252075,1790364347.5347724,0.8,0.8
58.62844654404807,-59.04875770735122,708.2484484575064,0.732814943373762,0.8165245719479582,-0.0361955204593951,-2.327331705914895,-1.1888071295710507,5.642926392145973,0.06445343780955086,-0.04606306592178472,-0.010046525453605196,14.607520341873169,1790364347.5459037,0.8,0.8
59.22327520211391,-63.41123060611471,712.3259561066208,0.7229474034582096,0.8140576870610161,-0.01892731613432501,-2.103342648869065,-1.050887644646279,7.473009136229324,0.09586512053634888,-0.07994163942716484,-0.03635997954963438,14.616820573806763,1790364347.555204,0.8,0.8
59.46820192854203,-67.54813220888515,716.7930230451809,0.702883405490776,0.8002431316492852,0.0037680376736967253,-2.0273141164024997,-1.6488326162999238,11.509199702415044,0.16576022290126402,-0.13552881601033057,-0.05181913415345987,14.62607455253601,1790364347.564458,0.8,0.8
59.43638331594675,-71.46575895327008,720.7943461547201,0.7000876024802579,0.7953093618407017,0.0037680376736967253,-2.195404468482445,-3.9474756515130016,19.037234945108523,0.3076883828377392,-0.23321753088441666,-0.062015597960540625,14.636589765548706,1790364347.574973,0.8,0.8
59.04095393552756,-75.1796027048951,723.3696827302064,0.6617686549535281,0.7594573009269047,0.054421434233451194,-2.3900215590781584,-8.22301863542284,32.060262443275164,0.4180403945890574,-0.3320574706559655,-0.03224850230176747,14.6471586227417,1790364347.585542,0.8,0.8
58.03098071658605,-78.73582006823777,723.4862978883406,0.6272322638452298,0.7344595333553715,0.04307375794356475,-2.1287840800383884,-13.429111916331246,53.32810446788681,0.5527323322671568,-0.4274437798195076,-0.03175512503315832,14.656686305999756,1790364347.5950696,0.8,0.8
56.10659051232187,-82.19171347803002,719.9997314137473,0.583321708521067,0.6879176363908108,0.05902628834561501,-0.9331404332899526,-17.399368715948572,85.5246252496599,0.5884199378451979,-0.4784261222097729,-0.025012302386473367,14.666234493255615,1790364347.6046178,0.8,0.8
53.08050644131724,-85.54997649606725,711.6843354572774,0.5476341028391043,0.6389088532890872,0.06675586484658035,1.4240947908193684,-17.77516434967458,129.97705812256297,0.7032123234917689,-0.5346711619788945,0.008537351091117959,14.67701506614685,1790364347.6153984,0.8,0.8
48.94805414708043,-88.71405230001123,697.3690576937332,0.48398846318373484,0.5709872826764574,0.0795836725345259,4.765713077796991,-13.037494418203359,185.76473336199152,0.7203160594731767,-0.5621358466914289,0.05244792532216299,14.6869215965271,1790364347.625305,0.8,0.8
43.839626629514974,-91.47856339167008,676.0169546284314,0.4073505577615077,0.48925115182847034,0.09076688936986069,8.431670202699125,-3.0823791224504333,249.6483772679747,0.7364330413316867,-0.5650961121712097,0.08978013494780931,14.695475816726685,1790364347.6338592,0.8,0.8
37.9343496817389,-93.5308244182376,646.6991101283944,0.33910005920997943,0.4080083938762253,0.09981213819743368,11.368302870540903,10.83336093752141,316.56207640355024,0.7487674661440444,-0.5683852960517882,0.1098441413560549,14.705952167510986,1790364347.6443355,0.8,0.8
31.408242227206408,-94.46226998939143,608.653490872401,0.2621332278141867,0.3269300904408718,0.0756366548005586,12.428915214495762,26.6103910180669,380.5214744846049,0.73363723836472,-0.5685497552462088,0.17941032474902083,14.71650505065918,1790364347.6548884,0.8,0.8
24.458613518404604,-93.78149984051862,561.5439078366793,0.20917741377537558,0.250127717375736,0.08862892145429446,10.72630017265773,42.080779546704875,435.9993657993218,0.8079727043295623,-0.6075265853832967,0.22019617030008518,14.727168321609497,1790364347.6655517,0.8,0.8
17.333535713422894,-90.95896410029724,505.79821930718293,0.1435582496743425,0.18549530985906737,0.06807153743695991,5.877944779178952,55.75092822671867,479.4189078596484,0.7833038552646724,-0.6154206271890529,0.21444010347127787,14.736710786819458,1790364347.6750941,0.8,0.8
10.318151994841527,-85.54554771779421,442.8666692878114,0.12892139301575783,0.1448739221737836,0.044389430563098874,-1.8580605045309633,67.06492690711667,510.0425290201558,0.8915178714153887,-0.6728168921546265,0.22184076081761397,14.746302843093872,1790364347.6846862,0.8,0.8
3.7400894599544676,-77.32610128364642,375.2937754379301,0.0718540961253703,0.09454944797951592,0.0452117259494781,-11.584112117703542,76.06776421208222,529.9348400277244,0.9235873738741359,-0.7149184534476444,0.21115092241401567,14.755799293518066,1790364347.6941826,0.8,0.8
-2.0200814082188985,-66.45722182900869,306.472931432406,0.05787507481943201,0.07382760500102879,0.02761460454112568,-21.96454622733734,82.94156333692774,543.171904110031,0.9661822509967309,-0.749125973932369,0.21115092241401567,14.766799449920654,1790364347.7051828,0.8,0.8
-6.556079068977397,-53.54949881432667,240.1379209234275,0.06067087909515978,0.0614931744689866,0.004425874008447628,-31.54752595775236,87.8927576824569,554.506475718206,1.0212760102146499,-0.7876094365885028,0.20144783824299226,14.77630615234375,1790364347.7146895,0.8,0.8
-9.524151418203322,-39.627478090869886,179.80423492332426,0.0001499378250383182,0.023338668453435164,0.035344181270727505,-39.096546861578645,91.2834766786287,567.9560008654178,0.982957067323286,-0.7871160588478384,0.2183871207282461,14.78551697731018,1790364347.7239003,0.8,0.8
-10.816537487184675,-25.957912134818024,128.19874775410835,0.04455388964042575,0.041264708089035214,0.014622337143418589,-43.89177211713402,93.60954578618984,585.8540444699831,1.0834415047898367,-0.8185277757525988,0.20210567446044472,14.796275615692139,1790364347.734659,0.8,0.8
-10.670397388563448,-13.799843193270084,86.85295457061213,0.006070464843484877,0.005577087593249583,0.03205499969062016,-45.905907664191986,95.2357405012383,608.5447223392512,0.9785166747739532,-0.7930365917604973,0.20687498702622692,14.806083917617798,1790364347.7444673,0.8,0.8
-9.569717927075722,-4.131507298283128,56.04746359502897,0.020707323159994295,0.016431387043962832,0.01231990999270409,-45.75269006392665,96.17250516275787,634.5710004485164,1.0599238707008811,-0.8106337315699983,0.22101846555912613,14.816921710968018,1790364347.755305,0.8,0.8
-8.03909560942131,2.551258565405458,34.915966763990156,-0.006592884654276751,-0.005606130142330995,0.021200700403020648,-44.446760130106725,96.14877366412516,661.205853872778,0.9655244150607271,-0.7874449773415731,0.23055709052368167,14.82705807685852,1790364347.7654414,0.8,0.8
-6.483926193349625,6.266823654114182,21.659830859639662,0.006563842093483832,-0.0010012757658465488,0.01741814153383941,-43.07930137181508,94.9318399032734,685.3042048148014,1.022920600029853,-0.798134828478519,0.2409180106601937,14.83677625656128,1790364347.7751596,0.8,0.8
-5.156437716193414,7.435222046522096,14.01659699009383,0.004590333092069618,-0.0028103256969935486,0.020542864078933562,-42.509980531968196,92.611881215233,704.2586487907724,0.9939758191815882,-0.7925432140157169,0.22611669615284985,14.846293210983276,1790364347.7846766,0.8,0.8
-4.193750334446344,6.7403891214349345,9.851366260139336,0.005412628509785272,0.0014656104987529062,-0.001823571188698997,-43.16840447903197,89.57739027926219,716.6735189902238,0.9796678876576396,-0.7844847109039381,0.21690698925838223,14.855601072311401,1790364347.7939844,0.8,0.8
-3.6152852935046518,5.01131598261345,7.573254714614349,0.020707323159994295,0.003274660422357384,0.01478679622541667,-44.99917106036972,86.2243934789226,722.4828838502633,0.9893709676627307,-0.7899118660498795,0.19421163982720935,14.866095066070557,1790364347.8044784,0.8,0.8
-3.3201479181043285,3.0588501554957626,6.215817521193961,-0.010046525453605196,-0.007744098252752754,0.018404896022778477,-47.54453929079222,82.71689808345859,722.615063896856,0.9242452098185016,-0.7678743272525629,0.19750082093070997,14.876586198806763,1790364347.8149695,0.8,0.8
-3.157995733935982,1.4742834088902377,5.248259609990516,0.018569355104177232,0.0029457422546662476,0.005412628509785272,-50.14945764038445,79.02164262329366,718.5501064105747,0.9882197547821198,-0.784320251657797,0.1953628532144634,14.885766744613647,1790364347.82415,0.8,0.8
-3.00817483597772,0.5166897658018403,4.390285976486113,0.0009722332463076439,-0.005606130142330995,0.006563842093483832,-52.21502382367164,75.13074126598383,711.9705926966283,0.8939847562320621,-0.7557043434577927,0.19141583588211436,14.896706104278564,1790364347.8350894,0.8,0.8
-2.8272225128853172,0.15419662740024986,3.5881739904378587,0.021200700403020648,0.002781283170781204,0.030574867976211652,-53.372524180840024,71.19967926120675,704.4368143555146,0.9503941884977796,-0.7624471722892954,0.1792458656915577,14.90664553642273,1790364347.8450289,0.8,0.8
-2.6608548597475736,0.20166870191985053,2.971542641181058,-0.007415180081627032,-0.002316948442727368,-0.0036326211212991677,-53.50606088940739,67.44478506567727,697.0152488447739,0.8485940752636761,-0.7265950588011074,0.15178120277111767,14.916437149047852,1790364347.8548205,0.8,0.8
-2.5673049975826987,0.4689766224537353,2.6720807021940343,0.010346401002299867,-0.0041259983761998825,0.010510860084977452,-52.68302164781429,63.93207333772756,690.1011638798641,0.9188180632733531,-0.7484681369834195,0.16970724031936213,14.926120281219482,1790364347.8645036,0.8,0.8
-2.5316162647435254,0.8288910927516479,2.6949550010569534,0.024654341097665705,0.005741546676687609,-1.452125929465864e-05,-51.114314136588156,60.50876906748913,683.6379513918075,0.8699737439270572,-0.7287330288174045,0.15523484305425345,14.936183452606201,1790364347.8745668,0.8,0.8
-2.487250391698486,1.1828014206041455,2.979923082025774,0.0073861375096237886,-0.0046193756313386986,0.0017945286669180244,-49.14032460794436,56.94973413527436,677.4632833557167,0.848100698292543,-0.7193588526426673,0.1595107786286094,14.945809602737427,1790364347.884193,0.8,0.8
-2.3727175480086675,1.4365627690452987,3.474776521924634,0.021200700403020648,0.002781283170781204,-0.001165734850364225,-47.14622736159282,53.16527069434083,671.4413210593043,0.8783611523578173,-0.7274173549604143,0.14125582279668297,14.9563570022583,1790364347.8947403,0.8,0.8
-2.150937689599469,1.5429764884946637,4.1172095639776565,0.010510860084977452,-0.0033037029514975946,0.0075505965927730595,-45.44613135109473,49.254584582386684,665.4723468995214,0.7852773631990839,-0.6999526637832264,0.14701188998215603,14.966857194900513,1790364347.9052405,0.8,0.8
-1.814467710860789,1.5416237962788204,4.841101142247545,0.016266927962225543,0.0037680376736967253,-0.012677870832385335,-44.22995993742947,45.37380009075019,659.5115554986802,0.8795123652777529,-0.7311999173062314,0.130237065532104,14.976396560668945,1790364347.91478,0.8,0.8
-1.3908096431852452,1.5389622563702117,5.599282359734614,0.020049486835595445,-0.005277211971894319,0.023503127534054695,-43.540619143287394,41.58072423435565,653.6842060340141,0.8161956539631716,-0.7149184534476444,0.12004060349033707,14.986831665039062,1790364347.925215,0.8,0.8
-0.9583230815555543,1.6215915687508957,6.340640047899442,0.02136515948397749,0.0016300695828486422,-0.001823571188698997,-43.25403980803714,37.82549970484339,648.431776649882,0.840371125732913,-0.7264305995693672,0.14240703623609186,14.996327877044678,1790364347.9347112,0.8,0.8
-0.6341659619122189,1.7878573187193592,6.978021926286127,0.009524105588519197,-0.0028103256969935486,0.011168696415426088,-43.14659672076168,34.1167846620116,644.3484718295999,0.8278722423971425,-0.7264305995693672,0.13319732868829948,15.005743741989136,1790364347.944127,0.8,0.8
-0.5020803440249318,1.9733682624626991,7.4084223094105095,0.02021394591673413,0.004590333092069618,0.007879514758992928,-43.0329909898296,30.649669955151616,641.8600773411631,0.8326415531507322,-0.7313643765391433,0.1244809982617889,15.01650357246399,1790364347.954887,0.8,0.8
-0.5710393480846008,2.107653959575682,7.595111382200897,0.011662073662987854,-0.001165734850364225,0.016266927962225543,-42.82022885391397,27.691617250730648,641.1232688096871,0.8546790579002427,-0.7412319305879906,0.10606158279869209,15.025741815567017,1790364347.9641252,0.8,0.8
-0.8064626785102346,2.1482475776994407,7.602960694997278,0.011004237332853176,-0.0005078985124518653,0.0029457422546662476,-42.4576584103612,25.331329763117306,642.0940783265354,0.8140576870610161,-0.734489101972158,0.10869292788343546,15.035510301589966,1790364347.9738936,0.8,0.8
-1.162457966341664,2.0962426639549863,7.523182747853681,0.013306664486494299,-0.0016591121040756968,0.022516373049948517,-41.90898439143524,23.380612692322508,644.5633462131444,0.8472784033404529,-0.7499482701194737,0.11115981389473566,15.046895265579224,1790364347.9852786,0.8,0.8
-1.6013825865652134,1.985104984148852,7.39399569791071,0.0101819419195961,-0.002974784781801798,0.02399650477575775,-41.18982386342312,21.54661522234205,648.1534698560391,0.8165245719479582,-0.7427120637079191,0.10359469677608724,15.057125806808472,1790364347.9955091,0.8,0.8
-2.1077111070738885,1.8571684076637927,7.199056087613872,0.021529618564908364,0.002287905918968103,0.022516373049948517,-40.39208549441737,19.66470220922571,652.4196620285884,0.8584616146674603,-0.7642562239387457,0.11461345430139627,15.06689190864563,1790364348.0052752,0.8,0.8
-2.6689723840231445,1.7525996843868712,6.903716446824201,-0.0034681620363851695,-0.0031392438666364847,0.023832045695215992,-39.66070334478029,17.728482544900203,657.0191258423116,0.8300102092877648,-0.7589935282450417,0.10227902422845533,15.07601547241211,1790364348.0143988,0.8,0.8
-3.2522855394777532,1.7009843860194473,6.450266990462993,-0.000836816681355268,-0.0036326211212991677,0.026298931900622838,-39.15427394456299,15.739692458489792,661.731076050833,0.8188269978402718,-0.7593224467246678,0.10195010609130334,15.086561441421509,1790364348.0249448,0.8,0.8
-3.8090283231757183,1.7050627328738017,5.749621074556321,0.002287905918968103,0.0014656104987529062,0.018898273266896665,-38.98945082342093,13.608146010023011,666.3427485973241,0.8459627314165846,-0.7677098680105939,0.08649095353455868,15.095779418945312,1790364348.0341628,0.8,0.8
-4.296148662721353,1.7266766805378684,4.751438894751529,-0.015144757131180839,-0.007908557338355424,0.04817198933516619,-39.18649041071415,11.193004821157373,670.668463388198,0.8050124424548544,-0.7644206831798512,0.1014567288853922,15.106312990188599,1790364348.0446963,0.8,0.8
-4.694109943964433,1.6863085340797737,3.5350313957260324,0.04011349454363222,0.01511571438933454,-0.0003434394280397435,-39.673960638135775,8.391003677964717,674.663809668215,0.8540212219401911,-0.7783997188243081,0.08451744468186503,15.116841793060303,1790364348.0552251,0.8,0.8
-4.979292979191582,1.4980722183201098,2.3477912031999097,-0.016460429826324577,-0.01251341174601206,0.01708922337065142,-40.34784502493642,5.17130799956296,678.4091475514981,0.7953093618407017,-0.7677098680105939,0.08566865817970246,15.125898838043213,1790364348.0642822,0.8,0.8
-5.091225768674962,1.1342114239943895,1.4714456126764488,0.0021234468349777408,0.003603578589943257,0.006234923926844119,-41.12036432415587,1.54984112454054,682.0118895575687,0.8622441714294615,-0.7910630807836231,0.08139272232447545,15.136714458465576,1790364348.0750978,0.8,0.8
-4.969494026630921,0.658315981709196,1.0041126032402712,0.009195187422823596,0.0006433150778790003,0.011826532745456128,-41.93494502252945,-2.4413386889335276,685.5697973022014,0.7928424769326772,-0.7757683709155246,0.0766234092353945,15.146477937698364,1790364348.0848613,0.8,0.8
-4.603456194136749,0.20147087850303344,0.9073947165125654,0.00820843292510788,0.003932496757423909,0.008701810174083675,-42.758897907657236,-6.747397511107979,689.1505099647591,0.8224450956668469,-0.7844847109039381,0.07859691810237746,15.155720233917236,1790364348.0941036,0.8,0.8
-4.044730863742088,-0.08929396611561816,1.1607168827033687,0.0019589877509610526,-0.0016591121040756968,0.014128959897267784,-43.57312238414601,-11.260608632800533,692.7511502091078,0.8212938827225832,-0.7933655102572259,0.06922275095222594,15.166472673416138,1790364348.104856,0.8,0.8
-3.3940220089322763,-0.09975857192390028,1.687549200596848,-0.0021524893580248255,-0.003961539291206531,-0.0016591121040756968,-44.38064180420535,-15.834920543847101,696.3490248145282,0.8130709331055649,-0.7887606513181731,0.07530773665541397,15.175838470458984,1790364348.1142218,0.8,0.8
-2.767063123269248,0.21529042026143902,2.27311443015866,0.015938009798672763,0.004754792175665309,0.030081490737611398,-45.217858818331514,-20.344319217071337,699.949698364005,0.8275433244138134,-0.7974769914803937,0.07382760500102879,15.186251640319824,1790364348.124635,0.8,0.8
-2.2667592412926436,0.7901597621038056,2.7008065132744514,0.006399383010177104,0.005083710342777853,0.004425874008447628,-46.1388688777171,-24.707887317150284,703.531173355919,0.7938292308961867,-0.791227540031467,0.07530773665541397,15.196798086166382,1790364348.1351814,0.8,0.8
-1.9645549779655826,1.4579352047562637,2.9424397005763416,0.027779063621072193,0.010346401002299867,0.009359646505684487,-47.17972537688851,-28.855831411379462,707.0029791000843,0.8234318496186612,-0.7982992877281547,0.07251193241765612,15.20633339881897,1790364348.1447167,0.8,0.8
-1.8847304595908223,2.085811822302806,3.2120323272802795,0.00903072833993649,0.016431387043962832,-0.0034681620363851695,-48.336359338182376,-32.69787175737598,710.1910490162561,0.7606085139005402,-0.7825111999529805,0.06165763354367637,15.216063737869263,1790364348.154447,0.8,0.8
-2.0076863005453482,2.7165631730204893,3.8665409533982027,0.0452117259494781,0.026298931900622838,0.0037680376736967253,-49.56716249141763,-36.17457415794396,712.8272968973889,0.8058347374204041,-0.7930365917604973,0.05540818868772713,15.226081132888794,1790364348.1644645,0.8,0.8
-2.2736107322727905,3.570286349108521,5.299092663758151,0.06346668336360195,0.049652121024916895,-0.021394202448342198,-50.78600902112855,-39.36371825016254,714.631050617824,0.7601151369119098,-0.7746171562087576,0.03419296771886044,15.23687481880188,1790364348.1752582,0.8,0.8
-2.588609298341817,4.8583909181875145,8.030039946168158,0.13944677310384063,0.09931876099056935,0.03929119915329056,-51.84300498870598,-42.50051959923385,715.3647661714779,0.7319926483824969,-0.7588290690052902,0.03945565823141012,15.246436834335327,1790364348.1848202,0.8,0.8
-2.8541599772490573,6.386287424777045,13.159137280833054,0.31130648172451003,0.24289151924781655,0.037646608370685265,-52.557811573718006,-45.842950945220565,714.6800003439803,0.7196582234764183,-0.7400807159414332,0.030903786135149533,15.255953311920166,1790364348.1943367,0.8,0.8
-2.9787289785639635,7.311493974227666,23.02270255624439,0.393535999283604,0.31706254811495893,0.043731594253536094,-52.80355582218417,-49.504630429776554,711.9727516151728,0.6612752779420018,-0.707353328960508,0.025970013740238475,15.266506433486938,1790364348.2048898,0.8,0.8
-2.915103242328879,6.659297318956895,41.10436657389979,0.4846462992652803,0.37511658777299867,0.01083977825025411,-52.53577989054577,-53.40837512491357,706.4691100431763,0.6816681943169937,-0.6907429472308102,-0.000836816681355268,15.275749921798706,1790364348.2141333,0.8,0.8
-2.752805844660145,4.279473723989341,70.55918021678752,0.5265833489094256,0.40455475427064624,-0.022052038799764306,-51.72280946732309,-57.37592956116737,697.4515810099239,0.5994386914964343,-0.6494636834894528,-0.013664625351184165,15.28763723373413,1790364348.2260206,0.8,0.8
-2.6475041072872907,1.170511441968224,112.37591301159316,0.5741120038985607,0.43974898606292795,-0.055272775108552163,-50.26415069168657,-61.24832815920182,684.4260515433303,0.5887488558656117,-0.6221634546345168,-0.03372863410905318,15.29590654373169,1790364348.23429,0.8,0.8
-2.552544252487585,-1.075560798492031,164.5896404474137,0.5908868229968351,0.4550436753225467,-0.08388865777615193,-47.9873953507326,-64.91185592786282,667.1007168533222,0.5112886603408228,-0.5779239293899572,-0.04672090228942616,15.305513143539429,1790364348.2438965,0.8,0.8
-2.070095182905325,-0.9927567285847325,222.80833574783398,0.609470691031375,0.4744498399705398,-0.13848907994382245,-44.7238366457631,-68.22131692249282,645.3337546049959,0.5050392176588645,-0.5448676316322836,-0.0388268659064743,15.317099571228027,1790364348.255483,0.8,0.8
-0.5725720093535999,2.3397632615564263,281.5100694012442,0.6397311483176554,0.4923758732030563,-0.144409607839053,-40.42336260777263,-70.95460093776703,619.2096980883243,0.452247871920957,-0.49059610121784336,-0.06004208882834189,15.326083183288574,1790364348.2644665,0.8,0.8
2.485323293981211,9.073399755801027,335.512267795097,0.6668668840654584,0.5112886603408228,-0.128785992641293,-35.24181516703568,-72.88998097373508,589.0604277228482,0.3854775067770026,-0.4289239122931929,-0.06316681162282295,15.336626052856445,1790364348.2750094,0.8,0.8
7.20550455924215,18.490763411103174,381.1235882593589,0.6813392763125796,0.5283923980856171,-0.13585773422469888,-29.523206366513495,-73.9152886233564,555.2149876716271,0.327259008517153,-0.3623179537192588,-0.07188314368119506,15.346139907836914,1790364348.2845232,0.8,0.8
13.100676139365408,29.171205354202094,416.6690186241221,0.7119286504994337,0.5509232831170038,-0.12730586068873592,-23.683943597636617,-74.0505169894214,517.7017633712886,0.2545681116608179,-0.2955475414783207,-0.06875842085887446,15.356648206710815,1790364348.2950315,0.8,0.8
19.2968933055333,39.41416700700694,442.4434080580393,0.7347884513515464,0.576414430058673,-0.12319438305498795,-18.08161555772573,-73.35895238158379,476.3055184322515,0.2315438448261366,-0.24818331138125094,-0.06086438429960925,15.365877628326416,1790364348.304261,0.8,0.8
24.883005322888085,47.74071527934506,460.32750508845936,0.7662001197643185,0.6091417730147042,-0.13289747029955543,-12.941551502876901,-71.76997848933377,430.9628229325793,0.15589267929748982,-0.1837153356642085,-0.050503461411839784,15.376408815383911,1790364348.3147922,0.8,0.8
29.173891453747647,53.306304340684655,473.20281296735516,0.8017232625899293,0.641704656384785,-0.12302992395001205,-8.360257047179152,-68.9515158050963,382.1022784657059,0.13270395149613656,-0.14062704834608405,-0.0454052295545795,15.38651180267334,1790364348.3248951,0.8,0.8
31.829980500333026,56.06988970737738,484.291288581209,0.8561591888097776,0.6892333084039275,-0.1365155706537835,-4.36417492360231,-64.44189062888213,330.70392259970066,0.07728124552478699,-0.09490741741920941,-0.03915578408784719,15.395729064941406,1790364348.3341124,0.8,0.8
32.875472065823324,56.65749023661196,496.5775398236177,0.8831304630231107,0.7183425514822996,-0.13602219333192656,-0.9950097195079592,-57.99681082503513,278.2197855585432,0.06724924206816078,-0.07533678470699898,-0.011197739055983785,15.40627908706665,1790364348.3446624,0.8,0.8
32.656364055322804,56.02713674799075,512.3542667504167,0.9324681591115354,0.7607729728967267,-0.15213918598138293,1.6354627833762783,-49.81615682206042,226.51515798822018,0.0659335694767777,-0.05971317064002771,-0.01448692078424911,15.415811777114868,1790364348.354195,0.8,0.8
31.743547847143798,55.0995389177812,532.8849617787945,0.9459537959066338,0.7762321184862887,-0.15082351310153033,3.3917882875348573,-40.44211956770262,177.75779239944606,0.030574867976211652,-0.03915578408784719,0.005248169426294705,15.4263436794281,1790364348.364727,0.8,0.8
30.81155976148019,54.48243224163801,558.2447400611965,0.9821347724071554,0.8081371633224985,-0.18815573180127482,4.211287340857784,-30.50578588239017,134.07843641939112,0.041429167166847566,-0.028465943248633663,0.0034391195061634766,15.436296939849854,1790364348.3746803,0.8,0.8
30.545724348558636,54.36957516507539,587.3858961509881,0.9732539873009443,0.8165245719479582,-0.1999967882738634,4.140912454997774,-20.637286010023786,97.08397387478276,0.0067283011767643175,-0.00889531185252855,-0.0041259983761998825,15.445419311523438,1790364348.3838027,0.8,0.8
31.534581421120652,54.61456181685123,618.4062466265603,0.9903577215601109,0.8265565704635747,-0.18174182627695978,3.3328829658190853,-11.563233620094795,67.510029790936,0.010510860084977452,-0.0046193756313386986,-0.01169111631454485,15.456077098846436,1790364348.3944604,0.8,0.8
34.091472523180414,54.87815933362841,649.0204404629487,1.029334500302776,0.8559947298198688,-0.21019325369521352,2.0325232991867326,-4.125998420508965,45.14734553080873,-0.016460429826324577,0.005577087593249583,-0.002316948442727368,15.46716022491455,1790364348.4055436,0.8,0.8
38.12455875504175,54.7671254023353,677.1466239134799,0.9855884110536519,0.8400422077511543,-0.18552438593963677,0.5375749671463852,0.9830417755774292,29.053113812861,0.00886626925702319,-0.002316948442727368,0.006892760260018546,15.476486444473267,1790364348.4148698,0.8,0.8
43.1525114803382,53.960845376631056,701.263491232928,1.0115729302911505,0.8546790579002427,-0.18174182627695978,-0.8640600867076995,3.621846101873065,17.97599767085474,0.011333155497972841,-0.0028103256969935486,-0.0016591121040756968,15.48529052734375,1790364348.4236739,0.8,0.8
48.41629144655395,52.303863323372056,720.4299530053585,0.9671690049005032,0.836095191966855,-0.16546037399579425,-1.9646898273961668,4.277919833199508,10.748575594897309,-0.0005078985124518653,0.001301151414630844,-0.0016591121040756968,15.496907472610474,1790364348.4352908,0.8,0.8
53.071193632068514,49.830869990318945,734.2045157792945,0.9709515615290452,0.8321481761766283,-0.15773079574169904,-2.6899246202292204,3.695212212386641,6.395844567092198,0.00047885599362514075,-0.0013301939349083108,-1.452125929465864e-05,15.507439613342285,1790364348.445823,0.8,0.8
56.41630695604673,46.73504535263288,742.5317953924414,0.939868813457221,0.8018877215832794,-0.15855309129755138,-3.0861481982384347,2.4553357772719084,4.057346884457267,0.006234923926844119,-0.0010012757658465488,-0.010868820883742691,15.517076253890991,1790364348.4554596,0.8,0.8
58.05984068252589,43.328309513747804,745.5630676797393,0.8954648871210742,0.7821526423021807,-0.16595375133337556,-3.233567554674552,0.8990801981162441,3.01980150820535,0.019391650510780734,-0.0070862619106073915,-0.0014946530194787921,15.52649474143982,1790364348.464878,0.8,0.8
57.97239893892381,40.00075126630434,743.4834231027568,0.884939511894084,0.7615952678774839,-0.1271414015830404,-3.172284561314382,-0.6866153041361199,2.822416028596852,-0.007744098252752754,0.004754792175665309,-0.0003434394280397435,15.536484479904175,1790364348.4748678,0.8,0.8
56.41421197700712,37.11477977024572,736.5424109010147,0.8648755152608412,0.7523855640761699,-0.13848907994382245,-2.922769127523707,-1.9624866446570701,3.1740055518025745,-0.003797080206239617,0.0024523650029321387,-0.0054416710570994176,15.546026945114136,1790364348.4844103,0.8,0.8
53.813657636572174,34.86640432136279,725.3184392860446,0.8563236477996763,0.7454782862007217,-0.14276501675326062,-2.54291211038738,-2.6629061812417123,3.761821324330252,-0.0036326211212991677,-1.452125929465864e-05,-0.0054416710570994176,15.556569576263428,1790364348.494953,0.8,0.8
50.69273671433458,33.247449882684414,710.8496222228769,0.7981051647334507,0.7129154044980482,-0.1325685520862296,-2.1311524660940977,-2.760606104179125,4.255134099915756,0.009853023754110027,-0.0036326211212991677,0.00047885599362514075,15.565362453460693,1790364348.5037458,0.8,0.8
47.58770027166332,32.130431422939026,694.4633280929575,0.8357662739845632,0.7341306153591477,-0.1564151228538646,-1.7809690267335174,-2.4494634403598696,4.484011430800674,0.01791151877842609,-0.005606130142330995,-0.002316948442727368,15.576711654663086,1790364348.515095,0.8,0.8
44.92166312614191,31.35015190325846,677.6097055752278,0.8115908021716631,0.7056792084975791,-0.08388865777615193,-1.5414949683375945,-1.969799410342532,4.494592898896514,-0.01695380708744383,0.006563842093483832,-0.0013301939349083108,15.585230350494385,1790364348.5236137,0.8,0.8
42.89740296577971,30.701374313549444,661.7395090182978,0.7990919186948361,0.7125864864985607,-0.14490298516535904,-1.417843614682133,-1.4646069202702248,4.392314231661005,0.02761460454112568,-0.006921802825137338,-0.005770589227589051,15.597152709960938,1790364348.535536,0.8,0.8
41.53429614069947,29.951187698366898,648.0055333957229,0.7956382798282498,0.7051858314966478,-0.1350354386889954,-1.3979859867697806,-0.9943991177869493,4.217432798093701,-0.027150270537840762,0.008537351091117959,-0.003797080206239617,15.606705665588379,1790364348.545089,0.8,0.8
40.831542075995806,28.92290653323657,637.0236512386822,0.7875797891205136,0.7083105525006028,-0.14917892200434948,-1.4678972941661954,-0.6300887702323882,3.9812779143163524,0.03600201758551472,-0.011197739055983785,0.0001499378250383182,15.616653442382812,1790364348.5550368,0.8,0.8
40.82069258591595,27.5370756857141,628.9727397868998,0.8143866050460808,0.7175202564855676,-0.12960828817150116,-1.6013980889095758,-0.458606399554404,3.734329121634312,-0.0330707977499894,0.00820843292510788,-0.006592884654276751,15.626399278640747,1790364348.5647826,0.8,0.8
41.465536145035394,25.773707511946586,623.8380492285526,0.7971184107716686,0.7160401254906575,-0.13454206136792102,-1.7483232755645866,-0.4842913422074146,3.5366006764754596,0.016102468880462184,-0.003797080206239617,0.0011366923304824278,15.636950969696045,1790364348.5753343,0.8,0.8
42.59794571784943,23.63513356614581,621.5136198373799,0.8124130971350494,0.7285390094158228,-0.11053103205571885,-1.8580743869237226,-0.5830404119889424,3.391451940375711,0.0019589877509610526,-0.001823571188698997,-0.006757343739693791,15.646703481674194,1790364348.5850868,0.8,0.8
43.944421750781174,21.137430413052787,621.7619195786696,0.8022166395699467,0.732979402371978,-0.10543279988303,-1.9204725057261391,-0.620663656915544,3.2988897056759123,0.011662073662987854,-0.0031392438666364847,-0.005935048312873614,15.655903339385986,1790364348.5942867,0.8,0.8
45.20211620070584,18.31806271883359,624.2291763648773,0.8211294237305033,0.7486030071469922,-0.1164515597745133,-1.9603092464832623,-0.6027277674119881,3.3128281960343533,0.0073861375096237886,-0.0003434394280397435,-0.0054416710570994176,15.666481018066406,1790364348.6048644,0.8,0.8
46.15183085873176,15.238898264061026,628.5773942754657,0.8347795200374402,0.7604440549043417,-0.1088864410292825,-1.9959304239908249,-0.651862483010071,3.463980663260647,-0.01333570717814471,0.003932496757423909,0.004261414924799353,15.67557168006897,1790364348.613955,0.8,0.8
46.74098338452288,11.96909806771211,634.577970434776,0.8303391272707813,0.7680091687173609,-0.11316237770394708,-2.0212814523398412,-0.8262617644490365,3.681043676857048,0.0073861375096237886,-1.452125929465864e-05,-0.0005078985124518653,15.685685157775879,1790364348.6240685,0.8,0.8
47.054920515620545,8.59080907096875,642.007862021955,0.8196492928013074,0.769324840682328,-0.1004990268386779,-2.0174380688961877,-1.0139860577324218,3.8434246751296097,0.0003143969093449134,0.0016300695828486422,-0.005112752886715699,15.695942401885986,1790364348.6343257,0.8,0.8
47.20679168775414,5.233602964124016,650.4603212347656,0.8337927660899458,0.7806725113495899,-0.08964472623067066,-1.9699973183987518,-1.0590870481368835,3.919995808177569,0.014951255307388639,-0.007579639167176647,-0.009882066367657413,15.706593036651611,1790364348.6449764,0.8,0.8
47.27103339616447,2.0630380467477103,659.3614360779437,0.8305035862622738,0.7941581488839343,-0.12631910605499516,-1.879437934398684,-0.9633330283484046,3.999844859660008,-0.012184493573345348,0.005741546676687609,-0.012020034487051912,15.71714448928833,1790364348.6555278,0.8,0.8
47.32880619226381,-0.7926364706015844,668.1656172910328,0.8242541445782169,0.7884020840919191,-0.08898688983412878,-1.756773364701847,-0.8920325302842883,4.138584606849159,-0.004948293801563558,-0.0006723575968903689,0.0034391195061634766,15.726655721664429,1790364348.665039,0.8,0.8
47.49001249980048,-3.3243746952493556,676.4596402354148,0.8285300783636756,0.8032033935296863,-0.08865797163602637,-1.6204055546761453,-0.9739325902392183,4.264288198965875,0.02498325925846425,-0.004454916546265966,0.0001499378250383182,15.736689567565918,1790364348.675073,0.8,0.8
47.7968421324021,-5.668463619492723,683.9631816262239,0.825405357521153,0.8023810985632639,-0.05691736604379993,-1.5093243312090732,-1.1522474323504819,4.302634931174799,-0.012020034487051912,0.0016300695828486422,0.008372892008126027,15.74635624885559,1790364348.6847396,0.8,0.8
48.17561489446565,-8.049068149640242,690.5717578748682,0.8349439790286531,0.8194848338091215,-0.09112485812453419,-1.4879548505878506,-1.2467107458623279,4.262786278145401,0.014951255307388639,-0.0031392438666364847,-0.0072507209961039515,15.75554633140564,1790364348.6939297,0.8,0.8
48.544497955282445,-10.688446780978593,696.4122260595241,0.8342861430637395,0.8196492928013074,-0.07879042574507433,-1.6118475792496165,-1.1537040773263143,4.19702818538009,0.01708922337065142,-0.0070862619106073915,-0.012842329918785242,15.766064405441284,1790364348.7044477,0.8,0.8
48.92107468692283,-13.749185599080377,701.7842714076843,0.8365885689402157,0.8231029316347653,-0.07550124380377168,-1.866113185299936,-0.9655800363316046,4.217288546262162,0.019885027754430754,-0.0062639664835221764,-0.0006723575968903689,15.776776552200317,1790364348.71516,0.8,0.8
49.3900729847799,-17.314558936249053,706.9604361806271,0.8188269978402718,0.8249119805456718,-0.07862596664774446,-2.1573959551547515,-0.8252946163840622,4.457914407496418,-0.0014946530194787921,-0.0070862619106073915,0.01676030520735923,15.786901473999023,1790364348.7252848,0.8,0.8
50.02006446639094,-21.368233081964842,711.9713076774154,0.8081371633224985,0.8217872596987595,-0.06629153442726482,-2.408882422181268,-0.6908853464723174,4.968552235115357,0.030574867976211652,-0.016460429826324577,0.02498325925846425,15.795599460601807,1790364348.7339828,0.8,0.8
50.82662232581045,-25.777192878371412,716.5985385693009,0.8309969632366891,0.8392199127965786,-0.06037100701676623,-2.643087742825097,-0.3197820346342631,5.771027936291759,0.02399650477575775,-0.01892731613432501,0.002287905918968103,15.806257724761963,1790364348.744641,0.8,0.8
51.757559674052146,-30.328067503907963,720.6134654180164,0.7976117877526092,0.8280367013887916,-0.055766152388838225,-2.9050113026495668,0.5788347418709915,6.985916539810839,0.04784307118160839,-0.030439452318054436,-0.0005078985124518653,15.81533694267273,1790364348.7537203,0.8,0.8
52.7048434055876,-34.804478822434156,723.9502830147371,0.8201426697778014,0.8387265358237105,-0.056423988762937305,-3.1165003188970726,2.214359144415563,8.846227138513008,0.05738169759354612,-0.04145821136049724,0.018075977859902913,15.825814723968506,1790364348.764198,0.8,0.8
53.57100843135075,-39.04021082034245,726.6347387158658,0.778863462406285,0.8242541445782169,-0.07122530729671656,-3.104860746394449,4.511904098854833,11.721330633818042,0.11346224083369527,-0.0863555442524534,-0.026985811449112745,15.836540460586548,1790364348.7749238,0.8,0.8
54.33411736775849,-42.933022055655435,728.6013894248911,0.7658712017727051,0.8130709331055649,-0.03570214318883974,-2.7986776160453863,6.70982810556041,16.417213801252704,0.25802175164949726,-0.19374734178276914,-0.05609507057583285,15.847102403640747,1790364348.7854857,0.8,0.8
54.99607412003354,-46.459755285363634,729.5234680771557,0.7426824832451134,0.7923490999507723,-0.0177761025231767,-2.309236471482347,7.293230846914988,24.8050381814753,0.3864642609639229,-0.2787727096853595,-0.03175512503315832,15.856621026992798,1790364348.7950044,0.8,0.8
55.43674578027407,-49.69482852835494,728.7880364471399,0.7176847154849392,0.7637332348260818,0.000807774162106506,-1.771685024209319,4.986280705682674,39.93870204609913,0.4042258362125449,-0.30442833491531335,-0.0177761025231767,15.865897178649902,1790364348.8042805,0.8,0.8
55.37823933599677,-52.79886807812747,725.5793290436247,0.661933113957343,0.7265655014324208,-0.0013301939349083108,-1.1573346418709423,0.10721934583888751,64.72023446872822,0.452247871920957,-0.33715570413730084,-0.01053990271160797,15.87551236152649,1790364348.8138957,0.8,0.8
54.52282359836132,-55.96549792094309,718.8604639590172,0.6088128549979749,0.667360261075598,0.021200700403020648,-0.3073363313535713,-5.31984526654617,100.03919897730285,0.49648734868663896,-0.3782704914395505,0.003603578589943257,15.88521933555603,1790364348.8236027,0.8,0.8
52.68368209406494,-59.32287410695549,707.3912132525112,0.5806903643480816,0.636113050189319,0.01725368245225843,0.8585839269282378,-8.839200663251289,144.22908664783088,0.5959850522995299,-0.4244835148805428,0.012484369075067787,15.895525455474854,1790364348.8339088,0.8,0.8
49.7961022757556,-62.84237192846557,690.0231411377288,0.5056970537317795,0.5668758073757474,0.06675586484658035,2.1951037612555435,-8.77629970251136,194.0160016611287,0.5941760031937672,-0.44619212469404956,0.07761016366933389,15.905495643615723,1790364348.843879,0.8,0.8
45.883393121554334,-66.30705757106871,666.0321272551129,0.4580039377422087,0.5163868898794597,0.02300975029211831,3.2968392789029117,-4.507760971098648,245.7151861901485,0.6767344242451985,-0.4815508465310402,0.12004060349033707,15.915634632110596,1790364348.854018,0.8,0.8
41.07547176841033,-69.32094716001086,635.2130251981029,0.40455475427064624,0.45076774070628356,0.03945565823141012,3.543245671992316,3.715470018530603,295.9162931314493,0.6303569849710304,-0.4835243566353108,0.1119821092306233,15.925668954849243,1790364348.8640523,0.8,0.8
35.653962588737734,-71.3940813852984,597.854486140106,0.35949297960703946,0.39172694994933094,0.031397163373363006,2.322674031489625,14.874990236651183,341.7867289037777,0.7046924544956013,-0.5123047129092114,0.11905384909430064,15.936582326889038,1790364348.8749657,0.8,0.8
30.006508473924914,-72.10418107373035,554.6670946106204,0.2889400520833173,0.31870713850766186,0.042909298866008055,-0.6653934045227258,27.377137476832154,381.34639381415246,0.7102840605007279,-0.532697651739702,0.15145228464837523,15.94583010673523,1790364348.8842134,0.8,0.8
24.486164957376605,-71.18894054158194,506.5904584720093,0.21279551294376092,0.25275906213915966,0.04159362624463435,-5.309111000564845,39.471375947607164,413.8117116867978,0.7647199888016912,-0.5632870610432441,0.16115536922993245,15.956352472305298,1790364348.8947358,0.8,0.8
19.29772276990174,-68.52330637869063,454.64551523010675,0.20884849566862276,0.21559131683921562,0.03600201758551472,-11.163658271980243,49.741878224015494,439.7324336051137,0.7923490999507723,-0.5853245932736775,0.14158474092234663,15.966916561126709,1790364348.9053,0.8,0.8
14.49448360629238,-64.0901097447271,400.0939334553741,0.1545770068106428,0.1685560269071273,0.02498325925846425,-17.54697529914054,57.43217318465068,460.68441357775833,0.795144902846911,-0.6103223918461202,0.1595107786286094,15.976527214050293,1790364348.9149106,0.8,0.8
10.043203977245344,-58.00256895536622,344.66748294675557,0.13944677310384063,0.12596112984838467,0.06346668336360195,-23.702184988785522,62.45584498125831,478.7058080250196,0.891846789391065,-0.6659096050024778,0.1799037019212727,15.98578691482544,1790364348.9241703,0.8,0.8
5.877394643590376,-50.551259863907475,290.3892630170405,0.07629449109054884,0.08714878981799881,0.020542864078933562,-29.036497707617517,65.18381033177818,495.89251897710784,0.8944781331951486,-0.6841645783409905,0.16987169937816032,15.996338129043579,1790364348.9347215,0.8,0.8
1.979206953056127,-42.1873020784996,239.11348428664604,0.08879338052487057,0.07284085056364911,0.017747059696923237,-33.238277248572835,66.24515330901009,514.2218246028211,0.9947981140950696,-0.7307065396077383,0.1799037019212727,16.005855798721313,1790364348.9442391,0.8,0.8
-1.5197172157888412,-33.40895019311605,192.30028453746849,0.059190747420683025,0.05376359793009401,0.007221678426448289,-36.24052187607583,66.3934287781892,535.2723938563449,0.9499008115435003,-0.7262661403376673,0.18335734212126598,16.016401052474976,1790364348.9547844,0.8,0.8
-4.366627486115024,-24.662362819143716,151.0833619740917,0.06741370114197076,0.04685631672032392,0.005906005760099364,-38.19994338808682,66.28442345770054,559.6761450400979,0.9704581845777279,-0.7400807159414332,0.19618514849039487,16.027896642684937,1790364348.96628,0.8,0.8
-6.319196628302595,-16.3242532993779,116.2631799943519,0.033535131402942085,0.026956768221081125,-0.005770589227589051,-39.50367789276857,66.21298125238388,586.7070641791942,0.9836149032560562,-0.7537308325933009,0.20259905162329792,16.03643488883972,1790364348.9748182,0.8,0.8
-7.245672210223898,-8.730407720726893,88.09005802114577,0.019391650510780734,0.008537351091117959,0.022516373049948517,-40.702097017755065,66.08160605756844,614.5740650467536,0.9836149032560562,-0.7622827130486826,0.2285835819164015,16.045518398284912,1790364348.9839017,0.8,0.8
-7.192690590425058,-2.201028571155092,66.11577173979045,0.025312177419159212,0.014457878061394425,-0.0072507209961039515,-42.35363605097344,65.65543021422083,641.2103463293763,1.0225916820668661,-0.7747816154524575,0.21937387504049066,16.05704379081726,1790364348.9954271,0.8,0.8
-6.398069162025088,2.9760501989379335,49.38667474596447,0.01149761458049342,-0.003961539291206531,0.025805554660007488,-44.82009790398205,64.81077945142732,664.8880421256127,0.958452678740761,-0.76294055001138,0.2058882327038199,16.06656575202942,1790364349.004949,0.8,0.8
-5.217098177457829,6.5811262507397785,36.81056098350558,0.021200700403020648,0.0019589877509610526,0.011990991827898256,-48.09926991865943,63.54263581978454,684.4545106025483,1.0211115512330924,-0.7848136293963448,0.19667852565568245,16.077123403549194,1790364349.0155067,0.8,0.8
-4.017096159347066,8.511804388241167,27.390927701156993,0.012484369075067787,-0.001165734850364225,0.011826532745456128,-51.8227226880354,61.81181155584649,699.3688388750289,0.9431579931610061,-0.7593224467246678,0.18549530985906737,16.086654663085938,1790364349.025038,0.8,0.8
-3.074352874141391,8.874177609529402,20.321561202326418,0.012648828157405347,-0.001165734850364225,0.013142205404261247,-55.424594252316126,59.46294460499047,709.6298541345702,0.9957848679910082,-0.7746171562087576,0.18138383343679126,16.096790313720703,1790364349.0351737,0.8,0.8
-2.525052874857243,8.018782898562424,15.018606008632883,0.020871782241029056,-0.00017898034365401716,0.031561622452715946,-58.34513500140075,56.3359242553541,715.6485295292003,0.9482562216953755,-0.7571844766100279,0.1598396967490604,16.106318473815918,1790364349.0447018,0.8,0.8
-2.381946297815032,6.4349717848876775,11.101306796498672,0.01231990999270409,0.0011366923304824278,-0.0036326211212991677,-60.172550287240156,52.45282780911444,718.0966496379892,0.9221072429988092,-0.7405740936468569,0.17118737184771443,16.115597248077393,1790364349.0539806,0.8,0.8
-2.5418244385885957,4.603508424355311,8.319364063752397,0.011990991827898256,-0.0013301939349083108,0.017747059696923237,-60.73186179953473,48.07195790225902,717.6438675997964,0.9293434383826887,-0.7372849089509345,0.1521101208937663,16.126790761947632,1790364349.065174,0.8,0.8
-2.8220765081695833,2.9055661557036214,6.4421029297038785,-0.002974784781801798,-0.004290457461219699,0.012484369075067787,-60.12155505656807,43.546329391665516,714.7485395541895,0.866684564143468,-0.713273861160619,0.15276795713878216,16.136478900909424,1790364349.0748622,0.8,0.8
-3.0672633675145202,1.581028448144758,5.214434593222167,0.028272440860756698,0.006070464843484877,0.015938009798672763,-58.66429251908319,39.14223719717377,709.6775510159915,0.8992474438340773,-0.713273861160619,0.15589267929748982,16.14615035057068,1790364349.0845337,0.8,0.8
-3.208330076204721,0.7243065723810224,4.428706130468106,-0.009059770938316974,-0.006099507398184642,0.01741814153383941,-56.794917382878,34.99834592704479,702.6657860562178,0.8541856809302191,-0.6986369899823871,0.1524390390163211,16.156429290771484,1790364349.0948126,0.8,0.8
-3.236168203209432,0.31511547236564463,3.9599794385501985,0.018733814185549952,0.003274660422357384,0.015280173471254342,-54.94064754803177,31.21591411667292,694.1072770668314,0.8658622691969653,-0.6978146938581568,0.15359025244452468,16.16700553894043,1790364349.1053889,0.8,0.8
-3.1687305968597603,0.27611932837612313,3.719536821955282,0.004754792175665309,0.0009722332463076439,0.006070464843484877,-53.42035848521048,27.928132528851886,684.5976404481546,0.8239252265944262,-0.6844934967839772,0.13878893685118732,16.17754340171814,1790364349.1159267,0.8,0.8
-3.0404684539572595,0.5215365194263097,3.6303313282525456,-0.0062639664835221764,-0.006921802825137338,0.03287729508661202,-52.37369094560798,25.23926254444702,674.8162063508352,0.8461271904071035,-0.693209835580844,0.13122381991836096,16.18618154525757,1790364349.124565,0.8,0.8
-2.9095398280648666,0.9458865204152479,3.5916620610912853,0.008537351091117959,0.005083710342777853,0.014128959897267784,-51.74671353206916,23.111304660724127,665.4718440064635,0.8380686998597429,-0.6953478054914344,0.13073044272533985,16.19682478904724,1790364349.1352081,0.8,0.8
-2.8530918824708453,1.3980224949606375,3.471755403139874,-0.0054416710570994176,-0.006757343739693791,0.02268083213069772,-51.36621868319619,21.359002225636097,657.3052353485813,0.8250764395375094,-0.6917297025697522,0.13533529651852988,16.205546140670776,1790364349.1439295,0.8,0.8
-2.9321704874026673,1.7140922949113016,3.2040420776260086,0.02284529121142099,0.00903072833993649,0.014951255307388639,-51.056382342506716,19.77232871302585,650.9715076034067,0.8500742061765337,-0.7022550929408322,0.1244809982617889,16.21738624572754,1790364349.1557696,0.8,0.8
-3.1622660941516356,1.7741809291809423,2.8393367228797017,-0.018433938872243927,-0.010210984539579554,0.026298931900622838,-50.70043102571697,18.23900539211462,646.8404290924523,0.7879087071091095,-0.6861380890012845,0.11839601282979464,16.225884675979614,1790364349.164268,0.8,0.8
-3.506799528475533,1.5347477237832214,2.4632316632217006,0.02366758661464831,0.007221678426448289,0.021529618564908364,-50.22857488804871,16.753851237934416,644.8573120695031,0.8448115184826697,-0.7040641444272924,0.11000860042347488,16.236117362976074,1790364349.1745007,0.8,0.8
-3.898977675218717,1.0314873802214442,2.1368241746049295,-0.001165734850364225,-0.007415180081627032,0.030574867976211652,-49.59485847933893,15.30318799181151,644.619810138657,0.806163655406548,-0.7014327968122189,0.107541714409626,16.247795581817627,1790364349.186179,0.8,0.8
-4.278625193112997,0.3717869671414203,1.9199445334189624,0.005248169426294705,0.0026168240868698345,-0.009553148195841563,-48.78766857385814,13.757305541972649,645.6801375889293,0.8531989269899031,-0.7201811487931093,0.10935076415364936,16.256497859954834,1790364349.1948812,0.8,0.8
-4.581208415300248,-0.2615886127243705,1.8640260604643017,0.016431387043962832,-0.00017898034365401716,0.019556109592023405,-47.85165044466051,11.930214292135647,647.7701960328882,0.8130709331055649,-0.7173853418857079,0.1017856470226907,16.26711416244507,1790364349.2054975,0.8,0.8
-4.708392463719361,-0.6553626712384011,1.9895589320691731,-0.0034681620363851695,-0.0033037029514975946,0.005906005760099364,-46.878286338270975,9.74597322699343,650.7643936181267,0.8239252265944262,-0.7259372218743885,0.10803509161283298,16.276790380477905,1790364349.2151737,0.8,0.8
-4.56033076331717,-0.6731797411746637,2.2797672837245626,0.028601359020417202,0.006892760260018546,0.002287905918968103,-45.975308601589965,7.301134448109305,654.5672044523548,0.8459627314165846,-0.7409030121173424,0.09471390704920596,16.28542423248291,1790364349.2238076,0.8,0.8
-4.095146148914803,-0.3180965303128395,2.699954386370721,0.006399383010177104,-0.004948293801563558,0.0001499378250383182,-45.240439358366636,4.7423136203676854,659.1082195988356,0.8079727043295623,-0.7274173549604143,0.08731324888879709,16.295646905899048,1790364349.2340302,0.8,0.8
-3.3858333583370146,0.2859265788102927,3.237964268391352,0.026134472820443594,-0.0003434394280397435,0.034028508639919436,-44.73529320350924,2.104311699710367,664.33258528808,0.8729340057289902,-0.7548820472635388,0.09142472565073562,16.30799651145935,1790364349.2463799,0.8,0.8
-2.6264357558136906,0.9499507047891077,3.890793747826717,0.012155450910314239,0.003274660422357384,-0.014158002610943188,-44.48268129604272,-0.7062426894920396,670.0841071029449,0.7737652335586321,-0.7206745264838572,0.09734525216090928,16.31664490699768,1790364349.2550282,0.8,0.8
-2.00183244617681,1.5009136291427851,4.65234657182878,0.030081490737611398,0.0006433150778790003,0.011333155497972841,-44.49916828496667,-3.761808467778648,675.9777975133082,0.8629020073875409,-0.7504416478322261,0.10408807398104677,16.327345609664917,1790364349.265729,0.8,0.8
-1.5627259768724981,1.8434426809449058,5.52310634394469,0.011004237332853176,-0.0019880302733486926,-0.0036326211212991677,-44.807304913350706,-6.970681998417289,681.48856611308,0.8020521805766185,-0.7362981535453227,0.08221501768255074,16.336001873016357,1790364349.2743852,0.8,0.8
-1.265398443119815,1.950034371298527,6.453226519877878,0.02136515948397749,-0.001823571188698997,0.006399383010177104,-45.39652349578472,-10.12592885645078,686.2373767141992,0.8300102092877648,-0.7453434114848154,0.08221501768255074,16.34672451019287,1790364349.2851079,0.8,0.8
-1.0626278958988926,1.8314064465255746,7.301914108884893,0.015938009798672763,-0.0006723575968903689,0.00820843292510788,-46.18338835613288,-13.10017408549295,690.0849244548348,0.8058347374204041,-0.7425476044722088,0.07070288261290773,16.357232570648193,1790364349.295616,0.8,0.8
-0.928761451738329,1.5411923755179802,7.9099015001274875,0.016431387043962832,0.001301151414630844,-0.001823571188698997,-47.03058187940483,-15.950367321591365,693.010051247126,0.7867574941488276,-0.7436988191230345,0.0846819037530589,16.36676025390625,1790364349.3051436,0.8,0.8
-0.8281655371368666,1.190170331615713,8.204018813029908,0.024818800178077922,0.007879514758992928,-0.015144757131180839,-47.82209392786785,-18.81037447814684,695.0837788414639,0.838397617841747,-0.763269468492975,0.08303731304000614,16.37575364112854,1790364349.314137,0.8,0.8
-0.6960488508197035,0.925118524190829,8.233049709684774,0.0026168240868698345,-0.008730852766766675,0.019062732348217364,-48.53105726636433,-21.73951999563058,696.6182084006895,0.810768507208008,-0.7619537945675802,0.08188609953939503,16.386303424835205,1790364349.3246868,0.8,0.8
-0.4994646925204034,0.8517581657304728,8.104814424485859,0.026792309141005347,0.00409695584112478,-0.0016591121040756968,-49.21569266876098,-24.71901066697284,698.2230220622114,0.8364241099491058,-0.7728081045307812,0.07432098221938169,16.395806074142456,1790364349.3341894,0.8,0.8
-0.297769012499398,0.965435458412304,7.921671597307356,0.021200700403020648,-0.002316948442727368,0.018404896022778477,-49.94967030364457,-27.747449856404067,700.5072620838604,0.7890599200688418,-0.7576778543281765,0.060177501870561194,16.406586170196533,1790364349.3449695,0.8,0.8
-0.21173742929337713,1.1681613988590935,7.78530055476702,0.02202299580754523,-0.0005078985124518653,0.010675319167628865,-50.76344931488365,-30.898749638643885,703.6980865203852,0.82820116038043,-0.779715392782669,0.07925475439057583,16.416104316711426,1790364349.3544877,0.8,0.8
-0.34852372404466375,1.3574047036095482,7.77691414733543,0.022516373049948517,0.0037680376736967253,0.009688564671327705,-51.66017415695976,-34.28553398084989,707.6243091886586,0.8073148683577089,-0.7741237784779051,0.06576911040274186,16.427671670913696,1790364349.366055,0.8,0.8
-0.7394171380272965,1.5263600663378392,7.914518795660466,0.009359646505684487,0.002287905918968103,0.015444632553148069,-52.64897128852136,-37.943873392131906,711.954664019824,0.78445506822661,-0.7706701343723339,0.07218301427156319,16.436182498931885,1790364349.3745658,0.8,0.8
-1.3383800713249878,1.8033797628819892,8.176043897977717,0.031561622452715946,0.009524105588519197,0.021200700403020648,-53.713900122713866,-41.73459912531022,716.2958285502935,0.8050124424548544,-0.7737948599908766,0.04817198933516619,16.445549726486206,1790364349.383933,0.8,0.8
-2.077931321843732,2.3857898633153303,8.610296269051622,0.04175808532239554,0.021036241322037838,0.00047885599362514075,-54.78167646507591,-45.42558281657666,720.2121842861188,0.7864285761600743,-0.7728081045307812,0.05409251608182327,16.455618143081665,1790364349.3940015,0.8,0.8
-2.889773086445534,3.4417588446972274,9.454366068910462,0.054585893309227154,0.029259195339428307,0.008701810174083675,-55.7600735203819,-48.92121526967635,723.3227376827202,0.7819881833074938,-0.7700122974019054,0.04669185764335403,16.467137336730957,1790364349.4055207,0.8,0.8
-3.690214904710884,5.060993021618619,11.119869407749718,0.08089934510933258,0.056559402216564136,0.006563842093483832,-56.57306157093735,-52.34633099446771,725.324915751809,0.7507409741077381,-0.7563621804139324,0.031726081532043114,16.476655960083008,1790364349.4150393,0.8,0.8
-4.400293357702432,7.1579871701542785,14.252976323433334,0.20325688784012086,0.15112336652553893,0.031397163373363006,-57.129911207266886,-55.88751928594607,725.9519774786053,0.7607729728967267,-0.7599802836844117,0.027779063621072193,16.48619771003723,1790364349.424581,0.8,0.8
-4.978360368901278,9.26372652071913,20.281163258394727,0.3575194711946914,0.28005926373707973,0.06182209261834095,-57.31614155710584,-59.628572683055935,724.9617070532341,0.7109418965003625,-0.730870998840529,0.018569355104177232,16.496554374694824,1790364349.4349377,0.8,0.8
-5.442604846067611,10.532175919148068,32.020081918095705,0.437117641658624,0.3412380266851811,0.0641245196610018,-57.0430576011921,-63.54382323989825,722.0594300895332,0.6976207174678799,-0.7124515650186104,0.00886626925702319,16.5059494972229,1790364349.4443328,0.8,0.8
-5.869975885164771,10.31791744280621,53.09559406032696,0.4830017090609046,0.3869576380571272,-0.019914070659209276,-56.24508832102177,-67.57002740983187,716.75043918715,0.6468028855488647,-0.673803647467733,-0.023696629680196105,16.51648211479187,1790364349.4548655,0.8,0.8
-6.313805259575428,8.881953004444208,86.01085266179977,0.501421119253062,0.399785442420884,-0.010704361797662043,-54.804146899023955,-71.63960838180495,708.2719752817587,0.5973007243753149,-0.6292352005612134,-0.03241296139135785,16.52565336227417,1790364349.4640367,0.8,0.8
-6.713561426803515,7.368870494626331,130.46791996213364,0.5713162007000979,0.4571816426262076,-0.032084043212204094,-52.521994825742865,-75.64800890766966,695.6473186949464,0.5612842009512551,-0.5889426956445512,-0.04902332957960927,16.53583002090454,1790364349.4742134,0.8,0.8
-6.87232431946672,7.102989167214145,183.359789896946,0.6078261009474348,0.48316616808141905,-0.07813258935592204,-49.19258793421738,-79.40472686398866,677.8599273231742,0.500598824159706,-0.5341777844186015,-0.06579815714168982,16.54636240005493,1790364349.4847457,0.8,0.8
-6.407991919366943,9.00001880377104,240.11536361769095,0.6597951469066852,0.523458627600462,-0.13552881601033057,-44.69697047178786,-82.62714092736546,654.0497730610641,0.4282368542600648,-0.46444709250843474,-0.07040301181674272,16.55588722229004,1790364349.4942706,0.8,0.8
-4.750501983276163,13.416708444819804,296.19654692543355,0.6986074714731803,0.5492786929788445,-0.1564151228538646,-39.072990031948635,-85.001589141369,623.5457951682125,0.36064419284628135,-0.3896181731032571,-0.07155422548890031,16.566563606262207,1790364349.504947,0.8,0.8
-1.3714486787717644,20.205132720888546,348.00277593641573,0.6930158654369671,0.5581594797062034,-0.16529591488332623,-32.561627687568055,-86.25748180036757,585.8563711944955,0.29601179090817764,-0.32482126834940117,-0.06431802528645728,16.57585072517395,1790364349.514234,0.8,0.8
3.8561959181144934,28.78454642293313,393.13950511244065,0.7430114012400718,0.5861175117006135,-0.12089195558794019,-25.57642998177923,-86.14620250367278,540.8396484093795,0.23713545252516086,-0.25476167651628145,-0.07056747091268198,16.586378812789917,1790364349.5247622,0.8,0.8
10.465510273182172,38.19765139107173,430.45432664258084,0.761430808881356,0.6165424283756621,-0.14917892200434948,-18.578561373864787,-84.35727674478777,488.97325948145675,0.18483747363246242,-0.20657515304848495,-0.05132575687514712,16.59657120704651,1790364349.5349545,0.8,0.8
17.561128105059595,47.2356026117391,460.1456822455215,0.8270499474387412,0.6584794748743622,-0.15773079574169904,-11.959878140229398,-80.53987989667912,431.552187480197,0.146025135609556,-0.1544416135256387,-0.06464694347631558,16.606143951416016,1790364349.5445273,0.8,0.8
24.21891459103658,54.715005136428545,483.74045505273557,0.8477717803117372,0.6872598003839373,-0.16348686464812853,-6.003646303196236,-74.47785541865008,370.6889992973838,0.09290485728126435,-0.11497142784134343,-0.047543197749591676,16.616666316986084,1790364349.5550497,0.8,0.8
29.781582548701586,59.79958260235861,503.64426569432874,0.8839527579646028,0.7152178304930443,-0.1509879722114094,-0.9021088547479688,-66.26868812092853,309.0883315944008,0.11017305949087061,-0.09918335403115741,-0.024847843298094738,16.626084566116333,1790364349.564468,0.8,0.8
33.907995655240235,62.21698800141143,522.3819229556545,0.9145421296250542,0.7481096301557638,-0.1539482361942428,3.190929311327003,-56.34397292722899,249.7449783117368,0.06297330614028793,-0.0717186845850338,-0.006921802825137338,16.63578486442566,1790364349.5741682,0.8,0.8
36.51639891417016,62.29799406496868,541.9631034145503,0.953354450221929,0.7847839862156334,-0.16381578287244408,6.123783266846374,-45.31763145793252,195.55064486731172,0.0542569751576499,-0.05675290695015159,0.005906005760099364,16.64653491973877,1790364349.5849183,0.8,0.8
37.7587707823357,60.796637892236944,563.6373962224432,1.0010475554316427,0.8117552611643619,-0.15756633663061684,7.772921833301795,-33.808147919649606,148.72431619336416,0.035344181270727505,-0.037182275001236914,0.005248169426294705,16.65606689453125,1790364349.5944502,0.8,0.8
38.00834701998784,58.562408735034516,587.8532535192109,0.9676623818522843,0.8048479834617118,-0.1800972351242055,8.102288851671927,-22.415316731324527,110.37753235647759,0.03238391784909416,-0.030439452318054436,0.005412628509785272,16.665817975997925,1790364349.6042013,0.8,0.8
37.817515215047045,56.248513481158504,614.139869135851,1.0021987683083062,0.8342861430637395,-0.1999967882738634,7.229143522048784,-11.83883411762195,80.52240962642107,0.037317690213856475,-0.01728272526165686,-0.009882066367657413,16.676706790924072,1790364349.6150901,0.8,0.8
37.839446950313224,54.18092498555138,641.1406036997666,1.0035144401669247,0.8370819459134837,-0.1957208511963049,5.467647562437696,-2.922993807684353,58.3388598457438,-0.016460429826324577,0.0037680376736967253,-0.008730852766766675,16.68582057952881,1790364349.624204,0.8,0.8
38.673059951575894,52.38200239511811,667.1109690850362,1.0160133228014625,0.8517187960787568,-0.20854866249033188,3.2696725050091704,3.521439468412116,42.424485734081955,0.018733814185549952,-0.0054416710570994176,-0.0003434394280397435,16.69643235206604,1790364349.6348157,0.8,0.8
40.65490860970468,50.69050427273916,690.5044620959277,1.002034309325947,0.8456338134355167,-0.17088752472383995,1.062729085192017,7.0528195104284785,31.092084277454585,-0.03076837049666857,0.009195187422823596,0.010675319167628865,16.705961227416992,1790364349.6443446,0.8,0.8
43.71583280891972,48.907797455604,710.1814709302356,0.9752274951042353,0.8405355847237771,-0.18815573180127482,-0.8652430102851721,7.870789096389332,22.774148182559603,0.027943522700992866,-0.0054416710570994176,-0.004290457461219699,16.716715574264526,1790364349.655099,0.8,0.8
47.405676091065594,46.89865700230034,725.3573007108598,0.9883842137650862,0.841028961696308,-0.17532792079808246,-2.3438307635822637,6.753482814853239,16.385391602487815,0.0019589877509610526,-1.452125929465864e-05,-0.007415180081627032,16.726036548614502,1790364349.66442,0.8,0.8
51.072395403213655,44.611512929982815,735.6099573128038,0.962564153347162,0.8231029316347653,-0.14490298516535904,-3.2683159827175103,4.6364732442805465,11.449313806060918,0.006070464843484877,-0.0016591121040756968,0.00047885599362514075,16.737709283828735,1790364349.6760926,0.8,0.8
54.05030016335522,42.053232916796944,740.9189954839692,0.9263831766367415,0.8007365086295986,-0.1488500037852644,-3.624515499988515,2.216974871501538,7.835220849499375,-0.009553148195841563,0.005906005760099364,-0.006921802825137338,16.746333122253418,1790364349.6847165,0.8,0.8
55.79704975710377,39.279019958931606,741.5222104607025,0.9086216061022127,0.781165888333889,-0.1269769424773737,-3.520488323266719,-0.07918123817704938,5.372057775358467,0.003110201338524965,-0.0031392438666364847,0.0073861375096237886,16.756843328475952,1790364349.6952267,0.8,0.8
56.01080583452841,36.388923595438044,737.7297280304953,0.8791834473006758,0.7617597268736002,-0.12796369711180622,-3.1418545036830383,-1.904319839084472,3.80174191843243,0.02021394591673413,-0.005277211971894319,-0.006592884654276751,16.76560926437378,1790364349.7039926,0.8,0.8
54.69561461639146,33.50629945726199,729.9353243416905,0.871453874828413,0.7522211050793803,-0.12385221947517894,-2.672021317698227,-2.947642719212195,2.9635016249919066,-0.011855575400785079,0.0019589877509610526,-0.006592884654276751,16.775742769241333,1790364349.714126,0.8,0.8
52.163690607194425,30.7621822572123,718.7304079052726,0.8255698165129589,0.731828189384207,-0.14325839407869237,-2.2504168547797616,-3.1305346599258024,2.7869444337531144,0.01676030520735923,-0.006099507398184642,-0.0031392438666364847,16.78628158569336,1790364349.724665,0.8,0.8
48.978972449438174,28.294738708764413,704.9179573153057,0.8216228007067113,0.7270588784284385,-0.1314173383405003,-1.9759615723469517,-2.7257287998373876,3.129515834041827,-0.01037544362558046,0.002781283170781204,0.0014656104987529062,16.795533180236816,1790364349.7339165,0.8,0.8
45.79395047362404,26.228744721495,689.4746170419018,0.8219517186907973,0.7247564524460673,-0.11151778667294862,-1.895968867641717,-2.146235376957103,3.730113692425118,0.0101819419195961,-0.00017898034365401716,0.0016300695828486422,16.807053565979004,1790364349.745437,0.8,0.8
43.10934212596806,24.6172361480683,673.5807190234559,0.8171824079174037,0.7211383544688432,-0.10329483156067698,-1.979687784716726,-1.611070237638107,4.29845222183103,0.00409695584112478,-0.0006723575968903689,-0.001823571188698997,16.816606521606445,1790364349.7549899,0.8,0.8
41.12421130936316,23.406519194895598,658.5290760834449,0.7864285761600743,0.708803929500806,-0.10674847269917134,-2.1455295676862107,-1.1001695536180904,4.654680836943574,0.005412628509785272,-0.001165734850364225,-0.008401934595322555,16.825989246368408,1790364349.7643726,0.8,0.8
39.796762534617216,22.471236422457213,645.4180259963024,0.8165245719479582,0.7242630754495283,-0.13273301119287803,-2.3206037483166075,-0.6064495689648713,4.791312446216149,0.003274660422357384,-0.0019880302733486926,-0.00938868910997348,16.83673405647278,1790364349.7751174,0.8,0.8
39.01796198617703,21.669247963620283,634.9285984619686,0.7691603816867477,0.7074882575000092,-0.10461050437386496,-2.4589877593029144,-0.28824254839995084,4.772171443776658,-0.012184493573345348,0.002781283170781204,-0.0003434394280397435,16.846397399902344,1790364349.7847807,0.8,0.8
38.686238297322674,20.8647367194655,627.3382516646665,0.8242541445782169,0.7333083203683736,-0.09753876302430223,-2.5282657296390196,-0.30965403592805063,4.629632438530301,0.024325422936763548,-0.007744098252752754,0.00409695584112478,16.855891466140747,1790364349.7942748,0.8,0.8
38.664567759547374,19.920191827874586,622.6857391216001,0.8025455575565702,0.7239341574517733,-0.09507187651931606,-2.511221050769701,-0.6052185186716756,4.418116840772509,-0.008730852766766675,0.003274660422357384,0.003932496757423909,16.866745948791504,1790364349.8051293,0.8,0.8
38.79373188710941,18.698927237556724,620.8779183627609,0.7732718565727908,0.7222895674622511,-0.10789968641478756,-2.424155652979446,-0.8992162841815838,4.260833075521471,0.018404896022778477,-0.004454916546265966,-0.009224230024131946,16.875926733016968,1790364349.81431,0.8,0.8
38.98576388285834,17.104310419548664,621.5677449451908,0.8109329662007606,0.737090877323401,-0.10789968641478756,-2.3168728702237584,-0.9856560778967155,4.2602333348746235,0.0014656104987529062,-0.0005078985124518653,-0.0072507209961039515,16.886754035949707,1790364349.8251374,0.8,0.8
39.27137360325905,15.109350157990082,624.1250894920121,0.7829749372754456,0.732814943373762,-0.11497142784134343,-2.235410476266167,-0.9365349336971,4.413695198719167,-0.0013301939349083108,0.0021234468349777408,-0.003961539291206531,16.896300554275513,1790364349.834684,0.8,0.8
39.75562694370162,12.733762182907837,627.8952181258772,0.8196492928013074,0.7532078590599394,-0.08339528048164771,-2.1837624224273684,-0.9691590954713558,4.600233114840742,-0.004454916546265966,0.000807774162106506,-0.0033037029514975946,16.906352043151855,1790364349.8447354,0.8,0.8
40.53216651398739,10.006347595638411,632.4162093757019,0.7923490999507723,0.7481096301557638,-0.11957628275215362,-2.137870435245397,-1.1467773246265376,4.652869359226432,0.0037680376736967253,-0.0016591121040756968,0.010675319167628865,16.91580080986023,1790364349.8541842,0.8,0.8
41.63403820841528,6.992950623594418,637.4438012510535,0.8165245719479582,0.7645555298057856,-0.11085995026134804,-2.101981580329751,-1.3022243919094871,4.521938239082182,0.02366758661464831,-0.007744098252752754,0.0019589877509610526,16.926191329956055,1790364349.8645747,0.8,0.8
43.038322799354134,3.848081867706751,642.8741588323585,0.8040256884958353,0.7653778247851976,-0.11299791860071878,-2.1218293228339533,-1.258313037257496,4.350313943242218,-0.005112752886715699,0.0014656104987529062,-0.013664625351184165,16.935372591018677,1790364349.873756,0.8,0.8
44.67234513692295,0.7612262481901128,648.6720520103679,0.836095191966855,0.7796857573806851,-0.10411712706870663,-2.2162188975797656,-1.0487610852916596,4.317575426679172,0.0049192512592347165,0.0003143969093449134,-0.009553148195841563,16.947030544281006,1790364349.885414,0.8,0.8
46.42040208961821,-2.162518244506591,654.863066031291,0.8161956539631716,0.7864285761600743,-0.10757076821018355,-2.327263757863741,-0.8836207937045184,4.424988485162328,-0.01251341174601206,0.0049192512592347165,0.002287905918968103,16.956608533859253,1790364349.8949919,0.8,0.8
48.15607517778111,-4.952442912209049,661.4734931662957,0.8112618841862335,0.7847839862156334,-0.09457849921908074,-2.371089648543061,-0.9209215491444644,4.514728823698567,0.023503127534054695,-0.006921802825137338,-0.0003434394280397435,16.96717596054077,1790364349.9055593,0.8,0.8
49.77075528142654,-7.724737497400916,668.401962343525,0.8293523733216073,0.8050124424548544,-0.10444604527211712,-2.317391336928673,-1.1124175925507427,4.503674734757403,0.005577087593249583,-0.0014946530194787921,-0.0046193756313386986,16.976696014404297,1790364349.9150794,0.8,0.8
51.173314386540106,-10.618223671416532,675.44973918721,0.8308325042452278,0.7994208366818766,-0.06431802528645728,-2.2077957425110855,-1.2844530331442459,4.479280501639546,-0.005112752886715699,0.000807774162106506,0.0001499378250383182,16.98673367500305,1790364349.925117,0.8,0.8
52.290880033544546,-13.783600795813935,682.4958725193076,0.8457982724260557,0.8204715877620777,-0.10510388167927881,-2.116456865098489,-1.3394460360481169,4.531442100079476,0.008043973842063519,-0.0034681620363851695,-0.005606130142330995,16.99742817878723,1790364349.9358115,0.8,0.8
53.12503594314202,-17.36222543930743,689.5371774468282,0.8120841791497271,0.8091239172798887,-0.09063148082632663,-2.091568064810734,-1.34023286160532,4.625409356038601,-0.0070862619106073915,0.0014656104987529062,-0.0014946530194787921,17.006834030151367,1790364349.9452174,0.8,0.8
53.81096034097394,-21.404040808515628,696.5638509679394,0.8377397818776976,0.8311614222281402,-0.09589417202027242,-2.1236867243755393,-1.3988109553804662,4.683945590511178,0.035344181270727505,-0.010210984539579554,-0.006099507398184642,17.015584230422974,1790364349.9539676,0.8,0.8
54.559900372443245,-25.82787672051927,703.5171478090581,0.8387265358237105,0.8318192581938404,-0.07500786651353705,-2.1736888884723333,-1.5231183175476302,4.717937131222927,-0.016789348000377374,0.0011366923304824278,0.006892760260018546,17.025932788848877,1790364349.9643161,0.8,0.8
55.53466771859511,-30.48251302814192,710.3952232593268,0.840371125732913,0.8420157156410948,-0.09063148082632663,-2.216478652749736,-1.5707539265143193,4.832110600655017,0.032219458769870035,-0.013171248091664922,0.0006433150778790003,17.03732919692993,1790364349.9757125,0.8,0.8
56.783134917582586,-35.24001517204847,717.2729253742517,0.849087452234719,0.8434958465575881,-0.05790412060626707,-2.230606210719386,-1.322773785340812,5.123630823485367,-0.013993543524330215,-0.004454916546265966,-0.0046193756313386986,17.04639744758606,1790364349.9847808,0.8,0.8
58.2277240722282,-40.04621271479264,724.1658576735448,0.8265565704635747,0.8449759774732593,-0.05839749788787171,-2.158566542800422,-0.6046670967420834,5.669294222731773,0.06609802855078843,-0.033399715929467236,0.005741546676687609,17.055927515029907,1790364349.9943109,0.8,0.8
59.69105752862275,-44.88426968950211,730.9150966619125,0.8342861430637395,0.8515543370885794,-0.05181913415345987,-1.9290133597721428,0.6562816633665627,6.687660823967437,0.052612384398243124,-0.03504430682847813,0.007715055675896115,17.066474199295044,1790364350.0048575,0.8,0.8
60.97169273053943,-49.70109526351284,737.2101200124708,0.8252408985293364,0.8467850263690779,-0.04326726136417265,-1.5329776850042682,2.37382793623482,8.651285062137513,0.08155718139614013,-0.06333127071754505,-0.04277388409011665,17.076279878616333,1790364350.0146632,0.8,0.8
61.91815550777564,-54.3949183067585,742.7056936813057,0.8209649647384127,0.8430024695855151,-0.04474739318781028,-1.033217334749481,4.015481331949917,12.266274918398077,0.18286396495045598,-0.13487097958194164,-0.09523633561945091,17.08700180053711,1790364350.0253851,0.8,0.8
62.452657575500076,-58.84989122766466,747.0270283422568,0.77508090552037,0.8171824079174037,-0.03537322500860482,-0.4606672886811838,4.344249624693658,18.693926882533,0.27742791903016695,-0.2093709580923926,-0.08076393491520972,17.09667730331421,1790364350.0350606,0.8,0.8
62.54111354223719,-62.965916354804165,749.5920285823526,0.7571548749779032,0.7935003129083947,-0.011197739055983785,0.282950531736694,2.0003852647886484,29.921227507136987,0.3877799332120892,-0.28633782986463185,-0.035866602278997795,17.10681939125061,1790364350.0452027,0.8,0.8
62.12846075216862,-66.67942962250248,749.4993485935765,0.708639470500751,0.7663645787601078,-0.023861088768386815,1.39122932796892,-3.1342047113607623,48.49562103867588,0.42560550983554213,-0.3249857274920297,-0.01695380708744383,17.116580963134766,1790364350.0549643,0.8,0.8
61.10571562006274,-69.96621066971113,745.6335874339078,0.66439999901293,0.7191648464787179,0.028272440860756698,3.022788052410738,-9.209832650544374,76.44902088972695,0.5252676767800517,-0.38731574492659904,-0.010210984539579554,17.126044988632202,1790364350.0644283,0.8,0.8
59.30435052014413,-72.83474435654458,736.8279363411806,0.6071682649134479,0.6713072771523356,0.035837558506856444,5.1727577827806295,-13.287328249702101,114.292539331952,0.6056881338361172,-0.43944929885376194,-0.009717607281736207,17.137889862060547,1790364350.0762732,0.8,0.8
56.49368598019874,-75.30980854351385,722.0054253583221,0.56588905330214,0.6180225594443173,0.059355206495725794,7.582899815407413,-13.005303712751969,160.8365320806508,0.655025835785336,-0.47826166303532536,0.05738169759354612,17.14641761779785,1790364350.084801,0.8,0.8
52.457343034127284,-77.38407978260145,700.3601642061737,0.4979674798581519,0.5583239387192415,0.05886182927052176,9.710365968000279,-7.550917615200658,213.57225258970956,0.7032123234917689,-0.510331202729472,0.10063443354171844,17.15611433982849,1790364350.0944977,0.8,0.8
47.13223383833451,-78.96488926793933,671.4684165745042,0.41425783695128615,0.47691672528983503,0.0718540961253703,10.801709353665636,2.493984032931045,269.129234224049,0.6999231434795231,-0.5216788863343201,0.1361575918367791,17.166679620742798,1790364350.105063,0.8,0.8
40.69507451652383,-79.85404139938568,635.2379165956493,0.3616309470505877,0.412777705699075,0.049981039177915104,10.094543356400939,15.76537762169857,323.82750136367173,0.7806725113495899,-0.5578599076863481,0.1690494040839381,17.177221536636353,1790364350.1156049,0.8,0.8
33.541349422677705,-79.77613248904966,591.8275970627988,0.2644356544605855,0.3111420226844166,0.09438498890980133,7.0802726011973585,30.59619704939213,374.35349955031796,0.740215598281382,-0.5550641014273623,0.1690494040839381,17.186748027801514,1790364350.1251314,0.8,0.8
26.14553243307291,-78.44541170556295,541.6079221398329,0.2183871207282461,0.24831866784768064,0.0560660249900715,1.705911523300743,45.31758353152142,418.3201128591943,0.83543735600223,-0.606868748570114,0.18368626023502505,17.196297883987427,1790364350.1346812,0.8,0.8
18.893467448870684,-75.60626106723458,485.2234375613905,0.17316088054927606,0.18352180117815692,0.07251193241765612,-5.588203087865215,58.46164372502153,454.6481523641471,0.8413578796779444,-0.6210122401880511,0.19733636187574966,17.205788135528564,1790364350.1441715,0.8,0.8
12.03199296326374,-71.02532866423472,423.83963260515134,0.10671941907046151,0.1343485421358463,0.036495394821335424,-14.008282942918777,68.9162151818333,483.749220191675,0.8898732815364543,-0.656699888907106,0.21230213578507146,17.216330528259277,1790364350.1547139,0.8,0.8
5.748706052241497,-64.51064142906081,359.35640668226256,0.09833200657618005,0.10244348329699471,0.03468634495552915,-22.613569447918227,76.11950923553462,507.2796639655838,0.9485851396650655,-0.6877826812225495,0.17480547113137554,17.225488662719727,1790364350.163872,0.8,0.8
0.2821743436381637,-56.02200031667116,294.35710635774996,0.04192254440013117,0.06067087909515978,0.01297774632200207,-30.482343491648002,80.18526797343195,527.5108487607356,0.9252319637347926,-0.6981436123077295,0.20177675635176348,17.23658537864685,1790364350.1749687,0.8,0.8
-4.068003736611228,-45.82864707734756,231.8085863771411,0.05705277944282916,0.051790089017588754,0.024654341097665705,-36.87531950969536,81.74893738918564,546.5819245949764,0.9908510985087021,-0.7257727626428095,0.2022701335147516,17.24542546272278,1790364350.1838088,0.8,0.8
-7.068291721250729,-34.55978355306051,174.62962456211727,0.026956768221081125,0.037317690213856475,0.00047885599362514075,-41.395970832808175,81.59738873187975,565.9402514374578,0.9653599560767067,-0.7265950588011074,0.17513438924751917,17.255926847457886,1790364350.1943102,0.8,0.8
-8.672357337378505,-23.075512780867605,125.26677850518453,0.03879782191877813,0.023503127534054695,0.02185853672669224,-44.021278928748835,80.36452219775134,586.1651654033974,0.9964427039214896,-0.7418897675297744,0.19618514849039487,17.266515731811523,1790364350.204899,0.8,0.8
-9.0158723131793,-12.287486340185438,85.31695345456986,0.005906005760099364,0.018898273266896665,-0.005112752886715699,-45.05890464011806,78.44996226473987,607.0059098029835,0.9748985771370965,-0.7415608490588013,0.21723590736295176,17.275716304779053,1790364350.2140996,0.8,0.8
-8.34056406029708,-3.0270992957356158,55.24023748354612,0.01676030520735923,0.007221678426448289,0.0067283011767643175,-45.13579181324505,76.08810752232218,627.5597688820463,0.9979228347646515,-0.7558688026967663,0.22003171124821055,17.286676168441772,1790364350.2250595,0.8,0.8
-6.957210530099986,4.064422232253418,34.32671618783394,0.009195187422823596,-0.000836816681355268,0.01478679622541667,-45.06500354843096,73.44028341017001,646.6703941762453,1.00400781711379,-0.7581712320466938,0.1998032476977856,17.29639744758606,1790364350.2347808,0.8,0.8
-5.251296755528128,8.629355186350494,20.972550003302704,-0.01251341174601206,-0.004290457461219699,0.013306664486494299,-45.539260935105695,70.62027442150486,663.3732851624557,0.9998963425546301,-0.7640917646976811,0.2266100733059563,17.306774854660034,1790364350.2451582,0.8,0.8
-3.6282003399711718,10.667920042680931,13.133317580897888,0.016431387043962832,0.003110201338524965,0.015280173471254342,-46.899964599005514,67.65620561080567,677.1556217454581,1.0339393517745958,-0.7709990528577955,0.2101641680950976,17.316475868225098,1790364350.2548592,0.8,0.8
-2.386993103555185,10.550802590612482,8.838303676477292,0.003110201338524965,-0.000836816681355268,0.01083977825025411,-49.10666204405129,64.4998286646216,687.9624972711102,0.9505586474825232,-0.7471524630874775,0.1935538036054233,17.3257794380188,1790364350.2641628,0.8,0.8
-1.6431984040350842,8.906980046983655,6.6028747580707465,0.021694077645813277,0.005577087593249583,-0.0054416710570994176,-51.81492050134678,61.12432538962797,695.9584051688762,1.000060801537082,-0.7598158244444142,0.19569177132490384,17.335426807403564,1790364350.2738101,0.8,0.8
-1.342859914965927,6.447164590801135,5.507607233536613,-0.013500166264651114,-0.00938868910997348,0.004261414924799353,-54.531503752187774,57.5901447443122,701.3069668650288,0.9446381240266337,-0.7443566560672584,0.1902646224910522,17.346598863601685,1790364350.2849822,0.8,0.8
-1.3326402203447676,3.817129476039171,4.979666906952784,0.0101819419195961,-0.0005078985124518653,0.016102468880462184,-56.80545630606787,54.01328078471683,704.2341159429797,0.9887131317309972,-0.7538952918317837,0.1851663917458105,17.35611128807068,1790364350.2944946,0.8,0.8
-1.454327129160357,1.5019743103054763,4.633926702354136,0.020707323159994295,0.005248169426294705,0.002781283170781204,-58.34244194580425,50.51354666374801,705.1203770259276,0.9298368153400784,-0.7251149257168974,0.17085845373046446,17.36666440963745,1790364350.3050478,0.8,0.8
-1.5868337534212784,-0.2191005259739532,4.3277471910250025,0.011662073662987854,0.002287905918968103,-0.014158002610943188,-59.02676506354811,47.1945680717003,704.3173120903692,0.9104306549576305,-0.7170564234267774,0.18615314608530742,17.37625288963318,1790364350.3146362,0.8,0.8
-1.6357059772810743,-1.253310314304128,4.133074416929788,0.018898273266896665,-0.0028103256969935486,0.021200700403020648,-58.90329708219213,44.14266944478667,701.888457555787,0.9109240319180129,-0.7055442774652617,0.16016861486941814,17.38679599761963,1790364350.3251793,0.8,0.8
-1.5619414914697012,-1.6365706811015066,4.122098000963744,0.0021234468349777408,-0.0031392438666364847,-0.0019880302733486926,-58.12396611013568,41.407294121324156,697.6674056987744,0.8726050877511513,-0.6940321316995072,0.1544125477496816,17.39639186859131,1790364350.3347752,0.8,0.8
-1.4067479900273583,-1.480753143719071,4.253654014684651,0.02712122730113104,0.002781283170781204,0.013635582650882036,-56.875464074287066,38.957292566041644,691.6302266798416,0.9206271121227829,-0.7080111658690696,0.16082645110985416,17.40594244003296,1790364350.3443258,0.8,0.8
-1.2534139426841615,-0.9212816047903469,4.477613843704506,0.018569355104177232,0.000807774162106506,0.0073861375096237886,-55.35866033725965,36.654887351886806,684.1972382319109,0.8453048954544082,-0.6825199861284286,0.15720835178284068,17.417093992233276,1790364350.3554773,0.8,0.8
-1.1867372053038743,-0.08119086486663304,4.851973626044243,0.022516373049948517,0.001301151414630844,0.0067283011767643175,-53.803799310164734,34.30669639271465,676.1192446517109,0.8735918416845532,-0.6902495695618747,0.15178120277111767,17.426520824432373,1790364350.3649042,0.8,0.8
-1.2662105891474578,0.924043418328135,5.4648791047670695,0.0073861375096237886,-0.004948293801563558,0.022516373049948517,-52.43444007803288,31.79405602327759,668.1080307634144,0.8462916493976121,-0.6823555269073897,0.1438871677993444,17.43540120124817,1790364350.3737845,0.8,0.8
-1.5100941854173888,1.960913983999609,6.253293365754331,0.011004237332853176,-0.0033037029514975946,0.019391650510780734,-51.40080874987943,29.139992893218995,660.7029019448375,0.8712894158394119,-0.690578488007792,0.14882093966305482,17.445838928222656,1790364350.3842223,0.8,0.8
-1.8992815856829786,2.8676802679913065,6.970615101590849,0.006234923926844119,-0.000836816681355268,0.015938009798672763,-50.757530333494365,26.42137514698294,654.3774345513891,0.8599417455749494,-0.6920586210163835,0.12892139301575783,17.45618176460266,1790364350.394565,0.8,0.8
-2.378543102313296,3.4922642365904473,7.363627222696273,0.014457878061394425,0.0037680376736967253,0.021036241322037838,-50.46369544169264,23.660258681024935,649.5516452235164,0.838397617841747,-0.6897561918932962,0.12053398068803034,17.466732025146484,1790364350.4051154,0.8,0.8
-2.8767111562923806,3.751780185537472,7.36237674250574,0.013800041733036728,-0.0014946530194787921,0.028930277179974394,-50.369320988310214,20.835952329138543,646.4576855454519,0.8535278449700482,-0.6974857754087432,0.12053398068803034,17.476019382476807,1790364350.4144027,0.8,0.8
-3.3544247821520523,3.642798078756651,7.05386027912225,-0.007744098252752754,-0.008401934595322555,0.02185853672669224,-50.25365429100891,17.96474041512803,645.0548689966259,0.8262276524800781,-0.6930453763572306,0.12678342517343272,17.485926628112793,1790364350.42431,0.8,0.8
-3.8152519315021234,3.209115606930813,6.508860416981145,0.02284529121142099,0.0026168240868698345,0.02284529121142099,-49.93966934815061,15.138006639473895,645.1035230518507,0.8694803669597653,-0.7109714319655197,0.11477791336811398,17.496657371520996,1790364350.4350407,0.8,0.8
-4.277090175210376,2.5242562690319414,5.753812422529994,-0.0014946530194787921,-0.007744098252752754,0.04685631672032392,-49.36894029010022,12.493598333185663,646.3044150182069,0.8240896855863267,-0.7009394191355294,0.10606158279869209,17.505861043930054,1790364350.4442444,0.8,0.8
-4.746623740925684,1.702887362046194,4.878025154360214,0.011333155497972841,0.0049192512592347165,-0.002974784781801798,-48.56811564711081,10.148211394935524,648.3911640865576,0.8698092849379696,-0.7251149257168974,0.1114887320291634,17.51559329032898,1790364350.4539766,0.8,0.8
-5.175808980735106,0.917631437378574,4.049365664365939,0.007715055675896115,-0.00017898034365401716,0.02399650477575775,-47.59357285273023,8.124900719315182,651.188469201068,0.8469494853595463,-0.7221546595582746,0.09372715263069731,17.52579426765442,1790364350.4641776,0.8,0.8
-5.450032124411375,0.35622457785664596,3.408255978164953,-0.013993543524330215,-0.005935048312873614,0.013964500815165315,-46.52374301904319,6.3160196301701905,654.6304443195315,0.8512254191081948,-0.729884243444392,0.10227902422845533,17.53543734550476,1790364350.4738207,0.8,0.8
-5.467596017490617,0.11848757267223427,2.9525340625861225,0.024654341097665705,0.005083710342777853,0.014128959897267784,-45.47037830481395,4.530242581028298,658.6807204493016,0.8645465972820554,-0.7410674713526463,0.09882538378348484,17.54698896408081,1790364350.4853723,0.8,0.8
-5.201436593591551,0.16631354134502063,2.5735571186541435,-0.01711826617453699,-0.0080730164239846,0.011004237332853176,-44.569990260525934,2.599505283601173,663.2598506353817,0.8372464049045527,-0.7346535612058794,0.09898984285253748,17.556522369384766,1790364350.4949057,0.8,0.8
-4.691994928773737,0.3770358798449839,2.2023671653375283,0.021036241322037838,0.006070464843484877,0.011004237332853176,-43.94301180377229,0.44984106399174817,668.2583997648712,0.8777033164033599,-0.7553754249799683,0.08928675773645092,17.565749406814575,1790364350.5041327,0.8,0.8
-4.021248641929365,0.649849421310674,1.8709777455943197,-0.011033279969849943,-0.0005078985124518653,-0.011526657228331239,-43.65085505031914,-1.9289879035302258,673.5711102111813,0.8418512566503225,-0.7446855745396146,0.08254393582560726,17.575996160507202,1790364350.5143795,0.8,0.8
-3.2784705860819074,0.9680876725241446,1.6724520736504582,0.011168696415426088,-0.0033037029514975946,0.035837558506856444,-43.689003681189696,-4.561441678516372,679.0606825478429,0.8489229932443814,-0.7512639440209633,0.09175364379102535,17.586535930633545,1790364350.5249193,0.8,0.8
-2.5543924999719065,1.3337142296212239,1.6644478783040568,0.0009722332463076439,0.00409695584112478,-0.0016591121040756968,-44.00929576835755,-7.489545617503769,684.4472677020973,0.8370819459134837,-0.7469880038506682,0.08435298561064643,17.59629464149475,1790364350.534678,0.8,0.8
-1.9444548666482502,1.6696330252461762,1.7963271132303253,0.0075505965927730595,-0.0033037029514975946,0.019720568673240083,-44.540888351898,-10.706839128223002,689.3389877571354,0.8559947298198688,-0.7571844766100279,0.08254393582560726,17.6066677570343,1790364350.545051,0.8,0.8
-1.527222256501804,1.8417898833245623,1.957659226691086,0.011168696415426088,0.003932496757423909,0.016431387043962832,-45.19954412203696,-14.14471845167495,693.4450492354727,0.8430024695855151,-0.753566373354859,0.06889383280513235,17.616569757461548,1790364350.554953,0.8,0.8
-1.3580875667385253,1.753293615966586,2.0801740323455906,-0.006921802825137338,0.001301151414630844,0.021200700403020648,-45.89389322873606,-17.741139342821953,696.6805753907033,0.8216228007067113,-0.7492904331697084,0.06330222428918911,17.626247882843018,1790364350.5646312,0.8,0.8
-1.442579936994677,1.4082594410756337,2.1750927248297747,0.02268083213069772,0.01083977825025411,0.0019589877509610526,-46.53662309931695,-21.492893578391225,699.070108711356,0.8362596509579855,-0.7599802836844117,0.06527573318048366,17.636495351791382,1790364350.5748787,0.8,0.8
-1.697519936230835,0.9215908705987494,2.333774792679501,0.004754792175665309,0.003603578589943257,0.006234923926844119,-47.07516913797165,-25.41439456925733,700.6825712546568,0.8083016223154239,-0.7553754249799683,0.0708673416861917,17.645878076553345,1790364350.5842614,0.8,0.8
-1.9975710676291698,0.48722020635213664,2.704530531419366,0.017582600615394336,0.012484369075067787,-0.009059770938316974,-47.52948710294816,-29.445388062719097,701.7151799648609,0.8660267281862852,-0.777084044868594,0.06938721002573517,17.656395435333252,1790364350.5947788,0.8,0.8
-2.260209986800108,0.3423044159717186,3.404143771047087,0.010017482836866154,0.005083710342777853,0.024325422936763548,-47.98856410803988,-33.42342908850919,702.5791776169805,0.809781753251266,-0.7647496016621855,0.05968412464573564,17.66715431213379,1790364350.6055377,0.8,0.8
-2.475567388084571,0.719219324369825,4.459553908583888,0.023174209372789703,0.017582600615394336,0.004590333092069618,-48.55120776500349,-37.15054294208873,703.7812881207518,0.8400422077511543,-0.7779063410906053,0.06099979724476611,17.67667055130005,1790364350.615054,0.8,0.8
-2.681592145844545,1.780807446540408,5.868873213176973,0.049487661948379655,0.02564109557975061,-0.002974784781801798,-49.26304833382612,-40.4955196665743,705.6653157942789,0.8158667359783421,-0.7736304007474242,0.0491587437952289,17.686686038970947,1790364350.6250694,0.8,0.8
-2.9047728475529504,3.582439898692148,7.696508594262585,0.028601359020417202,0.02136515948397749,-0.025834597828769443,-50.109891400125804,-43.48236523249836,708.2962914880146,0.8196492928013074,-0.7779063410906053,0.06313776521475109,17.696564197540283,1790364350.6349475,0.8,0.8
-3.1100774394852975,6.036981887628778,10.079704298139946,0.08221501768255074,0.049652121024916895,-0.0024814075274563335,-51.058033814155706,-46.272029920821936,711.5210501039048,0.8301746682792783,-0.7821822814617344,0.05475035238497779,17.705785989761353,1790364350.6441693,0.8,0.8
-3.183830622572361,8.797396694934308,13.332484946664932,0.14997215309487244,0.11132427296196165,-0.01596705256544556,-52.07328548032523,-49.01253984977764,715.0326243250004,0.7722851026007979,-0.763105009252157,0.049981039177915104,17.716604232788086,1790364350.6549876,0.8,0.8
-2.9451514178167697,11.09337564189959,18.453515762855574,0.3047281201048363,0.21328889010224983,0.045047266872253286,-53.089461024225855,-51.73342860873627,718.3396214941109,0.8135643100833387,-0.768696623463025,0.025312177419159212,17.725518941879272,1790364350.6639023,0.8,0.8
-2.245142152508553,11.828203787890798,27.61352931332204,0.3369620917314226,0.26344890018406886,0.01231990999270409,-53.97309752706857,-54.436850718672865,720.7489377112331,0.7344595333553715,-0.7356403166090589,0.016431387043962832,17.737539529800415,1790364350.6759229,0.8,0.8
-1.132855839935376,10.22806138209716,43.65178181494785,0.3938649173441363,0.3039058249000734,0.004754792175665309,-54.5386943781154,-57.25193056560315,721.4512389874658,0.7660356607685175,-0.7325155911706592,0.018898273266896665,17.74675989151001,1790364350.6851432,0.8,0.8
0.0711814130380389,6.622750287805619,68.6352494743653,0.44698518315115304,0.3474874700550602,0.005412628509785272,-54.60490991134181,-60.40118480304035,719.5572795275295,0.6583150158702601,-0.672323514498604,-0.0034681620363851695,17.756305932998657,1790364350.6946893,0.8,0.8
0.8874922945141871,2.4550497863995866,102.78724212162084,0.5139200046208078,0.39320708122299647,-0.005606130142330995,-54.016519417300835,-63.96611786548338,713.9965377021294,0.630685902983973,-0.638280457082827,-0.005606130142330995,17.76582932472229,1790364350.7042127,0.8,0.8
0.9568087135419096,-0.5139493621786182,144.52562354218338,0.5649022992279751,0.4392556089874707,-0.05609507057583285,-52.622556048872646,-67.72552320337661,703.5035922154669,0.5977941014034884,-0.5951921452372482,-0.03767565227252352,17.77630352973938,1790364350.7146869,0.8,0.8
0.3478684865359211,-0.9171829654013138,191.15009897885983,0.6009188225788162,0.4690226922544141,-0.09112485812453419,-50.27748009113776,-71.3017058318348,686.9125848824589,0.518360398083717,-0.5345067027920936,-0.058068579700107786,17.78581213951111,1790364350.7241955,0.8,0.8
-0.3308147573076536,2.016055860937611,239.61310568812723,0.6722940311703068,0.5285568571015371,-0.16315794642393103,-46.86360331243067,-74.44396221874464,663.4465882995303,0.4665558069226622,-0.46954532684044015,-0.06842950266763331,17.795501947402954,1790364350.7338853,0.8,0.8
-0.13546473953392413,8.453991124187661,287.2407377385592,0.7298546814037683,0.5665468893512734,-0.15427715441514409,-42.31934896103269,-77.08617588221855,632.649077030677,0.3435404531931926,-0.3815596745139431,-0.06579815714168982,17.80589008331299,1790364350.7442734,0.8,0.8
1.7685045144057974,17.921123865791,332.25549880212503,0.7551813670197745,0.5880910198247239,-0.16365132376027156,-36.6955895487219,-79.10922945326308,594.1996744906402,0.3221607783257519,-0.32186100378766386,-0.05560169329538209,17.815885066986084,1790364350.7542684,0.8,0.8
5.696973610362944,29.356342403544332,373.7875195039979,0.7859351991768603,0.612759871194863,-0.17253211585992345,-30.19848141515893,-80.06603983084793,548.0012216014342,0.2236498103843422,-0.23979589590634798,-0.05691736604379993,17.826414108276367,1790364350.7647974,0.8,0.8
11.353009494388303,41.376133944304364,411.4964061735938,0.8161956539631716,0.6412112793681922,-0.1779592666300859,-23.159164790734415,-79.17848151568076,494.4824196140331,0.17612114359539796,-0.18420871301169345,-0.0498456250416862,17.83606266975403,1790364350.774446,0.8,0.8
18.013535318920315,52.62075759073993,445.3428545200924,0.8762231855052753,0.6892333084039275,-0.18091953070020944,-15.974643208777602,-75.68395016541714,434.78917529458056,0.11625804496748621,-0.1266480242661268,-0.045240770462846316,17.846683979034424,1790364350.7850673,0.8,0.8
24.777885411709907,62.032904971496535,475.7142395783764,0.9240807508324231,0.7287034684143592,-0.17845264397443544,-9.074447310860334,-69.26332645428285,370.82347635119135,0.092740398211304,-0.0903025626276622,-0.029123779604676187,17.85634708404541,1790364350.7947304,0.8,0.8
30.799503482493222,69.00970120368926,503.5799970857363,0.9670045459165605,0.7660356607685175,-0.19177383237356843,-2.888653610888199,-60.18086902810693,305.21840840084053,0.0708673416861917,-0.06448248438137263,-0.012842329918785242,17.866524934768677,1790364350.8049083,0.8,0.8
35.487109310498724,73.42698875265222,530.2922334549164,0.9916733934228746,0.7905400510162632,-0.17401224788493758,2.181031181644358,-49.08745827068795,241.14320436510067,0.03797552652741145,-0.043431720455579054,0.0073861375096237886,17.877140045166016,1790364350.8155234,0.8,0.8
38.58884633903923,75.55242745257742,557.0586581193099,1.0171645356736914,0.8135643100833387,-0.17006522915691083,5.781150814485196,-36.785935523649385,181.85354599923707,0.03600201758551472,-0.03274187957061962,0.006563842093483832,17.88577699661255,1790364350.8241603,0.8,0.8
40.151656886953965,75.86809751555735,584.4740540554355,1.0451225624708447,0.8356018149934018,-0.17582129814100259,7.680264382466928,-24.178779396029462,130.1182216731328,0.00886626925702319,-0.01629597073933821,0.004261414924799353,17.896560192108154,1790364350.8349435,0.8,0.8
40.472164373596165,74.88221107877779,612.3458102746239,1.0142042740015698,0.8369174869224048,-0.18322195831699273,7.8969260759681195,-12.291409142353075,87.75807841726458,0.02300975029211831,-0.01169111631454485,-0.005606130142330995,17.90574336051941,1790364350.8441267,0.8,0.8
40.071377586443695,73.0262984817224,639.7806349001335,1.075547473780043,0.8601062045646213,-0.20920649897191967,6.75489139933988,-2.1804562578244524,55.41020310773676,-0.009882066367657413,0.004425874008447628,-0.00017898034365401716,17.915561199188232,1790364350.8539445,0.8,0.8
39.61868326121254,70.64118701012096,665.5261883524431,1.034761646679741,0.8530344679998156,-0.21430473172073378,4.773174958527509,5.273072307617986,32.525167511899824,0.007879514758992928,-0.002316948442727368,-0.004948293801563558,17.925809621810913,1790364350.864193,0.8,0.8
39.752003130807985,67.99722856201046,688.3703077739563,1.0477539061598296,0.8564881067895652,-0.18980032296869737,2.474009136584781,9.567789329032863,17.663107415945642,0.016431387043962832,-0.002316948442727368,-0.00823747550964031,17.936848640441895,1790364350.875232,0.8,0.8
40.831797054381205,65.29850875448864,707.2957769803651,1.0086126686148127,0.840371125732913,-0.18535992682353908,0.26616888714474096,10.714007083593458,9.011886124229804,0.005741546676687609,-0.0014946530194787921,-0.0021524893580248255,17.946470737457275,1790364350.884854,0.8,0.8
42.80630341546726,62.648101163507405,721.5069526895219,1.0076259147221986,0.8448115184826697,-0.19276058707762722,-1.5659033957639845,9.267167518418471,4.796291385141245,0.006399383010177104,-0.0026458666122117364,0.0019589877509610526,17.95567226409912,1790364350.8940556,0.8,0.8
45.31145749847447,60.01478505539806,730.5393917365568,0.9921667703712905,0.8239252265944262,-0.1715453611779172,-2.8483675028539324,6.209723366768461,3.440077581342849,-0.016460429826324577,0.004261414924799353,0.002781283170781204,17.965404748916626,1790364350.903788,0.8,0.8
47.87115545977083,57.26567015291544,734.3738411227125,0.955163499052071,0.8078082453366152,-0.1774658892860045,-3.5260422991831786,2.6690242934578183,3.6366672284064383,0.01511571438933454,-0.005112752886715699,-0.0054416710570994176,17.976705312728882,1790364350.9150887,0.8,0.8
50.03160045202677,54.250897588176734,733.3704990783041,0.9350995028808327,0.7856062811879947,-0.12960828817150116,-3.6668963872878355,-0.4227070962394444,4.435703720546239,-0.0036326211212991677,0.000807774162106506,-0.006592884654276751,17.985759735107422,1790364350.924143,0.8,0.8
51.434760165973074,50.85836787990805,728.0281145801239,0.8795123652777529,0.7607729728967267,-0.15822417307512218,-3.422826500743563,-2.5565026664529884,5.279012016491006,0.018733814185549952,-0.0034681620363851695,-0.008566393681031348,17.995505332946777,1790364350.9338887,0.8,0.8
51.903221289452866,47.042103503235474,718.8760916074517,0.9140487526652541,0.7704760536510665,-0.15789525485281067,-2.958455482571351,-3.6585302821927956,5.891286761485594,-0.009882066367657413,0.004590333092069618,-0.009882066367657413,18.005017042160034,1790364350.9434004,0.8,0.8
51.515525426333426,42.870133651681314,706.7001250773246,0.8717827928063863,0.7523855640761699,-0.15789525485281067,-2.4128036569693596,-3.9231253097476912,6.090541181787653,-0.009553148195841563,0.003110201338524965,0.011333155497972841,18.015777349472046,1790364350.9541607,0.8,0.8
50.55425300780403,38.54050648521034,692.7333776831708,0.8847750529058606,0.7504120561139086,-0.13947583459040983,-1.924534799087576,-3.6130546915793302,5.742605215663924,0.029752572578415584,-0.01053990271160797,0.006399383010177104,18.0260808467865,1790364350.9644642,0.8,0.8
49.3386439395712,34.33669069931856,678.4376363819819,0.8597772865852678,0.7458072041952701,-0.15263256331181108,-1.6401530647537863,-2.9529580259045303,4.936131928108684,-0.00823747550964031,0.0006433150778790003,0.003932496757423909,18.03572177886963,1790364350.9741051,0.8,0.8
48.09611621255067,30.550500788106522,665.1480964223739,0.872111710784321,0.7458072041952701,-0.13273301119287803,-1.6355195803012064,-2.112428789055651,4.039899376562822,0.018569355104177232,-0.0041259983761998825,-0.01448692078424911,18.04623055458069,1790364350.984614,0.8,0.8
46.93786517260874,27.38432218578397,653.9196109894929,0.8688225310032409,0.7537012360500583,-0.13783124351334505,-1.8407155329059215,-1.2432504274369485,3.439323364778037,-0.022216497887686842,0.008372892008126027,-0.01629597073933821,18.05582880973816,1790364350.9942122,0.8,0.8
45.89903519766387,24.89163692096935,645.4743619958141,0.8434958465575881,0.7416957292599478,-0.11316237770394708,-2.0795441270333694,-0.5296011310019944,3.2559050229951016,0.0016300695828486422,0.0001499378250383182,-0.005606130142330995,18.066798448562622,1790364351.0051818,0.8,0.8
44.984471126566845,22.991122911712147,640.0894567584031,0.8556658118400219,0.7530434000632092,-0.12286546484506494,-2.1963251584688126,-0.15474111238314112,3.3494996801191594,0.012155450910314239,-0.003797080206239617,-0.00017898034365401716,18.076324939727783,1790364351.0147083,0.8,0.8
44.1876625196719,21.49123428697863,637.5694629130792,0.8693159079706487,0.7574837929707593,-0.10905090013179797,-2.1594584334725466,-0.17940783260034426,3.561256270861028,0.010017482836866154,-0.005277211971894319,0.015280173471254342,18.086059093475342,1790364351.0244424,0.8,0.8
43.49986227154496,20.12983215513527,637.4774146077701,0.8781966933692172,0.7747519875300044,-0.12023411916981738,-2.061024760497767,-0.46313903905206083,3.866639956374042,0.010017482836866154,-0.0014946530194787921,-0.0028103256969935486,18.096617460250854,1790364351.0350008,0.8,0.8
42.908913288988316,18.681765628625506,639.3972520499792,0.8620797124399173,0.7680091687173609,-0.08405311687437594,-2.0176870532267737,-0.7519276207011111,4.2590204564875265,-0.013006789005211766,0.00409695584112478,-0.011855575400785079,18.10712957382202,1790364351.045513,0.8,0.8
42.39325244020658,17.066439898231323,642.9633801673511,0.8706315798833115,0.7869219531431871,-0.13602219333192656,-2.0642316268406073,-0.8945461068368998,4.618979912195702,0.021036241322037838,-0.006921802825137338,-0.013171248091664922,18.11716389656067,1790364351.0555472,0.8,0.8
41.96322891228419,15.353104988863073,647.805904073012,0.8854328888586984,0.7930069359266232,-0.10477496347564116,-2.1418695252312996,-0.9643890450322565,4.80666416068811,-0.01333570717814471,0.000807774162106506,0.0003143969093449134,18.12652015686035,1790364351.0649035,0.8,0.8
41.6855202309447,13.650717958100952,653.5907351163136,0.8790189883121231,0.7948159848592965,-0.10757076821018355,-2.177885638416681,-1.1245027089509425,4.818916307495139,0.023832045695215992,-0.006921802825137338,0.005906005760099364,18.135807514190674,1790364351.0741909,0.8,0.8
41.60226242889471,11.982141562136526,660.0119073690117,0.8693159079706487,0.7966250337906284,-0.09276944912038834,-2.157147081473394,-1.386895659439324,4.786475949698456,-0.006921802825137338,0.0024523650029321387,0.0011366923304824278,18.146456003189087,1790364351.0848393,0.8,0.8
41.6768980199427,10.265923403931195,666.6645679496092,0.8604351225439355,0.7982696237270425,-0.10609063629087331,-2.1185789438019054,-1.5622980036908225,4.833684038139687,0.00903072833993649,-0.0006723575968903689,-0.000836816681355268,18.15707802772522,1790364351.0954614,0.8,0.8
41.864264755351115,8.38505639009126,673.0310228063722,0.883788298976323,0.8078082453366152,-0.10773522731247134,-2.106417308328563,-1.4737478126779295,4.956689715604444,0.007715055675896115,-0.0033037029514975946,-0.011197739055983785,18.166680335998535,1790364351.1050637,0.8,0.8
42.18412535374509,6.249002909414578,678.6709183953219,0.8538567629501536,0.8015588035965682,-0.11447805053080154,-2.1360738629143823,-1.1915259622699519,5.060023799188498,0.0014656104987529062,-0.0021524893580248255,-0.000836816681355268,18.175898551940918,1790364351.114282,0.8,0.8
42.69719756161514,3.831512137947367,683.3589439329908,0.8591194506264428,0.8055058194342168,-0.08701338064719882,-2.1909440901628128,-0.9845142585233766,5.0772979746306675,0.011333155497972841,-0.0014946530194787921,-0.0028103256969935486,18.186488389968872,1790364351.1248717,0.8,0.8
43.41670734714112,1.1843443248607668,687.0444752268148,0.8472784033404529,0.806163655406548,-0.09490741741920941,-2.239798532901284,-1.0215843331863885,5.005672590231972,-0.006757343739693791,-0.000836816681355268,0.004261414924799353,18.197031021118164,1790364351.1354144,0.8,0.8
44.26056857596211,-1.593463842253696,689.8252332303983,0.8673424001004955,0.8196492928013074,-0.08158623040395288,-2.2695073234042287,-1.1928999211022018,4.876882341053956,0.01725368245225843,-0.0054416710570994176,-0.0021524893580248255,18.206554174423218,1790364351.1449375,0.8,0.8
45.1036669845773,-4.414387994557273,692.0111788697955,0.8655333512182962,0.8272144064304423,-0.09688092662235145,-2.306149176007442,-1.2660137213153562,4.739379125160132,-0.00823747550964031,0.0034391195061634766,-0.007908557338355424,18.215627908706665,1790364351.1540112,0.8,0.8
45.87217463633864,-7.244393279854366,694.0996696493844,0.8559947298198688,0.8263921114718316,-0.08471095326755212,-2.3865444256409805,-1.1684724219421405,4.624147426801976,0.010510860084977452,-0.003797080206239617,-0.004948293801563558,18.225808143615723,1790364351.1641915,0.8,0.8
46.59228036658124,-10.099486288411796,696.5619073753552,0.8568170247693132,0.8336283070986606,-0.09507187651931606,-2.5111059815802164,-1.0499493052057036,4.5253861761615095,0.0075505965927730595,-0.0026458666122117364,0.004425874008447628,18.23662495613098,1790364351.1750083,0.8,0.8
47.350957629857135,-13.026098729067623,699.5993612914405,0.8313258812195808,0.8222806366748409,-0.057246284231179057,-2.6356555383328866,-1.0674438112126656,4.447858582103525,0.0009722332463076439,0.0021234468349777408,-0.0010012757658465488,18.24578833580017,1790364351.1841717,0.8,0.8
48.19633865176245,-16.103911752085065,703.107293016067,0.8813214141510018,0.8550079758802087,-0.08027055762229904,-2.7039467721921326,-1.1904781391543187,4.4142070856014755,0.007221678426448289,-0.0031392438666364847,-0.006921802825137338,18.256309747695923,1790364351.194693,0.8,0.8
49.08458079746539,-19.43165253406137,706.8825901051164,0.8313258812195808,0.8280367013887916,-0.04672090228942616,-2.6917892731420685,-1.2740779022686801,4.415342484142381,-0.0046193756313386986,0.0006433150778790003,-0.004948293801563558,18.26583194732666,1790364351.2042153,0.8,0.8
49.921253600867416,-23.07489867260581,710.7695626173515,0.8420157156410948,0.8500742061765337,-0.07467894832018637,-2.618697409843107,-1.253561280396014,4.425217623734634,0.018733814185549952,-0.006592884654276751,-0.001823571188698997,18.27635359764099,1790364351.214737,0.8,0.8
50.635223362476616,-27.03955128290387,714.5774892373609,0.8286945373552828,0.8425090926133506,-0.05280588871082456,-2.503853252912821,-1.1604688381516173,4.47805995910546,0.008537351091117959,-0.00823747550964031,-0.001165734850364225,18.28539490699768,1790364351.2237782,0.8,0.8
51.22558249970457,-31.28749231451901,718.0745123304592,0.8423446336226088,0.8574748607286906,-0.06135776158270018,-2.3225884958559457,-0.9519871000369234,4.709844746174566,0.024654341097665705,-0.014651379870942047,-0.001165734850364225,18.295444011688232,1790364351.2338274,0.8,0.8
51.745168746870526,-35.7461633729911,721.163590709938,0.8436603055482588,0.8573104017388611,-0.03241296139135785,-2.0335747997306055,-0.4351956891325907,5.295228315163444,0.011662073662987854,-0.009059770938316974,0.0014656104987529062,18.307035207748413,1790364351.2454185,0.8,0.8
52.2570100879364,-40.29764441175943,723.9181085473597,0.7981051647334507,0.848100698292543,-0.06711382990377618,-1.6582725110654022,0.5212402073125411,6.3654798642542945,0.048994284718615375,-0.03356417501924669,-0.010046525453605196,18.315203189849854,1790364351.2535865,0.8,0.8
52.833050862054485,-44.774109880665826,726.3654625363107,0.8295168323131622,0.8538567629501536,-0.045898606829942526,-1.2967054061186531,1.606472449490518,8.12447417967907,0.1017856470226907,-0.061851138866039185,-0.06267343433882216,18.326526641845703,1790364351.26491,0.8,0.8
53.53991329393322,-48.996871627914,728.3312420101494,0.7760676594911918,0.8359307329757142,-0.05658844785653072,-0.9954700371177276,1.9062361372816699,11.165641515789675,0.1443805449866702,-0.1052683407811402,-0.06810058447650294,18.33666443824768,1790364351.2750478,0.8,0.8
54.3661861133045,-52.84010317432021,729.4992072079519,0.8069859503717172,0.8362596509579855,-0.03290633866029101,-0.6315168387715553,0.2952695953976351,16.685889877370972,0.23351735342867955,-0.16365132376027156,-0.05773966151245383,18.346999168395996,1790364351.2853825,0.8,0.8
55.16044859152787,-56.25500707792517,729.4840695868163,0.7380776313106064,0.797940705739848,-0.011855575400785079,-0.007301747313408286,-3.7595290293448307,26.408961947861762,0.29897205366070384,-0.22088309660123684,-0.04326726136417265,18.356735944747925,1790364351.2951193,0.8,0.8
55.61060375174692,-59.25723077222989,727.7631188966136,0.7231118624571681,0.7736007745633632,0.0006433150778790003,1.0053612434755264,-9.54410903860054,42.307730804127544,0.4400779041131432,-0.2985078059469052,-0.041951588633900624,18.36591339111328,1790364351.3042967,0.8,0.8
55.297611869489565,-61.919886787973944,723.5466477022139,0.676241047237359,0.7375842543170585,0.0014656104987529062,2.4766155860029095,-15.1422568504341,66.22868092436379,0.49270479124213107,-0.35212148647496566,-0.040964834087338434,18.37645936012268,1790364351.3148427,0.8,0.8
53.840317763883,-64.37482972869331,715.8095273349135,0.6482830165939886,0.686766423378644,0.0560660249900715,4.4450965431029585,-18.24675898904211,99.40560644009317,0.6089773140063469,-0.4183985258744652,0.005248169426294705,18.3862361907959,1790364351.3246195,0.8,0.8
51.021690554263095,-66.78871630790239,703.4804019028041,0.5803614463261851,0.6380865582601668,0.033206213244828524,6.778178774797407,-17.147657982345304,141.97067229270525,0.658972851886586,-0.46198020494062075,0.04307375794356475,18.396165370941162,1790364351.3345487,0.8,0.8
46.85425050683901,-69.27058858052739,685.576241896829,0.5191826931681267,0.5721384957589302,0.049816580101428705,8.981181230491385,-11.247803988078992,192.72206220236077,0.7296902224053183,-0.4978323050452673,0.10787063254512161,18.406739950180054,1790364351.3451233,0.8,0.8
41.59654284803254,-71.7447502627385,661.2870800647835,0.4649112166993198,0.5096440701636828,0.054585893309227154,10.197075772280469,-1.0678615508212408,249.16899669188746,0.7507409741077381,-0.5052329681225893,0.12201411227981138,18.4166259765625,1790364351.3550093,0.8,0.8
35.668456455614596,-73.91910500867986,630.1027323039252,0.3853130477457829,0.4290591493917753,0.06774261928951548,9.500746916246102,11.956884933275356,307.65903584394505,0.6887399313991073,-0.48648462180135177,0.11971168535842124,18.427200317382812,1790364351.3655837,0.8,0.8
29.518214899379593,-75.3842573417645,591.899887201334,0.33581087847234603,0.3632755373895451,0.06297330614028793,6.348497220123063,25.85751736083127,363.6551952396596,0.7426824832451134,-0.5037528355012865,0.14536729936068465,18.436793088912964,1790364351.3751764,0.8,0.8
23.515441301111693,-75.72582787866197,546.9417954847224,0.2525946030916072,0.2808815589568875,0.08188609953939503,0.8114552412033738,38.698675325927674,412.5295024415394,0.6801880632967123,-0.4915828562811304,0.17579222547953038,18.44662880897522,1790364351.3850121,0.8,0.8
17.86351902998322,-74.57857297395192,495.89121453059045,0.21592023494414056,0.23433964867880872,0.05359913885419136,-6.582294890871668,49.06149206021038,450.8057913060311,0.7791923803960792,-0.5346711619788945,0.18385071929187033,18.455861806869507,1790364351.3942451,0.8,0.8
12.591779731723149,-71.65466878996783,439.93009213668586,0.17496993018945886,0.17973924286387832,0.07991259067837658,-15.09699828296948,56.231089380441716,477.2580296956734,0.7874153301261989,-0.5479923562318124,0.16082645110985416,18.465909242630005,1790364351.4042926,0.8,0.8
7.641270989578625,-66.78398255387935,380.89002950360185,0.1195472262924272,0.1356642146459009,0.05030995733081166,-23.862470218107312,60.164298113234146,493.2806077917278,0.8226095546588423,-0.5882848588484904,0.17496993018945886,18.476594924926758,1790364351.4149783,0.8,0.8
2.9669557474276904,-59.972589978375304,321.14337795717717,0.11477791336811398,0.10737725534184173,0.03682431297842085,-31.90370071477942,61.387402376671275,502.28842935839634,0.8865841017758049,-0.6293996597696567,0.15013661215646668,18.486335515975952,1790364351.4247189,0.8,0.8
-1.3603601747112726,-51.45536449717446,263.27137634754064,0.08007704975026467,0.07497881851016962,0.019062732348217364,-38.29184387550999,60.82658490625359,508.57131388299825,0.88905098659664,-0.6504504387692408,0.14684743092011493,18.496963500976562,1790364351.4353468,0.8,0.8
-5.1110131932366745,-41.70522776689539,209.71552330147392,0.07728124552478699,0.05836845204509053,0.028272440860756698,-42.368782000257056,59.53150876643151,516.2094825268632,1.0025276862730035,-0.6974857754087432,0.14964323497161347,18.50668168067932,1790364351.445065,0.8,0.8
-7.983598191278373,-31.378374171703324,162.45938386022954,0.05096779363629987,0.04340267609860151,-0.0003434394280397435,-43.963627505504654,58.351700118417625,528.2859399186733,0.9489140576347228,-0.7011038783610527,0.17200966714043542,18.516446828842163,1790364351.4548302,0.8,0.8
-9.739896370808893,-21.206675876737215,122.79294952078519,0.05146117086514937,0.03369959048196026,0.006070464843484877,-43.514160253424706,57.71686702182088,546.3270410847434,1.011244012327224,-0.7234703334049395,0.19092245871465252,18.526236534118652,1790364351.4646199,0.8,0.8
-10.292138146649098,-11.880649831614136,91.2143686408238,0.032219458769870035,0.025476636499467853,0.0016300695828486422,-41.977135469141274,57.64546715859227,570.02067581452,1.0012120144140444,-0.7367915312479459,0.2101641680950976,18.536434650421143,1790364351.474818,0.8,0.8
-9.73874755133996,-3.9624255395610395,67.42562223514084,0.03337067232389817,0.016102468880462184,0.006892760260018546,-40.52898215980095,57.93904670662417,597.5704468744324,1.0477539061598296,-0.762776090770644,0.23878004302006908,18.546120643615723,1790364351.484504,0.8,0.8
-8.353362019772804,2.1721450051952265,50.41048656206091,0.01659584612567406,0.004425874008447628,0.014951255307388639,-40.200833108746856,58.396650859696365,626.5563683589716,1.0411755469343535,-0.7668875718013661,0.23006371337215803,18.556036949157715,1790364351.4944203,0.8,0.8
-6.527434187440607,6.355759004790962,38.62535729744764,0.009688564671327705,-0.0005078985124518653,0.015280173471254342,-41.581689181048866,58.89270839095155,654.6492601225902,1.0355839415847243,-0.7695189196745164,0.2175648254674325,18.567113637924194,1790364351.505497,0.8,0.8
-4.662309835464257,8.60417749756031,30.31163915805611,-0.0054416710570994176,-0.0006723575968903689,0.008537351091117959,-44.66675242748644,59.29829713087641,679.9713456765169,1.0867306843734688,-0.7913919992793526,0.20062554297067037,18.5769784450531,1790364351.5153618,0.8,0.8
-3.068158775446827,9.090857019648537,23.894770196547785,-0.002974784781801798,-0.006921802825137338,0.04406051240836854,-48.91158781986386,59.37951296615348,701.2940469467204,1.0104217174172863,-0.7678743272525629,0.20555931459617163,18.586533069610596,1790364351.5249164,0.8,0.8
-1.9581864531057322,8.144328590109609,18.353124518817182,0.01922719142951205,0.011004237332853176,0.007879514758992928,-53.472180281649976,58.84022952448566,718.0094918359687,1.0576214449794508,-0.781031066743678,0.20407918311064402,18.59584617614746,1790364351.5342295,0.8,0.8
-1.4560861932402125,6.2170910849359755,13.340088961362238,-0.008401934595322555,-0.00823747550964031,0.024818800178077922,-57.501922442985204,57.50841993109308,729.897164434798,0.9841082802055556,-0.7530729956397786,0.18944232721104065,18.60637903213501,1790364351.5447624,0.8,0.8
-1.5497171231215103,3.8115621684599383,8.93165321547144,0.004590333092069618,-0.0021524893580248255,0.01922719142951205,-60.3680455746766,55.46753864523318,736.9885065010118,1.017328994655411,-0.7566910988922478,0.18763327759301424,18.615554809570312,1790364351.5539382,0.8,0.8
-2.090416713095371,1.402322153468995,5.2691752339496105,0.0029457422546662476,0.0029457422546662476,0.020871782241029056,-61.74178178624663,52.990110735525526,739.5442892145322,0.9413489443243334,-0.7249504664855202,0.16312887794844788,18.626052856445312,1790364351.5644362,0.8,0.8
-2.848854543298276,-0.619326360891849,2.4358197927500256,-0.006921802825137338,-0.001823571188698997,0.01791151877842609,-61.58839356490323,50.34448339956283,737.9388292259588,0.9170090144228705,-0.7052153590121001,0.16263550076913297,18.635942935943604,1790364351.5743263,0.8,0.8
-3.5974724973689014,-1.9866766493708818,0.49591522330756893,0.026627850060903707,0.003110201338524965,0.03205499969062016,-60.111240656972235,47.65442487743963,732.4799604701901,0.9091149830628877,-0.6974857754087432,0.15375471150560288,18.646631479263306,1790364351.5850148,0.8,0.8
-4.201604214693657,-2.5860333546761356,-0.5029196142563966,-0.01744718434880342,-0.0019880302733486926,-0.006757343739693791,-57.69961961178996,44.89046227354491,723.4374936523171,0.8703026619052037,-0.6749548620014809,0.15539930211509762,18.656096696853638,1790364351.59448,0.8,0.8
-4.610341909151491,-2.447002135215788,-0.6382911750430655,0.015609091635015705,-0.005935048312873614,0.028272440860756698,-54.856647951156994,41.96314074564539,711.3229669104256,0.9064836392716944,-0.6886049773346671,0.15753726990394482,18.665852785110474,1790364351.6042361,0.8,0.8
-4.789032843614705,-1.711823499371161,-0.1918258059988915,-0.003961539291206531,-0.002316948442727368,0.011004237332853176,-52.07455779362346,38.8432868334072,697.1161519733712,0.8387265358237105,-0.6627848798849438,0.13237503336790882,18.675458908081055,1790364351.6138422,0.8,0.8
-4.729700484449207,-0.6114358714331583,0.4883459707283793,0.01708922337065142,0.0017945286669180244,0.009853023754110027,-49.710866199650575,35.58752468083328,682.1698983463837,0.8716183338174044,-0.6767639134155534,0.13780218247149614,18.68747568130493,1790364351.625859,0.8,0.8
-4.478254484477679,0.5781315985924292,1.1923996657480764,0.01297774632200207,-0.0026458666122117364,0.008537351091117959,-47.95065825939388,32.240892912691166,667.8387561946485,0.798598541714193,-0.6501215203424892,0.12826355675701134,18.695996284484863,1790364351.6343796,0.8,0.8
-4.116424175049311,1.6003853031763986,1.877410527564759,-0.0036326211212991677,-0.005935048312873614,0.01659584612567406,-46.84350158862219,28.76467509451441,655.171088874976,0.8559947298198688,-0.6713367591876205,0.13122381991836096,18.706636905670166,1790364351.6450202,0.8,0.8
-3.7159007649092826,2.2786760563709008,2.531897594647765,0.014622337143418589,0.006399383010177104,-0.011197739055983785,-46.329564241361176,25.11208719324066,644.9121601564788,0.8362596509579855,-0.6683764932631544,0.123494243869646,18.71726107597351,1790364351.6556444,0.8,0.8
-3.2778386953135805,2.555317116516602,3.1044165556110292,0.011990991827898256,-0.0028103256969935486,0.008537351091117959,-46.257045843284494,21.355186307514778,637.6125379891325,0.8337927660899458,-0.6660740642195817,0.12332978480420487,18.72755479812622,1790364351.6659381,0.8,0.8
-2.74975767736183,2.477058097879896,3.583116186043069,0.03041040889670403,0.007057219343246532,-0.011033279969849943,-46.43952881136138,17.68403838475972,633.5143777908017,0.8420157156410948,-0.678572964834393,0.11494237243480754,18.735057830810547,1790364351.6734412,0.8,0.8
-2.1163963709796385,2.1424145679948134,4.014882031092029,-0.011033279969849943,-0.012184493573345348,0.002287905918968103,-46.72299378699639,14.262556184262602,632.3796079081096,0.8099462122440833,-0.6665674418711289,0.10787063254512161,18.746585607528687,1790364351.684969,0.8,0.8
-1.4299260288763025,1.6705907631053403,4.406974708958355,0.029752572578415584,0.007057219343246532,0.000807774162106506,-47.00706174501038,11.107401012721798,633.6032005823768,0.8801702012317938,-0.6992948268824881,0.12168519414847276,18.75587773323059,1790364351.694261,0.8,0.8
-0.7737922922024446,1.1879251891283535,4.7304230284703435,0.005906005760099364,-0.002974784781801798,0.0009722332463076439,-47.2410447883924,8.115559302567693,636.6086469156858,0.8536923039601058,-0.6948544278191636,0.11379115896744504,18.76569390296936,1790364351.7040772,0.8,0.8
-0.21719958302400028,0.8039921729471036,5.0240685308353354,0.02498325925846425,0.008043973842063519,-0.014158002610943188,-47.43368026123762,5.193490466255886,641.1057074329046,0.8520477140590813,-0.7012683375866158,0.11477791336811398,18.77590775489807,1790364351.714291,0.8,0.8
0.20707237055382943,0.5911642665872971,5.375591570260167,0.013306664486494299,-0.006592884654276751,0.029917031658026387,-47.645785313130695,2.349122672244732,646.876913641294,0.8377397818776976,-0.699459286107613,0.10310131957090823,18.786545515060425,1790364351.7249289,0.8,0.8
0.4615899082948517,0.5670881357915333,5.792881557671878,0.003932496757423909,-0.003797080206239617,0.0019589877509610526,-47.94813013116366,-0.35212615064376673,653.4999734074574,0.8453048954544082,-0.7121226465620875,0.12119181695128459,18.797346353530884,1790364351.7357297,0.8,0.8
0.47790707593475196,0.6886417489698272,6.169322672697977,0.03468634495552915,0.0049192512592347165,0.016102468880462184,-48.38843241754347,-2.903336361410667,660.478119172685,0.8913534124275369,-0.7251149257168974,0.10770617347738595,18.806604385375977,1790364351.7449877,0.8,0.8
0.21531178017297942,0.8854173868985018,6.421576503075041,0.009195187422823596,-0.0026458666122117364,0.0101819419195961,-48.98080953862217,-5.381723714024295,667.5421770145358,0.8517187960787568,-0.7193588526426673,0.11477791336811398,18.817704916000366,1790364351.7560883,0.8,0.8
-0.2922459099832568,1.1086878506206936,6.58612861528668,0.01708922337065142,-0.002974784781801798,0.010675319167628865,-49.696641894018136,-7.846853598600154,674.6544757501232,0.882637086058103,-0.7251149257168974,0.10491036932215855,18.826053857803345,1790364351.7644372,0.8,0.8
-0.9564078459368718,1.348511898021463,6.722763375423009,0.01708922337065142,-0.001165734850364225,0.023503127534054695,-50.468113649565424,-10.27488016525676,681.7139028222799,0.8232673906267185,-0.7116292688776038,0.10277240143400028,18.836033821105957,1790364351.7744172,0.8,0.8
-1.6804243673248707,1.6035986109469411,6.849790683207816,0.018898273266896665,-0.0019880302733486926,0.020542864078933562,-51.2127239671329,-12.637112998029075,688.3590623039638,0.8681646950465618,-0.7267595180328881,0.09487836611887145,18.846972465515137,1790364351.7853558,0.8,0.8
-2.3908271543224493,1.8403881836191858,6.982653457168381,0.007715055675896115,-0.0034681620363851695,0.013635582650882036,-51.86090618556215,-15.006231983949041,694.1070353082805,0.8453048954544082,-0.7201811487931093,0.0922470210012754,18.856871604919434,1790364351.795255,0.8,0.8
-3.027006389024101,2.00184273148105,7.1141200749942675,0.01083977825025411,-0.0005078985124518653,0.01922719142951205,-52.38569128270008,-17.54868359019915,698.6467314967657,0.8535278449700482,-0.7270884364965704,0.10671941907046151,18.867045879364014,1790364351.8054292,0.8,0.8
-3.5263955408839776,2.063772247830762,7.188487239170014,0.01281328723971678,0.0029457422546662476,0.013142205404261247,-52.83611449918764,-20.403386966649855,701.9411042991098,0.8405355847237771,-0.7226480372504718,0.0953717433277206,18.876462936401367,1790364351.8148463,0.8,0.8
-3.8484032222330655,2.063131621133473,7.1576562864037845,0.008537351091117959,-0.0014946530194787921,0.021529618564908364,-53.33340874674222,-23.58094812176487,704.1314940238952,0.8367530279313153,-0.7285685695851394,0.09915430192156566,18.886940717697144,1790364351.825324,0.8,0.8
-4.008158830418672,2.0601217288002998,7.019596524107377,0.014951255307388639,-0.00017898034365401716,0.02564109557975061,-54.01215719306782,-26.996542050187468,705.4836461307913,0.860928499512833,-0.738600582827355,0.09323377542111128,18.89676833152771,1790364351.8351517,0.8,0.8
-4.086966016871521,2.077491184636963,6.786018527495005,0.009524105588519197,-0.005770589227589051,0.041429167166847566,-54.958474754022944,-30.56914070244439,706.4156583736301,0.840700043714631,-0.7382716643580064,0.09570066146683065,18.907071590423584,1790364351.845455,0.8,0.8
-4.183734994231679,2.0897021150576744,6.467598319853174,0.01922719142951205,0.01297774632200207,-0.016789348000377374,-56.18543647436317,-34.24295024126278,707.4660262912035,0.8693159079706487,-0.7520862402107212,0.1026079423655097,18.916851043701172,1790364351.8552344,0.8,0.8
-4.312909277525585,2.1023519809729634,6.113479051900193,0.006070464843484877,0.001301151414630844,0.018240436941353716,-57.649908860962015,-37.93044264362371,709.1372788102979,0.8290234553384659,-0.7436988191230345,0.09389161170051016,18.927194356918335,1790364351.8655777,0.8,0.8
-4.3852641726601505,2.229119242156972,5.836096010733305,0.023338668453435164,0.01791151877842609,-0.006428425568886217,-59.28591768595389,-41.491280198009655,711.6814557240602,0.8405355847237771,-0.7522506994487953,0.09718079309161173,18.93487787246704,1790364351.8732612,0.8,0.8
-4.302062152422443,2.653315354752571,5.823134208783997,0.04406051240836854,0.025970013740238475,0.0024523650029321387,-61.01486292293887,-44.79093974747867,714.9917447670924,0.8428380105948038,-0.7538952918317837,0.08139272232447545,18.94574284553528,1790364351.8841262,0.8,0.8
-4.014502676891165,3.543943072265782,6.363035524645921,0.032219458769870035,0.030574867976211652,-0.016460429826324577,-62.72731299616475,-47.78485701701099,718.7207003583073,0.8231029316347653,-0.7529085364015002,0.08188609953939503,18.95820951461792,1790364351.8965929,0.8,0.8
-3.5224716352390306,4.958544477831394,7.895333826155421,0.14290041342405532,0.09882538378348484,0.015938009798672763,-64.27022909241356,-50.55815506824393,722.4448284244028,0.8316547992024309,-0.7519217809726879,0.06247992891674742,18.966736555099487,1790364351.90512,0.8,0.8
-2.8498765939754445,6.6028114934891775,11.3335662571702,0.2234853513329319,0.18829111381806962,0.004590333092069618,-65.47009681276228,-53.30345213472704,725.6987756114135,0.798598541714193,-0.7412319305879906,0.06840045558430406,18.976015090942383,1790364351.9143984,0.8,0.8
-2.01793669090508,7.657651904640347,18.636706498846177,0.37643226003167407,0.2823616903512204,0.035837558506856444,-66.1787813178243,-56.24500310075223,727.9480781075107,0.7946515258654726,-0.7315288357720957,0.05211900716992662,18.98706579208374,1790364351.9254491,0.8,0.8
-1.1047972420278545,7.198344932438898,32.78855684612848,0.3897534415820693,0.31377336732346695,-0.009553148195841563,-66.28962016417783,-59.52919264838331,728.5553638488418,0.7407089752743463,-0.703570766748688,0.025805554660007488,18.997111797332764,1790364351.9354951,0.8,0.8
-0.3086830045273889,5.071064439893644,56.544356726804786,0.44303816656185946,0.34008681342971975,-0.013829084437743874,-65.69742642886905,-63.17243360430245,726.7465861773717,0.7260721244362915,-0.6784085056143013,0.008537351091117959,19.00667428970337,1790364351.9450576,0.8,0.8
0.16408355197228142,2.3111119842195103,90.75008350860442,0.4928692502616431,0.37873468648141023,-0.033235256839714816,-64.26298196001424,-67.13005305689997,721.597661521662,0.6563415078199654,-0.6325243847373944,-0.011362198142144203,19.016687631607056,1790364351.955071,0.8,0.8
0.31214706498051814,0.6148488129800928,133.73445675461664,0.5435226274828168,0.42264524735238773,-0.09622309022085251,-61.833756794604966,-71.35640351917303,712.0484676007785,0.6045369207751468,-0.5899294508397736,-0.017940561610403416,19.027223110198975,1790364351.9656065,0.8,0.8
0.4565549514369033,1.4234166040818774,182.10192087007252,0.604701379783901,0.4616220362474021,-0.11414913232391649,-58.288927824970614,-75.70371285663396,696.9492188429599,0.5384243980271961,-0.5305596823198616,-0.03784011136300659,19.036052465438843,1790364351.9744358,0.8,0.8
1.1331216788455838,5.364429912182487,232.00200646950506,0.6061815108620265,0.47642334822628596,-0.11793169171000117,-53.589863570846205,-79.79089337891016,675.1758050606006,0.47198295464736356,-0.47036762270362553,-0.03997807954175417,19.04680109024048,1790364351.9851844,0.8,0.8
2.8115580368490556,12.208178863077254,280.06820699450304,0.6846284563543363,0.5306948243070246,-0.1312528792340832,-47.84216630998525,-83.07796936086962,645.8500368483011,0.4265922639952831,-0.4057351705262444,-0.05757520241866809,19.056362628936768,1790364351.994746,0.8,0.8
5.6797994758914445,21.11604528672273,323.95817599035865,0.7117641914996201,0.5466473487545,-0.12434559679062418,-41.312636541899494,-85.08613897583305,608.5615332238633,0.3192005156250778,-0.32580802320566177,-0.06102884339394535,19.067244291305542,1790364352.0056276,0.8,0.8
9.607142755281565,30.94075963021324,362.566664513276,0.73363723836472,0.5700005286051661,-0.1587175504088101,-34.34828282723368,-85.5070574807128,563.4248189842498,0.2838418217438567,-0.2705497530449259,-0.06119330248830901,19.07668948173523,1790364352.0150728,0.8,0.8
14.230593477303763,40.482623286603214,395.7996373396494,0.7759032004960835,0.6025634126689442,-0.15608620463219988,-27.275030431523152,-84.13810959646175,511.07244022140804,0.1805615381506211,-0.20394380713282018,-0.0454052295545795,19.085970163345337,1790364352.0243535,0.8,0.8
19.08817718253257,48.72297944925799,424.2064320514716,0.8055058194342168,0.6343040011225867,-0.15855309129755138,-20.37601024072156,-80.7824384799585,452.77439348059477,0.17825911134629724,-0.16874955625136578,-0.04112929317836418,19.09668755531311,1790364352.035071,0.8,0.8
23.71354679473999,55.00422836913925,448.87018724947325,0.870796038872351,0.6815037353147934,-0.13536435690318985,-13.910927317477588,-75.24473880721631,390.57412140915994,0.10935076415364936,-0.11891844633494869,-0.04869441139496976,19.106011152267456,1790364352.0443945,0.8,0.8
27.706297457760524,59.10451754524235,471.37631611176477,0.8864196427876748,0.7125864864985607,-0.18716897710226132,-8.107886864231263,-67.46350201242171,327.19339079169185,0.10014105633522093,-0.0963875493211849,-0.022216497887686842,19.115362405776978,1790364352.0537457,0.8,0.8
30.851958485025083,61.20629815939218,493.52353289421274,0.954670122098492,0.750247597116976,-0.1799327760090943,-3.1731313439335502,-57.702311856155916,265.6633415183208,0.0795836725345259,-0.07402111193381877,-0.016460429826324577,19.127477884292603,1790364352.0658612,0.8,0.8
33.20628321583213,61.744293579866955,516.8384074415558,0.9819703134239068,0.7765610364764481,-0.1967076059047001,0.6783860186294224,-46.631650276169836,208.85643904450154,0.03879782191877813,-0.05066792050444653,-0.0070862619106073915,19.13605809211731,1790364352.0744414,0.8,0.8
35.0325141184299,61.19571141483706,542.1708957803364,0.9980872937471892,0.7962961158032131,-0.20229921593946965,3.2667888551485342,-35.16145253963453,159.06578346505555,0.06692032392046558,-0.045076311371140404,0.014457878061394425,19.14575433731079,1790364352.0841377,0.8,0.8
36.67087706668529,59.97875414536574,569.5268526806191,1.033445974831431,0.8277077834054832,-0.20476610273063156,4.5317169730607585,-24.132524708500195,117.72397524511126,0.008701810174083675,-0.019585152484140847,0.0075505965927730595,19.157150506973267,1790364352.0955338,0.8,0.8
38.4484875806944,58.463732837863546,598.2101584807986,1.0507141678080356,0.8443181415108402,-0.22236322870609598,4.575236419151798,-14.155707845193252,85.2276685250076,0.0101819419195961,-0.005112752886715699,-0.011033279969849943,19.166846752166748,1790364352.10523,0.8,0.8
40.649364073265836,56.97214499408209,627.1522841533291,1.0594304937606736,0.8597772865852678,-0.256241808678553,3.6750006337045145,-5.715479326858238,60.866377839733836,-0.004454916546265966,0.0019589877509610526,-0.01596705256544556,19.176934480667114,1790364352.1153178,0.8,0.8
43.4927359275022,55.736592925228045,655.1251121554448,1.0569636090588257,0.8538567629501536,-0.21890958713194986,2.228046320093526,0.6501792192750124,43.126940383079614,0.006563842093483832,-0.007579639167176647,0.004590333092069618,19.186477184295654,1790364352.1248605,0.8,0.8
47.02788938629522,54.85484819212109,680.790644553247,1.0400243340688573,0.85780377870832,-0.23305307175950185,0.6132118212292265,4.443018684348462,30.320625041687872,0.002287905918968103,0.0016300695828486422,-0.0013301939349083108,19.1972815990448,1790364352.135665,0.8,0.8
51.01423700855177,54.2774130546576,702.8348029578345,1.0618973784611732,0.8671779411112531,-0.19752990149585886,-0.8963582410464909,5.6315919038300075,21.040459807272956,-0.0021524893580248255,-0.0019880302733486926,0.011004237332853176,19.206829071044922,1790364352.1452124,0.8,0.8
54.94447357849466,53.83374544977035,720.2937889487927,1.0413400059151132,0.8531989269899031,-0.19489855560680447,-2.129623003010972,4.90081588542346,14.281711871677116,0.027285686381155104,-0.005112752886715699,-0.000836816681355268,19.216749906539917,1790364352.1551332,0.8,0.8
58.20697442168962,53.28760925499661,732.7517253600632,1.0079548326864312,0.836095191966855,-0.19341842354760147,-3.0064456983371057,3.27889327600379,9.430262901974109,-0.00017898034365401716,0.00047885599362514075,-0.01037544362558046,19.2259783744812,1790364352.1643617,0.8,0.8
60.30495127310889,52.44640195384195,740.1498873943289,0.9913444754572275,0.8206360467541999,-0.20197029770116287,-3.518322944485931,1.5068260632362336,6.1494107892101475,0.0026168240868698345,-0.0006723575968903689,-0.012348952659665388,19.23577046394348,1790364352.1741538,0.8,0.8
61.02029865795007,51.26450900414314,742.532912899013,0.9599328095996342,0.8002431316492852,-0.17039414738359349,-3.685027430186356,-0.1595622323379074,4.1708874301514935,0.006563842093483832,-0.002316948442727368,-0.0003434394280397435,19.246922731399536,1790364352.185306,0.8,0.8
60.39045590301649,49.841736451459774,740.0491377186047,0.938224223604086,0.7828104782808153,-0.14276501675326062,-3.545061203603977,-1.643581873838318,3.211445438980706,0.009524105588519197,-0.004454916546265966,0.010017482836866154,19.257800579071045,1790364352.196184,0.8,0.8
58.56515874616303,48.342578781584145,733.1107442206842,0.9374019286772063,0.7796857573806851,-0.15263256331181108,-3.1932498649891135,-2.745930303932425,3.011965152021291,0.00409695584112478,0.0001499378250383182,0.0017945286669180244,19.266268014907837,1790364352.2046514,0.8,0.8
55.761066681198244,46.906092887842256,722.5223201779551,0.8870774787401393,0.7537012360500583,-0.15213918598138293,-2.794229203967329,-3.213925319694158,3.3266791898147647,0.004754792175665309,-0.004454916546265966,0.0019589877509610526,19.27656626701355,1790364352.2149496,0.8,0.8
52.329724584931114,45.57375727747249,709.4188549969193,0.9028655415550654,0.7550169080231867,-0.15197472687129882,-2.5154613935352517,-3.016124576637239,3.903259110220893,0.003932496757423909,0.0024523650029321387,-0.014158002610943188,19.285907745361328,1790364352.224291,0.8,0.8
48.762709408776345,44.25730012487336,695.0831096481189,0.8768810214600746,0.7408734342719768,-0.14309393497018597,-2.418621869846287,-2.4245429503198936,4.501019392777511,-0.0026458666122117364,-0.001165734850364225,-0.007579639167176647,19.297568321228027,1790364352.2359517,0.8,0.8
45.560900488315326,42.75654529314854,680.7851698801761,0.863230925366522,0.7296902224053183,-0.10905090013179797,-2.4271935735008148,-1.8019773859890973,4.923419183011151,0.015280173471254342,-0.0033037029514975946,-0.0003434394280397435,19.305833339691162,1790364352.2442167,0.8,0.8
43.08150504984222,40.82909994741757,667.6134111188028,0.882637086058103,0.742189106252585,-0.16463807843374986,-2.428996250853782,-1.349824251733741,5.079369502571823,-0.005935048312873614,-0.0005078985124518653,0.011826532745456128,19.316839456558228,1790364352.2552228,0.8,0.8
41.52260637276081,38.320413498666476,656.3688732801577,0.8505675831473056,0.7245919934472335,-0.15246810420163903,-2.395045413113707,-1.04929622027883,4.9925721846096,-0.00017898034365401716,0.0009722332463076439,-0.005606130142330995,19.32642126083374,1790364352.2648046,0.8,0.8
40.990360974657136,35.29514879236504,647.5254388592875,0.8545145989102447,0.7352818283457169,-0.17088752472383995,-2.37120080940578,-0.8005350589087997,4.747542654978642,0.01676030520735923,-0.0070862619106073915,-0.006757343739693791,19.336381912231445,1790364352.2747653,0.8,0.8
41.47722203984021,32.05759047787635,641.1928128813987,0.8556658118400219,0.7291968454098944,-0.14654757625494225,-2.3849465399824514,-0.6022602701423794,4.48462208226588,-1.452125929465864e-05,0.0006433150778790003,-0.0016591121040756968,19.34655475616455,1790364352.284938,0.8,0.8
42.78817168717385,29.02745657646278,637.2399292239676,0.8719472517953585,0.7459716631925264,-0.14687649447320913,-2.401222604276752,-0.5638208384186495,4.343047217540369,-1.452125929465864e-05,-1.452125929465864e-05,-0.005770589227589051,19.355908632278442,1790364352.294292,0.8,0.8
44.551264407903794,26.541628249250163,635.4973985315179,0.8426735516040822,0.7354462873437492,-0.13750232529828058,-2.3581743797350168,-0.7347530052468172,4.324964011553286,-0.0026458666122117364,-0.0013301939349083108,-0.004290457461219699,19.36674189567566,1790364352.3051252,0.8,0.8
46.338083688736816,24.706855129549904,635.7485597786895,0.8587905326469712,0.7489319251410848,-0.14243609853645173,-2.2303787336704115,-1.0056295547939265,4.329134943231745,0.024818800178077922,-0.0054416710570994176,-0.001823571188698997,19.37824320793152,1790364352.3166265,0.8,0.8
47.805682497207165,23.36073271704341,637.6445496800712,0.8656978102076356,0.7512343510983928,-0.1111888684670913,-2.064387701301955,-1.2249721428261422,4.325900616790068,-0.0014946530194787921,-0.001165734850364225,-0.000836816681355268,19.386787176132202,1790364352.3251705,0.8,0.8
48.766028397269004,22.098714394082847,640.7799720954937,0.8592839096161639,0.7551813670197745,-0.13569327511750023,-1.9474589533739655,-1.3517821467885096,4.386759377877122,0.023832045695215992,-0.0054416710570994176,-0.005277211971894319,19.39631748199463,1790364352.3347008,0.8,0.8
49.19327597303789,20.39725130219109,644.7715868229037,0.8581326966879098,0.7555102850129142,-0.11727385529394249,-1.9343546201773827,-1.4448326477755178,4.551058424091997,-0.024025547856604365,0.006234923926844119,0.0021234468349777408,19.405630826950073,1790364352.3440142,0.8,0.8
49.20312412666864,17.85135595320184,649.2256953769069,0.8451404364638389,0.7602795959081317,-0.12072749648336645,-2.010188160292749,-1.5247889903659693,4.711124721938299,-0.005606130142330995,0.001301151414630844,0.0037680376736967253,19.415812969207764,1790364352.3541963,0.8,0.8
49.00028895612057,14.37029110637341,653.7702059146909,0.8778677753919886,0.7745875285348044,-0.11776723260594354,-2.118511422800408,-1.5123764727980147,4.687813109034144,0.025970013740238475,-0.00823747550964031,-0.015144757131180839,19.42654800415039,1790364352.3649313,0.8,0.8
48.80978649878967,10.190629539763341,658.1760600077796,0.8290234553384659,0.761430808881356,-0.12352330126502592,-2.207290959379036,-1.3484010483710034,4.46877842204989,-0.0046193756313386986,-0.0003434394280397435,-0.0019880302733486926,19.43711519241333,1790364352.3754985,0.8,0.8
48.811441398053184,5.711246910250945,662.3547517232388,0.8691514489815223,0.7780411674316001,-0.11217562308500556,-2.2555542063437923,-1.1159030232902443,4.245398370105175,0.021694077645813277,-0.0054416710570994176,-0.0006723575968903689,19.446648597717285,1790364352.385032,0.8,0.8
49.1108832541967,1.2539021414548284,666.2952672204838,0.8582971556776899,0.7857707401824331,-0.1322396338730195,-2.2759654474912168,-0.9773609873328073,4.175984609816115,-0.024025547856604365,0.005577087593249583,0.0019589877509610526,19.45668053627014,1790364352.3950639,0.8,0.8
49.773671722008984,-3.077569634372121,670.1412624783119,0.8768810214600746,0.7923490999507723,-0.10411712706870663,-2.2930834515350624,-1.0040686061597432,4.226174749811661,0.013471123568701227,-0.001165734850364225,0.0029457422546662476,19.466606378555298,1790364352.4049897,0.8,0.8
50.84408911600003,-7.3616776615360875,674.2044840014482,0.8582971556776899,0.7930069359266232,-0.1052683407811402,-2.3232529867460845,-1.0969365672756748,4.238609842500765,-0.004290457461219699,0.00047885599362514075,-0.0005078985124518653,19.47609233856201,1790364352.4144757,0.8,0.8
52.2917793982896,-11.74509853410332,678.7553438135147,0.8675068590897281,0.7959671978157535,-0.09227607182133657,-2.3681629150629653,-1.0950042339570392,4.135406311373509,0.032219458769870035,-0.009717607281736207,-0.010704361797662043,19.486730337142944,1790364352.4251137,0.8,0.8
53.97596746861237,-16.34749272888145,683.8590497381264,0.8717827928063863,0.8112618841862335,-0.09490741741920941,-2.406321084469017,-0.9626895845145425,4.032319338930492,-0.008566393681031348,0.0011366923304824278,-0.013993543524330215,19.496233224868774,1790364352.4346166,0.8,0.8
55.68915081037479,-21.213087148327208,689.4381038580736,0.8658622691969653,0.8120841791497271,-0.07254098006611776,-2.3993620833893954,-0.836493819031961,4.0794771070146405,-0.01251341174601206,0.003110201338524965,0.006892760260018546,19.506276607513428,1790364352.44466,0.8,0.8
57.23775393213414,-26.29523098072104,695.3854802348761,0.8638887613243666,0.8288589963468795,-0.1052683407811402,-2.331407092189012,-0.8578301743628278,4.234459852325266,0.006399383010177104,-0.002316948442727368,0.005083710342777853,19.516718864440918,1790364352.4551022,0.8,0.8
58.51022477937409,-31.45888632532504,701.5879622341909,0.8686580720140856,0.8313258812195808,-0.06366018890707204,-2.236893750554931,-0.97708491143607,4.344394950945675,0.01281328723971678,-0.009059770938316974,0.004261414924799353,19.526787281036377,1790364352.4651706,0.8,0.8
59.47638325952101,-36.534781091786066,707.9495095729362,0.8770454804487507,0.849745288195969,-0.07681691657895554,-2.1649369456385035,-0.9427241326274174,4.432433336160796,0.0371532311354036,-0.013993543524330215,-0.004290457461219699,19.53661346435547,1790364352.4749968,0.8,0.8
60.13431833168841,-41.38819567712021,714.4432006446697,0.8656978102076356,0.852376632039366,-0.07155422548890031,-2.1096991728275665,-0.49622393172469403,4.765865574502674,0.010675319167628865,-0.010046525453605196,-0.01432246169758282,19.546806573867798,1790364352.48519,0.8,0.8
60.50507770365961,-45.922482368973405,721.0884106532626,0.8727695467400756,0.8591194506264428,-0.07155422548890031,-1.982415501369781,0.4128760876367986,5.651338129719005,0.048336448411906915,-0.02567013874025649,-0.005606130142330995,19.556337118148804,1790364352.4947205,0.8,0.8
60.66828028863353,-50.071030691510835,727.8460682827238,0.8671779411112531,0.8617507944607994,-0.06678491171308865,-1.6722802786198228,1.6067185571916658,7.2923261466641485,0.04570510318099953,-0.0361955204593951,0.0009722332463076439,19.567057609558105,1790364352.505441,0.8,0.8
60.76120293067326,-53.82607637572658,734.4860575423969,0.8280367013887916,0.8461271904071035,-0.05625952966937134,-1.158201968307645,2.754168407591216,9.93815485674138,0.12300086667325058,-0.08273744408936717,-0.03668889773019415,19.575573444366455,1790364352.5139568,0.8,0.8
60.89347698913825,-57.252182525464015,740.460498740942,0.8347795200374402,0.8398777487602597,-0.01037544362558046,-0.5369114312317633,3.253681578466751,14.290011264084862,0.2254588599483995,-0.15131689043125537,-0.08980918532987639,19.58711314201355,1790364352.5254965,0.8,0.8
61.00981280637136,-60.47936563485154,744.910211642792,0.7801791343651887,0.8161956539631716,-0.0253412205633112,0.07932843162058859,2.14394829674521,21.880589688923386,0.2739742790941681,-0.20164137946297717,-0.055766152388838225,19.596965074539185,1790364352.5353484,0.8,0.8
60.86545271729849,-63.67856468975717,746.8385563145328,0.781165888333889,0.8012298856098132,-0.001823571188698997,0.6758256451340837,-1.354050852603006,34.873173149944584,0.3609731109144612,-0.25015682091651736,-0.05033900231926036,19.606588125228882,1790364352.5449715,0.8,0.8
60.15170420470755,-66.99554356118445,745.2873573535583,0.708803929500806,0.7553458260163501,0.018569355104177232,1.3816396206490513,-6.889180723417998,55.20578107748884,0.4086662299906464,-0.29373849097485655,-0.031426206854220484,19.615316152572632,1790364352.5536995,0.8,0.8
58.61000137256733,-70.48425642543877,739.3984489245912,0.6875887183874004,0.7234407804550476,0.02958811349877897,2.4182230835799263,-12.703317784273993,83.78224566191504,0.5079994799848856,-0.33830691815358277,-0.01448692078424911,19.62607455253601,1790364352.564458,0.8,0.8
56.07998055685631,-74.07846332491827,728.4039617155621,0.620653903563475,0.6671958020722317,0.04225146255552571,3.912990330494491,-16.418088375657465,120.17355221497839,0.5218140374354867,-0.3667583507850224,0.011333155497972841,19.636280059814453,1790364352.5746634,0.8,0.8
52.51744046874848,-77.59932370864725,711.6452119048915,0.5729607908173782,0.609799609047987,0.05869737019540327,5.66954542102698,-16.149580639621572,162.6958697977648,0.5920380360664429,-0.4065574663219084,0.07530773665541397,19.646852016448975,1790364352.5852354,0.8,0.8
47.997553610089085,-80.78780748723034,688.6284157660513,0.519676070218576,0.5558570535220276,0.034357426797775724,7.067825129573891,-11.1789235260633,208.75624069848124,0.6275611818587148,-0.4330353914014877,0.11872493096209583,19.6566059589386,1790364352.5949893,0.8,0.8
42.735235894053105,-83.32812878592459,659.0432235218542,0.4157379682020063,0.4593196099268973,0.0726763914906651,7.236688316549057,-2.0012020090941474,255.45952106880424,0.6617686549535281,-0.4550729197929202,0.12645450704348532,19.665677547454834,1790364352.604061,0.8,0.8
37.05874256573577,-84.86639505035014,622.6959136576755,0.3654135048272917,0.3999499014504473,0.06067087909515978,5.449268960344915,10.099118946900266,300.21974168248397,0.6997586844787754,-0.47826166303532536,0.17168074902341623,19.675902366638184,1790364352.6142857,0.8,0.8
31.283046141666286,-85.05971240229329,579.4822514241939,0.2685471306044962,0.30883959612096595,0.06872937373154797,1.393631809217651,23.627059128145962,341.1514081376122,0.7444915322167872,-0.5109890394554724,0.22233413797244134,19.68645453453064,1790364352.6248379,0.8,0.8
25.593266033692213,-83.62595598086111,529.562819869508,0.24996325832783886,0.2534168983291546,0.06330222428918911,-4.859074250770103,37.2303726079853,377.3433277813425,0.8313258812195808,-0.5599978771857492,0.2185515797803423,19.69595503807068,1790364352.6343384,0.8,0.8
20.01962837152641,-80.35199211949154,473.6510901378142,0.15687943366164314,0.18089045626515785,0.06461789688378769,-12.921078412527544,49.77740646548114,409.0310289445932,0.8469494853595463,-0.585489052471958,0.20736836418712803,19.706583738327026,1790364352.644967,0.8,0.8
14.517578558866724,-75.08671182629134,413.14976786708706,0.1156002087013401,0.13747326434474266,0.04241592163318464,-22.04899306606274,60.42397427472919,437.45863002992985,0.9480917627105183,-0.6476546321468089,0.2425626011500966,19.71606135368347,1790364352.6544447,0.8,0.8
9.115250678273911,-67.78202562913306,350.0602031616461,0.09257593914131906,0.09668741588357205,0.041429167166847566,-31.233559834437436,68.75647335658343,464.48226233370724,0.9760497900219492,-0.6751193212207452,0.231708303876469,19.72662043571472,1790364352.6650038,0.8,0.8
4.001718582641684,-58.58594804649825,286.868633848774,0.06445343780955086,0.07234747334462215,0.0021234468349777408,-39.48543880182716,74.82786310887086,492.0638483259894,1.0071325377757976,-0.7025840113925569,0.23072154957414565,19.736980438232422,1790364352.6753638,0.8,0.8
-0.48790016664423497,-47.896292370018756,226.41413776428638,0.07152517797907745,0.06083533816997555,0.006234923926844119,-46.10344000909649,78.99535239659421,521.6304063784308,1.0572925270191502,-0.7279107326564827,0.249469881184018,19.74649739265442,1790364352.6848807,0.8,0.8
-3.9671393883666997,-36.32473226170752,171.5170704587754,0.017747059696923237,0.026792309141005347,0.0024523650029321387,-50.820520865732284,81.6977073197215,553.4976076497256,1.0072969967579382,-0.7203456080233185,0.2667380811028116,19.75585103034973,1790364352.6942344,0.8,0.8
-6.150949132471517,-24.62045150630766,124.41448989942134,0.042580380710817996,0.03254837692829252,-0.01728272526165686,-53.81120520847166,83.31053414569455,586.7200802474698,1.1329436573038616,-0.7606381206448116,0.23647761632658693,19.766433000564575,1790364352.7048163,0.8,0.8
-6.953741914438456,-13.602918380562338,86.35377049797373,0.02021394591673413,0.01478679622541667,-0.00823747550964031,-55.535551143130924,84.05897168737843,619.4898895616739,0.9987451296772679,-0.73103545807336,0.25078555356710897,19.775607585906982,1790364352.713991,0.8,0.8
-6.5025754514557015,-4.090871409233202,57.52885430461108,0.027779063621072193,0.004261414924799353,0.014128959897267784,-56.54308088825574,83.97719810550767,649.7480990540463,1.1359039189019908,-0.7683677049787166,0.2621332278141867,19.78511881828308,1790364352.7235022,0.8,0.8
-5.136922619828296,3.209588546288864,37.19525049880767,0.0073861375096237886,-0.000836816681355268,0.0037680376736967253,-57.36019014837631,82.97536228036992,675.6903859862954,1.008119291668537,-0.7407385528820795,0.2524301440440332,19.79566240310669,1790364352.7340457,0.8,0.8
-3.3408384908661923,7.840468256850825,23.887709925522437,0.015280173471254342,-0.0016591121040756968,0.010675319167628865,-58.37957271688767,81.01030116480428,696.1178066866363,1.0788366533690286,-0.751592862496744,0.23433964867880872,19.806209087371826,1790364352.7445924,0.8,0.8
-1.592137704766946,9.718022217492472,15.822127997843612,0.024325422936763548,0.00409695584112478,0.006234923926844119,-59.724734090154975,78.21994802693004,710.5645843569839,1.0339393517745958,-0.7478103000351223,0.22611669615284985,19.817006587982178,1790364352.75539,0.8,0.8
-0.24475072447633225,9.208266522616947,11.35722638712451,0.01676030520735923,0.0016300695828486422,0.0049192512592347165,-61.23280357355865,74.85755318290983,719.2805992305704,1.0301567952088342,-0.7415608490588013,0.21559131683921562,19.825679779052734,1790364352.7640631,0.8,0.8
0.5082393333246431,7.068871894904707,9.21517534026868,0.01297774632200207,-0.005112752886715699,0.02399650477575775,-62.57926092381805,71.10598437316283,723.1300928415328,1.064199804180432,-0.7538952918317837,0.18862003193046079,19.836578845977783,1790364352.7749622,0.8,0.8
0.6131352670624823,4.238152273741951,8.416730862837031,0.009853023754110027,-0.003797080206239617,0.019720568673240083,-63.423495024503,66.99802977938708,723.323762648154,0.9482562216953755,-0.7142606165323527,0.19602068943525378,19.846824407577515,1790364352.7852077,0.8,0.8
0.12828599317237396,1.5678813634825284,8.21228847498962,0.026298931900622838,0.004754792175665309,0.008043973842063519,-63.53694983576546,62.52757580239451,720.9552118264909,1.0061457838828058,-0.7288974880497101,0.20605269175761043,19.856555461883545,1790364352.7949388,0.8,0.8
-0.7753106790068726,-0.3692574686668059,8.136351463706891,0.01281328723971678,-0.001823571188698997,0.02021394591673413,-62.908188832765916,57.815355848405474,716.6907142625707,0.9507231064672587,-0.7057087366919025,0.19503393510393252,19.865905284881592,1790364352.8042886,0.8,0.8
-1.8527258753029268,-1.3326443400855226,8.000726508896232,0.005248169426294705,-0.0033037029514975946,0.0075505965927730595,-61.736110854631036,53.12868727873512,710.9377334836452,0.9699648076263413,-0.7053798182386609,0.18434409646226912,19.87573480606079,1790364352.8141181,0.8,0.8
-2.8752591411416955,-1.3618346263234826,7.726782057070419,0.0019589877509610526,-0.006592884654276751,0.024654341097665705,-60.30194887199973,48.73606553788763,704.0788726791399,0.9178313093550389,-0.6866314666672483,0.16608914101994837,19.885603427886963,1790364352.8239868,0.8,0.8
-3.684089327330786,-0.6957423841546971,7.226298408815153,0.019556109592023405,0.003603578589943257,0.018075977859902913,-58.84584443457801,44.742215112037115,696.411999462254,0.8893799045725935,-0.6784085056143013,0.1682271087891377,19.895756483078003,1790364352.8341398,0.8,0.8
-4.18216836847082,0.31190068637043455,6.493933078984651,0.024818800178077922,0.00886626925702319,0.006563842093483832,-57.509102800933874,41.058349321522044,688.0748712273162,0.9347705849097883,-0.6867959258893153,0.14421608592425186,19.90526008605957,1790364352.8436434,0.8,0.8
-4.312711686842675,1.304685182373784,5.687824765794724,-0.009882066367657413,-0.009882066367657413,0.015280173471254342,-56.31819406481365,37.53137466739663,679.2726531234638,0.8793479062892191,-0.6810398531405008,0.1690494040839381,19.916784286499023,1790364352.8551676,0.8,0.8
-4.084985007850074,2.0371870907221132,4.969654844389631,0.009359646505684487,0.001301151414630844,0.012484369075067787,-55.23495423431138,34.1119753006502,670.5296275662434,0.9028655415550654,-0.6825199861284286,0.16115536922993245,19.926326513290405,1790364352.8647099,0.8,0.8
-3.613874716787055,2.4199932083759546,4.366189939427291,0.013471123568701227,0.001301151414630844,0.019556109592023405,-54.246960755050026,30.909012691740493,662.5198611387622,0.8484296162733085,-0.6705144630962148,0.15408362962768907,19.936386108398438,1790364352.8747694,0.8,0.8
-3.075381995163445,2.485333667403393,3.8948670741063625,0.020378404997846843,0.004425874008447628,0.011333155497972841,-53.37153725517459,28.085506826676976,655.7282537947062,0.9092794420497616,-0.6866314666672483,0.13319732868829948,19.945648908615112,1790364352.8840322,0.8,0.8
-2.6175637397524274,2.3340826442412266,3.660261906354685,0.004590333092069618,-0.003961539291206531,0.021529618564908364,-52.573233468816206,25.705715665253454,650.4131891552299,0.8712894158394119,-0.6820266084654305,0.12004060349033707,19.956154823303223,1790364352.8945382,0.8,0.8
-2.3233438174561747,2.099370060693207,3.7101377806445606,0.009195187422823596,-0.0021524893580248255,0.0017945286669180244,-51.737437124399314,23.65795197021209,646.738474391369,0.878690070334989,-0.6882760588897012,0.12826355675701134,19.96669626235962,1790364352.9050796,0.8,0.8
-2.2068120130144764,1.914518604627392,3.8902691387108894,-0.010046525453605196,-0.0031392438666364847,0.008372892008126027,-50.76032184293696,21.705388171789842,644.729420856493,0.8683291540357461,-0.689591732670516,0.12612558891344217,19.97531008720398,1790364352.9136934,0.8,0.8
-2.229014490295155,1.8723711962945535,3.913350117077495,0.0024523650029321387,-0.004783834716437896,0.03929119915329056,-49.64949166891592,19.640883575249838,644.1949943406502,0.8610929585024459,-0.693209835580844,0.13928231404071284,19.986624717712402,1790364352.925008,0.8,0.8
-2.3536836257729,1.9745177899627568,3.600588463060971,0.02300975029211831,0.011333155497972841,0.006892760260018546,-48.516886736631335,17.4327898559486,644.8652791705836,0.8979317719344488,-0.709326839688113,0.1193827672264091,19.997180938720703,1790364352.9355643,0.8,0.8
-2.5675291389208095,2.118649819940885,3.0572162548634783,-0.013829084437743874,-0.0080730164239846,0.02399650477575775,-47.49013443353929,15.200807734029706,646.5968439349234,0.8587905326469712,-0.7019261744892673,0.10935076415364936,20.00470733642578,1790364352.9430907,0.8,0.8
-2.851141916788918,2.1618611467442053,2.5334010326310676,0.01297774632200207,0.0006433150778790003,0.020542864078933562,-46.645658971588695,13.007327125731331,649.3831791854442,0.9017143286443163,-0.7188654749528849,0.10096335167926125,20.015368938446045,1790364352.9537523,0.8,0.8
-3.1813789321410444,2.006571460831874,2.154747171410016,-0.012020034487051912,-0.003797080206239617,0.018733814185549952,-46.01458120806954,10.688574125484822,653.2062966082069,0.8724406287622174,-0.7162341272801539,0.10935076415364936,20.026231288909912,1790364352.9646146,0.8,0.8
-3.53865787508757,1.6377850470793076,1.8767706223344338,0.0073861375096237886,0.002781283170781204,0.03912674007514537,-45.6357044969358,7.9458542100974645,657.9160588200548,0.8735918416845532,-0.7200166895629404,0.12316532573873973,20.035780906677246,1790364352.9741642,0.8,0.8
-3.893957050204909,1.0993624930319885,1.6335968665943028,0.013635582650882036,0.003110201338524965,0.0073861375096237886,-45.593924532876514,4.625562413106918,663.1933572707442,0.884939511894084,-0.7251149257168974,0.1185604718959573,20.046939611434937,1790364352.985323,0.8,0.8
-4.201426277149252,0.47327312630975427,1.4509812425436848,-0.010210984539579554,-0.003961539291206531,0.008372892008126027,-45.993647309337845,0.8775446172178776,668.6495215165305,0.866355646164896,-0.7279107326564827,0.12184965321415409,20.055444478988647,1790364352.9938278,0.8,0.8
-4.4003813239571095,-0.11376322814862388,1.3772045280529617,0.013306664486494299,0.002287905918968103,0.023832045695215992,-46.8723027065511,-2.9742570635125642,673.994112554832,0.8995763618088936,-0.7335023465706798,0.09405607077029846,20.066901206970215,1790364353.0052845,0.8,0.8
-4.452193595921258,-0.5214801778547552,1.3653069428722129,-0.011855575400785079,-0.008730852766766675,0.024489882017227578,-48.12530354549858,-6.698096241920994,679.0867165574015,0.8518832550689239,-0.7288974880497101,0.09849646564530612,20.07548213005066,1790364353.0138655,0.8,0.8
-4.376797997501208,-0.6578360322837614,1.3223223975151726,0.022351913969173368,0.007221678426448289,0.012484369075067787,-49.52969247345755,-10.296824200008245,683.870968492154,0.9043456724396658,-0.7427120637079191,0.09898984285253748,20.085617780685425,1790364353.0240011,0.8,0.8
-4.217809709352314,-0.5134911657176324,1.251604640419213,0.008537351091117959,-0.0016591121040756968,0.006399383010177104,-50.86673306152082,-13.903008530524724,688.2917781792465,0.8257342755047544,-0.7275818141923966,0.1119821092306233,20.09653639793396,1790364353.0349197,0.8,0.8
-3.9988099086346702,-0.1587221215521117,1.2725267988560114,-0.005277211971894319,-0.00889531185252855,0.02136515948397749,-52.031362317088444,-17.543327391816266,692.2638549106604,0.9117463268518061,-0.7538952918317837,0.1119821092306233,20.106901168823242,1790364353.0452845,0.8,0.8
-3.7381419785082866,0.2933909246769052,1.4619596494668388,0.0019589877509610526,0.0019589877509610526,-0.0016591121040756968,-53.04955312448962,-21.04608302891196,695.7977664190897,0.873920759662277,-0.7510994847831343,0.10688387813834303,20.116436004638672,1790364353.0548193,0.8,0.8
-3.449447813648039,0.7310341645196832,1.7734309706954599,0.02300975029211831,0.0016300695828486422,0.004425874008447628,-54.02627316954099,-24.21268739469924,699.1430778741833,0.8808280371856835,-0.7517573217346956,0.101127810747996,20.126846075057983,1790364353.0652294,0.8,0.8
-3.109203419543373,1.0707673193891887,2.204832094719214,0.04422497148574647,0.01511571438933454,-0.019420693396646774,-55.071071640378314,-27.030880264386287,702.6132322793351,0.8648755152608412,-0.7552109657411177,0.09520728425812876,20.135306358337402,1790364353.0736897,0.8,0.8
-2.659820403566137,1.2827460519019789,2.924773133014656,0.015444632553148069,0.001301151414630844,-0.010046525453605196,-56.23427230693772,-29.674007869957087,706.283209582685,0.8457982724260557,-0.7517573217346956,0.10014105633522093,20.146273136138916,1790364353.0846565,0.8,0.8
-2.060327747346941,1.4243879853123946,4.126181188345272,0.03994903546561511,0.011990991827898256,-0.0021524893580248255,-57.481751175323424,-32.32374498998855,709.9667929655574,0.8818147911162354,-0.7649140609034144,0.09882538378348484,20.15579128265381,1790364353.0941746,0.8,0.8
-1.3471057497961227,1.644842909107251,5.86946121172374,0.03600201758551472,0.016266927962225543,-0.010868820883742691,-58.72169608214609,-35.04612139416638,713.4622601836694,0.858954991636712,-0.763269468492975,0.0906024302995804,20.16694211959839,1790364353.1053255,0.8,0.8
-0.6310340907249744,2.1377309692198967,8.163349362198689,0.06938721002573517,0.032219458769870035,-0.013829084437743874,-59.86275342531946,-37.82906262529327,716.7496720173862,0.8647110562714532,-0.7650785201446841,0.0922470210012754,20.176389455795288,1790364353.1147728,0.8,0.8
-0.0350427980715001,3.10302724601944,11.07846331768766,0.03879782191877813,0.022516373049948517,-0.008566393681031348,-60.84722168119931,-40.677684777200206,719.8538857387977,0.8199782107856473,-0.7499482701194737,0.07284085056364911,20.18568253517151,1790364353.1240659,0.8,0.8
0.3464274475814983,4.664299863337272,14.724341657265175,0.11329778176678408,0.07300530963660815,0.005741546676687609,-61.62251995416394,-43.64550134801223,722.5537708093836,0.83543735600223,-0.7578423135676412,0.07366314592819459,20.196861267089844,1790364353.1352446,0.8,0.8
0.4865273488446482,6.564146936482853,19.48927857207646,0.25029217642361157,0.16888494502502427,0.015938009798672763,-62.11152881926242,-46.80712635258353,724.3682459721153,0.8235963086105935,-0.7451789522484542,0.056559402216564136,20.205631256103516,1790364353.1440146,0.8,0.8
0.4749193321350088,7.914790206978416,26.809433672054208,0.36903160356064885,0.26788929442236253,0.000807774162106506,-62.245382666158804,-50.24263192959423,724.789380680208,0.7841261502375414,-0.7280751918885864,0.05886182927052176,20.21616530418396,1790364353.1545486,0.8,0.8
0.48936639294764467,7.651006204734163,39.563568361694806,0.4315260347841901,0.3177203842722832,-0.01448692078424911,-62.001064557195605,-54.022279762098236,723.3598756885361,0.763568775830106,-0.703899685201051,0.031232704293984295,20.22667622566223,1790364353.1650596,0.8,0.8
0.6804534836674758,5.559412858614783,61.08212395287377,0.4899089879078387,0.3580128482980414,-0.028301484159690332,-61.36166073438054,-58.150282637836874,719.4720122271524,0.6685114740987834,-0.6512727348368003,0.01791151877842609,20.23671293258667,1790364353.1750963,0.8,0.8
1.072827083244829,2.7907179724691114,93.38056962322943,0.548949774951023,0.3951805895855139,-0.031097288675390578,-60.22726475529745,-62.51666700916842,712.1209587126203,0.6591373108906332,-0.6145983311635175,-0.006757343739693791,20.246254205703735,1790364353.1846375,0.8,0.8
1.5790312422770139,1.208327011020522,136.10389765538451,0.6328238700667121,0.45751056067266077,-0.051161297782430934,-58.381835043229266,-66.91823900373637,699.9276984964071,0.56588905330214,-0.5555574790016987,-0.019914070659209276,20.255783081054688,1790364353.1941664,0.8,0.8
2.1419630795232036,2.2681166814058615,186.77804499054548,0.6719651131643702,0.49007344692763843,-0.09819659942670508,-55.55639808027075,-71.09088232846722,681.4867535951962,0.5311882013540565,-0.5050685089423002,-0.031097288675390578,20.26562237739563,1790364353.2040057,0.8,0.8
2.9146026805191254,6.4548336287242,241.81562663350695,0.7321571073807744,0.5359575128012142,-0.1455608216008422,-51.531212484327,-74.69235579289301,655.7161527800507,0.43514413335237834,-0.4308974222624703,-0.05247697052492678,20.277041912078857,1790364353.2154253,0.8,0.8
4.30879215414725,13.398451675923841,297.517542198538,0.7663645787601078,0.562106496014807,-0.15740187751956405,-46.230014570612354,-77.32846330990594,621.9971474450482,0.37034727582500915,-0.36840294229704257,-0.047872115933848894,20.287564516067505,1790364353.2259479,0.8,0.8
6.822014560760331,22.220918221966254,350.7378670435295,0.8020521805766185,0.5861175117006135,-0.16365132376027156,-39.796135287189124,-78.66429834207683,580.209341586197,0.2956828728241503,-0.2942318683845077,-0.055272775108552163,20.29580593109131,1790364353.2341893,0.8,0.8
10.746942583375937,31.861569626102067,399.1670291031176,0.8078082453366152,0.5992742324872065,-0.1606910597462114,-32.60022315547478,-78.47528633682595,530.8073399953081,0.2336818124787491,-0.23420428563455326,-0.0393202431785743,20.30633783340454,1790364353.2447212,0.8,0.8
15.994099182874972,41.31095205116791,441.3628386921284,0.8579682376981198,0.6385799352775613,-0.20805528512946003,-25.14160383645691,-76.5521268379905,474.9156312370232,0.18089045626515785,-0.1779592666300859,-0.03915578408784719,20.31664752960205,1790364353.2550309,0.8,0.8
22.153688713667623,49.71523123111025,476.7818630072771,0.8670134821220011,0.6525589507180284,-0.18223520362336842,-17.90326955809762,-72.60095726731187,414.3237185572912,0.12859247488643238,-0.1264835651605466,-0.03537322500860482,20.32719850540161,1790364353.2655818,0.8,0.8
28.64684691424773,56.40224053186224,505.82525389557185,0.9036878364910443,0.6908778984191428,-0.17894602131905332,-11.259231268214501,-66.34573852843114,351.33855386350274,0.09685187495294312,-0.09013810352837215,-0.03076837049666857,20.335844039916992,1790364353.2742274,0.8,0.8
34.821379474188994,60.916760516188894,529.7291087445782,0.9571370068656673,0.730019140402206,-0.17335441142907865,-5.490083152371108,-57.81943540950662,288.56294219042314,0.07251193241765612,-0.06662045261778637,-0.018762857046937906,20.346421718597412,1790364353.284805,0.8,0.8
40.05912405302922,63.084543736780745,550.2905564561543,0.9638798252201708,0.7471228761729831,-0.15427715441514409,-0.8425667404196153,-47.55259337047613,228.6904433942642,0.05211900716992662,-0.05001008413418359,-0.0072507209961039515,20.355048894882202,1790364353.2934322,0.8,0.8
43.909070359350075,63.04379425657219,569.4620215054291,1.0216049281777442,0.7879087071091095,-0.17220319763246927,2.483846819597818,-36.43042145740298,174.264723062525,0.04011349454363222,-0.037182275001236914,0.008701810174083675,20.366816997528076,1790364353.3052003,0.8,0.8
46.20512123631731,61.20661322365959,588.8759542487056,0.9990740476422643,0.7880731661033906,-0.18585330417192203,4.406565623291485,-25.353746295643766,127.33409615020993,0.017747059696923237,-0.021887579711868582,0.010346401002299867,20.375301599502563,1790364353.313685,0.8,0.8
47.1325284777452,58.1629089580663,609.4487967635584,1.0370640724132882,0.806821491378705,-0.16250010997589023,4.9988449177915415,-15.027018808789771,89.1137163005922,0.021694077645813277,-0.011197739055983785,-0.005606130142330995,20.385706424713135,1790364353.3240898,0.8,0.8
47.16433189889255,54.51517491989536,631.1837064498319,1.024729648825803,0.8145510640385971,-0.2042727253718538,4.482442890431746,-6.038473979356589,59.807662027438994,-0.008401934595322555,-0.0016591121040756968,-0.00823747550964031,20.395984172821045,1790364353.3343675,0.8,0.8
46.93435557900053,50.71690543593731,653.2556508062014,1.0327881389071205,0.8114263431789537,-0.20772636688903084,3.1786778388738606,0.9490120814323814,38.67070429329999,0.018569355104177232,-0.0054416710570994176,-0.0005078985124518653,20.40553116798401,1790364353.3439145,0.8,0.8
47.12249887344838,47.03953174138988,674.3444550852179,1.0270320745649382,0.8194848338091215,-0.21923850537652495,1.4475847024454425,5.307530924148178,24.321498040383986,-0.009059770938316974,0.0016300695828486422,0.0009722332463076439,20.417073488235474,1790364353.3554568,0.8,0.8
48.27756264490466,43.6196892420422,693.0500045664512,1.0114084713091906,0.8092883762727492,-0.20328597065511655,-0.3438739762231514,6.901119886260172,15.174164449673153,0.03041040889670403,-0.007579639167176647,0.005741546676687609,20.426612854003906,1790364353.3649962,0.8,0.8
50.6177475310746,40.485529726970604,708.220226254062,1.0319658440015855,0.8184980798557834,-0.20821974424972028,-1.8717288126779508,6.3270742234818815,9.777628801950367,-0.01037544362558046,0.0034391195061634766,-0.001823571188698997,20.436187505722046,1790364353.3745708,0.8,0.8
53.94870803033091,37.56665056571903,719.1220357992497,0.9773654618898968,0.788895461074628,-0.1845376312434997,-2.9389256964517934,4.569756163768416,6.914663977031373,-0.0013301939349083108,0.0016300695828486422,-0.009224230024131946,20.445340871810913,1790364353.3837242,0.8,0.8
57.73965982426709,34.74472354257746,725.4705325260519,0.9903577215601109,0.8013943446031963,-0.20591731656884082,-3.5039793799858425,2.428094544262542,5.558488943280859,0.010510860084977452,-0.0036326211212991677,-0.01744718434880342,20.45609140396118,1790364353.3944747,0.8,0.8
61.316903930529875,31.967215188394725,727.4124255848698,0.9592749736624364,0.7775477904466522,-0.16644712867122302,-3.6243529401152004,0.2852676841944492,4.938045762693581,-0.005935048312873614,0.0017945286669180244,0.006892760260018546,20.465656042099,1790364353.4040394,0.8,0.8
64.06124434054337,29.31634115893826,725.5041996823969,0.954670122098492,0.7711338896329485,-0.16973631093034672,-3.3977253952074045,-1.6525794383851171,4.636078129853962,0.02366758661464831,-0.007415180081627032,0.010675319167628865,20.475847005844116,1790364353.4142303,0.8,0.8
65.52709922062213,26.940023327803814,720.5470226945312,0.9217783250264194,0.7459716631925264,-0.1606910597462114,-2.9636404910216574,-3.069057588153483,4.521600087678463,-0.011033279969849943,0.0011366923304824278,0.0019589877509610526,20.485962629318237,1790364353.424346,0.8,0.8
65.53040659065839,24.94110044015838,713.2940299670421,0.9035233775038667,0.7342950743572657,-0.17384778877092827,-2.510288912035653,-3.6365220765221515,4.576637754980893,0.024818800178077922,-0.004948293801563558,-0.015309216217980426,20.49687123298645,1790364353.4352546,0.8,0.8
64.19524649161485,23.34240517719979,704.2816595805159,0.8956293461086964,0.7245919934472335,-0.14227163942809096,-2.2097433127531025,-3.3647271364138707,4.753664052217873,-0.01629597073933821,0.004754792175665309,-0.00889531185252855,20.506391048431396,1790364353.4447744,0.8,0.8
61.897069952611055,22.1131245412788,693.9227474618314,0.8716183338174044,0.7208094364706141,-0.18091953070020944,-2.1231984138606017,-2.685631114800375,4.943184296726332,0.02218745488837228,-0.005277211971894319,0.003274660422357384,20.515979290008545,1790364353.4543626,0.8,0.8
59.16064921122656,21.190003278739585,682.7281138632645,0.8857618068350612,0.7208094364706141,-0.153125940642503,-2.188574203808162,-2.094838566516505,5.035392470605754,-0.011855575400785079,0.0019589877509610526,0.007879514758992928,20.52650022506714,1790364353.4648836,0.8,0.8
56.5299910760894,20.45824818366226,671.4038183515191,0.8474428623308911,0.7025544874897316,-0.13914691637476448,-2.3145198895197723,-1.7385733542704127,4.977082136950797,0.009359646505684487,-0.006757343739693791,0.012648828157405347,20.53572154045105,1790364353.474105,0.8,0.8
54.384676724696945,19.73681705369481,660.7006957970889,0.8517187960787568,0.7066659624990963,-0.13964029369827607,-2.474003224345704,-1.4162325466033554,4.8079300992380265,0.03419296771886044,-0.008401934595322555,-0.01596705256544556,20.545907497406006,1790364353.4842908,0.8,0.8
52.840278046777065,18.83362486806627,651.1938784010396,0.8448115184826697,0.703376782492246,-0.1309239610213357,-2.6826627685867406,-0.9731975735253942,4.687540805494966,-0.018105020697656862,0.0017945286669180244,-0.00889531185252855,20.555437088012695,1790364353.4938204,0.8,0.8
51.820383601910954,17.62108499382169,643.2613216463416,0.8563236477996763,0.7130798634977731,-0.14375177140438636,-2.9058754193409326,-0.562198089150454,4.767176397267798,0.013635582650882036,-0.0026458666122117364,-0.0041259983761998825,20.56563639640808,1790364353.5040197,0.8,0.8
51.202639664572445,16.05936902636588,637.225017231918,0.8660267281862852,0.7268944194297783,-0.15115243132131775,-3.043799525600563,-0.45353263213739675,4.999707580153999,-0.011526657228331239,0.0029457422546662476,0.0037680376736967253,20.575716257095337,1790364353.5140996,0.8,0.8
50.92050878832949,14.182608852080417,633.4261200257112,0.861257417492049,0.7252498294424946,-0.12483897410632833,-3.0239723282032465,-0.6808641529075904,5.210394367201627,0.030574867976211652,-0.011197739055983785,0.015609091635015705,20.586501121520996,1790364353.5248845,0.8,0.8
50.943725487226196,12.079486893363574,632.1144432103969,0.860928499512833,0.7351173693476722,-0.13717340708333214,-2.8912690742829823,-0.9673721930623221,5.317387828038934,-0.0070862619106073915,0.003932496757423909,-0.003797080206239617,20.59605383872986,1790364353.5344372,0.8,0.8
51.201403031041636,9.870416985870179,633.2713115999239,0.866684564143468,0.7420246472550515,-0.11875398723071914,-2.773496851354583,-1.0117318047321167,5.348550924836049,0.003603578589943257,-0.0016591121040756968,-0.011526657228331239,20.605844259262085,1790364353.5442276,0.8,0.8
51.57473807845709,7.661538571650842,636.6171366658083,0.8828015450464484,0.7558392030060066,-0.13273301119287803,-2.7419031216867156,-0.806476303962166,5.3058401612776755,0.012155450910314239,-0.0041259983761998825,-0.011855575400785079,20.615586280822754,1790364353.5539696,0.8,0.8
51.94868246776701,5.487122085787471,641.7722086391182,0.8656978102076356,0.7520566460825788,-0.12006966006535841,-2.7446145844205034,-0.6319722976937194,5.170565372870026,0.000807774162106506,-1.452125929465864e-05,0.006563842093483832,20.62575674057007,1790364353.56414,0.8,0.8
52.25821768557296,3.301597065219795,648.2831307255257,0.865368892228947,0.7622531038618786,-0.12434559679062418,-2.695035068650656,-0.7305240686988969,4.975107841924958,-0.0005078985124518653,0.000807774162106506,0.0049192512592347165,20.635395765304565,1790364353.573779,0.8,0.8
52.48278849199118,1.0288639187397315,655.541455086501,0.8691514489815223,0.7657067427768809,-0.08207960769753411,-2.583936682989723,-1.0290359952776873,4.76962106615983,0.0024523650029321387,-0.0006723575968903689,0.0034391195061634766,20.64607048034668,1790364353.5844538,0.8,0.8
52.58281735717616,-1.3922697169052902,662.8955086755363,0.8893799045725935,0.7867574941488276,-0.10757076821018355,-2.4756878690502306,-1.2307666768980767,4.610715481483346,0.011168696415426088,-0.0024814075274563335,-0.004290457461219699,20.656601428985596,1790364353.5949848,0.8,0.8
52.48164293978744,-3.978994535194621,669.9184184752562,0.8806635781972252,0.7837972322484277,-0.08240852589339473,-2.418327578174884,-1.156857559230599,4.569896852554098,-0.002316948442727368,0.0009722332463076439,-0.01251341174601206,20.666977643966675,1790364353.605361,0.8,0.8
52.13421894831373,-6.682738131874594,676.4692749895183,0.8553368938601352,0.7841261502375414,-0.09934781313199842,-2.385330537271156,-0.9266713646523589,4.653932760855823,0.013142205404261247,-0.004290457461219699,-0.013500166264651114,20.675490617752075,1790364353.613874,0.8,0.8
51.588042510104884,-9.420053032360634,682.4993046387409,0.8911889534396759,0.7992563776883619,-0.0903025626276622,-2.3069867666699215,-0.7985105924681549,4.774542894999322,-0.0013301939349083108,0.0011366923304824278,0.004754792175665309,20.686737775802612,1790364353.625121,0.8,0.8
50.98429910047883,-12.153531138086306,687.9492786483528,0.858954991636712,0.7903755920221501,-0.0835597395797878,-2.1622988737375652,-0.891140401080132,4.8404967683755595,0.005906005760099364,-0.0024814075274563335,0.01429341897934415,20.69637680053711,1790364353.6347601,0.8,0.8
50.48081782779784,-14.941288906718732,692.8190782436944,0.8999052797836735,0.8033678525229379,-0.05790412060626707,-2.0303490543004403,-1.0806635940455456,4.832594442220003,0.01083977825025411,-0.0033037029514975946,-0.008566393681031348,20.705754041671753,1790364353.6441374,0.8,0.8
50.16712147063838,-17.904394461365726,697.1841766524518,0.8500742061765337,0.7971184107716686,-0.1100376547474888,-2.0199510021050484,-1.155465931869556,4.799390203716572,0.005412628509785272,-0.0028103256969935486,-0.0036326211212991677,20.716621160507202,1790364353.6550045,0.8,0.8
50.11211924510889,-21.129492424615155,701.0937377174513,0.8693159079706487,0.7976117877526092,-0.08948026713149304,-2.1625962059005257,-1.0486425028667827,4.79478274160453,0.008043973842063519,-0.005606130142330995,0.005577087593249583,20.726029872894287,1790364353.6644132,0.8,0.8
50.439859330178614,-24.593639417254906,704.4976027155843,0.8652044332395882,0.8099462122440833,-0.09934781313199842,-2.3970454560305323,-0.8644669394354374,4.850156473855334,0.01676030520735923,-0.011197739055983785,-0.0034681620363851695,20.73578977584839,1790364353.674173,0.8,0.8
51.265183835118,-28.19004512798684,707.333757415183,0.8648755152608412,0.8064925733926482,-0.08142177130614839,-2.603770657336905,-0.6398572683131118,5.087776720445891,0.036166476664147296,-0.01761164343597671,0.005577087593249583,20.745627880096436,1790364353.6840112,0.8,0.8
52.584705366679906,-31.805836252044855,709.6615350063712,0.8732629237067908,0.8143866050460808,-0.0868489215484704,-2.642942986856781,-0.15548127811248025,5.800114087083395,0.02268083213069772,-0.016789348000377374,0.006070464843484877,20.75571298599243,1790364353.6940963,0.8,0.8
54.268073019305795,-35.36355932955363,711.666018593206,0.84415368252021,0.8114263431789537,-0.1062550953929052,-2.435032573200697,0.9352606637789868,7.2756275568224975,0.03304175416573314,-0.028137025070773952,0.013306664486494299,20.76591396331787,1790364353.7042973,0.8,0.8
56.15347872257613,-38.824764030093924,713.5527778401753,0.8730984647178953,0.8171824079174037,-0.08734229884473982,-2.027225925943657,2.8334524570418265,9.62120596693502,0.07711678645247622,-0.044582934096186064,0.015444632553148069,20.776551246643066,1790364353.7149346,0.8,0.8
58.12550224546747,-42.19510858165188,715.4623077966143,0.83543735600223,0.8078082453366152,-0.08339528048164771,-1.570288802244729,5.36771683773477,12.985519860015168,0.13747326434474266,-0.09128931722399297,-0.015638134391659647,20.785771369934082,1790364353.7241547,0.8,0.8
60.09059195430906,-45.51718294825999,717.4157655173675,0.8332993891160592,0.8040256884958353,-0.07040301181674272,-1.240935348269422,7.7281437194658915,18.12105165149724,0.27167185246499975,-0.1749990025696178,-0.06300235252812844,20.795738697052002,1790364353.734122,0.8,0.8
61.925993633260624,-48.84456543183075,719.208328218209,0.8071504093647184,0.7880731661033906,-0.057410743324909835,-1.1587297967085783,8.44716714171241,26.81054023732536,0.33877114113657386,-0.24028927328498922,-0.043431720455579054,20.806326866149902,1790364353.7447102,0.8,0.8
63.462173518126214,-52.2472801549421,720.345280043514,0.8043546064822186,0.7763965774813741,-0.059384252451823605,-1.3084332247276869,6.238612716915444,41.61192781058792,0.41639580431295947,-0.2832131063041626,-0.013500166264651114,20.817106246948242,1790364353.7554896,0.8,0.8
64.49146455068376,-55.81797115765958,720.0850502147407,0.749918679123075,0.7413668112647959,-0.04474739318781028,-1.5051309258609793,1.2669277139436452,64.82299470533866,0.46820039714426454,-0.3207097897942835,0.004261414924799353,20.82646679878235,1790364353.7648501,0.8,0.8
64.7883157110423,-59.6139228796991,717.4170634675598,0.6870953413821861,0.6923580294317179,-0.000836816681355268,-1.4686162113439476,-4.537693382660616,97.37607569972326,0.5476341028391043,-0.3680740239943709,0.021529618564908364,20.836130142211914,1790364353.7745135,0.8,0.8
64.10709387400652,-63.57806992507608,711.0094206885983,0.6637421629984064,0.6622620319649317,-0.0016591121040756968,-0.9973337426382877,-8.491009288094439,138.43574245342225,0.6007543635697219,-0.40195260987719084,0.035015263113179734,20.846937894821167,1790364353.7853212,0.8,0.8
62.19847118483016,-67.51393010698867,699.4165050579063,0.5882554788349684,0.6027278716778757,0.010510860084977452,-0.13182749208994723,-8.449110636151719,185.66579990604885,0.6074971829304707,-0.42004311749307516,0.07201855519847924,20.855408191680908,1790364353.7937915,0.8,0.8
58.886353473738296,-71.12392558587291,681.4709785062755,0.5588173157582617,0.5533901683212854,0.04175808532239554,0.7746828781172608,-3.503146847063478,235.7820992620258,0.6997586844787754,-0.4667495209122293,0.10589712373068891,20.86584973335266,1790364353.804233,0.8,0.8
54.120167519142214,-74.06888374742927,656.483083864544,0.4415580353382256,0.4665558069226622,0.055572647763351184,1.119670880535048,5.921103923797258,285.3291293427025,0.6941670784456513,-0.4784261222097729,0.11329778176678408,20.876574754714966,1790364353.814958,0.8,0.8
47.987745646609945,-76.02061585772107,624.1474055744958,0.39814085212422284,0.40455475427064624,0.0549148114607031,0.28482701192124205,18.33917496926561,331.51379213736806,0.7846195272211273,-0.5213499679665275,0.13878893685118732,20.887516260147095,1790364353.8258996,0.8,0.8
40.75775420637561,-76.72140781416091,584.425462292342,0.32742346755526347,0.32331199159646956,0.06379560151235217,-2.093791711578676,31.78598747647993,372.66462762331,0.7563325799955566,-0.5233234781754685,0.16806264973010826,20.896912813186646,1790364353.8352962,0.8,0.8
32.88782216800957,-76.0256505589344,537.6075573016464,0.24831866784768064,0.25078555356710897,0.042744839788425804,-6.0489377477756126,44.491346304199205,408.1947830111152,0.8346150610462169,-0.5590111220313997,0.19421163982720935,20.906681299209595,1790364353.8450646,0.8,0.8
24.91413889974453,-73.85034120746822,484.3923962442041,0.19881649336958018,0.18089045626515785,0.07004504631952169,-11.37668096076287,55.27214956377053,438.35065409060127,0.8444826005014601,-0.5726612351188568,0.1746410120732692,20.916962146759033,1790364353.8553455,0.8,0.8
17.281660002755345,-70.07380000628469,425.9266036702658,0.14092690467092467,0.1361575918367791,0.044389430563098874,-17.70537721327469,63.48104013074489,463.98478210457586,0.8706315798833115,-0.5996325436652433,0.1907579996587865,20.926302194595337,1790364353.8646855,0.8,0.8
10.263766986300592,-64.50271479549106,363.9322672069258,0.10704833720620024,0.09570066146683065,0.031232704293984295,-24.513671364698606,68.81288656060799,486.35164681633313,0.9423356982353696,-0.6422274781470564,0.19486947604863317,20.937190055847168,1790364353.8755734,0.8,0.8
4.049064949005491,-56.963939329649776,300.79500418288364,0.08221501768255074,0.07103180075945065,0.007715055675896115,-31.19701952837668,71.30148369142036,506.94651995775547,0.9459537959066338,-0.6619625838037309,0.20161229729738914,20.944976329803467,1790364353.8833597,0.8,0.8
-1.1333888963302803,-47.50240620698866,239.42493544919506,0.0708673416861917,0.05475035238497779,0.010675319167628865,-37.19697119214746,71.43139018915842,527.3331684114577,1.0263742386396038,-0.703899685201051,0.21476902157651415,20.956771850585938,1790364353.8951552,0.8,0.8
-5.031488113800968,-36.55874839313659,182.86232909844352,0.04406051240836854,0.034357426797775724,0.02202299580754523,-42.15416367461189,70.0633308496397,548.8195245515102,0.9944691961296988,-0.7062021143720644,0.21526239873420175,20.96703004837036,1790364353.9054134,0.8,0.8
-7.504125159216019,-24.975354271865257,133.6983856640948,0.031561622452715946,0.02909473625971426,0.005412628509785272,-46.00803627100405,68.08489902205989,572.0690969761105,1.0548256423161249,-0.7333378873372419,0.21460456252390714,20.97784161567688,1790364353.916225,0.8,0.8
-8.603345035298108,-13.811983238173681,93.5492949942118,0.020542864078933562,0.014951255307388639,0.033864049560952715,-48.950967393002,66.05347807407337,596.9081944445936,1.0439713496064096,-0.7395873382363751,0.2175648254674325,20.985350847244263,1790364353.9237342,0.8,0.8
-8.556937237485709,-4.084745362717838,62.83970894728344,0.00903072833993649,0.013635582650882036,0.00047885599362514075,-51.28209793196478,64.13220961586777,622.4460449071984,1.0584437398800968,-0.7481392185091894,0.23598423917742728,20.99629235267639,1790364353.9346757,0.8,0.8
-7.70738498380887,3.451273972922101,40.92728971814522,0.023832045695215992,0.0101819419195961,0.020049486835595445,-53.28809941681929,62.28957639972091,647.3491455965595,1.0745607199029052,-0.7581712320466938,0.22266305607554912,21.00660800933838,1790364353.9449914,0.8,0.8
-6.442329722478623,8.407156157353642,26.421403860317213,-0.009059770938316974,-0.006921802825137338,0.03468634495552915,-55.17096389348891,60.483167164203934,670.1353867949908,1.0237428949372034,-0.7478103000351223,0.21082200430779893,21.01575469970703,1790364353.954138,0.8,0.8
-5.137340802525054,10.72962855363915,17.523350023155228,0.01659584612567406,0.005248169426294705,0.02564109557975061,-56.993238717168126,58.68342874336589,689.468006326098,1.0798234072452848,-0.7659008163516503,0.20983524998861297,21.025596857070923,1790364353.9639802,0.8,0.8
-4.097518075864032,10.634866402806733,12.336047683403955,-0.03734673409163869,-0.01596705256544556,0.040606871777529925,-58.67564745469736,56.81120397722241,704.4503886466423,1.0183157485455865,-0.7497838108819711,0.19930987053378432,21.036874532699585,1790364353.9752579,0.8,0.8
-3.513228520015515,8.60692287107755,9.198432590478468,0.04011349454363222,0.011826532745456128,0.011333155497972841,-60.05290996184514,54.71594178977763,714.8311980238885,1.0628841323409974,-0.7616248760866418,0.18862003193046079,21.04552149772644,1790364353.9839048,0.8,0.8
-3.433389971895442,5.381830167697855,7.040355013220527,0.0067283011767643175,0.0017945286669180244,0.0016300695828486422,-60.93634531489113,52.25936579875277,720.9351943935387,0.9906866395258457,-0.7358047758430641,0.17858802946147578,21.05538845062256,1790364353.9937718,0.8,0.8
-3.7264317979953936,1.8341951066752655,5.447609704026208,-0.014651379870942047,-0.009059770938316974,0.009853023754110027,-61.17670953175294,49.44515862927442,723.3475180638349,1.0045011940605917,-0.7315288357720957,0.19437609888259924,21.065762281417847,1790364354.0041456,0.8,0.8
-4.117389854659895,-1.1963266772611323,4.266731941941512,0.013964500815165315,0.002287905918968103,0.013800041733036728,-60.74204601361342,46.46547646521839,722.6023895784651,0.9670045459165605,-0.7109714319655197,0.17941032474902083,21.07716131210327,1790364354.0155447,0.8,0.8
-4.335898674839987,-3.0930654410526435,3.3076657670140737,-0.006428425568886217,-1.452125929465864e-05,0.003274660422357384,-59.75719150959485,43.589289557950266,719.0609765148001,0.9429935341758953,-0.6917297025697522,0.17579222547953038,21.086732625961304,1790364354.025116,0.8,0.8
-4.236537411588699,-3.60434549615418,2.4565656758737724,0.030574867976211652,0.005741546676687609,0.004754792175665309,-58.4504720940293,40.978099788250674,712.9492768065993,0.9426646162056489,-0.6874537627779796,0.16740481349375885,21.096015214920044,1790364354.0343986,0.8,0.8
-3.8358881723181533,-2.8710177244542994,1.7798508117294574,-0.012184493573345348,-0.011033279969849943,0.03271283600746514,-57.05147285062316,38.609997958843806,704.4892601199364,0.8846105939176276,-0.6634427167506185,0.1647734685446543,21.106855154037476,1790364354.0452385,0.8,0.8
-3.288657758029586,-1.3478012364715846,1.3908821859921796,0.010675319167628865,0.005083710342777853,0.003274660422357384,-55.7113756876075,36.3838558903688,694.0597799200613,0.9128975397587461,-0.6718301368429354,0.1603330739295621,21.11644434928894,1790364354.0548277,0.8,0.8
-2.7833023552673395,0.36066805220159176,1.3037486651887407,0.006070464843484877,-0.003961539291206531,0.02300975029211831,-54.4807154564648,34.249223792860604,682.2977468525518,0.8607640405232102,-0.6535751638311427,0.14553175842293786,21.125685214996338,1790364354.0640686,0.8,0.8
-2.436196289730994,1.7144794706372872,1.4755834354010218,0.02021394591673413,0.00820843292510788,-0.002316948442727368,-53.345219000523485,32.181105572103306,670.0986236846949,0.8976028539594507,-0.6636071759671349,0.15046553027958467,21.13597083091736,1790364354.0743542,0.8,0.8
-2.270912122678819,2.4044150365481123,1.8792358294169886,0.0029457422546662476,-0.003961539291206531,0.00886626925702319,-52.2873516656455,30.075326089823218,658.4890387832346,0.8563236477996763,-0.6499570611291717,0.146025135609556,21.146756172180176,1790364354.0851395,0.8,0.8
-2.236218011193576,2.3994721719594474,2.4238309433467764,-0.002316948442727368,-0.005277211971894319,0.005083710342777853,-51.32901377958251,27.760406261559865,648.3891568511336,0.873920759662277,-0.6534107046170079,0.14882093966305482,21.1553373336792,1790364354.0937207,0.8,0.8
-2.22995845055631,1.8878758979342318,2.9164984957126356,0.02942365441911654,0.011168696415426088,-0.007744098252752754,-50.519593439548885,25.12840895391895,640.4031945379991,0.8754008905615621,-0.6578511034123256,0.1284280158217338,21.166800498962402,1790364354.1051838,0.8,0.8
-2.1325268448463524,1.1574155727998006,3.2393212542525873,0.004261414924799353,-0.0026458666122117364,0.003274660422357384,-49.88583736605768,22.208274539095008,634.7651734491217,0.8263921114718316,-0.6461744992335958,0.1315527380469224,21.176897287368774,1790364354.1152806,0.8,0.8
-1.8623811561954104,0.48043962410383334,3.463730406982957,0.009195187422823596,0.0016300695828486422,-1.452125929465864e-05,-49.40657054859153,19.099879854712512,631.4198312426245,0.9132264577320781,-0.6821910676863903,0.12431653919649173,21.190518617630005,1790364354.128902,0.8,0.8
-1.4366181540987404,0.052141113012053215,3.6959941445108333,-0.004948293801563558,-0.006921802825137338,0.011004237332853176,-49.03476273038315,15.869615620345852,630.2104415476966,0.8209649647384127,-0.658837858704036,0.12119181695128459,21.195708990097046,1790364354.1340923,0.8,0.8
-0.9628104713277721,-0.04873305744162697,3.953661742938053,0.028765818100208708,0.006399383010177104,0.0011366923304824278,-48.72934217199274,12.538747914209937,631.01014145841,0.9216138660402116,-0.6920586210163835,0.123494243869646,21.207008600234985,1790364354.145392,0.8,0.8
-0.5706561988787031,0.11368082395608657,4.2753712296648825,0.02761460454112568,0.00047885599362514075,0.009195187422823596,-48.47575955562851,9.151716171511689,633.6979734061046,0.8474428623308911,-0.6807109346991733,0.11987614442439119,21.216581344604492,1790364354.1549647,0.8,0.8
-0.3604542419524659,0.38728983482048,4.7807735165085745,0.001301151414630844,-0.005112752886715699,0.0021234468349777408,-48.30855778495116,5.802172693562107,638.1470939158113,0.9321392411402217,-0.707353328960508,0.12711234330328433,21.22603702545166,1790364354.1644204,0.8,0.8
-0.3930016849135932,0.6509475467047205,5.485550593845281,0.018075977859902913,-0.003797080206239617,0.03024594981717061,-48.321303015134106,2.5742234209260486,644.2526568368554,0.9038522954782132,-0.7071888697334675,0.11888939002821028,21.23560380935669,1790364354.1739872,0.8,0.8
-0.6937588107074136,0.8763432255544484,6.206791904476279,0.014951255307388639,0.0026168240868698345,0.0021234468349777408,-48.62957619216071,-0.5130488636502247,651.8745794013583,0.8855973478468844,-0.7076822474147089,0.13352624681628902,21.245169639587402,1790364354.183553,0.8,0.8
-1.224826876807235,1.092914870391966,6.770561169647616,0.028436899940599863,0.003603578589943257,0.005906005760099364,-49.30969966762508,-3.4582514676459306,660.656118866557,0.924574127790633,-0.7239637110981035,0.12711234330328433,21.25570821762085,1790364354.1940916,0.8,0.8
-1.8523154515907003,1.32670593194088,7.174108931561029,0.00886626925702319,-0.0041259983761998825,0.013471123568701227,-50.35574147992089,-6.199965261173939,670.0096770108831,0.9087860650891132,-0.7219902003276227,0.12382316200045627,21.26691746711731,1790364354.2053008,0.8,0.8
-2.3993515542502792,1.5788904139995004,7.465613432528245,0.008537351091117959,-0.0026458666122117364,0.007715055675896115,-51.661717201890916,-8.636035274889053,679.3938416953611,0.9346061259242535,-0.7325155911706592,0.12316532573873973,21.27632713317871,1790364354.2147105,0.8,0.8
-2.743817915198571,1.8394355893405236,7.580690087169689,0.00820843292510788,-0.0033037029514975946,0.01708922337065142,-53.0494119011296,-10.721140869987737,688.4007644615235,0.8676713180789511,-0.7047219813326572,0.11214656829772812,21.286857843399048,1790364354.2252412,0.8,0.8
-2.857506233759627,2.078242463552791,7.408015212372144,0.02300975029211831,0.0026168240868698345,0.016924764289018353,-54.336589185084286,-12.542175502897496,696.4864274617531,0.8997408207962881,-0.7187010157230377,0.11806709469739708,21.296405792236328,1790364354.2347891,0.8,0.8
-2.7918671291879447,2.2240113081039024,6.972102628805441,0.008701810174083675,0.0001499378250383182,0.014951255307388639,-55.39510547722849,-14.296420022678861,702.917495380772,0.9048390494010375,-0.7188654749528849,0.1098441413560549,21.3058078289032,1790364354.2441912,0.8,0.8
-2.6350908877078663,2.2007800594225784,6.42568722173574,-0.001823571188698997,-0.0024814075274563335,0.011004237332853176,-56.18864044807636,-16.198267516038353,707.2032814518345,0.8862551837995354,-0.7211679041749675,0.1294147702095668,21.317360877990723,1790364354.2557442,0.8,0.8
-2.461177381921558,1.992390021738123,5.862092713936517,0.0075505965927730595,-1.452125929465864e-05,0.02218745488837228,-56.789777941410016,-18.388473000543346,709.4115863108368,0.8828015450464484,-0.7183720972634641,0.10639050093462546,21.325552225112915,1790364354.2639356,0.8,0.8
-2.3193282494835255,1.6540226189363791,5.256999496983505,0.0029457422546662476,-0.0014946530194787921,0.016266927962225543,-57.3298775845674,-20.90484952361715,710.013950839968,0.8772099394374173,-0.7233058741739653,0.10408807398104677,21.336785793304443,1790364354.2751691,0.8,0.8
-2.2515823122205467,1.2733572971294516,4.606864706407921,0.022516373049948517,0.005741546676687609,0.01511571438933454,-57.9017738807226,-23.74377288251006,709.6647795759981,0.9160222605039805,-0.7395873382363751,0.09422052984006218,21.346343517303467,1790364354.2847269,0.8,0.8
-2.290373219192085,0.9363224813132357,4.016893766253341,-0.0016591121040756968,-0.0041259983761998825,0.01791151877842609,-58.524430943757785,-26.936730794759875,709.1353154190782,0.866355646164896,-0.7293908657468693,0.10523928745843275,21.35586428642273,1790364354.2942476,0.8,0.8
-2.435066992290463,0.7242613854216742,3.6140190234822356,0.01659584612567406,0.004425874008447628,-0.002316948442727368,-59.18463908858893,-30.514436862939668,709.1920940463403,0.9086216061022127,-0.7484681369834195,0.11461345430139627,21.36640763282776,1790364354.304791,0.8,0.8
-2.6273893363264604,0.7320553759126248,3.424376026700923,-0.006921802825137338,-0.0013301939349083108,0.003603578589943257,-59.88432972197817,-34.37372358953521,710.3839818839347,0.8629020073875409,-0.7387650420620903,0.10162118795405367,21.375052452087402,1790364354.3134358,0.8,0.8
-2.7751358613438453,1.0635470044933408,3.35515492035074,0.001301151414630844,0.00047885599362514075,0.033206213244828524,-60.65486306102639,-38.22898470745632,712.9006336885047,0.89941190282149,-0.750606107069892,0.09948322005954859,21.38780903816223,1790364354.3261924,0.8,0.8
-2.836364805071026,1.7633237498993006,3.3152727911993485,0.03912674007514537,0.021036241322037838,0.0075505965927730595,-61.539641795667876,-41.787711692580814,716.5724443487692,0.8813214141510018,-0.7492904331697084,0.08714878981799881,21.395484924316406,1790364354.3338683,0.8,0.8
-2.8507717256901346,2.7627644080885343,3.410677912185729,0.013800041733036728,0.012155450910314239,0.0073861375096237886,-62.57365203325944,-45.03601532060981,720.9771878557444,0.8671779411112531,-0.7446855745396146,0.08599757632171912,21.40550661087036,1790364354.34389,0.8,0.8
-2.879868032828966,3.9481860440744465,3.9918422310999166,0.06313776521475109,0.038633362840556074,-0.002974784781801798,-63.76592092514713,-48.31456617802652,725.502995774172,0.8457982724260557,-0.7341601835048366,0.0782679999581291,21.415733337402344,1790364354.3541167,0.8,0.8
-2.957332187222349,5.209896891979793,5.5898516949045245,0.09685187495294312,0.07382760500102879,0.0363309357427542,-65.07247489021437,-52.058216450092885,729.3829411491106,0.8461271904071035,-0.7359692350771098,0.085175280966492,21.425275087356567,1790364354.3636584,0.8,0.8
-3.0907367032283273,6.239961113820846,9.090345552562297,0.2292414181191796,0.15753726990394482,0.07909029531856353,-66.38334221533351,-56.45915074765616,731.8693561616044,0.8219517186907973,-0.7274173549604143,0.07218301427156319,21.436505794525146,1790364354.3748891,0.8,0.8
-3.272567276096304,6.3393491652652925,16.154972919067966,0.3474874700550602,0.25029217642361157,0.023503127534054695,-67.5199735695824,-61.36751955966123,732.3775365505377,0.7857707401824331,-0.7001171230085107,0.02942365441911654,21.44581961631775,1790364354.384203,0.8,0.8
-3.4712948985077454,4.832975963655108,29.34501828323637,0.4172180994512378,0.30703054667544527,-0.0031392438666364847,-68.21148515212754,-66.47394928487276,730.3830411141037,0.7527144820697134,-0.6871248443335682,0.022516373049948517,21.456876277923584,1790364354.3952596,0.8,0.8
-3.6469775528280537,1.920754141914912,51.35097471706758,0.47757456137432636,0.34946097848173785,-0.0080730164239846,-68.11226802678286,-71.56290426894738,725.2832286972526,0.7272233374270862,-0.6539040822595289,0.000807774162106506,21.46665048599243,1790364354.4050338,0.8,0.8
-3.801533520669439,-1.0440133964418685,83.64940518227017,0.5308592833227181,0.3897534415820693,-0.018433938872243927,-66.89786048365927,-76.58626797414583,716.4348071004321,0.6824904893277969,-0.6218345362210492,-0.010704361797662043,21.47677969932556,1790364354.415163,0.8,0.8
-3.946970822016373,-2.276820000878597,125.66551548545387,0.5943404622034566,0.4300459035492299,-0.030603911407348028,-64.34842227806496,-81.50984475664113,703.2305507160321,0.6237786247001761,-0.5718389391424591,-0.033399715929467236,21.48628568649292,1790364354.424669,0.8,0.8
-3.9831952463599736,-0.5822238699554523,174.8781561408834,0.6055236748274513,0.44336708461135943,-0.06366018890707204,-60.388398728803274,-86.12907130499354,685.031400037903,0.5177025620158939,-0.5088510700980882,-0.0404714568144241,21.49584412574768,1790364354.4342275,0.8,0.8
-3.645243752864042,4.187057566466106,227.4949721716824,0.6650578350272363,0.47741010235322934,-0.09112485812453419,-55.11216648218311,-90.0753030669307,661.0617358059312,0.50816393900284,-0.46395371499423665,-0.06530477985636365,21.506579637527466,1790364354.444963,0.8,0.8
-2.54306115236189,11.36071109371098,279.4034634316699,0.6977851764687957,0.5117820373936421,-0.16085551885785296,-48.76407812460632,-93.01454402348,630.5955208553597,0.4124487876428254,-0.3976766717739001,-0.06925179814594393,21.516851902008057,1790364354.4552352,0.8,0.8
-0.21656692724244717,19.93558257605288,327.1720772325979,0.7250853704436979,0.5249387587475456,-0.1651314557708878,-41.66334742324557,-94.77666281957333,593.3231811394287,0.35423029050120236,-0.3310707157922502,-0.06859396176324001,21.526405572891235,1790364354.464789,0.8,0.8
3.724666660957942,28.94692591225193,368.71134123668094,0.7967894927843195,0.5732897088406499,-0.1999967882738634,-34.13377010260121,-95.21070670010046,549.393694071265,0.24733191355854914,-0.2529526260991677,-0.06859396176324001,21.535995721817017,1790364354.474379,0.8,0.8
9.37793868265614,37.64250154332727,403.4878788970365,0.82820116038043,0.6007543635697219,-0.20229921593946965,-26.479646975275745,-93.92828171152519,499.2195212408054,0.20999970904186646,-0.20608177568870634,-0.04885887048727584,21.54654097557068,1790364354.4849243,0.8,0.8
16.41763061860642,45.530467670199265,432.415046008049,0.9071414752197067,0.6507499016666937,-0.20295705241644646,-19.009463576871163,-90.29977351828276,443.5668852487141,0.16872048596608732,-0.15148134954122228,-0.05264142961786199,21.556567907333374,1790364354.4949512,0.8,0.8
24.140551736216835,52.36466308256915,457.4759861346888,0.9462827138765519,0.6943315374468397,-0.211508926661309,-12.065474894647886,-83.8325019082223,383.8810127388119,0.10622604186667095,-0.10674847269917134,-0.033893093198886656,21.565561771392822,1790364354.503945,0.8,0.8
31.674849363329592,58.08791017094266,481.1962981416135,1.0234139769742832,0.7497542201261064,-0.23469766301003847,-6.008866736542191,-74.5812697041432,322.3428296623504,0.08780662610104374,-0.07665245748196009,-0.022052038799764306,21.5767183303833,1790364354.5151017,0.8,0.8
38.25875193398892,62.76018393771223,506.06145130786507,1.063541968260762,0.7767254954715107,-0.20312151153576635,-1.1643425019196285,-63.16515792239901,261.5492160450835,0.034028508639919436,-0.04606306592178472,-0.011197739055983785,21.58655881881714,1790364354.5249422,0.8,0.8
43.40239104155471,66.47901456910384,533.8696524633602,1.0765342276569765,0.8030389345364236,-0.22910605277079932,2.256604740835426,-50.45175686305406,204.11872624146815,0.058532911120259525,-0.04162267045160453,0.005248169426294705,21.595717906951904,1790364354.5341012,0.8,0.8
46.92639164074988,69.31878862262039,565.1723540784413,1.1179778903124475,0.8300102092877648,-0.23124402138747596,4.2054012250499895,-37.31138233510661,152.40839321044328,0.017747059696923237,-0.015802593478539254,-0.0005078985124518653,21.606333255767822,1790364354.5447166,0.8,0.8
48.98551756987812,71.32975980790127,599.2009684944467,1.145771457551941,0.8504031241570584,-0.24966344353227993,4.789406750335608,-24.61803295724441,108.23679784787011,0.013635582650882036,-0.004454916546265966,-0.005606130142330995,21.61559247970581,1790364354.5539758,0.8,0.8
50.04368757731397,72.56819904498408,634.3108834848979,1.131463526504242,0.8518832550689239,-0.26610935649194667,4.25671224453805,-13.297953120988138,72.55440472424718,0.0029457422546662476,0.00047885599362514075,0.0011366923304824278,21.62582492828369,1790364354.5642083,0.8,0.8
50.7471440274049,73.11480320604399,668.4158053556047,1.123569495566576,0.8508965011277702,-0.25640626780785075,2.9701301993515274,-4.210903977551982,45.32252091166339,-0.006757343739693791,0.003603578589943257,0.0006433150778790003,21.63517999649048,1790364354.5735633,0.8,0.8
51.703477501638424,73.05614966660785,699.2364811715433,1.1191291031593416,0.8459627314165846,-0.23946697765407549,1.3355656710108603,2.086778063138476,25.750151213324063,0.02021394591673413,-0.005277211971894319,-0.004454916546265966,21.64674997329712,1790364354.5851333,0.8,0.8
53.240777074216396,72.43135180669138,724.6961137058641,1.126365298191569,0.8555013528500834,-0.24176940542258724,-0.28798065444699744,5.504747390346559,12.687603442270268,-0.01333570717814471,0.0009722332463076439,0.0017945286669180244,21.656614303588867,1790364354.5949976,0.8,0.8
55.305510251574944,71.22047628992293,743.4406037300569,1.0942957974075629,0.8367530279313153,-0.21825175064316665,-1.6490127768240692,6.414336405554367,4.913798814870323,0.028272440860756698,-0.004783834716437896,-0.013664625351184165,21.66624426841736,1790364354.6046276,0.8,0.8
57.543866154847464,69.41207942672884,755.0391070533187,1.073245048066402,0.8212938827225832,-0.2195674236212225,-2.6013883041999266,5.500982711433184,1.2339078285265104,-0.01695380708744383,0.002287905918968103,-0.0031392438666364847,21.677175521850586,1790364354.6155589,0.8,0.8
59.473731244849255,67.06376877264178,759.7306321987111,1.022920600029853,0.7893888380572361,-0.2110155492987949,-3.0861574230864037,3.5500675196353266,0.46553112916922024,0.009524105588519197,-0.0028103256969935486,0.006563842093483832,21.686794757843018,1790364354.625178,0.8,0.8
60.669429140710896,64.29666785074343,758.0778169713489,1.019466961417149,0.7791923803960792,-0.2046016436110087,-3.1550437005015968,1.2781820723871835,1.4247168867551483,-0.006099507398184642,0.002287905918968103,0.005906005760099364,21.695668935775757,1790364354.6340523,0.8,0.8
60.870812823639184,61.26627120968166,750.8419689288066,0.9706226435615078,0.743340319234982,-0.16430916020913897,-2.965806627804303,-0.7351480212669028,3.037134653930082,0.013306664486494299,-0.0034681620363851695,0.0014656104987529062,21.706132173538208,1790364354.6445155,0.8,0.8
60.002790585877975,58.158339858557376,738.9917679543189,0.9591105146781174,0.7412023522672017,-0.21627824117975142,-2.701212921687502,-2.0819805726257274,4.533063841440435,0.006892760260018546,0.000807774162106506,-0.007579639167176647,21.716451406478882,1790364354.6548347,0.8,0.8
58.218939933477074,55.19665334212581,723.6374331811614,0.8984251488968775,0.7020611104880687,-0.1924316688428207,-2.4840599467267324,-2.609185907265015,5.519689158691429,-0.0019880302733486926,0.0006433150778790003,-0.00938868910997348,21.726364850997925,1790364354.6647482,0.8,0.8
55.924231819438624,52.58990076691728,705.9170680869328,0.9092794420497616,0.7065015034988755,-0.20164137946297717,-2.347958879594199,-2.479549231842411,5.891793056243297,0.0101819419195961,-0.0046193756313386986,-0.00823747550964031,21.73588514328003,1790364354.6742685,0.8,0.8
53.64337165628602,50.407357636891156,687.0022144683417,0.8908600354639259,0.6912068164220289,-0.18387979478000688,-2.268145412728292,-2.0622427296216057,5.736674938152095,-0.003961539291206531,-0.0019880302733486926,0.011168696415426088,21.746446132659912,1790364354.6848295,0.8,0.8
51.82515067806986,48.50284184002518,668.1433227160775,0.8576393197185102,0.673280785187794,-0.17664359371313137,-2.222663915149757,-1.6677872958865474,5.2738514286318265,0.010346401002299867,-0.0024814075274563335,0.007221678426448289,21.755631685256958,1790364354.694015,0.8,0.8
50.72050175464706,46.58342103608682,650.5158065904385,0.8643821382926478,0.6783790142704617,-0.188320190917882,-2.220829216346404,-1.355741300317442,4.765734311648089,0.008701810174083675,-0.002974784781801798,-0.005112752886715699,21.766889333724976,1790364354.7052727,0.8,0.8
50.37327376272113,44.37520515313654,634.9908650394239,0.8296812913047069,0.6652222940307789,-0.18684005886949673,-2.2728511349298457,-1.0200201319363236,4.42105836990045,0.0034391195061634766,0.001301151414630844,-0.011033279969849943,21.776506662368774,1790364354.71489,0.8,0.8
50.69388719976101,41.75020069574342,622.1162572713503,0.8806635781972252,0.6824904893277969,-0.17582129814100259,-2.360207957087209,-0.652831787380555,4.30943404604949,0.0017945286669180244,-0.0003434394280397435,-0.006099507398184642,21.786625862121582,1790364354.7250092,0.8,0.8
51.52060130422974,38.729058140257116,612.2591025543746,0.8339572250812208,0.66982714612447,-0.17861710308927828,-2.452586962581746,-0.4460469328528588,4.338094002067102,-0.004454916546265966,0.0001499378250383182,0.0034391195061634766,21.795823335647583,1790364354.7342067,0.8,0.8
52.65359623539742,35.40099299957101,605.646223077066,0.8647110562714532,0.6875887183874004,-0.1731899523151882,-2.5300349717467276,-0.5731376774555634,4.3686874520253385,0.01676030520735923,-0.0036326211212991677,-0.0003434394280397435,21.806341648101807,1790364354.744725,0.8,0.8
53.903711145393196,31.847527938461315,602.2656375071327,0.8472784033404529,0.6872598003839373,-0.1707230656103948,-2.5772019184806756,-0.9363528568704321,4.362915179360835,-0.009882066367657413,0.0024523650029321387,0.0029457422546662476,21.815436601638794,1790364354.75382,0.8,0.8
55.13769383510898,28.11503402491659,601.8763880656857,0.8806635781972252,0.7119286504994337,-0.17894602131905332,-2.5839022636437257,-1.2368110030368649,4.39224321117829,0.02958811349877897,-0.009059770938316974,-0.006428425568886217,21.82709264755249,1790364354.765476,0.8,0.8
56.30882761960438,24.235681773984712,604.1922359447107,0.90006973877105,0.7275522554243447,-0.18684005886949673,-2.552618213460961,-1.2923486517477192,4.536353511969041,-0.02320325241578497,0.00820843292510788,-0.012842329918785242,21.835813999176025,1790364354.7741973,0.8,0.8
57.45599071899443,20.26001639320756,609.0091599670324,0.8790189883121231,0.7209738954697349,-0.17286103408749642,-2.47779546684605,-1.2073922450552654,4.763086428667629,0.018569355104177232,-0.0046193756313386986,-0.0024814075274563335,21.84563398361206,1790364354.7840173,0.8,0.8
58.64150185771271,16.27357503861793,616.101838194624,0.9101017369839981,0.7522211050793803,-0.18716897710226132,-2.3385191221454154,-1.2108146208113946,4.923298203314085,0.0021234468349777408,-0.0013301939349083108,0.004754792175665309,21.85589027404785,1790364354.7942736,0.8,0.8
59.88694420041047,12.398857290857162,625.0870440321062,0.908950524076005,0.753865695046741,-0.15493499085729878,-2.1448668000067936,-1.3762997922412792,4.926251654356803,0.020707323159994295,-0.007579639167176647,0.009688564671327705,21.867050409317017,1790364354.8054338,0.8,0.8
61.15648568465627,8.763205647138955,635.4969837217332,0.9443092060565517,0.7770544134616016,-0.16990077004361392,-1.9720014668086523,-1.5430774733190067,4.851951295552588,-0.0021524893580248255,0.00047885599362514075,-0.012020034487051912,21.875339031219482,1790364354.8137224,0.8,0.8
62.37426824928863,5.4219287453705425,646.891010440289,0.9206271121227829,0.7694892996778968,-0.16776280157345125,-1.9151721995115578,-1.5193586364520433,4.831102759369219,-0.005277211971894319,-0.0005078985124518653,-0.0005078985124518653,21.884807109832764,1790364354.8231905,0.8,0.8
63.47372564447142,2.30590974965967,658.8001709026286,0.9301657333116291,0.7793568393909593,-0.16447361932142962,-2.0096394900592918,-1.3291815229683357,4.910095682188061,0.029917031658026387,-0.006428425568886217,-0.005112752886715699,21.895703315734863,1790364354.8340867,0.8,0.8
64.42115032259696,-0.7477519868698996,670.6417702001728,0.9286856024393834,0.786264117165681,-0.14062704834608405,-2.2044959621963014,-1.1983713654609598,5.086702204793912,-0.00823747550964031,0.0003143969093449134,0.006563842093483832,21.906203985214233,1790364354.8445873,0.8,0.8
65.19393493761999,-3.926361787596083,681.8250573744601,0.9461182548915968,0.8058347374204041,-0.15937538685413938,-2.411568865202619,-1.276763852618929,5.362873941835402,0.026298931900622838,-0.006921802825137338,0.008537351091117959,21.916170120239258,1790364354.8545535,0.8,0.8
65.78831044571882,-7.37787103880046,691.9947725809677,0.9549990400675528,0.8114263431789537,-0.1335553067265543,-2.5723509135247227,-1.4462669216011728,5.683762668141957,-0.027479188715377537,0.009195187422823596,-0.007579639167176647,21.926411390304565,1790364354.8647947,0.8,0.8
66.2299833976348,-11.162899984185684,701.1279454161004,0.9362507157792245,0.8130709331055649,-0.1421071803197593,-2.6699333100968943,-1.4764132029652088,5.8920866579446995,0.01741814153383941,-0.0054416710570994176,-0.014815838957661642,21.935969352722168,1790364354.8743527,0.8,0.8
66.54418725389435,-15.248509810142211,709.3612023604826,0.953025532252708,0.8245830625619653,-0.13273301119287803,-2.694395456910942,-1.3312110930079366,5.8455032130509865,0.015444632553148069,-0.0031392438666364847,-0.0054416710570994176,21.9467830657959,1790364354.8851664,0.8,0.8
66.74091326909456,-19.542061924532266,716.7884887185351,0.9339482899820302,0.8231029316347653,-0.11990520096092813,-2.6333386749336714,-1.224411956319762,5.576501591960324,-0.01053990271160797,0.003110201338524965,0.012648828157405347,21.95629644393921,1790364354.8946798,0.8,0.8
66.81362283542386,-23.934150939068196,723.4356250224379,0.9444736650415968,0.8308325042452278,-0.10641955449496548,-2.494516004541503,-1.3034498205253082,5.24546900784846,0.020871782241029056,-0.008401934595322555,0.010675319167628865,21.96597909927368,1790364354.9043624,0.8,0.8
66.72188967673569,-28.316103541378506,729.2888235064772,0.9184891453006164,0.823760767602515,-0.0985255176280761,-2.3171850211241143,-1.3304869936320032,5.016384605430035,-0.0080730164239846,-0.002974784781801798,0.007879514758992928,21.97658061981201,1790364354.914964,0.8,0.8
66.38259227007346,-32.548380007725285,734.2716275979698,0.9290145204110531,0.8303391272707813,-0.08832905343803629,-2.166182979833737,-0.8429800170843497,5.0713755562933045,0.058039533894676774,-0.025012302386473367,-0.01053990271160797,21.98667287826538,1790364354.9250562,0.8,0.8
65.70119293800711,-36.43910025891527,738.2588703413599,0.9209560300952938,0.8329704711334164,-0.1052683407811402,-2.0963666151103375,0.3435362978058103,5.674721002146732,0.02136515948397749,-0.023038793327701576,-0.0036326211212991677,21.995768785476685,1790364354.9341521,0.8,0.8
64.65958329505641,-39.80749246494529,741.1194422250167,0.8900377405243893,0.8198137517934827,-0.09671646752193439,-2.080859835935758,1.9701741646627904,7.183670013323102,0.09356269356085987,-0.049187788671970004,0.007057219343246532,22.00728964805603,1790364354.945673,0.8,0.8
63.37466421813257,-42.57324181136329,742.6780079290193,0.8885576096326402,0.8176757848943759,-0.080106098524718,-2.015456757487033,3.5947466752423924,10.12965179463618,0.15967523768884656,-0.10658401359705419,-0.01432246169758282,22.01681685447693,1790364354.9552002,0.8,0.8
62.01458394691379,-44.786190326109654,742.6722914528729,0.8487585342540338,0.7939936898900661,-0.06102884339394535,-1.8718901589598254,4.587226540147478,15.625322884777525,0.3203517288983402,-0.2113444675404405,-0.06382464800187695,22.026440382003784,1790364354.9648237,0.8,0.8
60.63859606899336,-46.59316901620941,740.7596942462831,0.8222806366748409,0.7703115946555671,-0.03635997954963438,-1.8197010925390074,3.8671687182087915,25.875340512486858,0.4372821006840277,-0.28880471689418485,-0.02435446603311997,22.036386013031006,1790364354.9747694,0.8,0.8
59.120522885660655,-48.1765593721661,736.4569305010436,0.7805080523548009,0.7314992713875903,-0.03372863410905318,-2.0849270849450825,0.40477210227777005,43.98473421108521,0.5144133816728347,-0.33666232670224444,-0.01333570717814471,22.045724630355835,1790364354.984108,0.8,0.8
57.22819872795374,-49.72517898360833,729.0557053938378,0.7347884513515464,0.6966339634621131,-0.030274993228787822,-2.626696436711707,-5.540027938831054,72.75308170007075,0.6025634126689442,-0.3864934491508285,-0.01761164343597671,22.0565402507782,1790364354.9949236,0.8,0.8
54.77337474806961,-51.42380584163122,717.6316117294863,0.6556836718027608,0.6374287222367768,0.010346401002299867,-3.0445274172895,-11.995411097079439,113.22077386070102,0.6145689202822925,-0.40836651707537924,0.02399650477575775,22.067662000656128,1790364355.0060453,0.8,0.8
51.654310653982066,-53.38229718668148,701.1465805920368,0.6061815108620265,0.5920380360664429,0.021200700403020648,-2.948311196988769,-16.254374798795357,163.91444824979214,0.7041990774944393,-0.45425062394613613,0.0756366548005586,22.07690453529358,1790364355.0152879,0.8,0.8
47.78409343087174,-55.541861556916686,678.6674195441765,0.5441804635404901,0.5348062996945195,0.03945565823141012,-2.4140328913340214,-16.169825196770613,221.14021097168805,0.705843667497864,-0.4657627658811836,0.08073488603756865,22.08643102645874,1790364355.0248144,0.8,0.8
43.07551196349052,-57.66395205165076,649.6184521239471,0.4673781020336807,0.4644178396319773,0.03698877205692505,-1.997508949854901,-10.891534772943606,280.05000687906517,0.7543590720367174,-0.4869779993301505,0.10211456515989153,22.096376657485962,1790364355.03476,0.8,0.8
37.533196992449064,-59.413781442205334,613.8747658346605,0.4251121327554261,0.4014300327156767,0.04669185764335403,-2.337194932408063,-1.0030865328592355,335.83953460986976,0.7458072041952701,-0.4894448869789715,0.10885738695102534,22.105714082717896,1790364355.0440974,0.8,0.8
31.348869185811658,-60.463628356382564,571.676555013854,0.28877559304042166,0.3117998588446681,0.041264708089035214,-3.793075311504366,11.820687915142084,384.6381374947593,0.7745875285348044,-0.5006281110881272,0.1315527380469224,22.115767240524292,1790364355.0541506,0.8,0.8
24.891147560429623,-60.54183081038891,523.4675776734449,0.2660802449197437,0.25506148880263707,0.055572647763351184,-6.40651906257286,25.48987931324384,424.04790416722045,0.8099462122440833,-0.522501182254439,0.1659246819606178,22.12711501121521,1790364355.0654984,0.8,0.8
18.557422791195258,-59.41748861873085,469.9128324450415,0.18615314608530742,0.1935538036054233,0.055572647763351184,-10.10795025923619,38.164174115135935,453.3961544372146,0.8086305403012424,-0.5338488660452563,0.20901295472201034,22.136836051940918,1790364355.0752194,0.8,0.8
12.610761842752405,-56.871095460906034,412.19318173535225,0.15359025244452468,0.15622159741896774,0.04340267609860151,-14.876707468876305,48.642390593162865,473.73987468067764,0.917337932395764,-0.5937120124340477,0.2187160388324163,22.14666175842285,1790364355.085045,0.8,0.8
7.167350572181174,-52.70793580023859,352.16054678320074,0.10869292788343546,0.10556820559460951,0.04356713517608157,-20.636849047033564,56.48240195337415,487.71135361540104,0.9487495986498982,-0.6229857506688571,0.20161229729738914,22.157028436660767,1790364355.0954118,0.8,0.8
2.3170835464724644,-46.83456816830001,292.1277401404054,0.07119625983268459,0.07974813160646366,-0.004290457461219699,-27.034759932684555,61.90856996140587,499.10019741539526,1.029498959284001,-0.67413256590575,0.22397872848709666,22.16537833213806,1790364355.1037617,0.8,0.8
-1.7493784677404065,-39.369147278984656,234.55895278589392,0.09619403867531172,0.06856491465793854,0.003932496757423909,-33.439756526793786,65.53553457198328,511.9272653562654,1.037886367317821,-0.6894272734477754,0.20736836418712803,22.17664361000061,1790364355.115027,0.8,0.8
-4.738611611719281,-30.706962985539057,181.85098309513222,0.03945565823141012,0.04077133085544463,-0.0003434394280397435,-39.203401565247496,68.01658769214697,529.2317667175279,1.0612395425411711,-0.7068599512795066,0.21970279314439492,22.18570852279663,1790364355.1240919,0.8,0.8
-6.42978334147823,-21.459196850136586,136.03764071568256,0.035015263113179734,0.031397163373363006,-0.0003434394280397435,-43.914857539128064,69.78514498967205,552.2376748731368,1.1367262137900989,-0.7392584197665393,0.2376288296738622,22.196415662765503,1790364355.134799,0.8,0.8
-6.843099189648691,-12.321073923891062,98.35441047390276,0.019062732348217364,0.016102468880462184,-0.005112752886715699,-47.514821257274754,70.986063091542,580.3185125628935,1.0676534427571536,-0.7277462734244196,0.2613109325823171,22.206746816635132,1790364355.1451302,0.8,0.8
-6.227967522273007,-3.994223960174083,69.06687119852003,0.061328715394271635,0.024325422936763548,-0.012184493573345348,-50.273584830481404,71.60475051310566,611.4575276840061,1.133765952192379,-0.751592862496744,0.2682182125134718,22.215693950653076,1790364355.1540773,0.8,0.8
-4.9522574709411735,2.8731121987212838,47.68899442983397,0.005083710342777853,-0.0031392438666364847,-0.0016591121040756968,-52.64288226140488,71.67445797202106,642.834505425452,1.0714359992906108,-0.7369559904822349,0.26163985067512896,22.226196765899658,1790364355.16458,0.8,0.8
-3.4225758972502898,7.802317942321178,33.14382073649983,0.005741546676687609,-0.007415180081627032,0.025970013740238475,-55.04018749828723,71.33750507703586,671.5785768930301,1.14527808061982,-0.7642562239387457,0.25802175164949726,22.235092639923096,1790364355.173476,0.8,0.8
-2.0372259372117925,10.604275874843516,23.822671312574393,0.009195187422823596,-0.002316948442727368,0.0073861375096237886,-57.6670909805728,70.6783429184265,695.5479839325733,1.103505500216504,-0.7507705663075986,0.22907695906851802,22.24616527557373,1790364355.1845486,0.8,0.8
-1.094863885178643,11.421028703274779,17.968244157348796,0.024160963856273608,0.004590333092069618,0.005248169426294705,-60.436816512222336,69.53960540410148,713.7028179920468,1.093309043534196,-0.74764584079815,0.23516194392839115,22.256685733795166,1790364355.195069,0.8,0.8
-0.6857342030806612,10.653309708533161,14.23073425387666,0.026627850060903707,0.004261414924799353,0.009195187422823596,-63.04345202917999,67.6137801660214,725.8877063364513,1.0709426223516378,-0.7410674713526463,0.23318843532847472,22.266462087631226,1790364355.2048454,0.8,0.8
-0.7025274455613321,8.816902702871447,11.82987125265427,0.006070464843484877,-0.006592884654276751,0.010346401002299867,-65.13536509353717,64.76871884464289,732.3977285189318,1.0283477464152897,-0.7223191187889667,0.23269505817800326,22.275723218917847,1790364355.2141066,0.8,0.8
-0.9622659115708388,6.424441448935703,10.29498563332,0.02185853672669224,0.0014656104987529062,0.006563842093483832,-66.46487730972359,61.23938234395363,733.789707111808,1.073245048066402,-0.7336668058041583,0.20868403661521281,22.28657341003418,1790364355.2249568,0.8,0.8
-1.3053997956504972,3.930084010034655,9.247250919502974,0.018733814185549952,-0.003961539291206531,0.019391650510780734,-66.92873811592185,57.46158277231162,730.9318290793392,0.9785166747739532,-0.6968279385103937,0.18845557287427656,22.29690670967102,1790364355.23529,0.8,0.8
-1.6266087402169864,1.7164561546724675,8.442023619902242,0.02185853672669224,0.005906005760099364,-0.012348952659665388,-66.54339174751645,53.7423417255711,724.888430578651,1.0043367350783314,-0.6955122647156041,0.1930604264388459,22.305511951446533,1790364355.2438953,0.8,0.8
-1.8654902924859524,0.09096443694024264,7.835314710187832,0.018733814185549952,-0.0046193756313386986,0.02498325925846425,-65.43186091377264,50.12577514730708,716.5706684914842,0.9393754365013677,-0.6728168921546265,0.20095446107966666,22.316460847854614,1790364355.2548442,0.8,0.8
-2.0022191687191655,-0.7567896232632727,7.484612524866031,0.01083977825025411,0.0016300695828486422,-0.00017898034365401716,-63.8229093039796,46.555492400716155,706.5832397359761,0.9517098603755019,-0.6726524329359129,0.19782973904056295,22.32561731338501,1790364355.2640007,0.8,0.8
-2.0610973149666107,-0.8142819457937198,7.3967999185643105,0.020707323159994295,-0.000836816681355268,0.02366758661464831,-62.00496061742175,43.10721370286245,695.4025289147061,0.9388820595454397,-0.6685409524808466,0.18483747363246242,22.336897611618042,1790364355.275281,0.8,0.8
-2.088741017934399,-0.25201141890598355,7.482924109795812,0.008537351091117959,-0.0026458666122117364,0.013142205404261247,-60.244194612513006,40.00742059619964,683.633480624027,0.9196403582050423,-0.667389737957825,0.18319288306435216,22.346904754638672,1790364355.285288,0.8,0.8
-2.128951888740678,0.6354517246429592,7.618686671864565,0.026298931900622838,0.003603578589943257,0.013306664486494299,-58.72839261165039,37.40437446299563,672.0886409823484,0.9431579931610061,-0.6710078407509403,0.15359025244452468,22.356441974639893,1790364355.2948253,0.8,0.8
-2.2036994612850025,1.528360112477336,7.725168655892344,0.013964500815165315,-0.0033037029514975946,0.001301151414630844,-57.52916416630342,35.14277779768972,661.6432051311971,0.8964516410466704,-0.6644294720503048,0.15309687526114946,22.36698269844055,1790364355.305366,0.8,0.8
-2.2980061813595856,2.1762578596058635,7.782498789633508,0.012484369075067787,-0.0019880302733486926,0.013142205404261247,-56.58826231550062,32.8253110056627,653.0365960283681,0.9367440927355525,-0.6797241793761385,0.16312887794844788,22.37652325630188,1790364355.3149066,0.8,0.8
-2.387466295984071,2.4595207950533076,7.75740440986898,0.007715055675896115,-0.0046193756313386986,0.024654341097665705,-55.78776238779113,30.140848280530825,646.7644882168511,0.8908600354639259,-0.6698566262237972,0.15934631956834897,22.38762068748474,1790364355.326004,0.8,0.8
-2.47793406934853,2.4051822654974955,7.579446586918643,0.020871782241029056,0.006399383010177104,0.013635582650882036,-55.04931743436352,27.103250101847316,643.0558635620982,0.9352639618663424,-0.6843290375624641,0.14865648060127257,22.396904230117798,1790364355.3352876,0.8,0.8
-2.5921195730425737,2.1416916083250817,7.22784122428732,0.011826532745456128,-0.0010012757658465488,0.024160963856273608,-54.35016902045112,23.93978456638407,641.8792242982371,0.9087860650891132,-0.681368771581986,0.12809909769226493,22.40635871887207,1790364355.344742,0.8,0.8
-2.7486878226431184,1.8274712658354553,6.755701986928197,-0.003797080206239617,-0.0046193756313386986,0.019885027754430754,-53.670692155183275,20.79164370534932,642.9503013347194,0.9077993111675763,-0.6833422822342154,0.12974368833865332,22.41523766517639,1790364355.353621,0.8,0.8
-2.9764845053629703,1.596967675371569,6.189204933955568,0.01231990999270409,0.0016300695828486422,0.024654341097665705,-52.96768443542766,17.589406750339354,645.737228126651,0.9240807508324231,-0.6927164579101227,0.13138827898265362,22.426530122756958,1790364355.3649135,0.8,0.8
-3.314180260993455,1.5163580690832041,5.463925353361645,-0.03570214318883974,-0.013171248091664922,0.04586956225812234,-52.21085102402295,14.209314784256435,649.5682324560591,0.9073059342066875,-0.689920651116116,0.1356642146459009,22.43571639060974,1790364355.3740997,0.8,0.8
-3.77948762090889,1.5470309871922896,4.492236630273926,0.04225146255552571,0.01281328723971678,0.007879514758992928,-51.42832441123385,10.68024222658454,653.8369255414152,0.9318103231688742,-0.699459286107613,0.12645450704348532,22.446391344070435,1790364355.3847747,0.8,0.8
-4.324364882455274,1.5652177275801527,3.3522062645020383,-0.0041259983761998825,-0.004783834716437896,0.011004237332853176,-50.71239214603007,7.195465494582787,658.1166032414928,0.89234016635451,-0.6930453763572306,0.1338551649441833,22.45623254776001,1790364355.394616,0.8,0.8
-4.812921738089864,1.4545794276151771,2.3410648833598504,0.0034391195061634766,0.0021234468349777408,0.008701810174083675,-50.19335626837298,3.948694095401802,662.1213989961362,0.9079637701545213,-0.6999526637832264,0.11691588123324609,22.46676015853882,1790364355.4051435,0.8,0.8
-5.081816152998654,1.194436054233781,1.70513864793894,0.0006433150778790003,-0.0062639664835221764,0.02218745488837228,-49.97865967934968,0.9971048667652801,665.6324475743015,0.8865841017758049,-0.6948544278191636,0.11412007710109807,22.477237701416016,1790364355.415621,0.8,0.8
-5.036890799781584,0.871999214582535,1.4337250488172713,-0.012348952659665388,0.0011366923304824278,0.000807774162106506,-50.087499561211324,-1.7392763201864208,668.5323976534518,0.915693342530947,-0.7096557581432741,0.12513883452273783,22.485178232192993,1790364355.4235616,0.8,0.8
-4.678213500777388,0.63706210849547,1.3752863330218361,0.026463390980776207,0.006234923926844119,0.006234923926844119,-50.4581593135583,-4.383881194553438,670.9179859834923,0.9082926881283848,-0.7096557581432741,0.11362669990058225,22.496546506881714,1790364355.4349298,0.8,0.8
-4.056546390702989,0.6451826524917367,1.453404007240574,-0.0024814075274563335,0.0011366923304824278,-0.01859839795957756,-51.001554195461985,-7.000251111682415,673.0917541513743,0.892669084330094,-0.7088334620056718,0.12168519414847276,22.50639772415161,1790364355.444781,0.8,0.8
-3.2504837263848976,0.9854525616019071,1.7144906572763643,0.023503127534054695,-0.0026458666122117364,0.03830444468403504,-51.63511529812082,-9.5707708171944,675.3738608521132,0.9199692761776572,-0.7201811487931093,0.10852846881582126,22.516174793243408,1790364355.4545581,0.8,0.8
-2.3950115288750755,1.5876104861576297,2.1553260160447896,-0.014158002610943188,-0.007415180081627032,0.0026168240868698345,-52.30265215122263,-12.103534597863433,677.9521275568075,0.8828015450464484,-0.7157407495926618,0.10803509161283298,22.527547359466553,1790364355.4659307,0.8,0.8
-1.6687692027990428,2.2173272071503427,2.6246835271917694,0.031232704293984295,0.007879514758992928,0.0009722332463076439,-52.975770200548574,-14.720768518115626,680.9132647172104,0.9355928798373365,-0.738929501296866,0.11839601282979464,22.535054445266724,1790364355.4734378,0.8,0.8
-1.1899951407579492,2.623105792144949,3.0058544981410753,0.006399383010177104,0.0014656104987529062,-0.0054416710570994176,-53.64423631503272,-17.558385597814674,684.351658910885,0.890695576476037,-0.73103545807336,0.11083089576021096,22.546466588974,1790364355.48485,0.8,0.8
-0.9478294316730927,2.676771674081086,3.3760602594080322,0.009359646505684487,-0.002316948442727368,0.004261414924799353,-54.325287384668975,-20.600296965830648,688.3995682244118,0.9364151747646755,-0.7492904331697084,0.12053398068803034,22.555790185928345,1790364355.4941735,0.8,0.8
-0.8382653255961954,2.387443741560398,3.8569831794466007,0.016266927962225543,0.0014656104987529062,-0.010704361797662043,-55.07593495957202,-23.690190606026277,693.1292235949514,0.892669084330094,-0.7359692350771098,0.10507482839030782,22.566449642181396,1790364355.504833,0.8,0.8
-0.737712393140099,1.8440715628516504,4.432506088062867,0.022351913969173368,-0.0014946530194787921,0.01149761458049342,-55.97374712371032,-26.70307659330397,698.4135929605501,0.9043456724396658,-0.7433699006511667,0.11839601282979464,22.57575249671936,1790364355.5141358,0.8,0.8
-0.5783398537870663,1.170707174548843,5.0076086734344,0.01511571438933454,0.005083710342777853,-0.01448692078424911,-57.068219602080895,-29.63861300874538,703.8818169897751,0.9109240319180129,-0.7441921968311416,0.10441699211756458,22.58659267425537,1790364355.524976,0.8,0.8
-0.3748221328487551,0.5400613173813643,5.527053376579594,0.003932496757423909,-0.0021524893580248255,0.004590333092069618,-58.34198744791718,-32.54101307097278,709.0490319784075,0.8865841017758049,-0.7392584197665393,0.11708034029962573,22.59567666053772,1790364355.53406,0.8,0.8
-0.17901397963002344,0.18500059648774592,6.014192425049823,0.04011349454363222,0.013306664486494299,-0.0019880302733486926,-59.72607040915073,-35.39916260383253,713.4848896360711,0.9150355065847752,-0.7474813815612185,0.107541714409626,22.605679750442505,1790364355.544063,0.8,0.8
-0.0476325979222898,0.32155309982551095,6.624413419637785,0.04011349454363222,0.010017482836866154,0.0026168240868698345,-61.156632514224235,-38.16575040932289,716.8292748397432,0.8265565704635747,-0.7190299341827722,0.10491036932215855,22.6172194480896,1790364355.5556028,0.8,0.8
-0.04382330118775054,1.0637113983733208,7.6582282701456785,0.05409251608182327,0.024489882017227578,-0.01711826617453699,-62.59345265191113,-40.829634281764854,718.7174161137597,0.8987540668717847,-0.7397517974713539,0.10819955068052003,22.626749515533447,1790364355.5651329,0.8,0.8
-0.22494888345797906,2.4556560800464773,9.455685899618045,0.08155718139614013,0.04241592163318464,0.0029457422546662476,-63.98248268663858,-43.449517876108274,718.8555390749243,0.831490340211011,-0.7122871057903288,0.0915891847208928,22.635924816131592,1790364355.5743082,0.8,0.8
-0.6064000708584755,4.500405221972203,12.469341192943915,0.16707589537544526,0.12546775265306845,-0.011526657228331239,-65.2192309591851,-46.147176978177086,717.1370995589939,0.809452835265599,-0.702748470618479,0.07925475439057583,22.64687705039978,1790364355.5852604,0.8,0.8
-1.0942870814332417,6.922218732241463,17.907397370916083,0.4088306890192054,0.2785791323401033,0.04422497148574647,-66.13720035042599,-49.05185478532473,713.5042287767263,0.8043546064822186,-0.6937032132519227,0.055737106838949925,22.65662932395935,1790364355.5950127,0.8,0.8
-1.4817583209246807,8.898745388827033,28.61755411470842,0.5038880045306218,0.3662357999947848,0.012484369075067787,-66.52891121091238,-52.24623926847911,707.8260555739979,0.7711338896329485,-0.678572964834393,0.05836845204509053,22.668781042099,1790364355.6071644,0.8,0.8
-1.6128271228848559,9.492171946312093,48.83234656717012,0.5668758073757474,0.41146203347363386,-0.018105020697656862,-66.19564180205154,-55.76735875928219,700.0151945518653,0.7709694306374952,-0.6624559614523413,0.031397163373363006,22.675273656845093,1790364355.613657,0.8,0.8
-1.5198032305890758,8.63675288925911,82.20733972173848,0.6757476702293995,0.48431738122454165,-0.05461493873522155,-64.96638640925462,-59.60072368600177,690.0391156907679,0.6675247200789508,-0.6111446878666938,0.004261414924799353,22.68664813041687,1790364355.6250315,0.8,0.8
-1.2877026847920774,7.500696217746289,129.8632037562948,0.7615952678774839,0.5427003324103667,-0.10559725898494823,-62.66530291446999,-63.63008962205597,677.6182342748084,0.647460721569059,-0.5766082558185865,-0.012184493573345348,22.69669461250305,1790364355.635078,0.8,0.8
-0.790070758924269,7.836543867181813,189.93436799713587,0.7874153301261989,0.5667113483635181,-0.11694493708608492,-59.11922282811246,-67.61447194366369,661.9513173860096,0.5721384957589302,-0.522501182254439,-0.03159066594367589,22.706048011779785,1790364355.6444314,0.8,0.8
0.38126519871818343,11.079178024614546,258.1343698911627,0.8050124424548544,0.5877621018041895,-0.17450562522714388,-54.23376156988635,-71.24548990987658,641.833941755683,0.4987897749528489,-0.4545795422847443,-0.052148052339138565,22.71577262878418,1790364355.654156,0.8,0.8
2.7374936633052362,17.7740601337299,328.6412822932567,0.8255698165129589,0.6010832815878956,-0.16677604689660253,-48.0490178261965,-74.23072613218056,615.9253344457205,0.4011011146568675,-0.3749813083786197,-0.0710608482006663,22.726494312286377,1790364355.6648777,0.8,0.8
6.598790104391398,27.410081162490112,395.2905103670214,0.833134930124743,0.6112797401220169,-0.16578929222081887,-40.74191731989786,-76.3276114706132,582.8951684835718,0.31607579387836415,-0.29965901990971977,-0.06842950266763331,22.737437963485718,1790364355.6758213,0.8,0.8
11.85845181247642,38.612587910074026,452.91238047634835,0.8638887613243666,0.6336461650978955,-0.17697251194219127,-32.61531862854991,-77.28697725987689,541.6579018319013,0.24634515926863937,-0.23190185788596274,-0.05560169329538209,22.74564003944397,1790364355.6840234,0.8,0.8
18.00072652184997,49.59742027185444,498.37808140722666,0.8665201051541868,0.6519011146995549,-0.16085551885785296,-24.094092178516775,-76.73127532064096,491.8256788507158,0.18763327759301424,-0.1749990025696178,-0.0454052295545795,22.755770683288574,1790364355.694154,0.8,0.8
24.317857609908284,58.696308465027165,531.0491614128842,0.9202981941502375,0.6884110133958281,-0.16250010997589023,-15.69098925783987,-74.12044746747208,434.1656579897126,0.14207811811066468,-0.12039857827430503,-0.061686679771565306,22.76690649986267,1790364355.7052898,0.8,0.8
30.115492504273362,64.7706197323055,552.6038570653402,0.9321392411402217,0.7137376994965456,-0.1718742794051339,-7.905295869715924,-68.94290170802336,370.7191898469903,0.06527573318048366,-0.07073193000864902,-0.04376063863847353,22.776462078094482,1790364355.7148454,0.8,0.8
34.85559290568298,67.40820548992755,566.3352648487479,0.9561502529590128,0.7221251084632303,-0.1389824572669854,-1.1460840856353591,-61.03874542691327,304.4883255101417,0.07349868685533543,-0.059384252451823605,-0.016624888913337632,22.7858726978302,1790364355.724256,0.8,0.8
38.248110255823114,66.8678321328673,576.095455393067,0.9989095886597698,0.7584705469490441,-0.18470209035944773,4.241550415336907,-50.79104760645052,239.00765322874082,0.033864049560952715,-0.03652443863990072,-0.00938868910997348,22.796860456466675,1790364355.7352438,0.8,0.8
40.31140562738744,63.85813177803425,585.265013351625,0.9747341181535155,0.7494253021321335,-0.17302549320132746,7.97188358400978,-39.01071702368772,177.94295098973535,0.025805554660007488,-0.025012302386473367,0.013635582650882036,22.805474042892456,1790364355.7438574,0.8,0.8
41.37476343048618,59.30737264845984,596.0912359935589,1.029334500302776,0.7795212983858278,-0.18749789533514588,9.893212668240535,-26.655281239026678,124.51091766734766,0.016266927962225543,-0.013171248091664922,0.009688564671327705,22.815736532211304,1790364355.7541199,0.8,0.8
41.95004055454688,54.18098658128602,609.5300327903972,1.0128886021465804,0.781001429339134,-0.19374734178276914,10.048644248380894,-14.705276810746298,80.84505046806126,0.008701810174083675,-0.0019880302733486926,-0.015309216217980426,22.825824975967407,1790364355.7642083,0.8,0.8
42.571547591278645,49.33335651370254,625.4630263765782,1.0410110879535874,0.7908689690044562,-0.2238433608134382,8.710183082436416,-4.255646142409961,47.72033049731856,0.023832045695215992,-0.00889531185252855,-0.022052038799764306,22.836334943771362,1790364355.7747183,0.8,0.8
43.71626720703665,45.387692029370555,642.9883556062716,1.0319658440015855,0.7865930351544566,-0.22976388926768382,6.371146134369234,3.5234500428825335,24.71757355660484,-0.01037544362558046,0.0021234468349777408,-0.01333570717814471,22.845897912979126,1790364355.7842813,0.8,0.8
45.738896371177134,42.6469477036285,660.6905129466852,1.0143687329834123,0.7859351991768603,-0.24028927328498922,3.6334696538383167,7.819152907389096,10.522969664847311,0.005741546676687609,-0.000836816681355268,0.014951255307388639,22.856444120407104,1790364355.7948275,0.8,0.8
48.75330227902222,41.07080781851851,676.9585943016891,1.0288411233590624,0.7841261502375414,-0.18486654947542563,1.0250518006795197,8.69540955422576,3.201974957295052,-0.01169111631454485,0.003932496757423909,0.007879514758992928,22.867018938064575,1790364355.8054023,0.8,0.8
52.50144914067271,40.31402211995159,690.3665527019799,0.9957848679910082,0.7767254954715107,-0.18437317212758164,-1.1294235192977218,7.140366741517553,0.5989572750169067,0.02942365441911654,-0.010210984539579554,0.015444632553148069,22.876579761505127,1790364355.814963,0.8,0.8
56.359995351745894,39.8049386976383,699.9771709122157,0.9985806706947591,0.7736007745633632,-0.1743411661130454,-2.7131548150923708,4.512003093099549,0.8166799523160835,0.000807774162106506,0.0001499378250383182,-0.015144757131180839,22.886826753616333,1790364355.82521,0.8,0.8
59.57422479287421,38.90592390945057,705.42822651323,0.9709515615290452,0.7617597268736002,-0.17878156220415092,-3.7206808833137455,1.8523063381494616,2.4115316586401456,-0.02057190700966728,0.006070464843484877,-0.02073636609734872,22.896531581878662,1790364355.834915,0.8,0.8
61.56313880629859,37.13186705728893,706.8776653770668,0.9755564130713438,0.7566614979885307,-0.161019977969524,-4.150248873025093,-0.3711892669862059,4.276481940346018,0.018569355104177232,-0.005935048312873614,-0.011033279969849943,22.905916929244995,1790364355.8443003,0.8,0.8
62.09719055763298,34.32385746340112,704.8824070863825,0.9346061259242535,0.7418601882575057,-0.17335441142907865,-4.010448547057772,-2.0577479807289563,5.653886162152474,0.0011366923304824278,-0.0013301939349083108,0.011168696415426088,22.915222883224487,1790364355.8536062,0.8,0.8
61.31314449410618,30.703856371438206,700.1903785760238,0.9301657333116291,0.7301835994006313,-0.1544416135256387,-3.426168568908296,-3.16646171355828,6.305077067008914,0.034028508639919436,-0.01037544362558046,0.009853023754110027,22.925864934921265,1790364355.8642483,0.8,0.8
59.604347294380624,26.765729312663936,693.5341737463466,0.9120752448252617,0.7216317314660928,-0.1715453611779172,-2.6676090831060426,-3.604206261026156,6.422926665023446,-0.02073636609734872,0.007057219343246532,-0.004783834716437896,22.93588924407959,1790364355.8742726,0.8,0.8
57.4663123374324,23.044671661273274,685.5433845804408,0.897438394971938,0.7092973065008945,-0.16842063802527582,-2.0286996709436695,-3.337226467019436,6.261906988235176,0.0001499378250383182,0.0009722332463076439,-0.0014946530194787921,22.94671893119812,1790364355.8851023,0.8,0.8
55.38247600261305,19.914228773676978,676.7687042114902,0.9077993111675763,0.7155467484921274,-0.1595398459655453,-1.6741211387921175,-2.5417573161479394,5.886094364797957,-0.001165734850364225,0.0014656104987529062,-0.013500166264651114,22.955971002578735,1790364355.8943543,0.8,0.8
53.73618228270087,17.506491696742522,667.7566275056671,0.8727695467400756,0.6987719304740183,-0.15625066374301755,-1.5824686913677766,-1.5896663219410454,5.2937897465378425,0.017582600615394336,-0.0070862619106073915,-0.006757343739693791,22.966925382614136,1790364355.9053087,0.8,0.8
52.729193213190044,15.74052683057303,659.0813941996114,0.8984251488968775,0.7139021584962071,-0.15131689043125537,-1.6158773081220865,-0.84316472985928,4.64950614110553,0.008537351091117959,-0.0028103256969935486,0.003603578589943257,22.976423978805542,1790364355.9148073,0.8,0.8
52.33979815708095,14.41010242502179,651.329315460464,0.8882286916565939,0.7078171755002849,-0.12072749648336645,-1.6686237623836604,-0.44418444192288775,4.21789170442701,-0.015473675304806686,0.0029457422546662476,0.009853023754110027,22.98663830757141,1790364355.9250216,0.8,0.8
52.34301461346989,13.281160264515654,645.0704280490423,0.8757298085390759,0.7079816345004036,-0.14325839407869237,-1.7562570629240406,-0.2955775925534605,4.094417589484218,0.014457878061394425,-0.002316948442727368,-0.006592884654276751,22.99519658088684,1790364355.93358,0.8,0.8
52.42267402634499,12.174753792026495,640.7342058610989,0.8869130197520373,0.7162045844901422,-0.1299372063837865,-1.9422396835366214,-0.2323441654536788,4.1494103677534335,-0.005770589227589051,0.0011366923304824278,-0.00938868910997348,23.006731271743774,1790364355.9451146,0.8,0.8
52.33376925793293,11.011964267022424,638.4767955914629,0.8882286916565939,0.7194937644771973,-0.13289747029955543,-2.211540445503347,-0.19915916407224848,4.234531162945892,0.023338668453435164,-0.006592884654276751,-0.0024814075274563335,23.016969919204712,1790364355.9553533,0.8,0.8
51.991101931627526,9.803826481725396,638.1950022432658,0.884117216952873,0.7249209114448889,-0.13273301119287803,-2.4633514847724145,-0.26488274373776244,4.323340631088726,-0.008730852766766675,0.0021234468349777408,-0.0046193756313386986,23.026254892349243,1790364355.9646382,0.8,0.8
51.45525798305788,8.610661343728374,639.6009036285376,0.8781966933692172,0.731828189384207,-0.12319438305498795,-2.6018909241031793,-0.48627165251602716,4.445504301485341,0.006234923926844119,-0.0005078985124518653,0.003110201338524965,23.036778688430786,1790364355.975162,0.8,0.8
50.85742970555377,7.4781251281327545,642.2979236147921,0.8900377405243893,0.7382420903084314,-0.11250454129120521,-2.599298798222541,-0.7925897371924892,4.5754625149288035,0.001301151414630844,0.0006433150778790003,-0.002316948442727368,23.04530644416809,1790364355.9836898,0.8,0.8
50.308946044200724,6.355791084645116,645.8981287208666,0.8816503321278335,0.7443270732194227,-0.11908290543920691,-2.49178455243124,-1.0262552617386504,4.648560789187412,0.0067283011767643175,-0.005770589227589051,0.002287905918968103,23.056636095046997,1790364355.9950194,0.8,0.8
49.872931121795474,5.074510668204426,650.130167260698,0.9028655415550654,0.7573193339743371,-0.10724185000569333,-2.340508895643391,-1.0871478850261864,4.657467511575683,0.013142205404261247,-0.0033037029514975946,-0.0072507209961039515,23.065666437149048,1790364356.0040498,0.8,0.8
49.59671824330099,3.42650045640558,654.8600240934662,0.8772099394374173,0.7541946130400704,-0.10905090013179797,-2.1980690616910645,-1.023765446994304,4.671186977315983,-0.003797080206239617,0.0006433150778790003,0.0016300695828486422,23.07559323310852,1790364356.0139766,0.8,0.8
49.53121857456857,1.269519195473663,660.0013865731049,0.892669084330094,0.7666934967516512,-0.1123400821880911,-2.0999303287882625,-0.971931286047376,4.758899326824624,0.014951255307388639,-0.0028103256969935486,-0.006921802825137338,23.086760759353638,1790364356.025144,0.8,0.8
49.719118778531794,-1.4242369410164302,665.4223629407861,0.8946425921828258,0.7708049716420305,-0.10493942257744579,-2.0611512165945944,-1.0017529632511022,4.920235873716513,-0.013500166264651114,0.003603578589943257,-0.0006723575968903689,23.09734010696411,1790364356.0357234,0.8,0.8
50.157978869029776,-4.588322929555949,670.982418275808,0.9064836392716944,0.7744230695395928,-0.09178269452253812,-2.0662852028923435,-1.0526624120330519,5.080350543645012,0.016266927962225543,-0.004290457461219699,-0.004454916546265966,23.105741500854492,1790364356.0441248,0.8,0.8
50.7917315651787,-8.115035915483228,676.6173208274238,0.9127330807720668,0.7920201819627801,-0.13569327511750023,-2.0789240492186924,-1.0405259303170427,5.163189875945579,0.005412628509785272,-0.002974784781801798,-1.452125929465864e-05,23.115676879882812,1790364356.0540602,0.8,0.8
51.59544304904743,-11.864587542394283,682.2867477886157,0.8559947298198688,0.7668579557474057,-0.11431359142734474,-2.076010049164132,-0.9845090128409351,5.167123551728729,-0.0016591121040756968,0.00047885599362514075,0.00047885599362514075,23.125977993011475,1790364356.0643613,0.8,0.8
52.62634499960564,-15.63700886322958,687.8260242070899,0.9188180632733531,0.7994208366818766,-0.12253654663525687,-2.066474951315944,-0.9693476734545393,5.1123104384316,0.00903072833993649,-0.0013301939349083108,-0.0016591121040756968,23.13607883453369,1790364356.0744622,0.8,0.8
53.9299963422224,-19.20888397719849,692.9995644192738,0.8847750529058606,0.7841261502375414,-0.09901889493034463,-2.072887927810468,-1.0123392499986115,4.976272060975499,0.001301151414630844,-0.002974784781801798,0.0001499378250383182,23.145667791366577,1790364356.0840511,0.8,0.8
55.44332631250675,-22.438720421609627,697.6974976597016,0.9025366235806108,0.7898822150397433,-0.10510388167927881,-2.1034484832747307,-1.0360689807964056,4.758844358030322,0.016102468880462184,-0.0016591121040756968,-0.012348952659665388,23.156745672225952,1790364356.095129,0.8,0.8
57.01454000559226,-25.326482594784395,701.8960086780519,0.8742496776399628,0.7846195272211273,-0.11974074185652653,-2.142790547360976,-0.9908078443457858,4.538062213106998,-0.0034681620363851695,0.00047885599362514075,-0.006921802825137338,23.16646909713745,1790364356.1048524,0.8,0.8
58.496360826275826,-27.98090845212395,705.4740202198146,0.8719472517953585,0.7897177560455855,-0.10937981833691432,-2.1729837768941374,-0.9503295283738855,4.4137571390729216,0.013306664486494299,-0.006099507398184642,0.016924764289018353,23.176650524139404,1790364356.1150339,0.8,0.8
59.80321278397152,-30.56274096545867,708.260166800824,0.9096083600234829,0.805670278427316,-0.08273744408936717,-2.209131801213255,-0.9912161556141437,4.439266530166516,0.004754792175665309,-0.005606130142330995,0.013800041733036728,23.1851909160614,1790364356.1235743,0.8,0.8
60.87529534521968,-33.25885669849114,710.3247558612962,0.8803346602202804,0.8035323115161787,-0.08076393491520972,-2.2863187098401405,-0.9689482273370316,4.644365347713394,0.026627850060903707,-0.014651379870942047,0.005741546676687609,23.1967294216156,1790364356.1351128,0.8,0.8
61.64584893013614,-36.255511370046825,712.082293304485,0.8875708557043901,0.8115908021716631,-0.08487541236591617,-2.402074824234536,-0.5340994793870154,5.134569397976069,0.03369959048196026,-0.021394202448342198,-0.0014946530194787921,23.205254316329956,1790364356.1436377,0.8,0.8
62.08258511586292,-39.66945374310018,713.994373966233,0.8665201051541868,0.805176901447986,-0.08767121704239303,-2.5019206735467634,0.5680578567995528,6.144575652994965,0.027779063621072193,-0.021229743360553652,0.006892760260018546,23.216795444488525,1790364356.1551788,0.8,0.8
62.238615752218195,-43.477586934728386,716.3063793075997,0.9038522954782132,0.8286945373552828,-0.09457849921908074,-2.532105625454441,2.2594311269373577,7.962360130939137,0.0794192134625633,-0.044089556821476875,0.019720568673240083,23.22600030899048,1790364356.1643836,0.8,0.8
62.256766974348736,-47.523242581660405,719.0884162654544,0.8625730894085208,0.8083016223154239,-0.05790412060626707,-2.517466135938802,4.108138970786752,10.911436626865894,0.10507482839030782,-0.0731988164514848,0.007057219343246532,23.236268043518066,1790364356.1746514,0.8,0.8
62.30453735007242,-51.59076141778609,722.2635315423615,0.8556658118400219,0.809781753251266,-0.08240852589339473,-2.5877566243542094,5.34622240394779,15.607694494833993,0.22595223710177031,-0.141613802994939,-0.03784011136300659,23.24680185317993,1790364356.1851852,0.8,0.8
62.47008905516153,-55.462792545140665,725.4649797770635,0.8434958465575881,0.8009009676230144,-0.06119330248830901,-2.8869663032806523,4.932359937088751,23.324257947260154,0.2858153302647368,-0.19835219708777208,-0.04803657502601846,23.256381273269653,1790364356.1947646,0.8,0.8
62.693623961337124,-58.951167430944956,728.023369258844,0.8316547992024309,0.7941581488839343,-0.04820103411821533,-3.4083284673586234,2.007272725193295,36.02937271189302,0.4042258362125449,-0.2672605704108822,-0.03455092955849097,23.265445947647095,1790364356.2038293,0.8,0.8
62.753681538880926,-61.949986761383094,729.1683074259935,0.8138932280684678,0.7752453645155357,-0.03126174776479204,-3.8834245019449978,-3.27573074303118,55.830538052624554,0.43218387088814675,-0.29834334680948876,-0.018762857046937906,23.277099609375,1790364356.215483,0.8,0.8
62.31459831791804,-64.4827336376349,728.1244001897572,0.7331438613701818,0.732979402371978,-0.014158002610943188,-3.8439441421779827,-9.312310093861853,84.08894799445052,0.542535873395829,-0.35442391455122085,-0.013500166264651114,23.28682565689087,1790364356.225209,0.8,0.8
61.021288455056,-66.69259135912495,723.9961246423752,0.7384065493062442,0.7104485195006557,0.010510860084977452,-2.8706346640806157,-13.60782438600979,120.81017786110462,0.5757565940132328,-0.37613252244841583,-0.006921802825137338,23.296356916427612,1790364356.2347403,0.8,0.8
58.582917195484484,-68.7727995097203,715.778081330255,0.6699916051276201,0.6591373108906332,0.02185853672669224,-0.8921938586298699,-13.97060186763755,164.48871949995245,0.5673691844123421,-0.386000071685772,0.02136515948397749,23.305721521377563,1790364356.2441049,0.8,0.8
54.8372735336,-70.85052273310352,702.5842530439074,0.6305214439775089,0.6088128549979749,0.03567309942817249,1.6720785339873288,-9.50565128499605,212.2182602412056,0.6591373108906332,-0.4223455457649187,0.04159362624463435,23.315242052078247,1790364356.2536254,0.8,0.8
49.81512284902274,-72.87702335382613,683.7324864407171,0.5481274798811926,0.5397400701462456,0.043731594253536094,4.040580107760079,-0.9062084933662865,260.24015235428595,0.6078261009474348,-0.4207009541414837,0.06675586484658035,23.325445652008057,1790364356.263829,0.8,0.8
43.78469960891415,-74.6013590381274,658.6031109785994,0.4631021674516296,0.4683648561663292,0.03452188587666529,5.388652844564949,10.054573497949441,304.8819284887625,0.6739386211991837,-0.4468499613645378,0.10162118795405367,23.33631944656372,1790364356.2747028,0.8,0.8
37.230760450497165,-75.64803990530864,626.5522830199317,0.399785442420884,0.393535999283604,0.05129671178889159,5.120821417347914,21.485818153747783,343.4164679363493,0.7066659624990963,-0.466420602568406,0.14158474092234663,23.345927238464355,1790364356.2843106,0.8,0.8
30.718353620533854,-75.6579034845774,587.0541472548182,0.3185426794684827,0.31377336732346695,0.055079270536403095,2.914844636414923,32.07748000641115,374.63440591735076,0.744162614222046,-0.4866490809775823,0.17776573417335723,23.356529712677002,1790364356.294913,0.8,0.8
24.68166303772638,-74.38175944682774,539.9591665101592,0.23483302582862375,0.2376288296738622,0.055737106838949925,-1.3596586692933768,41.161650446394376,398.9050634654872,0.7583060879526928,-0.4978323050452673,0.17677897982685736,23.36601710319519,1790364356.3044004,0.8,0.8
19.263166289674913,-71.63718909348039,485.68240156632834,0.1818772106082187,0.1741476348988121,0.0756366548005586,-7.60774754294297,48.41550716134507,417.65497603430737,0.7640621528179983,-0.5172384883813991,0.19092245871465252,23.376554489135742,1790364356.3149378,0.8,0.8
14.306240820198237,-67.22493295745092,425.39874080749485,0.14734080810616762,0.14092690467092467,0.026463390980776207,-15.379302162441954,53.667689382281004,432.7970896281338,0.8742496776399628,-0.5743058270744575,0.1998032476977856,23.385918140411377,1790364356.3243015,0.8,0.8
9.55744399251094,-60.95488147320802,361.25186015305553,0.09931876099056935,0.09126026658055382,0.045047266872253286,-23.87974202910392,56.96755355847131,446.5791066278329,0.90006973877105,-0.6103223918461202,0.21115092241401567,23.395689010620117,1790364356.3340724,0.8,0.8
4.937878683757851,-52.793777980460355,296.2380120237902,0.07481435943751004,0.07136071890589353,0.019062732348217364,-32.19010009743395,58.70279158505658,461.5470996629541,0.9867396239350894,-0.6555486744037979,0.21624915304897666,23.407196283340454,1790364356.3455796,0.8,0.8
0.6273292268219309,-43.02274910132211,233.68134440775268,0.056723861292011096,0.048829825641976424,0.026298931900622838,-39.53876416971142,59.49586936859209,480.0479047097049,0.9643732021724198,-0.6611402877234958,0.21147984052014315,23.416731119155884,1790364356.3551145,0.8,0.8
-3.0658290916688395,-32.263275400842154,176.66652072228553,0.04537618502667742,0.04110024901119727,0.014457878061394425,-45.463092218977145,59.90796705618416,503.38782754961824,1.0252230257700132,-0.6960056423883519,0.22480102374359653,23.42669153213501,1790364356.3650749,0.8,0.8
-5.883162213612794,-21.353364656686143,127.64235680750967,0.037317690213856475,0.029259195339428307,0.02399650477575775,-49.82968114313141,60.21342436374221,531.3750496763425,1.0559768551777062,-0.7126160242469318,0.21641361210136134,23.43648934364319,1790364356.3748727,0.8,0.8
-7.689499387756973,-11.172970075944377,88.11961777604151,0.015444632553148069,0.019062732348217364,-0.013993543524330215,-52.77921872746866,60.3978019739558,562.5695894872974,1.040682169992036,-0.7221546595582746,0.24519394592942678,23.44559955596924,1790364356.383983,0.8,0.8
-8.436594038454555,-2.4859024111753354,58.464552821868615,0.027285686381155104,0.013964500815165315,0.0067283011767643175,-54.667483168311556,60.332082233337,594.8374249341937,1.1038344181736641,-0.7453434114848154,0.24749637260679178,23.456783056259155,1790364356.3951664,0.8,0.8
-8.167494720611396,4.171046223617703,37.91462594221639,-0.00889531185252855,0.0019589877509610526,0.009195187422823596,-55.996837835099264,59.96325476448369,625.8920289185786,1.0396954161072296,-0.7372849089509345,0.2557193249914287,23.46647334098816,1790364356.4048567,0.8,0.8
-7.092459593449011,8.535883979676841,24.849467590820478,0.024325422936763548,0.005248169426294705,0.019885027754430754,-57.26765374285563,59.37480710152706,653.7527001547611,1.1130441209659008,-0.7578423135676412,0.23351735342867955,23.47697687149048,1790364356.4153602,0.8,0.8
-5.579959877516814,10.617962840171845,17.252252433245708,-0.003797080206239617,-0.000836816681355268,0.01429341897934415,-58.776108227308804,58.681564992431696,677.0264714638888,1.0385442032413317,-0.7453434114848154,0.22480102374359653,23.48565363883972,1790364356.424037,0.8,0.8
-4.02130761236928,10.670430620338008,13.17126910678705,0.0019589877509610526,-0.0013301939349083108,0.004425874008447628,-60.50876445457848,57.869299278320234,695.0278383825968,1.1077814336579923,-0.7637628462156755,0.23022817242268787,23.495622158050537,1790364356.4340055,0.8,0.8
-2.696758228917426,9.167564190613886,10.963350890290078,-0.001165734850364225,-0.0016591121040756968,-0.004948293801563558,-62.212628798301076,56.77220670088001,707.7865985209615,1.0628841323409974,-0.7558688026967663,0.20868403661521281,23.506649017333984,1790364356.4450324,0.8,0.8
-1.7467337917931671,6.742941214580732,9.395047594643612,-0.0033037029514975946,-0.007744098252752754,0.04208700347784122,-63.54472733108361,55.22553261213223,715.9015934845885,1.0489051190232592,-0.7433699006511667,0.19848757525999802,23.515652894973755,1790364356.4540362,0.8,0.8
-1.2344271809609793,4.037158299552664,7.739881348553342,0.008372892008126027,0.0075505965927730595,0.01083977825025411,-64.19658273482328,53.2085390346732,720.1954790288523,1.0349261056607506,-0.7430409821794616,0.1965140666006092,23.52570939064026,1790364356.4640927,0.8,0.8
-1.172906420310522,1.5559643946767987,5.821215785519448,0.011662073662987854,0.0019589877509610526,0.018733814185549952,-63.993400124768655,50.81863154614502,721.3720598791112,0.990522180542982,-0.7188654749528849,0.18615314608530742,23.53580355644226,1790364356.474187,0.8,0.8
-1.4873004208131584,-0.3610042961644888,3.906951661533848,0.006070464843484877,0.00409695584112478,0.003603578589943257,-62.94507432032977,48.17050255123946,719.9030243378319,1.0178223716005292,-0.7280751918885864,0.1799037019212727,23.546452045440674,1790364356.4848354,0.8,0.8
-2.0233572888750273,-1.5294866006320216,2.383765349304039,-0.018269479784937023,-0.009553148195841563,0.023832045695215992,-61.21148445738294,45.37650210683955,716.1170676878713,0.9508875654519862,-0.698965908432358,0.1690494040839381,23.555981397628784,1790364356.4943647,0.8,0.8
-2.602082464390793,-1.9298125149648568,1.395719548478526,0.009853023754110027,0.0019589877509610526,0.0006433150778790003,-59.03027173192586,42.54952741819203,710.3525958694473,1.000060801537082,-0.70817562509631,0.16148428734991765,23.565733194351196,1790364356.5041165,0.8,0.8
-3.062782002557867,-1.6962799730174882,0.8468220557465651,0.026298931900622838,0.005083710342777853,0.024489882017227578,-56.66136413813337,39.74671358575868,703.0251503299578,0.8964516410466704,-0.6757771580981959,0.14701188998215603,23.577616691589355,1790364356.516,0.8,0.8
-3.310278565929785,-1.057714589924049,0.6777680983377866,-0.004454916546265966,-0.0010012757658465488,0.004261414924799353,-54.34996758079297,36.94354235015051,694.5382605228002,0.9347705849097883,-0.6792308017151537,0.15786618802495556,23.586923360824585,1790364356.5253067,0.8,0.8
-3.344711364854831,-0.24497336294886823,0.9041060697985629,0.0024523650029321387,-0.003961539291206531,0.02185853672669224,-52.30298893906551,34.08080492091586,685.2481156767401,0.9288500614252224,-0.681368771581986,0.1516167437097582,23.596662044525146,1790364356.5350454,0.8,0.8
-3.2334212440517516,0.572124167982443,1.419381433523659,-0.020407447922012642,-0.005112752886715699,0.006892760260018546,-50.67015603193472,31.108868048688425,675.663605675717,0.9082926881283848,-0.6721590552800085,0.15062998934110844,23.606155395507812,1790364356.5445387,0.8,0.8
-3.052832572969075,1.2705574106993431,2.0091077596032116,0.05096779363629987,0.014457878061394425,0.0073861375096237886,-49.519471778473296,28.022980663889026,666.5323867529677,0.9273699305523643,-0.6779151279542631,0.13944677310384063,23.617820262908936,1790364356.5562036,0.8,0.8
-2.844858111781239,1.7344438821823536,2.602436053537458,-0.0010012757658465488,-0.005770589227589051,0.002287905918968103,-48.82750030966203,24.89130691282068,658.5898990268353,0.8673424001004955,-0.6644294720503048,0.14125582279668297,23.62653136253357,1790364356.5649147,0.8,0.8
-2.627643660549517,1.8647083161724045,3.3043323199119192,0.015938009798672763,-0.004454916546265966,0.03024594981717061,-48.5022285156885,21.82484761240505,652.3083955846412,0.9411844853391317,-0.685644711335677,0.130237065532104,23.636650323867798,1790364356.5750337,0.8,0.8
-2.4332868424398217,1.642483663287512,4.1439313992234865,0.010346401002299867,0.0014656104987529062,-0.016789348000377374,-48.41857813941902,18.88625871997931,647.9513949410904,0.9002341977584174,-0.6805464754785688,0.13138827898265362,23.646196126937866,1790364356.5845795,0.8,0.8
-2.274885579346767,1.1803232088617321,5.034617589567809,0.03830444468403504,0.006892760260018546,0.0049192512592347165,-48.464853911385404,16.03465003254086,645.7363356094415,0.9189825222597083,-0.6861380890012845,0.1516167437097582,23.655598402023315,1790364356.5939817,0.8,0.8
-2.1060110733914486,0.6839804452363051,5.962042216300362,0.012155450910314239,-0.0026458666122117364,0.009195187422823596,-48.59861616333109,13.21817900684773,645.7279984315899,0.893491379268893,-0.6775862095144347,0.1348419193272951,23.666118383407593,1790364356.6045017,0.8,0.8
-1.8872235704350642,0.3467819184842532,6.956100378422255,0.01281328723971678,-0.002316948442727368,0.013142205404261247,-48.843596358165435,10.519395425859148,647.6381160992817,0.9074703931936593,-0.6854802521138867,0.1361575918367791,23.675421714782715,1790364356.613805,0.8,0.8
-1.6468978012395878,0.2784318452758634,7.904043870516768,0.018075977859902913,0.0021234468349777408,0.00886626925702319,-49.22586455230879,8.104237614277901,650.9177529569929,0.9229295379296325,-0.6958411831640628,0.12300086667325058,23.685491800308228,1790364356.6238751,0.8,0.8
-1.4472755341918595,0.4931338601787895,8.576275348328567,0.019391650510780734,0.0003143969093449134,0.014622337143418589,-49.752829253673966,5.9710872423511105,655.0653452428859,0.9086216061022127,-0.6979791530829232,0.1414202818595266,23.69553303718567,1790364356.6339164,0.8,0.8
-1.3408856699172291,0.9294638791674181,8.834256492891063,0.016102468880462184,0.003110201338524965,-0.0016591121040756968,-50.450419060469805,3.850203351683842,659.8007208988829,0.9331259950540618,-0.707353328960508,0.14684743092011493,23.706527709960938,1790364356.644911,0.8,0.8
-1.3484843836539835,1.4925989093759264,8.714827638217418,0.004754792175665309,-0.0041259983761998825,0.014128959897267784,-51.37859074062044,1.4357044506026162,664.9796924527436,0.9035233775038667,-0.7017617152635446,0.14372270873685528,23.717063903808594,1790364356.6554472,0.8,0.8
-1.444347518451285,2.077176663990601,8.334166548328913,0.024818800178077922,0.005248169426294705,0.005083710342777853,-52.585488455276504,-1.349800097940375,670.4534701960512,0.9434869111312031,-0.7157407495926618,0.13648650996391248,23.726698875427246,1790364356.6650822,0.8,0.8
-1.5768046648797505,2.562500142902565,7.817932372805348,0.018404896022778477,-0.0006723575968903689,0.02366758661464831,-54.042490415096545,-4.380603571145492,676.0533109511825,0.9114174088783155,-0.7083400843235904,0.12431653919649173,23.73568320274353,1790364356.6740665,0.8,0.8
-1.7163110902311352,2.8369737230868797,7.295342450526822,-0.0024814075274563335,-0.0034681620363851695,0.010675319167628865,-55.62996585292003,-7.548926185932895,681.6191793764112,0.9151999655713312,-0.7150829126765675,0.13122381991836096,23.745163440704346,1790364356.6835468,0.8,0.8
-1.8737093553071182,2.8526224022502116,6.828302109797142,0.012155450910314239,-0.000836816681355268,0.02300975029211831,-57.18769692393544,-10.87665251091251,686.9642245514908,0.9189825222597083,-0.7144250757611155,0.12480991639231132,23.75668168067932,1790364356.695065,0.8,0.8
-2.066688544038681,2.6480656279267683,6.362660586931017,-0.010046525453605196,-0.003797080206239617,0.007879514758992928,-58.584697608203044,-14.421290633973715,691.8640092821566,0.8980962309219341,-0.7177142603447992,0.13928231404071284,23.76561164855957,1790364356.703995,0.8,0.8
-2.291338403180986,2.316810871094768,5.819157135138945,0.025147718338824676,0.005741546676687609,0.03830444468403504,-59.765881043804754,-18.12952980022932,696.1335912860695,0.9308235692546287,-0.7265950588011074,0.12365870293506313,23.77582836151123,1790364356.7142117,0.8,0.8
-2.5555663978471546,1.9580367949889546,5.237564713633579,0.01708922337065142,0.006892760260018546,0.024489882017227578,-60.756828970645934,-21.8300640156896,699.7166335219213,0.8844461349293855,-0.7193588526426673,0.12300086667325058,23.786144971847534,1790364356.7245283,0.8,0.8
-2.9053818929745057,1.6597954106225246,4.829003643138726,0.02958811349877897,0.0075505965927730595,0.016431387043962832,-61.62729178873696,-25.38902591047837,702.6787513541651,0.9237518328602402,-0.7292264065144425,0.10770617347738595,23.795958280563354,1790364356.7343416,0.8,0.8
-3.36107737046677,1.5118032714996024,4.8318874282186455,-0.0019880302733486926,-0.0006723575968903689,0.014457878061394425,-62.436924357260196,-28.8590815902616,705.1270780184788,0.8880642326685569,-0.7234703334049395,0.10967968228861065,23.805975675582886,1790364356.744359,0.8,0.8
-3.859335210846028,1.6036522965814817,5.291589871312885,0.023174209372789703,0.012155450910314239,0.011990991827898256,-63.20233656072448,-32.44051025725505,707.1641211369437,0.9002341977584174,-0.7315288357720957,0.12152073508276741,23.815612077713013,1790364356.7539954,0.8,0.8
-4.294423009366462,2.0025262707838016,6.088284737706117,0.04044241269958962,0.018569355104177232,0.014457878061394425,-63.91350352741821,-36.25751833509008,708.8726722875165,0.8946425921828258,-0.7328445096371708,0.10425253304931786,23.825143814086914,1790364356.7635272,0.8,0.8
-4.597340296013642,2.720724850899005,7.168187978404046,0.004261414924799353,0.011662073662987854,0.033206213244828524,-64.56549444025266,-40.20108451516055,710.3570022991115,0.9018787876315932,-0.7433699006511667,0.10704833720620024,23.83664584159851,1790364356.7750292,0.8,0.8
-4.766798939069141,3.7108459895223223,8.594341150121764,0.06988058724611261,0.03797552652741145,-0.01892731613432501,-65.16146593088152,-44.04708172907853,711.8204847447759,0.8987540668717847,-0.7420542267653221,0.09093134844011636,23.846806049346924,1790364356.7851894,0.8,0.8
-4.8111360869465,4.952624239695816,10.486646734601944,0.03912674007514537,0.028272440860756698,-0.02073636609734872,-65.68776779103233,-47.70372404718018,713.5280530216781,0.882637086058103,-0.7450144930121336,0.07892583624652637,23.857605695724487,1790364356.795989,0.8,0.8
-4.671258469541679,6.516617178607182,13.093353384291007,0.11823155376360792,0.08353069025418201,-0.019914070659209276,-66.08219570292678,-51.28602901816396,715.6388018888332,0.8755653495503237,-0.7425476044722088,0.07464990036482554,23.867043256759644,1790364356.8054266,0.8,0.8
-4.22634435685123,8.385234079319927,17.0266679353165,0.20868403661521281,0.14701188998215603,-0.005606130142330995,-66.2572333564059,-54.97291038544522,718.0443815599502,0.8540212219401911,-0.7359692350771098,0.08205055861098529,23.877184867858887,1790364356.8155682,0.8,0.8
-3.3535037841321254,10.164796118044608,23.73831208344027,0.35110556883514055,0.2591729649769572,-0.012020034487051912,-66.17658696855045,-58.85631963609179,720.3288737065228,0.8581326966879098,-0.7313643765391433,0.06330222428918911,23.88583517074585,1790364356.8242185,0.8,0.8
-2.0051975995290974,11.163834074564125,35.78080142183332,0.4173825584788384,0.2968340861178841,0.008537351091117959,-65.8529965367544,-62.92305408424617,721.8307650690373,0.8092883762727492,-0.7019261744892673,0.029752572578415584,23.89553475379944,1790364356.833918,0.8,0.8
-0.31984841382734536,10.977200751238897,56.00814909867346,0.42889469036546946,0.3188715975468207,-0.010868820883742691,-65.23851535785697,-67.12454335874139,721.6482354094646,0.7662001197643185,-0.673803647467733,0.026134472820443594,23.90607500076294,1790364356.8444583,0.8,0.8
1.3446930013429674,9.969606811972955,85.96912866241568,0.5162224308623313,0.36590688192784554,-0.005935048312873614,-64.16342416197962,-71.43361326514507,718.5723812936146,0.7183425514822996,-0.6313731702739784,0.0016300695828486422,23.916129112243652,1790364356.8545125,0.8,0.8
2.5767478222082776,9.0310428793369,124.93342784640502,0.5494431519927315,0.39863422921341757,-0.029617156871990916,-62.38715253079709,-75.82463420227369,711.1247311742045,0.6387443942833313,-0.5808841949343176,-0.013006789005211766,23.926690340042114,1790364356.8650737,0.8,0.8
3.1701460401230412,8.956573648150984,170.3174362448939,0.6421980334012515,0.45455029825204846,-0.07566570290057223,-59.67296727887415,-80.16869651316757,697.7588021102721,0.6068393468963663,-0.5373025089726982,-0.02879486142660105,23.93561601638794,1790364356.8739994,0.8,0.8
3.3119503130708177,10.193323584668319,218.83629605644347,0.6739386211991837,0.4820149549374594,-0.12089195558794019,-55.8561843866268,-84.14557523557177,677.1644729094486,0.4994476110283044,-0.4657627658811836,-0.035866602278997795,23.946296453475952,1790364356.8846798,0.8,0.8
3.5897953385284413,12.961623428231858,267.45050550505727,0.7270588784284385,0.5154001357764435,-0.15345485886311097,-50.9114052623852,-87.3088600029218,648.5354368525217,0.4696805283422215,-0.4100111086730381,-0.05247697052492678,23.9566547870636,1790364356.8950381,0.8,0.8
4.754408410639293,17.36585995167409,313.8057360913583,0.7657067427768809,0.5440160045260957,-0.18141290804617005,-44.96867912351672,-89.25996832546969,611.6281687502905,0.32808130370750477,-0.3207097897942835,-0.06563369804655347,23.966833114624023,1790364356.9052165,0.8,0.8
7.3912886828204,23.372630491464335,356.3482219815989,0.8025455575565702,0.5729607908173782,-0.20131246122491242,-38.26373459299827,-89.72347546314863,566.64272953089,0.3006166440758853,-0.2656159790985897,-0.05264142961786199,23.976338863372803,1790364356.9147222,0.8,0.8
11.706940469931421,30.706661378327837,394.3180796755818,0.8573104017388611,0.6000965275331968,-0.15740187751956405,-31.09239501433693,-88.44543109060275,514.1915366107877,0.20259905162329792,-0.1996678700364034,-0.04129375226941713,23.98543667793274,1790364356.92382,0.8,0.8
17.43193035216662,38.7572859229945,427.69756182756396,0.8745785956176103,0.6346329191348473,-0.18634668152057454,-23.805490021159113,-85.07390971761379,455.4889601936753,0.17266750337419698,-0.15345485886311097,-0.03159066594367589,23.99607229232788,1790364356.9344556,0.8,0.8
23.87369203525219,46.63033468077871,457.1449691489103,0.9589460556937901,0.6917001934262597,-0.18207074450786903,-16.788889697351184,-79.21695302295751,392.4998194133687,0.11132427296196165,-0.1052683407811402,-0.034222011378634745,24.00773596763611,1790364356.9461193,0.8,0.8
30.174763964133806,53.389992565924,483.9498125156396,1.01765791261883,0.7387354673018331,-0.1919382914908364,-10.41100890701278,-70.69613246237104,327.7873109348142,0.06576911040274186,-0.06875842085887446,-0.015309216217980426,24.017046213150024,1790364356.9554296,0.8,0.8
35.62189479305543,58.3606550851803,509.8870133017278,1.0584437398800968,0.7722851026007979,-0.20657515304848495,-4.994893443939217,-59.79926725929016,264.1785061057209,0.08336623118281483,-0.06119330248830901,-0.010210984539579554,24.026600122451782,1790364356.9649835,0.8,0.8
39.83431376170943,61.32741251825076,536.7018081294023,1.0864017664152046,0.7956382798282498,-0.19687206502287152,-0.799096187522348,-47.321196043723255,204.52377784367965,0.042580380710817996,-0.03668889773019415,-0.009553148195841563,24.03508949279785,1790364356.9734728,0.8,0.8
42.78297919372949,62.54377216398356,565.3901851545378,1.0992295667715362,0.8092883762727492,-0.21414027259934731,2.0390798446623264,-34.34974170071266,151.45593180383304,0.033206213244828524,-0.024025547856604365,0.01297774632200207,24.045814514160156,1790364356.9841979,0.8,0.8
44.69988643418764,62.55142410863733,595.8054490466426,1.1224182827205915,0.82820116038043,-0.2383157637720975,3.532036666166681,-21.95072002521658,106.88238511207005,-0.006921802825137338,0.0021234468349777408,-1.452125929465864e-05,24.056450843811035,1790364356.9948342,0.8,0.8
45.99259180697745,61.93903541425846,626.8039087750078,1.1301478546820443,0.8332993891160592,-0.22992834839198195,3.815459805389991,-10.997230520321887,71.50880000671671,0.005248169426294705,-0.005112752886715699,0.0014656104987529062,24.066375255584717,1790364357.0047586,0.8,0.8
47.15025943029737,61.168685641402824,656.6905673527449,1.125049626368213,0.8357662739845632,-0.24686763836023246,3.12531546219583,-2.2094093589988555,44.91526405281319,0.011662073662987854,-0.001823571188698997,-0.00938868910997348,24.076986074447632,1790364357.0153694,0.8,0.8
48.594395559136665,60.49443874137599,683.6461738493994,1.1184712672468602,0.8351084380198557,-0.23371090825934598,1.7831223080227174,3.8236264094162102,26.069612229025388,-0.0072507209961039515,-1.452125929465864e-05,0.00047885599362514075,24.08683681488037,1790364357.0252202,0.8,0.8
50.53819917270326,59.94108146060461,706.0884879604129,1.1192935621374502,0.836095191966855,-0.22894159364665517,0.17176443434087632,6.8509229941278385,13.720921467028543,0.01659584612567406,-0.0028103256969935486,-0.0046193756313386986,24.096988439559937,1790364357.0353718,0.8,0.8
52.90950373920497,59.32720121813224,723.0148382443246,1.1141953338138246,0.8244186035700963,-0.1981877379693291,-1.32960740125129,7.209285733947496,6.521791319490086,-0.0013301939349083108,-0.0019880302733486926,0.0026168240868698345,24.106901168823242,1790364357.0452845,0.8,0.8
55.37884889154215,58.35850075538021,734.1418573059345,1.072916130107219,0.8091239172798887,-0.22499457467642253,-2.458008993514581,5.753186490128428,3.1027010162702147,0.00903072833993649,-0.0014946530194787921,-0.0019880302733486926,24.11701011657715,1790364357.0553935,0.8,0.8
57.530809762815956,56.79759501862931,739.7027651269143,1.0592660347805924,0.7956382798282498,-0.21282459962935302,-3.1324394212973923,3.461331812821652,2.1807990224469425,0.0001499378250383182,-0.0006723575968903689,-0.004454916546265966,24.125421285629272,1790364357.0638046,0.8,0.8
59.06820279431966,54.61189198409229,740.1676342815363,1.0354194826037406,0.7790279214011878,-0.217100536788973,-3.4076445464178224,1.075779017276592,2.668584592949643,0.005577087593249583,-0.0019880302733486926,0.0026168240868698345,24.135286808013916,1790364357.0736701,0.8,0.8
59.88467978999096,51.991939298568894,736.1802755251933,1.0308146311335626,0.7699826766645337,-0.20197029770116287,-3.382340498197252,-0.9552899404979541,3.7178019579747397,-0.0016591121040756968,0.002287905918968103,-0.0041259983761998825,24.145838022232056,1790364357.0842214,0.8,0.8
60.01630081339081,49.25804998319751,728.5885039642706,0.9837793622392301,0.7464650401842228,-0.1957208511963049,-3.1467616671454044,-2.3466154999625934,4.7130468828903185,0.018569355104177232,-0.0062639664835221764,-0.006921802825137338,24.156359910964966,1790364357.0947433,0.8,0.8
59.57551516190298,46.738032011270946,718.3536473765802,0.982957067323286,0.7410378932695953,-0.2064106939285284,-2.7846162878102803,-2.961220654374011,5.320081323014564,0.004590333092069618,-1.452125929465864e-05,-0.005935048312873614,24.165525436401367,1790364357.1039088,0.8,0.8
58.72558954669554,44.67359947381042,706.3837600395107,0.9207915711090428,0.7193293054779639,-0.20575285744900568,-2.3932446971040098,-2.9203917692352745,5.501357737495773,0.0029457422546662476,-0.0005078985124518653,0.000807774162106506,24.17602849006653,1790364357.1144118,0.8,0.8
57.65986189442878,43.14925666862276,693.4333161694843,0.9554924170210837,0.7185070104816085,-0.1564151228538646,-2.0722865013456557,-2.5535808648507503,5.373708224549727,0.003274660422357384,-0.000836816681355268,-0.0005078985124518653,24.186724185943604,1790364357.1251075,0.8,0.8
56.52079342562882,42.021520680005985,680.1789310158003,0.9301657333116291,0.7178491744842981,-0.17976831689401285,-1.8848752777711875,-2.139579426868473,5.06221730798609,0.004754792175665309,-0.0024814075274563335,0.007057219343246532,24.195899724960327,1790364357.134283,0.8,0.8
55.35850592798998,40.928074966259985,667.3309091694435,0.8967805590217961,0.7014032744856713,-0.16348686464812853,-1.8404361957239637,-1.728147974055321,4.677152710862358,-0.004454916546265966,0.002781283170781204,-0.0034681620363851695,24.20642900466919,1790364357.1448123,0.8,0.8
54.193977300589836,39.454270282125584,655.5091748847027,0.9059902623105913,0.706008126498136,-0.15838863218632204,-1.9047699106961005,-1.2359692895348315,4.315587472871345,0.006399383010177104,-0.0006723575968903689,-0.018762857046937906,24.21652603149414,1790364357.1549094,0.8,0.8
53.0619556694664,37.34915410796827,645.0930031270509,0.8860907248113867,0.7089683885008482,-0.16217119175204683,-2.0118332977614863,-0.6837908806362952,4.043486721502053,-0.0028103256969935486,-0.0005078985124518653,-0.007579639167176647,24.227023124694824,1790364357.1654065,0.8,0.8
51.99599479965232,34.60266967468052,636.3391990496987,0.9235873738741359,0.7171913384867867,-0.12286546484506494,-2.088500761881306,-0.28512289637639016,3.8880499106746673,0.013471123568701227,0.0009722332463076439,0.0017945286669180244,24.23605966567993,1790364357.174443,0.8,0.8
51.012364872732256,31.364762889057896,629.543473299433,0.8783611523578173,0.7137376994965456,-0.1796038577789613,-2.0978887567764364,-0.2563914625191045,3.8305221312985993,-0.010704361797662043,-0.0006723575968903689,0.015938009798672763,24.24665641784668,1790364357.1850398,0.8,0.8
50.1377198289044,27.86277063900654,624.9572707698183,0.9002341977584174,0.7166979614885212,-0.15509944996791084,-2.064329110920708,-0.553306669968635,3.820715626852609,0.020871782241029056,-0.0026458666122117364,-0.001165734850364225,24.255406141281128,1790364357.1937895,0.8,0.8
49.45474197139186,24.35647987618363,622.5882396323393,0.8972739359844163,0.7237696984528772,-0.15805971396395171,-2.0546363086844135,-0.8735482005758364,3.8215244105903587,-0.013664625351184165,0.003274660422357384,-0.0006723575968903689,24.265556573867798,1790364357.20394,0.8,0.8
49.06552397250899,21.06234699212251,622.193356994381,0.89941190282149,0.7324860253772927,-0.14506744427418608,-2.1264882461489076,-0.9677588427433005,3.8335057667230634,0.03485080403436729,-0.007908557338355424,-0.0177761025231767,24.27709650993347,1790364357.2154799,0.8,0.8
49.00625088338096,18.094393956969665,623.4607050622229,0.912404162798682,0.7504120561139086,-0.14309393497018597,-2.270050105276502,-0.9112594038872474,3.9064309622594395,-0.007744098252752754,0.0009722332463076439,-0.014980298044407911,24.285849809646606,1790364357.2242332,0.8,0.8
49.21854277872097,15.445662674180696,626.1723799612649,0.9178313093550389,0.7620886448657974,-0.14046258923804336,-2.392003655978651,-0.9970178005465684,4.087600334002333,-0.005606130142330995,0.0029457422546662476,0.0101819419195961,24.296958446502686,1790364357.2353418,0.8,0.8
49.579959006036816,12.987185106023876,630.3080120969639,0.9676623818522843,0.7954738208344813,-0.13108842012769498,-2.3989026438716214,-1.3562438570995339,4.291028037666722,0.0021234468349777408,-0.0021524893580248255,0.011004237332853176,24.306522846221924,1790364357.2449062,0.8,0.8
49.93840004683474,10.517041505468363,636.083548229141,0.9433224521461088,0.7921846409567819,-0.10461050437386496,-2.3131254592857977,-1.7747259531328685,4.335042229507036,0.003932496757423909,-0.0014946530194787921,0.005906005760099364,24.315756797790527,1790364357.2541401,0.8,0.8
50.12111465406058,7.8521144165774475,643.7721764047463,0.9688135947395023,0.8135643100833387,-0.1146425096342869,-2.261364167502309,-1.9270351432871704,4.166610483349466,0.023832045695215992,-0.005606130142330995,-0.011362198142144203,24.326952934265137,1790364357.2653363,0.8,0.8
49.971161205501964,4.923417891167235,653.3796492669052,0.9553279580365813,0.8165245719479582,-0.11891844633494869,-2.3336184432699763,-1.7337209958076125,3.9413599498678358,-0.00823747550964031,0.0017945286669180244,-0.006757343739693791,24.336000204086304,1790364357.2743835,0.8,0.8
49.443800254652906,1.8116129062771291,664.5461876113623,0.9913444754572275,0.8415223386687473,-0.11924736454349383,-2.4856484260122493,-1.4259309821998496,3.846367436181688,0.006563842093483832,-0.0006723575968903689,-0.00938868910997348,24.345905542373657,1790364357.284289,0.8,0.8
48.6593664510153,-1.3419234928737964,676.7179766963253,0.9730895283172871,0.8382331588507502,-0.0963875493211849,-2.588978275450522,-1.2689094131215306,3.897657174870746,-0.013829084437743874,0.003110201338524965,0.002781283170781204,24.3564395904541,1790364357.294823,0.8,0.8
47.83070752219636,-4.471300420551119,689.2576949370672,0.9643732021724198,0.8457982724260557,-0.10839306372190693,-2.5630944627772587,-1.2922932515655932,3.981416617350392,0.03041040889670403,-0.011362198142144203,0.013306664486494299,24.36636734008789,1790364357.3047507,0.8,0.8
47.143838498027215,-7.635359961386748,701.4179879657233,0.9786811337573597,0.8487585342540338,-0.07829704845316832,-2.4523882739102705,-1.3276118943250657,4.080220462048747,0.004754792175665309,0.0003143969093449134,-0.006428425568886217,24.376687049865723,1790364357.3150704,0.8,0.8
46.69354859060073,-10.977004750011744,712.4310893610369,0.9554924170210837,0.852376632039366,-0.09046702172698037,-2.3609017118296047,-1.246818604161925,4.31051870479639,-0.004454916546265966,0.000807774162106506,-0.0072507209961039515,24.385799407958984,1790364357.3241827,0.8,0.8
46.50277637195885,-14.65940853164894,721.7297727140844,0.9780232978236887,0.8594483686058749,-0.07040301181674272,-2.3303079628993246,-1.090740379668483,4.690658043177627,0.009195187422823596,-0.0003434394280397435,-0.0080730164239846,24.396506547927856,1790364357.33489,0.8,0.8
46.578213944106814,-18.82210876780794,729.0839624566145,0.955163499052071,0.8573104017388611,-0.06694937080841859,-2.322769930817794,-0.9841268163152481,5.039540346645591,-0.010704361797662043,-0.0003434394280397435,0.009524105588519197,24.406019926071167,1790364357.3444033,0.8,0.8
46.920113178497274,-23.554633958918384,734.5857950794468,0.9602617275681857,0.8640532203138034,-0.07237652096984543,-2.294382162746834,-0.9647104450629845,5.164706572804218,0.026792309141005347,-0.007744098252752754,-0.001823571188698997,24.415696620941162,1790364357.35408,0.8,0.8
47.505328267288064,-28.852038120395953,738.5382612099615,0.955163499052071,0.8652044332395882,-0.05625952966937134,-2.2290855328517423,-0.8958472723065556,5.087901931228928,0.006399383010177104,-0.010868820883742691,0.0011366923304824278,24.42609405517578,1790364357.3644774,0.8,0.8
48.28479928289332,-34.58135550111211,741.3289240243741,0.9344416669387102,0.8622441714294615,-0.04573414773812759,-2.1104919760735554,-0.5474806865654809,5.099133820331893,0.044389430563098874,-0.020242988834384745,-0.010210984539579554,24.436108112335205,1790364357.3744915,0.8,0.8
49.176860779114605,-40.50476846285393,743.3241722710386,0.9490785166195393,0.8660267281862852,-0.05033900231926036,-1.8988321064633087,0.22815264596899684,5.584809185978725,0.004425874008447628,-0.00823747550964031,-0.001165734850364225,24.447495698928833,1790364357.385879,0.8,0.8
50.08959007882488,-46.34893053781169,744.8071101883473,0.9230939969157713,0.85780377870832,-0.057246284231179057,-1.564251236469592,1.3895752651874334,6.7764127307449336,0.048500907488622194,-0.029123779604676187,0.02300975029211831,24.456056356430054,1790364357.3944397,0.8,0.8
50.98311226158554,-51.892630343638146,745.9153987858595,0.9071414752197067,0.8467850263690779,-0.041951588633900624,-1.1675870536169533,2.6945849135400204,8.7573969872337,0.0906024302995804,-0.054943856921831985,-0.013171248091664922,24.46662211418152,1790364357.4050055,0.8,0.8
51.87156631071857,-57.01622641608327,746.4825653903586,0.8592839096161639,0.8191559158247179,-0.026163516005875964,-0.8770038595373325,3.644583115599782,11.833667157735736,0.14207811811066468,-0.09260499002067624,-0.03816902954405403,24.47598958015442,1790364357.414373,0.8,0.8
52.72275994858117,-61.68613331306845,745.9179251904553,0.8499097471862563,0.809781753251266,-0.01448692078424911,-0.8606342805142935,3.451603370892317,16.870018346131527,0.21526239873420175,-0.1460541989277609,-0.044582934096186064,24.48460578918457,1790364357.4229891,0.8,0.8
53.369361732528176,-65.9184533050463,743.3203989553618,0.7905400510162632,0.7724495615961589,0.0006433150778790003,-1.1455250584789112,1.352332328766322,25.32487820729597,0.32512104101988804,-0.22565241117023188,-0.044911852279461706,24.497140645980835,1790364357.435524,0.8,0.8
53.53551832160064,-69.75629605350983,737.7432802885234,0.7900466740338901,0.7528789410664672,0.006070464843484877,-1.5092470643330629,-2.7057192222894866,39.20310336486816,0.480041446688721,-0.3256435640628701,-0.03685335682051463,24.50568699836731,1790364357.4440703,0.8,0.8
52.93158618388757,-73.26454570561212,728.3700596946048,0.6846284563543363,0.6877531773891122,0.051790089017588754,-1.469036372526516,-7.556947819812574,60.91788053864954,0.5606263649001334,-0.38484885760182297,-0.0388268659064743,24.516798496246338,1790364357.4551818,0.8,0.8
51.30776634227013,-76.52467590061508,714.4455145664945,0.6430203284284152,0.6484474755989328,0.04586956225812234,-0.4860313530541832,-11.094278199551812,92.66484909487917,0.6745964572103589,-0.45540183813187973,-0.005770589227589051,24.526328802108765,1790364357.4647121,0.8,0.8
48.46730505860273,-79.58895398148957,695.1910326611755,0.6130887892108904,0.5954916752708647,0.0726763914906651,1.66036769917635,-11.262903211816267,135.40730966471315,0.728210091418713,-0.491253937926558,0.010510860084977452,24.535889863967896,1790364357.4742732,0.8,0.8
44.30760824116393,-82.39748284245013,670.0046130925421,0.5025723323830578,0.5257610538286888,0.07070288261290773,4.607425202259541,-7.018178521062074,188.14301530398356,0.7849484452101282,-0.5308886006917422,0.07366314592819459,24.54568648338318,1790364357.4840698,0.8,0.8
38.885245590370154,-84.71626824210175,638.6270491945338,0.4642533806094949,0.4632666264742341,0.08040596789396631,7.466389793416132,1.3948234226559793,247.88133591330765,0.8334638481073652,-0.5609846323414361,0.10046997447291038,24.55602717399597,1790364357.4944105,0.8,0.8
32.44692654874301,-86.12944146164766,601.0134283826158,0.3448561254817447,0.3710051119567272,0.06938721002573517,9.163513434835076,12.769311984578739,310.2670321543295,0.8258987344965395,-0.5636159794298118,0.09701633402228968,24.566580772399902,1790364357.504964,0.8,0.8
25.385320461481236,-86.10720490349689,557.235287767054,0.32495658198149613,0.3178848433115637,0.07218301427156319,8.88138867735089,25.43593642920012,370.5242034832994,0.8913534124275369,-0.5897649916404755,0.12431653919649173,24.57708716392517,1790364357.5154705,0.8,0.8
18.144532029960978,-84.16300822550014,507.63290995292226,0.23795774777288742,0.23516194392839115,0.0795836725345259,6.313785872583098,37.71602772941438,424.41826160706273,0.849745288195969,-0.5884493180474489,0.16888494502502427,24.586525440216064,1790364357.5249088,0.8,0.8
11.133985348891274,-80.01296986546936,453.034667131137,0.1721741261989104,0.17941032474902083,0.06856491465793854,1.5913301927939492,48.30526530602848,469.0209711422094,0.9421712392502175,-0.6259460164004257,0.1863176051418104,24.59514093399048,1790364357.5335243,0.8,0.8
4.6907733850834905,-73.63734968590585,394.7914238008965,0.13138827898265362,0.13747326434474266,0.052612384398243124,-4.875511933794701,56.495970665824686,503.2016726427016,0.9480917627105183,-0.6496281427026536,0.16806264973010826,24.606534719467163,1790364357.544918,0.8,0.8
-0.9009172507913569,-65.28217216129289,334.71617657662887,0.10326577863932562,0.09619403867531172,0.03452188587666529,-12.414033186232302,62.17835877963989,527.8258875734904,1.0207826332699579,-0.690578488007792,0.18039707909331837,24.615745067596436,1790364357.5541284,0.8,0.8
-5.366175318430154,-55.44782471623562,275.06950178516007,0.09405607077029846,0.08106380418107169,0.006070464843484877,-20.120956824831726,65.71019879434013,545.4840227268128,1.0714359992906108,-0.7290619472820561,0.18713990042398362,24.62679696083069,1790364357.5651803,0.8,0.8
-8.451021090665693,-44.82210434007644,218.39814042228764,0.04685631672032392,0.04192254440013117,0.048829825641976424,-27.06138839529923,67.73971669212762,559.6924691675038,1.0775209815337057,-0.7420542267653221,0.1641156323064504,24.635835886001587,1790364357.5742192,0.8,0.8
-10.03763699879521,-34.127290049893745,167.13686431394086,0.05540818868772713,0.05409251608182327,-0.024847843298094738,-32.50115991229634,68.97616263526106,573.8272636138336,1.1584347987966184,-0.7788930965583832,0.16131982828993668,24.646170616149902,1790364357.584554,0.8,0.8
-10.221038762583003,-23.949159100087407,123.23705064841548,0.049816580101428705,0.034028508639919436,0.0011366923304824278,-36.06240981236295,69.9250716947605,590.1941412486843,1.0658443939791935,-0.7581712320466938,0.20259905162329792,24.655341148376465,1790364357.5937245,0.8,0.8
-9.243145266200315,-14.696368834821884,87.95942217421769,0.044882807795002956,0.030574867976211652,-0.02517676147487885,-37.83974789643565,70.76476350489308,609.5646448264874,1.2125418020412413,-0.8083313020349718,0.22957033622043688,24.665453910827637,1790364357.6038373,0.8,0.8
-7.418527414179861,-6.6960459252801945,61.651001416310386,0.019391650510780734,0.004754792175665309,0.005083710342777853,-38.39578003210835,71.47881732315551,631.3380314109938,1.0954470102595817,-0.7746171562087576,0.21509793968166147,24.67714786529541,1790364357.6155312,0.8,0.8
-5.123658762478782,-0.2525148144199891,43.53233267199618,0.006892760260018546,-0.000836816681355268,-0.002316948442727368,-38.534834959223616,72.04706652713674,654.047515380901,1.187872955624833,-0.8001083394769021,0.23565532107787837,24.68666648864746,1790364357.6250498,0.8,0.8
-2.7879458275978126,4.406206637586553,31.85189350201467,0.02909473625971426,0.003110201338524965,0.010017482836866154,-39.0011706001692,72.44398257220003,675.8157729278935,1.120115857027919,-0.7828401184443923,0.23006371337215803,24.69577646255493,1790364357.6341598,0.8,0.8
-0.8187698023149417,7.229996853730205,24.527684743525047,0.015280173471254342,0.005412628509785272,-0.021229743360553652,-40.28038051011715,72.50813974734899,694.7929004759758,1.126036380235758,-0.779715392782669,0.23220168102733474,24.705424547195435,1790364357.643808,0.8,0.8
0.5338742605312139,8.400235827060342,19.822624795237353,0.02942365441911654,-1.452125929465864e-05,0.01922719142951205,-42.50557502251372,71.95776952487283,709.5913865890618,1.166657747643724,-0.7941878064997758,0.22430764658976277,24.715959548950195,1790364357.654343,0.8,0.8
1.2298894889056606,8.267036556518907,16.562966494392118,-0.0014946530194787921,-0.006921802825137338,0.0006433150778790003,-45.45643029247639,70.59335917740616,719.6003467709135,1.0840993407067394,-0.763105009252157,0.23220168102733474,24.726035833358765,1790364357.6644192,0.8,0.8
1.3589385504028684,7.236919329957743,14.007035149716886,0.020542864078933562,0.0014656104987529062,0.006399383010177104,-48.66514042703641,68.47502271011427,724.9720161145897,1.1294900187708343,-0.7713279713434218,0.20605269175761043,24.736103773117065,1790364357.674487,0.8,0.8
1.051933873398323,5.715068998513428,11.762822356564948,0.021694077645813277,0.00047885599362514075,0.014622337143418589,-51.56885916284712,65.89241886684391,726.242952227922,1.024729648825803,-0.7284041103529146,0.17842357040389797,24.74603295326233,1790364357.6844163,0.8,0.8
0.44222753854911223,4.080170049632979,9.797323770712435,0.01511571438933454,0.0003143969093449134,0.009853023754110027,-53.65821256732979,63.129266586905366,723.9798281960102,1.0831125868313523,-0.7417253082942675,0.19963878864314105,24.75680375099182,1790364357.695187,0.8,0.8
-0.3290991166272107,2.6544024524372976,8.282505197958127,0.010017482836866154,-0.0006723575968903689,-0.0016591121040756968,-54.64177169210102,60.24633453675448,718.7186430357391,1.0220983051223353,-0.7154118311345344,0.19421163982720935,24.76691722869873,1790364357.7053006,0.8,0.8
-1.103234288816025,1.6655269713786665,7.314677854685966,0.01725368245225843,-0.003961539291206531,0.028436899940599863,-54.55049532781786,57.14073959230546,711.0464140683835,0.9923312293540812,-0.7014327968122189,0.19667852565568245,24.776522159576416,1790364357.7149055,0.8,0.8
-1.7615288719767577,1.19516050378643,6.815191033129268,0.025312177419159212,0.005248169426294705,0.01297774632200207,-53.66382580442614,53.84525934545766,701.553292737857,0.9867396239350894,-0.6922230802397588,0.18368626023502505,24.785674333572388,1790364357.7240577,0.8,0.8
-2.278246552866392,1.1712030085948315,6.656082731306308,0.01478679622541667,-0.0005078985124518653,0.020378404997846843,-52.34519957557363,50.648480116654746,690.7831735019537,0.9676623818522843,-0.6835067414554914,0.18549530985906737,24.79650378227234,1790364357.7348871,0.8,0.8
-2.680467103522859,1.4418461008438503,6.751783275931256,0.006234923926844119,-0.0013301939349083108,0.008537351091117959,-50.93784913114494,47.81020373902204,679.3753517953734,0.9896998856285535,-0.6946899685951528,0.1665825181978011,24.805922508239746,1790364357.7443058,0.8,0.8
-2.995707891743107,1.855157277119284,6.987539780043146,0.008537351091117959,-0.003961539291206531,0.018404896022778477,-49.70748695804438,45.256949150182166,668.1760619842273,0.9517098603755019,-0.6798886385965457,0.1644445504255988,24.817031621932983,1790364357.755415,0.8,0.8
-3.237723671352919,2.277438980880197,7.1762212454249665,0.021200700403020648,0.004425874008447628,0.01231990999270409,-48.792713963943285,42.681904610826074,658.1083035374191,0.9748985771370965,-0.6935387540281901,0.18154829249395663,24.825684309005737,1790364357.7640676,0.8,0.8
-3.4094595047007856,2.576754004327619,7.133928589068695,-0.012677870832385335,-0.009882066367657413,0.048994284718615375,-48.21781609176532,39.912325094053955,649.9225210579065,0.9462827138765519,-0.6858091705575066,0.1743120939569875,24.83642816543579,1790364357.7748115,0.8,0.8
-3.5275872030445745,2.638629049553072,6.718439337787944,0.011168696415426088,0.004590333092069618,0.001301151414630844,-47.95037427948381,37.080911068138775,644.0801057664626,0.9732539873009443,-0.6961701016126807,0.15720835178284068,24.845910787582397,1790364357.7842941,0.8,0.8
-3.623489291497327,2.428872418476741,5.888873406225433,0.015773550716857272,0.0037680376736967253,0.015609091635015705,-47.904052367285665,34.424772245037865,640.7858409749971,0.9615773994420755,-0.6935387540281901,0.13451300119968634,24.855491399765015,1790364357.7938747,0.8,0.8
-3.7093645233735586,2.024104887425778,4.80676037391322,-0.01859839795957756,-0.006921802825137338,0.02202299580754523,-47.91563629747855,32.000845272936246,639.981351500502,0.9355928798373365,-0.6928809171336568,0.1435582496743425,24.865694522857666,1790364357.8040779,0.8,0.8
-3.776788892531988,1.5599044120956316,3.725895173563086,0.021200700403020648,0.005577087593249583,0.011662073662987854,-47.79035983664433,29.652490904228717,641.2757945170738,0.9763787079889817,-0.7019261744892673,0.13517083745480873,24.87592577934265,1790364357.8143091,0.8,0.8
-3.8055317960043165,1.1617075410711324,2.798567082112392,-0.019585152484140847,-0.007744098252752754,0.010675319167628865,-47.39043663204672,27.196199426837165,644.0190269779755,0.9285211434535359,-0.6971568569594889,0.14536729936068465,24.886674880981445,1790364357.8250582,0.8,0.8
-3.7593946511557053,0.916038487931442,2.0692145944354943,0.019062732348217364,0.006892760260018546,0.006399383010177104,-46.69470868187938,24.588581921714006,647.5270475540132,0.9676623818522843,-0.7068599512795066,0.13500637839106383,24.896053314208984,1790364357.8344367,0.8,0.8
-3.5958143049733393,0.8709936295498347,1.5710539996567119,0.006892760260018546,0.0029457422546662476,-0.008401934595322555,-45.80926776220015,21.925818767561594,651.27047707605,0.9369085517209785,-0.7062021143720644,0.1358286737095507,24.90659475326538,1790364357.844978,0.8,0.8
-3.277814955568938,1.0354919611979747,1.364202947641923,-0.007415180081627032,-0.00889531185252855,0.02909473625971426,-44.931404833633906,19.284386178301414,654.9511093781714,0.9638798252201708,-0.7165630457386829,0.12727680236817424,24.91720175743103,1790364357.855585,0.8,0.8
-2.8101765163641805,1.3508211257448275,1.4249158766078187,0.003274660422357384,0.0017945286669180244,0.004754792175665309,-44.27411709615686,16.575435790580705,658.4727251709317,0.9522032373295146,-0.7178787195744052,0.11823155376360792,24.9266517162323,1790364357.865035,0.8,0.8
-2.277985869515077,1.6803271126937613,1.5796741753905452,0.009359646505684487,-0.0034681620363851695,0.01478679622541667,-43.976732975536244,13.599561327446681,661.8556320510452,0.9329615360684429,-0.7139316980749478,0.12859247488643238,24.936705112457275,1790364357.8750885,0.8,0.8
-1.8130008845279488,1.8817252468337198,1.679890683414665,0.014128959897267784,0.005741546676687609,-0.0006723575968903689,-44.06095370854603,10.260516956831323,665.1224748248917,0.9446381240266337,-0.7188654749528849,0.1185604718959573,24.946275234222412,1790364357.8846586,0.8,0.8
-1.513834399591755,1.8912921376688443,1.7432936523229396,-0.0028103256969935486,-0.005277211971894319,0.015609091635015705,-44.45948063857293,6.67454890221571,668.2381943243039,0.9308235692546287,-0.7195233118726753,0.11477791336811398,24.95536208152771,1790364357.8937454,0.8,0.8
-1.389304478267371,1.7338827601647622,1.8678602890886633,0.019556109592023405,0.008701810174083675,-0.015473675304806686,-45.070117246380654,3.020635793020786,671.1830439034245,0.954670122098492,-0.7295553249793364,0.10704833720620024,24.96722912788391,1790364357.9056125,0.8,0.8
-1.367620391956263,1.4751878093967254,2.1347932073982694,0.019062732348217364,-0.0024814075274563335,0.01725368245225843,-45.79839067697488,-0.6794458029860458,674.0035947946485,0.89941190282149,-0.7200166895629404,0.1083640097481828,24.976775646209717,1790364357.915159,0.8,0.8
-1.3668296740149495,1.1677242865904471,2.6088263702428622,0.013142205404261247,0.006234923926844119,-0.014158002610943188,-46.5824013134353,-4.561916223859047,676.7230246389236,0.9403621904129997,-0.7346535612058794,0.11000860042347488,24.985811471939087,1790364357.9241948,0.8,0.8
-1.3404063963804684,0.8530289639260148,3.2925721350685255,-0.0028103256969935486,-0.007579639167176647,0.02136515948397749,-47.400000056557516,-8.732273010921588,679.3138765699555,0.9275343895382715,-0.7405740936468569,0.10491036932215855,24.996382236480713,1790364357.9347656,0.8,0.8
-1.265387963511613,0.5926818036825532,4.0400027511711905,0.0006433150778790003,0.0026168240868698345,-0.0010012757658465488,-48.26365783694595,-13.173708938029842,681.8772543340087,0.9642087431883447,-0.7609670391252575,0.09718079309161173,25.005895853042603,1790364357.9442792,0.8,0.8
-1.1406591298867474,0.44047430635901114,4.63963104994133,0.03781106744906118,0.006399383010177104,0.011168696415426088,-49.19736274213166,-17.84842829279494,684.7883772874559,0.9549990400675528,-0.7637628462156755,0.08649095353455868,25.01642084121704,1790364357.9548042,0.8,0.8
-0.999401030320261,0.39915577455056583,5.033492836605987,-0.0034681620363851695,-0.004290457461219699,-0.006592884654276751,-50.201263120747974,-22.78714511352322,688.5509831793762,0.9323037001258828,-0.7693544604321358,0.09750971123018232,25.02554416656494,1790364357.9639275,0.8,0.8
-0.8943841567847094,0.4375757761324034,5.310084640432533,0.017747059696923237,-0.002974784781801798,0.018733814185549952,-51.237869932772185,-27.998416773429447,693.4958263912893,0.9836149032560562,-0.7943522657484108,0.0915891847208928,25.035197973251343,1790364357.9735813,0.8,0.8
-0.8561124484814002,0.5329254248048005,5.490364462302829,0.0017945286669180244,-0.0005078985124518653,-0.023696629680196105,-52.24959883014089,-33.32377370262705,699.7027473652796,0.9528610732680854,-0.7945167249970873,0.09339823449099786,25.046523094177246,1790364357.9849064,0.8,0.8
-0.8457315608547078,0.6906140747177253,5.551532359865996,0.049816580101428705,0.01297774632200207,-0.0031392438666364847,-53.17761236832777,-38.44226866880525,707.1559770450104,1.0171645356736914,-0.8170476424609788,0.07464990036482554,25.055564880371094,1790364357.9939482,0.8,0.8
-0.7765053146759433,0.9281531084927398,5.661594118291431,0.03205499969062016,0.0016300695828486422,0.011333155497972841,-53.96253146924017,-43.02941074130254,715.7842668079223,0.9425001572205134,-0.8020818504813003,0.06955166909921935,25.066352128982544,1790364358.0047355,0.8,0.8
-0.6240695293847464,1.2478958260238584,6.136646640053117,0.011826532745456128,-0.00017898034365401716,0.004590333092069618,-54.55128215112899,-46.94053012630665,725.276653559415,0.9837793622392301,-0.8170476424609788,0.07761016366933389,25.075852870941162,1790364358.0142362,0.8,0.8
-0.4767693260934706,1.6614909901969108,7.093518746278606,0.028436899940599863,0.00903072833993649,0.0026168240868698345,-54.94228014557687,-50.29311016902692,734.966443324038,0.9640442842042616,-0.8175410202244732,0.07382760500102879,25.087408304214478,1790364358.0257916,0.8,0.8
-0.45168125259009756,2.2343450805879184,8.374092306152486,0.055572647763351184,0.02498325925846425,-0.008566393681031348,-55.22614126786392,-53.37573238379021,744.0112607481884,0.9497363525587242,-0.8111271093285741,0.07678786830777996,25.09643530845642,1790364358.0348186,0.8,0.8
-0.5889941076446282,3.059509907758102,9.929980161023948,0.07432098221938169,0.04669185764335403,-0.009882066367657413,-55.54428335168497,-56.43304645234686,751.6259780736016,0.9510520244367054,-0.8096469760539802,0.05869737019540327,25.104978561401367,1790364358.043362,0.8,0.8
-0.8289558984375422,4.118868875231553,12.153629964313524,0.11790263563116214,0.07020950539290574,0.04570510318099953,-55.982975217367134,-59.55808906933117,757.1805987376554,0.9138842936786363,-0.7959968582370521,0.043731594253536094,25.115567445755005,1790364358.0539508,0.8,0.8
-1.0806818375288612,5.068476661530895,15.93365395320854,0.22003171124821055,0.1512878255869688,0.025805554660007488,-56.50193019323805,-62.83130872235538,760.228521821461,0.9109240319180129,-0.7856359256280875,0.023503127534054695,25.126168966293335,1790364358.0645523,0.8,0.8
-1.2800581418168144,5.226859978381204,22.807583447946907,0.365577963860829,0.25144338975813707,0.030081490737611398,-56.946649804021945,-66.46996141406055,760.4228599413208,0.8453048954544082,-0.7529085364015002,0.022516373049948517,25.13723111152649,1790364358.0756145,0.8,0.8
-1.3950205625697751,4.042603597523469,35.174661139940525,0.4512611177780006,0.31706254811495893,0.01149761458049342,-57.10234757978112,-70.69667469731586,757.328117398243,0.8216228007067113,-0.7246215480228867,0.014128959897267784,25.146861791610718,1790364358.0852451,0.8,0.8
-1.4885037839894095,1.7279822461006338,55.832815213759815,0.5170447259478083,0.36311107835573664,0.03238391784909416,-56.73559500904008,-75.45844328188079,750.3083516273546,0.7647199888016912,-0.6844934967839772,-0.011855575400785079,25.15563130378723,1790364358.0940146,0.8,0.8
-1.7848121723324797,-0.6245831693585638,86.69346556335496,0.5765788890699948,0.4086662299906464,0.002287905918968103,-55.61193541132058,-80.37598975420981,738.5992076893742,0.7079816345004036,-0.6397605899793013,-0.032084043212204094,25.165406703948975,1790364358.10379,0.8,0.8
-2.5487413864283672,-1.6130301441788484,127.65819942348779,0.636935345219086,0.4428737075370827,0.008043973842063519,-53.49998804965913,-84.98519835190524,721.4414550362579,0.6408823613570602,-0.5835155420950741,-0.06497586166628436,25.17665433883667,1790364358.1150377,0.8,0.8
-3.833715535499262,-0.2491269205839352,176.46875194672216,0.6579860978620149,0.4658979708335342,-0.03981362045091849,-50.18206272396024,-88.96309242669065,698.1591815941729,0.5486208569231383,-0.520527672047683,-0.07007409362494729,25.185538291931152,1790364358.1239216,0.8,0.8
-5.282963052830565,3.712926898635825,229.4142200003037,0.7392288442951255,0.5107952832878546,-0.13536435690318985,-45.52400760217764,-92.12076802821174,668.2088967253912,0.4966518077057632,-0.45375724643848714,-0.07188314368119506,25.19604778289795,1790364358.1344311,0.8,0.8
-6.078243493326531,9.901489480849317,282.3957071918208,0.7260721244362915,0.5157290538108479,-0.15049459488186,-39.601052398406324,-94.2518310735306,631.2588400860643,0.4011011146568675,-0.3802440012825691,-0.06579815714168982,25.20562171936035,1790364358.144005,0.8,0.8
-5.185268298980592,17.613101439487345,331.79247790739834,0.7561681209990517,0.5303659062755891,-0.16644712867122302,-32.742677690449696,-95.0155097407017,587.2902179848003,0.33630425558349825,-0.3083753542507848,-0.07566570290057223,25.215510606765747,1790364358.153894,0.8,0.8
-1.8614436558340948,26.011196923310912,374.9250778958861,0.8074793273506885,0.5616131189767226,-0.17664359371313137,-25.41317203170064,-93.9528360842258,536.6549676589941,0.24601624117182974,-0.23913805940192695,-0.07714583477302997,25.226030349731445,1790364358.1644137,0.8,0.8
3.9591974547289537,34.23201491280995,410.3982685538691,0.8152089000085552,0.5869398067525902,-0.1572374184085406,-18.045944452141995,-90.64093359730674,480.14481852886325,0.20555931459617163,-0.18864910915118643,-0.06596261623685384,25.235551357269287,1790364358.1739347,0.8,0.8
11.647662703133342,41.497947968753984,438.380614691731,0.9420067802650571,0.6606174419264421,-0.19884557444328227,-10.98648369178056,-84.87247863187048,419.14522076558546,0.14421608592425186,-0.13585773422469888,-0.057246284231179057,25.24665904045105,1790364358.1850424,0.8,0.8
20.139482117127404,47.28069278437397,460.626930706567,0.9507231064672587,0.6846284563543363,-0.1743411661130454,-4.541737464676738,-76.72551257717785,355.7068766003155,0.09898984285253748,-0.09605863112054835,-0.03126174776479204,25.25657367706299,1790364358.194957,0.8,0.8
28.246723818023415,51.45116815041335,480.0421962226835,1.0377219083369273,0.7458072041952701,-0.167927260686363,0.9526235809139341,-66.51800761083273,292.369065782884,0.08089934510933258,-0.07500786651353705,-0.0031392438666364847,25.267674446105957,1790364358.2060578,0.8,0.8
34.87941254939552,54.28359170314689,499.79357883375343,1.0834415047898367,0.7780411674316001,-0.1493433811139359,5.124508646503681,-54.74567129223055,231.8699240955298,0.05540818868772713,-0.05379264326917539,-0.012677870832385335,25.27561593055725,1790364358.2139993,0.8,0.8
39.242145762209184,56.27399484652047,522.446480956822,1.1258719212578456,0.8161956539631716,-0.17121644295081923,7.691758614209404,-42.07634879900737,176.86168164925252,0.05984858372070272,-0.044911852279461706,-0.015638134391659647,25.286875247955322,1790364358.2252586,0.8,0.8
41.060958475656975,57.89478623720927,549.3845252958748,1.1385352625435412,0.8326415531507322,-0.1919382914908364,8.637785442239622,-29.363615837783776,129.55230782308783,0.024325422936763548,-0.02435446603311997,0.002781283170781204,25.295453548431396,1790364358.233837,0.8,0.8
40.70648379129028,59.41336858722682,580.4644174645831,1.1615595193597015,0.8466205673785994,-0.17894602131905332,8.219288033304633,-17.563693410964873,91.28360254027749,0.029259195339428307,-0.016624888913337632,0.008043973842063519,25.30617094039917,1790364358.2445543,0.8,0.8
39.07260900624674,60.83113637771451,614.1469423449221,1.205470066076019,0.8831304630231107,-0.22729700240690603,6.814198119051962,-7.549343231156512,62.22206029773906,-0.007415180081627032,0.00409695584112478,-0.004454916546265966,25.315128803253174,1790364358.2535121,0.8,0.8
37.28355448220136,61.96839126794604,648.1692319348874,1.187872955624833,0.870960497861381,-0.2210475557238764,4.798788595278602,0.049193533491090395,41.37478741244008,0.004261414924799353,-0.0016591121040756968,0.0101819419195961,25.326647758483887,1790364358.265031,0.8,0.8
36.37752850241301,62.638363511715355,680.2314954227246,1.2051411481240066,0.8819792501046276,-0.2494989844042631,2.5146083705268496,4.9412008130100515,27.04566166596153,0.014457878061394425,-0.004454916546265966,-0.0036326211212991677,25.33554768562317,1790364358.273931,0.8,0.8
37.041993419268316,62.77694438612153,708.3303084026301,1.1750451554576506,0.8678357770681644,-0.2406181915375717,0.28459118462699623,7.239661311367193,17.50563743738981,-0.0062639664835221764,0.0014656104987529062,-0.0016591121040756968,25.34679126739502,1790364358.2851746,0.8,0.8
39.460516959537685,62.45644356072699,730.9184840661651,1.18047230168494,0.8635598433454638,-0.22729700240690603,-1.5852505536867632,7.406979371944341,11.387522452416691,0.016266927962225543,-0.0031392438666364847,-0.010704361797662043,25.356480836868286,1790364358.2948642,0.8,0.8
43.28489276413437,61.80696732241868,747.0696040019038,1.1584347987966184,0.8517187960787568,-0.22515903379982882,-2.8745942105647018,6.059516198193981,7.673166923926874,-0.015309216217980426,0.0034391195061634766,0.006070464843484877,25.365802764892578,1790364358.304186,0.8,0.8
47.7464202223773,60.90868048924631,756.5256766856162,1.103505500216504,0.8199782107856473,-0.20279259329715688,-3.529741330535972,3.8087137424704514,5.58124398657115,0.03994903546561511,-0.009059770938316974,-0.0016591121040756968,25.375349760055542,1790364358.313733,0.8,0.8
51.89440686882923,59.73181338385429,759.5071993735593,1.0970916000477304,0.806657032385682,-0.1726965749736951,-3.650586525689439,1.2486224370977554,4.547402882685003,-0.019914070659209276,0.004590333092069618,0.0024523650029321387,25.38568115234375,1790364358.3240645,0.8,0.8
54.864784048974386,58.16051313150979,756.510626593143,1.0449581034902298,0.7754098235106898,-0.17861710308927828,-3.4034878305858296,-1.0397767228078656,4.196009171684648,0.03271283600746514,-0.007908557338355424,-0.0034681620363851695,25.397146224975586,1790364358.3355296,0.8,0.8
56.12146403879059,56.06835030646227,748.297222511083,1.0419978418380893,0.7627464808500516,-0.17647913459864606,-2.957287375991228,-2.6168706812340856,4.251386392288372,-0.01761164343597671,0.00409695584112478,-0.01037544362558046,25.406811714172363,1790364358.345195,0.8,0.8
55.60527880094804,53.399000522316946,735.9076885420372,0.990522180542982,0.7354462873437492,-0.1779592666300859,-2.4627427907165704,-3.346660791973527,4.467685078157853,-0.002974784781801798,0.00047885599362514075,0.003274660422357384,25.417028665542603,1790364358.355412,0.8,0.8
53.70063691191376,50.222753347527544,720.5292660867065,0.9673334638844381,0.7204805184723351,-0.17697251194219127,-2.0472410943136126,-3.3825049137979106,4.621179167498171,0.01741814153383941,-0.0046193756313386986,0.0009722332463076439,25.425774812698364,1790364358.3641582,0.8,0.8
51.05309109183298,46.740631446049235,703.3058801050745,0.9512164834214166,0.7112708145001037,-0.167927260686363,-1.7977533984369303,-2.9840097937310066,4.61100914514811,-0.0005078985124518653,-0.0005078985124518653,0.0021234468349777408,25.43730664253235,1790364358.37569,0.8,0.8
48.343006045010725,43.215137716714835,685.3097645147697,0.9449670419966829,0.7027189464902602,-0.1651314557708878,-1.7225584356210335,-2.3481558643835365,4.533866848308639,0.01511571438933454,-0.004290457461219699,-0.009224230024131946,25.44527506828308,1790364358.3836584,0.8,0.8
46.0968845184202,39.864862901661866,667.6272068742647,0.9249030457627299,0.6971273404650549,-0.16200673264016938,-1.7472669313760523,-1.5955729995325358,4.549926813312214,-0.01744718434880342,0.0067283011767643175,-0.00823747550964031,25.455334901809692,1790364358.3937182,0.8,0.8
44.59709131443988,36.7995214190794,651.3053164583367,0.9196403582050423,0.6953182914536975,-0.1473698718008285,-1.7797680556930133,-0.8719787500932038,4.681581855660321,0.016102468880462184,-0.004290457461219699,0.0017945286669180244,25.465332508087158,1790364358.4037158,0.8,0.8
43.89511684557513,34.0112718351344,637.1941086805272,0.9257253406928221,0.7056792084975791,-0.15411269530467878,-1.7840736365911505,-0.37375571722293827,4.794031952760938,0.002781283170781204,-0.00017898034365401716,-1.452125929465864e-05,25.47535228729248,1790364358.4137356,0.8,0.8
43.88135405465808,31.394055281067764,625.8811725780741,0.9105951139444335,0.7065015034988755,-0.144409607839053,-1.788462236078988,-0.22339510958726622,4.754898370831227,0.0067283011767643175,-0.002316948442727368,0.0034391195061634766,25.486111164093018,1790364358.4244945,0.8,0.8
44.356305639058235,28.78922596657389,617.7204822576472,0.9324681591115354,0.7234407804550476,-0.13536435690318985,-1.8297703693305907,-0.3539736833269923,4.553927327455034,0.009195187422823596,0.0001499378250383182,-0.00889531185252855,25.496885061264038,1790364358.4352684,0.8,0.8
45.077959977044486,26.043629562849468,612.9081320559811,0.937895305633359,0.7339661563610174,-0.13289747029955543,-1.908953755257226,-0.5740597645130469,4.276676026274869,-0.011526657228331239,0.002781283170781204,-0.0005078985124518653,25.506439208984375,1790364358.4448225,0.8,0.8
45.818743647697545,23.0539224182995,611.5533487559164,0.9444736650415968,0.7459716631925264,-0.14194272121145676,-2.0114942181113005,-0.7500961239881243,3.990139816140165,0.007057219343246532,-0.0013301939349083108,0.0003143969093449134,25.51705241203308,1790364358.4554358,0.8,0.8
46.43161656300986,19.795023094645106,613.6036619084608,0.9495718935739402,0.7537012360500583,-0.12895045174727693,-2.139045516698249,-0.8811035791291739,3.682713421099631,-0.007415180081627032,0.0006433150778790003,-0.0028103256969935486,25.526696920394897,1790364358.4650803,0.8,0.8
46.85781422579123,16.326404903102954,618.6943104473195,0.9609195635051937,0.7686670046999372,-0.13454206136792102,-2.2752601355032054,-0.9905803120939667,3.355279144562302,0.015609091635015705,-0.0036326211212991677,-0.014158002610943188,25.53670573234558,1790364358.475089,0.8,0.8
47.08420063171224,12.778158835713214,626.184710187835,0.9813124774908377,0.7865930351544566,-0.12089195558794019,-2.352403773724375,-1.025243539407926,3.1060694166363834,-0.017940561610403416,0.00409695584112478,0.002287905918968103,25.546967029571533,1790364358.4853504,0.8,0.8
47.11867152369159,9.324001661043736,635.3606669491502,0.9622352353788313,0.7926780179387201,-0.1264835651605466,-2.320520007526407,-0.9190061662301134,3.041024956405013,0.013142205404261247,-0.003797080206239617,0.008372892008126027,25.55624270439148,1790364358.494626,0.8,0.8
46.99053045337997,6.1417816354860975,645.5816487970906,1.0091060455610252,0.8153733590010179,-0.13108842012769498,-2.2280651550352735,-0.7075087671990171,3.141207674883719,-0.006099507398184642,0.0024523650029321387,-0.0024814075274563335,25.56699299812317,1790364358.5053763,0.8,0.8
46.745426100878525,3.375804396352473,656.2958379347556,0.9401977314277484,0.7961316568094889,-0.11266900039434785,-2.168703139079669,-0.5093973300188434,3.2828419756378957,0.015280173471254342,-0.001823571188698997,-0.0005078985124518653,25.576517343521118,1790364358.5149007,0.8,0.8
46.41144223302572,1.0975329176293567,666.9299574675562,1.0018698503435808,0.8173468669097383,-0.08816459433908339,-2.172432624348427,-0.4002477331285553,3.3684672414731263,0.005741546676687609,-0.0024814075274563335,-0.0003434394280397435,25.58602237701416,1790364358.5244057,0.8,0.8
45.96186841854687,-0.7441724926336364,676.8695428799787,0.9762142490054694,0.8152089000085552,-0.09556525381980524,-2.2023258049695236,-0.3669001755365513,3.413557685086046,0.008701810174083675,-0.0033037029514975946,-0.013171248091664922,25.59498691558838,1790364358.5333703,0.8,0.8
45.35809554134982,-2.3538846191203264,685.6623767447679,0.9847661161381172,0.8267210294553072,-0.10658401359705419,-2.2196911346241732,-0.39700508421589,3.5065755511711045,-0.004948293801563558,-0.0003434394280397435,-0.009882066367657413,25.606635570526123,1790364358.545019,0.8,0.8
44.65835325271357,-4.054369332278682,693.112845872451,0.9717738564477533,0.8204715877620777,-0.09934781313199842,-2.209936214456091,-0.5425387788418435,3.6917170963732873,-0.0034681620363851695,0.0016300695828486422,0.005248169426294705,25.615493297576904,1790364358.5538766,0.8,0.8
44.053247833666276,-6.182035417474471,699.1753909984509,0.9748985771370965,0.8342861430637395,-0.10230807695197736,-2.183298628498433,-0.8395164466488624,3.9229862383281375,0.008043973842063519,-0.0046193756313386986,0.015444632553148069,25.625331163406372,1790364358.5637145,0.8,0.8
43.76601789418908,-8.982523091302143,703.9340406305608,1.0008830964492337,0.8398777487602597,-0.05625952966937134,-2.1799024355749967,-1.1861879063725271,4.144480580660044,0.011826532745456128,-0.0010012757658465488,0.002781283170781204,25.63583731651306,1790364358.5742207,0.8,0.8
43.904556115551756,-12.546746213952614,707.6863009047971,0.9663467099807124,0.8392199127965786,-0.10543279988303,-2.252745809357703,-1.3702863591228485,4.342018357809021,-0.0003434394280397435,-1.452125929465864e-05,-0.006099507398184642,25.647066354751587,1790364358.5854497,0.8,0.8
44.431285565903096,-16.755995956746386,710.9017982288381,1.0007186374668176,0.8553368938601352,-0.10576171808689486,-2.428595337744283,-1.2662513077035746,4.481707395785202,0.011826532745456128,-0.0041259983761998825,-0.009882066367657413,25.65662407875061,1790364358.5950074,0.8,0.8
45.27666402028886,-21.28757439730816,714.0337545554453,0.9760497900219492,0.8471139443500046,-0.09145377632347987,-2.6723410786886737,-0.9770683460122148,4.488192716902455,-0.008730852766766675,0.0017945286669180244,-0.007579639167176647,25.666736602783203,1790364358.60512,0.8,0.8
46.396608606749666,-25.751317567330915,717.3777009688754,0.9921667703712905,0.8601062045646213,-0.08997364442911021,-2.879406635893967,-0.7338070472923873,4.356856278243942,0.0491587437952289,-0.017940561610403416,-1.452125929465864e-05,25.676387071609497,1790364358.6147704,0.8,0.8
47.711716135778644,-29.858151808422715,721.0385572239835,0.9691425127072092,0.8591194506264428,-0.07714583477302997,-2.9288208219252456,-0.6526591860318087,4.303019355832387,0.007715055675896115,-0.011526657228331239,0.008043973842063519,25.685929775238037,1790364358.624313,0.8,0.8
49.07154957860761,-33.503806020782285,724.9449435332808,0.9737473642518703,0.8610929585024459,-0.07747475296721584,-2.762069597142554,-0.5638643935309804,4.721460235178738,0.036166476664147296,-0.019091775221738855,0.0016300695828486422,25.69657278060913,1790364358.6349561,0.8,0.8
50.30302358191472,-36.75872108978793,728.9160064617212,0.9900288035943469,0.870796038872351,-0.08059947581754492,-2.395882857455029,-0.058391960445109005,5.920135539065285,0.024654341097665705,-0.02073636609734872,0.0006433150778790003,25.705705642700195,1790364358.644089,0.8,0.8
51.28618454657045,-39.80259197363804,732.7462695599392,0.947598385755898,0.84464705949207,-0.05675290695015159,-1.8858958560119043,1.1512587543006305,8.029064099448862,0.10244348329699471,-0.062015597960540625,-0.024190006944848755,25.71544051170349,1790364358.6538239,0.8,0.8
51.98105583656223,-42.845918997055286,736.119114056896,0.9411844853391317,0.8408645027054746,-0.07056747091268198,-1.32368823790154,2.649759403401974,11.361962392438612,0.17941032474902083,-0.1106954911585192,-0.05856195698179492,25.72604751586914,1790364358.6644309,0.8,0.8
52.39728883719684,-46.035804125119036,738.4175254435349,0.8911889534396759,0.8127420151203286,-0.05264142961786199,-0.8202048803605514,3.1075723851224066,16.921061402724124,0.26311998209172627,-0.17878156220415092,-0.062015597960540625,25.73563313484192,1790364358.6740165,0.8,0.8
52.53509407454836,-49.37736771697539,738.7606453678073,0.8880642326685569,0.798598541714193,-0.026163516005875964,-0.4236763788306628,1.069629968845199,26.56309704219679,0.39962098339130203,-0.263971387789446,-0.041787129542738985,25.746689558029175,1790364358.685073,0.8,0.8
52.29813886888965,-52.75755582670681,736.2187121641799,0.8171824079174037,0.7497542201261064,-0.0019880302733486926,-0.06076598488344404,-3.6940232263390347,42.692481023381106,0.4762588892050685,-0.32465680920680523,-0.013500166264651114,25.756332874298096,1790364358.6947162,0.8,0.8
51.448345421073455,-56.033608178246105,729.9042335834929,0.7731073975774875,0.7191648464787179,-1.452125929465864e-05,0.44670332040782623,-9.605332725609616,67.60695221598232,0.6301925259645378,-0.4067219254811438,-0.034057552288747184,25.766234397888184,1790364358.7046177,0.8,0.8
49.672843547685794,-59.08785380983561,718.9215668442467,0.708639470500751,0.6566704258284851,0.05294130255032729,1.328202247042609,-14.099533744157508,102.73845870608952,0.675912129232066,-0.4507969813992251,-0.027479188715377537,25.77669095993042,1790364358.7150743,0.8,0.8
46.70637391485637,-61.854064120847845,702.4021314934729,0.6523944917134308,0.6178581004367468,0.03254837692829252,2.7519862012989553,-14.984966622923432,148.04875774371519,0.7579771699599548,-0.4994768968339255,0.041264708089035214,25.785989999771118,1790364358.7243733,0.8,0.8
42.45660399989947,-64.30927889408949,679.6888465482846,0.5854596756587604,0.5524034142399981,0.06790707836325023,4.592913336273734,-11.154478329487038,201.75580413898913,0.8086305403012424,-0.5331910292990054,0.1193827672264091,25.796549320220947,1790364358.7349327,0.8,0.8
37.07664969678927,-66.40823974145637,650.4795933769982,0.49994098808472,0.4826727910198245,0.06198655169298034,6.216275695279942,-2.557370414784244,260.58179092099374,0.8489229932443814,-0.5558863973847751,0.16263550076913297,25.806078672409058,1790364358.744462,0.8,0.8
30.910444890217747,-68.01948807656453,614.7812194583843,0.42280970637938453,0.40619934456003803,0.06889383280513235,6.589583694916201,9.958985398816745,320.4400832484795,0.8780322343806075,-0.5683852960517882,0.1483275624776375,25.815263032913208,1790364358.7536464,0.8,0.8
24.38283057615958,-68.91367734312095,572.7547126683434,0.3269300904408718,0.3201872698593634,0.07136071890589353,4.776994535438939,24.738597216601434,377.1561291350561,0.849416370215364,-0.5606557139560586,0.17085845373046446,25.825470685958862,1790364358.763854,0.8,0.8
17.90941734953804,-68.78541223964058,524.6426884562302,0.26509349064450405,0.24667407736536248,0.07448544129211608,0.4171823626153262,39.636492420773386,427.08686935078157,0.9403621904129997,-0.6039084829183232,0.20868403661521281,25.83572220802307,1790364358.7741055,0.8,0.8
11.815114233139145,-67.267891187787,470.89354079857293,0.18746881853669345,0.18286396495045598,0.04767861210479131,-6.197287655050343,52.65766648633168,467.79672486313535,0.8992474438340773,-0.6024283500970455,0.20934187282871844,25.846818685531616,1790364358.785202,0.8,0.8
6.307468744688144,-63.95909054115947,412.42758726068166,0.14520284029840788,0.13500637839106383,0.048829825641976424,-14.331496446731027,62.53921333989767,498.5844638675641,0.9844371981718513,-0.6445299071114903,0.20819065945484883,25.85634994506836,1790364358.7947333,0.8,0.8
1.5052163217669585,-58.524638659497064,350.8655732088762,0.11165319109634092,0.101127810747996,0.043238217021095905,-23.00827214339677,68.92622908017805,520.5253276492646,0.9982517527297197,-0.669692167005791,0.18467301457575414,25.866892337799072,1790364358.8052757,0.8,0.8
-2.5343771604104677,-50.860848134698045,288.5558435538065,0.06609802855078843,0.06807153743695991,0.025312177419159212,-31.148360762837942,72.16857549042595,536.1288010187094,1.0679823607167065,-0.7122871057903288,0.17645006171117364,25.876427173614502,1790364358.8148105,0.8,0.8
-5.756928229044686,-41.22767197065582,228.32527257393295,0.06790707836325023,0.059190747420683025,0.004754792175665309,-37.74286700699553,72.97518385139124,548.7224886408455,1.1067946797871855,-0.7339957242712366,0.15424808868869705,25.88621187210083,1790364358.8245952,0.8,0.8
-8.048419661854062,-30.285870750354356,173.03946156278428,0.033535131402942085,0.03287729508661202,0.015773550716857272,-42.07199401982536,72.12345231064609,561.538760061445,1.0829481278521018,-0.7402451751765339,0.18138383343679126,25.896930932998657,1790364358.8353143,0.8,0.8
-9.279016650759518,-19.00110271961792,125.14937197442214,0.05705277944282916,0.045540644103851224,-0.012677870832385335,-43.91709787846722,70.3235766916411,576.7464089263323,1.1393575574312904,-0.762776090770644,0.18352180117815692,25.905274868011475,1790364358.8436582,0.8,0.8
-9.414678100443107,-8.434351438586878,86.31831942655418,0.002781283170781204,0.010017482836866154,0.03452188587666529,-43.652984203286884,68.16834605752263,594.9805935768087,1.1243917904564218,-0.7635983869747343,0.18615314608530742,25.915809154510498,1790364358.8541925,0.8,0.8
-8.598111856860623,0.47834829550872393,57.13239488347229,0.020707323159994295,0.02498325925846425,-0.0031392438666364847,-42.124048885646204,66.03489192027372,615.6186813972523,1.1763608272706993,-0.7902407845450269,0.21690698925838223,25.92633557319641,1790364358.864719,0.8,0.8
-7.1550722497302,7.086606827031659,37.01806742463373,0.02136515948397749,0.008372892008126027,0.021200700403020648,-40.39045796075015,64.01170475804035,637.3611541500582,1.1326147393484227,-0.7807021482531773,0.23565532107787837,25.935826301574707,1790364358.8742096,0.8,0.8
-5.507336107200794,11.115374128531252,24.506588259759095,0.006234923926844119,0.003603578589943257,0.006563842093483832,-39.46725620845215,62.014682913718225,658.6511519800966,1.1627107321983643,-0.7932010510088409,0.24371381449173665,25.946884393692017,1790364358.8852677,0.8,0.8
-4.049083837037794,12.671282941997207,17.62595482970205,0.006234923926844119,-0.0024814075274563335,0.021200700403020648,-40.06819915498652,60.01794767227776,677.960853217066,1.141988901071341,-0.7927076732639354,0.23647761632658693,25.95645833015442,1790364358.8948417,0.8,0.8
-3.0555981225540068,12.182133729414936,14.229672339928374,-0.01744718434880342,-0.006757343739693791,0.026627850060903707,-42.41759595991202,58.11525312170243,694.108175354034,1.1503763089165386,-0.7941878064997758,0.22989925432160627,25.966989278793335,1790364358.9053726,0.8,0.8
-2.6460346664897063,10.289043197065045,12.390949488456588,0.02366758661464831,0.006563842093483832,0.02136515948397749,-46.22291651704016,56.325126921919654,706.5214113268598,1.1783343349898239,-0.8047131984965303,0.2124665948379902,25.976541757583618,1790364358.914925,0.8,0.8
-2.7796065153979144,7.706843101428161,10.828868706019653,-0.0070862619106073915,-0.0019880302733486926,0.003603578589943257,-50.785515977835814,54.437518936254406,715.2449814700286,1.0946247153653088,-0.7746171562087576,0.19322488549439434,25.9860622882843,1790364358.9244456,0.8,0.8
-3.262861023287442,5.0871882435254445,9.047736904907964,0.015773550716857272,0.002781283170781204,0.014622337143418589,-55.195690362701434,52.159227878157985,720.598300789344,1.133437034236986,-0.7811955259889902,0.19569177132490384,25.997724294662476,1790364358.9361076,0.8,0.8
-3.817165367396887,2.899634241374079,7.066504681636211,-0.017940561610403416,-0.01037544362558046,0.02136515948397749,-58.5963646999196,49.36492933850554,722.7897346060862,1.044464726548348,-0.748303677746284,0.18352180117815692,26.0062038898468,1790364358.9445872,0.8,0.8
-4.2122501210765115,1.3596994939775413,5.040313293007028,0.009359646505684487,0.0003143969093449134,0.015280173471254342,-60.43745317503391,46.151975234947415,721.8838002241412,1.0997229437076732,-0.7594869059645423,0.17957478380646105,26.015110731124878,1790364358.953494,0.8,0.8
-4.349595841833666,0.4422716989630018,3.138429909294581,0.0310682452145798,0.007715055675896115,0.015609091635015705,-60.59399661353326,42.72727282849666,718.0237775594871,1.0010475554316427,-0.7211679041749675,0.16493792760414727,26.026719093322754,1790364358.9651024,0.8,0.8
-4.254533525767654,-0.03355334500062139,1.63568000968901,-0.006757343739693791,-0.009059770938316974,0.02712122730113104,-59.31751335848769,39.301317737062156,711.5276491562786,1.0211115512330924,-0.7183720972634641,0.17858802946147578,26.035188674926758,1790364358.973572,0.8,0.8
-4.022389662627218,-0.27186096631849416,0.8255816471546531,0.013142205404261247,0.005083710342777853,-0.023696629680196105,-57.09210833862414,36.030245833490255,702.8284421911839,1.0109150943632697,-0.713438320389141,0.1641156323064504,26.045207500457764,1790364358.9835908,0.8,0.8
-3.7212400963705647,-0.3723493135113408,0.7904536560815849,0.01741814153383941,-0.004783834716437896,0.01231990999270409,-54.46742227607927,32.99131451839181,692.4856676474099,0.9512164834214166,-0.6904140287848135,0.1591818605080652,26.056846618652344,1790364358.99523,0.8,0.8
-3.3413980662932943,-0.3169845858867349,1.4100458996088758,0.026956768221081125,0.005248169426294705,-0.008566393681031348,-51.91473410244852,30.21642785709696,681.2093565720481,1.0239073539186534,-0.713273861160619,0.14701188998215603,26.066402673721313,1790364359.004786,0.8,0.8
-2.859791227952367,-0.06615891498694726,2.504597606087463,0.011168696415426088,-0.0080730164239846,0.013142205404261247,-49.750185291268124,27.713950952884797,669.8552857807996,0.9357573388228211,-0.6902495695618747,0.15276795713878216,26.075628519058228,1790364359.0140119,0.8,0.8
-2.3046858836792596,0.3669387914207887,3.8658425033715176,0.013635582650882036,0.0014656104987529062,0.0016300695828486422,-48.132318760795265,25.423624612337623,659.3930423957321,1.0196314203987737,-0.7140961573036303,0.14783418529200848,26.086052656173706,1790364359.024436,0.8,0.8
-1.7499967804820946,0.9122825309977373,5.259745320855725,0.015280173471254342,-0.0019880302733486926,0.006070464843484877,-47.088046499970325,23.221595195900374,650.7185166687175,0.9253964227208109,-0.6914007841232794,0.14536729936068465,26.09597945213318,1790364359.0343628,0.8,0.8
-1.2724828412996856,1.4616874582558745,6.496417726711463,0.03073932705569349,0.006399383010177104,0.004261414924799353,-46.53904067853414,21.040328843213803,644.3932968387934,0.9824636903736301,-0.707353328960508,0.15227457995505544,26.105966329574585,1790364359.0443497,0.8,0.8
-0.9244173641116634,1.8895968989129657,7.480953117528317,0.00903072833993649,-0.005770589227589051,0.021200700403020648,-46.32823263940138,18.952001529217185,640.5447520102325,0.968320217787884,-0.702912929844441,0.11905384909430064,26.116536140441895,1790364359.0549195,0.8,0.8
-0.7462396803161218,2.0961401421269175,8.138485800624755,0.0021234468349777408,-0.005112752886715699,0.007057219343246532,-46.237700839658835,17.05696623127632,639.0046316008678,0.9535189092065275,-0.703899685201051,0.11625804496748621,26.126381158828735,1790364359.0647645,0.8,0.8
-0.7658353479016522,2.0635502098938403,8.35663843705076,0.03419296771886044,0.011990991827898256,0.00886626925702319,-46.041011749713626,15.293781131253995,639.4214061255537,0.9688135947395023,-0.7066954920525861,0.11987614442439119,26.136527061462402,1790364359.0749104,0.8,0.8
-0.9645250769244875,1.8722747401782445,8.140564917599502,0.015773550716857272,0.0001499378250383182,0.006399383010177104,-45.617376342874465,13.424710442564777,641.2186222207251,0.9178313093550389,-0.6948544278191636,0.13549975558222727,26.145268201828003,1790364359.0836515,0.8,0.8
-1.26821757504695,1.658100492899173,7.705233600765258,0.0026168240868698345,-0.005112752886715699,0.000807774162106506,-45.028357819281005,11.24336804464814,643.6745246367877,0.9938113601988702,-0.7239637110981035,0.13961123216694468,26.15630793571472,1790364359.0946913,0.8,0.8
-1.5741193008459273,1.5556107722470125,7.240070042582286,-0.001165734850364225,-0.0041259983761998825,0.0001499378250383182,-44.47500125345735,8.766991337993378,646.2287534606805,0.9313169462117895,-0.7083400843235904,0.12431653919649173,26.1663920879364,1790364359.1047754,0.8,0.8
-1.786143714934742,1.649372271049231,6.724927095694996,0.015280173471254342,0.00047885599362514075,0.019720568673240083,-44.179393101941464,6.184976870948291,648.6763390121649,0.966675627948652,-0.7247860072541833,0.12760572049788227,26.175929307937622,1790364359.1143126,0.8,0.8
-1.8655292738948888,1.9288006736737486,6.0998080985129555,0.02958811349877897,0.005083710342777853,0.013142205404261247,-44.28562238278948,3.6320257284687987,651.0535809653953,0.950229729513028,-0.7242926295604145,0.10770617347738595,26.186472415924072,1790364359.1248558,0.8,0.8
-1.8574628979495085,2.292058340255217,5.473984770420054,0.007221678426448289,-0.002974784781801798,0.012484369075067787,-44.816434255149424,1.033547064066073,653.5124808252106,0.9545056631139498,-0.7313643765391433,0.12102735788550709,26.196062803268433,1790364359.1344461,0.8,0.8
-1.841880028050193,2.6127481945543107,5.03540076194203,0.0024523650029321387,-0.001823571188698997,0.00409695584112478,-45.67678549423505,-1.8127921762262031,656.2716788545945,0.9556568760055778,-0.7359692350771098,0.11740925843231265,26.205602407455444,1790364359.1439857,0.8,0.8
-1.8703104167654345,2.799625246447358,4.8236684516436625,0.004754792175665309,-0.0062639664835221764,0.017582600615394336,-46.7094360442527,-5.004490490658454,659.5109027665832,0.9429935341758953,-0.7394228790014369,0.12760572049788227,26.216130018234253,1790364359.1545134,0.8,0.8
-1.9608837397568897,2.8024735819535067,4.727931669839311,0.021529618564908364,0.004754792175665309,0.01676030520735923,-47.768554131469564,-8.407400167363251,663.3236044162741,0.9880552957991457,-0.7601447429244502,0.11675142216684233,26.225926160812378,1790364359.1643095,0.8,0.8
-2.1398913424862815,2.5847555378629745,4.6709650982351905,0.009359646505684487,-0.006921802825137338,0.053105761626331335,-48.76007054985894,-11.786498005427545,667.7777789453145,0.9589460556937901,-0.7573489358493698,0.09866092471440772,26.23651671409607,1790364359.1749,0.8,0.8
-2.468868870949645,2.130155631819332,4.665311585590364,0.008701810174083675,0.003274660422357384,-0.007908557338355424,-49.6417242795013,-15.075445612983668,672.9252666277866,1.000389719501964,-0.7783997188243081,0.0922470210012754,26.247024297714233,1790364359.1854076,0.8,0.8
-2.9791844940316863,1.5121550841680202,4.690589958400162,-0.0046193756313386986,-0.009059770938316974,0.027285686381155104,-50.4100425052551,-18.497393996819955,678.7211702700689,0.9556568760055778,-0.7675454087686661,0.10195010609130334,26.256568908691406,1790364359.1949522,0.8,0.8
-3.587435163156436,0.9184642916297374,4.607762241135233,-0.0031392438666364847,0.0019589877509610526,0.0067283011767643175,-51.10783668487769,-22.36435220055684,684.9854137363569,0.9939758191815882,-0.7907341622880597,0.12678342517343272,26.26572871208191,1790364359.204112,0.8,0.8
-4.12761438725096,0.5489826669982949,4.262416724235994,0.024160963856273608,0.0067283011767643175,0.019556109592023405,-51.84134075594044,-26.719003925348225,691.4923505045667,0.9760497900219492,-0.7907341622880597,0.11313332269984872,26.275750875473022,1790364359.2141342,0.8,0.8
-4.444074397004452,0.4971985819645848,3.6790480762238724,-0.0019880302733486926,-0.0003434394280397435,0.011333155497972841,-52.74816923679196,-31.209758135729412,698.1019641405693,0.9943047371470024,-0.8027396874841038,0.11313332269984872,26.286742687225342,1790364359.225126,0.8,0.8
-4.463778446649162,0.7406131190130952,3.0803255022463754,0.02284529121142099,0.009195187422823596,0.011168696415426088,-53.908941936985,-35.360509160261984,704.7761413807058,1.0079548326864312,-0.8137584573806947,0.09866092471440772,26.297149419784546,1790364359.2355328,0.8,0.8
-4.228564199384476,1.2233923145489585,2.7274177768521484,0.01741814153383941,0.0049192512592347165,0.008537351091117959,-55.27105271095346,-38.92721071376371,711.5013009269057,0.977694379856808,-0.8053710355020118,0.09142472565073562,26.306394815444946,1790364359.2447782,0.8,0.8
-3.8517796775621593,1.9211483156666216,2.8382023701718113,0.04175808532239554,0.018569355104177232,0.003274660422357384,-56.63775674220748,-41.950545414625424,718.1982524861675,1.008119291668537,-0.8186922350074338,0.09422052984006218,26.315922260284424,1790364359.2543056,0.8,0.8
-3.433426946543552,2.821106611983833,3.6061175357915363,0.02958811349877897,0.01708922337065142,-0.0031392438666364847,-57.7491634886462,-44.54496979576548,724.6652206055935,0.9755564130713438,-0.8093180575489763,0.09175364379102535,26.32531237602234,1790364359.2636957,0.8,0.8
-3.0253797197131895,3.9056842416505244,5.179803768784259,0.03912674007514537,0.02136515948397749,-0.0072507209961039515,-58.42208001979441,-46.743483316818605,730.5729477236326,0.977694379856808,-0.8129361611132516,0.09882538378348484,26.337103366851807,1790364359.2754867,0.8,0.8
-2.6519252484122955,5.2218894602043076,7.65294176669771,0.08385960839684206,0.048994284718615375,-0.02517676147487885,-58.62675250265822,-48.52652016202905,735.4434081754471,0.9388820595454397,-0.7948456434945657,0.0697161281726785,26.347167253494263,1790364359.2855506,0.8,0.8
-2.3075649288097955,6.852720658036693,11.231933805363283,0.13846001872471847,0.08451744468186503,0.013306664486494299,-58.43535248879521,-49.953623838725,738.6838277748831,0.9558213349900642,-0.8001083394769021,0.07514327758280426,26.356891870498657,1790364359.2952752,0.8,0.8
-1.9108391585517155,8.56877444290606,16.681881980739647,0.3277523856314243,0.20621715081137854,-0.0034681620363851695,-57.930141907756955,-51.265172795205196,739.7897836120054,0.9406911083834772,-0.787773895835474,0.049981039177915104,26.366915941238403,1790364359.3052993,0.8,0.8
-1.2890192661401818,9.51846624121134,25.917925605058798,0.4361308875058249,0.2695338848770603,0.008043973842063519,-57.1525778524635,-52.82614309613747,738.5013109380116,0.8785256113464079,-0.7617893353270904,0.041264708089035214,26.37554168701172,1790364359.313925,0.8,0.8
-0.3017538072788493,8.681916171569384,41.99914020852143,0.50684826685874,0.3228186144805687,-0.03504430682847813,-56.06827428996522,-54.93017589125783,734.6376428443409,0.8586260736572207,-0.738107205123393,0.01297774632200207,26.386091470718384,1790364359.3244748,0.8,0.8
0.9698263841812332,5.9172015472213735,67.88010616359777,0.556843807601336,0.35373691339650476,-0.009882066367657413,-54.542656163808125,-57.68510570364434,727.8165974935495,0.7920201819627801,-0.6960056423883519,-0.015144757131180839,26.396641492843628,1790364359.3350248,0.8,0.8
2.2139151624778837,2.4341386474446023,104.7499168635782,0.6398956073233268,0.41031082027540366,-0.026985811449112745,-52.35868486285384,-61.082982891299515,717.416902574719,0.7609374318929017,-0.6627848798849438,-0.027314729626595702,26.40566921234131,1790364359.3440526,0.8,0.8
3.109766729191837,0.17336921743462308,151.40718439330163,0.7234407804550476,0.45964852797289396,-0.08997364442911021,-49.2863663324868,-65.06212008580559,702.6964742250863,0.6660445890482882,-0.5933830940337523,-0.04277388409011665,26.417194843292236,1790364359.3555782,0.8,0.8
3.6050077893347647,0.8107239263206721,204.8888116719017,0.7666934967516512,0.4922114141834936,-0.12615464694947254,-45.18866711072464,-69.41948124799045,682.7820537953155,0.577565643137605,-0.5292440088338025,-0.044911852279461706,26.42628574371338,1790364359.364669,0.8,0.8
4.019712121418017,5.143766685250202,261.4707907326129,0.813235392098167,0.5152356767592164,-0.10872198192679552,-40.10967701516554,-73.71451922100437,656.6024521497417,0.5061904307862909,-0.4550729197929202,-0.07286989825874571,26.435354232788086,1790364359.3737376,0.8,0.8
4.876894943647883,12.945669252858206,317.384171662985,0.8112618841862335,0.5334906275716174,-0.14539636249192764,-34.26752873370642,-77.35079314289221,623.0769404552135,0.404719213299669,-0.3716921253311255,-0.08142177130614839,26.445305585861206,1790364359.383689,0.8,0.8
6.640146149165241,23.128859207294017,369.275271565827,0.8625730894085208,0.5540480043751622,-0.15625066374301755,-27.943679259712848,-79.77570760299332,581.5093506090859,0.3441982893376267,-0.2988367242218344,-0.08191514859964577,26.456487894058228,1790364359.3948712,0.8,0.8
9.562274021511644,34.09482936051038,414.6493052726845,0.8972739359844163,0.5785523972046656,-0.1731899523151882,-21.386270168980744,-80.56187737259778,531.8317459227691,0.1999677067524076,-0.20229921593946965,-0.06020654792254029,26.46574592590332,1790364359.4041293,0.8,0.8
13.657142427707315,44.15309826751074,452.2914276112466,0.9300012743258579,0.6053592158187707,-0.19226720972546246,-14.819434529567921,-79.2695410056361,474.6080813089725,0.1805615381506211,-0.15427715441514409,-0.040142538632617006,26.476284503936768,1790364359.4146678,0.8,0.8
18.74527973186225,51.945459727887496,482.4353328418036,0.9916733934228746,0.6453227545026121,-0.20065462474914603,-8.515492048658961,-75.32427001898219,411.1125502930731,0.09948322005954859,-0.10000564953564545,-0.027314729626595702,26.485832452774048,1790364359.4242158,0.8,0.8
24.521564985945282,56.78725560227479,506.59134859662146,1.0242362718815334,0.6734452441906617,-0.21282459962935302,-2.8368235259368575,-68.21690044732905,343.5788943821904,0.08961567587738117,-0.06974517543326281,-0.01728272526165686,26.496480703353882,1790364359.434864,0.8,0.8
30.602240481881562,58.7849846898511,527.1045979944151,1.0803167841833368,0.7119286504994337,-0.22071863747862785,1.816279177830009,-57.93165227849678,275.1911567008495,0.03994903546561511,-0.04293834318144145,-0.016789348000377374,26.505813598632812,1790364359.444197,0.8,0.8
36.57077463982358,58.664557085253485,546.5258004012303,1.1097549413990602,0.73774871331492,-0.23140848051205143,5.138938920029904,-45.189124413330305,209.62271378583787,0.04175808532239554,-0.033235256839714816,-0.003961539291206531,26.516329765319824,1790364359.454713,0.8,0.8
42.04911666086363,57.3904027964309,566.9385840441242,1.127352052058888,0.7525500230729476,-0.22631024766453273,7.025867621148359,-31.28260275556922,150.426424304278,0.037482149292283704,-0.02435446603311997,0.01511571438933454,26.525811195373535,1790364359.4641945,0.8,0.8
46.760739635884164,55.77367996960583,589.4427705963209,1.1521853576660015,0.7732718565727908,-0.2205541783560495,7.554018474536016,-17.675973856636556,100.47074682172376,-0.002316948442727368,-0.003797080206239617,0.008701810174083675,26.536388874053955,1790364359.4747722,0.8,0.8
50.54745942802802,54.240479208924725,614.0083977646236,1.1651776168519818,0.7865930351544566,-0.20756190776886174,6.907527767818498,-5.661257409277007,61.402466118448004,0.0101819419195961,-0.0006723575968903689,0.00886626925702319,26.546509265899658,1790364359.4848926,0.8,0.8
53.35233427864879,52.817329384602225,639.6939544468255,1.162052896290581,0.7925135589447518,-0.20789082600923026,5.350270729853877,3.7740503597205266,33.35377096003484,-0.005606130142330995,0.0014656104987529062,-0.01448692078424911,26.556044340133667,1790364359.4944277,0.8,0.8
55.21285613849222,51.29573063385111,664.9703817340131,1.1535010294834729,0.7939936898900661,-0.22483011555304694,3.245639700868215,9.939508864847348,15.167633211007796,0.016431387043962832,-0.002316948442727368,-0.0177761025231767,26.565593719482422,1790364359.503977,0.8,0.8
56.28645512504264,49.45441382049332,688.0178355660636,1.119786939071746,0.7851129042046118,-0.21233122226610807,1.0427124342276854,12.502301385952856,4.944148265032919,-0.0003434394280397435,0.0017945286669180244,-0.005935048312873614,26.576555013656616,1790364359.5149384,0.8,0.8
56.83490091850737,47.197937815995715,707.0247755656321,1.0989006488140851,0.7709694306374952,-0.1833864174327014,-0.8387602090297238,11.70872536019477,0.517682853565007,-0.0026458666122117364,-0.0003434394280397435,0.006234923926844119,26.58704161643982,1790364359.525425,0.8,0.8
57.1179198078777,44.54184224145763,720.560325285393,1.124720708412327,0.7837972322484277,-0.20789082600923026,-2.1604784322265482,8.52464257752066,-0.23928658003194944,0.005248169426294705,0.0006433150778790003,0.008537351091117959,26.59598207473755,1790364359.5343654,0.8,0.8
57.29951813871328,41.51811057144438,727.9688765379904,1.0566346910984767,0.7520566460825788,-0.1774658892860045,-2.9195236628464483,4.368504591425438,0.8346740912495773,-0.0034681620363851695,-0.0005078985124518653,-0.0016591121040756968,26.60571789741516,1790364359.5441012,0.8,0.8
57.42584193508087,38.149103970705355,729.4540482256808,1.0663377709187074,0.7579771699599548,-0.18272858097004607,-3.263095972248411,0.526270884378366,2.4252617276111708,0.023174209372789703,-0.004783834716437896,-0.0080730164239846,26.615907907485962,1790364359.5542912,0.8,0.8
57.44102277712427,34.50973149476414,725.8358317610473,1.041668923876614,0.745149368206125,-0.16776280157345125,-3.3430677675826366,-2.2898354859683128,3.8331243408403415,-0.011033279969849943,0.0029457422546662476,-0.009717607281736207,26.6266348361969,1790364359.5650182,0.8,0.8
57.23685216041459,30.753728763488784,718.3229910295343,1.0138753560378637,0.7285390094158228,-0.1452319033830423,-3.2302076453520256,-3.937478822709294,4.808062582491549,0.009195187422823596,0.0001499378250383182,-0.007415180081627032,26.63567280769348,1790364359.5740561,0.8,0.8
56.721015243242014,27.062930674656478,708.3083079940816,1.0349261056607506,0.7316637303859048,-0.18848465003451925,-2.943556405025554,-4.555139732858095,5.285831576256403,-0.0033037029514975946,0.0014656104987529062,0.010510860084977452,26.646162509918213,1790364359.5845459,0.8,0.8
55.89695127088008,23.625041894963072,697.0991144011285,0.9540122861602747,0.6949893734514636,-0.17878156220415092,-2.543725772658515,-4.34333277822809,5.291585302290744,0.011990991827898256,-0.0014946530194787921,0.002781283170781204,26.65569305419922,1790364359.5940764,0.8,0.8
54.907962077147836,20.657162745084463,685.6449128190537,0.9893709676627307,0.708639470500751,-0.1759857572553688,-2.165769433456177,-3.5339957956830954,4.950025509266744,-0.0034681620363851695,0.0019589877509610526,-0.010046525453605196,26.666229724884033,1790364359.604613,0.8,0.8
53.96863418038937,18.369092902360205,674.4678099501463,0.9586171377251119,0.6925224884330498,-0.17022968827023732,-1.9292570127829354,-2.4162233857381117,4.416262623645171,-0.006921802825137338,0.0019589877509610526,-0.006921802825137338,26.67625856399536,1790364359.614642,0.8,0.8
53.25304918694987,16.873189318485363,663.9303357175453,0.9719383154314718,0.7032123234917689,-0.18190628539239945,-1.846717088782198,-1.3136242147928952,3.790543001596361,0.013306664486494299,-0.005770589227589051,-0.002316948442727368,26.6854407787323,1790364359.6238241,0.8,0.8
52.84406843569387,16.12748523242904,654.4609461016931,0.9344416669387102,0.6849573743582211,-0.16233565086395377,-1.8540352589341746,-0.5076482006563902,3.1546040640426583,-0.008566393681031348,0.002287905918968103,0.0001499378250383182,26.696959257125854,1790364359.6353426,0.8,0.8
52.72799699369027,15.92851621548693,646.4485270692406,0.9541767451448411,0.6986074714731803,-0.16759834246056915,-1.8903712840109035,-0.12832848148966153,2.6449162127462458,0.024489882017227578,-0.0033037029514975946,-0.0026458666122117364,26.70648169517517,1790364359.644865,0.8,0.8
52.7958827401907,15.941603408566692,640.1158213830963,0.9724316923825815,0.7025544874897316,-0.13536435690318985,-1.9282636619579048,-0.10788580884573915,2.420364671258955,-0.012348952659665388,0.0029457422546662476,0.003110201338524965,26.716033697128296,1790364359.654417,0.8,0.8
52.869216184853066,15.759284871981285,635.6018129637374,0.9556568760055778,0.7045279954952267,-0.16381578287244408,-1.9723528366923229,-0.2750031974777269,2.5512598757892686,0.011662073662987854,-0.002316948442727368,-0.0014946530194787921,26.7265567779541,1790364359.66494,0.8,0.8
52.790256741209056,15.014829511107191,633.0193950775421,0.958452678740761,0.7097906835008685,-0.16447361932142962,-2.0377253112794778,-0.49451639892987664,2.9460295206968437,-0.011197739055983785,0.0049192512592347165,-0.011197739055983785,26.735772609710693,1790364359.674156,0.8,0.8
52.536165044493025,13.534416435501136,632.3580948513687,0.9490785166195393,0.7166979614885212,-0.16233565086395377,-2.106456870869969,-0.7193589320112919,3.4066179455211905,0.009853023754110027,-0.0046193756313386986,-0.0010012757658465488,26.74645733833313,1790364359.6848407,0.8,0.8
52.23081793742043,11.384220657192357,633.462437148368,0.9920023113884926,0.7342950743572657,-0.151810267761244,-2.1325935935989286,-0.9376823687314432,3.7560966792896253,-0.012677870832385335,0.0034391195061634766,0.0019589877509610526,26.755541563034058,1790364359.693925,0.8,0.8
52.0329196639667,8.774901917338564,636.1750361387656,0.9696358896587115,0.7341306153591477,-0.15740187751956405,-2.097740022789694,-1.092525738831569,3.8943832036670143,-0.0041259983761998825,0.002781283170781204,-0.0031392438666364847,26.766144275665283,1790364359.7045276,0.8,0.8
52.01855822910757,5.943763270431735,640.3851570571173,0.9839438212223965,0.7392288442951255,-0.13322638851299698,-2.0198856679059265,-1.0887581454108552,3.815858774629886,0.030903786135149533,-0.00938868910997348,-0.009553148195841563,26.776561737060547,1790364359.714945,0.8,0.8
52.14537351679656,3.0752262595385558,645.8801577180894,0.9750630361206697,0.7446559912141397,-0.14243609853645173,-1.9160189577558182,-0.9023351221964173,3.6541362739804537,-0.02320325241578497,0.00903072833993649,-0.001823571188698997,26.786619424819946,1790364359.7250028,0.8,0.8
52.31135721007336,0.2700133020118015,652.2674917808604,0.987233000884166,0.756825956985,-0.14144934388672378,-1.7975090659382322,-0.6404076396082418,3.6054134147235417,0.03550864034946285,-0.010704361797662043,-0.004454916546265966,26.796332836151123,1790364359.7347162,0.8,0.8
52.44686715849565,-2.435782369615888,659.1118229995928,1.0097638814892114,0.7663645787601078,-0.13108842012769498,-1.6973191663263203,-0.4618599897748987,3.7566167574864306,-0.026985811449112745,0.006399383010177104,-0.0006723575968903689,26.80563712120056,1790364359.7440205,0.8,0.8
52.53448972078324,-5.0454287309402766,666.0944511537181,0.9799968056243394,0.761430808881356,-0.1309239610213357,-1.672314479630165,-0.43603735400151944,4.0038902819630335,0.008537351091117959,-0.0013301939349083108,0.0075505965927730595,26.8161301612854,1790364359.7545135,0.8,0.8
52.56565994617753,-7.579730312707148,672.9917391984751,1.0053234889717868,0.7778767084366289,-0.12171425111123954,-1.7673790828765419,-0.4894106361107974,4.129667256084172,0.01708922337065142,-0.003961539291206531,-0.006921802825137338,26.82669758796692,1790364359.765081,0.8,0.8
52.508244056298395,-10.052861652646147,679.6037727444358,0.9949625730777439,0.7759032004960835,-0.10230807695197736,-1.9747485704685166,-0.5295225015601557,4.046516057423525,0.010017482836866154,-0.0046193756313386986,-0.007415180081627032,26.836214780807495,1790364359.7745981,0.8,0.8
52.325128891212806,-12.46757353369557,685.825951456999,1.0079548326864312,0.8005720496361718,-0.14852108556629626,-2.231528851943652,-0.5904729827761164,3.9131065032622003,0.0075505965927730595,-0.0021524893580248255,-0.001823571188698997,26.846548080444336,1790364359.7849314,0.8,0.8
52.06432615197404,-14.821352359151591,691.7312987536307,1.0138753560378637,0.7946515258654726,-0.1100376547474888,-2.4641346935482136,-0.7600860348290233,3.9251328721922607,-0.007415180081627032,-0.00017898034365401716,0.015280173471254342,26.855070114135742,1790364359.7934535,0.8,0.8
51.88874151305246,-17.136170956424564,697.4960638823783,1.0046656530428448,0.7953093618407017,-0.11612264156694199,-2.6286971766092035,-0.9548232334845874,4.12687158528946,0.020542864078933562,-0.009059770938316974,-0.0026458666122117364,26.865673542022705,1790364359.804057,0.8,0.8
51.949720398695675,-19.496155560244237,703.2007092111027,1.0025276862730035,0.7990919186948361,-0.10395266796704397,-2.712211213956542,-0.895014056680796,4.501951680072908,0.015773550716857272,-0.009553148195841563,0.00047885599362514075,26.875861883163452,1790364359.8142452,0.8,0.8
52.28011326545929,-22.015173066351267,708.6903364489267,0.9985806706947591,0.8028744755431501,-0.10641955449496548,-2.719357083198522,-0.36480081601183323,5.13077223615929,0.029259195339428307,-0.01596705256544556,0.005083710342777853,26.8859281539917,1790364359.8243115,0.8,0.8
52.8222002442094,-24.764557894096512,713.6367182226774,0.9895354266456459,0.8040256884958353,-0.10444604527211712,-2.66214514601367,0.6090588998624327,6.166959491155041,0.029752572578415584,-0.01711826617453699,0.005248169426294705,26.895577669143677,1790364359.833961,0.8,0.8
53.51720017406718,-27.753017164456928,717.7047638572569,0.9793389696909097,0.8114263431789537,-0.11530034604851433,-2.5397953540798093,1.8921515046240127,7.711533660156933,0.029752572578415584,-0.021394202448342198,0.014128959897267784,26.905989408493042,1790364359.8443727,0.8,0.8
54.35526970569682,-30.95594310704238,720.7016707719984,0.9887131317309972,0.8120841791497271,-0.07862596664774446,-2.3309224715135692,3.498288863648205,9.769030735064165,0.06116425631953147,-0.03685335682051463,0.019720568673240083,26.91651439666748,1790364359.8548977,0.8,0.8
55.308631655760834,-34.34310896068858,722.6611983728012,0.9571370068656673,0.8046835244685583,-0.08273744408936717,-2.041743254113,5.615404006315941,12.39234209383542,0.10343023770771861,-0.06563369804655347,0.029752572578415584,26.927106380462646,1790364359.8654897,0.8,0.8
56.24400347103677,-37.88050202281535,723.7715568206703,0.9742407412027272,0.8087949992941353,-0.08076393491520972,-1.7765525337198302,8.215201009475697,16.03991016193068,0.21082200430779893,-0.1309239610213357,-0.01053990271160797,26.93672823905945,1790364359.8751116,0.8,0.8
56.97191312078594,-41.5188374964113,724.1883350828302,0.9326326180971798,0.7893888380572361,-0.07352773464433501,-1.7303172198318746,10.480074467889043,22.04354508921021,0.35455920857090295,-0.23683563164035487,-0.046885361381404686,26.94645404815674,1790364359.8848374,0.8,0.8
57.354993470384414,-45.198601206890054,723.8406521098093,0.9081282291414574,0.7745875285348044,-0.06645599352251177,-2.078460731955831,10.811837188583684,32.8782683492055,0.4723118726906783,-0.30409941663819606,0.004261414924799353,26.956007480621338,1790364359.8943908,0.8,0.8
57.312885022127624,-48.87104492637801,722.2662463559379,0.8658622691969653,0.744162614222046,-0.026656893271737356,-2.841156831773631,8.01856852567786,51.64919472358435,0.5152356767592164,-0.341267182774281,0.021529618564908364,26.966504096984863,1790364359.9048874,0.8,0.8
56.713216791893856,-52.509135577161416,718.5757255419285,0.7999142136623547,0.6964695044611066,-0.002316948442727368,-3.793899332793703,2.748662481016299,80.73496830301306,0.6400600663289843,-0.4026104465105116,0.0075505965927730595,26.976063013076782,1790364359.9144464,0.8,0.8
55.29796098583508,-56.08198824465552,711.5742333329842,0.7763965774813741,0.673280785187794,-0.008566393681031348,-4.505549376877252,-2.5734159916407853,120.5648697105133,0.6482830165939886,-0.4244835148805428,0.0049192512592347165,26.986554622650146,1790364359.924938,0.8,0.8
52.788290950418215,-59.49286911405488,699.9646968946411,0.6737741621963564,0.5958205932899897,0.02712122730113104,-4.5544609810863035,-5.279090334827068,169.24791412273572,0.6870953413821861,-0.4499746855570017,0.04044241269958962,26.99673080444336,1790364359.9351141,0.8,0.8
49.047918333838474,-62.54482222259941,682.529739227547,0.6147333792901533,0.5507588241032589,0.026134472820443594,-3.8192620579669856,-3.789605933207684,223.03054843257618,0.7691603816867477,-0.4937208255893454,0.10556820559460951,27.006454467773438,1790364359.9448378,0.8,0.8
44.129687617036886,-64.98765887773013,658.2843416644087,0.5494431519927315,0.49106020104608095,0.047020775797268335,-2.6671373505057883,2.119007838333311,277.43128497980473,0.7678447097216877,-0.5004636519088476,0.14290041342405532,27.01706099510193,1790364359.9554443,0.8,0.8
38.253513090276066,-66.60802838980513,626.7561993457759,0.4963228896674978,0.4381043958107763,0.040935789933333744,-1.8813228846437893,11.706616218361537,328.44776120678836,0.82820116038043,-0.5331910292990054,0.14043352748210977,27.026323795318604,1790364359.9647071,0.8,0.8
31.76323708324164,-67.29617048913595,588.2269277115179,0.39567396667572063,0.35373691339650476,0.07695232738014054,-2.2997336661232484,23.674852044494823,373.24427276352606,0.8362596509579855,-0.5486501929913054,0.13500637839106383,27.03586435317993,1790364359.9742477,0.8,0.8
25.063217076863772,-67.04554813911312,543.5214319816747,0.29880759461907236,0.28449965791781784,0.02268083213069772,-4.406073180263703,36.36230026608456,410.4631906477432,0.926054258664799,-0.5905872876373431,0.16345779606787497,27.04589581489563,1790364359.9842792,0.8,0.8
18.58588571873456,-65.84374905715484,493.5491666121063,0.26015971925680287,0.22101846555912613,0.04455388964042575,-8.179654894181523,47.96409364250256,440.29348976870824,0.9005631157331249,-0.5971656556462823,0.1810549153223919,27.05669116973877,1790364359.9950745,0.8,0.8
12.743674453783953,-63.53693789512972,439.23829741628566,0.19421163982720935,0.17085845373046446,0.026298931900622838,-13.229743312014833,57.00907983645597,464.0728380443545,0.9304946512831459,-0.6129537391153117,0.19552731226969494,27.066850900650024,1790364360.0052342,0.8,0.8
7.8166449463258925,-59.837827018455464,381.8424812826363,0.14503838123610752,0.12184965321415409,0.03682431297842085,-18.998415614328042,62.858323024938095,483.59947110087825,0.9977583757821068,-0.6535751638311427,0.18072599720790092,27.07650351524353,1790364360.0148869,0.8,0.8
3.867813451955016,-54.462782954870306,323.06285760173625,0.07218301427156319,0.07596557294560356,0.026627850060903707,-24.886752210519575,65.74019238406706,500.72963958853705,1.0110795533452503,-0.6710078407509403,0.1762856026532973,27.085630655288696,1790364360.024014,0.8,0.8
0.7821377979488421,-47.2976451348096,264.9201566933629,0.10129226981670632,0.07678786830777996,0.00047885599362514075,-30.33436804647085,66.27864895842349,517.25800016144,1.0975849769840722,-0.7114648096495225,0.1734897986658802,27.096219778060913,1790364360.034603,0.8,0.8
-1.566536526255708,-38.55452414736707,209.69191775085952,0.06823599651064452,0.0542569751576499,-0.005606130142330995,-34.90620493215787,65.03316872155344,534.6485462722121,1.032459220944926,-0.7037352259748496,0.1810549153223919,27.106743812561035,1790364360.0451272,0.8,0.8
-3.1977184351820327,-28.82762066575576,159.78564672409289,0.05968412464573564,0.03682431297842085,0.016924764289018353,-38.37661562169241,62.465066908807934,553.6188809376523,1.1215959878304593,-0.7390939605316823,0.20523039648843364,27.116267681121826,1790364360.054651,0.8,0.8
-4.098494154395517,-18.990386520131214,117.24682788910101,0.03781106744906118,0.02761460454112568,-0.00889531185252855,-40.78900981679853,59.12478801794867,574.0334334503686,1.110248318334214,-0.7463301669038382,0.21082200430779893,27.125743627548218,1790364360.064127,0.8,0.8
-4.320925277685027,-9.992298021893752,83.20193788228616,0.03682431297842085,0.019391650510780734,-0.0016591121040756968,-42.46106481955548,55.63127793938181,595.2686558080771,1.1485672601665615,-0.7660652755931668,0.22710345045886463,27.136263847351074,1790364360.0746472,0.8,0.8
-3.9801895568995773,-2.6154671174854776,57.72452119833979,0.04406051240836854,0.02366758661464831,-0.009224230024131946,-43.88180333111012,52.44362398740354,616.5701273431746,1.1484028011892655,-0.7685321642208504,0.21115092241401567,27.14585542678833,1790364360.0842388,0.8,0.8
-3.2458276906382646,2.7250958498998554,40.08026157660633,0.023338668453435164,0.007057219343246532,0.009688564671327705,-45.50635962202832,49.708113950168574,637.0622647091943,1.104821172045022,-0.7640917646976811,0.21772928451963958,27.156385898590088,1790364360.0947692,0.8,0.8
-2.3360060287606697,6.039186604420909,28.971511961366453,0.01511571438933454,0.003274660422357384,-0.012842329918785242,-47.56794332990717,47.309171740258655,655.7066218583135,1.1867217427902146,-0.7969836137322378,0.21772928451963958,27.16590929031372,1790364360.1042926,0.8,0.8
-1.4638833759394034,7.660021914676728,22.685363297844667,0.025312177419159212,-0.0010012757658465488,0.01281328723971678,-50.03091414944185,45.04363162517394,671.6358451928608,1.1441268677780512,-0.7910630807836231,0.2233208922814995,27.17643427848816,1790364360.1148176,0.8,0.8
-0.7884560947026507,8.054094482828202,19.394746547095874,0.024818800178077922,0.0024523650029321387,0.004754792175665309,-52.672027759986605,42.79629457884272,684.5778130764402,1.177347581130329,-0.7987926654773121,0.21197321767916705,27.185640811920166,1790364360.1240242,0.8,0.8
-0.41132475791708395,7.675660807111707,17.57600227441495,0.007221678426448289,-0.005935048312873614,0.013471123568701227,-55.18350815592477,40.61474526773339,694.7577387117311,1.1191291031593416,-0.7813599852343441,0.1892778681549701,27.196197748184204,1790364360.134581,0.8,0.8
-0.3622202696879495,6.917762089077523,16.210479543401743,0.022351913969173368,0.004425874008447628,0.00047885599362514075,-57.2470609490535,38.60435401137839,702.4597361551654,1.1403443112964426,-0.7853070071352659,0.19848757525999802,27.206751823425293,1790364360.1451352,0.8,0.8
-0.5764299287707937,6.075750489783829,14.764494649475484,0.019556109592023405,0.000807774162106506,0.013306664486494299,-58.60889082041906,36.747843522534374,707.7875906158088,1.1137019568790296,-0.7723147268012902,0.19190921304937197,27.216503620147705,1790364360.154887,0.8,0.8
-0.936721455197259,5.292185298132746,13.096072179156177,0.007879514758992928,-0.0026458666122117364,0.01708922337065142,-59.1478023261154,34.900943620835854,710.7043984670163,1.0908421588499357,-0.7596513652044578,0.19618514849039487,27.2257981300354,1790364360.1641815,0.8,0.8
-1.3570692584117616,4.54931073987852,11.269152329129732,0.014457878061394425,0.00047885599362514075,0.029752572578415584,-58.88975972819704,32.99492354331381,711.1310722010761,1.0829481278521018,-0.7517573217346956,0.1864820641982906,27.236823081970215,1790364360.1752064,0.8,0.8
-1.8122480316922847,3.753866808624324,9.374917987737748,-0.009882066367657413,-0.0046193756313386986,0.0026168240868698345,-57.98770177572407,31.15225458438445,709.0063772510349,1.0336104338124925,-0.7374493681853449,0.18417963740549234,27.24631953239441,1790364360.1847029,0.8,0.8
-2.289112078786512,2.8684238078583264,7.500487950741262,0.020871782241029056,0.004754792175665309,0.021036241322037838,-56.68537705082041,29.540884778785,704.3908882134017,1.0765342276569765,-0.7486325962205956,0.1654313047824869,27.25630283355713,1790364360.1946862,0.8,0.8
-2.747727407376831,1.9719980569519688,5.786696986387195,0.005083710342777853,0.0001499378250383182,0.018569355104177232,-55.22991650179949,28.168080737244733,697.6282754815836,1.0094349635251323,-0.7242926295604145,0.1521101208937663,27.26560926437378,1790364360.2039926,0.8,0.8
-3.135930549347108,1.208679467836132,4.414475660127343,0.006399383010177104,-0.0013301939349083108,0.0026168240868698345,-53.76564879911463,26.870691610851015,689.3941650439011,1.0479183651403383,-0.7402451751765339,0.16576022290126402,27.275611639022827,1790364360.213995,0.8,0.8
-3.395962062781894,0.7105356561974546,3.4701312574777536,0.005741546676687609,-0.000836816681355268,0.013306664486494299,-52.317778326520894,25.481585494303033,680.5886069088449,1.0237428949372034,-0.7288974880497101,0.1483275624776375,27.286248683929443,1790364360.224632,0.8,0.8
-3.47260935252367,0.5575301514897333,2.8646640253139393,-0.008401934595322555,-0.0034681620363851695,0.011168696415426088,-50.87048807104071,23.953837188972244,672.2019705974355,1.0336104338124925,-0.7362981535453227,0.1521101208937663,27.295730113983154,1790364360.2341135,0.8,0.8
-3.3442502692165212,0.7716578352157754,2.4312922629706324,0.023338668453435164,0.010346401002299867,-0.005935048312873614,-49.44355321118983,22.346393338942757,665.1385187028754,1.033445974831431,-0.7374493681853449,0.14618959467171488,27.306432247161865,1790364360.2448156,0.8,0.8
-3.0339716828969143,1.318159299029776,2.07955749217498,-0.020242988834384745,-0.014815838957661642,0.038633362840556074,-48.115505083822754,20.756512206414655,660.0013777827432,1.0038433581315087,-0.7290619472820561,0.15589267929748982,27.315746545791626,1790364360.25413,0.8,0.8
-2.6230178997278184,2.0765091424774393,1.80523379043114,0.015280173471254342,0.011826532745456128,0.0017945286669180244,-46.98245893384569,19.277625610296063,656.982418313726,1.053016593533037,-0.7460012484306678,0.13911785497756138,27.326263666152954,1790364360.264647,0.8,0.8
-2.2480200675409265,2.8216473806852416,1.6002078242659261,-0.005112752886715699,-0.010704361797662043,0.03189054061134451,-46.08295728738569,17.984554560823426,655.9657607215127,1.0084482096327276,-0.7366270720136977,0.14043352748210977,27.335458040237427,1790364360.2738414,0.8,0.8
-2.0423378042665385,3.2885550629230416,1.4586414704968982,0.012155450910314239,0.004754792175665309,0.014457878061394425,-45.3714850923728,16.935260082404138,656.6781820353949,1.026045320676897,-0.7376138274197961,0.14207811811066468,27.345651388168335,1790364360.2840347,0.8,0.8
-2.080097710592739,3.284113648645204,1.4189344501212178,0.0014656104987529062,-0.002316948442727368,0.019720568673240083,-44.775226805548606,16.152786042948186,658.6511067432208,0.9910155574915513,-0.7316932950050884,0.1356642146459009,27.35564422607422,1790364360.2940276,0.8,0.8
-2.3484053617340224,2.7640666468123416,1.5181785773084757,-0.00017898034365401716,-0.0010012757658465488,0.00886626925702319,-44.263001018314284,15.562195666789814,661.2006248059251,1.0184802075272588,-0.7402451751765339,0.13813110059815475,27.367072343826294,1790364360.3054557,0.8,0.8
-2.7605822080311095,1.8467053801086093,1.7184069003720257,0.0021234468349777408,-0.0014946530194787921,0.02202299580754523,-43.852855320158874,14.968959577914745,663.6491213414425,1.0018698503435808,-0.734982479673444,0.1325394924320346,27.37682557106018,1790364360.315209,0.8,0.8
-3.2080905598577902,0.7777764319517226,1.907634895901217,-0.0026458666122117364,0.001301151414630844,-0.001165734850364225,-43.581057797361844,14.140532167671905,665.5601993265648,0.9920023113884926,-0.7351469389072869,0.13829555966144846,27.3864963054657,1790364360.3248796,0.8,0.8
-3.5803022880015223,-0.13749917921818916,2.003832531689875,0.025312177419159212,0.003932496757423909,0.02498325925846425,-43.48426170103192,12.91290605690868,666.7625824404058,1.0012120144140444,-0.7395873382363751,0.12283640760773742,27.397328853607178,1790364360.3357122,0.8,0.8
-3.778933595848086,-0.6402293472651864,2.033842669720022,-0.01974961157166169,-0.00938868910997348,0.02136515948397749,-43.58302197459147,11.210291368462828,667.2696399535046,0.9717738564477533,-0.7339957242712366,0.11872493096209583,27.405545473098755,1790364360.3439288,0.8,0.8
-3.780445523608208,-0.6237425031011292,2.0418822734454767,0.018075977859902913,0.002781283170781204,0.01281328723971678,-43.856255973059916,8.970481822900375,667.2733449989488,1.0354194826037406,-0.7617893353270904,0.12053398068803034,27.415194272994995,1790364360.3535776,0.8,0.8
-3.6537423465708447,-0.1670960348662662,1.9962897244851099,0.0029457422546662476,-0.0028103256969935486,0.013471123568701227,-44.251977236897844,6.106225046842312,667.2033775617416,0.9681557588039957,-0.7446855745396146,0.12069843975387999,27.426705837249756,1790364360.3650892,0.8,0.8
-3.504024517477072,0.5136346165342935,1.872666038695615,0.0026168240868698345,-0.003797080206239617,0.027779063621072193,-44.72966183753087,2.5984816275070006,667.6295853461659,1.026045320676897,-0.7635983869747343,0.12316532573873973,27.436992645263672,1790364360.375376,0.8,0.8
-3.4132428620251916,1.1625879407218709,1.7198182443738805,0.00820843292510788,0.004590333092069618,-0.009059770938316974,-45.26575051317355,-1.3964636175068421,668.9952119770937,0.9717738564477533,-0.7547175880248107,0.10227902422845533,27.446317672729492,1790364360.384701,0.8,0.8
-3.386982577989561,1.5886958493071703,1.6131621560547167,0.0024523650029321387,-0.008730852766766675,0.014128959897267784,-45.8191553454213,-5.60036146069049,671.4734208874794,1.0239073539186534,-0.7744526969650988,0.11165319109634092,27.456858158111572,1790364360.3952415,0.8,0.8
-3.3514453059548455,1.7203383035286086,1.6167744842113327,0.025970013740238475,0.00886626925702319,-0.016789348000377374,-46.33766793257136,-9.79626620375275,675.0331354781788,1.0165066997467445,-0.7777418818461203,0.10737725534184173,27.466782569885254,1790364360.405166,0.8,0.8
-3.20593276437123,1.5914708412311553,1.793135589786967,0.011826532745456128,-0.0036326211212991677,-0.0010012757658465488,-46.82616507029425,-13.93527563404113,679.533559865553,0.9827926083400749,-0.7731370230173146,0.12135627601703802,27.47634720802307,1790364360.4147305,0.8,0.8
-2.8620099748566403,1.3095986488593538,2.211231353284929,0.014951255307388639,0.0009722332463076439,-0.0046193756313386986,-47.38593691602462,-18.050537577018137,684.7256052301797,1.0456159394126512,-0.7966546952336757,0.11477791336811398,27.48555874824524,1790364360.423942,0.8,0.8
-2.281969652245119,1.0331944400271256,2.9138299505559657,0.02268083213069772,0.002287905918968103,-1.452125929465864e-05,-48.16058376943615,-22.111780240484926,690.2756688160442,0.9619063174104693,-0.7783997188243081,0.11066643669291225,27.495680570602417,1790364360.434064,0.8,0.8
-1.5081760537026108,0.9318626236409984,3.9195307271271704,0.03238391784909416,0.01083977825025411,-0.007908557338355424,-49.23224402644996,-25.984846293883145,695.8382723808593,1.0380508262987083,-0.8065222502632166,0.09997659726633953,27.506433963775635,1790364360.4448173,0.8,0.8
-0.6620265543725653,1.1369153639832892,5.262909470643749,0.03041040889670403,0.0034391195061634766,0.023338668453435164,-50.55928061629607,-29.542418697228815,701.1556926695963,1.014697650947077,-0.8055354947534868,0.092740398211304,27.51680898666382,1790364360.4551923,0.8,0.8
0.055619433155805274,1.7217145581895,6.953474956255845,0.024325422936763548,0.009359646505684487,-0.0026458666122117364,-51.998766875861584,-32.827488330099136,706.199456693353,1.0143687329834123,-0.8107981908228149,0.10885738695102534,27.52649974822998,1790364360.464883,0.8,0.8
0.41934573898352745,2.7206739563372095,8.90895859265808,0.04406051240836854,0.02202299580754523,-0.0033037029514975946,-53.38368521629873,-36.021697572429595,711.0882234180908,0.9979228347646515,-0.8065222502632166,0.10030551540407788,27.536840438842773,1790364360.4752238,0.8,0.8
0.3100830700912094,4.163075206931605,11.066426681868798,0.08155718139614013,0.04192254440013117,-0.012677870832385335,-54.58351601817568,-39.20155728162136,715.7804114121295,0.9693069716910512,-0.7971480729815813,0.09504282518851237,27.54593014717102,1790364360.4843135,0.8,0.8
-0.21073487741410352,5.997531258584122,13.692792582479925,0.1483275624776375,0.09027351215894588,0.03254837692829252,-55.50820887917037,-42.23243695014798,719.9258873537098,0.990522180542982,-0.7994505024767731,0.07070288261290773,27.555593252182007,1790364360.4939766,0.8,0.8
-0.932601115931957,7.76432415963129,17.780936575144178,0.2979852994106052,0.1999677067524076,0.04932320287181699,-56.085033667791244,-45.00645775173839,722.9733101625529,0.9211204890815363,-0.7724791860444127,0.05475035238497779,27.56572437286377,1790364360.5041077,0.8,0.8
-1.5877937052331024,8.366913703495351,25.495089007231556,0.47428538094911554,0.3071950057160495,0.042744839788425804,-56.235331681606084,-47.727045358634484,724.2571709790307,0.9160222605039805,-0.7522506994487953,0.040935789933333744,27.57624387741089,1790364360.5146272,0.8,0.8
-2.006211722327333,6.646071769489912,40.2036401883696,0.5298725292283146,0.34518504355368523,0.009853023754110027,-55.86857848486378,-50.839389226136724,722.9239292235072,0.8448115184826697,-0.715576290363578,0.03830444468403504,27.5865261554718,1790364360.5249095,0.8,0.8
-2.243852915394409,2.558338058943187,65.28935297423106,0.5696716105812791,0.37412983357818747,0.010017482836866154,-54.91165083450559,-54.660250914258974,717.9200496532219,0.8076437863436573,-0.6830133637917821,0.023338668453435164,27.597038507461548,1790364360.5354218,0.8,0.8
-2.517359755398632,-2.2982348160305697,102.2088888968357,0.6469673445539341,0.42231632929833934,-0.009059770938316974,-53.32485329801445,-59.104302304152526,708.1661218396508,0.746629499181431,-0.6394316715575918,-0.010046525453605196,27.606618881225586,1790364360.5450022,0.8,0.8
-2.9689110282058437,-5.4650675904597295,149.54313680165805,0.6974562584669511,0.4616220362474021,-0.04376063863847353,-51.04738952486462,-63.752464015841745,692.7866619957923,0.6849573743582211,-0.5937120124340477,-0.03734673409163869,27.615408420562744,1790364360.5537918,0.8,0.8
-3.458353628147844,-4.9334082939543595,203.70859177666313,0.7834683142592688,0.5117820373936421,-0.11217562308500556,-47.92349494399222,-68.13199413715083,671.2588171920851,0.612924330202884,-0.5307241415057835,-0.07731029387010899,27.62594175338745,1790364360.564325,0.8,0.8
-3.539858515051964,0.04649874345178104,260.35977747145523,0.7953093618407017,0.5224718735016728,-0.10313037245915616,-43.729598277909204,-71.93633168748337,643.4021071729978,0.5165513488965714,-0.46033561323315364,-0.06283789343346152,27.636436462402344,1790364360.5748198,0.8,0.8
-2.6387057200561497,8.891454173624545,315.4522191936749,0.8528700090097182,0.5589817747712371,-0.17532792079808246,-38.34762136176246,-75.02888510354741,609.2041932590555,0.43793993678546245,-0.38484885760182297,-0.05971317064002771,27.646586894989014,1790364360.5849702,0.8,0.8
-0.27737728490482094,20.09996876533452,365.80259354768214,0.8777033164033599,0.5762499710473359,-0.16019768241146348,-31.9334430442466,-77.23555572234599,568.6290610559737,0.3348241242495037,-0.30097469301200785,-0.06300235252812844,27.656033515930176,1790364360.5944169,0.8,0.8
3.757915012824162,31.88730012417108,409.41040416447487,0.9073059342066875,0.6106219040892611,-0.18026169423934663,-24.878866901797856,-78.12088061224372,521.6147624123498,0.2672314582398894,-0.2286126753984592,-0.07681691657895554,27.667125701904297,1790364360.605509,0.8,0.8
9.299443406802583,42.75276820538997,445.64267513992826,0.9975939167995548,0.653545704745324,-0.17664359371313137,-17.629804497691556,-77.0150289634878,468.319666981394,0.18220612872238928,-0.16365132376027156,-0.05856195698179492,27.676668643951416,1790364360.615052,0.8,0.8
15.809772714360824,51.758910164555274,475.27791927400625,1.0191380434538795,0.6844639973523742,-0.2049305618502848,-10.590282476740422,-73.31489777534708,409.4688871317178,0.11132427296196165,-0.10280145425619958,-0.04063591590536837,27.686149835586548,1790364360.6245332,0.8,0.8
22.571855460481775,58.543873772300316,500.24132729856035,1.0752185558210199,0.7203160594731767,-0.2100287945745885,-4.159292790226672,-66.77912802891777,346.5711843224322,0.07777462274157,-0.07040301181674272,-0.020078529746783633,27.696683645248413,1790364360.635067,0.8,0.8
28.923542281787398,63.219742163909316,522.9111379566472,1.1003807796224496,0.7497542201261064,-0.22236322870609598,1.2328429041954014,-57.584864869215565,281.96430926417463,0.05540818868772713,-0.04803657502601846,0.00820843292510788,27.70586371421814,1790364360.644247,0.8,0.8
34.381012021796174,66.17597589253542,545.3877540090627,1.1714270579705173,0.7798502163755311,-0.17220319763246927,5.169429381011184,-46.22230180578778,218.72481381309376,0.05540818868772713,-0.03685335682051463,0.015773550716857272,27.716378211975098,1790364360.6547616,0.8,0.8
38.632928055246225,67.78564003526212,569.1030831073119,1.179978924755353,0.8046835244685583,-0.21364689523537084,7.346178737813927,-33.45205003377582,160.28674815026736,0.013635582650882036,-0.01629597073933821,0.01231990999270409,27.7262921333313,1790364360.6646755,0.8,0.8
41.559353525620025,68.2347238298977,594.6426157369156,1.1974115762479918,0.8130709331055649,-0.21644270030153467,7.690145597649526,-20.368125237482317,109.72320887805046,0.026463390980776207,-0.00889531185252855,-0.011033279969849943,27.735567331314087,1790364360.6739507,0.8,0.8
43.32832291208958,67.612948293459,621.6566449649968,1.2232316354664254,0.8344506020549834,-0.23190185788596274,6.462825226376294,-8.365232170669032,69.00367544942281,-0.02517676147487885,0.009688564671327705,-0.007579639167176647,27.746973991394043,1790364360.6853573,0.8,0.8
44.3882270776003,66.07087358881711,648.9943470007653,1.1928067249141145,0.8232673906267185,-0.22762592065460974,4.23286991938379,1.1605903359180854,38.63828744293553,0.022516373049948517,-0.009882066367657413,0.001301151414630844,27.75572419166565,1790364360.6941075,0.8,0.8
45.2933200150976,63.86516207736087,675.0259579877852,1.2204358328794953,0.8349439790286531,-0.24308507843589533,1.6694873918298698,7.263179174012907,17.92476088399726,0.013306664486494299,-0.0016591121040756968,-0.010868820883742691,27.76630210876465,1790364360.7046854,0.8,0.8
46.489894586535996,61.29112804823769,698.004888242569,1.1765252862473137,0.8079727043295623,-0.20953541721289592,-0.677750102954156,9.763019752576257,5.482101279793808,-0.007908557338355424,0.0029457422546662476,0.0075505965927730595,27.775498867034912,1790364360.7138822,0.8,0.8
48.15944405347764,58.560097898090255,716.4121996297575,1.1758674503408342,0.8117552611643619,-0.23255969438494284,-2.475264545338984,9.255739189073084,-0.46872197949246314,0.005906005760099364,-0.0006723575968903689,-0.004948293801563558,27.786293029785156,1790364360.7246764,0.8,0.8
50.19783338688304,55.73731701888263,729.201522046448,1.139522016408827,0.7893888380572361,-0.20657515304848495,-3.601571801533559,6.817332356929887,-1.9697895080849501,-0.01432246169758282,0.00409695584112478,0.0011366923304824278,27.797240495681763,1790364360.7356238,0.8,0.8
52.334398003733,52.782289142662655,735.9029733993493,1.1112350722043858,0.7734363155680827,-0.21331797699287225,-4.094663030477049,3.5800896119504038,-0.9779586145946615,0.03238391784909416,-0.010046525453605196,0.005577087593249583,27.806550979614258,1790364360.7449343,0.8,0.8
54.2618558192923,49.6177526149917,736.6031101523095,1.0985717308566132,0.761430808881356,-0.19210275060813442,-4.09575804426845,0.4385461900127956,1.0490202814626401,-0.002974784781801798,-0.000836816681355268,0.0019589877509610526,27.816068172454834,1790364360.7544515,0.8,0.8
55.70205862574495,46.19353998898552,731.8926458834271,1.0824547509143168,0.7573193339743371,-0.18634668152057454,-3.7839624370937566,-2.0126394936538676,3.2508328835750095,0.007879514758992928,0.0024523650029321387,-0.01251341174601206,27.82692575454712,1790364360.765309,0.8,0.8
56.42490349351293,42.54113200317711,722.8535893369597,1.0739028839846991,0.7474517941672914,-0.15575728641065273,-3.300549837506689,-3.456379925353825,5.10372480238612,-0.013664625351184165,0.00409695584112478,-0.013500166264651114,27.83643674850464,1790364360.77482,0.8,0.8
56.27937780147207,38.807406366013765,710.9634298974867,1.0368996134323623,0.740215598281382,-0.20279259329715688,-2.7392771850363635,-3.885378222956541,6.211211021942125,0.007715055675896115,-0.0033037029514975946,0.0073861375096237886,27.846568822860718,1790364360.7849522,0.8,0.8
55.295368230140106,35.25403483558579,697.8085254892574,1.0395309571264062,0.730019140402206,-0.17730143017137032,-2.199758282379192,-3.5878654229997506,6.397671027808492,0.013635582650882036,-0.0031392438666364847,-0.0034681620363851695,27.85509157180786,1790364360.793475,0.8,0.8
53.729254626106204,32.168044594910405,684.7501150699316,1.0234139769742832,0.7222895674622511,-0.16578929222081887,-1.7951634466992132,-2.955292259772915,5.84159377231577,0.002287905918968103,-0.0033037029514975946,0.006892760260018546,27.866612195968628,1790364360.8049955,0.8,0.8
51.92449838072431,29.706200361523525,672.7584142450929,1.0225916820668661,0.7249209114448889,-0.16677604689660253,-1.6013198033487004,-2.237551141844971,4.950055016593709,0.010675319167628865,0.0001499378250383182,-0.0026458666122117364,27.87600541114807,1790364360.8143888,0.8,0.8
50.15595351265669,27.83201655712588,662.4385985683117,1.0170000766919647,0.7245919934472335,-0.16036214152301664,-1.6246693512902854,-1.5025167338718082,4.07052904210058,-0.014651379870942047,0.005906005760099364,-0.0070862619106073915,27.886701345443726,1790364360.8250847,0.8,0.8
48.613657713871326,26.39404956819839,654.1368515485486,1.0110795533452503,0.7273877964257217,-0.1761502163697648,-1.805890547032571,-0.8165667713181537,3.352498988413114,0.025147718338824676,-0.007415180081627032,-0.011033279969849943,27.897254705429077,1790364360.835638,0.8,0.8
47.44646075259864,25.231045239620176,648.0252639336186,1.0211115512330924,0.7342950743572657,-0.17138090206435339,-2.040151381322588,-0.36543007207154476,2.850103439479464,-0.012020034487051912,0.004754792175665309,-0.0028103256969935486,27.905796766281128,1790364360.84418,0.8,0.8
46.75573139036625,24.231465276215445,644.1250712721709,1.0018698503435808,0.7301835994006313,-0.15937538685413938,-2.218785129143164,-0.3211795299247171,2.624123126936159,0.013306664486494299,-0.006099507398184642,0.004425874008447628,27.915417432785034,1790364360.8538008,0.8,0.8
46.530360118821235,23.347660814255647,642.3103844183051,1.034597187698725,0.748438548149928,-0.15608620463219988,-2.288168601547114,-0.633006010479717,2.691356661353811,-0.004783834716437896,0.004261414924799353,-0.001823571188698997,27.925496339797974,1790364360.8638797,0.8,0.8
46.61650670287383,22.571473555776315,642.365500881515,1.0123952252008461,0.7416957292599478,-0.14539636249192764,-2.2743240026357983,-1.0360220462973806,2.966923199314406,0.00047885599362514075,-0.0013301939349083108,0.0003143969093449134,27.937047243118286,1790364360.8754306,0.8,0.8
46.78376778035712,21.88528942647762,644.0412864525044,1.0336104338124925,0.7540301540434117,-0.14671203536406108,-2.2373292223860677,-1.2822352797763563,3.299855631706278,0.008372892008126027,-0.0003434394280397435,-0.013993543524330215,27.945932388305664,1790364360.8843157,0.8,0.8
46.82701826745391,21.219977549221348,647.0292482607075,1.0183157485455865,0.7510698921015199,-0.13371976583337639,-2.2031107879845817,-1.339454314417678,3.562114470022798,0.0001499378250383182,-0.000836816681355268,-0.0070862619106073915,27.955453872680664,1790364360.8938372,0.8,0.8
46.64364157155248,20.44803628711981,650.9311624408607,1.0211115512330924,0.7607729728967267,-0.16118443708122454,-2.150053094319395,-1.3559653156649452,3.7097970892944314,0.018404896022778477,-0.003961539291206531,0.007879514758992928,27.966977834701538,1790364360.9053612,0.8,0.8
46.269622456492165,19.414128430720808,655.2851041422559,1.0145331919652483,0.7589639239380274,-0.12039857827430503,-2.066786966037566,-1.4529097344249602,3.7722592830470987,-0.003961539291206531,0.001301151414630844,0.0049192512592347165,27.975769758224487,1790364360.914153,0.8,0.8
45.82778881349405,17.978185284476304,659.6323672654898,1.0174934536371238,0.7668579557474057,-0.13289747029955543,-1.991029192263555,-1.5853120599727482,3.795541142474233,0.0001499378250383182,0.0014656104987529062,-0.008730852766766675,27.98683762550354,1790364360.925221,0.8,0.8
45.422280532795355,16.05846441526233,663.6489923300511,1.0446291855289815,0.7763965774813741,-0.12582572873851372,-1.9646105750999416,-1.6134425937175492,3.7865342697509057,-0.0013301939349083108,0.001301151414630844,-0.01037544362558046,27.995651960372925,1790364360.9340353,0.8,0.8
45.10912108836896,13.670764318106885,667.2371890001625,0.9821347724071554,0.7607729728967267,-0.1407915074541538,-1.9849001519883702,-1.4877253122298604,3.7305339490272065,0.006234923926844119,-0.0046193756313386986,-0.0033037029514975946,28.006109952926636,1790364360.9444933,0.8,0.8
44.943666520445284,10.93705910275203,670.387303252686,1.0232495179928132,0.7783700854215082,-0.13750232529828058,-2.022710227923434,-1.3228356775761907,3.655912460283863,0.0073861375096237886,-0.00017898034365401716,-0.006757343739693791,28.01674246788025,1790364360.9551258,0.8,0.8
45.00007009997733,8.037985089757244,673.0541937750577,1.0061457838828058,0.7780411674316001,-0.1264835651605466,-2.0590361515184767,-1.2669555362058498,3.6155080421430528,-0.006099507398184642,0.0019589877509610526,0.006399383010177104,28.02615475654602,1790364360.964538,0.8,0.8
45.32147375823617,5.105450924090453,675.3180944268516,1.0257164027141634,0.7938292308961867,-0.10740630910792423,-2.1048440450981842,-1.3284135555039647,3.5952191070074995,0.008372892008126027,-0.002974784781801798,0.006892760260018546,28.035677909851074,1790364360.9740613,0.8,0.8
45.86234526993768,2.1335820757546844,677.4816615813461,1.001540932378827,0.7813303473286326,-0.12187871021598556,-2.2024164258044596,-1.376379032248102,3.5246234293181975,0.005412628509785272,-0.0013301939349083108,-0.01053990271160797,28.046160459518433,1790364360.9845438,0.8,0.8
46.514145326856756,-0.9739603086681276,679.848437694124,0.993646901216145,0.7880731661033906,-0.13059504280870374,-2.3729374559632177,-1.311392887569969,3.41565060034431,0.023503127534054695,-0.006592884654276751,-0.014815838957661642,28.056751489639282,1790364360.9951348,0.8,0.8
47.195077817048976,-4.278634804366895,682.4994361440831,1.0271965335462554,0.8035323115161787,-0.11595818246319925,-2.556451525210328,-1.2042911770604947,3.4046329125432524,-0.011197739055983785,0.004425874008447628,-0.002974784781801798,28.06629180908203,1790364361.0046751,0.8,0.8
47.88828225834131,-7.776581814863343,685.3789351587707,1.0063102428649888,0.797940705739848,-0.10905090013179797,-2.6522769102078283,-1.2154307436641905,3.5962935506213705,0.006892760260018546,-0.004454916546265966,0.01231990999270409,28.0768461227417,1790364361.0152295,0.8,0.8
48.60273101004354,-11.457474838284773,688.5012998707546,1.0286766643778116,0.8158667359783421,-0.11316237770394708,-2.6266457932251477,-1.3475610866510004,3.9471976697238733,0.0019589877509610526,-0.003961539291206531,0.005741546676687609,28.086483478546143,1790364361.0248668,0.8,0.8
49.34357798903207,-15.323270244802572,691.932282604112,0.9770365439229556,0.7946515258654726,-0.10773522731247134,-2.561851850141884,-1.3502644806887356,4.376416348508205,0.024160963856273608,-0.014651379870942047,0.01659584612567406,28.095206022262573,1790364361.0335894,0.8,0.8
50.12781535018327,-19.342518965970655,695.6382750580241,1.0359128595466727,0.8332993891160592,-0.13733786619079183,-2.5872701955699893,-0.9232092161081759,4.941203381960928,0.03945565823141012,-0.015144757131180839,-0.003797080206239617,28.106546878814697,1790364361.0449302,0.8,0.8
50.988951269881525,-23.43020376367659,699.5456844288385,1.0244007308629635,0.8201426697778014,-0.07780367116151321,-2.731671274002696,0.037421036760471676,5.846132089958806,0.01741814153383941,-0.012348952659665388,-0.011526657228331239,28.11625623703003,1790364361.0546396,0.8,0.8
51.92575010953343,-27.496430643428738,703.7121425625359,1.0181512895639075,0.8336283070986606,-0.12451005589583011,-2.8452768695425905,1.4242029640669698,7.295280349572194,0.059519665570743334,-0.03076837049666857,0.0026168240868698345,28.126848936080933,1790364361.0652323,0.8,0.8
52.88481179642869,-31.46206923838394,708.2489023950274,1.0248941078072131,0.8337927660899458,-0.10510388167927881,-2.733507693874142,3.091130036140216,9.403668114701178,0.03813998560573607,-0.029617156871990916,0.0363309357427542,28.13661551475525,1790364361.0749989,0.8,0.8
53.83660852398803,-35.213948275303515,713.1319194430295,1.0109150943632697,0.8370819459134837,-0.1110244093642054,-2.403271341143652,4.88925736337145,12.344959375521025,0.16279995982892786,-0.09063148082632663,-0.0021524893580248255,28.147143125534058,1790364361.0855265,0.8,0.8
54.79251659502898,-38.618155760152696,718.1531394322159,1.011244012327224,0.8268854884470295,-0.08027055762229904,-2.125072262193278,6.3031037544290704,16.77265503017662,0.22841912286565202,-0.14671203536406108,-0.07286989825874571,28.156381368637085,1790364361.0947647,0.8,0.8
55.706475184326074,-41.58754414243668,722.8750901507433,0.9563147119434753,0.8058347374204041,-0.08273744408936717,-2.2078555993702316,6.11090168890371,24.26684682119266,0.386793179026078,-0.23700009076598028,-0.025012302386473367,28.166799306869507,1790364361.1051826,0.8,0.8
56.4007684090647,-44.12379033300832,726.4889423365458,0.9288500614252224,0.7736007745633632,-0.04063591590536837,-2.7289355895458227,2.9864569484238235,37.31939795225183,0.47560105312002654,-0.29308065442910336,-0.011033279969849943,28.177385091781616,1790364361.1157684,0.8,0.8
56.5793737812183,-46.34184285502185,727.7565622577115,0.8732629237067908,0.743340319234982,-0.0435961795470127,-3.4490879353733623,-3.089050018613022,58.61324453455035,0.5361219718163919,-0.33732016328238534,0.007221678426448289,28.18635845184326,1790364361.1247418,0.8,0.8
55.909198972851605,-48.452341221042644,725.2249648972182,0.8398777487602597,0.7120931094992344,-0.014815838957661642,-3.937322010772603,-10.143024234130062,89.91157179485911,0.6739386211991837,-0.4024459873521302,0.014457878061394425,28.19718885421753,1790364361.1355722,0.8,0.8
54.11871308700153,-50.65503420726058,717.5691649483318,0.7571548749779032,0.6538746227543121,0.007221678426448289,-3.833934376680156,-15.158890259090409,131.27224950984007,0.6718006541613817,-0.42316784157792986,0.024489882017227578,28.204975605010986,1790364361.143359,0.8,0.8
51.05222226703869,-53.008829077555376,703.7654745478188,0.6982785534714652,0.6074971829304707,0.008537351091117959,-3.0777618738082353,-15.69765540220708,180.8305129131952,0.7171913384867867,-0.4409294313502652,0.0491587437952289,28.216475248336792,1790364361.1548586,0.8,0.8
46.71278113843355,-55.378226863473046,683.126573011791,0.6380865582601668,0.5545413814154049,0.02284529121142099,-1.9683599067795952,-10.870929714752693,234.968157554127,0.7277167144229553,-0.4483300938751824,0.11527129056812213,28.22610902786255,1790364361.1644924,0.8,0.8
41.298436737605385,-57.48608733054492,655.4095014146662,0.5607908239129372,0.49270479124213107,0.0371532311354036,-1.1060218297435627,-1.401819398903902,289.0631409808331,0.7808369703443677,-0.4759592345967941,0.129579229274122,28.236669778823853,1790364361.1750531,0.8,0.8
35.18165812432218,-59.02201871974788,620.919904466024,0.494678299475161,0.44484721583322623,0.011662073662987854,-1.2043322523883682,10.908784440442918,338.7366418750558,0.7938292308961867,-0.4815508465310402,0.10671941907046151,28.246726512908936,1790364361.1851099,0.8,0.8
28.859664241555766,-59.73881184881194,580.430940430085,0.40850177096206886,0.3632755373895451,0.05540818868772713,-2.7928723020515185,23.961851079719114,380.851787876002,0.7836327732538539,-0.49273407052326235,0.17825911134629724,28.256322860717773,1790364361.1947062,0.8,0.8
22.84272930376909,-59.52940224328974,534.9641687791224,0.3552170447100695,0.30883959612096595,0.04307375794356475,-6.0522396406659595,35.97473252791995,413.85082076481797,0.8461271904071035,-0.5121402537273673,0.1685560269071273,28.265509605407715,1790364361.203893,0.8,0.8
17.476519912363894,-58.43768092338116,485.5913586359982,0.2683826715589946,0.23203722197706805,0.05343467977826337,-10.831540220916512,45.72479711525309,437.7260915551642,0.8244186035700963,-0.5178963251134925,0.15605713835824048,28.27637815475464,1790364361.2147615,0.8,0.8
12.852401813274376,-56.530415173089175,433.31864356125124,0.19815865715032563,0.17776573417335723,0.03978457638757239,-16.65605880082209,52.58131357235237,453.85926571771375,0.9048390494010375,-0.5525972135606806,0.18154829249395663,28.286141395568848,1790364361.2245247,0.8,0.8
8.863555448888302,-53.72463447483234,379.0902604945818,0.1647734685446543,0.13961123216694468,0.03698877205692505,-22.813141190739195,56.48467853016639,464.677367730472,0.9171734734093218,-0.5749636638577454,0.18286396495045598,28.296692848205566,1790364361.2350762,0.8,0.8
5.337583345528219,-49.75218335287825,324.01312417879734,0.12004060349033707,0.11083089576021096,0.01478679622541667,-28.59893618765508,57.86325612611052,473.15376280858317,0.987233000884166,-0.6111446878666938,0.17381871678239225,28.30674719810486,1790364361.2451305,0.8,0.8
2.161483764086882,-44.31008694280149,269.60796540686306,0.08172164046777998,0.0726763914906651,0.03254837692829252,-33.5101823327413,57.470842773000705,482.2312796726292,1.0183157485455865,-0.6428853149932624,0.18352180117815692,28.316901445388794,1790364361.2552848,0.8,0.8
-0.6713665973414071,-37.29858395147534,217.72899802088565,0.06889383280513235,0.06215101076759455,0.007057219343246532,-37.30227676220939,56.1522803290182,494.29155255639864,1.063541968260762,-0.6736391882487837,0.20950633188203896,28.326969623565674,1790364361.265353,0.8,0.8
-3.0668349259598755,-28.992615816577782,170.256686577994,0.06724924206816078,0.051790089017588754,0.014128959897267784,-39.99206396024398,54.60889269160755,510.8172101710174,1.1294900187708343,-0.7045575221062561,0.1945405579379665,28.336498737335205,1790364361.274882,0.8,0.8
-4.873006131047509,-20.040719655120405,128.81045451850986,0.02909473625971426,0.026134472820443594,0.020871782241029056,-41.800761251164786,53.28100365697747,532.2710874721441,1.116826677465315,-0.7163985865093982,0.20835511850832586,28.34618902206421,1790364361.2845724,0.8,0.8
-5.9854761734062105,-11.309103592004263,94.46079754878443,0.04307375794356475,0.03287729508661202,0.00886626925702319,-43.08444325802592,52.346910669050864,558.1062512235023,1.1801433837318855,-0.7456723299576602,0.2455228640264529,28.355761528015137,1790364361.2941449,0.8,0.8
-6.414753685378772,-3.664395424965059,67.52635917978989,0.003603578589943257,0.014622337143418589,0.025970013740238475,-44.32204813631185,51.75742404891777,586.8779724293415,1.13212136241523,-0.7394228790014369,0.2563771611798771,28.3669273853302,1790364361.3053107,0.8,0.8
-6.26747395548041,2.226390559978949,47.61228746568668,0.03419296771886044,0.01725368245225843,0.018404896022778477,-46.04389291951675,51.32341730366813,616.541407310822,1.2176400302917285,-0.7749460746961988,0.2621332278141867,28.3764591217041,1790364361.3148425,0.8,0.8
-5.720924346678221,6.044765905671477,33.8177193278433,0.014128959897267784,0.013964500815165315,-0.005277211971894319,-48.62547946368569,50.86506569196684,645.0001333550941,1.2043188532439202,-0.777084044868594,0.2680537534679278,28.386679649353027,1790364361.325063,0.8,0.8
-4.972707787674302,7.8647836634015755,24.909276448939075,-0.007744098252752754,-0.007415180081627032,0.022516373049948517,-52.11671312430145,50.30094438705588,670.6286277263489,1.1896820043646001,-0.7729725637740272,0.26196876876785546,28.39605689048767,1790364361.3344402,0.8,0.8
-4.176329409588516,8.034775454679949,19.400384874204658,0.008701810174083675,0.00047885599362514075,0.010675319167628865,-56.224499399365094,49.60976981513399,692.3657638169193,1.2090881635473174,-0.7856359256280875,0.22249859702400626,28.406702756881714,1790364361.345086,0.8,0.8
-3.4419516044437035,7.012113714120797,15.768221160809889,-0.0041259983761998825,-0.0005078985124518653,0.006399383010177104,-60.39045225527565,48.721239425565834,709.5903120442282,1.16550653480573,-0.7742882377214814,0.21312443104944248,28.4155535697937,1790364361.353937,0.8,0.8
-2.8544650323919427,5.305888409799138,12.864528953476754,0.023503127534054695,0.006563842093483832,0.0024523650029321387,-63.94371393899767,47.45175531533992,722.0966587442813,1.1997140019139438,-0.7834979554277132,0.22036062935193762,28.42589497566223,1790364361.3642783,0.8,0.8
-2.46806737885557,3.44268436138851,10.1725906352104,-0.0041259983761998825,-0.008401934595322555,0.025805554660007488,-66.32855073753095,45.589705232493884,730.0402176918906,1.1066302208086998,-0.7568555581314669,0.21197321767916705,28.436989784240723,1790364361.3753731,0.8,0.8
-2.2963521952424024,1.8552591297297658,7.671574858637529,0.003110201338524965,0.0021234468349777408,-0.012842329918785242,-67.28238478567602,43.0806714102254,733.8102019030164,1.1811301375910044,-0.7678743272525629,0.20835511850832586,28.445175170898438,1790364361.3835585,0.8,0.8
-2.2785483004046263,0.7845749711441397,5.513495854163568,0.024818800178077922,-0.0005078985124518653,0.009524105588519197,-66.85961067299807,40.11972383750852,733.9401885861221,1.0686401966357426,-0.7300487026769805,0.2058882327038199,28.456689834594727,1790364361.3950732,0.8,0.8
-2.2814648578845445,0.2606256041261177,3.872293859014553,0.021694077645813277,0.0049192512592347165,-0.011362198142144203,-65.35062312692676,37.05590536997872,730.9458082740568,1.0842637996859512,-0.7218257410970113,0.18878449098662223,28.466904640197754,1790364361.405288,0.8,0.8
-2.172701439968636,0.15072067699794806,2.920193029007323,0.015609091635015705,0.000807774162106506,-0.005112752886715699,-63.164224211197684,34.19159142956807,725.1303512928617,1.0469316112571934,-0.7127804834752935,0.16806264973010826,28.476446628570557,1790364361.41483,0.8,0.8
-1.8738944812634646,0.2676589863808439,2.704300583979654,-0.004290457461219699,-0.009553148195841563,0.000807774162106506,-60.70342055084404,31.614685721461463,716.7182565804452,1.0424912187802544,-0.7025840113925569,0.18138383343679126,28.486574411392212,1790364361.4249578,0.8,0.8
-1.3736374814366337,0.4733959969912213,3.0663222388158653,0.03238391784909416,0.011333155497972841,-0.018269479784937023,-58.29179171970256,29.214916291851175,706.2182614986648,1.055319019256839,-0.7114648096495225,0.18565976891566158,28.496089935302734,1790364361.4344733,0.8,0.8
-0.7153177774241122,0.6995235204226512,3.793572559205799,0.02136515948397749,0.0009722332463076439,-0.0041259983761998825,-56.164586161013126,26.898326747216565,694.5441333817234,0.983285985289686,-0.6848224152271223,0.17184520808193737,28.506671905517578,1790364361.4450552,0.8,0.8
0.017128073775889204,0.9103664467686345,4.782320830620905,0.028272440860756698,0.0021234468349777408,0.013964500815165315,-54.45862887974544,24.770059445510313,682.7257671474786,1.0049945710073298,-0.6910718656769654,0.1654313047824869,28.515839338302612,1790364361.4542227,0.8,0.8
0.6758526627091115,1.08493757146684,5.956480706084434,-0.005277211971894319,-0.010868820883742691,0.00820843292510788,-53.18759724448959,23.046207493772936,671.5634336982813,0.9857528700367367,-0.6889338957797915,0.15391917056665771,28.526381015777588,1790364361.4647644,0.8,0.8
1.070771673264989,1.2245874715744298,7.111181693977656,0.02942365441911654,0.004590333092069618,0.0073861375096237886,-52.25124149833744,21.77083227318778,661.6897638992361,1.043642431645086,-0.706366573598865,0.1438871677993444,28.53593373298645,1790364361.474317,0.8,0.8
1.0751149390880428,1.3541694057947782,7.989750205629273,0.01741814153383941,0.0009722332463076439,0.003603578589943257,-51.47666087826055,20.682439218963538,653.8010830112869,0.994140278164299,-0.690907406453868,0.13665096902744353,28.545550107955933,1790364361.4839334,0.8,0.8
0.696256722748428,1.5122995439756666,8.48523813320331,0.011990991827898256,-0.0019880302733486926,0.006892760260018546,-50.680530444177926,19.402117190184377,648.4684091210676,0.9740762822191159,-0.6889338957797915,0.15095890746408558,28.556994438171387,1790364361.4953778,0.8,0.8
0.04595022731046564,1.731051617685537,8.65034346444988,0.02366758661464831,0.0017945286669180244,0.024654341097665705,-49.757257952388784,17.725488334045576,645.6865150185738,0.9888775907139415,-0.6946899685951528,0.1308949017897041,28.5655837059021,1790364361.503967,0.8,0.8
-0.7339842218970655,2.00165500456897,8.575006431159949,0.0067283011767643175,-0.005277211971894319,0.011333155497972841,-48.72229826818264,15.703119672829292,644.8727224957462,0.9811480185075516,-0.7012683375866158,0.12974368833865332,28.575897455215454,1790364361.5142808,0.8,0.8
-1.5104961556412495,2.2590906656433734,8.327616278126364,0.024325422936763548,0.0037680376736967253,0.003603578589943257,-47.66068985743938,13.474003096390804,645.3866066066762,1.0270320745649382,-0.7195233118726753,0.12004060349033707,28.584993600845337,1790364361.523377,0.8,0.8
-2.165700149375145,2.4203997264517696,7.986286869822548,0.020542864078933562,-0.0005078985124518653,0.018733814185549952,-46.66178760810615,11.075060554060046,646.9220859827191,0.9577948428032779,-0.7032418482964846,0.12875693395110704,28.595746517181396,1790364361.5341299,0.8,0.8
-2.631686351713542,2.446043895639833,7.685996306164744,0.014622337143418589,-0.0021524893580248255,0.014457878061394425,-45.806331059734106,8.436749493763825,649.3868012332526,1.010257258435278,-0.7201811487931093,0.12826355675701134,28.605855464935303,1790364361.5442388,0.8,0.8
-2.916968123655388,2.370234511548683,7.552028769463525,0.019391650510780734,-0.0003434394280397435,0.015938009798672763,-45.17554545482786,5.535493235589923,652.6274974545419,0.9893709676627307,-0.7193588526426673,0.12168519414847276,28.616421937942505,1790364361.5548053,0.8,0.8
-3.0732765533259503,2.269085594742585,7.602344852483311,0.023174209372789703,-0.0010012757658465488,0.024160963856273608,-44.84410864609068,2.477436633401967,656.4426950067208,1.0143687329834123,-0.7307065396077383,0.12694788423837047,28.62554693222046,1790364361.5639303,0.8,0.8
-3.1647725771212687,2.1883264022121014,7.777178604011406,0.020049486835595445,0.0024523650029321387,0.013306664486494299,-44.85775113478062,-0.5942893643033986,660.6997627737945,0.9969360808692751,-0.7274173549604143,0.11280440456590535,28.63518977165222,1790364361.573573,0.8,0.8
-3.244687775533532,2.1190598316849525,7.982189305756721,-0.005935048312873614,-0.003961539291206531,0.0003143969093449134,-45.20397197664178,-3.6396267983744357,665.2790412119274,0.9888775907139415,-0.7270884364965704,0.11592912683446144,28.646676063537598,1790364361.5850594,0.8,0.8
-3.304322673491477,2.0491913586169628,8.043736447282717,0.0073861375096237886,-0.0013301939349083108,0.020378404997846843,-45.796534080534876,-6.727449528867936,669.9710346581595,1.0030210632199958,-0.7376138274197961,0.11444899523465438,28.655205249786377,1790364361.5935886,0.8,0.8
-3.2785346725846063,1.9938491480509546,7.7423144960071735,0.005248169426294705,-0.0005078985124518653,0.01478679622541667,-46.509976319525954,-9.907705968773175,674.527019726058,0.9826281493568562,-0.7361336943111959,0.11987614442439119,28.666741847991943,1790364361.6051252,0.8,0.8
-3.1256962081999404,1.9549831073423733,7.0052722236949485,0.026298931900622838,0.00820843292510788,0.010017482836866154,-47.24433346349284,-13.126963522968659,678.8024608688755,1.008283750650636,-0.7481392185091894,0.10787063254512161,28.6762535572052,1790364361.614637,0.8,0.8
-2.880440284360969,1.8927076816361212,5.9998638942499385,-0.011197739055983785,-0.012348952659665388,0.028107981780887706,-47.960697113623496,-16.305908339451317,682.8240728274023,0.9921667703712905,-0.7486325962205956,0.10589712373068891,28.686776876449585,1790364361.6251602,0.8,0.8
-2.644387809273921,1.7758035536454992,4.9494924408593715,0.005083710342777853,0.0011366923304824278,-0.0028103256969935486,-48.6748011554876,-19.481839211382997,686.7628664454326,1.0188091254905824,-0.7606381206448116,0.11000860042347488,28.696012496948242,1790364361.6343958,0.8,0.8
-2.5168468984106394,1.6584900545253731,3.9274166123826264,-0.012842329918785242,-0.0034681620363851695,0.01297774632200207,-49.43823398919706,-22.819614750378427,690.8523965190712,1.0041722760960643,-0.7591579874848342,0.11165319109634092,28.706541538238525,1790364361.6449249,0.8,0.8
-2.5273789269171427,1.6799035822878596,2.8934846981199485,0.007221678426448289,-0.0005078985124518653,0.019885027754430754,-50.32010843217216,-26.44818346812611,695.2491907235398,0.9910155574915513,-0.7589935282450417,0.11477791336811398,28.71641755104065,1790364361.654801,0.8,0.8
-2.656297775432632,1.967691566813262,1.903584334094708,0.039620117309504065,0.01676030520735923,0.010017482836866154,-51.374977313798944,-30.29680013351788,699.8872470075746,1.0056524069362154,-0.7619537945675802,0.10195010609130334,28.725638389587402,1790364361.6640217,0.8,0.8
-2.868779146888458,2.539189851901771,1.2251672120926749,-0.010704361797662043,-0.002316948442727368,0.015280173471254342,-52.60528062048398,-34.12781697557745,704.497565944208,0.9954559500257243,-0.7655718978687405,0.11115981389473566,28.736647844314575,1790364361.6750312,0.8,0.8
-3.1144279300019466,3.3083738571069166,1.168180732662093,0.042580380710817996,0.019885027754430754,0.003274660422357384,-53.95260559318786,-37.72298735619795,708.7919570749061,1.001376473396439,-0.7635983869747343,0.10227902422845533,28.74655556678772,1790364361.684939,0.8,0.8
-3.3489728339466733,4.196537900500361,1.9297879892656018,0.042909298866008055,0.028765818100208708,-0.0062639664835221764,-55.3127975639724,-40.99179264812454,712.5155917721734,0.9426646162056489,-0.7466590853771717,0.09915430192156566,28.756606578826904,1790364361.69499,0.8,0.8
-3.529048833351736,5.238003547843774,3.747577512792643,0.0823794767540914,0.05294130255032729,-0.029781615961149727,-56.55124004754039,-43.91197752457687,715.3092900135912,0.9748985771370965,-0.7552109657411177,0.09849646564530612,28.766127109527588,1790364361.7045105,0.8,0.8
-3.571705782349758,6.510872247599408,7.112406892411098,0.16839156784814407,0.10030551540407788,0.042744839788425804,-57.534721278846824,-46.45000271722584,716.7392751872528,0.9459537959066338,-0.7450144930121336,0.09257593914131906,28.77664279937744,1790364361.7150261,0.8,0.8
-3.3849965267142417,7.747113734536803,13.03624248776054,0.32150294217061215,0.2233208922814995,0.047020775797268335,-58.169561070942514,-48.59311570785446,716.5503273606361,0.9426646162056489,-0.7409030121173424,0.07547219572799875,28.786171197891235,1790364361.7245545,0.8,0.8
-2.9388924677660526,8.025589296673548,23.509548901818974,0.4635955445193909,0.30374136585905925,0.03781106744906118,-58.40149423009782,-50.43591523414737,714.7292838153539,0.8997408207962881,-0.721332363405418,0.06247992891674742,28.79672122001648,1790364361.7351046,0.8,0.8
-2.3066419373811278,6.295077897862667,41.45893054636151,0.49040236496718703,0.3295614350488741,0.0006433150778790003,-58.18824797944396,-52.20442472343524,711.2436923251652,0.8559947298198688,-0.6946899685951528,0.056723861292011096,28.807233095169067,1790364361.7456164,0.8,0.8
-1.6745758966484037,2.44124005477744,69.45005511794555,0.5298725292283146,0.3547236676057239,-0.020078529746783633,-57.48159625136404,-54.1771538680479,705.7688223514208,0.8418512566503225,-0.6757771580981959,0.034357426797775724,28.816783905029297,1790364361.7551672,0.8,0.8
-1.2377110287452908,-2.319941886406186,107.92271296255878,0.586281970711039,0.3881088512739416,-0.015802593478539254,-56.21452832152927,-56.55126403427879,697.6885200115624,0.7663645787601078,-0.633675599202699,0.011168696415426088,28.826311349868774,1790364361.7646947,0.8,0.8
-1.0283274403922589,-6.119919973500758,154.63599259606193,0.647460721569059,0.4242898376215355,-0.046391984105550885,-54.28686729515852,-59.35583331666152,686.2875540456924,0.7545235310333526,-0.6078555037901164,-0.00938868910997348,28.835595846176147,1790364361.7739792,0.8,0.8
-0.8372442632520578,-7.369927278172627,205.64561348765758,0.6704849821369895,0.4527412489921965,-0.12927936995933131,-51.5828943631708,-62.48546637613135,670.8663145947783,0.6285479358988268,-0.5427296621771164,-0.01596705256544556,28.84668517112732,1790364361.7850685,0.8,0.8
-0.21029766118276846,-5.240674907200888,256.6837244382337,0.7038701594936004,0.46885823323241893,-0.12845707442941176,-48.0440221979616,-65.78689846227674,650.7100784941941,0.6145689202822925,-0.5024371620625809,-0.021558661536157542,28.855210304260254,1790364361.7935936,0.8,0.8
1.4399618330865596,0.23062965063889698,304.13067620122996,0.7583060879526928,0.5070127258768105,-0.14654757625494225,-43.74293607354856,-69.06371580805546,625.0963185299473,0.5004343651409846,-0.4290883714571088,-0.035866602278997795,28.866827487945557,1790364361.8052108,0.8,0.8
4.539316452543211,8.201589277916911,345.5942195411194,0.7828104782808153,0.5213206603856757,-0.1386535390515144,-38.87489707429762,-71.99593331784789,593.4453629526425,0.4479719372968748,-0.3749813083786197,-0.03553768409870875,28.87637209892273,1790364361.8147554,0.8,0.8
9.088502440485886,17.307309088605823,380.16071966949124,0.8326415531507322,0.5538835453617166,-0.15411269530467878,-33.66041719589697,-74.1144595189757,555.4824115351961,0.3550525856753072,-0.30015239732283666,-0.07484340741684778,28.885902643203735,1790364361.824286,0.8,0.8
14.633079263669913,26.11162849339152,408.2620062999804,0.8576393197185102,0.5711517416882853,-0.12483897410632833,-28.23377337754597,-74.92883953430425,511.3127265805623,0.2591729649769572,-0.23469766301003847,-0.06514032076131018,28.896423816680908,1790364361.8348072,0.8,0.8
20.412133459097202,33.507333533697455,431.2707767361903,0.8980962309219341,0.6079905599558949,-0.14621865803679215,-22.62719806984772,-74.08715651490158,461.4399804931387,0.22940587716981922,-0.18749789533514588,-0.05461493873522155,28.90693950653076,1790364361.8453228,0.8,0.8
25.60415255208629,38.92749758594846,451.0581628187178,0.9633864482678514,0.6530523277317384,-0.13848907994382245,-16.88502248933613,-71.3856611647133,406.85963990193636,0.14849202153946678,-0.13470652047491688,-0.04310280227279345,28.916479110717773,1790364361.8548625,0.8,0.8
29.607129267573995,42.336535684021825,469.68463715019095,1.01403981501972,0.6940026194444499,-0.1595398459655453,-11.178297055665292,-66.66521353516767,349.2080167231966,0.13171719711116736,-0.1016502405467446,-0.022874334239644994,28.925775289535522,1790364361.8641586,0.8,0.8
32.2237495197149,44.07004664123791,489.1585610293268,1.0707781633719686,0.7365975003296337,-0.16874955625136578,-5.823375261351169,-59.79562323902585,290.6885231073302,0.06346668336360195,-0.059384252451823605,-0.01251341174601206,28.936686515808105,1790364361.8750699,0.0,0.0
33.67088572367044,44.656383648622594,511.13523724729885,1.1215959878304593,0.7701471356600561,-0.18026169423934663,-1.2216990456788508,-50.83292309679704,233.73585337410927,0.06478235595799937,-0.050503461411839784,-0.012842329918785242,28.945547580718994,1790364361.883931,0.0,0.0
34.44433441139618,44.65625164502396,536.6056071195613,1.1530076525519526,0.7900466740338901,-0.20558839832920084,2.265554928034804,-40.213606983833905,180.69846560486613,0.04586956225812234,-0.033399715929467236,-0.008566393681031348,28.955716609954834,1790364361.8941,0.0,0.0
35.15806061426071,44.514690892683554,565.6421501678873,1.1761963682940815,0.8109329662007606,-0.24160494629606338,4.4376905534177045,-28.795323854919218,133.63382791719116,0.013635582650882036,-0.014980298044407911,0.009195187422823596,28.966325044631958,1790364361.9047084,0.0,0.0
36.43340767051591,44.48055495453079,597.287024033073,1.1847482350733207,0.8209649647384127,-0.23107956226293136,5.28997737534577,-17.65678640079083,94.04335494443761,0.016924764289018353,-0.005770589227589051,0.0009722332463076439,28.975844144821167,1790364361.9142275,0.0,0.0
38.739087775581304,44.609167463550286,629.7224944113273,1.1880374146011934,0.82820116038043,-0.2203897192335018,4.995989068426393,-7.779923945993277,62.60473283238769,0.0026168240868698345,0.001301151414630844,0.012648828157405347,28.986390590667725,1790364361.924774,0.0,0.0
42.17417750342035,44.79957660821803,660.7138005830959,1.1890241684592793,0.8344506020549834,-0.21940296449885843,3.8655665959972394,0.13384595010494454,39.10521832291141,-0.014980298044407911,0.0075505965927730595,-0.010704361797662043,28.99613857269287,1790364361.934522,0.0,0.0
46.398528777020175,44.850687326523826,688.1602827699494,1.19297118389037,0.8362596509579855,-0.20854866249033188,2.2839273604727244,5.631141122390028,22.5841664892774,-0.0036326211212991677,0.0009722332463076439,-0.024847843298094738,29.00666618347168,1790364361.9450495,0.0,0.0
50.780472269974105,44.54071073744813,710.5209217361845,1.1581058808425242,0.8204715877620777,-0.19407626001805722,0.6553921521344475,8.44338630547953,11.687016289470115,0.003932496757423909,-0.0026458666122117364,-0.007579639167176647,29.016029119491577,1790364361.9544125,0.0,0.0
54.63460104003206,43.69220922096536,726.9114924060292,1.1433045728909428,0.8143866050460808,-0.19752990149585886,-0.681711123948274,8.604440157854048,5.107903410714219,0.023338668453435164,-0.006757343739693791,0.005412628509785272,29.027009963989258,1790364361.9653933,0.0,0.0
57.43534786329663,42.211140821586994,737.0056038333179,1.1362328368572476,0.8084660813083385,-0.18568884505576444,-1.5635331756438966,6.664981340023862,1.789300920237508,-0.013993543524330215,0.004590333092069618,0.01281328723971678,29.03651738166809,1790364361.9749007,0.0,0.0
58.90672786324722,40.119600603933755,740.9926068916257,1.0882108151853882,0.7767254954715107,-0.15164580865121852,-2.029720436686737,3.673886836251982,0.7877454909711868,0.00409695584112478,0.0003143969093449134,-0.004454916546265966,29.047133684158325,1790364361.985517,0.0,0.0
58.976924126258695,37.57198075861415,739.5318227004271,1.1033410412379157,0.786264117165681,-0.18897802738461095,-2.236006249084458,0.7618793826004528,1.1441919214988967,0.006563842093483832,-0.0036326211212991677,-0.006428425568886217,29.05665349960327,1790364361.9950368,0.0,0.0
57.760696149154086,34.836500686824124,733.6398085197643,1.0643642631603343,0.7537012360500583,-0.16118443708122454,-2.331378123096317,-1.3871426297504894,2.02979179112696,0.000807774162106506,-0.002316948442727368,-0.00823747550964031,29.065925121307373,1790364362.0043085,0.0,0.0
55.59794847601075,32.217305199175826,724.4686089076457,0.9990740476422643,0.7308414353942093,-0.1718742794051339,-2.3830250012045693,-2.6874198398506226,2.9469446274030444,0.006070464843484877,0.0006433150778790003,-0.009882066367657413,29.075835704803467,1790364362.014219,0.0,0.0
52.99595292896319,29.934475730321296,712.9740397127108,1.0327881389071205,0.7356107463417694,-0.15805971396395171,-2.3749752507589545,-3.3464796239806422,3.7190629949555727,0.011004237332853176,-0.0024814075274563335,0.006563842093483832,29.086364030838013,1790364362.0247474,0.0,0.0
50.47565462131343,28.040437987447664,699.8930120588544,0.9924956883368646,0.7163690434896146,-0.16085551885785296,-2.2887346835268927,-3.512981082650668,4.3128530049157465,-0.0062639664835221764,0.000807774162106506,0.011662073662987854,29.09546661376953,1790364362.03385,0.0,0.0
48.4342964969596,26.430994769255786,686.0324620005996,0.9839438212223965,0.7160401254906575,-0.1694073927039012,-2.194864707498124,-3.222079544566416,4.670242721512595,0.013306664486494299,-0.0019880302733486926,-0.0041259983761998825,29.10563635826111,1790364362.0440197,0.0,0.0
47.08395115624343,24.94211527028643,672.3161976947275,0.9890420496968787,0.7106129785005706,-0.1544416135256387,-2.2098317454918157,-2.5718883257227696,4.730234206939494,0.004754792175665309,-0.001823571188698997,-0.01251341174601206,29.117146730422974,1790364362.05553,0.0,0.0
46.45468419868304,23.46410647384002,659.6173775551297,0.962564153347162,0.7073237984998522,-0.17401224788493758,-2.356464307940846,-1.815406046581052,4.540647077846804,-0.0036326211212991677,-0.00017898034365401716,-0.003797080206239617,29.12667727470398,1790364362.0650606,0.0,0.0
46.435252484772306,22.012029912130558,648.6474653950859,0.9745696591699271,0.711599732499794,-0.1539482361942428,-2.534194132707688,-1.2363030657735161,4.233945120677788,0.02021394591673413,-0.0062639664835221764,-0.0070862619106073915,29.136202096939087,1790364362.0745854,0.0,0.0
46.83525588717461,20.701008676209213,639.907496067566,0.9814769364741162,0.7163690434896146,-0.15131689043125537,-2.6282039056558637,-0.9792959332778961,3.950610430177802,-0.01596705256544556,0.006070464843484877,0.0024523650029321387,29.146233081817627,1790364362.0846164,0.0,0.0
47.422670441681184,19.61265102023548,633.6880372996417,0.953025532252708,0.7063370444986419,-0.14358731229579252,-2.613614519000605,-0.9881958262032982,3.758358559405346,-0.0080730164239846,0.002287905918968103,0.015773550716857272,29.156768321990967,1790364362.0951517,0.0,0.0
47.963073603487196,18.66615715209823,630.023035280086,0.9721027744151827,0.7260721244362915,-0.1595398459655453,-2.5656011697313073,-1.0840193995157188,3.595633302058112,0.031726081532043114,-0.00938868910997348,-0.0062639664835221764,29.166862964630127,1790364362.1052463,0.0,0.0
48.32295879291092,17.619192153224933,628.7012019702656,1.0002252605195265,0.7387354673018331,-0.1656248331082918,-2.5641959042165334,-1.1414844819569798,3.435931484583415,0.01511571438933454,-0.003797080206239617,-0.013171248091664922,29.1758131980896,1790364362.1141965,0.0,0.0
48.54157561753452,16.179675798973157,629.4668475638349,0.9668400869326103,0.7311703533909244,-0.14819216734744506,-2.592837824222789,-1.1741320326068618,3.3823727921113758,-0.0404714568144241,0.01297774632200207,-0.003797080206239617,29.186338663101196,1790364362.124722,0.0,0.0
48.74549994078436,14.14290675185645,632.0706839570006,0.9798323466409933,0.7453138272034293,-0.1365155706537835,-2.57223604620099,-1.239137185053933,3.3906416570731444,-0.0005078985124518653,-0.000836816681355268,-0.0072507209961039515,29.19615936279297,1790364362.1345427,0.0,0.0
48.997931559795816,11.492089868860706,636.1750309227772,1.0387086622221935,0.7676802507260032,-0.13618665243918318,-2.4681487403027202,-1.3510580654403601,3.2137300366757597,0.02268083213069772,-0.009553148195841563,-0.004454916546265966,29.205965042114258,1790364362.1443484,0.0,0.0
49.2652236201535,8.39095884357842,641.5125599613492,1.0030210632199958,0.7670224147431484,-0.1503301357720688,-2.311048849221723,-1.4817594566958778,2.7862171847328376,-0.026656893271737356,0.0075505965927730595,0.0003143969093449134,29.215388536453247,1790364362.1537719,0.0,0.0
49.516520141872434,5.088718622037605,647.9630959746167,0.9893709676627307,0.7722851026007979,-0.161677814416503,-2.143395162886032,-1.5418872899954377,2.277298513204965,-0.017940561610403416,0.0014656104987529062,0.003603578589943257,29.226802349090576,1790364362.1651857,0.0,0.0
49.81180590146672,1.8453875282064518,655.3193739194302,1.050220790866807,0.7944870668716375,-0.1476987900193875,-1.9981249114680106,-1.412852309253412,1.7911970255362701,0.02761460454112568,-0.007908557338355424,-0.003961539291206531,29.23710870742798,1790364362.175492,0.0,0.0
50.25296810231382,-1.137246861130727,663.3201804840364,1.044464726548348,0.8002431316492852,-0.13618665243918318,-1.8985970241957182,-1.0830436918913164,1.3710903928949103,-0.010704361797662043,0.006070464843484877,-0.008566393681031348,29.247136116027832,1790364362.1855195,0.0,0.0
50.86622450937754,-3.7810661775658176,671.8217321050859,0.9995674245897053,0.7852773631990839,-0.1368444888684998,-1.8386994451678196,-0.6879581540167892,1.0987105927680931,-0.004783834716437896,0.0019589877509610526,-0.004290457461219699,29.2571759223938,1790364362.1955593,0.0,0.0
51.57768182029265,-6.107891554139333,680.573184740487,1.0393664981455764,0.8089594582870173,-0.13552881601033057,-1.7931494181674428,-0.4024273502814534,1.0090294051103201,0.03468634495552915,-0.008730852766766675,0.0003143969093449134,29.266690492630005,1790364362.2050738,0.0,0.0
52.28719358259594,-8.201102159521747,689.1098656027809,1.0643642631603343,0.8232673906267185,-0.1304305837024311,-1.7667111103120752,-0.35682698226394216,1.1474234736700937,0.006070464843484877,-0.0026458666122117364,0.0003143969093449134,29.275249242782593,1790364362.2136326,0.0,0.0
52.92368208008848,-10.230498695938627,697.1034491833515,1.0357484005657018,0.8125775561276944,-0.11628710067071332,-1.7955870040934712,-0.575389107200957,1.6093160244175084,-0.031097288675390578,0.008537351091117959,0.00047885599362514075,29.285468101501465,1790364362.2238514,0.0,0.0
53.430931817289,-12.434617397309792,704.4702974405851,1.0135464380741301,0.818333620863523,-0.11201116398194855,-1.89297311054543,-0.9129355415884545,2.3104608700810565,0.0049192512592347165,-0.0010012757658465488,-0.001823571188698997,29.296993017196655,1790364362.2353764,0.0,0.0
53.74294477977708,-15.025159383302546,711.109633990786,1.0498918729059572,0.8347795200374402,-0.09276944912038834,-2.02013889282387,-1.152225375977145,2.994123640263065,0.028930277179974394,-0.01037544362558046,-0.0070862619106073915,29.307051181793213,1790364362.2454345,0.0,0.0
53.79988915573122,-18.11950696886084,716.9372333077196,1.0508786267884327,0.8416867976595399,-0.09523633561945091,-2.112627014557492,-1.2169339148487115,3.5938377529437533,0.015444632553148069,-0.0046193756313386986,-0.007415180081627032,29.316596269607544,1790364362.2549796,0.0,0.0
53.593877464677746,-21.741196530637144,722.1023328568697,1.0255519437327867,0.8387265358237105,-0.10789968641478756,-2.1271726796469905,-1.1968695316285427,4.282577002306985,-0.013829084437743874,0.0009722332463076439,0.003274660422357384,29.326778888702393,1790364362.2651622,0.0,0.0
53.20114821294577,-25.834517978031336,726.8202192878082,1.029170041321545,0.8377397818776976,-0.08240852589339473,-2.074074294079092,-1.1570101793639902,5.13090778741329,0.02712122730113104,-0.010704361797662043,0.006563842093483832,29.33645725250244,1790364362.2748406,0.0,0.0
52.73107098566838,-30.270888815984932,731.1022100967739,1.0395309571264062,0.8531989269899031,-0.084217575972628,-1.9982492425804201,-1.020629407915832,6.044899040892104,0.049652121024916895,-0.021887579711868582,-0.013006789005211766,29.345840215682983,1790364362.2842236,0.0,0.0
52.234878300800915,-34.85552874269967,734.8600323761401,1.0337748927935475,0.8505675831473056,-0.07040301181674272,-1.9011264249364817,-0.6345851468063609,7.059350035134588,0.024818800178077922,-0.01613151165237854,-0.012348952659665388,29.356930255889893,1790364362.2953136,0.0,0.0
51.69855799881475,-39.33980133191825,738.0597712332705,0.9798323466409933,0.8336283070986606,-0.07138976639279457,-1.7066242472744868,0.048287511383301646,8.400572199218228,0.040935789933333744,-0.03520876591852795,-0.03356417501924669,29.36672282218933,1790364362.3051062,0.0,0.0
51.101503879839996,-43.45840151169427,740.5292352586762,0.9712804794965514,0.8296812913047069,-0.06398910709670946,-1.355786517063644,0.6044004772442164,10.400092210229111,0.1422425771733901,-0.08717783974595528,-0.06711382990377618,29.37628722190857,1790364362.3146706,0.0,0.0
50.4447434124993,-47.00325068663515,741.8118996699766,0.9916733934228746,0.8272144064304423,-0.06004208882834189,-0.8996204502097405,-0.1822931594696909,13.850945416559446,0.25177230785352195,-0.15049459488186,-0.10658401359705419,29.386035442352295,1790364362.3244188,0.0,0.0
49.723651719086995,-49.91430145003002,741.4141122669296,0.953683368191118,0.7994208366818766,-0.037182275001236914,-0.43794054095211293,-3.8989038161229614,20.438130153126767,0.27282306578010157,-0.17976831689401285,-0.0708963891046438,29.396608591079712,1790364362.334992,0.0,0.0
48.85700065971778,-52.308521376003256,738.8900366867471,0.8520477140590813,0.7415312702623778,0.014128959897267784,0.0019016402161059123,-11.212707601598034,32.26195650318246,0.302590152571385,-0.21446919084215077,-0.0388268659064743,29.40513586997986,1790364362.3435192,0.0,0.0
47.61149396050089,-54.382984398414436,733.4078016677412,0.7907045100103653,0.7032123234917689,0.009195187422823596,0.4881340994804586,-20.82970111139806,50.73964971817421,0.44764301924837197,-0.2889691760297437,-0.033893093198886656,29.415671586990356,1790364362.354055,0.0,0.0
45.65236766640715,-56.26951101996428,723.5793382061084,0.7777122494416463,0.6777211782605165,0.008537351091117959,1.1373684413192424,-29.89367629229711,76.29851386107191,0.6050302978013653,-0.37432347176804676,-0.044911852279461706,29.42574644088745,1790364362.3641298,0.0,0.0
42.757535477221936,-57.98926796124978,708.1434867190683,0.7489319251410848,0.6374287222367768,0.013142205404261247,2.0846351053526764,-35.49012630781788,109.06229178992184,0.6869308823804217,-0.4294172897850445,-0.030439452318054436,29.436545610427856,1790364362.374929,0.0,0.0
38.98130670906697,-59.51966776090946,686.6720902355548,0.6426914104175917,0.5667113483635181,0.020871782241029056,3.4147230190290485,-35.8218925993273,149.12670446002284,0.7002520614809797,-0.4662561433965474,0.028272440860756698,29.446463108062744,1790364362.3848464,0.0,0.0
34.611844146595374,-60.823572266457326,659.3215070144438,0.5272411849737224,0.49303370928113827,0.028601359020417202,4.962755343560111,-30.384571321667707,195.81650095880994,0.7551813670197745,-0.5011214886261823,0.09668741588357205,29.456269025802612,1790364362.3946524,0.0,0.0
30.01841691667196,-61.79609202359149,626.1724802290437,0.4994476110283044,0.4527412489921965,0.03452188587666529,6.140607256840398,-19.71265458150489,247.1007943302314,0.8416867976595399,-0.5386181824731238,0.11691588123324609,29.465760231018066,1790364362.4041436,0.0,0.0
25.54571622391475,-62.277653693464366,587.3177036085468,0.4644178396319773,0.4011011146568675,0.028930277179974394,6.106357471997239,-5.267788954047282,300.05256937137915,0.8617507944607994,-0.5412495294810307,0.10326577863932562,29.477582454681396,1790364362.4159658,0.0,0.0
21.485065814603676,-62.15292541053026,543.4717896091254,0.38432629355806625,0.3210095650540454,0.04406051240836854,4.24061884075176,10.731121590761612,351.558159766214,0.8351084380198557,-0.5331910292990054,0.12760572049788227,29.486053228378296,1790364362.4244366,0.0,0.0
18.0352498177988,-61.36647835252527,495.8920593350694,0.26492903159855635,0.23631315727688887,0.026463390980776207,0.4586739073813409,25.876317695701445,398.486592534238,0.8454693544449675,-0.538453723285442,0.17118737184771443,29.496596813201904,1790364362.4349802,0.0,0.0
15.21907063921063,-59.813864759455946,445.5043060635827,0.1721741261989104,0.1729964214909394,0.05540818868772713,-4.906569303868669,38.328015073840064,437.9214993615206,0.8862551837995354,-0.574141367878729,0.18894895004276094,29.506035804748535,1790364362.4444191,0.0,0.0
12.814955736446741,-57.252198565700496,392.51597607263983,0.15276795713878216,0.14109136373381564,0.04159362624463435,-11.371822941179845,47.2809892526344,468.0907732811363,0.9426646162056489,-0.6169007600374242,0.19799419809545557,29.515307188034058,1790364362.4536905,0.0,0.0
10.415972080180094,-53.347310947212094,337.2490912657314,0.1503010712180374,0.1294147702095668,0.027943522700992866,-18.39109046197121,52.962549811870765,489.3627985694996,0.9967716218866871,-0.6568643481220202,0.20013216580700707,29.52609348297119,1790364362.4644768,0.0,0.0
7.66761423768837,-47.82200676255473,281.22353898529275,0.11050197762558929,0.08879338052487057,0.020542864078933562,-25.30949886468871,56.26320006346881,504.33257346663277,1.0942957974075629,-0.7078467066418692,0.17579222547953038,29.53663730621338,1790364362.4750206,0.0,0.0
4.505602825915202,-40.625007895001424,227.11297045642664,0.07349868685533543,0.055079270536403095,0.008537351091117959,-31.381891321037507,58.17527064970071,516.9535424266932,1.1641908629906426,-0.7428765229436699,0.15737281084340443,29.546433210372925,1790364362.4848166,0.0,0.0
1.201479649835599,-32.06141371212772,177.62251249942545,0.056723861292011096,0.04751415302794876,0.0019589877509610526,-35.9299055582072,59.345405303037616,531.2597213023712,1.1776764990835087,-0.7589935282450417,0.17694343888466477,29.555882930755615,1790364362.4942663,0.0,0.0
-1.7794896503864606,-22.78366934375926,134.57120767423706,0.045047266872253286,0.03929119915329056,0.010346401002299867,-38.592757474499884,60.03749532854505,550.0268881087572,1.126365298191569,-0.76294055001138,0.19799419809545557,29.565818548202515,1790364362.504202,0.0,0.0
-4.0182328345008065,-13.62635145512168,98.86286026616737,0.03254837692829252,0.03287729508661202,0.017582600615394336,-39.516707780647785,60.44523326424101,573.7876377290924,1.1215959878304593,-0.7782352595796992,0.21920941598850532,29.57585072517395,1790364362.514234,0.0,0.0
-5.331722393071823,-5.390869345166478,70.83225281469281,0.02761460454112568,0.027779063621072193,0.00903072833993649,-39.31480303058103,60.93596842996508,600.8887630355616,1.1776764990835087,-0.8117849463405962,0.23253059912780233,29.586369276046753,1790364362.5247526,0.0,0.0
-5.786955695366861,1.3297457902129677,50.358928744117,0.03254837692829252,0.02185853672669224,0.005577087593249583,-38.81898548479976,61.87613896354337,628.8216090471639,1.3159864973909983,-0.855366649893685,0.24470056878372512,29.595893621444702,1790364362.534277,0.0,0.0
-5.591495765873315,6.222257847610191,36.71923383778127,0.024654341097665705,0.006070464843484877,0.013471123568701227,-38.793259894706054,63.19439442826301,655.8512741222611,1.3174666281621525,-0.8535575979886532,0.22989925432160627,29.60641360282898,1790364362.544797,0.0,0.0
-4.990328440485383,9.231557067344502,28.49972724216625,0.019391650510780734,0.005248169426294705,-0.009553148195841563,-39.72200050972259,64.24547390009478,681.3828542267975,1.2807922768020297,-0.8487882793547448,0.2190449569364978,29.61567735671997,1790364362.5540607,0.0,0.0
-4.203235716884873,10.521235570828352,23.857890877703053,0.023503127534054695,-0.0010012757658465488,0.007715055675896115,-41.70033666947551,64.23932162223299,704.8968937140002,1.2182978661948085,-0.8343158644093177,0.21032862714830644,29.62685251235962,1790364362.5652359,0.0,0.0
-3.3900024352706604,10.418039310818376,21.077712690499393,0.031561622452715946,0.00820843292510788,0.002781283170781204,-44.43215740528109,62.836873773583335,725.0657738078436,1.1906687582224764,-0.8353026199633168,0.1999677067524076,29.636728763580322,1790364362.575112,0.0,0.0
-2.632072392445227,9.326964998548076,19.022154777494634,0.011826532745456128,0.001301151414630844,-0.008566393681031348,-47.33580328401317,60.388229798599596,740.1911144147152,1.1826102683794368,-0.8458280126345269,0.19881649336958018,29.646965503692627,1790364362.5853488,0.0,0.0
-1.9379236050904298,7.6597400838101315,17.128450687455384,-0.007415180081627032,-0.012020034487051912,0.007715055675896115,-49.75581240666417,57.69736616493246,749.3256323058157,1.1720848938774058,-0.8369472125567115,0.2022701335147516,29.65673303604126,1790364362.5951164,0.0,0.0
-1.309480222427996,5.795742869168157,15.087076917332439,0.0016300695828486422,-0.005277211971894319,-0.00938868910997348,-51.21264238720709,55.53771127159799,752.8116404486179,1.1702758451333142,-0.8175410202244732,0.19092245871465252,29.6662700176239,1790364362.6046534,0.0,0.0
-0.7902901417735059,4.047977950341351,12.714536384098388,0.038633362840556074,0.007057219343246532,0.011826532745456128,-51.53279400319093,54.223038447659725,751.8465600041781,1.1689601733191357,-0.7930365917604973,0.16987169937816032,29.676793813705444,1790364362.6151772,0.0,0.0
-0.4135388727213268,2.611291715366914,10.160653528916182,0.04455388964042575,0.014128959897267784,0.0009722332463076439,-50.80712722678764,53.45174086765512,747.6868259140392,1.1497184730075158,-0.7724791860444127,0.1729964214909394,29.686363697052002,1790364362.624747,0.0,0.0
-0.14398756874602148,1.548334233616511,7.963567574161553,0.009853023754110027,0.0009722332463076439,-0.007908557338355424,-49.30786521153604,52.48411278250494,741.1350149009721,1.130312313659835,-0.7611314983655422,0.1741476348988121,29.695662260055542,1790364362.6340456,0.0,0.0
0.09266218378812352,0.8617261868145245,6.634360114823983,-0.003797080206239617,-0.00938868910997348,0.00820843292510788,-47.44462682508086,50.54449083890232,732.492756902335,1.071600458270257,-0.749125973932369,0.16970724031936213,29.706143140792847,1790364362.6445265,0.0,0.0
0.3092751642258013,0.5596458416306065,6.229265956960049,0.010017482836866154,-0.004783834716437896,0.00903072833993649,-45.68231313113801,47.23165832638986,721.8620859951137,1.050220790866807,-0.7489615146950704,0.16428009136603622,29.716673851013184,1790364362.6550572,0.0,0.0
0.4082854795839124,0.6316193382375423,6.424067987887304,0.021200700403020648,-0.003961539291206531,0.01708922337065142,-44.37719085234215,42.71338451577027,709.5976754049219,1.054332265375356,-0.7522506994487953,0.15062998934110844,29.725887298583984,1790364362.6642706,0.0,0.0
0.2695913753801999,0.9895811786760721,6.84808881557583,0.021694077645813277,-1.452125929465864e-05,0.018898273266896665,-43.62899000025485,37.599053006967274,696.6697025906175,1.053016593533037,-0.7504416478322261,0.14158474092234663,29.736403465270996,1790364362.6747868,0.0,0.0
-0.12942293339119507,1.4686483664878363,7.224132461211652,0.01478679622541667,0.010017482836866154,-0.004290457461219699,-43.26963950955036,32.61272527625146,684.5391832634959,1.0285122053965539,-0.7331734281038443,0.1325394924320346,29.746461868286133,1790364362.6848452,0.0,0.0
-0.6797896688710635,1.9119681342275026,7.352114070852109,0.004754792175665309,0.004754792175665309,0.008043973842063519,-43.002749240020314,28.303014636541132,674.4581174372995,1.0265386976209474,-0.7331734281038443,0.13632205090035768,29.75698471069336,1790364362.695368,0.0,0.0
-1.2156307272256026,2.2436404167733426,7.139989046884536,0.005906005760099364,0.000807774162106506,0.025147718338824676,-42.59377171479652,24.91547390191971,666.8849942586444,1.0472605292182666,-0.7425476044722088,0.13780218247149614,29.766526222229004,1790364362.7049096,0.0,0.0
-1.6462888996867016,2.4439639601684675,6.661955002571907,0.006892760260018546,-0.003961539291206531,0.034357426797775724,-41.985907209173234,22.420257502419638,661.6361473785031,1.0574569859993037,-0.7486325962205956,0.14076244560801005,29.776007652282715,1790364362.714391,0.0,0.0
-2.0136925796294265,2.498233766559487,6.1091595914528165,-0.0019880302733486926,-0.007744098252752754,0.027943522700992866,-41.29175716258542,20.642084115791462,658.4271562211018,1.0373929903751207,-0.7534019141164581,0.14191365904791564,29.786547899246216,1790364362.7249312,0.0,0.0
-2.424766817964308,2.405164647771267,5.606924467251143,-0.0016591121040756968,-0.0070862619106073915,0.029259195339428307,-40.69919659343917,19.406427532167015,657.118773819999,1.0275254515088696,-0.7565266396530697,0.1373088052813303,29.79651403427124,1790364362.7348974,0.0,0.0
-2.9573929100294234,2.2067255927461256,5.093655031746536,-0.00017898034365401716,-0.001165734850364225,0.020542864078933562,-40.352218440450045,18.594291760294066,657.5961639303271,1.0337748927935475,-0.7621182538081108,0.12744126143304021,29.80606985092163,1790364362.7444532,0.0,0.0
-3.6120168400666053,1.9795540299276284,4.432105463631166,0.0016300695828486422,-0.0003434394280397435,0.026463390980776207,-40.27527143075848,18.069487342068808,659.6689870566988,1.0656799349993438,-0.7716568898292131,0.12990814740316076,29.81703519821167,1790364362.7554185,0.0,0.0
-4.311750537768911,1.8054996451476506,3.6134872735602794,-0.0028103256969935486,-0.0028103256969935486,0.02284529121142099,-40.40316801658449,17.57521538201069,663.1565607889839,1.0804812431626765,-0.7764262078917288,0.13829555966144846,29.826589107513428,1790364362.7649724,0.0,0.0
-4.943648266554477,1.7573086029936171,2.8057552288983874,0.0019589877509610526,-0.00017898034365401716,0.011333155497972841,-40.675398457234046,16.754727167379997,667.8978805624529,1.0477539061598296,-0.7677098680105939,0.13369070588024806,29.83612871170044,1790364362.774512,0.0,0.0
-5.403170857285109,1.8832503839249402,2.2063642657000035,-0.006099507398184642,-0.008730852766766675,0.020542864078933562,-41.07065310926299,15.329230160258184,673.5084523606268,1.0456159394126512,-0.7708345936150441,0.12152073508276741,29.846816778182983,1790364362.7852,0.0,0.0
-5.616580266822273,2.165680612219354,1.839732159456956,-0.014651379870942047,-0.008401934595322555,0.02284529121142099,-41.5510525497199,13.24438280646586,679.2720443487717,1.0589371168204122,-0.7820178222161734,0.1160935859009859,29.8570454120636,1790364362.7954288,0.0,0.0
-5.565277373319996,2.4949077612240984,1.5030132879152767,0.005248169426294705,-0.0036326211212991677,0.038468903762308375,-42.02897039982087,10.602511285007877,684.4994241997518,1.057785903959592,-0.7839913331656391,0.11691588123324609,29.866581916809082,1790364362.8049653,0.0,0.0
-5.317842708843729,2.716944138252623,0.9858315435716842,0.004590333092069618,0.000807774162106506,0.02564109557975061,-42.41959132738338,7.496672798360778,688.9123771151702,1.043642431645086,-0.7787286373136502,0.10671941907046151,29.87645936012268,1790364362.8148427,0.0,0.0
-5.020251623600595,2.7233815535451416,0.3221721537784546,-0.0028103256969935486,-0.0013301939349083108,0.020871782241029056,-42.68779756015592,3.98237668166912,692.5654987488533,1.0393664981455764,-0.7790575558031576,0.10606158279869209,29.885839700698853,1790364362.824223,0.0,0.0
-4.823715425274808,2.5042875102949513,-0.27365908661165605,-0.00938868910997348,-0.00823747550964031,0.03254837692829252,-42.834531811222845,0.17246318097875346,695.544770203161,1.0388731212030486,-0.7831690369359698,0.1083640097481828,29.89638614654541,1790364362.8347695,0.0,0.0
-4.812291108315258,2.129825269914168,-0.6691717366506552,-0.01448692078424911,-0.0033037029514975946,0.020707323159994295,-42.88223478759277,-3.738151024955084,697.8691231086725,1.043642431645086,-0.7874449773415731,0.101127810747996,29.905466079711914,1790364362.8438494,0.0,0.0
-4.9735520663827355,1.686858679326295,-0.9144044032186434,0.0049192512592347165,-0.002316948442727368,0.028765818100208708,-42.874266658211475,-7.570607030397403,699.6067626013704,1.0467671522766473,-0.7936944287541209,0.09438498890980133,29.914983987808228,1790364362.8533673,0.0,0.0
-5.216188454048199,1.2378906526560916,-1.089966050351286,0.009359646505684487,0.003110201338524965,0.007715055675896115,-42.86004388833389,-11.254478416545506,700.9892460859288,1.0490695780037245,-0.7986282062275513,0.09750971123018232,29.926515579223633,1790364362.864899,0.0,0.0
-5.425964426885092,0.8411011332920719,-1.166246425379003,-0.02320325241578497,-0.00889531185252855,0.017747059696923237,-42.880275865285064,-14.808627214854136,702.3880504837151,1.0531810525133483,-0.7997794209767541,0.09504282518851237,29.936028242111206,1790364362.8744116,0.0,0.0
-5.517623010130374,0.5940057859011986,-1.115905615559473,-0.008401934595322555,-0.002974784781801798,0.01083977825025411,-42.96386573014272,-18.243483738386313,704.1640107909989,1.040682169992036,-0.8001083394769021,0.09175364379102535,29.945565938949585,1790364362.8839493,0.0,0.0
-5.458046082674935,0.6284327990211152,-1.024771949294169,0.005412628509785272,0.0001499378250383182,0.023503127534054695,-43.13402358836388,-21.49400213071135,706.4863870149377,1.0311435490958876,-0.8025752282333403,0.09783862936865488,29.956000089645386,1790364362.8943834,0.0,0.0
-5.2630363388736825,1.0339479023440512,-0.9391534112878214,0.0003143969093449134,0.002287905918968103,0.016431387043962832,-43.4293206680198,-24.44800978532703,709.2518352759647,1.0395309571264062,-0.8073445465224767,0.10326577863932562,29.966023921966553,1790364362.9044073,0.0,0.0
-4.977720134251627,1.779016385264721,-0.7614918832489587,-0.0010012757658465488,-0.0046193756313386986,0.028601359020417202,-43.91667719371953,-27.02003149826224,712.1964617049592,1.0477539061598296,-0.8104692723172238,0.10359469677608724,29.97643756866455,1790364362.914821,0.0,0.0
-4.67236826408422,2.706865577421713,-0.40851596258711165,-0.007908557338355424,-0.005277211971894319,0.027285686381155104,-44.66213065341917,-29.173328230489105,715.0705806227533,1.0373929903751207,-0.8025752282333403,0.10277240143400028,29.985909700393677,1790364362.924293,0.0,0.0
-4.445636745323869,3.59850091470808,0.05283300324267341,0.0024523650029321387,0.0034391195061634766,0.026463390980776207,-45.67865317162091,-30.88737324670589,717.6177092470687,1.0168356177102313,-0.7950101027433671,0.09800308843785442,29.9964599609375,1790364362.9348433,0.0,0.0
-4.388484241389339,4.257602015180424,0.5210404487692337,0.025476636499467853,0.011004237332853176,0.033206213244828524,-46.89866312180837,-32.15686005447369,719.4065741523978,1.0071325377757976,-0.7871160588478384,0.09306931635120011,30.005934238433838,1790364362.9443176,0.0,0.0
-4.538972076535038,4.586145127192716,1.0855430906531338,0.027285686381155104,0.012648828157405347,0.023338668453435164,-48.18404298855449,-33.05271634201016,719.8575243354413,1.0079548326864312,-0.7871160588478384,0.08928675773645092,30.015398740768433,1790364362.953782,0.0,0.0
-4.8790474850834515,4.616304211668266,2.047226711544323,0.037317690213856475,0.019885027754430754,0.029259195339428307,-49.36348632072387,-33.75524582825318,718.5513225961276,0.9864107059690015,-0.7800443112726728,0.09389161170051016,30.026259899139404,1790364362.9646432,0.0,0.0
-5.352533415509104,4.432374832517085,3.7258759112247573,0.06823599651064452,0.03945565823141012,0.038468903762308375,-50.28782359175616,-34.46202452458519,715.4661171724705,0.9568080888968143,-0.7644206831798512,0.09339823449099786,30.0366268157959,1790364362.9750102,0.0,0.0
-5.86099421959967,3.9569830051923813,6.433141792491532,0.12184965321415409,0.07892583624652637,0.02021394591673413,-50.87504031112446,-35.24268321551386,710.8825198442044,0.9400332724424889,-0.7545531287861235,0.09257593914131906,30.046728372573853,1790364362.9851117,0.0,0.0
-6.2125013378258345,2.8106088539630916,10.771040464628017,0.1940471807717968,0.1292503111449877,0.0009722332463076439,-51.11122457118314,-36.020841552569884,705.169330836942,0.9367440927355525,-0.7456723299576602,0.08994459401821282,30.056321144104004,1790364362.9947045,0.0,0.0
-6.102677427262818,0.538796260031628,17.92108473485852,0.2590085059302414,0.1713518309063048,-0.011855575400785079,-51.023231322598214,-36.70036463783597,698.6785938152094,0.9285211434535359,-0.7351469389072869,0.09602957960584256,30.06683039665222,1790364363.0052137,0.0,0.0
-5.247786139159585,-2.9066390423747155,29.472546273245854,0.30308352969479724,0.19750082093070997,-0.011033279969849943,-50.66763539285179,-37.27126654151958,691.6305069821102,0.9064836392716944,-0.7136027796177032,0.08550419910865703,30.076573133468628,1790364363.0149565,0.0,0.0
-3.590822854046074,-6.909912080658097,46.70481778573119,0.33219277965174704,0.21707144831067807,-0.01596705256544556,-50.1158663537951,-37.78870688536485,683.9027005602114,0.8696448259488723,-0.6864670074452207,0.07300530963660815,30.086100101470947,1790364363.0244834,0.0,0.0
-1.3812671709484248,-10.39693928723444,69.79966712665993,0.3701828167920315,0.2407535516110839,-0.013006789005211766,-49.39217327465803,-38.27946583223425,674.917976915375,0.8221161776828243,-0.6509438164096597,0.057546156668866685,30.09669256210327,1790364363.035076,0.0,0.0
0.9229427823646091,-12.295732039260967,97.64381097089765,0.4280723952336683,0.27742791903016695,-0.01053990271160797,-48.41573307136167,-38.68561897637054,663.7827202582517,0.7666934967516512,-0.6154206271890529,0.048336448411906915,30.10614275932312,1790364363.044526,0.0,0.0
2.8539259024624424,-11.927826600738678,128.40062965997868,0.4887577747687659,0.31607579387836415,-0.040306997723506974,-47.02161628602105,-38.87945880470635,649.6014889923314,0.7375842543170585,-0.5904228284378942,0.037317690213856475,30.116655349731445,1790364363.0550387,0.0,0.0
4.162035256528903,-9.171700125812766,160.33893414559006,0.5344773816638906,0.3412380266851811,-0.07155422548890031,-45.045706734991604,-38.717052048374995,631.8525848024782,0.723276321456114,-0.5715100207521616,0.02958811349877897,30.12645387649536,1790364363.0648372,0.0,0.0
4.971362941909269,-4.410390219119171,192.2358609148929,0.5537190863482553,0.3562037989182331,-0.09918335403115741,-42.40560731153239,-38.112910842322584,610.6833383947754,0.6976207174678799,-0.5486501929913054,0.014622337143418589,30.136197566986084,1790364363.074581,0.0,0.0
5.726667690919761,1.6532680913505156,223.21667284378944,0.5864464297214494,0.373636456480523,-0.07928380303723143,-39.1364476385397,-37.10108362695897,586.8997951215438,0.6635777039947415,-0.5285861720916505,0.024654341097665705,30.146148443222046,1790364363.0845318,0.0,0.0
6.922124582350565,8.223434812710119,252.51642017625912,0.6250942967561806,0.4048836723286732,-0.08767121704239303,-35.400191446614954,-35.819819433484675,561.6423717075601,0.6351262961531319,-0.5076998558312595,0.02761460454112568,30.1566960811615,1790364363.0950794,0.0,0.0
8.82272925793017,14.585899042715436,279.5596580521938,0.6652222940307789,0.4262633459421088,-0.10839306372190693,-31.478900380799065,-34.42708828147857,536.0457615435085,0.6104574450810355,-0.4917473154584703,0.023832045695215992,30.166184186935425,1790364363.1045675,0.0,0.0
11.39965969837046,20.173455870074132,304.1415653409003,0.6680180970889279,0.43481521530108547,-0.12023411916981738,-27.708781084470598,-33.02332361914409,511.0724362125001,0.5839795445637067,-0.4723411327788847,0.011004237332853176,30.17674207687378,1790364363.1151254,0.0,0.0
14.429267177838044,24.57660857187752,326.3283793016738,0.6796946862897126,0.4450116748577889,-0.1106954911585192,-24.357484962183698,-31.650344345491064,487.4356041861895,0.5496076110066028,-0.4465210430292238,-0.0013301939349083108,30.18627405166626,1790364363.1246574,0.0,0.0
17.57680860106848,27.584194270701644,346.2120576909822,0.7104485195006557,0.4632666264742341,-0.08948026713149304,-21.5221949629601,-30.375438889578934,465.5188079569742,0.5254321357962803,-0.4223455457649187,-0.018762857046937906,30.195518732070923,1790364363.133902,0.0,0.0
20.42981005516625,29.233781021427703,363.89251990901886,0.7341306153591477,0.4744498399705398,-0.06990963452909119,-19.107439837473564,-29.365857856497172,445.3251792793913,0.48908669280858585,-0.3998146408226666,-0.034057552288747184,30.206011295318604,1790364363.1443946,0.0,0.0
22.554004356740275,29.813355470622135,379.58988821081664,0.7388999262996094,0.4818504959168253,-0.08553324875965246,-16.899508159036355,-28.839091896508407,426.4870402745713,0.4548792162990649,-0.3739945534629618,-0.02649243418309001,30.216542959213257,1790364363.1549263,0.0,0.0
23.632086166115304,29.7909827697717,393.5826012034923,0.7528789410664672,0.4936915453589498,-0.10017010863662795,-14.722419581958848,-28.914545612987325,408.357654884613,0.43432183822401105,-0.3550817511456313,-0.005935048312873614,30.22608971595764,1790364363.164473,0.0,0.0
23.643907001355583,29.655747275391125,406.0838062659751,0.7762321184862887,0.5066838078406526,-0.12154979200652227,-12.586855889385259,-29.496192893610072,390.25503780814455,0.4088306890192054,-0.3351821943988491,0.010017482836866154,30.235547304153442,1790364363.1739306,0.0,0.0
22.91726692152615,29.721183310859985,417.2816578351921,0.7828104782808153,0.5070127258768105,-0.08997364442911021,-10.704078250589065,-30.253662941179588,371.71427427839495,0.3603152747780237,-0.3032771209459668,0.006399383010177104,30.246604681015015,1790364363.184988,0.0,0.0
21.946127108415162,30.027154367812322,427.4229208916654,0.7890599200688418,0.5221429554686124,-0.09244053092099233,-9.336194432137024,-30.710189332966348,352.4529157588902,0.31952943370325393,-0.2713720487054097,-0.0072507209961039515,30.255351543426514,1790364363.193735,0.0,0.0
21.14021438371438,30.409849404951572,436.8051113883807,0.8216228007067113,0.5369442668920401,-0.09490741741920941,-8.59289486331398,-30.45652322353253,332.2177157549704,0.3177203842722832,-0.2567351860665403,-0.03274187957061962,30.265881299972534,1790364363.2042646,0.0,0.0
20.72858813718404,30.660971649293415,445.76069596923656,0.8265565704635747,0.5418780373375185,-0.12368776037008808,-8.32175016368875,-29.421698925275276,310.91298875722237,0.2902557244257332,-0.2351910403858017,-0.047543197749591676,30.276413202285767,1790364363.2147965,0.0,0.0
20.824616778719097,30.663137789259473,454.6254131302187,0.849087452234719,0.5611197419384981,-0.1470409535823864,-8.180549306334473,-27.982088820382412,288.8168523265436,0.25374581642402294,-0.20969987633342974,-0.03816902954405403,30.285709142684937,1790364363.2240925,0.0,0.0
21.52576189659275,30.45397767397151,463.68903063497123,0.8892154455846214,0.5834861675317496,-0.13668002976112714,-7.858690614368541,-26.738343409896512,266.48509024487254,0.22726790950979003,-0.19144491413912273,0.0001499378250383182,30.29618811607361,1790364363.2345715,0.0,0.0
22.9056866891972,30.200141275113975,473.24486038880985,0.9013854106697353,0.5956561342804346,-0.11710939618999938,-7.287012269749745,-26.059122439976527,244.47039423840138,0.1915802949378896,-0.16973631093034672,0.02958811349877897,30.306551218032837,1790364363.2449346,0.0,0.0
24.868790111313047,30.09125879901574,483.65014832176035,0.9434869111312031,0.6218051166144437,-0.10444604527211712,-6.6547665097950235,-25.724288649284944,223.15350167616435,0.1800681609786442,-0.15263256331181108,0.011826532745456128,30.316087245941162,1790364363.2544706,0.0,0.0
27.062795225723853,30.216368024424405,495.2992000838518,0.9844371981718513,0.6482830165939886,-0.11826060991820242,-6.1933942354086895,-25.017863682988942,202.7779520826057,0.17595668453747565,-0.14325839407869237,-0.034222011378634745,30.326631546020508,1790364363.265015,0.0,0.0
29.03331955159505,30.504411785282517,508.57688565424183,1.00696807879365,0.66982714612447,-0.14539636249192764,-5.912067964982108,-23.326510009045613,183.57912692470154,0.14076244560801005,-0.11908290543920691,-0.06777166628548328,30.33613157272339,1790364363.274515,0.0,0.0
30.523064359150492,30.782833701447935,523.7696968122711,1.0485762010623105,0.7010743564843953,-0.16759834246056915,-5.5434153365334575,-20.76952213752738,165.7649113030372,0.13780218247149614,-0.10806414551713223,-0.0539571023623298,30.345887660980225,1790364363.284271,0.0,0.0
31.621530306588642,30.908573500615972,540.9496304989631,1.0707781633719686,0.71571120749165,-0.1442451487303426,-4.767961609401423,-18.18941831576984,149.3888354807406,0.1091863050861323,-0.09605863112054835,0.0009722332463076439,30.35647463798523,1790364363.294858,0.0,0.0
32.586505339137666,30.84809181573074,559.9605954465763,1.1268586751252494,0.7481096301557638,-0.11250454129120521,-3.530006749602804,-16.380152277671677,134.3358319636911,0.09454944797951592,-0.07698137567597879,0.04471834871772711,30.365925073623657,1790364363.3043084,0.0,0.0
33.52631524334923,30.640197180483874,580.5044619308393,1.1375485086780945,0.7622531038618786,-0.10576171808689486,-2.152899053274249,-15.252186054071853,120.39487990171467,0.08435298561064643,-0.07188314368119506,0.030903786135149533,30.376535654067993,1790364363.314919,0.0,0.0
34.32476179540772,30.302105883780275,602.1576162599605,1.1572835859572166,0.7806725113495899,-0.14852108556629626,-1.1110730328805378,-13.840673948986598,107.34346877631445,0.059355206495725794,-0.05083237959708066,-0.029617156871990916,30.385924339294434,1790364363.3243077,0.0,0.0
34.898087863447415,29.786119601659205,624.2917931717378,1.1743873195510357,0.7990919186948361,-0.19292504619507567,-0.6490379285002477,-11.265412823514023,95.01556900123828,0.06774261928951548,-0.04852995230269096,-0.04441847500458912,30.396474599838257,1790364363.334858,0.0,0.0
35.4402041375327,29.02133062512176,646.1120220693616,1.196753740343314,0.8071504093647184,-0.16743388334771664,-0.6209736834132482,-7.6657972135966945,83.32576067824498,0.03797552652741145,-0.03570214318883974,-0.01728272526165686,30.406089782714844,1790364363.3444731,0.0,0.0
36.2950786211015,28.00919862705658,666.8436756398347,1.2128707199929734,0.8176757848943759,-0.13026612459618736,-0.6877064524853524,-4.0533855426927605,72.27575880934009,0.041264708089035214,-0.027643647804186267,0.028765818100208708,30.415778875350952,1790364363.3541622,0.0,0.0
37.582482374031386,26.890623518597533,685.8416488340825,1.1980694121526159,0.810768507208008,-0.12434559679062418,-0.64291637827525,-1.2289653198679829,61.926971334455644,0.019062732348217364,-0.020900825185056912,0.055572647763351184,30.426388025283813,1790364363.3647714,0.0,0.0
39.07222015217765,25.882048974715147,702.5317148822207,1.2030031814356152,0.818333620863523,-0.17565683902666612,-0.5877984144297614,0.9759970307059433,52.3281979803342,0.024489882017227578,-0.011855575400785079,0.031726081532043114,30.436236143112183,1790364363.3746195,0.0,0.0
40.46700324558215,25.127190516566763,716.3758189750902,1.2026742634835066,0.8191559158247179,-0.18075507158494897,-0.8205119927741835,3.2573042137757855,43.451299428217645,-0.007908557338355424,0.004590333092069618,-0.01728272526165686,30.446414470672607,1790364363.3847978,0.0,0.0
41.68038775991716,24.63900404465463,727.0148963143768,1.205470066076019,0.8189914568325002,-0.15542836818922307,-1.5071958047047245,5.7544684580657,35.17035373833264,0.010017482836866154,0.0001499378250383182,-0.04376063863847353,30.45630645751953,1790364363.3946898,0.0,0.0
42.7560457436353,24.380124592387094,734.3999169729166,1.1780054170366738,0.8041901474890324,-0.13388422494022736,-2.4362911511639735,7.635918839931852,27.34355975544956,-0.005770589227589051,-0.0010012757658465488,-0.02945269778285907,30.46580410003662,1790364363.4041874,0.0,0.0
43.64316391457178,24.33391674901548,738.7012861781843,1.1691246322959215,0.8010654266164193,-0.15411269530467878,-3.129890676066435,7.84873589526583,20.006933991988557,0.018075977859902913,-0.0028103256969935486,0.008701810174083675,30.475321292877197,1790364363.4137046,0.0,0.0
44.20606560615541,24.44440231838308,740.1424421586096,1.1567902090259827,0.7926780179387201,-0.1694073927039012,-3.2446101183293323,6.180651226227811,13.483741030175551,-0.005770589227589051,-0.0014946530194787921,0.040277953621623716,30.48581099510193,1790364363.4241943,0.0,0.0
44.40796854514627,24.533941788758515,738.9577359540226,1.1378774266332616,0.7816592653180859,-0.1480277082380633,-2.8939821864205726,3.5084440725100055,8.23280911891068,0.007715055675896115,-0.004454916546265966,0.02300975029211831,30.495441436767578,1790364363.4338248,0.0,0.0
44.33232661165322,24.373628871165042,735.4179256962291,1.1211026108963225,0.7691603816867477,-0.12434559679062418,-2.5429329475824214,1.0547317327500279,4.543380202879477,-0.0072507209961039515,0.006234923926844119,-0.020900825185056912,30.505823850631714,1790364363.4442072,0.0,0.0
44.01619055779521,23.857285967116145,729.8386835908708,1.0990651077928133,0.7607729728967267,-0.13470652047491688,-2.5393161958332726,-0.5320755475441877,2.34742448567112,0.010675319167628865,-0.004290457461219699,-0.0330707977499894,30.51647138595581,1790364363.4548547,0.0,0.0
43.397826076030775,23.07290812573469,722.6119555809946,1.1026832053235127,0.7583060879526928,-0.13339084761976117,-2.7893487246189705,-1.4011175717784052,1.3209737112329913,0.011826532745456128,-0.0021524893580248255,-0.012348952659665388,30.52593684196472,1790364363.4643202,0.0,0.0
42.463938245877074,22.192401500188762,714.2500768112159,1.0794944892865552,0.7479451711586637,-0.14095596656225265,-2.9316704490451877,-1.987712311519651,1.14599556014727,0.00409695584112478,-0.0026458666122117364,0.00903072833993649,30.536571741104126,1790364363.474955,0.0,0.0
41.365093598811626,21.31542185850004,705.334930471896,1.0727516711276186,0.7471228761729831,-0.14901446289479234,-2.7652792384574068,-2.467293888022852,1.6191126494925125,0.006892760260018546,-0.003797080206239617,0.011662073662987854,30.545669078826904,1790364363.4840524,0.0,0.0
40.35209203838406,20.41655624133768,696.3882058107889,1.0658443939791935,0.743504778232419,-0.1299372063837865,-2.4416825013842143,-2.698958031135173,2.5378286411943165,-0.012348952659665388,0.003274660422357384,0.015773550716857272,30.55646061897278,1790364363.494844,0.0,0.0
39.60240290491437,19.41107826316971,687.8504668470985,1.0709426223516378,0.7471228761729831,-0.12352330126502592,-2.268940463096829,-2.5125570502237493,3.5845309528653626,0.008537351091117959,-0.0006723575968903689,0.0019589877509610526,30.565624952316284,1790364363.5040083,0.0,0.0
39.113463032808234,18.279842481540467,680.2038964231557,1.0775209815337057,0.7510698921015199,-0.13569327511750023,-2.3855493274988566,-1.9382129470462037,4.404609333976521,0.00903072833993649,-0.00017898034365401716,-0.025834597828769443,30.575500011444092,1790364363.5138834,0.0,0.0
38.791384303819626,17.1432159519024,674.0030458424121,1.0566346910984767,0.745149368206125,-0.15477053174671607,-2.6321593792641695,-1.2158588653301994,4.810283370700434,0.0017945286669180244,0.001301151414630844,-0.021065284272791904,30.585954666137695,1790364363.524338,0.0,0.0
38.61499536248177,16.197620864680644,669.6628014773213,1.0645287221402313,0.7489319251410848,-0.13536435690318985,-2.729241134977317,-0.6604458417394125,4.847019666718472,0.011004237332853176,-0.0041259983761998825,0.005577087593249583,30.595720291137695,1790364363.5341036,0.0,0.0
38.63479137064992,15.579338202994336,667.245404702345,1.067324524797577,0.7553458260163501,-0.12253654663525687,-2.561955381767899,-0.49945495411375046,4.682229647677926,-0.0034681620363851695,0.001301151414630844,0.005906005760099364,30.6052348613739,1790364363.5436182,0.0,0.0
38.82427936067192,15.279694531723226,666.5391070484749,1.0763697686775018,0.7622531038618786,-0.12089195558794019,-2.253726008044228,-0.7473836491770237,4.472428487054214,0.00047885599362514075,-0.0003434394280397435,0.0003143969093449134,30.61581516265869,1790364363.5541985,0.0,0.0
39.03026243241992,15.136677415257942,667.3213311231189,1.0984072718778695,0.7778767084366289,-0.11957628275215362,-1.99507747100815,-1.1840845037121623,4.299317425704319,0.015280173471254342,-0.004454916546265966,0.013635582650882036,30.625357151031494,1790364363.5637405,0.0,0.0
39.10643106633305,14.869239133936688,669.5213312266025,1.0893620280387983,0.7759032004960835,-0.13635111154646887,-1.8918585256149756,-1.4955443903446919,4.202606142583891,-0.0031392438666364847,0.001301151414630844,-0.003797080206239617,30.636929512023926,1790364363.5753129,0.0,0.0
39.06686741594392,14.176480063151923,673.1276401351763,1.079987866224641,0.774916446525193,-0.15263256331181108,-1.9438836522018355,-1.4953159916130254,4.191013517498978,-0.007579639167176647,0.00409695584112478,-0.030274993228787822,30.64596462249756,1790364363.584348,0.0,0.0
39.08640143275897,12.910945567478027,677.9591860373934,1.1023542873662797,0.785441822193545,-0.1271414015830404,-2.0620532011052353,-1.2555472095284608,4.190825422649169,0.011004237332853176,-0.002974784781801798,-0.0070862619106073915,30.656476736068726,1790364363.59486,0.0,0.0
39.331703031223526,11.196168273779612,683.6182654849531,1.0998874026863752,0.7826460192861736,-0.11250454129120521,-2.1251918094685065,-1.0410338754408128,4.111186447084459,0.005741546676687609,0.0003143969093449134,0.0101819419195961,30.665674686431885,1790364363.604058,0.0,0.0
39.80410419825969,9.3524922607463,689.6150131599697,1.0827836688728456,0.7805080523548009,-0.13733786619079183,-2.0779912738150355,-1.065501474499442,3.9573163598448526,-0.006099507398184642,0.0024523650029321387,0.000807774162106506,30.67626976966858,1790364363.614653,0.0,0.0
40.38983120298666,7.6860901380135305,695.4149366940021,1.0974205180052965,0.7884020840919191,-0.14358731229579252,-1.9653165514426634,-1.273115413975607,3.7954803353186524,0.00886626925702319,-0.0046193756313386986,0.009524105588519197,30.68596124649048,1790364363.6243446,0.0,0.0
41.030721294071355,6.311507066432803,700.5114350561208,1.1039988771522364,0.7910334279985359,-0.14638311714585261,-1.891204742864644,-1.400642466087206,3.6998623887338105,0.009853023754110027,-0.002974784781801798,0.0029457422546662476,30.695469617843628,1790364363.633853,0.0,0.0
41.76965617541893,5.1325973968743925,704.6097733828865,1.0813035380592906,0.785441822193545,-0.1398047528061714,-1.9509038428062166,-1.2728595089741426,3.751985835988807,-0.007415180081627032,0.0019589877509610526,-0.01974961157166169,30.706004858016968,1790364363.6443882,0.0,0.0
42.63511868371567,3.993581246750172,707.6476599174962,1.072916130107219,0.7834683142592688,-0.12023411916981738,-2.1421163163293464,-0.9847591123733429,3.9572781326184163,0.006070464843484877,-0.0016591121040756968,-0.01251341174601206,30.71650004386902,1790364363.6548834,0.0,0.0
43.533159795891315,2.841695719054104,709.6600574611366,1.0926512076185113,0.7921846409567819,-0.12500343321162058,-2.3498304581761973,-0.7908350513040182,4.2041356550710605,0.023174209372789703,-0.00823747550964031,0.009688564671327705,30.725701570510864,1790364363.664085,0.0,0.0
44.289241002152245,1.7165336421342758,710.8069066003178,1.0993940257502537,0.7962961158032131,-0.14588973981875877,-2.4745187096834123,-0.8651655786129663,4.409487121786775,0.016431387043962832,-0.005935048312873614,0.008701810174083675,30.735979080200195,1790364363.6743624,0.0,0.0
44.803461739410224,0.6298599401777232,711.4484589806459,1.069298032554686,0.7852773631990839,-0.13487097958194164,-2.5458877056255202,-1.1515767554847702,4.597283964807174,-0.010704361797662043,0.0029457422546662476,0.002287905918968103,30.747060298919678,1790364363.6854436,0.0,0.0
45.119027872242754,-0.4810225641268666,711.9440733091067,1.0567991500786542,0.7821526423021807,-0.12483897410632833,-2.669447267280867,-1.4116608024293713,4.741604916479019,-0.01448692078424911,0.004261414924799353,-0.003797080206239617,30.756584882736206,1790364363.6949682,0.0,0.0
45.32231628920578,-1.7197425233418058,712.4042779794717,1.0794944892865552,0.7887310020804029,-0.11168224577592009,-2.8817327957736913,-1.4029460266711142,4.695555940872948,0.016431387043962832,-0.0062639664835221764,0.006892760260018546,30.765795946121216,1790364363.7041793,0.0,0.0
45.43825788227615,-3.2070784977146722,712.7962696730623,1.081961373976482,0.7893888380572361,-0.10987319564480244,-3.0802251592885073,-0.9812990835530899,4.471753248568319,0.04669185764335403,-0.022052038799764306,-0.0006723575968903689,30.776305198669434,1790364363.7146885,0.0,0.0
45.463412097098335,-5.068633372095922,713.1617343991365,1.053838888434532,0.7767254954715107,-0.13075950191500527,-3.1169661520819503,-0.1104350038451932,4.503607290198191,0.027285686381155104,-0.01695380708744383,0.011990991827898256,30.786821842193604,1790364363.7252052,0.0,0.0
45.474244400916135,-7.388208573753394,713.5009625458428,1.0214404691962002,0.7645555298057856,-0.12483897410632833,-2.968236971943488,1.1588202732395756,5.394418995419244,0.034357426797775724,-0.033399715929467236,0.035344181270727505,30.79647159576416,1790364363.734855,0.0,0.0
45.64444597298495,-10.153001979901552,713.513347932862,1.019466961417149,0.7615952678774839,-0.11266900039434785,-2.7605720548430863,2.8165408382136183,7.510028824632213,0.09964767912850336,-0.061851138866039185,0.009688564671327705,30.806010723114014,1790364363.744394,0.0,0.0
46.12262537423352,-13.254828237110702,712.6800273809844,1.0255519437327867,0.7564970389920496,-0.11382021411714577,-2.5955249201159574,4.925631677547069,11.183581347822487,0.17727235700021066,-0.11842506902234601,-0.022874334239644994,30.81649661064148,1790364363.75488,0.0,0.0
46.92719975884256,-16.54995627492116,710.627258065626,1.0165066997467445,0.7492608431351293,-0.12681248337173587,-2.4152826223454866,7.2150566631221835,17.31680549701335,0.23910896111878924,-0.1595398459655453,-0.061851138866039185,30.825648546218872,1790364363.764032,0.0,0.0
47.979435287822746,-19.906753615168817,707.2564651434013,0.9783522157905393,0.7193293054779639,-0.12631910605499516,-2.1018423933771597,8.593507567817161,27.39637157870326,0.2692049667862904,-0.18848465003451925,-0.06316681162282295,30.83605146408081,1790364363.7744348,0.0,0.0
49.16888956361151,-23.165920890725957,702.4553947078078,0.9257253406928221,0.6908778984191428,-0.1146425096342869,-1.6391386599820725,7.464916768906034,42.71284239313903,0.29995880791006,-0.2050950209699683,-0.04112929317836418,30.84593367576599,1790364363.784317,0.0,0.0
50.340843071582654,-26.06316029707118,695.7737469417386,0.8878997736805105,0.6693337691149388,-0.10905090013179797,-1.111180933404339,2.9267539933091506,63.56794143695031,0.33120602542627,-0.2254879520467335,0.0019589877509610526,30.856448650360107,1790364363.794832,0.0,0.0
51.26989896193131,-28.245561878948664,686.4824549557919,0.8538567629501536,0.640553443345872,-0.10033456773763877,-0.6309094607204966,-4.259007196453501,89.09947985603165,0.3691960625937613,-0.2534460034852782,0.03567309942817249,30.865516901016235,1790364363.8039002,0.0,0.0
51.684890825993705,-29.400691850855083,673.924788156526,0.8127420151203286,0.6065104288792258,-0.08701338064719882,-0.36980378323126456,-11.871546257190364,117.63150691912229,0.4048836723286732,-0.27630582268491555,0.038468903762308375,30.876023054122925,1790364363.8144064,0.0,0.0
51.31366874669311,-29.396506754443053,657.7416266383569,0.7752453645155357,0.5723029547706505,-0.0690873390502264,-0.602235895581475,-17.395348928164893,147.22559518122554,0.46195095429290833,-0.31051332306526624,0.0560660249900715,30.886534214019775,1790364363.8249176,0.0,0.0
49.92500515998011,-28.33285891713135,637.8688762150088,0.7453138272034293,0.5459895126977801,-0.057410743324909835,-1.6226290718629308,-19.233508811373458,176.24459838401555,0.5052036766771183,-0.3386358364442449,0.05836845204509053,30.89604640007019,1790364363.8344297,0.0,0.0
47.39188949980374,-26.484499696851536,614.5435844337385,0.7040346184940263,0.5191826931681267,-0.06020654792254029,-3.5761460482216183,-17.200191179064042,203.74527653130468,0.5553636764821619,-0.36938969720586073,0.06363114243798963,30.90655755996704,1790364363.844941,0.0,0.0
43.77711453096826,-24.19008570118047,588.3780237950753,0.667360261075598,0.49615843064834,-0.052312511432018996,-6.347682673290895,-12.178850049419882,229.5534062606761,0.5908868229968351,-0.3994857225070972,0.08336623118281483,30.91564440727234,1790364363.8540277,0.0,0.0
39.364334126743714,-21.760855465454952,560.3472144630123,0.6377576402485,0.47477875801333647,-0.04474739318781028,-9.621378694581635,-5.470786202017841,254.03967620429486,0.612924330202884,-0.4169183934206598,0.08599757632171912,30.925214052200317,1790364363.8635974,0.0,0.0
34.57109007796396,-19.443759001370932,531.6249434754518,0.5986163964501472,0.4479719372968748,-0.03537322500860482,-13.044567390019234,1.651605802679323,277.73114495436107,0.6512432786808601,-0.4384625438576607,0.0718540961253703,30.936420440673828,1790364363.8748038,0.0,0.0
29.797867903783462,-17.40860211271039,503.30388596547226,0.5616131189767226,0.42198741124421796,-0.02238095697563615,-16.308911259573524,8.126264252426056,300.95296884276223,0.6525589507180284,-0.44339631885071307,0.07168963705223638,30.94645643234253,1790364363.8848398,0.0,0.0
25.314425558343295,-15.727134938407461,476.12986017847476,0.531681578400943,0.4001143604799919,-0.007744098252752754,-19.1257622264386,13.188355001535538,323.6004254509234,0.6629198679799455,-0.4493168488838537,0.07103180075945065,30.955747365951538,1790364363.8941307,0.0,0.0
21.23144966748538,-14.367912191284692,450.4549486029335,0.509315152128056,0.38251724421214367,-0.0006723575968903689,-21.22422907270364,16.44742084225357,345.09021443804335,0.6826549483299178,-0.46461155167990476,0.0641245196610018,30.96626901626587,1790364363.9046524,0.0,0.0
17.55012016834505,-13.232652892924197,426.40216984694996,0.4841529222041468,0.3632755373895451,-0.0036326211212991677,-22.423739287894577,17.91278603741227,364.6156363142273,0.7038701594936004,-0.4756303162490013,0.07316976870954221,30.976784706115723,1790364363.915168,0.0,0.0
14.252077808749608,-12.211873753192775,403.99622075679184,0.45010990461041295,0.34041573150280785,-0.01333570717814471,-22.73775762349553,17.912330001449234,381.58418841466363,0.7158756664911601,-0.4874713768592709,0.0891222986659488,30.98629403114319,1790364363.9246774,0.0,0.0
11.37053462203786,-11.224336328230246,383.13382411349966,0.41771147653398455,0.31952943370325393,-0.010868820883742691,-22.4219687990535,16.93915666592639,395.8627518706478,0.7247564524460673,-0.49273407052326235,0.08649095353455868,30.99550461769104,1790364363.933888,0.0,0.0
8.994217033319911,-10.237814680489125,363.5257760489206,0.39649626182569,0.30324798873589354,-0.007579639167176647,-21.875332147573225,15.530082269784879,407.70657313314064,0.7344595333553715,-0.5049040497620472,0.08188609953939503,31.006016731262207,1790364363.9444,0.0,0.0
7.2159101598083435,-9.280552725176607,344.78866154753695,0.3862998019328169,0.2895978882546917,-0.007415180081627032,-21.440350841973405,14.190130801945338,417.58808902246074,0.7625820218540056,-0.5169095700155704,0.08040596789396631,31.016526460647583,1790364363.9549098,0.0,0.0
6.075334736953255,-8.425282536826836,326.6520453733529,0.35686163505661833,0.2690405077408736,-0.0072507209961039515,-21.284196484586122,13.275389353308263,426.1331322118788,0.7849484452101282,-0.5340133252319107,0.08797108517174325,31.025991678237915,1790364363.964375,0.0,0.0
5.528950612301726,-7.740324018174823,309.0471929345358,0.33153494350150897,0.25111447166266615,-0.008401934595322555,-21.43760562010095,12.869579694657842,434.1141164727414,0.805176901447986,-0.5443742540651539,0.08846446238369367,31.035512924194336,1790364363.9738963,0.0,0.0
5.456427281426326,-7.247224895338138,291.9907365408922,0.30949743228236015,0.23384627152879683,-0.007908557338355424,-21.888004497029254,12.815406096939618,442.3042046495445,0.805670278427316,-0.5512815400351891,0.10129226981670632,31.046542644500732,1790364363.984926,0.0,0.0
5.691656213769044,-6.913372395677594,275.46256639865584,0.29338044623364057,0.22019617030008518,-0.007415180081627032,-22.62675884119586,12.909751490079383,451.22089985451436,0.8372464049045527,-0.5724967759235026,0.11181765016349422,31.055778741836548,1790364363.994162,0.0,0.0
6.057670899726649,-6.675374921827565,259.4299854707816,0.28005926373707973,0.20835511850832586,-0.00823747550964031,-23.64575520281105,13.06278876175533,461.03899456288065,0.8553368938601352,-0.5813775725262269,0.10622604186667095,31.06629490852356,1790364364.0046782,0.0,0.0
6.405354817776916,-6.477604253690741,243.9302324676622,0.26180430972150287,0.19667852565568245,-0.012348952659665388,-24.902649575057737,13.274763096293999,471.72717833694406,0.8754008905615621,-0.5953566044377929,0.09833200657618005,31.075427293777466,1790364364.0138106,0.0,0.0
6.645200772537487,-6.298001480281818,229.0850147222915,0.2521012259488207,0.18335734212126598,-0.003797080206239617,-26.28962780027068,13.506584964146171,483.16187526810495,0.8878997736805105,-0.6044018605260997,0.09948322005954859,31.08569836616516,1790364364.0240817,0.0,0.0
6.7429798080731915,-6.148248252458183,215.04234859475937,0.23088600862458772,0.1729964214909394,-0.007744098252752754,-27.652959918757524,13.622945882782476,495.1064070276268,0.8885576096326402,-0.6129537391153117,0.10195010609130334,31.096301317214966,1790364364.0346847,0.0,0.0
6.697020925112643,-6.059168434690214,201.9013179190819,0.22118292461086794,0.16247104170931484,-0.01053990271160797,-28.84913483537121,13.480417220513885,507.189501707182,0.9262187176507746,-0.6312087110650731,0.10491036932215855,31.105650901794434,1790364364.0440342,0.0,0.0
6.528200966728475,-6.054458300724974,189.67408251306384,0.20819065945484883,0.15046553027958467,-0.009882066367657413,-29.789296546696093,13.055446127206704,519.0477240798652,0.9441447470714985,-0.6443654478994929,0.1119821092306233,31.116496801376343,1790364364.0548801,0.0,0.0
6.2689285609602265,-6.123497143696895,178.29952566817065,0.19174475399364213,0.13977569123002506,-0.006757343739693791,-30.456978126314333,12.47643612035054,530.5256476353379,0.9477628447407797,-0.6501215203424892,0.10852846881582126,31.12558341026306,1790364364.0639668,0.0,0.0
5.94577734600674,-6.214322988832717,167.65755311687687,0.17793019323102688,0.12875693395110704,-0.005770589227589051,-30.892308923418874,11.94042478098092,541.657919812388,0.97029372559394,-0.6654162273514008,0.10096335167926125,31.13556218147278,1790364364.0739455,0.0,0.0
5.562519200879655,-6.240744353748694,157.57914508962295,0.16707589537544526,0.11971168535842124,0.0003143969093449134,-31.147263404318394,11.58156852031861,552.5083931264056,0.9873974598671766,-0.6764349949762767,0.09997659726633953,31.145663738250732,1790364364.084047,0.0,0.0
5.0844397492239795,-6.0915208165702595,147.88918893692386,0.14684743092011493,0.10721279627403314,0.006399383010177104,-31.261075881266276,11.393948009357837,563.1136292492907,0.9972649988344292,-0.6894272734477754,0.11033751855824207,31.15615701675415,1790364364.0945404,0.0,0.0
4.441489496931604,-5.653707691402127,138.44696350290198,0.14158474092234663,0.09833200657618005,0.015280173471254342,-31.28245861726582,11.284031834870454,573.5132638529834,1.020289256325205,-0.7075177881875884,0.11214656829772812,31.167268991470337,1790364364.1056523,0.0,0.0
3.558846974534365,-4.8575369498194085,129.17463274336015,0.13911785497756138,0.09372715263069731,0.0073861375096237886,-31.28873183931198,11.194845018649593,583.8047062921548,1.0518653806706866,-0.7242926295604145,0.11510683150147691,31.176521062850952,1790364364.1149044,0.0,0.0
2.4126518152311807,-3.7167038965769277,120.09077673524762,0.1202050625562589,0.08287285396856464,0.0003143969093449134,-31.368229625000016,11.161362275740242,594.2029950973389,1.0594304937606736,-0.7362981535453227,0.12053398068803034,31.18662714958191,1790364364.1250105,0.0,0.0
1.0896119440019438,-2.3261751837391014,111.26265611638914,0.09767417029943085,0.07037396446626476,-0.0034681620363851695,-31.596003414491097,11.248939200413403,604.9751377429781,1.0684757376559924,-0.7468235446138995,0.11576466776791283,31.19701385498047,1790364364.1353972,0.0,0.0
-0.21673971304714112,-0.820556506045355,102.6868985536948,0.09454944797951592,0.06560465132868092,0.0019589877509610526,-32.01060327321051,11.450287949572457,616.255251036123,1.0901843229339288,-0.7611314983655422,0.107541714409626,31.20668125152588,1790364364.1450646,0.0,0.0
-1.2955863064651865,0.6662824700774366,94.29128743993127,0.0891222986659488,0.060177501870561194,0.0021234468349777408,-32.58596127636732,11.63062446881166,627.9847194112292,1.1202803160059984,-0.7774129633572745,0.10819955068052003,31.2158944606781,1790364364.1542778,0.0,0.0
-2.0165043293591953,2.0224700949643775,86.06028501621235,0.07777462274157,0.050145498254376086,0.004261414924799353,-33.236001808803906,11.570280213421807,640.0338478624657,1.125049626368213,-0.7864582218608674,0.11231102736480876,31.2265202999115,1790364364.1649036,0.0,0.0
-2.361331902506326,3.1765746854681054,78.07191907386964,0.06790707836325023,0.045540644103851224,-0.0070862619106073915,-33.871407471233915,11.101980758267745,652.2593539543818,1.1238984135225287,-0.7927076732639354,0.12382316200045627,31.235841035842896,1790364364.1742244,0.0,0.0
-2.384900292718669,4.1178002372752,70.42340801210342,0.06445343780955086,0.04159362624463435,-0.012184493573345348,-34.46678319096725,10.25048650779163,664.4035183043299,1.1327791983261446,-0.8022463097319384,0.13138827898265362,31.246492624282837,1790364364.184876,0.0,0.0
-2.155954783816634,4.8991901430154075,63.20006392333548,0.05886182927052176,0.0371532311354036,-0.01053990271160797,-35.07003437629103,9.243325689944854,676.0667135509348,1.1528431935747707,-0.8132650796201027,0.11691588123324609,31.25579571723938,1790364364.194179,0.0,0.0
-1.7448246522917308,5.618528352327081,56.505047541721005,0.0491587437952289,0.031232704293984295,-0.0016591121040756968,-35.726898701663806,8.355237570488178,686.8832848348504,1.166822206620565,-0.8186922350074338,0.10606158279869209,31.266318798065186,1790364364.2047021,0.0,0.0
-1.248304945133418,6.384870079887934,50.4439457929256,0.04241592163318464,0.025147718338824676,-0.0024814075274563335,-36.40287499187989,7.7044124332576835,696.6742038693981,1.1590926347047579,-0.8181988572430552,0.1119821092306233,31.27577829360962,1790364364.2141616,0.0,0.0
-0.7838244365427148,7.276828311053866,45.05113571816374,0.0363309357427542,0.020378404997846843,-0.01251341174601206,-37.005756044517504,7.183890767069843,705.3668956721622,1.1546522423235404,-0.8170476424609788,0.11576466776791283,31.28630304336548,1790364364.2246864,0.0,0.0
-0.44188037978520833,8.317134424627515,40.25003877014039,0.03271283600746514,0.018075977859902913,-0.015309216217980426,-37.46730331707481,6.601356741487972,712.831351702862,1.1536654884606379,-0.8213235830905259,0.1160935859009859,31.295789003372192,1790364364.2341723,0.0,0.0
-0.24815315254840145,9.466756747193225,35.88509550598994,0.02366758661464831,0.01083977825025411,-0.002316948442727368,-37.77292108000197,5.890169354816356,718.8835164140698,1.1564612910718064,-0.8244483089532231,0.11165319109634092,31.30633306503296,1790364364.2447164,0.0,0.0
-0.1779733202068801,10.593723256306404,31.766324351174546,0.013635582650882036,0.003274660422357384,0.0101819419195961,-37.94049481495439,5.153304275371527,723.4357549310276,1.1546522423235404,-0.8259284422619267,0.1119821092306233,31.31585669517517,1790364364.25424,0.0,0.0
-0.20781940437145097,11.437416364668428,27.690344049571646,0.008043973842063519,-0.0005078985124518653,0.011333155497972841,-38.005371284927556,4.500430791357385,726.5934336228636,1.1525142756203945,-0.8242838496969117,0.10803509161283298,31.326078414916992,1790364364.2644618,0.0,0.0
-0.34838275292131177,11.67326178886968,23.487448866434065,0.0067283011767643175,0.0001499378250383182,0.013800041733036728,-38.00698037119499,3.902318027338042,728.5948350256998,1.1439624088006384,-0.8188566942623111,0.1014567288853922,31.336549043655396,1790364364.2749324,0.0,0.0
-0.6335317500664585,11.083136738286985,19.118275087822926,0.006399383010177104,-0.0003434394280397435,0.014128959897267784,-37.968441139052636,3.2273630924645733,729.6635811242392,1.1408376882289586,-0.8167187239521931,0.10606158279869209,31.346074104309082,1790364364.2844574,0.0,0.0
-1.0771011808363145,9.687619311152746,14.733022812176506,0.0073861375096237886,0.0001499378250383182,0.013800041733036728,-37.90036144172367,2.3862948506188904,729.9160668079002,1.131463526504242,-0.8112915685815165,0.11296886363288913,31.355364561080933,1790364364.293748,0.0,0.0
-1.6303464990295664,7.732433593725143,10.616818437499633,0.007221678426448289,-0.001165734850364225,0.013471123568701227,-37.8233169934064,1.4221805792373006,729.3747842160418,1.1222538237425748,-0.8066867095149848,0.10573266466266139,31.365737438201904,1790364364.3041208,0.0,0.0
-2.189107028026375,5.569777623677119,7.069147367397619,0.007715055675896115,0.0006433150778790003,0.013635582650882036,-37.7549092094982,0.4790818530751823,728.0214234197911,1.1153465466615065,-0.8017529319801493,0.09570066146683065,31.376265048980713,1790364364.3146484,0.0,0.0
-2.6505312495051916,3.5384129583699875,4.308503179545423,0.005248169426294705,-0.0003434394280397435,0.011662073662987854,-37.66731379881979,-0.2940715551535013,725.8570683889043,1.1115639901610694,-0.7994505024767731,0.09997659726633953,31.38580322265625,1790364364.3241866,0.0,0.0
-2.961706529892409,1.8934438717405198,2.4271145812848895,0.005248169426294705,-0.000836816681355268,0.01741814153383941,-37.49024920129992,-0.8264019333376594,722.9658595417241,1.102189828387656,-0.7950101027433671,0.09750971123018232,31.39643430709839,1790364364.3348176,0.0,0.0
-3.1276282923010523,0.768697528634148,1.3781301524332332,0.003274660422357384,-1.452125929465864e-05,0.020378404997846843,-37.16292369539171,-1.144376675245562,719.5248983379879,1.0954470102595817,-0.7918853770232591,0.08813554424241807,31.40596103668213,1790364364.3443444,0.0,0.0
-3.190048301083323,0.15953426687368294,0.9976576641160984,0.006234923926844119,-0.0005078985124518653,0.019556109592023405,-36.66642039770797,-1.3274995789931672,715.7588746787976,1.0954470102595817,-0.7927076732639354,0.09126026658055382,31.416682720184326,1790364364.355066,0.0,0.0
-3.203676935574741,-0.048227514600055754,1.0610596177091751,0.001301151414630844,-0.0006723575968903689,0.015609091635015705,-36.03320435216078,-1.4729727855141626,711.923571453155,1.1002163206437632,-0.7932010510088409,0.09767417029943085,31.42626714706421,1790364364.3646505,0.0,0.0
-3.2228099907253545,-0.0020901662980643866,1.342905923218264,0.0009722332463076439,-0.0003434394280397435,0.014457878061394425,-35.35363662218379,-1.689190221730217,708.3151055169706,1.0903487819129385,-0.7913919992793526,0.092740398211304,31.43700909614563,1790364364.3753924,0.0,0.0
-3.28632681202491,0.18609737614541566,1.6671068385962213,0.005906005760099364,0.0001499378250383182,0.017582600615394336,-34.742467987515035,-2.0536336332585017,705.210018935521,1.0855794715194476,-0.7892540290600837,0.08764216703031955,31.445592403411865,1790364364.3839757,0.0,0.0
-3.400884300437568,0.452077606606892,1.9387641594297225,0.0021234468349777408,-0.0003434394280397435,0.018404896022778477,-34.27662018896685,-2.561141710433197,702.7714370599117,1.0931445845552825,-0.7945167249970873,0.09290485728126435,31.456512689590454,1790364364.394896,0.0,0.0
-3.5410912869144275,0.7505520602890654,2.119785795975132,0.0026168240868698345,-0.001823571188698997,0.01511571438933454,-33.975751412567135,-3.1436025580686406,701.0659959492942,1.0969271410689392,-0.7969836137322378,0.09010905308859168,31.46589732170105,1790364364.4042807,0.0,0.0
-3.6710930153413552,1.0405328790102415,2.1782255818149574,0.002781283170781204,-0.0013301939349083108,0.01708922337065142,-33.82500351822924,-3.7343651404233547,700.1523104766219,1.095282551280738,-0.7961613174861455,0.08830000331306821,31.476305723190308,1790364364.414689,0.0,0.0
-3.769889701714718,1.2941707846658832,2.0892623130063654,-1.452125929465864e-05,-0.0005078985124518653,0.018240436941353716,-33.79385199278802,-4.304442900723278,700.0684105121703,1.0898554049758928,-0.7959968582370521,0.0955362023972879,31.486327171325684,1790364364.4247105,0.0,0.0
-3.8362428498296084,1.4973169824626589,1.8676765874691583,0.002781283170781204,-0.0005078985124518653,0.018898273266896665,-33.84959050401842,-4.846208896879463,700.7258648078779,1.0877174382481307,-0.7941878064997758,0.09734525216090928,31.49704647064209,1790364364.4354298,0.0,0.0
-3.8755233622196132,1.636994127804444,1.5727695662326333,0.0021234468349777408,-0.0005078985124518653,0.018075977859902913,-33.95717410031355,-5.318042816455028,701.8675192621912,1.0880463562063079,-0.7941878064997758,0.08797108517174325,31.50685214996338,1790364364.4452355,0.0,0.0
-3.8920016611352826,1.6966474691966107,1.282214735336219,0.0016300695828486422,-0.000836816681355268,0.015938009798672763,-34.04825854927374,-5.612387833015995,703.1552496696835,1.0914999947658566,-0.7950101027433671,0.08254393582560726,31.515774965286255,1790364364.4541583,0.0,0.0
-3.890001673835987,1.6650573699992643,1.0532362038869554,0.000807774162106506,-0.0013301939349083108,0.018404896022778477,-34.01268702359419,-5.618973163105787,704.3115848304684,1.0914999947658566,-0.7986282062275513,0.08336623118281483,31.525530099868774,1790364364.4639134,0.0,0.0
-3.876602780950899,1.5470325210564697,0.9012929494556299,0.003274660422357384,-0.0006723575968903689,0.019556109592023405,-33.75982241216275,-5.336081261752669,705.212592865001,1.0929801255763643,-0.8030686059857566,0.08451744468186503,31.53592300415039,1790364364.4743063,0.0,0.0
-3.863041686495477,1.3675220653579712,0.8167367516192261,0.0021234468349777408,-1.452125929465864e-05,0.018240436941353716,-33.285851993890255,-4.889754147242371,705.8974754910917,1.0934735025131035,-0.8056999540050038,0.08961567587738117,31.546932220458984,1790364364.4853156,0.0,0.0
-3.8603550287738577,1.1694661699213842,0.7901363247412849,0.0009722332463076439,-0.001165734850364225,0.019062732348217364,-32.670609790560626,-4.425939940280713,706.5275093926971,1.103505500216504,-0.8122783241000535,0.09504282518851237,31.55657982826233,1790364364.4949632,0.0,0.0
-3.8739135144547743,1.0042737971262967,0.8112129223425646,-0.0005078985124518653,-0.001165734850364225,0.01659584612567406,-32.02592571731989,-4.0022233785576855,707.3493458877982,1.1169911364434917,-0.8190211535172303,0.08780662610104374,31.56527090072632,1790364364.5036542,0.0,0.0
-3.901716704875557,0.914187103084547,0.8528826503983711,0.0014656104987529062,-0.0006723575968903689,0.01791151877842609,-31.44831355251386,-3.5979420893691185,708.6734200365471,1.1253785443240805,-0.823790471928231,0.08435298561064643,31.57668948173523,1790364364.5150728,0.0,0.0
-3.934209970722866,0.9146113606800779,0.8782820076996016,0.003274660422357384,-1.452125929465864e-05,0.018075977859902913,-30.998677859578475,-3.207951236132362,710.8013440717101,1.1184712672468602,-0.8260929015186607,0.0919181028611333,31.586228132247925,1790364364.5246115,0.0,0.0
-3.9563890287449364,0.9896381987510658,0.8744630468099068,0.0019589877509610526,0.0009722332463076439,0.015773550716857272,-30.721791840933736,-2.9020415678144906,713.8722483462476,1.125214085346149,-0.8283953311173755,0.09586512053634888,31.59690761566162,1790364364.535291,0.0,0.0
-3.951573544712239,1.1065877511288684,0.8655767911340475,0.001301151414630844,-0.0006723575968903689,0.01659584612567406,-30.673499302120955,-2.7881189535323734,717.7586583400666,1.1293255597930205,-0.8333291088568461,0.10096335167926125,31.605913400650024,1790364364.5442967,0.0,0.0
-3.9081165457767866,1.2346340678459105,0.8834762149877362,0.0009722332463076439,-0.000836816681355268,0.01659584612567406,-30.90284276466251,-2.906341186910031,722.1334817664413,1.1304767726376213,-0.8336580273741669,0.10589712373068891,31.615915536880493,1790364364.5542989,0.0,0.0
-3.826895312541724,1.347237249667529,0.9355197521968006,0.002287905918968103,-0.00017898034365401716,0.015609091635015705,-31.415064669055162,-3.1642954687820395,726.6073025212769,1.1275165110367578,-0.830862219982345,0.10622604186667095,31.626440048217773,1790364364.5648234,0.0,0.0
-3.720917967332831,1.4170944902492155,1.004780117931123,0.0017945286669180244,-0.000836816681355268,0.018898273266896665,-32.16636394540857,-3.4092771688592056,730.7968064812017,1.1232405776106043,-0.830697760724384,0.09800308843785442,31.63597011566162,1790364364.5743535,0.0,0.0
-3.6103921082471495,1.4222766130593243,1.0750265511859156,0.004590333092069618,0.001301151414630844,0.017747059696923237,-33.07856654281517,-3.5719888116216003,734.3442242461244,1.11814234929059,-0.8267507385460191,0.09898984285253748,31.64685320854187,1790364364.5852365,0.0,0.0
-3.5193136432324343,1.3584418718270574,1.154834725798929,0.0019589877509610526,-0.00017898034365401716,0.018898273266896665,-34.05748797287268,-3.7201975862213,736.9506589875695,1.1179778903124475,-0.8272441163169818,0.11395561803428364,31.656486988067627,1790364364.5948703,0.0,0.0
-3.469067733896894,1.24511131984238,1.2693875466360693,-0.0003434394280397435,-0.0005078985124518653,0.01478679622541667,-35.026258759744174,-3.962132188746965,738.4363549167168,1.1160043825743595,-0.8244483089532231,0.11806709469739708,31.665651559829712,1790364364.604035,0.0,0.0
-3.4667355814374052,1.1193295956888167,1.4127257259289054,-0.0010012757658465488,-0.0028103256969935486,0.015938009798672763,-35.955344372159985,-4.311740648251426,738.7919789209792,1.1092615644638615,-0.8191856127721918,0.11839601282979464,31.675528049468994,1790364364.6139114,0.0,0.0
-3.498581979105125,1.0157533936329652,1.522478164956048,0.003603578589943257,0.0001499378250383182,0.01741814153383941,-36.85905281275324,-4.671796630201432,738.1506046431002,1.0974205180052965,-0.813593998127122,0.11987614442439119,31.68577265739441,1790364364.624156,0.0,0.0
-3.538337606275316,0.9492885440453533,1.5330592075148495,0.005412628509785272,0.0016300695828486422,0.01791151877842609,-37.76971737803088,-4.945241865713781,736.6682023022645,1.0840993407067394,-0.8075090057744543,0.11395561803428364,31.696382761001587,1790364364.634766,0.0,0.0
-3.560223088418897,0.9073414469663942,1.466608601412897,0.01429341897934415,0.008372892008126027,0.019391650510780734,-38.70526612736942,-5.147828108704194,734.424953144179,1.0913355357868846,-0.8068511687667949,0.1083640097481828,31.705149173736572,1790364364.6435325,0.0,0.0
-3.5477129962482064,0.8219660220294698,1.4973360481931028,0.027779063621072193,0.016924764289018353,0.030903786135149533,-39.63720617731085,-5.416023415491265,731.4805710190383,1.088868651101655,-0.8043842799940409,0.11362669990058225,31.715824842453003,1790364364.6542082,0.0,0.0
-3.502875057523459,0.5345526709323912,1.9482994684125552,0.03304175416573314,0.018898273266896665,0.02958811349877897,-40.49609683580915,-5.910335808021799,728.0029347770768,1.0762053096980213,-0.7964902359844572,0.11872493096209583,31.726351261138916,1790364364.6647346,0.0,0.0
-3.446855113603171,-0.15822298261522152,3.1831244286373273,0.045540644103851224,0.025970013740238475,0.026956768221081125,-41.22341182008415,-6.701775122332509,724.2371830043195,1.0581148219198566,-0.7846491701501207,0.11592912683446144,31.736563682556152,1790364364.674947,0.0,0.0
-3.4128157886663897,-1.3657208209076905,5.466759340052279,0.06692032392046558,0.03879782191877813,0.035837558506856444,-41.808044021905594,-7.732558498071453,720.3176495583731,1.0446291855289815,-0.7767551263800787,0.11494237243480754,31.746635913848877,1790364364.6850193,0.0,0.0
-3.461866870734401,-2.9757285856749185,8.965127851586827,0.09586512053634888,0.05968412464573564,0.03041040889670403,-42.277030412565146,-8.875118366542461,716.1516256222943,1.032294761963819,-0.7644206831798512,0.11461345430139627,31.75615930557251,1790364364.6945426,0.0,0.0
-3.696453067623414,-4.628438102171643,13.907073985358187,0.13681542809095085,0.08665541260545578,0.028107981780887706,-42.672712928073416,-10.03202104974797,711.4723094481739,1.0153554868743246,-0.7524151586869103,0.1114887320291634,31.76667094230652,1790364364.7050543,0.0,0.0
-4.204664818673947,-5.829057462675046,20.743621922840934,0.18121937437960303,0.11362669990058225,0.01659584612567406,-43.02981107710257,-11.17834144727884,705.9611396725435,0.9944691961296988,-0.7359692350771098,0.10935076415364936,31.77567481994629,1790364364.7140582,0.0,0.0
-4.945929170975228,-6.16522154141719,30.149878062831018,0.2315438448261366,0.14635405373385024,0.002781283170781204,-43.35815890326721,-12.320504755053959,699.3270291454016,0.971609397464027,-0.7178787195744052,0.11329778176678408,31.786885976791382,1790364364.7252693,0.0,0.0
-5.667649885912643,-5.510109917753552,42.85159225608822,0.2738098200493648,0.17266750337419698,-0.01711826617453699,-43.656069683386804,-13.445741114275785,691.3173568775001,0.9392109775160667,-0.6960056423883519,0.11576466776791283,31.79548692703247,1790364364.7338703,0.0,0.0
-5.945383361504301,-4.080019245754417,59.345888863615265,0.3035769068180245,0.18993570437911572,-0.02879486142660105,-43.9340313677549,-14.51113997995479,681.6817356658759,0.9010564926951182,-0.6675541971752817,0.10967968228861065,31.806406259536743,1790364364.7447896,0.0,0.0
-5.347216643671204,-2.3047350309446624,79.60276421219514,0.32479212294308407,0.2045725602726885,-0.04326726136417265,-44.19610995610936,-15.45467187462612,670.1353852135661,0.872111710784321,-0.6432142334165979,0.10277240143400028,31.81550431251526,1790364364.7538877,0.0,0.0
-3.6121088994522648,-0.6099032196947627,102.88030486312088,0.34403383030154777,0.2154268577867198,-0.04852995230269096,-44.39762981098565,-16.21953537185581,656.4011441585284,0.8380686998597429,-0.6165718416264074,0.09734525216090928,31.827024459838867,1790364364.7654078,0.0,0.0
-0.7403136415072422,0.7367292832119426,127.78550161661148,0.35653271698746475,0.22315643323004505,-0.05773966151245383,-44.43944603293745,-16.78225596356321,640.3227683712231,0.8027100165498656,-0.5889426956445512,0.0891222986659488,31.83654022216797,1790364364.7749236,0.0,0.0
3.0248606410127628,1.6549099123288256,152.56835407553925,0.36804484936156906,0.23022817242268787,-0.06316681162282295,-44.19721360966307,-17.144000778647463,621.9342008875277,0.764391070809868,-0.5637804386231516,0.08583311725072315,31.846607446670532,1790364364.7849908,0.0,0.0
7.288134522332353,2.200061610061326,175.51012000186608,0.37774793228912484,0.23647761632658693,-0.06826504357205426,-43.557917364620224,-17.29077326291355,601.4608036265546,0.7407089752743463,-0.5437164173094968,0.08303731304000614,31.85612440109253,1790364364.7945077,0.0,0.0
11.605361455219276,2.4969557623577816,195.27652979435786,0.3899179006127782,0.24470056878372512,-0.06875842085887446,-42.45896115135178,-17.179051841707224,579.3425207567013,0.7198226824756266,-0.5271060394239463,0.07892583624652637,31.866636037826538,1790364364.8050194,0.0,0.0
15.559039463508592,2.6903634455897887,211.16514269065894,0.4088306890192054,0.2552259478498672,-0.06579815714168982,-40.913441314495536,-16.759660926136345,556.2728649150246,0.6986074714731803,-0.5101667435480624,0.07399206407383804,31.875803470611572,1790364364.8141868,0.0,0.0
18.80848658812639,2.905638919555662,223.2069536115816,0.4229741654063631,0.26476457255258734,-0.062180057055069654,-39.00835640400031,-16.013300743153735,533.1459034326015,0.6790368502801937,-0.49635217243854923,0.07399206407383804,31.886332035064697,1790364364.8247154,0.0,0.0
21.13161153311848,3.216097595371665,232.08921907886537,0.43876223191185215,0.2759477876301625,-0.06398910709670946,-36.88740380156717,-14.974570530798838,510.8927152004959,0.6599596059106638,-0.48286651993331664,0.07152517797907745,31.89556050300598,1790364364.8339438,0.0,0.0
22.46358855598632,3.632652866037673,238.91410445711801,0.456688265556396,0.28745992069650683,-0.06678491171308865,-34.7233470109302,-13.727481617637487,490.29235681461546,0.6454872135078071,-0.47102545939481144,0.06905829187869167,31.9070782661438,1790364364.8454616,0.0,0.0
22.910170256442125,4.12663123804279,244.89911716095696,0.47741010235322934,0.3012744802413811,-0.07056747091268198,-32.68006864825012,-12.37668195573659,471.85518332358765,0.6366064272072216,-0.46444709250843474,0.07020950539290574,31.916593074798584,1790364364.8549764,0.0,0.0
22.711928168857828,4.66607925467246,251.13250711410473,0.4979674798581519,0.3147601215617677,-0.07254098006611776,-30.88139372008515,-11.015798309471577,455.8190292504959,0.6236141656931109,-0.45375724643848714,0.07004504631952169,31.925684690475464,1790364364.864068,0.0,0.0
22.173793152074836,5.230241014918256,258.4233303644064,0.5201694472688778,0.3297258940867038,-0.07615908019114087,-29.398044008504495,-9.713892201032268,442.18160106325735,0.6093062320230469,-0.4420806455161641,0.06544019225459485,31.936204195022583,1790364364.8745875,0.0,0.0
21.594046608931112,5.7992267169554585,267.2406449888534,0.540891283249574,0.3433759941570346,-0.0776392120643506,-28.241438810561306,-8.525054057234172,430.7025237121145,0.5959850522995299,-0.43336430973108775,0.06247992891674742,31.9463369846344,1790364364.8847203,0.0,0.0
21.21226017012499,6.341549196586109,277.7263058477241,0.5652312172527587,0.35949297960703946,-0.07977718032963962,-27.361531617509954,-7.501181804432896,420.9234287603585,0.5767433480813013,-0.42004311749307516,0.05902628834561501,31.955859899520874,1790364364.8942432,0.0,0.0
21.177415021967555,6.812269134462021,289.7642659149925,0.587433183783595,0.373636456480523,-0.08158623040395288,-26.665236073148048,-6.692468398203566,412.2457407359687,0.5649022992279751,-0.4100111086730381,0.05836845204509053,31.966407775878906,1790364364.904791,0.0,0.0
21.535456685647727,7.164123429933903,303.07671786036053,0.6101285270645406,0.3889311464282416,-0.08438203507090802,-26.057803717763516,-6.137022535178927,404.0551454299617,0.5509232831170038,-0.3993212633493636,0.059519665570743334,31.97552800178528,1790364364.9139113,0.0,0.0
22.24338737307054,7.362902264777412,317.30762963748924,0.6310148209968586,0.4019234098037505,-0.08717783974595528,-25.480342984383512,-5.841039897329379,395.8492131668978,0.5318460374165395,-0.3871512857713773,0.05787507481943201,31.985674619674683,1790364364.924058,0.0,0.0
23.209531136910304,7.39359388327587,332.0769032047993,0.6509143606714296,0.41639580431295947,-0.09276944912038834,-24.913116181028084,-5.7612996254650986,387.292345718113,0.5162224308623313,-0.3731722577008368,0.05376359793009401,31.99635601043701,1790364364.9347394,0.0,0.0
24.33982775450412,7.2634650821461415,347.0183486601327,0.6714717361553645,0.4293880674443326,-0.09720984482327033,-24.347677557349197,-5.806627080894041,378.1934314237722,0.49747410280113225,-0.36133119881905945,0.054585893309227154,32.00584125518799,1790364364.9442246,0.0,0.0
25.56366540298043,7.009904562819491,361.8158821210631,0.6874242593856754,0.4407357402133587,-0.09901889493034463,-23.7672685254895,-5.857197559302856,368.4707127265169,0.485633053387087,-0.3499835175528327,0.05359913885419136,32.01541805267334,1790364364.9538014,0.0,0.0
26.829360463854794,6.702013348110252,376.22250200129514,0.6997586844787754,0.4504388226583837,-0.09984119043469125,-23.157599636257803,-5.7970402708410775,358.14404365725716,0.4751076760560642,-0.3388002955896254,0.0542569751576499,32.02716946601868,1790364364.9655528,0.0,0.0
28.08473488867208,6.427852149772916,390.03847849415655,0.7097906835008685,0.45734610164944295,-0.09934781313199842,-22.51922570455388,-5.545538352635127,347.3365451533548,0.45010990461041295,-0.32301221778264005,0.051790089017588754,32.03560709953308,1790364364.9739904,0.0,0.0
29.26454953920862,6.264082538176678,403.07205383595686,0.7242630754495283,0.4657335118112087,-0.09655200842154552,-21.855684966788353,-5.063069482754865,336.21192087864887,0.42922360841806306,-0.307881976832834,0.0491587437952289,32.046812534332275,1790364364.9851959,0.0,0.0
30.289811425686445,6.23535780110509,415.1404216280816,0.7367619593275683,0.47395646290621535,-0.09424958101906483,-21.15855541130834,-4.341194135696033,324.87175808858285,0.4201783619452441,-0.29686321457418574,0.05030995733081166,32.05636644363403,1790364364.9947498,0.0,0.0
31.07091611473635,6.308995120305388,426.120018857666,0.7416957292599478,0.4797125286470248,-0.08865797163602637,-20.41335494857041,-3.3976979458605867,313.3549971689716,0.40077219659798363,-0.28502215678513776,0.048829825641976424,32.06584596633911,1790364365.0042293,0.0,0.0
31.522501949135652,6.434313685645201,435.9900507601029,0.7576482519671696,0.49451384045583463,-0.07928380303723143,-19.616489445426136,-2.2733207779098348,301.71282417872914,0.38054373583214907,-0.2680828660682102,0.04570510318099953,32.07564640045166,1790364365.0140297,0.0,0.0
31.615164589547405,6.570762372924948,444.86907079755804,0.78445506822661,0.5101374472169986,-0.10921535923434189,-18.78061926773749,-1.0321939383949412,290.0012229668381,0.356039339883588,-0.2527881669705267,0.044882807795002956,32.08570098876953,1790364365.0240843,0.0,0.0
31.421940021975228,6.708517468494898,453.08105113921926,0.8030389345364236,0.514577840690144,-0.0903025626276622,-17.920831299029782,0.24170675468707203,278.2111545503906,0.3367976326944714,-0.23946697765407549,0.040277953621623716,32.09646773338318,1790364365.034851,0.0,0.0
31.085056674060844,6.860950346195189,461.13320566403706,0.8142221460535539,0.5336550865870366,-0.09244053092099233,-17.04115074403391,1.4523964447499174,266.27148514103027,0.328574680821475,-0.22779037977850775,0.03698877205692505,32.106000900268555,1790364365.0443842,0.0,0.0
30.761568102728848,6.959409102982593,469.52833991535954,0.8380686998597429,0.5474696438250433,-0.08553324875965246,-16.133571910079247,2.489200926839449,254.1375008854725,0.3016033983240055,-0.21282459962935302,0.026298931900622838,32.11538362503052,1790364365.053767,0.0,0.0
30.60732028263571,6.763301931316112,478.6399885739424,0.8658622691969653,0.5676981024366612,-0.09227607182133657,-15.183741698356137,3.237266730289466,241.84837524447516,0.28795329782563117,-0.20591731656884082,0.028601359020417202,32.12517261505127,1790364365.063556,0.0,0.0
30.740118346896082,5.934361275773977,488.77820263975184,0.8867485607639258,0.583321708521067,-0.09424958101906483,-14.191962209174704,3.6131300390542584,229.530430993821,0.29058464251112914,-0.1996678700364034,0.026463390980776207,32.13662791252136,1790364365.0750113,0.0,0.0
31.206854029312456,4.221766857435704,500.21875775937195,0.906319180284669,0.5996031505056472,-0.10378820886540965,-13.186432399127584,3.6129416840278887,217.43957619062945,0.27512549240720047,-0.1945696373712152,0.029752572578415584,32.14509296417236,1790364365.0834763,0.0,0.0
32.012699494185696,1.6277923084715165,513.0862631329609,0.9270410125805242,0.6134177072268595,-0.10329483156067698,-12.198826806953813,3.360198136287085,205.9584315669826,0.26180430972150287,-0.18075507158494897,0.027943522700992866,32.156662464141846,1790364365.0950458,0.0,0.0
33.14691315176092,-1.5438413107434958,527.2548693858852,0.9454604189516952,0.6265744278180879,-0.1062550953929052,-11.24900494152843,3.07769960966975,195.43313997473697,0.25423919356616437,-0.1776303484006685,0.028930277179974394,32.16548705101013,1790364365.1038704,0.0,0.0
34.56070390750992,-4.788890017338991,542.3558816468604,0.9623996943630007,0.637264263230894,-0.10707739090349089,-10.361534545163279,2.982524687227115,186.0313428987631,0.24618070022024538,-0.17088752472383995,0.03945565823141012,32.175883531570435,1790364365.1142669,0.0,0.0
36.144679575510054,-7.587743607038259,557.8487064504556,0.971609397464027,0.6456516725129882,-0.1100376547474888,-9.564241819939442,3.2194772534239418,177.74665372855594,0.22447210564106276,-0.1587175504088101,0.01478679622541667,32.1864173412323,1790364365.1248007,0.0,0.0
37.74208401518974,-9.579689740738672,573.1110156923113,0.9791745107075335,0.6522300327088194,-0.10740630910792423,-8.864930289885168,3.7959815935019017,170.41250656562542,0.22529440089723185,-0.14950784022355157,0.005248169426294705,32.19511890411377,1790364365.1335022,0.0,0.0
39.18768924567654,-10.666129621375022,587.5267946590693,0.9943047371470024,0.6606174419264421,-0.10313037245915616,-8.244342840412852,4.5041235946971945,163.70827833163605,0.1915802949378896,-0.13766678440579833,0.018569355104177232,32.206644773483276,1790364365.145028,0.0,0.0
40.347477307149795,-11.01040982320338,600.5951564288484,1.0114084713091906,0.6719651131643702,-0.10296591335766367,-7.662462292833346,5.029712743870568,157.20893643392913,0.1729964214909394,-0.124181137685447,0.003603578589943257,32.21674942970276,1790364365.1551328,0.0,0.0
41.14384030602696,-10.935182585080046,612.0536560892597,1.0151910278925231,0.6765699652425986,-0.10280145425619958,-7.062998173628218,5.186390478239687,150.4451749660495,0.17562776642156208,-0.11299791860071878,0.00820843292510788,32.22577977180481,1790364365.164163,0.0,0.0
41.562755976548864,-10.769921596902918,621.907994132328,1.0224272230853626,0.6815037353147934,-0.10493942257744579,-6.391798157049957,4.99350133510961,143.02604370084364,0.14240703623609186,-0.10296591335766367,0.016431387043962832,32.23487162590027,1790364365.173255,0.0,0.0
41.649198152520746,-10.727333580417293,630.3411341504402,1.0337748927935475,0.6903845214147157,-0.10543279988303,-5.6244139366452615,4.600797667190246,134.72215778765843,0.11000860042347488,-0.07254098006611776,-0.0072507209961039515,32.24647307395935,1790364365.1848564,0.0,0.0
41.49797492733128,-10.867115004851575,637.6287894985833,1.0431490547030533,0.6964695044611066,-0.10362374976380373,-4.756511154567299,4.187313632442056,125.35793675685404,0.09750971123018232,-0.06678491171308865,-0.006592884654276751,32.256680488586426,1790364365.1950638,0.0,0.0
41.23184285154377,-11.144924402451593,644.1047172651267,1.0520298396510408,0.702883405490776,-0.10411712706870663,-3.77529887433983,3.8906055997005144,114.76507053311683,0.08089934510933258,-0.05461493873522155,-0.0014946530194787921,32.26578092575073,1790364365.2041643,0.0,0.0
40.96712455613914,-11.48600414557741,650.1084036754611,1.0599238707008811,0.708639470500751,-0.1062550953929052,-2.683613319278645,3.8030790791440925,102.95206607951697,0.06609802855078843,-0.03948470226932857,-0.0010012757658465488,32.27648067474365,1790364365.214864,0.0,0.0
40.79043457489378,-11.831424605853641,655.9130917245523,1.0704492454126133,0.7142310764954922,-0.10822860461950537,-1.547651895118205,3.999423502089777,90.212215457945,0.04159362624463435,-0.031426206854220484,0.007057219343246532,32.2856605052948,1790364365.2240438,0.0,0.0
40.75509531847272,-12.152603263976404,661.6872441291908,1.0813035380592906,0.7211383544688432,-0.10806414551713223,-0.49370544237401665,4.544957113172409,77.0130005529134,0.021036241322037838,-0.01695380708744383,0.004590333092069618,32.29719519615173,1790364365.2355785,0.0,0.0
40.88252397450047,-12.447439537960244,667.5079137261966,1.0870596023317112,0.7267299604311057,-0.10839306372190693,0.3426779902848762,5.455744286676773,63.835983593753426,0.03254837692829252,-0.016789348000377374,-0.0003434394280397435,32.30674481391907,1790364365.2451282,0.0,0.0
41.15965477229191,-12.720476894591597,673.3950753144128,1.0985717308566132,0.7334727793665529,-0.10839306372190693,0.8749430995928543,6.6157594231070185,51.166936669808905,0.020542864078933562,-0.011362198142144203,-0.0034681620363851695,32.316309452056885,1790364365.2546928,0.0,0.0
41.53833489679503,-12.951658366282908,679.3439086952519,1.1097549413990602,0.740215598281382,-0.11184670487892004,1.091608478133577,7.745064789193753,39.53619083206344,0.0037680376736967253,-0.0003434394280397435,-0.005112752886715699,32.325687646865845,1790364365.264071,0.0,0.0
41.950783263473255,-13.080031252449233,685.3495886674053,1.115511005639727,0.743504778232419,-0.11628710067071332,1.0310534795752293,8.475826092364743,29.38734485063498,0.002781283170781204,-0.0006723575968903689,-0.002316948442727368,32.33664512634277,1790364365.2750285,0.0,0.0
42.33922252924091,-13.025397225161644,691.3878898274235,1.1188001852031104,0.744162614222046,-0.11447805053080154,0.7405999094481335,8.486292771863107,20.929844135798437,0.005906005760099364,-0.001823571188698997,-0.0041259983761998825,32.34683060646057,1790364365.285214,0.0,0.0
42.67316409992313,-12.735615329127626,697.351265092869,1.119622480093652,0.7454782862007217,-0.11530034604851433,0.2671820353150651,7.6302047849603705,14.20089269459401,0.0067283011767643175,-0.0026458666122117364,0.0009722332463076439,32.35638451576233,1790364365.2947679,0.0,0.0
42.94331416061056,-12.222214139494755,703.0155687293353,1.121267069874373,0.7453138272034293,-0.11497142784134343,-0.3298522294857772,6.009546122030553,9.185378721639172,0.004590333092069618,-0.0016591121040756968,0.0009722332463076439,32.3657169342041,1790364365.3041003,0.0,0.0
43.14706872877776,-11.557177572189946,708.0837939800114,1.1217604468084956,0.745149368206125,-0.1146425096342869,-0.975080040692512,3.942324136417367,5.811499092741674,0.0026168240868698345,-0.00017898034365401716,-0.005935048312873614,32.37583065032959,1790364365.314214,0.0,0.0
43.27931120273605,-10.839379283868775,712.2698353286938,1.1173200543998298,0.742518024247616,-0.11562926425579959,-1.579661289599369,1.8304781505004033,3.883805862583302,0.003274660422357384,-1.452125929465864e-05,-0.005770589227589051,32.38645911216736,1790364365.3248425,0.0,0.0
43.336652637114106,-10.161182895375704,715.3592588210785,1.1164977595089476,0.7413668112647959,-0.11431359142734474,-2.054731527609474,0.007855125982889274,3.0762348230867502,0.005577087593249583,-0.001165734850364225,-0.003797080206239617,32.39616870880127,1790364365.334552,0.0,0.0
43.327669208493454,-9.595129487700753,717.2323422539002,1.1118929081177336,0.7369264183254908,-0.11266900039434785,-2.3459923758930357,-1.3423385651021282,3.0075503166058897,0.005741546676687609,-0.002316948442727368,-0.0010012757658465488,32.40670585632324,1790364365.3450892,0.0,0.0
43.26912199326017,-9.191983099019467,717.8688795431823,1.1079458926364425,0.7342950743572657,-0.11349129591048929,-2.4563905968336797,-2.176672467454049,3.3374855975360256,0.004425874008447628,-0.0014946530194787921,-0.0026458666122117364,32.41637325286865,1790364365.3547566,0.0,0.0
43.17116408979632,-8.972332846745898,717.3464289440487,1.107288056722612,0.7324860253772927,-0.11151778667294862,-2.430871559916749,-2.5330069088145772,3.817202900827113,0.003274660422357384,-0.0003434394280397435,-0.0006723575968903689,32.426907777786255,1790364365.365291,0.0,0.0
43.03207044765983,-8.919213942758017,715.8369830508984,1.1016964514517529,0.7283745504172741,-0.11184670487892004,-2.3276458389765313,-2.4844146008333436,4.280742347214037,0.005248169426294705,-0.0013301939349083108,-0.001165734850364225,32.43645620346069,1790364365.3748395,0.0,0.0
42.84760892918878,-8.987874593769348,713.5808872450275,1.0970916000477304,0.7252498294424946,-0.1095442774395152,-2.197665108946689,-2.1255158234409435,4.627204878456182,0.0067283011767643175,-0.0016591121040756968,-0.003961539291206531,32.44672417640686,1790364365.3851075,0.0,0.0
42.61912609750988,-9.125791420741196,710.8316202251018,1.0961048461749048,0.7239341574517733,-0.10757076821018355,-2.0713050241620805,-1.565811788182899,4.8474705125306565,0.02202299580754523,-0.014815838957661642,0.003274660422357384,32.455469846725464,1790364365.3938532,0.0,0.0
42.34606661291864,-9.28399006856608,707.8258341350207,1.0970916000477304,0.7239341574517733,-0.10822860461950537,-1.9502089900345119,-0.870103659446537,5.113061949617139,0.05244792532216299,-0.03471538864845965,0.0029457422546662476,32.46546936035156,1790364365.4038527,0.0,0.0
42.017958033491105,-9.417004332911526,704.7918492432634,1.0928156665974402,0.7203160594731767,-0.10872198192679552,-1.7866847381764923,0.1048821152095529,5.931867765095201,0.1083640097481828,-0.0736921937408018,0.019391650510780734,32.47711372375488,1790364365.415497,0.0,0.0
41.629948576420304,-9.486105180057141,701.9168946588081,1.0781788174514122,0.7104485195006557,-0.1111888684670913,-1.4756579482601584,1.8996598436099732,8.3298541500671,0.18286396495045598,-0.1269769424773737,0.06938721002573517,32.486666202545166,1790364365.4250495,0.0,0.0
41.21183426492964,-9.469151314451326,699.2214318940719,1.055154560276607,0.6938381604432352,-0.11036657295294702,-0.933410823638448,5.294109663515842,13.806016879362735,0.18171275155109912,-0.12779923800599538,-0.0013301939349083108,32.496381759643555,1790364365.434765,0.0,0.0
40.82721679945928,-9.363776434469777,696.4040028183414,1.022920600029853,0.6711428181492933,-0.10740630910792423,-0.18296209906113647,10.48275159821071,23.737712289221793,0.2007900020251798,-0.14095596656225265,-0.05905533426372961,32.50590467453003,1790364365.444288,0.0,0.0
40.52258918329784,-9.171533356144407,692.7771393744417,0.9890420496968787,0.6492697706234454,-0.1059261771888699,0.6759582417248089,16.274627815621127,38.5646240224144,0.24108246970928177,-0.16842063802527582,-0.009224230024131946,32.51643419265747,1790364365.4548175,0.0,0.0
40.275415258959626,-8.87189655160043,687.3877591833023,0.9628930713154614,0.6303569849710304,-0.10033456773763877,1.491569168739346,20.511029677093315,57.58159453860527,0.2815393951323561,-0.19341842354760147,0.025805554660007488,32.525110960006714,1790364365.4634943,0.0,0.0
39.996607320423415,-8.422014901523573,679.3159729948603,0.9329615360684429,0.6099640680562711,-0.09441404011905868,2.0165013496560773,21.49218913899181,79.42569884804749,0.30111002120003805,-0.2054239392094263,0.02498325925846425,32.535473346710205,1790364365.4738567,0.0,0.0
39.57293871484771,-7.794630498709358,667.9870127588293,0.8987540668717847,0.5866108887318447,-0.08783567614126175,1.9415198882741067,18.983455882026913,102.58136318163078,0.31064864556401395,-0.21414027259934731,0.04619848041229148,32.5456440448761,1790364365.4840274,0.0,0.0
38.90168719180633,-7.014963651945686,653.3057052070147,0.8645465972820554,0.5642444631782217,-0.07780367116151321,0.9834648542196812,14.077167962244697,125.57613470718356,0.32808130370750477,-0.22614578854091144,0.07761016366933389,32.556644916534424,1790364365.4950283,0.0,0.0
37.897152331379715,-6.157278332740635,635.6061269589374,0.8329704711334164,0.5433581684683586,-0.0710608482006663,-1.0588206801323854,8.403061935773902,147.085613852518,0.34534950258962593,-0.23469766301003847,0.07053842353959876,32.56584119796753,1790364365.5042245,0.0,0.0
36.48960747289582,-5.3085149065122454,615.5285487160711,0.8025455575565702,0.5221429554686124,-0.06398910709670946,-4.19394818652657,3.433329002952442,166.11200253721492,0.35932852057278425,-0.24275616018238205,0.06807153743695991,32.57640624046326,1790364365.5147896,0.0,0.0
34.65093482020952,-4.5407001477992335,593.8835612725819,0.7752453645155357,0.502901250420049,-0.06119330248830901,-8.11906751003026,0.1466584976322829,182.12984050003877,0.37001835775903463,-0.2513080348141632,0.0795836725345259,32.585824728012085,1790364365.524208,0.0,0.0
32.43907543978166,-3.907801672086256,571.5166772373722,0.7494253021321335,0.4861264304477603,-0.058726416075745635,-12.292250545568441,-1.053832154360355,195.1031115543205,0.3881088512739416,-0.2651226017055161,0.07316976870954221,32.595560789108276,1790364365.5339441,0.0,0.0
30.006281911323946,-3.441059967258499,549.2070474393516,0.7301835994006313,0.47362754486324615,-0.054121561455511585,-16.148838468662035,-0.2903624155246248,205.42814675664337,0.4070216397040377,-0.2777859548843255,0.058532911120259525,32.60689043998718,1790364365.5452738,0.0,0.0
27.543371001264955,-3.134344212244892,527.635121495226,0.7148889124939108,0.46195095429290833,-0.04852995230269096,-19.24871491453101,1.9161119704904621,213.84074143777562,0.42346754248718943,-0.2919294404752678,0.07119625983268459,32.616435289382935,1790364365.5548186,0.0,0.0
25.205297958425835,-2.9401001786163743,507.3944040052972,0.7007454384830678,0.4529057080159077,-0.046885361381404686,-21.32483962532888,4.829082999944091,221.25312895598893,0.44172249436314526,-0.30261928439276325,0.07284085056364911,32.626262187957764,1790364365.5646455,0.0,0.0
23.08017436008989,-2.7860732730759974,488.9797248315317,0.6885754723974742,0.443696002660788,-0.04310280227279345,-22.304622499439304,7.727013207518665,228.54630762067572,0.46047082308757886,-0.31659831125950777,0.06988058724611261,32.635754108428955,1790364365.5741374,0.0,0.0
21.206853755069744,-2.6058381089181872,472.7301738618517,0.6768988832477847,0.437117641658624,-0.04244496590754866,-22.314022214178266,10.109333489853869,236.4163533921599,0.485633053387087,-0.3340309803869355,0.0766234092353945,32.64622092247009,1790364365.5846043,0.0,0.0
19.60137709534557,-2.368296408793008,458.77860560385324,0.66982714612447,0.4315260347841901,-0.03997807954175417,-21.668408739175337,11.742241934997951,245.32133337528091,0.5065193488225486,-0.34735217119481154,0.08122826325278598,32.657045125961304,1790364365.5954285,0.0,0.0
18.26498064318947,-2.0863865334218916,447.06267242302084,0.6622620319649317,0.426427804968705,-0.0404714568144241,-20.819004684166398,12.537739952994013,255.47372446971832,0.519676070218576,-0.3588643115738087,0.0756366548005586,32.66653823852539,1790364365.6049216,0.0,0.0
17.179610321622434,-1.7984209213184075,437.3796994613104,0.653545704745324,0.4201783619452441,-0.038497947725209924,-20.201526496839254,12.456518074967981,266.8232038626444,0.5376021029522697,-0.3707053704194936,0.07777462274157,32.67567491531372,1790364365.6140583,0.0,0.0
16.309757468152675,-1.5418083415375625,429.42644370166494,0.641704656384785,0.41294216472717216,-0.038497947725209924,-20.073234925482303,11.554417577937832,279.07647427965054,0.5543769224020063,-0.3820530519762647,0.0915891847208928,32.68816924095154,1790364365.6265526,0.0,0.0
15.619731179126799,-1.3747835144395733,422.8110869816532,0.6377576402485,0.4080083938762253,-0.02073636609734872,-20.485231893050045,10.074371554512902,291.79199688082866,0.5642444631782217,-0.3896181731032571,0.09323377542111128,32.69669818878174,1790364365.6350815,0.0,0.0
15.087560171328313,-1.4371123101467167,417.0775984079247,0.6130887892108904,0.39172694994933094,-0.044911852279461706,-21.362534690445244,8.4308890082396,304.473744051135,0.5731252498290217,-0.395045325260235,0.08254393582560726,32.70673370361328,1790364365.645117,0.0,0.0
14.668727420531567,-1.8783399726360521,411.76242883666634,0.6048658387926406,0.38481967065200995,-0.022216497887686842,-22.56028059655427,7.039824875939555,316.6167219809791,0.5811837413808126,-0.4014592324025585,0.08320177211142288,32.71525025367737,1790364365.6536336,0.0,0.0
14.262173428414384,-2.656797595612562,406.4634126775703,0.6033857077134537,0.3953450486156016,-0.047378738657504,-23.875861329574942,6.106713057495076,327.7582660299611,0.5894066919062587,-0.4070508437997172,0.08122826325278598,32.725571155548096,1790364365.6639545,0.0,0.0
13.7939216856956,-3.475642002684534,400.9183743349392,0.5976296423941122,0.3767611780961515,-0.03356417501924669,-25.075796635815006,5.560053080964486,337.55576854758533,0.5928603311157131,-0.408530976234991,0.07678786830777996,32.734702825546265,1790364365.6730862,0.0,0.0
13.310388237121431,-3.9062818583400887,395.05705825936525,0.5839795445637067,0.3775834732570104,-0.05362818417604841,-25.959397261377458,5.181499391527236,345.83689305339215,0.5992742324872065,-0.4133002918786385,0.08385960839684206,32.74683380126953,1790364365.6852171,0.0,0.0
12.924334774358611,-3.5759430915263666,388.9458130958776,0.5872687247732751,0.36590688192784554,-0.029123779604676187,-26.44334888007393,4.796780531592577,352.59501392980036,0.6017411176240652,-0.4159316384530043,0.09241148007130953,32.75637459754944,1790364365.694758,0.0,0.0
12.701074675931174,-2.35642910060974,382.68990410021024,0.5767433480813013,0.3660713409613248,-0.04112929317836418,-26.603199195475554,4.3766054885383205,357.9512656768044,0.6035501667223113,-0.4165894750979704,0.08978013494780931,32.76586890220642,1790364365.7042522,0.0,0.0
12.611109454792542,-0.4476934882402832,376.40911993869946,0.5612842009512551,0.35686163505661833,-0.030110534139548173,-26.60345604384262,4.009801450075369,362.1076333636107,0.6106219040892611,-0.4213587907904439,0.08418852653940306,32.77640724182129,1790364365.7147906,0.0,0.0
12.562017210448436,1.696567129966811,370.2277800554861,0.5540480043751622,0.35242124111644973,-0.027150270537840762,-26.573329357013655,3.7915243127401137,365.31603201169435,0.611937576154539,-0.42218108660242004,0.08353069025418201,32.78559160232544,1790364365.723975,0.0,0.0
12.458722571382882,3.531464005126817,364.24124247379905,0.5532257093077768,0.3501188146233346,-0.025012302386473367,-26.55733104739084,3.713748173767667,367.85655026181234,0.6178581004367468,-0.42678594316543617,0.08155718139614013,32.795392990112305,1790364365.7337763,0.0,0.0
12.237595078003727,4.605806585125199,358.53197993188076,0.5487853159370886,0.3473230110193758,-0.024518925121418053,-26.55321313107782,3.6566942594597625,370.00952491868327,0.6280545588788351,-0.4320486364135204,0.0795836725345259,32.80613303184509,1790364365.7445164,0.0,0.0
11.869556378282317,4.7106325371934075,353.20613358984053,0.5430292504393945,0.34403383030154777,-0.026163516005875964,-26.55152922735882,3.493951981949803,372.0536419834764,0.636935345219086,-0.4382980846917658,0.08747770795957066,32.816701889038086,1790364365.7550852,0.0,0.0
11.358038130703543,3.924735485133106,348.3731768507484,0.5395756111314203,0.3409091086122913,-0.025505679651770405,-26.547256990475425,3.2063222931278865,374.27149316510133,0.6394022303062704,-0.4417517271828758,0.09126026658055382,32.82580876350403,1790364365.764192,0.0,0.0
10.74693548846936,2.548996045191728,344.1081804999897,0.5405623652201315,0.34222478090337527,-0.026163516005875964,-26.545465434718018,2.8898939060617965,376.89978830738625,0.6486119346038631,-0.44800117553923857,0.08681987167632817,32.83644413948059,1790364365.7748275,0.0,0.0
10.121352545526403,0.9844912813790271,340.45777579069323,0.5392466931017219,0.33992235439314594,-0.025012302386473367,-26.55823321868888,2.6568410974307546,380.0675173615082,0.6565059668242321,-0.45161927724232453,0.08320177211142288,32.846675872802734,1790364365.7850592,0.0,0.0
9.579991794467333,-0.387937658992831,337.4508559317812,0.5339840046178265,0.33745546884215694,-0.02863040233760389,-26.591279426285425,2.5394300894632442,383.7860193670406,0.6596306879026926,-0.4540861647768847,0.08632649446363688,32.85519218444824,1790364365.7935755,0.0,0.0
9.192060167701507,-1.2936430443555806,335.0649154771631,0.5325038734787643,0.3353175013610145,-0.02780810689302192,-26.63638429594718,2.4880375958038217,387.95764160530024,0.6657156710413252,-0.4573753481685895,0.08155718139614013,32.86674690246582,1790364365.8051302,0.0,0.0
8.971843739123042,-1.6063871114223225,333.1914421761102,0.5315171193853303,0.3335084519512641,-0.02780810689302192,-26.669892901751677,2.4302363745625692,392.382945666772,0.664564458016527,-0.45688197065893743,0.07892583624652637,32.87583541870117,1790364365.8142188,0.0,0.0
8.889721080951734,-1.3530658945186862,331.65342659886824,0.5270767259576725,0.33120602542627,-0.02780810689302192,-26.66478329027264,2.3046597421988553,396.7922461936332,0.6681825560922265,-0.462638041624595,0.08846446238369367,32.88641953468323,1790364365.8248029,0.0,0.0
8.90573788321849,-0.6844280402997273,330.256831040261,0.5255965948124928,0.33038373023782225,-0.027479188715377537,-26.623474146224968,2.066565489736209,400.9095795947517,0.6742675392047981,-0.46165128659884536,0.08649095353455868,32.89578676223755,1790364365.83417,0.0,0.0
8.989073564303322,0.1839188877877106,328.84775148053154,0.5244453816986644,0.3295614350488741,-0.028137025070773952,-26.5851521415778,1.7237134755330845,404.5291046663429,0.6739386211991837,-0.4636247966516145,0.09043797122927547,32.90666341781616,1790364365.8450468,0.0,0.0
9.109414328829876,1.0443133179386908,327.36056346276587,0.5247742997312681,0.3289035988973549,-0.029617156871990916,-26.588609725052404,1.3765119208468168,407.54520484572924,0.6722940311703068,-0.4624735824535485,0.08797108517174325,32.91607069969177,1790364365.854454,0.0,0.0
9.228026706005574,1.758910465617516,325.81928268003185,0.5209917423523867,0.3261077952498171,-0.02879486142660105,-26.647503162545743,1.1631021334426532,409.9212701575833,0.673280785187794,-0.46395371499423665,0.08205055861098529,32.92669081687927,1790364365.8650742,0.0,0.0
9.308815005463366,2.2846664977951447,324.27861095295674,0.5172091849648544,0.32429874582772716,-0.029288238693754146,-26.75496003080821,1.128509502580888,411.66954457201643,0.6767344242451985,-0.4649404700229506,0.07892583624652637,32.93621873855591,1790364365.874602,0.0,0.0
9.333095339671868,2.6552955335135353,322.7618986863849,0.5160579718451866,0.3229830735192225,-0.028465943248633663,-26.883432271863565,1.1731201665818747,412.8610072316424,0.6742675392047981,-0.4618157457697155,0.08007704975026467,32.94533944129944,1790364365.8837228,0.0,0.0
9.297423464246513,2.940206169258072,321.25857208243355,0.5160579718451866,0.32248969640320063,-0.02863040233760389,-26.984416786284363,1.1507337552615644,413.60138726374043,0.6716361951583798,-0.46165128659884536,0.08665541260545578,32.956843852996826,1790364365.8952272,0.0,0.0
9.202375102031233,3.2062105993272616,319.76604762439337,0.5126043324813437,0.3210095650540454,-0.030603911407348028,-27.014182091614106,1.0036894149139917,413.9759244732325,0.6722940311703068,-0.4614868274280106,0.08418852653940306,32.96655011177063,1790364365.9049335,0.0,0.0
9.052439631636142,3.496194256840563,318.3076165736738,0.5096440701636828,0.31969389274231164,-0.029288238693754146,-26.965661840142207,0.797735146936284,414.03969328603574,0.673280785187794,-0.4629669599667936,0.0846819037530589,32.975868225097656,1790364365.9142516,0.0,0.0
8.865328666516184,3.824205710936556,316.90776019436817,0.5091506931102178,0.3188715975468207,-0.030603911407348028,-26.86697803785448,0.6440191853243455,413.8570636408872,0.672787408179111,-0.4624735824535485,0.0794192134625633,32.98664212226868,1790364365.9250255,0.0,0.0
8.673719460153576,4.182538608737341,315.5758084749023,0.5098085291814712,0.3192005156250778,-0.02863040233760389,-26.750311506300893,0.5882440022497386,413.52518676575875,0.6755832112267196,-0.4651049291945265,0.07464990036482554,32.99610209465027,1790364365.9344854,0.0,0.0
8.513059113964788,4.552863900732046,314.3261539597261,0.5106308242701654,0.3200228108203664,-0.03076837049666857,-26.622220509943997,0.558091806230126,413.170687181451,0.6806814403035923,-0.4665850617403,0.07218301427156319,33.00662279129028,1790364365.9450061,0.0,0.0
8.406743380053966,4.909318051773059,313.20230489759325,0.5098085291814712,0.319364974664176,-0.030274993228787822,-26.460268852425695,0.426677068160141,412.94164544360547,0.6816681943169937,-0.4688874901505292,0.0795836725345259,33.016212701797485,1790364365.954596,0.0,0.0
8.36245070874951,5.216978429141619,312.27095864537904,0.5107952832878546,0.3205161879372968,-0.03076837049666857,-26.243182867423858,0.15032675540673818,412.9864132979787,0.6854507513639492,-0.4706965410491476,0.08418852653940306,33.0266900062561,1790364365.9650733,0.0,0.0
8.378186961562774,5.438534808080676,311.59769866570997,0.5124398734638365,0.32084510601514943,-0.030110534139548173,-25.986243166431212,-0.15741782582095143,413.4193650596366,0.6862730463732323,-0.47168329608656445,0.08484636282422801,33.03545570373535,1790364365.973839,0.0,0.0
8.447270328642883,5.547539973180683,311.22880023286905,0.5126043324813437,0.3211740240929212,-0.02945269778285907,-25.73925885184187,-0.2997268145419669,414.28345809954607,0.685779669367702,-0.47086100022196187,0.08106380418107169,33.045624017715454,1790364365.9840074,0.0,0.0
8.557606175474405,5.534467363586959,311.1748273894237,0.5129332505163087,0.3210095650540454,-0.029123779604676187,-25.547472918846143,-0.14990770807923592,415.5137665438599,0.685779669367702,-0.4702031635309176,0.0766234092353945,33.05569314956665,1790364365.9940765,0.0,0.0
8.69059087768114,5.401409607444846,311.3930780744236,0.5134266275686326,0.3211740240929212,-0.030603911407348028,-25.417507927464474,0.2562260478414147,416.9365249933134,0.685286292362053,-0.47036762270362553,0.07415652314662234,33.06522750854492,1790364366.0036108,0.0,0.0
8.826372376759338,5.16141736239471,311.7910293726911,0.5127687914988346,0.32150294217061215,-0.03274187957061962,-25.317482019911537,0.7638098983762543,418.33203907667956,0.6874242593856754,-0.47102545939481144,0.07678786830777996,33.07677888870239,1790364366.0151622,0.0,0.0
8.95367625107151,4.849015827531378,312.25855249987006,0.5139200046208078,0.32150294217061215,-0.031919584122667696,-25.207036434157313,1.2217935853468602,419.5225391725034,0.6851218333601437,-0.47036762270362553,0.08106380418107169,33.08631372451782,1790364366.024697,0.0,0.0
9.074687033674737,4.522446193809802,312.7038934947083,0.5135910865860407,0.3216674012094274,-0.03159066594367589,-25.07415095582429,1.5657380821202975,420.407979451311,0.6801880632967123,-0.4685585718057862,0.08369514932552442,33.09544348716736,1790364366.0338268,0.0,0.0
9.198608301216252,4.2451657072249676,313.07280550595834,0.5158935128280255,0.3229830735192225,-0.031426206854220484,-24.94778514771798,1.8032707537355745,420.9317777592165,0.6828194073320254,-0.46872303097814005,0.07761016366933389,33.107086181640625,1790364366.0454695,0.0,0.0
9.328422370517258,4.058141297779861,313.3525897106616,0.5157290538108479,0.3218318602482224,-0.030110534139548173,-24.867361498225886,1.9491794333627124,421.05800422772086,0.6844639973523742,-0.4692164084954138,0.07530773665541397,33.11662983894348,1790364366.0550132,0.0,0.0
9.454389504550077,3.9638041771883765,313.5583334342696,0.5135910865860407,0.3223252373644863,-0.034057552288747184,-24.83748082377341,1.996646462417398,420.8072729114668,0.6826549483299178,-0.4688874901505292,0.07547219572799875,33.125733375549316,1790364366.0641167,0.0,0.0
9.563812284484028,3.935550121749323,313.70638256605895,0.5152356767592164,0.32199631928699723,-0.0330707977499894,-24.821713359668223,1.939856589535799,420.28405748486546,0.6836417023423651,-0.4688874901505292,0.07152517797907745,33.13598823547363,1790364366.0743716,0.0,0.0
9.654018661097982,3.943390223219105,313.80577362181606,0.5147422997074368,0.32199631928699723,-0.034057552288747184,-24.777212383333175,1.7839794154249717,419.64274835888153,0.6823260303256629,-0.4667495209122293,0.07251193241765612,33.14555096626282,1790364366.0839343,0.0,0.0
9.732780736602045,3.971028632656426,313.8695277740602,0.5152356767592164,0.32265415544189474,-0.033235256839714816,-24.685974561805,1.5332659288643111,419.01550403088646,0.6778856372630228,-0.46609168422472413,0.0795836725345259,33.157066822052,1790364366.0954502,0.0,0.0
9.811604936846848,4.011569123950543,313.9194976483942,0.5177025620158939,0.32380536871218907,-0.03274187957061962,-24.55882703076464,1.214551477058537,418.4507719407753,0.6782145552679953,-0.46444709250843474,0.07777462274157,33.166646242141724,1790364366.1050296,0.0,0.0
9.896957843815658,4.051316545279183,313.9859143765071,0.5172091849648544,0.323640909673636,-0.03290633866029101,-24.417775268133994,0.9093776702256269,417.9192459941563,0.6800236042943923,-0.4657627658811836,0.07464990036482554,33.17583870887756,1790364366.114222,0.0,0.0
9.984321272223081,4.06576388892331,314.10928447273284,0.5208272833357176,0.32643671332629925,-0.0361955204593951,-24.278743333805213,0.7105586252721561,417.3874464672478,0.6795302272873529,-0.46609168422472413,0.06922275095222594,33.18637013435364,1790364366.1247535,0.0,0.0
10.064799470686788,4.039363221650568,314.3377476232338,0.5206628243190322,0.32643671332629925,-0.03685335682051463,-24.146980049595662,0.6268111016613056,416.8742169864568,0.6806814403035923,-0.4657627658811836,0.06198655169298034,33.195544958114624,1790364366.1339283,0.0,0.0
10.135816964241023,3.9910264714047727,314.71223812704716,0.5208272833357176,0.32643671332629925,-0.03685335682051463,-24.01144413911784,0.5525878962823126,416.4344955684197,0.6777211782605165,-0.46559830670946634,0.06708478299432573,33.20607566833496,1790364366.144459,0.0,0.0
10.203300994803698,3.973723228579488,315.2394615603465,0.5216495784188995,0.32643671332629925,-0.03487984773845537,-23.844436314977315,0.36623523894312304,416.10750156058674,0.6795302272873529,-0.46609168422472413,0.07448544129211608,33.21690845489502,1790364366.1552918,0.0,0.0
10.278019620039212,4.036437249521165,315.8751118867157,0.5226363325181784,0.32660117236451014,-0.0361955204593951,-23.628976356365097,0.0654385887678352,415.89498620966384,0.6818326533191809,-0.4657627658811836,0.07596557294560356,33.22640776634216,1790364366.164791,0.0,0.0
10.369422727971651,4.179908302798466,316.54192217830416,0.5247742997312681,0.327259008517153,-0.035866602278997795,-23.392542607316337,-0.21902392743654536,415.77823600962034,0.6785434732729146,-0.46461155167990476,0.07678786830777996,33.236926794052124,1790364366.1753101,0.0,0.0
10.477219505438052,4.349163583002029,317.16813054253845,0.5226363325181784,0.32660117236451014,-0.03520876591852795,-23.2016418681183,-0.3327720422486777,415.71920084381657,0.6729518671820187,-0.4608289907450237,0.07382760500102879,33.245481729507446,1790364366.183865,0.0,0.0
10.587259395535506,4.468832765470863,317.70892037069655,0.5236230866168698,0.32758792659335395,-0.03685335682051463,-23.109363151419863,-0.19020098434922697,415.63397318262867,0.6706494411400856,-0.45984223572160077,0.06856491465793854,33.25584387779236,1790364366.1942272,0.0,0.0
10.680591726000397,4.490139732252999,318.14825137475,0.5257610538286888,0.32808130370750477,-0.035866602278997795,-23.10329039845432,0.19537887031801388,415.3973777217461,0.6686759331020414,-0.4578687256785583,0.06379560151235217,33.26642918586731,1790364366.2048125,0.0,0.0
10.749187231925054,4.412982310034957,318.5025512902244,0.527405643989756,0.3289035988973549,-0.037182275001236914,-23.112324089806272,0.6988380945677108,414.8909720228665,0.6653867530343078,-0.45589521564058255,0.06461789688378769,33.275965452194214,1790364366.2143488,0.0,0.0
10.801020283234173,4.270081910638309,318.81959607321494,0.5298725292283146,0.33054818927555185,-0.03701781591086223,-23.06621301017527,1.1196650916145743,414.045593643852,0.664564458016527,-0.45523737896238237,0.06905829187869167,33.28648042678833,1790364366.2248638,0.0,0.0
10.851666522067138,4.095248504260445,319.1640142650541,0.5325038734787643,0.33202832061421755,-0.0388268659064743,-22.94066853145672,1.299206258280187,412.8574694235522,0.6625909499724659,-0.4519481955798099,0.06642694669873458,33.29598569869995,1790364366.234369,0.0,0.0
10.914125812814055,3.9092921947283834,319.60711407333116,0.5359575128012142,0.3338373700259437,-0.0393202431785743,-22.7507835406273,1.2193670136460562,411.38052445293266,0.6568348848327245,-0.45046806306223064,0.06872937373154797,33.30650568008423,1790364366.244889,0.0,0.0
10.998487528592985,3.7244180286353727,320.2274820711566,0.5394111521165792,0.3367976326944714,-0.03948470226932857,-22.521902932489947,0.988957327541119,409.69804801497565,0.6566704258284851,-0.4493168488838537,0.06774261928951548,33.31704807281494,1790364366.2554314,0.0,0.0
11.119723390585824,3.5436120834340614,321.1044420529198,0.5428647914248886,0.33877114113657386,-0.038497947725209924,-22.273406676577842,0.7572907117662062,407.89965917172464,0.6551902947897128,-0.44701442053224716,0.06544019225459485,33.32560658454895,1790364366.26399,0.0,0.0
11.29580747827841,3.355956611862967,322.297470175954,0.5473051848109665,0.3407446495758166,-0.04063591590536837,-22.01792266708832,0.6346454831809765,406.07297805440504,0.6528878687271822,-0.4465210430292238,0.06692032392046558,33.3360481262207,1790364366.2744315,0.0,0.0
11.53245437470276,3.14926896273583,323.8240810028804,0.5487853159370886,0.3425536989759483,-0.0435961795470127,-21.767851651673833,0.6539310108699096,404.289301106951,0.6509143606714296,-0.4442186146859406,0.06544019225459485,33.34559607505798,1790364366.2839794,0.0,0.0
11.81663489431249,2.9379004686969226,325.64813175540877,0.5530612502942525,0.3445272074097252,-0.04474739318781028,-21.537196235226332,0.7791740536439455,402.5898048261548,0.6468028855488647,-0.4420806455161641,0.06560465132868092,33.356175899505615,1790364366.2945592,0.0,0.0
12.128071322221627,2.7715951223216484,327.69009228806874,0.5545413814154049,0.3465007158406583,-0.044089556821476875,-21.33445170202328,0.9460133909890739,400.98791796885814,0.6446649184816926,-0.4417517271828758,0.06560465132868092,33.36667323112488,1790364366.3050566,0.0,0.0
12.451687888661574,2.701366114751675,329.853820513611,0.5563504305617524,0.34699409294794786,-0.04063591590536837,-21.16191946672074,1.0961774207825523,399.48156178849354,0.6440070824605495,-0.440107135518526,0.0641245196610018,33.37622094154358,1790364366.3146043,0.0,0.0
12.775681946660217,2.7245334055164183,332.0421037700358,0.5576661026669956,0.34798084716199523,-0.040142538632617006,-21.021669233725877,1.1876466346471248,398.06299648104755,0.6408823613570602,-0.4374757888628128,0.06576911040274186,33.386730670928955,1790364366.325114,0.0,0.0
13.079688334667031,2.761894996769128,334.1587166436242,0.5598040698358804,0.34946097848173785,-0.04145821136049724,-20.9150140103666,1.2065980557165508,396.71390610096176,0.639073312294829,-0.43665349303472967,0.06724924206816078,33.3960702419281,1790364366.3344536,0.0,0.0
13.332247871314,2.697742032515402,336.11786082002476,0.5609552829257255,0.3507766507646171,-0.0435961795470127,-20.839435282601936,1.1873403942718697,395.400329702643,0.6382510172659791,-0.4359956563728892,0.06741370114197076,33.40657830238342,1790364366.3449616,0.0,0.0
13.507150705140559,2.452052580312504,337.86003610443936,0.5625998730527513,0.3520923230462401,-0.04228050681630546,-20.789990868348816,1.1993973876183832,394.09361252992016,0.637264263230894,-0.43616011553829714,0.06675586484658035,33.41584515571594,1790364366.3542285,0.0,0.0
13.603714680794608,2.026281557093872,339.3661176699051,0.5668758073757474,0.35373691339650476,-0.04162267045160453,-20.763176840007613,1.2856308798937552,392.79877234307,0.6359485911833231,-0.4350089013811713,0.0614931744689866,33.42636847496033,1790364366.3647518,0.0,0.0
13.648404249125123,1.4989355392356545,340.6679697686899,0.5683559384851142,0.3547236676057239,-0.04244496590754866,-20.755069637818412,1.4094955640235476,391.55469788568274,0.6324949520541394,-0.43385768722574813,0.06247992891674742,33.43554949760437,1790364366.3739328,0.0,0.0
13.677330916705241,0.9901911285166285,341.83475221858095,0.5678625614487978,0.3553815037448123,-0.04721427956544362,-20.75042794699654,1.4874409912382058,390.40467354999174,0.6301925259645378,-0.432377554742704,0.06280884706579959,33.445677042007446,1790364366.3840604,0.0,0.0
13.721677963419385,0.6243044528508749,342.9314667330157,0.5719740367471945,0.3575194711946914,-0.04902332957960927,-20.720630650182684,1.4715648442592872,389.3639474777977,0.6288768539120831,-0.4307329630981732,0.06198655169298034,33.45619082450867,1790364366.3945742,0.0,0.0
13.80672131865013,0.49939869625191075,344.0000445036957,0.5752632169789919,0.3596574386412752,-0.04968116594921615,-20.64445856499816,1.3699525160073047,388.40786181386324,0.6270678048384658,-0.42991066727720795,0.06461789688378769,33.466713428497314,1790364366.4050968,0.0,0.0
13.95331742011255,0.659164995866551,345.0810029732684,0.5765788890699948,0.36047973381216225,-0.047543197749591676,-20.530718311810386,1.214652637696177,387.4841156659641,0.6264099688112666,-0.42826607563787555,0.06774261928951548,33.475919008255005,1790364366.4143023,0.0,0.0
14.171277696133886,1.0712883255615393,346.221076179286,0.5765788890699948,0.36080865188038097,-0.04820103411821533,-20.41147200020146,1.0686654675067666,386.5380539783459,0.6221340346288765,-0.42579918818536655,0.06856491465793854,33.48536229133606,1790364366.4237456,0.0,0.0
14.448931362919923,1.6320066987778998,347.44254449188264,0.5785523972046656,0.3613020289825633,-0.04820103411821533,-20.31180345879474,1.0344807962390736,385.5290619871394,0.6198316085266359,-0.4243190557175953,0.06247992891674742,33.49530553817749,1790364366.4336889,0.0,0.0
14.752615542408478,2.2030081827852,348.71900958759045,0.578223479182373,0.361137569948522,-0.05001008413418359,-20.233192574886605,1.1728895133203188,384.4302642166533,0.620653903563475,-0.42415459655468235,0.05721723851820028,33.5058331489563,1790364366.4442165,0.0,0.0
15.04094333692713,2.658004823808375,349.98802211998384,0.580525905337141,0.36245324222030895,-0.04803657502601846,-20.160292290526673,1.4108551915452123,383.2309639521359,0.6170358053986776,-0.42218108660242004,0.05886182927052176,33.51639485359192,1790364366.4547782,0.0,0.0
15.282231681403093,2.9116871822439974,351.18412199748195,0.583321708521067,0.36442675062566154,-0.046885361381404686,-20.07150469908871,1.5997845254836096,381.94385682556094,0.6144044612744172,-0.42201662743995577,0.06576911040274186,33.5259370803833,1790364366.4643204,0.0,0.0
15.461824965436575,2.9268493835949747,352.26827870944237,0.5829927904996562,0.3642622915919887,-0.046885361381404686,-19.952167670839618,1.6719017877579285,380.6086581778175,0.6190093134894353,-0.42316784157792986,0.06478235595799937,33.53646278381348,1790364366.4748461,0.0,0.0
15.578250275454662,2.7118550950211775,353.234714434943,0.5834861675317496,0.36492012772656374,-0.04721427956544362,-19.810703175986326,1.6820059581615958,379.30306667531255,0.6165424283756621,-0.4225100049274519,0.06511127410634736,33.545549154281616,1790364366.4839325,0.0,0.0
15.636594702994284,2.312699636873805,354.0926690564565,0.5843084625849357,0.36492012772656374,-0.04803657502601846,-19.67840956328947,1.7097975146835782,378.12909496163593,0.6102929860727954,-0.41922082168333963,0.06494681503218593,33.557068824768066,1790364366.4954522,0.0,0.0
15.645713212264855,1.7997749340980438,354.8486946516359,0.5852952166482595,0.36524904579373507,-0.047872115933848894,-19.58915156078575,1.783202014253648,377.145069250284,0.6117731171464303,-0.4195497400071304,0.06182209261834095,33.56660318374634,1790364366.5049865,0.0,0.0
15.619243428200484,1.2550662797886598,355.5071781533577,0.5864464297214494,0.36590688192784554,-0.046885361381404686,-19.555472073610908,1.881753427309412,376.32951137661104,0.6145689202822925,-0.41922082168333963,0.06083533816997555,33.575785398483276,1790364366.5141687,0.0,0.0
15.577331045941452,0.7605634435170437,356.078948382827,0.586281970711039,0.3675514722617687,-0.04885887048727584,-19.56272351395088,1.9608378833004287,375.63510207982455,0.612759871194863,-0.4193852808452178,0.06346668336360195,33.58628821372986,1790364366.5246716,0.0,0.0
15.543625735033068,0.38545456686317003,356.5866011684355,0.5879265608144643,0.36804484936156906,-0.048365493210439495,-19.590188765311556,1.972900970211102,375.0384010439222,0.6084839369811869,-0.4164250159366773,0.06313776521475109,33.59555268287659,1790364366.533936,0.0,0.0
15.535326343381836,0.17242672507097262,357.0658221907652,0.5894066919062587,0.36903160356064885,-0.04951670685677344,-19.62960909692139,1.8982537924923115,374.5160528064668,0.6051947568100754,-0.4157671792918487,0.06478235595799937,33.6056113243103,1790364366.5439947,0.0,0.0
15.556148597512099,0.12351728238550662,357.5590054012263,0.5903934459667782,0.3693605216268545,-0.046885361381404686,-19.677920606880292,1.7663446831318472,374.01459146583613,0.609799609047987,-0.4169183934206598,0.06330222428918911,33.61608099937439,1790364366.5544643,0.0,0.0
15.599607766022928,0.1941089332624346,358.0972690439345,0.5903934459667782,0.3696894396929831,-0.04803657502601846,-19.724249301476274,1.6329856528627669,373.4811125856607,0.6084839369811869,-0.4151093426475702,0.058532911120259525,33.62660360336304,1790364366.564987,0.0,0.0
15.655840117584612,0.30865737045224156,358.685848152031,0.5935181671548598,0.3714984890553137,-0.047543197749591676,-19.749156105552164,1.5298470328729563,372.90430362645736,0.6023989536599981,-0.4149448834865864,0.05902628834561501,33.635727405548096,1790364366.5741107,0.0,0.0
15.715342131554607,0.39318119378883065,359.31327149948027,0.592202495076327,0.3710051119567272,-0.049187788671970004,-19.734141280753022,1.4384465305995586,372.2972126953895,0.6035501667223113,-0.41379366936066236,0.055572647763351184,33.64583134651184,1790364366.5842147,0.0,0.0
15.771275237714201,0.4054261647663499,359.968676138555,0.592695872105889,0.3716629480881374,-0.050503461411839784,-19.670313046978446,1.3051064873527567,371.6647267476235,0.6042080027575939,-0.4141225876821832,0.059519665570743334,33.656391620635986,1790364366.594775,0.0,0.0
15.822552825495166,0.34713717800917304,360.63938585795154,0.5935181671548598,0.3724852432519675,-0.04885887048727584,-19.559795830920983,1.088010407325804,371.0115782214349,0.6028923306867924,-0.4141225876821832,0.06511127410634736,33.6654794216156,1790364366.6038628,0.0,0.0
15.873474484168916,0.2513136846718279,361.30309509819074,0.5946693802227907,0.3726497022846759,-0.04852995230269096,-19.41941492190286,0.8193400738191243,370.3581689032984,0.6025634126689442,-0.4124779960759521,0.06642694669873458,33.67701840400696,1790364366.6154017,0.0,0.0
15.92852434459075,0.15637162400689214,361.9363756985057,0.596478429328061,0.373800915513097,-0.04852995230269096,-19.284838598269037,0.6203193492413598,369.73162890008945,0.6019055766330706,-0.41264245523642074,0.06642694669873458,33.686524868011475,1790364366.6249082,0.0,0.0
15.98846633633984,0.08603726787562568,362.52886104907367,0.5971362653658938,0.3739653745456519,-0.04820103411821533,-19.199823432408486,0.6249018665925201,369.1503883045367,0.6005899045606129,-0.4109978636332779,0.06247992891674742,33.69564461708069,1790364366.634028,0.0,0.0
16.04808630234676,0.04081405525982805,363.0848791495621,0.5966428883375416,0.3734719974479298,-0.046885361381404686,-19.189917920017084,0.8768560653517901,368.617336902292,0.5997676095148452,-0.4101755678329923,0.05984858372070272,33.70603132247925,1790364366.6444147,0.0,0.0
16.09557532036959,0.0008681458625993048,363.6125782571269,0.5977941014034884,0.37511658777299867,-0.047707656841706636,-19.241300405802903,1.294347994629019,368.1160476394974,0.5984519374408451,-0.40984664951311806,0.05902628834561501,33.71659183502197,1790364366.6549752,0.0,0.0
16.120957355810663,-0.06403846543704618,364.1208531787983,0.5999320685240284,0.3759388829348144,-0.047707656841706636,-19.309994001819973,1.7181629891583892,367.61453208749504,0.5984519374408451,-0.41034002699298094,0.061328715394271635,33.725775480270386,1790364366.6641588,0.0,0.0
16.127203415239062,-0.18365383719180486,364.62388377117156,0.5979585604128499,0.3744587516432012,-0.04885887048727584,-19.357491893402738,2.003959001879342,367.0880120877738,0.5984519374408451,-0.4095177311933808,0.06478235595799937,33.736316204071045,1790364366.6746995,0.0,0.0
16.126351324013555,-0.37235970082484654,365.1255248011337,0.5977941014034884,0.3744587516432012,-0.04803657502601846,-19.37968704529521,2.1027398243193214,366.5391441468175,0.5940115441840628,-0.40803759875625834,0.06626248762477406,33.7454354763031,1790364366.6838188,0.0,0.0
16.12590369262576,-0.6152611062170917,365.59773916883233,0.5994386914964343,0.37560996487014553,-0.049187788671970004,-19.40316760024266,2.0687378736755506,365.98315858118025,0.5949982982420651,-0.4075442212778338,0.06247992891674742,33.75703263282776,1790364366.695416,0.0,0.0
16.125703820001455,-0.8708324872608798,365.99909576247103,0.60141219960601,0.37659671906392234,-0.04820103411821533,-19.45179677453317,1.9866456943566055,365.42492588384044,0.5954916752708647,-0.40721530295905517,0.05869737019540327,33.76502704620361,1790364366.7034104,0.0,0.0
16.124704125839784,-1.08614819391122,366.3228784291809,0.602234494651037,0.3774190142248769,-0.049187788671970004,-19.516355294130026,1.896937706246035,364.8724712770182,0.596971806356458,-0.4090243537140318,0.060177501870561194,33.77659845352173,1790364366.7149818,0.0,0.0
16.123836515818347,-1.210121872368153,366.6147317383306,0.6017411176240652,0.3772545551927242,-0.04968116594921615,-19.559454593567327,1.7906560536613416,364.3599916749578,0.596478429328061,-0.4068863846404134,0.05886182927052176,33.786107778549194,1790364366.7244911,0.0,0.0
16.124020987687643,-1.2046368680258484,366.93814960767673,0.6025634126689442,0.37807685035329636,-0.04968116594921615,-19.547100504317616,1.6521784435225684,363.93547185290225,0.5949982982420651,-0.40737976211842736,0.06215101076759455,33.79666709899902,1790364366.7350504,0.0,0.0
16.12675792941039,-1.0614563420699392,367.3325406109311,0.6048658387926406,0.3793925226092187,-0.04869441139496976,-19.476453138254254,1.490528809949376,363.62680346083505,0.5940115441840628,-0.4077086804372745,0.06445343780955086,33.80556511878967,1790364366.7439485,0.0,0.0
16.137423317859653,-0.820837555012109,367.8091096672757,0.6058525928447683,0.3793925226092187,-0.04803657502601846,-19.38087233837914,1.3370064224064722,363.4265575996783,0.5936826261646091,-0.4068863846404134,0.06116425631953147,33.81583333015442,1790364366.7542167,0.0,0.0
16.163927178041252,-0.5705830401756009,368.36831728831567,0.6048658387926406,0.38037927680035905,-0.047543197749591676,-19.304515219785966,1.2258617632770463,363.3081264729726,0.5940115441840628,-0.40737976211842736,0.06280884706579959,33.826531648635864,1790364366.764915,0.0,0.0
16.209053631453223,-0.41310609315403757,369.0016204165253,0.6065104288792258,0.3810371129274048,-0.04902332957960927,-19.267541852127426,1.1850042878808784,363.24394747121437,0.5917091180466301,-0.404912874731435,0.0614931744689866,33.83530855178833,1790364366.773692,0.0,0.0
16.26513390011792,-0.4176641819002659,369.6844863740563,0.6065104288792258,0.38037927680035905,-0.04803657502601846,-19.258789723845425,1.2408174088352297,363.1944073255114,0.5907223639868312,-0.4042550380962025,0.06165763354367637,33.84583830833435,1790364366.7842216,0.0,0.0
16.31836133179047,-0.5911344091542426,370.3767131659466,0.6065104288792258,0.38054373583214907,-0.04803657502601846,-19.258249161180444,1.4101397968181666,363.09135121460406,0.5908868229968351,-0.40441949725495935,0.06396006058668956,33.856390953063965,1790364366.7947743,0.0,0.0
16.359408088255794,-0.8840685997734414,371.0224048326473,0.6058525928447683,0.38037927680035905,-0.047543197749591676,-19.260849833508153,1.6685142714801975,362.8593005470668,0.5908868229968351,-0.40359720146151645,0.06067087909515978,33.86569428443909,1790364366.8040776,0.0,0.0
16.38793989144265,-1.2179475659751329,371.55489357553927,0.6063459698706335,0.38037927680035905,-0.04852995230269096,-19.27516658433622,1.933289637487621,362.45610719019487,0.587433183783595,-0.4026104465105116,0.05984858372070272,33.87615966796875,1790364366.814543,0.0,0.0
16.405654273748024,-1.5130035777249604,371.91824160589795,0.6065104288792258,0.38054373583214907,-0.049187788671970004,-19.30138263597664,2.1072950362642837,361.8859322566267,0.585953052690173,-0.402281528193783,0.06461789688378769,33.88668656349182,1790364366.82507,0.0,0.0
16.41121313354596,-1.7102183202522798,372.093629501285,0.6066748878878034,0.38070819486392005,-0.04820103411821533,-19.32203296939308,2.159079461941868,361.1910886061663,0.589735609926492,-0.402281528193783,0.06165763354367637,33.89560651779175,1790364366.8339899,0.0,0.0
16.4060459053671,-1.7879776781959449,372.10795153651713,0.6051947568100754,0.3797214406730084,-0.047707656841706636,-19.31764317597608,2.141995530967512,360.4468797946374,0.585953052690173,-0.4008013957701927,0.06116425631953147,33.90712285041809,1790364366.8455062,0.0,0.0
16.397185073928213,-1.7668593977602114,372.01862305921065,0.6071682649134479,0.38136603099081334,-0.04721427956544362,-19.284763790844192,2.122252646166276,359.7359229122007,0.5854596756587604,-0.4014592324025585,0.06264438799128609,33.9166464805603,1790364366.8550298,0.0,0.0
16.388503316384007,-1.6938739161703165,371.89518037353395,0.6076616419389602,0.381530490022489,-0.049187788671970004,-19.23527973128471,2.1241585664996867,359.1068612007847,0.585953052690173,-0.4012947732444159,0.06379560151235217,33.92653465270996,1790364366.864918,0.0,0.0
16.376115070441838,-1.6139677528417948,371.8117687238886,0.6093062320230469,0.3826817032436862,-0.05017454322670832,-19.180100287365562,2.158153325272711,358.5802500514096,0.5902289869567292,-0.40458395641375045,0.06527573318048366,33.935550689697266,1790364366.873934,0.0,0.0
16.357134186781103,-1.549984737579785,371.83660009122525,0.6088128549979749,0.3823527851805822,-0.047707656841706636,-19.121445830818015,2.2500683546107085,358.191150511022,0.5879265608144643,-0.4017881507189459,0.060506420020318794,33.94586157798767,1790364366.884245,0.0,0.0
16.336852347418883,-1.5009721236148685,372.00844624387304,0.6081550189643403,0.3818594080857834,-0.04803657502601846,-19.063367741369774,2.405773972962811,357.98395947763197,0.586281970711039,-0.4026104465105116,0.06116425631953147,33.956400632858276,1790364366.894784,0.0,0.0
16.323781521511243,-1.4524521577267622,372.31847806809503,0.6089773140063469,0.3830106213067142,-0.04672090228942616,-19.018716857748753,2.5647566367025583,357.96279770546914,0.5892422328961195,-0.4027749056689271,0.056723861292011096,33.96570324897766,1790364366.9040866,0.0,0.0
16.31933672168198,-1.3927590081066443,372.7211061965009,0.6104574450810355,0.38383291646395173,-0.04721427956544362,-18.994353912876907,2.6189624864351733,358.0879406102458,0.5895711509163829,-0.40359720146151645,0.06099979724476611,33.97523069381714,1790364366.913614,0.0,0.0
16.314602572572294,-1.3304970701293708,373.1618852523368,0.6089773140063469,0.3830106213067142,-0.048365493210439495,-18.974981054008893,2.4975770832541992,358.31937616506036,0.5877621018041895,-0.4032682831443783,0.06363114243798963,33.985207080841064,1790364366.9235904,0.0,0.0
16.29996532500036,-1.2983586262541147,373.5894288363079,0.6076616419389602,0.3818594080857834,-0.04672090228942616,-18.940773614350384,2.2345623851008063,358.623501798147,0.586775347742225,-0.40211706903546984,0.06330222428918911,33.99673557281494,1790364366.935119,0.0,0.0
16.27557284540107,-1.3341069725947485,373.9524899507014,0.6093062320230469,0.3835039984011137,-0.047707656841706636,-18.902413828643443,1.9450309141045377,358.94052814578555,0.5851307576377432,-0.4017881507189459,0.06527573318048366,34.00585603713989,1790364366.9442394,0.0,0.0
16.250254616916934,-1.4553301523435003,374.21150577937885,0.6089773140063469,0.38317508033819975,-0.0454052295545795,-18.90109135100994,1.7461160760102972,359.18038193304767,0.5866108887318447,-0.40195260987719084,0.06297330614028793,34.01639270782471,1790364366.954776,0.0,0.0
16.23199917047362,-1.6494892528733354,374.3609345029505,0.6079905599558949,0.3833395393696662,-0.04622752501365418,-18.967025940859763,1.6987200355400356,359.2662655602905,0.586775347742225,-0.40211706903546984,0.061328715394271635,34.02741503715515,1790364366.9657984,0.0,0.0
16.219932564782617,-1.8791335601618202,374.42552452512854,0.6076616419389602,0.3823527851805822,-0.047049820473410525,-19.08536952534848,1.787029372511051,359.1816253161686,0.5866108887318447,-0.40162369156073513,0.060177501870561194,34.036648988723755,1790364366.9750323,0.0,0.0
