frame,time_s,hip_R_flexion,hip_R_adduction,hip_R_int_rotation,hip_L_flexion,hip_L_adduction,hip_L_int_rotation,knee_R_flexion,knee_R_adduction,knee_R_int_rotation,knee_L_flexion,knee_L_adduction,knee_L_int_rotation,ankle_R_dorsiflexion,ankle_R_inversion,ankle_R_int_rotation,ankle_L_dorsiflexion,ankle_L_inversion,ankle_L_int_rotation,shoulder_R_flexion,shoulder_R_adduction,shoulder_R_int_rotation,shoulder_L_flexion,shoulder_L_adduction,shoulder_L_int_rotation,elbow_R_flexion,elbow_R_carry_angle,elbow_R_pronation,elbow_L_flexion,elbow_L_carry_angle,elbow_L_pronation,wrist_R_flexion,wrist_R_ulnar_deviation,wrist_R_rotation,wrist_L_flexion,wrist_L_ulnar_deviation,wrist_L_rotation,trunk_flexion,trunk_lateral_bend_R,trunk_axial_rot_L,neck_flexion,neck_lateral_bend_R,neck_axial_rot_L,pelvis_global_heading_yaw,pelvis_global_tilt_ant,pelvis_global_obliquity_Rup
0,0.0,12.140331769953468,-1.8919137530495291,-4.834388464558429,8.985652875744025,-0.4469761721779531,-9.746935186488292,5.568466398397864,1.0856725656872033,7.536038139368951e-07,4.161118095829244,2.5966024879265808,7.148113514226389e-07,2.427435282849097,7.05405384445956,-11.039459542147235,6.428589241665385,2.5350890031605204,-10.5905528539468,3.780053579576623,-13.567004324266868,19.862728038885084,3.1493394457811426,-4.155863105034077,31.555572494003542,17.45771072568676,-3.525585069974297e-07,104.75669307634934,20.22351584278702,1.6438902971087545e-07,83.99091149162115,-1.477732096010179,10.649016142086943,4.0296256488174143e-07,-3.577309231442313,5.556380723498098,-3.1798179437406424e-07,-8.637183727932435,5.950868281176985,0.4532664840420871,-18.08316648748549,-0.38804493757611186,13.072211284346643,129.38913141411575,11.99885475855784,0.10435240555964032
1,0.016666666666666666,12.002451904439573,-1.9852507188921236,-4.572767564424258,8.889629778578023,-0.5024533555208748,-10.13355462312708,5.499603567035769,1.3052217938463258,-2.8400098490984714e-07,4.150028943934468,2.5526206682174757,-5.382975908564276e-07,2.6295792407588388,7.360569443770567,-11.952980980348686,6.929238063542375,2.8099445475738594,-9.676531221418099,3.702224825519068,-13.665830010535652,21.64849102841987,3.900959402241045,-3.669389338264193,32.15441313368227,17.133742991802457,5.943338671073685e-07,106.66236545243197,18.364428846505227,-2.771427973901262e-07,83.75276963260268,-4.508430478405922,9.81553315296016,-1.353261805539401e-07,-2.6610962318565963,7.608814611661341,3.565509797630505e-07,-8.531081893795774,6.081166894893176,0.5495166936540955,-18.034517445958887,-1.1259760637880702,12.425631497817768,129.64903460323703,11.923213047745906,0.14490858446408048
2,0.03333333333333333,12.351371703192523,-2.0729016726082783,-5.317291167746143,9.130742859404759,-0.2510006325419923,-10.067745946385852,5.5614404636121995,1.0248181149240818,0.00012351907396344737,3.9585554227929527,2.5711520392232807,3.0701464822160366e-05,2.6600293675433218,7.161399749638365,-10.721133340647992,6.8949529955536795,2.0306880000980616,-9.917750102525094,3.5762058771301692,-13.658879670640387,20.264146117599395,4.2422390240063725,-3.2313208524578823,32.42789274287123,17.598591739626148,0.005612394079009515,104.31946121202282,17.364664078481727,-0.002363751420526582,82.5263729506256,-3.2888412632440662,9.865853811059406,0.0005826092938061276,-4.419093006904997,3.9765060117395623,0.027171958940644683,-8.663363911790057,5.977531607345101,0.3812889846803305,-17.988545230671768,-0.7241769656044978,12.58827895962799,129.6643448935607,12.207663412030923,-0.013729285423917364
3,0.05,12.641475958977754,-2.1034175221844054,-5.498053134248874,9.233708918606165,-0.2689215349157538,-10.344935422330561,5.857889449249783,1.0560413631605474,-0.00012376694964095372,4.005583370802355,2.693379473996296,0.00015689332166523011,2.637829814666045,7.021111958103867,-10.352472953810022,6.826236467065315,1.301054547796719,-10.000659721541812,3.616816362641824,-13.916468364919595,20.125022582544066,3.907662806805347,-3.4180271785894822,30.6437310939209,17.92964553944358,0.003797707228089214,102.46241069101995,18.984395306764092,-0.012081822680183847,83.45524241422443,-1.9948407076012051,10.391545304480077,-0.0008705097552249761,-3.373847858655227,8.358369028334394,0.04339526081841523,-8.73017472158741,5.986042268011687,0.3413524800147565,-17.968611600598837,-0.9359372886830666,12.56492090343272,129.4282083912964,12.297999372300438,0.00374882127378257
4,0.06666666666666667,12.76761691627921,-2.079678671461959,-4.984592305620977,9.214570831322208,-0.23643584580725804,-10.274465649225212,6.203407635130903,1.0526969673487447,-8.500230282231862e-05,4.100775420180048,2.641007221973342,7.645112781734661e-05,2.8451313167052135,7.53695327460048,-10.900925318984038,6.728356497295567,1.5326386390925333,-10.37286971428126,3.9873448643765155,-13.987802074598504,21.107941931963758,3.122783853254853,-3.835055343867391,28.89234258300105,17.607914671948926,0.0011349145658580521,102.46363338450777,20.941477007128114,0.015171573025983666,86.43642453856485,-1.6134111537569593,10.134349998956834,0.0037683572262786837,-1.7116920620847895,11.168370380632409,-0.025513994787374737,-8.752957528295708,5.93985922418038,0.45719326987797365,-18.018820163051412,-1.2958789139476867,12.430069719293162,129.11077836685928,12.24737127679945,0.0018159153094164137
5,0.08333333333333333,12.649480210067695,-1.897361626726233,-4.729088549793372,9.148466844372999,-0.27836403720186886,-10.131394075115741,6.127136012991342,0.8369277766668461,-0.00027031312768897766,4.053667895047649,2.4768774941491714,4.552988282220164e-07,2.8156883016467926,8.193351141014478,-11.273219305051253,6.632352113385574,2.0606435755448773,-10.280448485338757,4.0541681300860075,-13.926912957351172,22.75481776219569,3.3167849436449135,-3.6483864796680585,28.586132781557293,17.40346737445667,-0.0009984242186834558,102.26590632061014,20.092192565790864,-0.0047963338147167765,87.83084953860697,-3.0948937469193845,9.807003103962966,0.004048065059907314,-1.4747703115379585,10.433796031178542,-0.02168607088712409,-8.793965845966973,5.998218341410114,0.3790291079351667,-17.987784380391723,-1.238281430411955,12.078159905499229,129.12940077030186,12.20393872929258,0.05186809695727977
6,0.1,12.768402796919611,-1.638313358984292,-5.089849988892215,9.412292757379339,-0.5001454474201613,-10.184483773048113,5.974408934419895,0.6777949963936628,3.49454870846407e-05,4.160645422054301,2.3450078286825904,0.00025218389932072857,2.5577822083293515,8.019677023217303,-10.92861804311128,6.741953942243988,2.4617576550744342,-9.762428598923288,3.8641023913085184,-13.871462899132524,22.954423641770305,3.448302340325714,-3.518304395039798,29.056666510971095,17.617197683590444,-0.00040014659629842474,103.12624803622684,18.857136929013073,-0.009698123951713093,84.52069121466712,-3.2358352621093016,10.112922262120716,0.0006650616201501745,-2.9337743255776587,8.405881293686793,0.032657293219819215,-9.05353738969248,6.185673282253859,-0.10189487548266894,-18.007063775839796,-1.1753951689855167,11.979041504282808,129.33118872682485,12.405507507216502,0.24064973826210273
7,0.11666666666666667,12.817008843852317,-1.8021823618451078,-5.460916611878454,9.584187981833614,-0.3914803139100104,-9.867939322076513,5.825683022739804,0.8416658779312359,0.0001809356847105429,4.182893794435123,2.2209441852611342,-0.0001256642805732547,2.5533855323254966,7.689466940743248,-10.598206396187765,6.83193740758731,2.678693553369782,-9.946110653018271,3.639024119462111,-13.77124665344726,21.054319332862946,2.9238773163635443,-3.803146669628845,29.873466861116864,17.859906506421282,0.0009571662715673425,105.47372830843594,19.10047799027294,0.013916707734216424,81.80526987493874,-1.7760351417304234,9.821228485558104,-0.0015273468015703123,-4.5398139953070045,5.966908034644177,0.02629956462068724,-9.202252226941987,6.117516201411183,-0.48049083702306267,-18.10640766722555,-1.4172285847712054,12.148673109099034,129.49263250872383,12.536382170722916,0.202014620734875
8,0.13333333333333333,12.688053772616286,-2.1702070078698465,-5.838379578938309,9.483994638149012,-0.1074958847865851,-9.604271910770033,5.593629113275271,1.1455995307976001,-0.00011860157021763388,3.9046277521449544,2.2105335440518528,-7.64299459708085e-05,2.638942056740755,7.339301655363303,-10.265297534167,6.652045243378145,2.295452418038409,-10.468406510686211,3.2919985260387516,-13.805520558663655,19.543398012757205,3.089183300155589,-3.805633207532823,29.869246338328534,18.269727827564683,0.0025461504538146582,105.41840214512634,19.60298932554586,-0.007953585957071718,85.04929085561719,-1.9526439712681367,9.724335704344403,-0.002264284735578336,-4.287578026331935,6.710064536797405,0.005582055971692093,-9.172995117323117,5.999555707464981,-0.3511458867880856,-18.20174658148608,-1.7003917468058445,12.20321259362898,129.5343078076155,12.556069589360126,0.03960220274266571
9,0.15,12.871824302587415,-2.1520220200363993,-5.633785842316164,9.419640271375647,-0.1707501818257244,-9.879285511004488,5.753843496305387,1.150221406185128,0.0003001902027878579,3.689612811911499,2.4832209198579474,1.59203245922441e-05,2.762754376272236,7.109522251944494,-10.410320904379157,6.566615206214429,1.4700253743860123,-10.29250964751291,3.2669725050574248,-13.746574668166819,19.631675912021105,3.100631431649907,-3.8882617729390923,29.113648597099022,18.346176884640442,-0.001284404660179065,104.0682335477893,20.7040238002054,0.0063431028786844765,87.91309657810194,-3.4578181083520403,10.043076342161692,-0.002851619679591457,-3.408259202987635,8.281217521061263,-0.007806742481019084,-9.145653819868055,6.054604948194268,-0.07562660449829732,-18.241526077906173,-1.9501238548969633,12.22807552357258,129.3992615499294,12.642603705866444,0.06738998395697027
10,0.16666666666666666,12.976988299046049,-1.970378720956238,-4.752244705716765,9.224357489549242,-0.3557323097088246,-9.923754590853004,6.172914618422615,1.125754991046855,-0.00010529549379332981,3.7164159560264944,2.685316819034637,6.0414263279409966e-05,2.884626498682022,7.047725745013402,-11.025501689562965,6.740582569470669,0.8584304964809198,-10.20323057583618,3.4969251901530343,-13.61224423217044,20.055720116165947,2.023827499584676,-4.323320050318534,29.14946637596887,18.094809874571403,-0.0014238214908668943,104.26718139980176,22.24450785556952,0.008670433813697108,85.80729909380666,-3.8563151793267143,9.84360952854891,-0.00019200547230515625,-3.8929340207545406,7.328089986070933,0.002036862326663865,-8.932122439470167,6.155731735807969,0.035214962413369175,-18.045099092467765,-1.8479301249036852,12.163120954097842,129.18858859081743,12.487354842670172,0.1778137643935893
11,0.18333333333333332,12.637449327243102,-1.9537566575709633,-4.341631668463041,8.989097716119524,-0.41347868156730855,-9.58333449889187,6.206489327428894,1.4274251863806915,-0.00010781538834887058,3.901201952525227,2.448372267233551,0.000257757845213999,2.714750382648037,6.910631807374103,-11.383477094121258,6.881375303963898,1.1858652517061847,-10.621645477990748,3.428661365015551,-13.789862340509583,20.336995019003776,1.8419251374062093,-4.032492586254734,29.13319697204457,18.247986236322856,-0.0021164670812819195,104.71427741063187,21.678135922239548,0.0031235338886163528,84.67490205872879,-4.065444759573545,9.530528039093044,0.0008657364881466601,-4.148494452700902,6.485605324507049,-0.003667280889706662,-8.589578091557575,6.407565240683615,-0.13065812578483885,-17.802285595321816,-1.5669702564602945,12.013419837875022,129.22720252786635,12.138736706424728,0.30312341103202706
12,0.2,12.449548925625951,-1.9822069138568932,-4.382554820142148,8.984319581188593,-0.397827727191777,-9.658747715305129,6.048558462851888,1.4428146780052094,-7.633726734028227e-05,4.005831924025291,2.2705954613335773,-5.054514328208501e-05,2.660063104006006,7.60213515597372,-11.76679214286306,6.7796274653771045,1.912147479969822,-10.452828998366053,3.330648878889936,-13.816454815318203,20.3345919191423,2.6811341185449353,-3.4355525400864124,28.22366188329525,18.22614627940967,0.002184917131921107,104.81727896344134,20.213224299029406,0.006298462519459987,85.66804427127738,-4.250661231650283,9.01328568218347,-0.005036429913631088,-3.138285232406602,8.04665720718559,-0.0010213148427869992,-8.49769433808632,6.415352431205953,-0.24992526669090273,-17.905318045164083,-1.6300223218228715,12.024148799930977,129.38860051155203,12.054807288728274,0.2997263678109381
13,0.21666666666666667,12.85011903157842,-2.009100010411437,-4.53896047766665,9.309294225449761,-0.3400356228930754,-10.009997269299507,6.197551269164235,1.112111046558342,0.00024830471027237404,4.032754902863376,2.4559667603255937,-9.38183557243952e-05,2.982271581908607,8.108260426808652,-11.606384620210903,6.816817430753156,1.8237567091538434,-9.915707596153247,3.542604359396525,-13.670633893126597,20.255142203813918,3.096092460160455,-3.66098109465332,28.816790004569814,17.93316903883791,0.0052173224558472,104.28908205662474,19.940971611559526,-0.00045867790954857285,84.83579413938061,-2.836660101952693,9.013241375354042,0.005776539935982587,-3.051194474502128,9.143744242376242,-0.004114141660026224,-8.756348374297502,6.037005852742837,0.055782318788948876,-18.061264310372383,-1.5207050787302505,11.827176984850249,129.32097500683355,12.38735241423116,0.12712931648156522
14,0.23333333333333334,13.300009471987295,-2.0374794589844276,-4.835841883972692,9.782111728153787,-0.2977745535716837,-10.09269264388452,6.379208745411112,1.073295809600256,-7.921722636238266e-07,4.251881494336831,2.507571999184558,8.038613905961162e-05,3.0013801853171405,7.39756882226155,-10.94737210317722,7.146376428635258,1.6932412774238443,-9.863792773060961,3.6911716938564543,-13.765685092669527,20.673463984984075,3.364401103813731,-3.9648007115326185,30.170160765998265,18.07155005942986,0.002365929989482027,103.7283250925632,19.71897720804245,0.009118159092627946,84.56273932302537,-1.8903387503496565,9.979034157480788,0.0036240410014089426,-3.863750117720816,6.8084402960299215,-0.008303586789560797,-9.033964549303969,5.929880703363494,0.1253966318739623,-17.985242009855106,-1.0410871687470737,11.587219424581384,129.2731758654351,12.761638095160679,0.07333804154069153
15,0.25,13.185134478597151,-1.952742761129542,-4.954769725176939,9.853550442093415,-0.34313997189570583,-10.311620829448904,6.202461931578588,1.1079718646122256,-0.00015678561412147828,4.495568889568927,2.32309530346379,-1.952429024911852e-05,2.6318178765121756,7.364923488850161,-11.000729698854052,7.266741023070356,2.440594465261089,-9.898478231254497,3.5688669423490422,-13.647761283984455,20.739695285207212,2.9690822727466144,-3.9866717238289024,29.110627456100378,17.976052629538106,0.00014392513237317426,104.93541450771636,20.79562544914017,-0.005556314030536979,87.01562181462253,-3.143091892034993,9.869224165854217,0.003947311178922531,-3.15365291774044,6.939585011793676,0.01994776623339156,-9.038562040772174,6.11392322139376,-0.0047277650612342495,-17.92613540366651,-1.0761390846529912,11.731035942049946,129.2914470470628,12.72653119712309,0.20171138110615813
16,0.26666666666666666,12.723041688577025,-1.9712927612650113,-4.639035726253538,9.539797127553058,-0.3084986054294442,-10.511962551675127,5.827934447551213,0.9758826818050157,-0.00011959778428807974,4.514734634424088,2.2976756081102128,3.194341682111153e-05,2.4337949512667962,8.612757073874867,-11.387511981133546,7.108046068494119,2.580531714753273,-10.114354140052635,3.5848188890021686,-13.39025874060134,20.143463136174198,2.2491574809352084,-3.99631899418861,27.50078893361382,17.486957971967446,-0.0037598464896070783,106.08623833832212,22.464124028960253,0.01261210874790674,88.09056170865802,-4.13800281319422,8.87990005708604,-0.003518897802719134,-1.7061182874567198,10.28699865155068,0.01018076687354174,-8.752608895099188,6.121767640013531,0.3049511056423094,-17.897813500274985,-1.3606987780988522,11.85370607618251,129.13556413706849,12.440261749499827,0.19818371720527575
17,0.2833333333333333,12.557990396443687,-2.1352591464388575,-4.350708102934826,9.415049630598467,-0.18164047987229198,-10.365347346652642,5.7360194611117965,0.9973572291799524,6.568634795271889e-05,4.467959237300185,2.366610034129703,0.0001305158218922518,2.570539575638183,9.338872650057906,-11.435120443962264,7.117825864271561,1.5825670891091945,-10.4239937910327,3.6707037699140335,-13.448271134563377,19.782917479243903,2.9057224827226604,-3.803430290304422,28.03682776425398,17.707079751320336,-0.0003074501818215476,106.36658259421796,21.04458705536332,-0.011353700940798845,85.40044825935797,-3.7639937983657137,9.12286088527651,0.00040053153772985763,-1.8096822203362561,8.69587093802743,0.004316115721211097,-8.479557998594238,6.08063091984448,0.3507650444314709,-17.892530827877323,-1.2346484671061784,12.075334475429402,129.04391150985828,12.342803755305516,0.09133040944661942
18,0.3,12.83252526960259,-1.9388861853718395,-5.0246312533373345,9.580283341129144,-0.3202257589931595,-10.170192416564532,6.049975363425463,1.0450325684746704,0.00010356671078324603,4.443133926475451,2.263464442050036,0.0001359470011171242,2.6411885146840026,8.336907764475425,-10.848478096531618,7.274714583207883,1.327582013272213,-10.310246199234983,3.467183258608235,-13.627173538424051,20.14963076869767,3.3236477862787406,-3.8750355502594953,29.30838729317648,18.260530928969935,0.0022927330569190055,105.41252229121996,20.083716236914363,-0.011142920527686145,84.6721017817232,-3.7430567753799053,9.513193510494967,0.0029063196660566917,-2.690569541189109,5.877133681124757,-0.005251405034957966,-8.583717735638855,6.340852150702745,-0.09771653268132285,-17.88023722426167,-1.4293834933780394,12.457776289057383,129.19721114638347,12.474173318852756,0.29536582757761826
19,0.31666666666666665,12.967351359068068,-1.7361220895717253,-5.606820388147646,9.701668787923838,-0.40416028654432556,-9.68158038613446,6.128567529081935,0.9563553392618224,-2.265135934746865e-05,4.372882040402045,2.1261895090825864,0.0001273512624282101,2.503349725919699,7.280758503343808,-10.349642457790619,7.161674786595533,1.9757488296350278,-10.616688799036579,3.3336947445336333,-13.777889081048555,20.822549233975028,2.537924095509966,-4.221536791106271,29.199870299820507,18.20461160595267,-0.0023775851983186755,103.43411867836835,22.12497585761764,-0.02658281821096815,88.38017530108637,-4.400766193420249,8.84827389696886,0.0013585710757580164,-2.900207021926402,7.877824326859576,-0.0014885503595506106,-8.753941673543215,6.440470680450268,-0.0998770267350847,-17.826914894725547,-2.147946792127297,12.517967291202211,129.31491844438239,12.571208949335473,0.4464846687405654
20,0.3333333333333333,12.725430982397443,-1.9912328862379136,-5.053311143129319,9.614239194236335,-0.15681657446524283,-9.208847665502008,5.813108859465819,1.020342224876988,0.00014554383365045556,4.3099515155555315,2.0932429985569656,2.6715692995845568e-05,2.575743911164998,7.843396247686843,-10.737241809712106,7.208358791960678,2.210712613066526,-11.118699828536823,3.4435823348008463,-13.7212970741442,20.02641798874179,2.7753075908898905,-4.066016248029385,28.840176262797836,18.053121419698996,-0.0008618026886786333,105.70350831040315,22.03939689504967,0.004109982835479787,89.95624084332839,-4.119304564236382,8.589284478461915,0.00026314404024981925,-2.915518527029028,8.702319338888001,0.007870626211525303,-8.59203054153963,6.104731804612913,0.352277349565021,-18.09027557086383,-2.385442593016287,12.367188991005014,129.18644781410651,12.521808404856198,0.23433869973192914
21,0.35,12.812640981475244,-2.142301387845383,-5.2894199556199455,9.803881105964079,-0.07767681557348384,-9.62710211712382,5.678164733565089,1.2219395322207978,-0.00013224809940241337,4.435600912655354,2.002050398020393,0.0005190326625721952,2.6770871306237347,7.969783036678546,-10.385974702209957,7.5151052901119755,2.214745623556764,-10.674175904321867,3.5202093566023165,-13.413728289369843,18.3919395745894,3.151405097292845,-3.8806023989300544,29.395869038584724,17.926391966922562,-0.004818954905023518,109.04707957409391,20.36505473210244,-0.013589500896172809,88.59474287277543,-3.4176991643637677,8.548756286995909,0.0023478799815933303,-2.9604777236927746,7.252372144278519,0.008886663972143152,-8.652066871050769,5.97702355105795,0.3987043954560316,-18.410364402526987,-1.7927040841621031,12.03911641149248,129.05206116375018,12.689863859273084,0.1959638344404327
22,0.36666666666666664,13.194125282204922,-2.068238608262652,-6.254494514568269,10.257691289263457,-0.14297458384782794,-10.269547810109914,5.718247816484729,1.1598559191600908,-6.271801755593283e-05,4.685011566257904,1.9529051212068846,0.00038643482850275317,2.586333336262814,7.51291887804525,-9.48589495422442,7.350567531675241,2.374152827300577,-10.251604958935822,3.546447792096502,-13.241025518862,18.860475346073596,2.2818120220465667,-4.089255225721898,29.156486389238225,17.630260950277382,-0.004199755618332314,106.6239769893408,21.11310637630036,-0.008957317511361647,88.52470027822005,-4.283355535989873,8.26742211662887,-0.004150927681439614,-3.028806176694438,8.146484203833129,0.005359132938837974,-9.005003952945696,6.038511903610059,0.03496201022976615,-18.38471168990485,-1.2680467817926748,11.693228365231114,129.12458112085525,13.004357226752946,0.2581055185916389
23,0.38333333333333336,12.99647665161056,-2.0963228040314075,-5.820254863367137,10.10622061136405,-0.12703869183523125,-9.910389692226051,5.776250649383368,1.008793279549904,-0.0001469064998139035,4.7975458800430735,2.0767708533054687,-2.5131089469669094e-05,2.620898818769663,8.136774701591058,-10.093464329811876,7.1268103432397565,2.5840558751512694,-10.678399438016463,3.4505546073731432,-13.261293921263185,19.85032984265523,2.208209167814033,-4.020723467034762,27.987554479118213,17.855797511433693,-0.0014058439392906083,105.06253823916127,21.75310778484631,0.010848696248323584,90.17756230897727,-4.923081222505386,9.012223068419187,-0.0031066795325468775,-3.0513741605331384,8.704790150461472,-0.0014496847053727443,-8.77983129783571,5.966643310514519,-0.1539447825443574,-18.312680959784387,-1.3894044818365916,11.744159817144332,129.29610033117132,12.775367281207465,0.1672397995365259
24,0.4,12.775714091402659,-2.2706638325933906,-4.93273157444704,9.938697739334003,-0.07863446956299776,-8.767292948039048,5.943392072387655,1.2563305478526585,-0.00015044058309897454,4.86127120854074,2.0316954729005547,0.00028521631709537624,2.5972423703634955,8.303655499516244,-11.07645147661243,7.302856727607496,2.785509458530449,-11.214970361886524,3.2722887845887687,-13.274512944903528,19.353924343557402,2.924109423973297,-3.7914738766557434,27.32984778011867,18.23067165338914,-0.002272716139991186,106.94662051004863,20.850825135367618,-0.004916146782724102,90.38338307506872,-4.0527524715506305,9.745252365522532,0.0009251846232067379,-2.6229959532476688,7.552808201326831,-0.004169401462415835,-8.466384752235035,5.959467503549338,-0.33675033915441555,-18.231190807801376,-1.6432929623867658,12.021350538000103,129.55344882215118,12.52921997196452,0.13522586877422693
25,0.4166666666666667,13.180959346602606,-2.434336457768403,-5.099464935204636,10.264357693642191,0.024592102571998856,-8.314284810730006,6.11218999954506,1.4570188851131283,0.00047595195869042534,4.785908471069109,1.9043085469090693,-0.0001766176817816685,2.4739659566409973,8.103231894983018,-10.847291794966246,7.398722997325504,2.518661226507801,-11.30790448041939,3.3551487388125016,-13.336299991933997,19.519590161740716,2.747882119805379,-4.032720676352977,27.8437744369202,17.885938749223204,-0.001779242821048941,106.40941487923274,21.02889905175253,0.0002849375740265474,87.24954486482164,-3.9661093182235545,8.983105477193568,0.003680103490789892,-2.8935841760321668,7.0281854592858695,0.0023745610659453736,-8.709139584811089,5.896919467546329,-0.3671911258517377,-18.054428833489567,-1.711931790276261,12.209539794985176,129.61187111122737,12.852764750691058,0.11556473871432917
26,0.43333333333333335,13.197871027243837,-2.3917226505484854,-5.249112319758863,10.194163690008947,0.04684238356508912,-9.248023720832066,6.087475820073425,1.3805371590514375,0.0004569275411272702,4.774956549815374,1.842849639841911,-7.506297659837829e-05,2.470181668191119,8.416933866312634,-10.502859109126447,7.35850980023378,2.1268600964667668,-10.82058849993821,3.498251216229478,-13.414722051095039,19.3064455380524,2.1379416481104294,-4.414091245077334,28.89535884342201,17.6443278865028,0.0005207254729025384,106.46787828336383,22.310712448183125,-0.011755904910189631,85.58629202374667,-3.7963126062653223,7.8283519948571,-0.002420779666545642,-3.537375142877798,6.880857640424553,0.0008731122347537824,-8.607621435829639,5.781878200721262,0.1951972193487215,-17.89504407376383,-1.68681861006887,11.99671710254699,129.28319212046554,12.862357380737492,0.12725621517361477
27,0.45,12.630275779634612,-2.403530077471447,-4.538849592367743,10.070922036871076,0.13038498846266539,-9.578216730757479,5.873616198315964,1.5365211104426777,0.0004093980404161562,5.4769062329960585,1.5560754012612403,0.0014784453218103957,2.2936841073140717,8.257154739486547,-11.028057230617396,7.293140168106298,2.47529575862105,-10.846365536229822,3.3581000050625684,-13.339321452521608,17.469543643813118,2.0895310619109413,-4.312320003477987,28.3942693212091,18.196643068976805,0.0028182445452392887,108.79011805026131,22.53465086717271,0.007916484083084695,87.31569632789096,-2.5782109349760005,7.644431113940697,0.0010069557575141375,-2.983072296843488,7.719537101025273,-0.00207271785587118,-8.051341987236304,5.7692914788673715,0.40434283428422596,-17.842553033733946,-1.6375303001900547,11.789437273762369,129.08879604212055,12.408726886154712,0.14318335446199998
28,0.4666666666666667,12.451450511367476,-2.6461597375314496,-4.252219139551321,10.44068721992529,0.361872304806334,-8.40688392006038,5.848045252582273,1.7602090067557825,-0.00013209666457393059,6.432161924025879,1.311586253986025,-0.0012100780344006133,2.2308399277898183,7.821670398440817,-11.102376613574725,7.309775948811918,2.7593447454258326,-11.933032557774725,3.414382008118558,-13.227623045209493,17.477418599833854,2.59113516448902,-4.008110807430878,27.311277653128332,18.284776802403634,-0.0010628566321006189,108.41991697473817,21.347916313244166,-0.008613198325177669,87.380086179732,-2.7560877262465318,8.073688346816331,-0.0014898053180375185,-2.889812192215143,8.445862414672902,0.0070671389691477115,-7.818022142138433,5.667380901583591,0.09246928024996284,-17.946666559070277,-1.6427267649652089,11.99074768322581,129.04763381999265,12.216372809511975,0.04309861296765111
29,0.48333333333333334,12.690245845169262,-2.7910637724675333,-4.790972319875606,11.115899574660887,0.5138477524566206,-7.754782704566121,6.020650149502015,1.786763095413755,1.983469726249185e-05,7.343348862470497,1.1854880554276392,-0.00014235070440990269,2.7338204861950497,7.67620511981769,-10.354109341177693,7.656833341475931,2.0053155515048497,-12.457609081877257,3.677200502389704,-13.309948893590855,19.346697658301625,2.7696547653913264,-3.984273070186478,27.982606951482033,17.485345557615773,-0.004800581728143404,105.76514767222943,20.76433761462806,0.006283955370826118,84.44926697766161,-3.9245110392559988,7.761389284252072,-0.001442094077071252,-4.291757411833859,6.506374984407986,0.004341494394547549,-7.986624662723806,5.589145137950656,0.202587762658942,-18.08679715811539,-1.551531335512709,11.738931187901255,128.97664085589307,12.363526180115949,0.027377281599233333
30,0.5,13.01932327386896,-2.736892947487286,-4.91574015149195,12.107190667341097,0.6671914370189724,-7.745989792684319,6.044791381073318,1.6823625820571153,1.7993776603891098e-05,8.434366776484948,0.7400964187663482,0.0017055815055232037,3.165542278132433,8.19402022306387,-10.317070517062142,8.090764806015741,1.47546625041836,-12.500319826302832,3.573264415994217,-13.503967170991759,19.562116143389563,2.4506679877306414,-4.057833757778701,28.551478773047506,17.427607376721234,0.006402805672167619,104.13664727264022,21.54736082414327,0.0059612639894182145,82.5363532883554,-3.769862764536241,7.25863067688586,-0.0015281142262411063,-4.799379651421349,5.941150808313499,-0.01836012014665508,-8.347399497843256,5.670698146026787,0.4003672359450922,-18.19392723479601,-1.3836093632177024,11.17433631153389,129.02306684983455,12.720581724136927,0.11482527206812124
31,0.5166666666666667,13.18600891838533,-2.695281963031363,-4.451868695240844,12.624669001438129,0.8480453300881331,-7.2162617755519145,5.995814998336789,1.7339132592963702,9.376293032416214e-05,9.016382258383375,0.2969616317703955,-0.001261479158153635,3.0641733896248278,8.584218108488987,-10.829518371842182,8.356103845572077,1.679939913490123,-13.303001210766016,3.6543167825074305,-13.64598004827203,18.15177446864656,2.6166150202768512,-3.9657343543805417,28.190255539146445,18.04470637483735,-0.001137930161045517,104.85384301163889,21.6472414912852,-0.00319636286948744,82.97540577166784,-2.31040864876538,7.678282558879824,0.0018052220943656522,-3.0838861807732254,9.30965631622476,0.029571681641472763,-8.38811807255622,5.686579568339651,0.4172491777844901,-18.262548353249336,-1.3304879602060597,11.083886905135374,128.88781195623105,12.906871030615363,0.18836140437417873
32,0.5333333333333333,13.041600124037288,-2.9531871844210165,-4.26249880123796,12.455429457855823,1.032138472404561,-7.129315007307051,6.016709352224419,2.1922871529342376,2.0262269713019497e-05,9.146247751189051,0.08016380795614376,-6.984093417010997e-05,2.7691680407937396,7.802467871414346,-10.571159578455083,8.763082316054907,1.5057098667076898,-13.601727069672007,4.020109624099103,-13.702644120819524,17.55114644220323,3.113917057736917,-3.88331125142164,28.708005863182905,18.057103262736746,-0.0008852185288901814,105.79846476884138,20.812249904475355,0.004979162054622785,84.26695210568802,-1.5923091814354133,7.83081384376339,-0.0013267477700369256,-1.5402215263445007,11.016650625901928,0.008609639722733268,-7.997508957518787,5.528377980309159,0.5011169924378818,-18.159446153369235,-1.1219355068473533,11.045215830926274,128.60334732294882,12.71661277067425,0.19417633242219842
33,0.55,13.017601211182876,-3.232136106060979,-4.6519148345972186,12.556817108327111,1.2212832713962958,-8.198346793786115,6.0723832375683795,2.4370049642123637,4.516278887139855e-05,9.529490518360232,-0.25609794171237893,0.0007467067773197155,2.6356331495514547,7.0545444149510255,-9.610650355832973,9.311706861519319,1.8270153661013384,-12.692213807828109,3.7321103830972655,-13.610867996923531,17.63954967288678,2.6427137878179727,-3.9218264618691507,28.861404492962063,18.09399687850254,-0.00319521427059738,105.1017651926201,21.382651597645562,-0.0038655668482288326,86.57604189137979,-2.8220524449920616,7.5699272477457615,0.0008461541917459414,-1.2075182414421757,10.763956959647961,0.03489982350842459,-7.9201440453332195,5.372203101834446,0.6567292654930685,-18.26865966978386,-0.8054660966534168,10.927319478005213,128.50141498635682,12.689639074411899,0.15238507033428386
34,0.5666666666666667,12.994596527308772,-3.043755443596964,-4.545874743002739,12.610298310027245,1.139220766108641,-8.649094934779576,6.1745442420872205,2.2488404132988125,7.972708185293933e-05,9.758461092466701,-0.3702513740466296,-7.418938636623942e-05,2.757621373411011,6.826153738119633,-9.456992288687173,9.219320493831322,2.390441315256254,-12.464964676331922,3.403069153758755,-13.529955710390931,17.919043935766258,1.8424615545256455,-3.9081842098828883,27.5941423957674,18.168253301638998,0.0032995722705668204,105.80218496235673,22.40334836127515,0.010108283389031695,88.01985206923804,-4.3963581220064745,7.827527009418044,0.0003451706413482717,0.11223346242772056,12.066566647319132,0.0276043350389107,-7.892015372040826,5.441148376155311,0.9572977980787669,-18.94793536273466,-0.9519425420317944,10.821200583609057,128.40016916200884,12.697048836894487,0.2870773253036231
35,0.5833333333333334,12.756309948492547,-2.9250559871305355,-3.7437841389034947,12.21815701706699,1.1356102485615829,-8.284317053724354,6.423003444352315,2.2066297022811487,-0.00022672471733157436,9.567836858036879,-0.23806927391936478,0.0003361940843117586,3.1455779067161656,6.3845395333050226,-10.408514235893975,8.523430116187262,1.4898820103306203,-12.686039373693854,3.727878443041317,-13.855356128975066,19.29954856409795,2.236281964098099,-3.661470683029601,27.314915454384025,17.53819910366284,0.003922944036515106,107.01874103147982,21.30793686668377,0.0016066873387964563,87.59685401117697,-4.51606927179349,7.6067975241512045,-0.0030495871378182723,1.0150420548284633,11.97062199023357,-0.014951611927549345,-7.472888450968013,5.53066894729803,0.9993795226231723,-19.24426615299631,-1.3234493270629195,10.359155222759972,128.40121527514847,12.418415906841476,0.3856917717093036
36,0.6,12.77010557473485,-3.083062395704431,-3.6166743050552146,12.051622873023295,1.3166318642286698,-8.56055704798519,6.727999036545014,2.2381834480541567,-1.4650732958866398e-05,9.425818419254165,-0.31697628399620054,0.00024763312626423125,3.511696656067996,6.269868875125605,-10.957869264942628,8.424602605888792,0.9224681147759586,-12.062485478363037,3.7152145822359577,-14.395334399541106,19.121822007222125,2.799197972849815,-3.358883932048082,28.726297748298165,17.548465041545718,-0.007090561034217039,106.72914716095183,20.2881340106853,-0.01722818931917628,89.33398239144547,-3.0278557619377766,7.165962441024172,0.0034162359324486358,-0.41647399618191056,10.430032993843112,0.004536953030171841,-7.339581907636695,5.595672793844649,0.6559394170226672,-18.704268105201997,-1.3289012120181534,9.909226939085267,128.62178667316647,12.317463955117992,0.3628703883899391
37,0.6166666666666667,13.003793475099577,-3.1399394513525873,-3.6094565132942247,12.220544148677908,1.3315477723734723,-8.357371764204478,6.927174391254268,2.098688728523746,2.6177976988893544e-05,9.618823212692199,-0.22038584204295375,-0.00045497965832011033,3.5216118991118064,6.677270407671946,-11.02982983901819,8.726735361960925,1.44716027181457,-12.086870038549273,3.1765777249210077,-14.458765098375897,16.412897104365832,2.4563846195998074,-3.4283397412156353,30.091958079596438,18.324154870033844,-0.0067591309223385245,108.18335713987959,21.21264004466515,0.002239448515165809,90.86783286388189,-2.126619292597953,7.638212802036199,0.0041788962771583255,-1.3898524266247623,11.29755859889492,0.012744852801238863,-7.565278041492801,5.639110114139113,0.5368260899362269,-18.397906427216146,-1.1836932555727462,9.794069619164183,128.7161165273184,12.466837861088425,0.37062689439421165
38,0.6333333333333333,13.185388191639472,-3.379911072082384,-3.2982853890922055,12.457198809298411,1.557410139580276,-7.72754234082898,7.200621926892217,1.9437978348420255,-0.00018860018450290788,10.05368278222145,0.008317048149830614,-0.00012085712445183208,3.617242261169928,7.072414152813881,-11.117742641679117,8.78514305964937,1.1656091378741267,-12.62770314102001,3.0938546932972133,-14.33454024441989,15.443286740171276,2.1487857254055607,-3.7131731108021415,31.50068751969111,18.320895496214412,0.004893681549074804,110.01476068782425,21.489336683454486,-0.007702617793724236,86.38873750147638,-2.6229999350392883,7.970640600617357,-0.002794183963932034,-1.249719813813331,11.13501175241662,0.023706192269639034,-7.644772109579094,5.4242118671240025,0.5334801526382534,-18.695499753248264,-1.3634531649859505,9.636489035681029,128.7946464997556,12.625509068824893,0.16429007314013125
39,0.65,13.140634495173297,-3.392670045389419,-3.7696822925201667,12.209712599003403,1.5941328891101996,-8.021753196678155,7.7893139829255285,1.7384028075733904,-2.5683854954518156e-05,10.18617222553412,0.04871908236098034,0.0004410671038499444,4.057721935964896,7.554121599611563,-10.895376620656682,9.175965227844992,0.7821857567689965,-12.366586752055015,3.269493971431243,-14.606426258882161,16.229451872186957,2.0878913936372925,-3.764232082972668,33.31010652934241,18.18445895151035,0.0002455672691806098,108.98754743185832,20.390336122591947,-0.0001936139880536621,80.84416933346056,-1.8268855280289429,8.053422824958904,0.00271011996287361,-2.433255992806523,6.413693611187581,0.03856313946986489,-7.381096183863888,5.454575637061633,0.23322758740450195,-18.9498085468604,-1.7534947277485227,9.718879124496228,128.93785973016125,12.466508194029327,0.21441457384928614
40,0.6666666666666666,13.023447988631794,-2.9984231572538524,-4.120387384111656,11.443878252163605,1.2083702833372774,-8.149339620445854,8.71737254713988,1.4474280126931427,0.0005601372274105673,9.981781249890515,0.24414039694634745,0.00013080961774834476,4.37111963397636,7.470688102953846,-10.82241495062599,9.599542120278633,1.1480133712640213,-12.220638442698844,2.9862726925359273,-14.83559292770954,16.435836706084952,2.0614179210425854,-3.7756575446613345,34.48220575624787,18.614975041856656,-0.0008871798468521091,107.48200666806538,19.70426116664317,0.008381812864407617,79.51188735294102,-0.873486657712719,8.445558385299902,0.0032939024584164285,-4.056666004885999,3.3036691124688686,-0.03066576353867009,-6.942794873567702,5.677609088116849,0.05265345035804503,-19.160900735249108,-1.690258511785801,9.897274092768347,128.85808153798547,11.978095070681688,0.6097785529185544
41,0.6833333333333333,13.743232844347482,-3.258696189805641,-3.503433297249986,11.520880814518863,1.517348441114797,-7.922797638143879,9.8689714208785,1.2416069651557433,-0.00028763312505872854,10.037486896693025,0.40700703981096203,-8.263664564221093e-05,4.542214973911481,6.875407762095695,-11.230462246824793,9.373865686864333,1.02784391983095,-12.281705139240858,2.656691601998654,-14.847682707585557,16.585480994694425,2.4882586495988472,-4.038424944073289,34.99497670293617,18.817225672792617,1.8191462465775865e-05,108.04660785632421,19.6348331248621,-0.006928598450308764,81.11513720495036,-1.725510829424149,8.49490473237019,0.00048002420207882596,-3.673644218538243,5.351898841870621,0.005120909376024741,-7.00413310681149,5.3272976171680595,0.14555685648338262,-19.725174910477474,-1.0603626921676572,9.446978767900095,128.75835218941214,12.148725181490889,0.4085145775909839
42,0.7,15.240049249032543,-3.8236724671106312,-2.8806464878161724,12.242357132015082,2.171500874371613,-8.0634694184811,11.496451076707597,1.0330573301107127,-0.0013315176932397728,10.269659629547489,0.3783682242160511,0.00033871610760896956,4.805860532840763,7.473680873049655,-11.710119427321834,9.054935490645953,0.5669489849593728,-12.17347242306533,2.5955460591986785,-14.849480160418956,16.52841934813032,2.746053688042745,-4.035328178569383,34.598576539120884,18.814850688945487,-0.0008221778109256029,109.7013956358178,19.271535892271306,0.0030185456843696075,84.50135079676997,-2.327368549423578,8.40194051087938,-0.001129890319878561,-2.7634343522644667,6.442432319987367,0.0058415497338659365,-7.459317186827051,4.896974416875487,0.03542775690400885,-20.220243791151567,-0.683604747854786,8.819644320923128,128.84765678926752,12.782729094267998,-0.012388291609157621
43,0.7166666666666667,16.36898139044181,-3.770178671352626,-2.7122307352431574,12.170597786573683,2.149516786321639,-8.305124359338222,13.813852739562503,0.5895200109509544,0.0017478853340345954,10.495102258608469,0.5225182533561165,-0.0002881628863139501,5.221722626090531,8.482472877365447,-11.934868572005666,9.288261848369777,0.9175666198948277,-12.011155820505321,2.4905485505262606,-15.09569013847996,17.251625176786806,2.459418515964298,-3.6144948638430923,33.08678028116307,19.083136207156358,0.0032336071995772014,108.88452905140872,18.797741025246335,-0.0021407189086764407,86.03803552921003,-2.304441516323783,8.22677466441944,0.0029866378807027086,-2.9045628496682103,4.502005512685951,-0.0011667663261830982,-7.290747006810423,4.886410336735035,-0.20891164227045556,-20.427114122618278,-0.8434063136983813,8.552814718608651,128.96776255734588,12.665287839713448,0.05086243443507657
44,0.7333333333333333,17.106539617481513,-3.824588377401098,-2.331424525372157,11.811778849526895,2.255763949879578,-8.656635056029714,16.006961331493113,0.23496541759732584,0.0019311314343646517,10.759302938414306,0.6015844550659316,-7.938838973025262e-05,5.642171023766963,8.338328326990213,-12.28474315421251,9.676245261188706,1.3028470248918667,-11.506029261346146,2.5952871332779033,-15.604024646623515,18.98867223660947,2.3176250037385007,-3.7680646855792084,31.936111737965415,19.114963504776135,-0.00321174658495824,105.48434540746838,19.839627504195548,0.007196501998477833,84.30035971729417,-1.6960533766209995,7.473795081046322,-8.51353593896647e-05,-2.4796207817911475,6.201861188360324,0.004249201741116688,-6.757883063111027,4.645050879469282,-0.25725512565193515,-20.628084064138374,-0.884612334476304,8.430350199686368,129.07841581241226,12.335525887903502,-0.03337618612917814
45,0.75,18.164890104104295,-4.45192251747787,-1.212209381613817,11.971421464293556,2.8503882978967394,-9.274656778376434,17.929828328041143,0.5127007493709039,-0.002514411976309167,11.076856064464039,0.47524298644638685,0.0002678420619451825,5.9661599717326865,8.114105740446197,-13.473287952516722,10.00875537195203,0.8555219167125836,-10.719347225350159,2.6299976852786346,-15.642115697101277,18.904773607574793,2.2509663953237107,-4.396854183923535,32.94890389624943,18.7557649071107,0.0009432056145408407,104.54322862054825,20.929901758739682,-0.0073341652113350425,82.66976545550345,-1.0207976361558062,7.319870576081577,-0.004475857344381187,-3.844297532676964,9.262883529543204,0.034319544675165424,-6.841957741341842,4.049444301887353,-0.343114614097424,-20.603646319969513,-0.7401954469386173,8.141635682551536,129.27359520017856,12.503527997312462,-0.45040765417706313
46,0.7666666666666667,19.401906411664648,-4.843481335066197,-0.5355663878979623,12.080984021326405,2.921955822381563,-9.824575892049594,20.49462297287557,0.931211899729415,-0.0019294389430340037,11.59921778800335,0.6000484971665092,-0.0003843723039673531,6.642154992300601,8.531140521857544,-14.619968968536107,10.698453618234018,0.6250098243873533,-9.82424118836795,2.26735203313219,-15.522835528479073,17.726640715519434,2.658184989801957,-4.315349771943398,35.52220585077699,18.753083595734342,-0.000951102189944174,105.43999011556292,19.236833900883692,0.013242039457917472,81.70524669912015,-1.753945109491226,8.444946179813053,-0.005249701274978538,-7.371270167892149,6.477637232273019,0.04376101186765638,-6.92162783478132,3.9383259469258483,-0.8246279648138061,-20.865764389604916,-1.0518067523202388,7.672516991589777,129.80523619469813,12.544101958222658,-0.5239303966579522
47,0.7833333333333333,20.669576732250416,-4.853909935795764,-1.373634137089322,11.855645933193454,2.692719853221463,-9.930676403968373,23.637334674068935,0.6076291259727652,0.0023591747367040787,11.98263233190586,0.7849865300513686,0.00032023697407449213,7.13695851470774,8.766141960180347,-14.272280156610103,11.069579952221757,0.9311833672710167,-9.191791363013502,2.2082730468329896,-15.727438772805373,17.413149038547072,3.2375803556853775,-3.883304005157052,35.24948538799443,18.661321235338768,0.0013136413839152292,105.39369352377253,18.168789794441683,-0.027877295132536728,83.81463665468748,-2.1724245168670078,9.04611857912629,0.00463544271859746,-6.649882567293197,5.4265051532013295,0.02274132255089408,-6.517050261165075,4.202213950831902,-1.3059490463985308,-21.779333444162,-1.7529657073300051,7.392464638698915,130.2895860066404,12.354509968557142,-0.32854774340437604
48,0.8,22.538550850879698,-4.886627951628307,-2.131130413252921,11.661582631325619,2.8972220606495576,-9.881694395441867,27.000790566260395,-0.23072714480885856,0.0010207894213229037,12.012519500799968,0.8814589831040812,0.00019824706467470548,6.174204831744042,8.474301102234342,-13.037933675763297,10.673497334917629,0.6749615955244705,-9.526378765199635,2.5336206999525417,-15.641783147854886,17.73713706141697,2.612665938820909,-4.0191625855797835,31.33566402874387,17.971612005493075,0.004698640985265032,106.33777063734784,19.896170800071822,-0.04537008880864083,90.12161541198441,-1.7642872973747683,8.898366455716703,0.0002645036159872558,-3.2971030659807767,8.47152614868383,0.029904929252375187,-6.314981719617452,4.005392357178367,-0.9905573792595298,-22.509886336562676,-2.3345062032355237,7.214805667714626,129.89198991228656,12.346391302366186,-0.34451753231520343
49,0.8166666666666667,24.756758168379207,-4.809589401333938,-1.8029644446083748,11.594426747940899,3.0177816132699684,-9.851365023527096,30.56256150309215,-0.832218531214898,-0.0008788560275829426,12.060204261652487,1.2629566887622017,0.00014634698494592495,5.365154104968848,8.564148455616943,-12.969202461034287,10.586400570120032,0.1126189209601302,-10.021393794819984,2.8063092803201366,-15.698769426918103,18.148015381515293,2.3680289879324627,-4.218937925405526,27.95246678269617,17.645647976411635,0.0018918149390572245,105.2273727620581,20.867996393675664,0.03879235631755832,92.28099478231836,-1.9394580341680987,8.677474932325719,0.0006005085440275038,-2.51819716166086,7.731098343626497,-0.00821316922619257,-6.042791096030494,3.7822889088711027,-0.48111030039435027,-23.167152337539665,-2.6844949259133286,6.988830839798455,129.42052297253557,12.435705404172017,-0.40696695528803395
50,0.8333333333333334,26.6659116167054,-4.606814977833742,-1.5759559957628195,11.580808251081537,2.8218668060409016,-10.376623963084086,33.77495227316733,-0.9532426444674996,-0.0008906007011926436,12.004474211205158,1.3962002854957118,-0.0003146797594783892,6.266856309483404,9.226521564910156,-14.137113313103015,10.939823312776477,0.656943938581237,-9.069518003033444,2.5836648477658333,-16.071892405457906,16.995154773152542,3.372338833205499,-4.179468388006772,26.403878281249785,17.689139435636775,0.005798965341512185,102.26383174571731,20.68174104418134,0.0022857786232733605,89.10404108054261,-1.850017286449582,7.430102783640703,-0.007531742776457431,-2.7936610499567927,5.730129769791012,-0.0007299402940352103,-5.8011722233512275,4.004442283218165,-0.7029182776622093,-23.91775468765417,-2.613314845484004,7.08297696573266,129.72188349674494,12.674974826759795,-0.25077285302399854
51,0.85,28.224447128719795,-4.367070287282991,-1.5112660083267664,11.35715405739984,2.586904129630276,-11.734663652884903,36.09832518530126,-0.6860473231508574,0.0019443751297386707,11.609326313167495,1.140295228277749,-0.00022291054274491825,6.37630511224392,9.032184205911573,-14.468564946972473,10.488246379373109,1.7162288410849666,-7.8042565369900005,1.6124785922430456,-15.821414506059863,14.617226516506449,3.361392558853631,-4.322065689823719,25.92589008031856,17.804900078033484,-0.003755277545176177,103.67738212180076,20.218093677044973,0.00233629453212411,89.12804929552011,-0.7412998397041956,7.151700600091719,0.009236199367944939,-3.576289163433883,5.1925850884859575,0.009771363264996289,-6.346678950700974,4.216192764833326,-1.087364889705176,-24.02386076738596,-2.4573754489268094,7.306745322930264,129.90691937096713,13.001344995562013,0.08637237260517415
52,0.8666666666666667,29.582223132035203,-4.276435991413067,-1.1278270008550682,10.935114811595712,2.43780392278862,-11.966330749359205,37.888867903506714,-0.024577409348893624,-0.002309981452992139,11.181285463493456,1.2652621648202778,0.0007915827926292231,5.5217698642219695,8.153026391348547,-13.97555781695635,9.906236404329121,1.5934631842437763,-7.8508070623144475,0.7759805930196226,-15.414894215133172,13.712815119098245,3.059188323805802,-4.6268030681385985,26.426124653261127,18.358616104939305,-0.004202511625972064,105.79133363372856,18.462701370502373,0.0008466704640683839,91.49341526893177,0.2086712976043129,9.160960356489603,0.0052993361765268825,-4.771933648771639,4.377267931835313,0.001923232621261001,-6.855950116614765,4.247612028696771,-1.5854829793949787,-23.973260532302543,-3.094192583156568,7.418988756845963,130.0129344119192,13.093930548442106,0.3161043861226789
53,0.8833333333333333,30.787065338661154,-4.493057357633109,-1.1898057834443347,10.337582124175974,2.568746848664565,-10.720974630351815,39.575988573280014,0.5848990367515988,-0.0010867256542598023,10.600751475339752,1.4691948082808661,-0.0012025535803522707,5.950702661224445,7.970710259143984,-13.644233284516673,10.273255733840603,0.8985166491634287,-8.156297478041395,0.4997758674071424,-15.483905297578014,14.336496657639765,4.2300423962335785,-4.537518560977678,27.035553342955627,18.435318728808866,0.007367682103647859,106.58084878163959,16.265352921508416,-0.003826007430247757,92.09299701892394,0.6648307449917041,10.237638427992305,-0.011474520627459553,-4.7957340564991515,4.237179576176138,-0.003665872789131141,-6.549677978379162,4.212843709337737,-2.5091023247250113,-24.33098270388525,-4.049750041751758,7.648545627002346,130.64565425031105,12.940898072104902,0.26351956550776745
54,0.9,31.955526425542253,-4.412107364588132,-1.6878562761438538,9.371957659760698,2.453020172894884,-10.552138430141763,41.08283219651293,0.8789155963308799,0.0023051669642724557,9.793902900415839,1.4649472861360113,-0.0005177300113346757,6.075325162954892,7.8547471369974815,-13.031365701110854,10.42344459368815,0.845785697727871,-7.690826412139814,0.00840223445707459,-15.583567603373085,14.551782649737122,5.162544728100141,-4.300554271199411,26.484591974768218,18.0262231719903,0.015041456042403905,108.0798934007347,15.730262862863805,-2.959012851242923e-05,93.89996366468213,2.1623777786041707,10.693252793505245,0.00881551099781702,-4.145566779589618,5.6823750379295825,0.0030479058056911332,-6.159553463114987,4.378719512661631,-3.06336604992822,-24.313832595858237,-4.236025865744272,8.157555581777887,131.12623911360646,12.692342290594265,0.4311477787278527
55,0.9166666666666666,33.39792856168582,-4.101992376911086,-1.5440624565818069,8.7209568574158,2.0783884593147643,-11.353067348453672,42.05394766305769,1.4706111563867503,0.0006129544868479517,9.356784847396638,1.563057050201016,0.00039316933633503194,5.220845191623949,7.226254173871019,-12.548854437674747,10.429444932303323,1.4465354659334244,-6.946894354656812,-0.3999028423632405,-15.55420446331292,15.157938753272125,5.131499727427717,-4.60615670748702,25.812746582597892,17.790806284595345,-0.002186412069031041,104.97356870524314,16.30963676524091,-0.00678658840830361,95.74649737326243,3.7112397691052865,11.779154581255712,0.0013301633471664448,-3.974224005273922,7.266202611128049,0.002478111968442137,-6.228294937210552,4.4820385389260915,-3.2691093420359976,-24.108152233812106,-3.8362663467636473,8.800827116502003,131.19906405620583,12.691999244926059,0.7639835321777142
56,0.9333333333333333,34.45918641050206,-4.0693411248251214,-1.4497105550486358,8.408748508246687,2.135039612989483,-10.952801411092096,41.721049799187966,1.8109010983249036,-0.004460759603040854,9.221823178100024,1.5340647236779499,-0.00042614309238413634,4.993691928338101,7.525426797948075,-12.517996687876042,11.425081064150065,1.9119845833568732,-6.677039870865613,-0.008684701676022071,-15.64813847705918,18.024907623699658,5.521517753184829,-5.0932352787662865,26.789160871194888,16.624027864892454,0.000754004803608777,99.9684893103032,15.971413264044141,-0.017164078916259734,92.13343545298191,3.0258288686513213,10.584883648944066,0.0075746370112922,-4.5414773492012115,6.192386515414132,0.00566255929124958,-6.225135779526835,4.292207008471674,-3.8173305152635986,-24.445423882656474,-3.8010533557867023,8.864546321034808,131.44571768909006,12.783867301037597,0.7907464617885889
57,0.95,34.91154016196112,-3.9698937052569754,-2.1085435641238277,7.805457401223295,2.23980507168523,-9.903390752164558,40.58859155924006,1.51960413832995,0.0003484297907510574,9.145498864247024,1.3540076384568975,0.00013013124730361042,4.660351407311944,8.57768935543281,-12.497886345940223,12.295027143656986,1.0631086274240116,-7.093194569464582,-0.0464924152535689,-15.843811059506091,19.250348471989465,5.952817450271704,-5.28283666880094,27.842897970129115,15.614226639196406,0.0047765888978075375,101.18154042725295,15.846744659861194,0.0157054580162481,87.37813719681364,1.5870691203034286,8.359252352312925,-0.005521418017379071,-4.3841103378586235,4.480151033433775,-0.0004907647186182021,-5.996794186639343,4.484405686425443,-4.293426207098141,-24.63512735935468,-4.290555085218212,8.678428256263468,131.74925715669696,12.621001313659171,0.8772139681726323
58,0.9666666666666667,35.48247627908096,-3.788038506428459,-2.8325960475031526,7.160660979882399,2.3180555203215603,-10.38394015035405,39.53241062867027,1.3486476210349276,0.0009129869277803903,9.184036873843038,1.0259506838554415,7.587715418356737e-05,4.022885955597859,8.322152814976441,-12.440130342885807,12.344035540880986,0.1292576574772849,-6.940476381659605,-1.0496933747286328,-15.835838062279015,16.275890558259114,5.7559436389284855,-5.342731720880526,26.49636690091598,16.272232120225727,-0.019286878620266575,105.40307493366981,17.186410108758924,-0.015549413730885557,89.22834932235983,1.6031421307217846,8.68250811093612,0.0017512744984675187,-3.023156727925756,5.436008320511972,0.008075806258076175,-5.847675939616508,4.784806236717391,-4.474492176658543,-24.401645168194126,-4.19546851419198,9.332083239287376,131.6607506036664,12.459026841476074,0.9765901035906202
59,0.9833333333333333,35.583401819918514,-3.532813176204218,-3.712039487144032,6.385519578787685,2.447474978764674,-11.717194183111474,37.58193569122989,1.2136993418041446,-0.00810454517534987,9.053127304658057,0.5345009973539986,-0.000674789304881555,3.891917707413598,6.882539811073511,-12.760447340478732,12.512666377586298,1.080261284691015,-5.862984675148803,-1.4839528958062422,-15.870281855121638,14.33542582339135,5.678047724845891,-5.442294578849074,24.917944011299983,16.501200770538876,0.012917878224548908,107.76188325902243,18.44577693382962,0.013999064845668176,92.07925095760457,2.8719997447571934,9.691972851102204,-2.792121476105602e-05,-2.2561812262287897,6.314000508056835,-0.009260788983062925,-5.592238491062239,4.927264049421985,-4.771873461293031,-24.65196180862271,-3.7797039963869854,10.315246245884556,131.5137845486652,12.296444544276742,0.9989467965640236
60,1.0,35.23976030654739,-3.2077877247146187,-3.8871222461254495,5.402005693866762,2.2858902812036717,-11.050077746895061,34.86386367481321,1.4743286097688055,0.00895719652595905,8.738642854065159,0.527823526437686,0.00036524754159207714,3.2639979026231964,5.9684088718471235,-14.037066188889394,12.487410239099969,2.1444140253513537,-6.059589229855006,-1.639991748923227,-16.130319554597673,14.095981653831354,6.36831165968596,-5.5305427897435,26.10147603947646,15.841966520248496,-0.00015285572493233513,108.61086078096187,18.39967963078174,0.005028850980300921,89.2280473098591,3.0026483900089103,9.345132247488506,-0.005569499982472817,-2.6981498647947744,4.757924734181413,1.7029750721264093e-05,-5.295653726330627,5.240604566048598,-4.978983704507169,-25.277151585013048,-4.297471742629506,10.350447033605986,131.70332100032337,12.032675791998134,1.1538528125093659
61,1.0166666666666666,35.3788535955611,-3.0225002429004397,-3.5708668509857846,4.618760483203944,2.1817807452385223,-9.592431593605141,32.54245647252435,1.6599761527474035,-0.001256712862391193,8.508614434981027,0.976446097950851,-6.246656085255126e-05,1.9188838403848114,5.80620625362629,-14.749044116640622,12.487767621155847,1.3678293933031118,-6.875831777595506,-2.404773513854818,-15.999952319971394,13.838221802393376,7.22179194171229,-5.522184111307694,26.867026721233962,15.50838586911197,-0.005882735284970769,108.93463735656789,18.019986633182764,0.0008559448580370044,87.72021703760666,0.5908362037346356,8.461088324918123,0.006900195912220671,-3.8985665164049452,3.285549761866628,0.001598097948262506,-5.1350041134708295,5.145106760233416,-5.125666566179505,-25.547366084217543,-4.303827049164752,9.678477662925866,131.87588578949058,11.806763486818005,1.136044801089996
62,1.0333333333333334,35.67491998605989,-2.6980921479990436,-4.664037867487017,4.253311773702945,2.1872568316429963,-9.47917078590942,30.038003297164185,0.8276203092762753,-0.010848512339135682,8.652954776376783,1.121009304793956,0.00015184967062565957,0.8038457821188031,5.767377118432083,-14.138972150806959,13.694108135436748,0.5139250998012435,-6.580379294608413,-2.494110016397049,-16.00051605153761,14.94283876035547,7.490579156959178,-5.755198723012995,25.616216352986527,15.095305928626626,0.004836829397073738,109.81315244310223,19.508118464099155,-0.019941907403441317,90.94375979667132,-0.32814849768412857,7.918453416740198,0.003268249915667099,-4.452293191436233,3.745922785725962,-6.916764544310058e-06,-4.816322992697559,4.9920395264921815,-5.490211663945487,-26.25357180283138,-3.356876923471783,9.563195047318832,131.93826917723788,11.738785517196472,1.0961254815732078
63,1.05,35.6171887019076,-2.608969982528286,-5.718856357892675,4.012705637306972,2.220132977747599,-9.13206406138815,26.94092502271333,0.5158023552267601,0.00881752685857327,9.041905487239404,0.9744528852362138,0.00023496997670848036,-0.39196597515745063,5.807609690592572,-14.266022246026264,14.961643045875434,0.8570656080775478,-6.603371785127234,-1.7995204763522077,-16.517731653254952,15.545953120987882,7.7070738439383435,-6.133759490101179,24.874809430173098,14.56204173050316,-0.001467909017043205,110.54359557044029,21.976545070430745,0.013758022447297971,92.23639522347308,1.8294858918537074,8.031381452276122,0.005856467183813842,-4.307075634601814,3.879532641617578,0.00678875556835775,-4.206461492392361,5.282022700041264,-5.9040549199784635,-27.274007784999505,-3.3041862846589933,9.907872403684452,132.29390799408523,11.685215809190574,1.084153011937518
64,1.0666666666666667,35.306309357879094,-2.9493297546311643,-4.897817618855827,3.1811339287361706,2.6452596701728393,-8.838583812949858,24.063267180005436,1.3027865298019967,0.0010455880165909518,9.079634480733745,0.8809673024393293,-0.0001585385120907958,-2.0705022369102073,6.019394751659753,-14.943340776198136,15.043670784643146,0.8729589654314085,-6.666402454179356,-1.835869812686719,-16.61816852360388,15.223304581864534,8.238657097899335,-6.377051958857522,23.6897417941318,14.152297337432605,-0.007375025360103313,110.02568655888287,22.542136360573785,-0.003947968006508092,90.75590472360248,2.215098835133,8.111873609449713,-0.0008917320191145223,-5.459136158936617,2.4910075597993893,0.008859008877347824,-3.5439120927751704,5.045878735626207,-6.234923305166801,-27.030566697474843,-3.3642523363117385,10.042536526699275,132.56147336848795,11.238427396322102,0.7066442131054267
65,1.0833333333333333,35.45290669590678,-3.0376586764996456,-3.4873125976289603,2.3894027249866383,3.23601728504625,-9.036699744232614,21.710982146846916,1.7421354947370495,-0.0038656910487269358,8.894314690427713,0.6803534615392385,5.5446917626924435e-05,-3.735116420611729,6.763929155991297,-14.923165028446753,14.490504192434102,0.6708328949398874,-6.538094995387138,-2.7533716102810235,-16.248330136110418,14.129440033301432,9.062234422155267,-6.50482666123891,21.892063755800006,14.70205633452627,0.008525994330086736,109.09010255111983,21.888348688682623,0.006133979362022091,90.52223406029425,1.141511707722674,9.087157296882337,-0.004792875025013579,-5.870759168024242,1.435077826378052,-0.01705754887262365,-3.3901829055258514,4.364338209461877,-6.156137875308118,-26.34534756616822,-2.9144048848203448,9.850542995016824,132.4934743423059,10.968840100601732,0.27188719867642885
66,1.1,36.17976089474291,-2.80206504201434,-3.164836699989455,2.247961349280341,3.408297125221784,-8.581405773374685,19.473796310882296,1.5438899406872792,0.0008656139395531206,8.73096120407221,0.3813620649418943,1.1131323791375374e-05,-5.297605717522638,7.749437723545709,-14.125781957247218,14.352840015617671,1.3594771220315705,-7.213938567326759,-3.800974457036761,-15.973976766989306,11.762462249556206,9.779080033648697,-6.605326958434925,20.803847365741884,16.33844068869026,0.020973270481816506,108.61315171344452,22.422641126473422,-0.012902269804225694,92.05826156192823,2.217068182958833,11.726867208470155,0.00043044157391360825,-4.291883918357403,1.8736373452527249,-0.010956607751719768,-3.911411839567375,4.086583039126166,-5.901955965348508,-26.553837745348503,-2.961893009986049,9.470122178121967,132.66789785104248,11.396296105219964,0.20952645058333785
67,1.1166666666666667,36.414301631606456,-2.602700818609528,-3.690128069685282,1.6458474444545705,3.378002672944094,-8.683873456099715,17.151052254840096,1.3856837763353265,0.00011962303992025173,8.468789370892516,0.22808136398106788,-1.667212853346731e-05,-6.86447349830671,7.423338283711523,-12.604575993428055,15.286873233760222,1.5155871722319598,-7.133349404683842,-4.298674281702996,-15.924061631235418,12.115145281553993,9.936513093676638,-7.057394042274807,20.29812289240393,16.42405902409456,-0.010373657234652264,107.06898176975184,24.00203695828361,0.00044790664358593946,92.08608755771454,2.7903118040741313,11.829475608078608,0.013532169516088724,-4.601861595799085,2.902336779991391,-0.0037380957700211674,-4.143073377597943,3.894079333565592,-5.994251896828919,-26.53181544010484,-3.0535481690300417,9.41576578661738,132.94633331836366,11.524343671286669,0.2115304960542884
68,1.1333333333333333,35.95928489680446,-2.5109408181838737,-3.6190967176675635,0.44297047019188607,3.6191511582242044,-9.52883344019947,14.600070927167819,1.4778733083528897,0.00043215480724473104,8.304140824380278,0.045242460539139835,-0.00023671557608244954,-7.762848836605566,6.270757532040371,-11.312982257316767,16.26850237276665,0.7656438534013318,-5.925176231965521,-4.188963583525937,-16.158744966299516,16.128930051955628,10.45488719881446,-7.596373982271409,20.361831825717648,14.66530138809193,-0.016543207304985347,102.78842749374861,25.0580073101287,0.006794092490015421,89.58101714727638,1.0612626321585426,8.717941483493057,0.023541261710460993,-6.0931135810320445,2.1917271124292115,0.0060603067852292416,-3.738541426250885,3.5681584470614385,-6.016875299005541,-25.581419501024737,-2.79375595082114,9.451852479303305,133.03965113863373,11.05801482223376,-0.023757743189825483
69,1.15,35.76258913381837,-2.455531017936815,-3.09007335123909,-0.3846640549688873,3.7249957066868498,-9.744890647031259,11.798934572024862,1.5450790368549319,0.00016900734472085756,8.082681846895087,-0.010769081373473145,0.0007895335869993171,-7.543018631901378,6.473545270990945,-10.26380486580054,16.66953871482761,0.6572452231790707,-5.387747047668664,-4.361913961408115,-16.433453188668466,17.891298932228548,11.414322764907883,-7.616845846453093,19.42419131362129,14.158793165214735,0.010023456815220554,100.98523098464793,25.6656259338242,-0.006879928999043675,89.20562949934912,1.0329103594762445,7.841739741254415,-0.005483238361084203,-4.913013924333623,1.0092330212397782,-0.002857666091243932,-3.6986841197141813,3.49244835003308,-5.880499257117778,-25.191172343188562,-2.6156974549135765,9.211778290722487,133.19045620817295,11.003003560517504,-0.22938181673730187
70,1.1666666666666667,35.907125028954546,-2.4861482712943506,-2.9606312562226886,-0.9309072382210112,3.659288084423611,-9.433693551275017,9.374244663982557,1.4485656651323644,-0.0012030929014054692,7.659464545751374,0.18367061821526215,0.0008994340743133318,-6.713391530135224,7.472462350002799,-9.193190211143326,16.90276173346908,1.2092470551217995,-5.609050679726965,-5.122006610660302,-16.351175088022234,14.789938587133927,12.10837520712973,-7.439937498329753,17.519225562972952,15.247553532216068,-0.017148174471369154,105.28605741413644,26.25676164998038,-0.0035092875479130767,91.19072613206194,3.3832233097396007,9.1267592383683,0.0014610282514591613,-2.996792671336581,1.2998580090603762,-0.0025755455878322857,-4.054290990275202,3.5154320427279417,-5.997722898272411,-25.916903279712702,-2.6707051257182184,8.787523297199787,133.49954571142118,11.33349685218472,-0.3991163410708817
71,1.1833333333333333,35.63547384423895,-2.696098858422957,-2.5883729025787474,-1.9066272509277542,3.911442303071863,-9.183074295053963,7.542093578433347,1.5306463480647177,0.0006969026436728289,7.232692797541032,0.07733548300282947,-0.0004450482652312606,-6.215360414592018,7.4630599820222905,-8.995368690346403,16.686630285947203,1.963684010704289,-5.566044442827583,-5.7486422249711975,-16.0865225550427,11.84976925586231,12.704172043617557,-7.301666276027136,16.804839233093055,15.72954424964755,0.01304225496325517,109.84317255667942,26.697688501975126,-0.002790783697911349,91.06508837966561,4.32622711955826,9.106072609060378,-0.0033086116992319145,-4.19263642736366,0.1189471042783928,0.016430618258219135,-3.8491197932084775,3.433254722068424,-6.226765867246498,-26.28549133531075,-2.9269238863482685,8.394638535938624,133.87630826095702,11.200515503967633,-0.6804057447951912
72,1.2,35.397004931824426,-3.0510024787795644,-1.916469881686308,-2.9645453820592342,4.131734073522131,-8.915754822241455,6.220313950234664,2.040303089281824,0.001031869675471755,6.880619223994,-0.07993519783204575,0.00018847741212593856,-6.356132985853406,7.144299271692768,-9.255937441044923,16.463955866177404,2.317887264207443,-5.438831020178995,-6.339468359618679,-16.184758650725325,11.89634461021995,12.918921825763388,-7.39445407553245,17.17243177941802,15.71185282830123,0.007648427437847367,110.71079762624677,27.841874546288544,0.007297861518867772,89.06483740606708,2.9822426872814183,8.50992731331042,0.0004680893118941122,-6.819209430749105,-1.3039258248891783,-0.021551679610274745,-3.5461995671575766,3.46982973348653,-6.497659426291312,-25.908360510670835,-3.1753754495947626,8.772581414585444,134.194600599101,10.959735012679715,-0.9007848658981912
73,1.2166666666666666,35.64947468895046,-3.594759792213724,-1.925314269900139,-3.5302194998919063,4.221067707424875,-8.391515415064998,5.812646337289024,2.447850102057318,-0.0010865034289523144,7.036002278470205,0.03200100395768829,-9.337202308655628e-05,-6.276102663955754,7.555633057727498,-9.11142270442901,16.906532856431365,1.713369558420821,-5.5450183422276815,-7.012704743140426,-16.461144260046083,12.170228445988005,13.26591064324763,-7.911278171006944,18.011595182887863,16.193977731755645,0.006078573212185296,110.81195692263813,29.23312911654121,0.0013222576493542191,87.84548716646148,2.363024647575782,8.575986194588353,0.0008415291107592797,-6.4835878006088254,0.8830979808645558,0.01414904633548551,-3.567989125474107,3.4053269122447687,-6.84287936068494,-25.702017819900743,-3.3654777116224417,9.364023834618393,134.63974602497134,10.975458244329838,-1.255133352652972
74,1.2333333333333334,35.63813792916046,-3.919187769151149,-2.3760058794251027,-4.1332496225227855,4.234097025174557,-8.02322641542829,6.172139666246474,2.313964399712758,0.0003844777216870623,7.525289248473448,-0.028946155971504416,0.00013845526891966583,-5.880908764036887,7.7537378753161095,-9.135795261174628,17.234304317172352,1.8584929378279489,-5.291534125856738,-6.806197304772101,-16.56625172640697,12.480601274873923,14.723588059750853,-8.250538615651536,19.052280556132317,15.997180188213736,-0.0013992008758797801,111.08129108179644,29.444537704658018,-0.001516238080537285,87.13207171332407,3.4012888863728103,8.457832390671257,0.0008478722226537744,-4.635432898571727,3.0198109007034453,0.011943375934282038,-3.1359820834562098,3.2563368351687285,-6.850839293026094,-26.202236555019773,-3.472255341028155,9.010417510705565,135.25153357100064,10.76820977159975,-1.6184787461016041
75,1.25,35.9574055457356,-3.5450497916794976,-2.1577898310915304,-4.463642871759833,3.6266199634938956,-7.4983386903975955,6.88655041851799,2.0422855615280255,4.639408830017833e-05,7.73399810560201,0.04542240451590751,-0.0005596671288209282,-6.258644486406512,7.477629685676262,-10.144803334695585,17.295178538182302,2.3719708509765733,-5.12317762660729,-6.3634901471811895,-16.63873153022315,13.292719898576149,15.678417966324005,-8.268156173503018,19.152357386565157,15.24520256338984,-0.0047633924872708365,110.73752512857676,29.618411859052735,0.008342676554941541,85.97745028557387,3.4516127733579967,8.221574219951641,0.002890219501531877,-4.279927986049113,2.0836765577041354,-0.0007284065197286586,-3.2844620664622717,3.615542190953643,-6.942559348784523,-26.68909541924994,-3.087102693743124,8.770529071052628,135.69154075550188,11.001861401732015,-1.382406725823812
76,1.2666666666666666,36.81518545225537,-2.99325867984313,-1.8058888087627756,-4.327803076221123,2.911417898761691,-6.778377514641454,7.800493623745289,1.9407423860577389,-0.00039424931346176327,7.820949949471215,0.27819673711467846,-0.0005277597320801589,-7.314485561424227,7.470841568114772,-11.22490706210918,17.809420926239497,1.0474244856795323,-5.204680372897542,-6.926085719792033,-16.606302816300524,12.259689015816246,15.120857438173358,-8.351450302701032,18.31125646532138,15.579726840496894,0.0014032768857073735,111.85549374343547,30.853802842458848,-0.009394609550348177,86.35595331208786,2.452695182832804,8.918237946221792,-0.0005245449765833064,-5.127258406346917,1.237756374589389,-0.0036806247128004636,-4.5576224555018054,4.161543459552802,-7.4478660446332405,-26.666026311508887,-2.4571319472223285,9.328796903290828,135.89844967367623,11.823314145451514,-0.9440443425191658
77,1.2833333333333334,36.91356068169586,-2.5776300674756176,-2.487541698032915,-4.823844127157155,2.732782516077913,-7.045443584969407,8.542399573467486,1.784178718271073,0.0003095668981858063,7.809570213579348,-0.09205380124206095,-0.00039202709476708945,-8.314925311663037,7.342193794014658,-11.231210149181715,17.87958877100277,0.6161963268960197,-4.83569728678107,-7.398650507751923,-16.336396309491874,10.195111828543297,15.235520310456327,-8.346448547705348,18.102733026067046,15.923328724151622,-0.018344984444371874,110.19709176113835,31.43559320067582,-0.0070708076791690085,87.95779434883598,1.9074215035147843,9.712483701661522,0.0009570765097859443,-6.502146516765653,1.582900084364373,0.005333060690717884,-5.232805054889502,4.4430165343917425,-7.253731902638978,-26.840529052846772,-2.2163073066219514,9.530732581412687,135.91380521123423,12.169129271387275,-0.7534115436986408
78,1.3,36.7377380770123,-1.9111308870088253,-2.8486593483985456,-5.454951187776713,2.416684013835942,-7.381120602108428,9.13266081866312,1.5338429232198185,3.2899016161248797e-05,7.845640091902995,-0.6855204391892883,0.00013208057200132025,-9.24525140327732,6.949822841263058,-11.375406631912734,17.05803691862292,2.1197318326911616,-5.040376531988768,-7.433334251440334,-16.1583497795682,9.344820672882152,16.083470601387415,-8.250293706360557,17.748861032916203,15.591077668661821,-0.02634542539902195,105.89670174197333,30.95002242883377,-0.003978200148048524,88.55658585359191,2.114851094197768,9.950838711303152,0.00800319518203497,-6.041102314375806,0.54787267835304,-0.013535742721647306,-5.64744503309949,4.909398160507633,-6.786292191283259,-26.553209021985253,-2.020888749564097,9.347142968773946,135.8612452727035,12.42895901741983,-0.3574498402909493
79,1.3166666666666667,36.87850867006647,-1.210655451335361,-2.1161385350821957,-5.490063053627373,1.8696375131449297,-6.605250812015035,9.912950277872161,1.4202520096125828,-0.0003967556892767642,8.486996328683718,-1.0449763587668661,-0.00028198746270691926,-9.85799284728917,6.672579277244956,-11.983517338762905,16.71731511495803,2.435423754788507,-6.214695412798319,-7.572143512150246,-16.304810982765527,9.609260536181102,15.73629996154475,-8.164696582105506,16.621918619900903,15.573820055504166,-0.0007620223763704129,108.17023799232945,31.163258412510057,0.0022220628822833496,88.00087267601414,2.8507556688190547,10.444071454188695,0.008736560207247855,-5.218740302058784,-1.224864940095958,-0.0016809859072740166,-6.490537579778206,5.5968935683310255,-7.048058501974445,-25.664296449746484,-1.8916600955456015,9.381634096230247,135.96760504446345,12.901127581555903,0.20214802931992565
80,1.3333333333333333,36.904111288848384,-0.8237450337423382,-1.800771776182928,-5.135646329361895,1.6115035846226065,-5.780397109827523,10.836777114123086,1.4600736531680671,0.0005989684843572939,9.802602504098891,-1.6743018542694765,7.041533087729724e-05,-9.61645353599641,6.779261149807855,-12.399241705716483,15.926037590628145,2.1468451376122824,-6.97238038630607,-7.084953947121271,-16.697844711165708,10.653888386838078,15.36448810696623,-7.869191210203903,16.93475276407586,15.17815475004478,0.0019397875506764325,112.10763514093925,31.191709725186985,-0.0008431369030196571,86.76858158627937,3.22525341233995,10.770021365034511,0.0005587790780247826,-6.709898260260344,-0.4016464484952268,0.000676910500578409,-7.066647258711096,6.192174179530702,-7.301645935357632,-25.511799065093935,-2.2665102741304586,9.661586063213184,136.19814839947804,13.245027677482442,0.5196858924082836
81,1.35,37.1580946424,-0.5108101256028174,-2.199020822963952,-4.0977438358675755,1.243806910124562,-5.56740943609327,11.814803688266291,1.6175337892395347,-0.0007343837947186037,11.511840158084393,-2.5162073094944053,0.0014334840898806219,-8.700924550713026,6.990995182593304,-12.878575156286647,13.501640101333377,2.5225386609313802,-7.074618139891433,-6.387438075063983,-17.045027304864806,11.512775389586354,15.765038369887785,-7.50099708392423,17.35651486407253,14.53138597438433,-0.008843943912593352,111.33811040133688,30.1354921476611,0.0048473412065911225,87.6370444807704,3.062655134337411,10.07775275896635,0.003346102845716837,-6.941989232570867,1.1948656790365573,0.00868162226310511,-7.895385406948881,6.855034645430293,-7.571265721343904,-25.576019913131432,-2.6298616610770176,9.979414665149205,136.4969435126413,13.960840698969063,0.8469499660164592
82,1.3666666666666667,37.22155425386012,0.043250475502121626,-2.9478354391805444,-3.1853784575832984,0.43874805540480116,-5.123265349581164,12.640548288567045,1.6746926855713615,-0.00018106208720644162,13.22326106920629,-2.8433228031820335,-0.0002320785775146577,-7.966678814919508,6.568184099082668,-12.441664416670166,11.463597200211954,2.6735371897439055,-7.528372005423163,-6.156038497954463,-16.99686770165086,11.447708931381365,15.543497092721307,-7.410628585349118,15.958319340614725,14.466639249637458,0.003341010242332181,111.0421357330449,30.012895952409988,-0.005176924188196661,89.28041395782468,2.523114697515026,9.57551797680236,-0.0011048559756662198,-5.23066807542067,1.401922352914214,-0.004965524104638772,-8.819514968228047,7.60225203146525,-7.806570617861469,-24.941763271747615,-2.4091202378817216,9.754750755626588,136.6289020039924,14.667290266458703,1.4117264841060901
83,1.3833333333333333,36.182574670763636,0.6686966621243171,-3.292156323214315,-3.4203841457375295,-0.14603128872662843,-3.7801509113878526,13.099651153950449,1.5987339919085128,0.0009983424628728442,14.783396935528108,-2.6113587011597716,-0.0027168182920476623,-7.493172801930328,6.615879136640431,-11.703596148427046,10.062032803788824,2.531514173513738,-8.826270030813856,-5.716935228213395,-16.878188289765216,10.099709159904819,14.876982872375162,-7.223450327503649,14.729657198268557,14.697503536337782,-0.0023871910871765267,113.98856876509102,30.43722716208702,-0.0024604744684625667,88.23355533634592,2.887176272740858,10.819275470963252,0.004035373695326568,-4.310093134296711,2.2179270188840072,0.0033630992506231984,-8.546045501224347,8.289289991852943,-7.371032723287332,-24.34506784225162,-1.9637708842935888,9.952488821192514,136.27358944017783,14.41075085266186,1.8139853041314662
84,1.4,34.908841096931845,0.8667525558596422,-2.6052156319720687,-3.5113411179166674,-0.1306442227050407,-2.9582903119773136,13.598730945978216,1.9531869435959792,-0.0015874303551056603,16.70916700840943,-2.708108579506919,0.0024922684050010663,-6.632659634438269,7.149877162538529,-12.245109774523929,7.176496960377694,2.202045704624433,-9.710935895409781,-5.160807856471666,-17.163891243838616,7.711104916425935,14.691761525583916,-6.547639119045225,14.79810041755148,15.176713342105845,0.005907659926520941,117.860181929524,29.619301936520394,0.008182172194288065,88.09264067443175,3.846263512957568,12.062939031075055,-0.003971645186810233,-4.430123086403375,2.969981168447094,0.004237994494276881,-7.798379352700615,8.903491492053213,-6.809665455217037,-24.54941552771006,-2.167420424942226,10.777863458879638,135.8228931182809,13.897716693357513,1.7980379719869901
85,1.4166666666666667,34.24605797700156,1.1185851125022335,-2.664167066228691,-2.39427031544847,-0.28250519290397685,-3.298779045623515,14.27567086411537,2.2572248414748,-0.0005780558003210238,19.43850446112973,-3.236895169632303,0.0015497170131876037,-5.545214566748046,6.686553922666814,-12.233656112680118,3.6961349674110546,1.7282625428480323,-9.564382580904132,-4.614452800850169,-17.41512102048063,7.7309612560844645,14.513517066720192,-6.122687803552232,15.505751665071921,14.868481504524395,-0.020736136994869588,116.20755858725244,29.20992313631317,0.006740719717906973,89.1019961042673,2.854292092364471,11.308569816596817,0.006772632054042801,-5.1877902784397145,3.678160553103308,-0.005702413442970304,-8.012751696324942,9.4064206676016,-6.3123470362615945,-24.77339915163669,-2.7699442008516852,10.092204840304625,135.60076686475992,14.015275460591377,1.9224571477806978
86,1.4333333333333333,33.26964915097018,1.9453883970440484,-3.3598552422743224,-1.1776003508555943,-0.9107002998142378,-2.930078778133672,14.437356341649519,2.0653098739466063,8.873912087401191e-05,22.600307785119803,-3.3555079925788562,-0.002660409722884599,-4.561912139637371,6.160400202469152,-11.476624074132484,1.2007118631304947,2.147932797892417,-10.074547021032531,-3.945313213995158,-17.34877260713455,10.992557151010464,13.4822197931752,-6.156667542297588,15.332940968854473,13.811771935988395,-0.01964973210504859,110.22627199772963,29.98542412271177,0.014630422093688195,88.66582484488204,1.5524531135462074,10.153075509016048,0.00047423500462219574,-5.254980475137262,5.097693543510067,-0.005660068894851801,-8.537364807024524,9.734850724025447,-5.743561633774414,-24.240997271903137,-2.8968862643127578,8.713327422606078,135.26585442428328,14.125729132370163,2.381609213094981
87,1.45,31.67220945704772,2.3658048127408056,-2.6928605454294576,-0.15867381200700922,-1.145779257473605,-2.1257378557467748,13.859003724864086,2.1920701782806447,0.001053812289713108,25.774360271027525,-3.128586460567348,0.0007044113221067378,-3.541140109208935,6.015476576126623,-11.614562921469757,-1.5431923878040936,3.757278683477151,-10.894600543960491,-4.00956180437736,-17.16517376629058,12.420795719115814,12.208596471825569,-6.114028061865071,15.385320661051544,14.164139540917242,0.003479123913892038,108.90759369713797,29.980636798759605,-0.0009688879603579438,88.32060583138244,0.7436532658455223,10.152767350875221,-0.004672330492186414,-4.269503614070847,4.664392632173692,-0.008912500649450487,-8.603753793297187,9.694456470985907,-5.220020772254386,-23.75880029321777,-2.4699369106709583,8.194919907482285,134.84360572479238,13.943048140193586,2.3921564211685853
88,1.4666666666666666,30.766210351235603,1.9875855310455832,-1.8112604553293372,1.847157419291644,-0.6440256822949416,-2.4004451413014722,13.534637940172319,2.4738627854897355,-0.0006944960027119185,29.302675872754257,-3.247439003513638,-0.0034215505873886683,-2.5277516721487663,5.179883616771552,-11.300617538631393,-5.167912999443484,5.376558845109433,-10.666056466180551,-4.245306760239415,-16.98047729077668,11.604096154864347,11.686474931051862,-6.158278316284824,16.9941051999955,15.190636427307641,0.015948791226340794,109.07571877200499,28.826760441126716,-0.017385362488442635,88.28515282140258,-0.7276065021183273,10.107065754891352,-0.006297307984336104,-3.829763804074784,3.4473998414371367,0.0031190109205278633,-8.986617132779058,9.190109150598614,-4.359158046560139,-23.616572168959888,-1.7890108520180257,7.557588656278875,134.46896510593803,14.236188432821429,1.8017638885436116
89,1.4833333333333334,30.258172402556827,1.5593085758956484,-1.550227147422472,4.405062847352674,0.06263078852180748,-3.31911807608317,13.56857664971185,2.656596410509232,0.000715588645984558,33.32812629772084,-3.8407821301085696,0.00678408857575311,-1.824681358644857,4.215698116852006,-10.381454808073917,-8.363338314802903,6.4386923994798435,-10.346379760816733,-3.1741892900575204,-17.222944289093043,13.67328314357359,11.329675793190896,-5.796156017737151,16.748675062221064,14.726147060509499,-0.026327230139559104,103.93333168544397,27.090825744024134,0.02456740784973144,89.54329780006712,0.018057354800851428,9.967295271380822,0.006973143746431133,-3.589954103570923,3.9642390489857466,0.003814778537213746,-9.749314619305384,8.695994439889509,-3.3263009230944816,-23.167955977119334,-1.3362668814635927,7.093666435951219,133.97258979024886,14.739842084953848,1.2835731464327276
90,1.5,28.276402285271175,1.363291766665711,-1.349080386806578,5.870605379038301,0.28230146573821163,-3.8108160103378967,12.707893633545247,3.0256600456857843,0.0012950674942779042,37.20070133650289,-3.993197064974904,0.0012623794166752226,-1.5948448786950642,4.402034673277189,-10.0454026638878,-10.298701301153786,6.377420655743202,-10.377424502575598,-1.9932173124099881,-17.748521759397143,17.199196726222446,10.361036636450555,-5.005913889493378,15.8345251089743,14.19684593698031,0.009292760853549232,97.23595337789064,25.821208468997867,0.01080172866779878,90.77375691060409,1.8729637078367365,12.112724049826717,0.0009862945763159895,-3.294154091250492,4.567734132115896,0.0029793131865154063,-9.867822517531108,8.717514789913118,-2.6233132425011085,-22.64197043913411,-1.6377823611714573,7.372232060683273,133.50292379185635,14.405060433274093,1.0751977823049284
91,1.5166666666666666,25.82838836104461,1.1981967484985134,-1.5075169823735397,7.009615422629141,0.2610951364737599,-3.142286398939304,11.811954955565195,3.1438196616589655,-0.0020820078499836285,41.1539829415684,-3.0269339885178197,-0.009757693457207754,-1.2639639619354994,4.805716427670945,-9.56405007419587,-11.20439688697409,5.11306430715622,-10.935251630507702,-1.734910295781044,-17.92645744855835,17.332072902033648,9.40516516714751,-4.717485743269107,16.821933227444024,15.426978762639214,2.2886752472176326e-05,94.61626697957178,25.62082843913743,-2.068095520793741e-05,91.02398930886882,1.5029650263165006,15.652050110577258,-0.011994106555009591,-2.919053510024184,4.224368100410835,0.004155072357666441,-9.195488692679344,8.805237769499897,-1.9842609480962592,-22.789953247790233,-2.5958201070072837,7.857443263470474,133.22909053222926,13.556178800072942,0.7951066727150757
92,1.5333333333333334,24.55971952424929,0.8658003746566372,-1.4264026876075406,9.189339881112751,0.44498561201817305,-2.4075123693829372,12.172959303405097,2.941137000353678,0.00031357801797102464,45.79197335649768,-1.9196544912195093,0.004472747124967605,-0.5699213911806318,4.515911932924765,-9.27201670802852,-11.926348063609053,4.12414745723197,-11.36729460274136,-0.8105863556117525,-17.622337995072918,15.474056541879294,9.18253555078298,-4.638499928951537,15.95306494513585,16.51204961744778,-0.004701457405581736,97.5376249614229,24.790628801663487,0.03609366053919324,94.35316948497491,1.8582831083210185,16.554544119841193,-0.004136962176739088,-1.4881742548631622,4.101592080287108,-0.003033327754207474,-8.201051403915882,8.303598046005892,-1.3838097235684963,-23.4749505954249,-2.8423404293970997,7.824352392940276,133.0596704970005,12.879229135266414,0.21650351075330562
93,1.55,23.521844861635785,0.5371869445749047,-1.1363794180169087,11.806957743198415,0.19713643355934574,-2.958963489458591,12.320373271926949,2.7789096542010703,0.0002691042064998117,50.16232205372765,-1.4316165194601653,-0.00406486322686952,-0.2611800769441963,4.496529654828783,-9.364251556522175,-13.176698755426017,3.7223849925655177,-10.33040382640975,0.8783739946660901,-17.258340596082228,15.088917991527838,9.279685385244855,-4.549116760694103,14.67227282132054,15.814654630230919,0.014637987248232889,102.42835594486336,23.162135496975186,-0.022945964992277152,95.96987322424901,2.97313816290857,13.737688524768906,-0.001588122557016986,-1.629664516254077,3.714613288417235,0.0015770917970867066,-7.417105710114645,7.658342307606064,-1.0689638144845643,-24.058389646359302,-1.9019747600012664,6.6527301871648605,133.0442482548451,12.459122271816364,-0.3015182903832343
94,1.5666666666666667,22.72114879281625,0.322959542705298,-1.9531069531447967,14.701861781303023,-0.2626272934345423,-3.9888024638087933,11.831021245383091,2.5476746864142026,1.1622430733463064e-05,53.61319316376222,-1.586387447098845,0.0023824646269645536,-0.14854481053500881,4.2856131357170995,-8.25378903957747,-14.281430683783396,3.7626576230509476,-9.45698553473181,2.075219685791058,-17.334978446356214,17.473805411585538,9.161332795317742,-4.628992056070611,16.459972124949907,14.950342742357648,-0.009089093883216368,102.57717218239482,22.270991240363337,-0.009696096394425258,92.1427164438278,1.2712327532908085,10.57567575673481,0.018872682012338438,-4.072910835415302,2.004744223905231,0.006119343233218143,-7.353485547375209,7.409038640000434,-0.762211561044288,-24.214794389822416,-1.6732065378483008,5.747321662028206,133.20260874217703,12.694329111217463,-0.6390614394584748
95,1.5833333333333333,22.6296908137454,0.2073078231331112,-2.768367312422339,17.712934992437106,-0.3568129269057739,-4.167468325685304,12.405306226034886,2.2501362985399314,0.0004833549558364318,56.70965198172126,-1.8098491729991375,0.0005309609645884431,0.9354164392910058,3.5676355564909215,-7.210960210899726,-13.728546927617494,4.570317167304761,-10.12494454188259,2.991435277023951,-17.708001007294236,19.768703664234888,8.654078733401825,-4.4776802670134055,17.319963796277577,15.221685932273434,0.00878064701979079,100.64930262768331,21.951903425161998,0.013628039144009027,89.61956436531636,-0.6000291905331425,9.897707552750212,-0.006752923256638292,-4.396712449027483,1.0692513496301574,-0.0012754212295408712,-7.3923061239470425,7.3401964504767045,-0.41306755255995403,-24.21425078498738,-2.3930316897144697,6.066685050540809,133.37986254681263,13.09126441656143,-0.9435647013899646
96,1.6,22.218840807875416,0.05406367491410436,-2.057774911118697,19.929648290291148,-0.15881422058183087,-3.943812200214726,13.429538768420057,2.1979443618655763,0.0011289027036216854,58.983022524727716,-1.9366768627764916,-0.008196147908448454,2.406245671585979,3.668582459881253,-7.9327177549280155,-11.690235000316951,5.128374546628925,-11.074089301298045,3.815740952293485,-17.676976759795657,18.071402574937565,7.979518717262153,-4.382463244255328,16.593456247203104,15.982857467380345,-0.015446940677348144,105.65382131507647,21.39970742278459,-0.013634200336592284,88.5336728514284,0.052160839033040834,9.775490226256002,-0.0046929758048391,-2.976418366741969,2.095198861903669,0.0057473081638691245,-7.11066931888157,6.980499770549114,-0.04519580055157222,-24.50766443682321,-2.5290476228087173,5.806422355161537,133.471257333593,13.022084851528481,-1.2918161394574388
97,1.6166666666666667,20.715372915806107,-0.19217782392107033,-1.3622426383740889,21.347640519856743,0.23864413869187032,-5.580988167041877,12.694055642989643,2.0257382757796814,-0.001933574568418394,59.740614351560545,-3.339162466292588,0.0012642770463864449,2.7513399454502387,4.554048803538742,-8.20919519342908,-9.685169275028317,4.816434232112531,-11.719724537987592,4.123548133020382,-17.398297641148204,16.17571044635683,7.480579119153478,-4.7469756099779294,18.164643646270882,16.778256792624237,-0.0033085778566614827,111.0065103034435,20.726362332204463,0.006489338427146694,86.58037396325835,0.37900713944410025,8.914943950216571,-0.010825654414813346,-3.232381485478275,2.411770533929311,-0.0018393833578595645,-6.998168177096935,6.281566236006521,0.7185039582293973,-24.67817459915148,-2.3023595544391764,4.618974169662737,133.33153876414423,12.856345338937071,-1.744885900464529
98,1.6333333333333333,18.37133719700139,-0.14317164322899031,-1.2761767819537622,22.411769563156803,0.3087845231842553,-7.474996420579018,10.873906579487484,1.6001235432616956,-0.002573832272761703,59.96257376428461,-4.451869387271782,-0.0015923031087921957,2.5505672642664354,4.967476332527262,-7.666859488989905,-7.9589810621467265,4.532607171149593,-12.89712820370442,3.8945941505895925,-17.26712688567759,16.42417250235322,6.860673591024388,-5.032724988110391,20.755290792595858,18.028260229538393,0.04122054853918453,106.34505554605317,19.98619676146243,0.012024939725681135,83.84668559889037,-0.05228905089429722,9.15079147469163,-0.0005813354072103806,-3.9070974503078904,1.374110329969898,0.0011271099486204327,-6.8019940961643055,5.7667992694964125,1.784518553174926,-24.311585291478398,-2.5214157034663627,4.358864983626221,133.04362686907777,12.392314643327826,-1.9969425939353411
99,1.65,16.064613867934458,-0.29607403367247326,-0.8726779416601389,23.39951912466379,0.2236379075731267,-6.616172690875295,9.814886421348366,1.7872338733088329,0.0028340743491485176,60.061384071910595,-3.080006278901667,-0.00028520114676475026,2.9695634898113936,4.32042657309475,-7.80551284188679,-6.150727750290515,3.9180128308685633,-13.916369440830309,3.5597411038057283,-16.84405771871422,14.3298145484738,5.550078394590354,-5.236265662553311,20.97632194820252,19.871665028574686,-0.05280571947904448,103.07646687807845,19.424363229838598,-0.036394788377308265,81.65696893015426,-0.05509479479857217,11.167436675577173,-0.007460430147355955,-3.4878052228175993,1.6948212687559683,-0.002683495449679252,-6.300693097318887,5.310144897835381,2.5568704221933616,-23.670074408171246,-2.9036911080661256,4.476890200838226,132.87861359174784,11.59442065218481,-2.162412104177937
100,1.6666666666666667,14.060121084690802,-0.8925184788540362,-1.5699475798060003,24.441718397256672,0.30318068162376877,-5.891894086166121,9.284888410660649,2.1899107678136134,-2.4886134341667407e-05,59.531533769379145,-1.8492295417734876,0.004842013739186708,3.45816350126009,3.9155465501771904,-7.0933939384781075,-4.419463425972865,1.6501501519451929,-13.255371479339615,4.290947272549961,-16.260525032243503,12.611415238299672,4.302403660732483,-5.233177438631172,18.579193978769464,20.524074361665452,-0.014955343110566786,108.5517075742154,18.691355502558654,0.023269868438202897,88.09229916441022,-1.3469985415430958,13.23293708472807,-0.018433167345320543,-2.981038870578103,3.036934009503653,-0.004140932936197025,-5.664223111098157,4.783578766668198,2.838511427393656,-23.282118765289518,-2.8752000619442177,3.537490465306141,132.78183367330453,10.904960896277844,-2.4723308826503865
101,1.6833333333333333,11.772919209249688,-1.200331200781407,-3.0223134878899396,25.305688973429078,0.2998961091116663,-7.086111146987811,8.539857973434177,2.0659903276976963,-0.00290967207489666,58.60822322071855,-2.2971622138267156,-0.010633855891611766,3.8482986926337515,4.683753318725465,-6.111734122932047,-2.470759194494243,-0.21192177701457227,-12.591154661782946,6.305513924108105,-16.200098930237733,15.33573376001143,4.308990891311793,-4.536170127845353,16.744500214754297,18.813224406244764,-0.016600062562161948,110.36524992166281,16.808895658219843,0.006183161312627332,98.33095788200835,-2.741201572507873,12.096248391505872,0.008119302573981493,-3.309299786744784,2.8778615956284943,0.016302137617448816,-4.769086057215261,4.574128490855152,2.9120701677505245,-23.59779731098227,-2.8964588412947014,3.392070158493196,132.85576051778128,10.136972809142021,-2.6933581660535983
102,1.7,9.052025149616238,-1.8186097704828041,-2.3766668425145503,25.56119650967616,0.5965017677433264,-7.042993535654774,7.218496330656775,2.3057451351064806,0.004079125255453687,56.87259857051482,-1.6967069734914155,0.006298042345719127,4.351937712183672,5.309485542418627,-6.9844362389514645,0.06636938393191628,0.37080244194623363,-13.857497391027078,8.028310485309294,-16.335945371388853,17.978122091710315,3.8001396585486984,-4.412827702586082,17.801580919673295,17.399047977398844,-0.0038633304216123448,107.98062906427758,16.460295230111313,-0.04215587631989317,97.9635239245111,-1.978656755281911,8.93903473385152,-0.0022010089298598696,-4.6752242371928645,4.327912968479421,-0.022983881286809154,-3.8045110830462145,4.005037913150428,3.155581787785287,-24.042568775191853,-3.3654943423068295,4.179661378459425,132.98425781364756,9.230432741495768,-3.189178182122046
103,1.7166666666666666,7.093127391856301,-2.860167814198576,-0.9999986287592307,25.915232807365292,1.0387606608462694,-5.2895520785323065,5.836476930957613,2.942421644252508,0.0008339651883533197,54.060597183552936,0.36659542786301086,0.015671333815924074,4.357308830894168,5.227198697378248,-7.318019360607423,2.669601474499584,1.495320406644719,-15.427114464860109,9.052771571430032,-16.323522802099898,18.490361530953315,2.192279110637495,-5.361434393855089,19.046984628155172,17.678430789375813,0.009397924800362679,106.34566188524731,17.812889224411755,-0.03911659783373754,93.91778646566166,-1.6166443989252643,8.488241512639142,-0.0031719548114699293,-5.197341990991951,7.795909617426976,-0.026057761184460643,-3.32603991845707,3.126843243560523,3.798246500826428,-24.06680413553149,-3.6569805699820455,3.5209232853579113,132.77409406291986,8.88741875192006,-3.836998812700793
104,1.7333333333333334,6.5366672308385345,-2.7656942129126683,-1.5468541452613505,27.532592994799938,0.7942535594609037,-4.926244499735113,5.417352359861246,3.092789782978757,-0.001254185193038513,51.052158824950816,0.7869117620002433,-0.017622239428369418,4.422003240853989,4.577357338162721,-5.96614678757983,4.509817647335549,2.2850822126151864,-15.480656487015493,9.647808893100182,-16.529361828827,18.857589361416185,1.9202127957010975,-5.26516861376088,18.09629664555118,18.563310733590153,0.006651481757588352,102.76079119915755,16.342939563568635,0.01820515141031865,96.28106661063154,-2.8692318837121786,9.602715836582327,0.0012903764392182286,-5.238445319639336,7.455369556505498,-0.005007627330405158,-3.474608331610331,3.510870590049561,4.435707927552138,-24.298802291399042,-3.7919103630083604,2.9983871692356496,132.65003722555065,9.376254872119885,-3.5773006682813353
105,1.75,5.897523768932756,-1.9156998654864064,-2.9515348001413697,29.342920751435845,0.05971659547501757,-6.0053305593575885,5.368056267959454,3.0691607553154023,0.0007754229134085296,47.85022625022002,-0.208146432942558,-0.006248639671374489,5.03281352014272,3.734815778880047,-4.990809739888077,5.839946568991732,3.3345266415009895,-15.213435466257035,9.143068779193447,-17.262632433749005,19.242407200921352,2.0680346347522507,-4.289821945841943,17.668812334714303,20.3791484868744,-0.03399433914210256,101.24116994417543,14.540295462207501,0.0391992269417856,95.7655177237943,-3.3707916885914195,9.196783919362424,0.002650147820759994,-7.25377339191566,6.161509044229428,0.012844242358473971,-3.614641490262959,4.596108602799904,4.752341772084898,-25.117454363477023,-4.190910671452908,3.6148894480891522,132.737550666513,9.790484639285442,-2.812848383021725
106,1.7666666666666666,4.704778057361923,-1.7580157866610095,-3.5642345464193763,30.090013146332147,-0.151217812893907,-5.6911479988609495,5.280146402890138,3.2271460003044834,-0.000539125364664842,43.986526683293924,0.048045210003287375,0.012802604229072692,5.507221139510756,3.9385924759324538,-4.596157556087964,6.708921994030317,4.367760322258755,-16.685358441238964,8.0765266624251,-17.948268927579193,19.22096268148422,1.0489250708048692,-4.699740452458994,18.948307637740132,22.911889435882763,0.009718804798960283,102.27689765789788,15.202513429895134,0.03877415052126131,89.60796617958623,-3.942772569809768,9.47251963399604,-0.012130932232571497,-6.697957681278165,6.187291153134316,-0.017608934609580962,-3.5366750419032957,4.588853229496397,5.327715621511671,-25.834708617366,-4.589913897456001,3.1744954950111146,132.5996434681928,9.681876946797017,-2.6219388457889976
107,1.7833333333333334,4.134286891446956,-1.634527594918733,-3.5451063590314047,30.791721299710524,-0.18522802859814771,-4.432985497387088,5.685628112178941,3.150462308356216,0.000666302061005178,39.95396301745953,0.7291032372645149,0.001409473447703036,6.087272206333294,4.425958265354785,-4.481895135422717,6.299441685411567,4.5977038720066545,-18.984449351160386,7.7766971473792825,-18.08176746714039,18.73490089496359,-0.06366616726292111,-6.061430446799129,18.816465798426915,24.798648972403463,0.0012839779039240699,102.5633614037288,14.990900283543478,0.008123965550952966,90.17527182383282,-4.268406586120958,11.06941774548564,0.029501666255268476,-2.0599335201811395,3.129446964122514,-0.03795821265797384,-3.7789390239937295,4.206586545609669,6.281975283446302,-25.498505783212252,-4.274802488253954,2.4175368032141544,132.23485809361648,9.72997103245581,-2.403861643549099
108,1.8,3.7233415342504617,-0.8497993060498586,-3.6624726248520267,31.90835211045131,-0.6393909419439181,-4.568842284365556,5.732376596995634,2.8300686128700545,0.0005662607589774602,35.88750597340124,0.09368794216032528,-0.01269313324381913,6.6355662502821975,4.385554879189532,-4.694583995029531,4.50665763557114,3.8055340231434127,-20.066567064893697,8.876456284516776,-18.350872919713417,19.081353569826057,-1.1448622412515117,-6.4126766261093175,17.780622819092553,24.70311605176087,-0.03875372741237462,103.69889974819006,14.871585123956011,0.0032300652401084495,95.05702623367523,-0.7998138925847357,9.767661969396876,-0.04019981756615347,-1.218338955860565,1.609649179006287,0.017118692453721447,-3.9755342107309226,4.6890501598373735,6.942219776153845,-24.849689699433387,-3.4739893184339263,2.694100801085945,131.93037181077887,10.047587676707039,-1.7416608582082607
109,1.8166666666666667,2.583235840883616,-0.5957907328633413,-4.128413950494455,32.316771480062854,-0.3827620290340949,-5.3969122828103835,5.052751314088842,2.819277607897565,0.0007773805541630181,30.781514705159093,-0.690437456907779,-0.005160183967413716,6.982335896737994,5.045376973404348,-4.798555316242549,1.9233946924114433,2.505984099703043,-20.796705690427785,10.30195587594049,-18.76554526007344,19.5785585809558,-1.9555280868065072,-5.886791439334863,18.91309328238736,22.991095557497133,-0.013974808986666152,106.12176011351987,15.47577528935113,0.025605012298771237,94.55151262279968,2.912682736455277,6.193814546797171,-0.005603884843849746,-4.199097221422658,4.344489335237396,-0.015940236756917282,-3.953207352640187,5.011331234754898,6.936166438167964,-25.177213575519197,-3.6389691869492227,2.85621297315079,132.3331068986454,10.150269547500084,-1.6854743993084254
110,1.8333333333333333,1.3169409097788563,-0.8154340410304136,-4.757991257687545,32.069173974962915,0.30554778770130603,-5.646145284072369,4.537785861926955,2.983581318962275,-0.00017379439423393617,24.756998320863946,-0.21224244254227376,0.021228574800987443,7.6466129250154315,5.737990889376346,-4.557239295137399,-0.6418320021588476,1.5392236812315698,-21.932082750148375,10.391827572482827,-18.376701895595815,18.078524357668698,-2.332661740825997,-5.982267093452908,20.061588878909813,22.25996244635553,-0.015081794063733224,108.62667811139562,14.584490585609558,0.020754428333317025,95.61101377491087,1.5165378728739076,4.843730008865625,0.014096368033564469,-4.217965551507623,4.557787542600999,-0.0027336468327463035,-4.414892878707785,4.607989072427215,6.725119474795797,-25.151110617569902,-4.511209854899393,2.8897093633171904,133.09287918927194,10.249404502302541,-1.9867410168194015
111,1.85,0.07486492765572925,-0.16952585982562532,-5.351212352974431,31.8784777251025,-0.2483111011954646,-5.778052994802196,4.089262425814684,2.847999978483121,-0.000594087318519086,19.425011148528938,0.2739895030579837,-0.01038950518977635,8.270834167390207,5.240604577084157,-3.6546243531829137,-1.9414482033248495,2.5299120605135683,-21.86031709377439,10.58449181766374,-18.10676122172589,18.043000173666353,-3.2492470343270843,-6.475032888501096,16.979576177105407,23.126310401410944,0.008259573561497272,107.02560265231263,14.541731812980474,-0.029508603822555098,102.96866257180827,-2.261346262178024,5.499841032070801,-0.003697894686492656,-1.6309844167849732,3.3638927763917335,0.0013964054819169682,-4.430801402447454,4.873647913424652,6.973467188225192,-24.14439909936182,-4.95399838457699,3.525430349063167,132.8826020726149,10.33268766467866,-1.3488916689313564
112,1.8666666666666667,-1.5398611406109022,0.8068318710684356,-4.9263306799493645,31.56317276648737,-1.212652097220019,-6.1578170111255455,3.5451829778877526,2.7902131576987528,0.0005476376848254905,15.00965081136907,0.03256706554957382,-0.009802196763085264,8.808536682412766,4.746298147746551,-3.1108809089643485,-2.250754594178834,3.853071704337608,-20.613914837935784,11.839976606399311,-18.787134257233333,20.119572734825926,-4.164575258600602,-6.405650545336618,13.785900360393986,24.076043418124236,0.002115444518524833,101.982253091256,15.33743970024401,0.0167546302699629,103.53162958429826,-3.400485506315124,6.19136497027035,0.0030485348840389613,-0.09946439723642793,4.319651738025875,-0.001837958241015501,-3.4405226396742776,5.83511651100642,7.394612382922935,-24.213031024869178,-5.064715974462092,3.467435239784417,132.3147730771603,9.842140909081596,-0.3054924610703997
113,1.8833333333333333,-2.9373879776754332,1.2225832052135968,-3.509889468572983,31.373163001025418,-1.498070608704158,-7.05558933716414,3.272927537674442,3.0954782453228415,0.0002505827630647806,10.580818366599889,0.4041384131725782,0.0176130119505013,9.347409162192726,4.960224273835585,-4.066249739003255,-3.103510751943479,3.342528155411817,-19.46196829567627,12.004135332536633,-18.621428924510667,19.50556252770746,-4.545404965642054,-6.923520267826713,16.49761348157613,24.303634574611216,-0.0019763921539463396,100.07053806909387,13.961736105852642,-0.04676895867282125,92.5179294891645,-2.2896143657077745,6.433658741768638,0.0009187439950127236,-0.1551984480761574,3.985217297819799,0.01779571807824295,-3.538251252117725,6.121178311076241,7.1974727472561115,-25.209968049377252,-4.785481056603646,2.1719479474990524,132.64105213657874,9.41664476795354,0.22725188411572445
114,1.9,-3.7929459661756835,1.4681173213680614,-3.670156351909944,31.76462162550155,-1.6538533727641946,-8.000677972304265,3.2943826164704157,3.404063694762797,-0.0003138135065012408,6.714449200044438,0.9403665032387246,-0.004963461137591605,9.96273593169364,4.668515496523702,-4.195066064548364,-3.8929450924222846,3.645824792056996,-17.912200304928316,10.900501985735065,-17.601606675199065,18.363764939121513,-5.343495032208343,-7.986966793792672,20.571969086154706,25.04769455794783,0.013024656081432981,100.70445444112288,12.719672681424939,0.02011058492101667,87.83388326434714,-2.0837824538577614,7.27167919526643,-0.0060375251676244805,-1.7761776171010448,4.493037794193192,-0.015219806537467627,-4.835688391046763,5.816385922900318,6.5525675328188955,-25.28333471941975,-4.2515463493637,1.4884470087190813,133.10432632917716,9.58060245217338,0.5767638899629404
115,1.9166666666666667,-4.8439977593073245,1.626463933015713,-4.415023298312735,32.00971245307268,-1.8145979195302133,-8.279449594299082,3.252232058369703,3.553288002391593,0.00025078021952279787,3.942914387326731,0.7133322895966168,-0.006757796553441265,10.79719271976624,3.999344200127988,-3.522396881654103,-3.073126835889629,5.3754728915358685,-15.664096086178976,10.322697568536887,-17.64736382512144,19.02895763745209,-6.430959361791673,-7.9123152657995375,19.56562812949896,26.864005277124935,0.0032031561853801973,101.93779193095267,13.772204224630817,-0.03246773389478197,95.44686750517027,-2.825768549837821,8.160363840858253,-0.008626662115499398,-4.009217061569216,8.531464818864263,-0.002251417145843338,-4.973526958926611,5.758849334556378,6.795393757133589,-24.409057586039644,-3.9430976891367657,1.4861691302123388,132.8207635516044,9.563616714094245,0.8702077886255951
116,1.9333333333333333,-5.836571541491886,1.6989796374897497,-3.618486628570126,31.869531970917247,-2.143398171194,-8.262268502061971,3.1687675315298947,3.5508178560377504,-5.727677827298054e-05,1.4288699811055934,0.8992917553563082,0.008902792331960204,11.095896324556426,4.30145314459231,-4.005290210317875,-1.4739208136344102,6.710978083491256,-13.81564129019566,10.562785671147855,-18.489711003845326,20.7232171135779,-7.237758250099488,-7.130769286143451,15.794714001478251,27.367021331291014,-0.004108255702496944,102.97892278156841,14.751750795449269,0.05526577011868546,99.32647529404305,-3.938935143669295,7.013269312699538,0.003608815779541988,-3.2938066677391653,9.15634071842206,-0.0062997204592913116,-4.41751364256596,6.087748154114824,7.9392457467440725,-23.724782902172425,-4.179135665938989,1.0756597601937021,132.2341344619859,9.541393656488651,1.1024464047090803
117,1.95,-5.879179158582523,1.762881375119998,-3.8179570323082443,32.443295664838836,-2.635765242551821,-7.452350911922411,3.9527174443533304,3.45089921029799,-8.787412275966625e-05,-0.032837064227500844,1.713513973001846,-0.0031917309513339667,11.348628946817861,4.734253233730295,-3.4724453992734086,-0.5090830168496978,6.817533600942932,-12.829229276384085,10.878019002171708,-18.96408078654456,24.49276157158302,-7.92503787301936,-7.285403421548792,17.08836165283451,27.04442283602989,0.0025728670613722436,99.91660929926935,14.025373385968724,-0.01574643259965631,93.80756649650709,-4.663538433742753,7.219301751458236,0.019714366974928677,-0.20910020496610818,5.25401758946343,-0.018356112603943178,-4.950372414630591,6.416853615125032,8.016553653526737,-24.282971485317827,-4.50666316267766,1.1353015868259657,131.9390172832962,10.13812341584011,1.327920231085949
118,1.9666666666666666,-5.6917326606833685,1.3222634094165435,-4.483393455515769,33.541298459991886,-2.4240877680537585,-6.358711116715419,5.47812434624191,3.3771326147575333,-0.0003872688798423121,0.7884084653404173,1.7580200634668748,-0.000501214610887251,12.248891688006339,4.997762358302232,-2.383811822532492,-0.44927165393676666,5.892105641246164,-12.184802475166066,10.90851607286019,-18.482444754562646,24.983134824013455,-8.654967152235718,-8.049744689145287,21.82971602283908,27.33346404559654,0.010236974322155756,98.08184284562103,13.287391162537974,-0.0038794747684399947,88.67001422076783,-3.9762318350400756,9.589846898122719,0.027661881802604392,0.47498332935241644,3.679017387050242,0.010168834598439003,-5.745256567076381,6.006094977123885,7.2979576207528645,-25.390536198155036,-3.7144149329495058,2.118042784720967,131.7615303470335,10.570296342046714,1.1626371065741268
119,1.9833333333333334,-6.173816700058704,0.6229054783787799,-3.6603710525862927,33.83166989892219,-1.8053187940795838,-6.436251263064119,6.703039498055727,3.1967800068377548,-0.001308351943347027,2.6705784390841885,0.887824851066897,0.003744238713871974,12.508130587910891,6.122385953898644,-2.4585636186547504,-1.3286911771458605,6.312420261734947,-12.136318959661109,10.914139045032366,-17.58676891326691,20.762010519036007,-9.49332747756326,-8.516211194430383,21.955913101861267,26.604360165371936,0.01985258942596469,102.51579131082943,13.839176334119824,0.016051057921012253,87.52000088500043,-3.472860013428967,8.773430228287177,-0.00017010608066308716,-1.0921279184421155,3.6020009598134792,-0.008628317152481354,-5.626495123011524,5.119284398659444,7.6798086788816695,-25.355588631131642,-2.9090680311982156,2.8765784345490673,131.27942463616165,10.27707574918993,0.7916648537541596
120,2.0,-6.513255209817348,0.44629161523663863,-2.6277926524240662,33.9374212104275,-1.598851770199255,-6.34046504266554,8.02371606389783,2.69482006873092,0.001720009383312243,4.798463472034621,0.3209378056508444,-0.004306052490351009,12.012093988659325,6.9211825361575725,-2.735330129022439,-2.4220596082193557,6.977565479204455,-13.397990718340631,10.939364796841136,-17.6876066309975,19.64002294680142,-9.207036420936122,-8.491596626519115,20.836026322558922,25.926479756183088,-0.0050521762068149265,104.06318311641195,13.315145307695536,-0.018565859346625756,86.16645674938074,-3.45304504877289,6.34038479595684,-0.005558310255937533,-2.1258488520638332,2.1864914409397187,-0.0052183458271593324,-5.297439847166436,4.748262751592139,8.44621971491707,-24.973106740127914,-3.3297587027811066,2.6152190705248946,130.77429686235274,10.07149952054563,0.6846845565003733
121,2.0166666666666666,-6.269304546500428,0.4497142916732621,-1.4429826436384225,34.55348836641061,-1.2944603320810635,-5.958597090429441,9.890779165331635,2.104491984344964,0.0014709120585519222,7.151470690847547,0.3141331357697753,-0.0013063469033518617,11.997088187587288,6.9269166314439765,-3.8389742487788108,-3.26048380202305,4.668996954734988,-14.755013687899892,10.551404649989404,-18.354314331421865,20.742541209854515,-7.974773241156567,-8.103962370328556,20.816219723576392,26.50829883945372,0.01387254189036697,102.16726349372827,11.45177766828042,0.004221403416834151,86.80553466292886,-3.437735473072781,6.490369111846825,0.00123861536765205,-1.8792363486885506,2.3646212734796337,-0.0006686693331310087,-5.473628367840774,4.585343399703197,8.880595966600811,-25.094283188710666,-3.4066385191432698,1.9520565267990213,130.54505960074042,10.321909302321187,0.5744182129080009
122,2.033333333333333,-6.287487928244743,-0.0631791933294403,-0.6936908019324205,34.34830418501248,-0.5289497330326249,-6.5758443737429655,11.718161054162278,1.6957049159497564,-0.0029035241788687416,8.51418803892409,0.023401744961309926,0.0007087217592756586,11.882126100524435,7.569144736762883,-4.7238865920550355,-4.426978203324367,2.209259446749411,-14.855455450692785,10.059488060678142,-18.33386812374861,19.553813888449483,-8.280570739566105,-8.176503702800808,18.75907559905686,26.222765565612118,0.012961774245825682,104.07050527025243,11.895062711165151,-0.005074950520877782,89.86077051836537,-3.3965649800430895,6.9565193667334135,0.00256945542409868,-0.8606165430687106,3.701462682697873,-0.004216752109657576,-5.572294797505091,4.088491557900931,9.343019346737112,-25.044221448610077,-3.092679264410102,1.9691598266784054,130.13477390293562,10.34569052710998,0.23730050673762132
123,2.05,-6.195600280336387,-0.8672786541199972,-1.3436057108707673,33.58033285694542,0.39177884927278844,-6.780851875288858,13.637190070002632,1.156178273256649,6.952290228577657e-05,9.039132073827982,-0.7015880663038037,-0.0002552193714502743,10.568011589566629,8.395099139117267,-3.949414435573697,-5.7777432844024545,2.7866630318716927,-14.564793913789513,9.991858922317613,-17.774584709705458,18.586086831209307,-9.560080235674297,-8.795438378482714,16.28655402856118,25.106310931846867,-0.020061304206020904,105.24036094479293,13.742662774074075,-0.0013563059191258895,89.52017336861624,-2.1137780333474465,6.04857282767415,-0.0062181914271647,-0.970760956584592,2.8609949054983703,0.0028843990802956162,-5.523461551830692,3.2740531026944706,9.062583720663588,-25.620693219248892,-3.211378235112767,2.6036887107516895,129.60585909517096,10.332554784791387,-0.29689671299749754
124,2.066666666666667,-5.199377415889945,-1.6855394107884365,-2.2835573145284953,33.65490455218425,1.4563830593498974,-6.018190912493591,16.342015135977743,0.4829146993087526,0.005198748744779732,10.218323539060918,-1.2174502855243796,0.0015753820114675157,8.41815751178774,8.438879100392509,-3.3472441236009804,-6.447020929659937,3.852670746154566,-14.534582067973256,9.472906753735444,-17.48161500399645,18.738704440147007,-9.053663399414775,-8.667018190277407,12.383349539808414,25.248655223788127,0.006285585598363593,103.6965511916883,12.860211905554504,0.028234735224271695,89.50353673630985,-1.1355920777837543,5.748921439867348,-0.0049034014941599395,-1.7072420218312183,1.5031456379118187,-0.0010632945819626864,-6.000181564003348,2.2303570034550755,8.180055130014667,-26.727209755283926,-3.025308648529984,2.5605161142632364,129.67512168916497,10.794773270512215,-1.0389720485405367
125,2.0833333333333335,-4.204957773372738,-2.66999598461905,-2.2953843425177243,33.49317376115222,2.39732075118748,-5.4685078771294835,19.79705918175165,0.34259259892460237,-0.005961874287316212,11.807236308272183,-1.062599868967227,-0.0021854801888416364,6.027866044011132,8.377829614651255,-3.5297427349194934,-5.989083499282101,3.2763775788399343,-14.934235541006444,8.1338542751525,-17.572650913022045,18.223238235873367,-7.620482285952986,-8.04146247672426,9.47165322898654,25.89367644771427,-0.00423618656410539,101.40608812896865,10.740429931754344,0.02579056687588926,92.39220048714408,-2.1443294828297526,6.040959232366828,0.0008501356534242974,-1.329760252679,2.4674064128369864,0.0037533708411714942,-6.485079269722215,1.4644833055060449,7.797571031039069,-26.6678945118292,-3.1350619735899583,1.6568384844530661,129.98057641808822,10.891864476421864,-1.7025488942248515
126,2.1,-3.535849860730441,-3.784173138008052,-1.7036985312595672,32.46282888147692,3.0966623777664055,-5.715076407753743,23.322622258393903,0.6098383450911201,-0.00017676677991705742,13.063272648422425,-0.785651461988614,0.0008540305031277258,3.66556738912769,8.167727461029704,-3.339577470266034,-4.848392472106816,2.808485421231764,-15.246575095921807,6.547006675053032,-17.40438601928032,18.514741418173326,-7.9745897465910245,-8.119626420598804,11.006033372464504,25.397805784453244,-0.017945534709130826,94.3266893561591,11.003964431882231,-0.0119401374256216,93.79470583908505,-3.389740447054236,6.2338426797366155,0.004025478633635126,-1.585321118787021,3.9318580836168238,0.0002369330889135399,-7.078380517847464,0.7393628260576451,7.558400011112155,-25.890472063432412,-4.00620548766184,1.6805101722985896,130.02823578144202,10.561925452410591,-2.265934233080324
127,2.1166666666666667,-2.582043161392802,-4.787575286884047,-1.4969543430107393,31.394162567766028,3.801885638459283,-6.086959624368501,26.63414026136212,0.7811927830891982,0.006931112429971258,14.173335059429832,-0.8237328708513786,0.0010418206774809207,0.7476719824201663,8.027550669618758,-2.7399523529172307,-3.164639923899903,2.7488136445624796,-14.797930464247772,4.55053037270683,-16.92838985247694,18.520044331417893,-9.196525344070936,-8.411136228742311,10.029086862949768,25.231059573555346,0.015698823498440644,90.41134812700439,12.131403131023951,-0.002552038573247463,93.30669519920748,-4.44287497575634,6.575497150781413,-0.008337136452167743,-2.098686193441989,3.4934085195080504,-0.0033739485817145844,-8.067549584051294,-0.2272212451488113,6.982728086554611,-25.347869486151154,-4.16091055328893,2.5696805759624994,130.19752453409438,10.45683047547254,-2.7949187938377453
128,2.1333333333333333,-1.446610725451988,-5.511480491875123,-1.138333871729558,29.817977413677184,4.207610583169593,-5.0856464760565405,30.384695311700003,1.3275924798997627,-0.008886816823163899,14.846685735318722,-0.3984448009248302,-0.0004780032384781172,-3.2487408378236444,8.987209501800395,-2.495767876318521,-1.1108701300440147,1.0123039855720388,-15.027492175458162,2.8544490606417483,-16.40784879694838,15.296439751081245,-9.19514587212923,-8.184379488037159,6.62449305189478,25.77446627864086,9.544570905980564e-05,98.18782487185764,11.869467434787605,-0.010706760253600747,91.00560603814495,-4.689697472629177,6.608140998683415,0.0001628164873183756,-1.1441485771451212,2.870216948645535,0.0003062961917497679,-8.15917113374785,-0.4980196512161776,6.231773183927565,-24.745469287830897,-3.525686852336086,2.9119723303834735,130.44502740329008,10.037384891404912,-2.9121960591716154
129,2.15,0.475153972650715,-5.757053978406733,-0.4207340287148589,28.085481200896595,4.127587468055463,-3.7226910581476074,35.04761886567409,2.088897253971362,0.002170701175170337,14.810549733714248,0.35240226366991456,0.0010285057835814166,-6.880167951059139,9.766595558418585,-2.505287653473487,-0.05891742865549607,-1.4709463194951375,-15.761650015702045,2.234677967186483,-16.057560988348857,14.02324191978385,-8.361480821251112,-8.230495030583674,8.487842895277465,25.005695586056106,-0.002059892615049817,104.24737402462604,11.292710365296909,0.0008884141862319944,88.98382415265188,-3.167357423381897,7.235626694269264,0.01714792077252421,-1.8103496241699977,3.7494490339536353,-0.007252145245557674,-7.994008016790943,-0.16271790426301355,5.129118842597902,-23.866979840245055,-3.347425781329342,3.3249369682094896,130.60932648216516,9.641103029451283,-2.5905899200076847
130,2.1666666666666665,3.326161526124413,-5.541145848672924,-0.10275189175431304,26.695407137211173,3.740356248870775,-3.9243260506419886,40.21744056751259,2.264538177773164,0.002731926156306162,14.632687093857852,0.4153486287583988,-0.000547169264032913,-9.77096267616412,8.94460785903356,-2.0056962832345513,0.2172552424857089,-2.0911064156471566,-15.270861268950394,2.004304473920314,-16.078490697201453,18.06628337986112,-7.421539374972029,-8.610385630734012,11.494096451041047,23.246506064533115,-0.013953598845159816,101.74184374368534,11.284203870058947,0.002244164781782722,88.94388375456431,-3.441477775468354,8.412380270020716,-0.009189269334445272,-3.533893518410811,4.525512395646079,0.0001765537640465879,-8.264027866412738,-0.014185349702415058,4.17747906403373,-23.45286005249985,-3.442853804016195,4.324444936757191,130.52327522808676,9.598799789436123,-2.0527317315217215
131,2.183333333333333,5.754164700505845,-5.404812917358572,-0.5528368338001104,24.782945180667923,3.49139636855901,-4.6654931706206,45.30712879182804,1.8837323762081026,-0.004314170276179432,14.689518770175145,-0.16045112593475452,0.0005574160015113381,-13.281350562849045,8.092522132888288,-1.0491908158523888,1.1604244404237207,-0.9096518654700608,-14.286250764165015,2.0107389507677866,-16.340416645225446,21.37179029893417,-6.724186709852702,-8.310210768246796,7.53005840932258,21.778396975186958,0.019739391813291804,99.91118636427422,11.501603320124355,-0.039028597777704434,91.26313449289809,-3.824261850138316,9.571708009756149,0.033286169159853794,-2.354495534000096,4.11629911716808,0.001275287740273572,-7.5235300732911545,0.39661233279164043,3.6967759952371737,-24.400125852785123,-3.8091162313046385,5.226450741738392,130.42498842806273,8.962175636198722,-1.5051312152499075
132,2.2,7.921038534570598,-5.424611058097622,-1.6175697739613044,22.897271087577455,3.4005264170895044,-4.8243706121082885,50.013879175515804,1.247361334294575,0.006540162022421592,14.985347397013124,-0.45711905380867945,-7.636553130089487e-05,-17.28464328387511,8.351843615621574,-0.13257581125650222,2.652562354204723,-0.004246624233633649,-13.669377219777033,1.948585418207281,-16.7366473388465,20.00948297043262,-6.392803696159094,-7.448210284046614,2.745555581495443,20.842700610729363,-0.0068562965510612665,99.46476280026697,12.111706031985936,-0.01868664993798452,93.27587162164647,-0.20617550682719643,10.756955123204435,0.02655732303271482,-1.0551278804910553,3.3317633952413046,-0.0028178708556852745,-6.386250474347982,1.4495807680150192,3.147376381384654,-25.104104690528413,-5.067502369017303,5.532095788605186,130.8658134734782,8.13240741855137,-1.0247308686134793
133,2.216666666666667,10.514661201393526,-5.454678352163549,-2.041803137530218,21.424466054622425,3.0566221499359933,-5.048368265568633,54.2908180390568,0.9688043915854084,-0.0029299964855873245,15.154569043608426,0.004737556598967875,-0.0003415148625985899,-19.811429216913567,7.874332038745261,0.3885501100036654,4.0043350343970445,-1.107755457528412,-13.355467403525985,1.2074243452943598,-16.764368266576177,16.526097861854502,-6.112227077673576,-7.251535063611979,4.532669171735266,20.778241258387204,0.0007230609500469947,97.56509569457312,13.700733432888795,0.008801840742854027,91.8072490130002,0.5497903294458506,10.241850150069892,0.006170478406644495,-0.404692649178958,3.162408786813606,-0.00266515720117133,-5.98676106633235,2.262644584141712,2.9195299722068717,-24.378645477905078,-6.053932634315875,5.188568373395519,131.10439902719563,7.639787065309681,-0.6302842129762032
134,2.2333333333333334,13.15282352754783,-5.676685251646198,-1.892946247989216,20.079637459101356,2.956164597415027,-5.242377157155381,57.8889342335008,1.1966702205723727,-0.003362456864503806,14.911437836125202,0.4582464454336631,0.0004676193129371376,-18.80231386736932,6.969260928082166,-0.19043938141158956,4.6862112972252845,-2.4992296502437457,-13.486170164757986,0.16551784923703344,-16.345258146524863,15.856425403479403,-5.7695050819335805,-7.765138472725663,7.570291731430369,20.548367577726722,0.011366735562752786,97.04099822328727,15.451943910537468,-0.038599372263969145,91.48706256038737,-3.122607749885756,8.374920559831848,-0.002734801869583952,1.3946651375592913,4.222398576125556,0.034586981696281445,-6.235936396860474,2.1173906924166577,2.8691328450080578,-24.20116517909379,-5.773837569118625,4.884716980209905,130.95333165786252,7.400038604172756,-0.5370663625535971
135,2.25,15.82044129643523,-5.548977400049926,-2.2853688933324765,19.33182289358593,3.000848691998064,-5.175053520775252,60.48412126361995,1.0563458946306301,0.004343616141464744,14.76634987994245,0.516641654767822,-0.0007039715993218896,-15.224130006892674,8.63152817623135,-1.934777288715383,4.7635073370608225,-2.1028603570838715,-13.468816464815358,-0.48720223664305007,-16.29326507465098,18.040512139908174,-4.662768691077582,-8.215654755215471,10.398345704087316,19.357497734995437,-0.01310396469062259,95.73566577987418,15.88239346648501,0.0034640844976383946,88.36959072867859,-3.6878577505552728,8.387429585846709,-0.022121930167458385,-1.6649063531725343,6.252851420859042,-0.029913577371160058,-6.926680545872128,1.9301273123876819,2.1029177756272257,-24.505899386028535,-5.174522580700052,5.73611963222499,131.36854735923433,7.6463605459501025,-0.40578430721893266
136,2.2666666666666666,18.448281098400994,-5.102536158986797,-3.0668949315366376,18.893849406880285,2.7005282380175335,-5.119294076635352,62.10818119347149,0.8075596668399466,-0.001284802358822879,15.19128174144712,0.3594286850049223,-0.0004426418236545524,-12.47973435013084,10.840039174201348,-3.2358345001918396,5.444034565111301,-0.8113384038120882,-12.809465458390916,-0.610929316326886,-16.784541757585636,18.34104962171143,-2.6073579801203546,-8.117314231894007,14.17770037424485,18.963555651559446,-0.002256916197338997,92.09885506150076,15.761097114599805,0.029708099548093208,83.01589569963099,-1.3714887001999645,11.844411517893688,0.02322982911572676,-8.081946564126397,8.791629606560763,0.0002394491690843182,-7.041675288282588,2.6595112994491727,0.6195347218896764,-23.591200685145743,-4.820961970076927,7.459314604626893,132.2643367338897,7.883776917539799,0.1234368725944934
137,2.283333333333333,20.929528963102943,-5.125446178840332,-3.6571468825176163,18.51084829351508,2.4442583109647704,-4.848184162232987,62.69038407555941,1.4696610753241535,-0.001299954356591722,15.995436670887544,-0.2851514377049015,0.0016429937549460414,-11.809903819338217,9.592496945384385,-2.8929555664152082,6.965178620467822,0.3113976173941692,-11.675685996205155,-0.6111647094806082,-17.32363813778051,17.262073253179267,-1.224947259288168,-8.035525704510036,14.034281738775109,19.334636401489895,-0.0022818433671120846,92.68892194408956,16.16908405923877,-0.013634979004251343,88.15508701016584,-0.14661616970227154,14.206706702676355,0.011260786693090632,-7.423453467995548,9.78330988236338,0.010550274116810681,-6.720377123627199,3.632725627602815,-0.8371001551718689,-22.781850026000445,-4.603230616315728,7.35808524899533,133.0252322970718,8.017955884572029,0.7355961410911186
138,2.3,23.416375107651085,-5.139735391465577,-4.054167121843323,17.997616520754033,2.1827902527739402,-5.347451785358615,62.61211799995212,2.1617104502079973,0.002164735526043631,16.461523812152773,-0.951105356991625,-0.0006062035268582968,-10.588668474256712,6.003419256977308,-2.5141818697672824,7.524773045104655,0.6279442749679331,-10.204606343107493,-1.247827112471039,-17.63030637198668,16.353796621941317,-0.6775339128428141,-8.10563103900199,10.73568939893849,19.502568529755884,0.011593165052074191,98.2418268707786,17.01007338045807,0.004371611429023918,96.91245272991975,-0.007017069272408143,12.89063750205931,0.002159950170983336,-3.0821966707573436,7.45116651107968,-0.016635934622694422,-6.694510216425003,4.0295513252952215,-1.228662429280153,-23.161738134766413,-4.4620586609282045,5.427053260447689,133.54814663047003,8.21096400132481,1.1186475134972966
139,2.316666666666667,26.05521835850185,-4.765023921959126,-4.713176703555702,17.02245757360124,1.757197354374085,-6.654595283943375,62.71952873869756,1.9442600205014802,-0.0023015502404017227,16.37625783549744,-1.198319566821429,0.0003091556263046356,-7.67604609879082,3.208943219743388,-3.3780931768746747,6.737781712733022,1.017571760441937,-9.221341278772183,-2.107441149829076,-17.67136849625707,14.462340982571208,0.3085334209231827,-7.83176522880627,8.523944932596292,19.416052764240764,0.011811794988838265,99.97763865955572,17.990025059890076,0.00632258877532424,99.08929331586518,0.18396401594990552,13.24120864336046,0.008058581487378933,-1.9087264114288864,4.662769225044139,0.028194815888814187,-6.665766085048419,4.318251893952185,-1.3149582975219947,-23.244197928777783,-4.134819449063311,5.057497901201632,134.01128602113354,8.180502971851777,1.3713589008224767
140,2.3333333333333335,28.858415858808247,-4.612229702585168,-4.327754065721445,16.468942511904597,1.4870718557367277,-6.925633755414499,62.576533561147215,2.2894878484101926,-0.002253046053187827,16.646045650788686,-1.1327883747763476,-0.0001306700004799024,-6.166893241744474,3.5612260231153,-5.068653743855311,6.242838376462812,1.9008098222860041,-8.701268633098453,-1.9015858218040498,-17.58248833716417,14.587985298509638,1.7532651058232531,-7.835783726237717,8.24468329310052,17.349521261581792,-0.0536920730896836,94.89389486519632,18.59958992071711,-0.023676313431175537,98.66689948653205,0.35797901785984537,14.933969638884857,0.009090018823382779,-1.7994842220093412,3.9289587766816183,0.0019981158471976236,-6.668685588216884,4.659033497878035,-2.5244052440907647,-22.932667174748275,-4.004780203849956,5.709405082558509,134.55992156694512,8.33442530500351,1.50503502261244
141,2.35,31.28083601521558,-5.269454327864636,-2.3783701267869732,16.392415194485473,1.705943657375778,-6.635090518860551,61.258726750168535,3.6468422753300804,0.010980718129598666,17.2075461361242,-0.4893503965331561,-0.00037026242083027883,-6.785133688215448,7.063364407296947,-6.090929319096824,6.1794163011664125,1.6666816802173077,-7.517935355008601,-1.6225304355121346,-17.426008719286184,18.17943859656977,2.946663091986962,-8.240265418218007,9.427221491936669,13.901841726710218,0.024202889371672007,90.82443051719127,19.623457228724483,0.006531994365674272,96.54472820747459,1.1906626027589597,13.330881477080373,-0.02196203522353242,-2.395403473990903,4.793248260536931,-0.00754999631409915,-7.050265043828437,4.112239419317444,-3.8790596753625306,-22.67152245342186,-4.365299338671602,5.210353942619828,135.2048064886082,8.759802416715951,0.985282284239923
142,2.3666666666666667,32.99831377959075,-6.387147326870949,-1.799039953328157,15.419718551919958,2.249090361601157,-6.960689993347969,59.17634020338427,3.842434640939854,-0.010275937167941646,17.049455897380827,0.22301424819996174,2.3629579382890945e-05,-5.872883497649572,8.905573372464588,-5.828783755486898,6.278586544843804,1.1958133975637097,-5.982393683387996,-2.411544372141002,-17.200707938901353,22.284124443752976,3.9201538531289146,-8.49055038050485,10.536161093193767,11.697599750711811,-0.009744366417740786,90.30712373668264,20.99775446616695,0.0007590766992910662,92.60697141207689,0.9261279278251666,8.324410590924833,0.03492993101991497,-3.398034078003868,5.885738231816707,-0.003264217564851419,-7.50547094894121,2.824855044479626,-4.346636476030099,-21.902647405848523,-3.7897479810126757,4.849258441518854,135.56981409033872,8.735015136818708,-0.0012414752847600778
143,2.3833333333333333,33.392682788713365,-6.87763046077301,-2.6468848049808567,13.037605859996008,2.4843221304379077,-7.804298748799999,56.28584602401574,3.203989173069439,-0.007068313258488146,16.313501337324656,0.5040776205271937,-3.5598212889125924e-06,-2.544292456845497,6.129409622701315,-6.32691358712035,7.138473349820344,0.9635155347285644,-4.709469019127407,-3.2736627613448976,-17.1537068609103,24.319410816792686,5.3230654365053125,-8.244481361962356,9.561149763398141,11.782815661274777,0.008835076267969448,87.72045976744718,21.048482878938923,-0.011698381647856058,92.87164998090745,-1.7311889115249492,5.670536865723548,-0.03744175896917138,-3.3754401486668857,5.159876146904303,-0.0002381386826427757,-6.93713970183868,2.0256947164402694,-4.568636142869268,-21.76885711110603,-2.792046511838704,5.124540956033687,135.56300548799229,7.8248132947969955,-0.5673279708003296
144,2.4,32.56974752472337,-6.6974894572031305,-2.4115781689268028,10.198778754182609,2.3616863614648675,-8.655355912820193,51.54670415372791,3.9013606875243942,0.025945527443819803,15.212101437069538,0.5942544538012142,0.0010241333695284141,-0.701856365196238,3.9375851965093647,-9.104727270874168,8.56716985697117,0.4972591132479962,-4.071846499133637,-3.7021026821235656,-17.301077870136037,23.06771657869076,6.889540075326975,-7.423076156508184,6.6388962880433935,13.275174887420297,0.042562475129986205,86.63892371738667,20.66503027646397,-0.020201737509517825,97.29893505391868,-0.4467731792048823,10.300577552995497,0.09834253121949621,-3.0662018809917457,3.4994935781438556,0.0009335799105321288,-5.7439367653317985,2.0883741809326906,-4.87559463794713,-22.282601092635957,-3.1907368299446652,4.826993037536637,135.76988250617967,6.738859047476896,-0.5322624868456404
145,2.4166666666666665,32.67056152809161,-6.358548787762718,-2.1235833836379134,8.233398759000337,2.1021346772559144,-9.077039417015616,46.24845481267793,4.528726486280017,-0.010081497449739414,13.831555259783832,0.17443636330454348,-0.0027472512810306654,-1.5865829957457662,6.606051578101376,-12.159068611818864,10.28233454876767,1.3858966577167204,-3.7886014785428626,-3.6604433924054827,-17.604912668033663,21.329079412354574,8.077741325536135,-7.223524962539417,6.422151284879257,13.961745155690723,0.018320771558187652,91.57613590437946,21.138595175997875,0.021251693632905144,94.96683922501202,3.46912616739087,13.126367010951753,0.07047313210679795,-2.6407596947650434,2.9067893308991053,-0.003434596477482901,-5.434634993135779,2.9146994639608086,-5.298324521862342,-22.16876655882416,-3.6468292132613773,5.1076300207464564,136.1548976914977,6.6065667363005005,-0.0827973396058622
146,2.433333333333333,33.270771025268346,-6.264639930464748,-2.9376302784697157,6.515951428992913,2.004341823709,-9.191805835668607,41.980910750593296,3.677875708228914,-0.011465988943076154,12.852973548200431,-0.38030971445904327,0.0013803008363683978,-2.1072412371215465,7.687031335038227,-12.727847990922722,11.853296726175468,2.559442029704753,-3.1309975832284977,-3.679122231488864,-18.089913068808418,19.403708165025403,9.179100857039485,-7.527350217182874,8.996746842913048,14.689693188070718,-0.003984299904337833,95.3257577208135,21.841506047836557,0.015427435447345034,88.46688788665598,2.3289753566950337,11.027794854935,0.04291912366827243,-2.580329656441489,2.5508399283301135,0.00041336937378590345,-5.012786086456413,3.7690770970627265,-6.266034198751889,-22.332835412654166,-3.210505243114097,6.698298926851185,136.62419620451143,6.505914452851234,0.1590017227084041
147,2.45,32.37138899274765,-7.003340009288566,-3.271302257944736,4.247348469215911,2.581405629818184,-8.606108879095434,37.141802732852895,3.096022245020855,0.014922596191567834,12.26392440982637,-0.2719030182176844,0.0004628069503180712,-1.8002485490070312,4.784519547852327,-12.268680998454826,12.66678171620114,2.401345538941254,-3.165550899634422,-4.288284158273817,-18.066336766505852,15.6137772039636,10.264939022689687,-7.051894092899399,8.94830883131341,15.458423761567964,0.009895130225360085,93.26771567460575,22.52020238313372,-0.015184451106290462,89.66436232767502,0.5688937022916841,11.471493393913235,-0.03368189611744088,-3.3429682073365017,2.2633906937097197,-0.0004375447908602809,-3.8262025967432582,3.560680365609556,-7.312099689160976,-22.93799029018548,-3.160376259687804,7.098157742567681,137.39010475138764,5.640488745805368,-0.4725245516944497
148,2.466666666666667,31.62841285823864,-7.8112664604847435,-2.7903812144403854,2.6637573055455186,3.0281745601640315,-7.818968306623036,31.151894276768623,3.265915101334857,-0.00048536704975959597,11.648793836257743,0.2756361749331578,-0.0007470914745708214,-2.131658139522813,5.8794027965723545,-13.328171989533322,13.55077004232748,1.979883138996613,-3.498729094422888,-4.355183847921243,-17.700705070190676,14.764908819030596,11.25790130744895,-6.862020414126149,8.240392110890394,14.24708250652662,-0.011502418534976157,88.66426539511866,22.998953657751358,0.006575806404341071,91.80526088427952,0.45829004918019073,10.328773712639473,0.01626783758323743,-4.011150862499661,2.4755996503610307,-0.0014217700130741682,-3.6062480113097024,2.972892189119704,-7.8406348816295575,-22.933677484320036,-3.2937923117320738,6.078212615572887,138.0176194553257,5.521416360004352,-1.1875240334519248
149,2.4833333333333334,31.737129175089937,-7.302608283823589,-2.335250703972282,1.4463649172366495,2.2455601270803607,-7.906111557665229,25.4848652100685,3.140561002342059,-0.007251044079462546,11.06475267752718,0.8006744338431107,0.0008023779201244932,-2.6553522507834884,8.996119856969669,-15.811604223352107,14.844139786913244,2.078538195085752,-2.828712438610596,-4.452280341395608,-17.776349192081323,16.631942963362917,12.008048474368664,-7.238892750058344,9.156435198150103,13.626089559869165,-0.02527954789055004,87.79783312848733,23.032956550624384,0.0031879618242959687,89.0877000441824,-1.1634808310818936,7.484516945426837,0.010154675440645395,-4.17874736245001,2.1455166595689503,-0.0011476587329337857,-4.167853403785455,3.325790459493517,-8.094224000413087,-22.57262279006864,-2.9073191281393895,5.803883707317568,138.23147574340862,5.9315447760810525,-0.8649618662481716
150,2.5,31.3228962296964,-6.458702860419555,-1.7784013357797273,-0.3827263094803881,1.5583191004566355,-7.82101213604386,20.246655713540036,2.8514221980024805,0.0053713293658358575,10.622698641901078,0.8071564270079659,-0.0005213613441140637,-4.278763687327456,7.707055776355192,-17.356553632963376,15.594831766261372,2.634882657208935,-2.8441362004524566,-5.424991825937485,-17.99671403599048,16.581976453671555,12.415352358531152,-7.261115056229548,9.34152669072246,14.5879126583145,-0.03125302590937449,91.09538284993637,23.68627792359185,-0.01086184050367934,88.76248407092388,-1.791585115779723,8.27440048226752,0.001049819310595628,-3.909519596074477,2.160886295072892,0.003462275688883201,-4.018624938466567,3.9456059461454114,-8.199120094684723,-22.658698039545424,-2.806216421172654,5.954939359255245,138.1927018614577,5.580573015081361,-0.32055266956990075
151,2.5166666666666666,30.8970647010575,-6.9849692630262386,-1.558382255751484,-1.9894044997575993,2.1546095523133957,-6.819178747228607,15.16562461258962,2.7177284583597046,-0.0019249553537385132,9.913003028724004,0.5713185786435909,0.0021763875545824287,-6.371633930022712,6.320498352654927,-16.692448857182733,16.08108423248792,2.2191488562077546,-3.550151242277153,-5.609428192733193,-17.91731959569053,16.33084115988166,13.09806760407972,-7.555275161440446,10.720177713040988,14.193310240689405,0.007450703981764918,92.15980989749505,24.8529070602066,0.0008230020841511284,89.84425348444464,-1.9386342980531446,8.49442183335121,0.00257789763064152,-3.6399779068981926,3.1141315794297966,0.002724614006729449,-3.5682225182257734,3.8202814898248687,-8.11477021871395,-23.14305420930494,-3.271165834563683,5.4893032773581725,138.24811361046588,5.315406803574649,-0.7125580748983548
152,2.533333333333333,30.78709780481093,-8.083605721260248,-1.854428102797323,-3.2535598097941234,2.921774411519236,-6.103791806162952,10.406083297138187,2.58612717659691,0.0009729030149560494,8.912968647040735,0.5404266540556736,0.0023650055619381365,-5.908750244754546,6.629220442529684,-15.428005881197652,16.877597794465878,1.1572339928882756,-3.3380677932035363,-5.322969593851591,-17.656664642223376,14.995786314269733,14.201713831012281,-7.756570176194218,13.290615107573217,13.71489388940329,-0.006894174060061182,94.04508185955616,24.809659481609643,0.001170168213311234,89.11661838430926,-2.2466453780644744,7.729007053735454,-0.03511529465182416,-4.097351624595145,3.351646317151977,-0.006978826015627328,-3.550485987096624,3.4264701242006366,-7.895045039735916,-23.46113812203169,-3.751159301337657,4.543393427058631,138.62288802324406,5.560125101160922,-1.423224846717103
153,2.55,30.6217209894341,-8.728109829036699,-1.9480502171610115,-4.392368732845912,3.3458467406560306,-6.242793533656009,6.249312228021215,2.3869372713311017,7.170454513560336e-05,8.630888562376692,0.28882640295290374,-0.00044379292455896295,-4.093189631071635,6.131159050251088,-14.267762864497172,17.531719509934383,1.3934762710473219,-3.2511472120333433,-5.882182031159295,-17.583041768285515,12.376045239942327,14.86859698503656,-7.193183859202027,13.003113391613516,14.495060999162542,-0.00010619390610311224,97.9482138859201,24.300406698857394,-0.004576023997732874,90.4999634263779,0.45801175602498695,11.506191629467837,0.06338836539423988,-3.7154988906499296,4.049812044114787,0.005727560676145567,-3.8412651619519043,3.1905294833204585,-7.842892421781939,-23.75978013141024,-4.124581035429568,4.018356537861236,139.07775876041003,5.661346766603086,-1.836039826717125
154,2.566666666666667,30.421978973242595,-9.282957127796578,-2.1686028732693177,-5.646267539174041,3.5476904061891816,-6.935758431245612,3.641154995317841,2.3895158811053943,-0.0017970268253456215,8.849889939105005,-0.012036574196321651,4.049016303369478e-06,-3.334078917162009,6.614476391675307,-12.598850644216135,17.963949292161352,2.1528940289035443,-3.200747953830767,-6.084180079025223,-17.816797123919645,13.509405786999588,15.001920277485205,-6.9939872754721275,11.888679295813882,14.099886900735218,-0.014175754034282399,95.68412349759883,24.590877983413645,-0.0054732207757094255,92.14557940750764,2.348697330497904,16.63798700177779,-0.021460387287776404,-2.2000441777851814,5.314217051000711,0.002614643788552534,-3.8771513296816464,3.130135332420757,-8.171746151058471,-23.944227085048635,-4.093149320839353,4.6269659993926755,139.4337096965951,5.375023030304082,-2.0415860297507042
155,2.5833333333333335,30.44382552425748,-9.917889147080546,-2.254125001561128,-7.099614867158697,3.3622454765015464,-7.50414517190103,3.2099972143152136,2.8222114912529217,0.0020739571047322125,8.7733720747038,-0.009247194777053205,-0.0002960336558527296,-2.670506018860124,8.551887427517523,-11.689773091925892,18.450703543941632,2.6424282962105115,-2.145958683930228,-5.923527820658924,-17.93882558938037,15.12225379530797,15.043355457009064,-7.16137873588611,12.823547113980778,13.660705808970114,-0.010874793222228236,91.077750389374,24.919687555438824,-0.001247831470675247,90.65164548067501,-0.6590745131184996,15.185765894824334,0.048923078953830024,-2.3596925634505426,4.309597150182874,0.004184553074508033,-3.4520476352386966,3.213628822501184,-8.361978666410993,-23.945982502540545,-3.2916701615251176,5.444042106770793,139.81773160013736,5.0111679286337285,-2.171558149995094
156,2.6,31.209080063639597,-10.46169144095376,-0.8703072914720316,-7.714702099989624,3.299975211460833,-6.783974440475356,4.474011048927884,3.2531636315022383,-0.0011270992216988321,9.21787429996257,-0.0987846348382893,-0.0007150372454725197,-2.7433490065777306,9.596606295919969,-12.588522318580996,18.565361021228295,2.636195109023671,-1.998160764227909,-6.309369267581909,-17.765112749743135,12.11330001851283,15.330144621683422,-6.636373126376379,12.967881790296248,14.954533539574566,-0.030011921852404894,93.61518926018654,24.925803847233354,-0.0029855859148844584,91.14167856469227,-3.2732634033222294,9.864989614367701,-0.020345198242687774,-3.403534852602668,3.062459765237847,-0.0044051402891755985,-3.254270618105668,3.2008380763727997,-8.340058900107644,-24.250645983163498,-2.403029994648487,5.436276986597773,140.3197452689476,5.139921447602174,-2.494859114275103
157,2.6166666666666667,32.25080099858894,-10.156362484454426,0.6264529066827424,-7.693174969604608,3.1417238796924214,-5.875731974300761,6.496856964172661,3.1927691828888403,-0.0009187733799948197,10.382760906881652,-0.7222120586894519,0.0022727411219386155,-4.889129296532961,9.032629321342405,-13.846440256889606,18.228523067445987,2.587621950453755,-3.0132253027108438,-5.953574186072733,-17.734700161679008,8.978166639013208,15.880380483938353,-6.088442483965185,11.756557894289871,15.487838035977738,0.0451263241050605,102.72183525211116,24.71891642039936,-0.001080585377102727,94.08306367256169,-2.3301572426755057,7.9555314701624695,-0.007878985457887226,-3.274758840492948,3.534175055338335,-0.003312705596574972,-3.4613544056578918,3.6502476395677528,-8.77175732292407,-24.259973865648483,-2.5156624028328536,5.610347183974283,140.69675196038295,5.54534563379903,-2.438099969839558
158,2.6333333333333333,32.83304263912124,-9.029085232070795,-0.11225602646208284,-7.935601967461147,2.332729919499208,-5.7964577302861,8.650764388562594,2.7188360574847974,0.002914637102834819,11.52705188053961,-1.4845838217031482,-0.0025666586631578167,-6.749508195560269,8.27753334385227,-13.458824787247357,18.35231320971506,3.6284809622864986,-3.3776586622414446,-5.304970009968509,-18.07386195224004,9.083858289390324,15.980247456393041,-6.4909647761668126,12.395025976173967,15.290549438569183,-0.005501770199517254,110.79528734243912,24.533080645848997,0.010451295631134276,92.58241223788077,-1.237781652861682,8.578149378444085,0.004791472185898073,-3.2395273296298477,2.702249883779925,0.003579356099035165,-3.7720246141385387,4.5183456685567736,-9.410722130767493,-24.14706894311055,-3.140951416862188,6.689762878230487,140.9133525269648,5.836557364508721,-1.758324540034846
159,2.65,33.10096629142559,-8.296234125330164,-1.194823755043172,-8.08279611000862,1.8346570592862443,-5.079445316675026,10.609360759557614,2.4046864298410453,-0.0020038825359344715,12.867148780725884,-1.9615021596188877,-0.002101452328359664,-7.953428397283542,8.382416280569526,-11.81995566807389,18.665031087492846,3.9540347596291694,-4.014306474897436,-5.908503762753752,-18.01386616411482,10.05221275513771,15.054159429809845,-7.118985040182055,13.635876589009252,16.132876230680008,-0.0021108216764015777,113.28330896526872,25.10986019918389,0.0017386189343019064,90.26301339160939,-2.333456401493905,8.521287068409906,0.0007094171289804849,-3.5421332648869823,1.8491903557113298,0.00328644942217428,-4.206383309863567,4.61617791485007,-9.634220729596505,-24.153870257346085,-3.249908444342019,7.052393189369725,141.1411632145843,6.079085184210754,-1.444080936311483
160,2.6666666666666665,33.02132712895881,-7.4091044419559005,-0.9238019285842533,-8.016619668143052,1.5372226376853246,-4.29934720832667,11.882057163743294,2.2046922765345416,-0.0003086067209576233,14.34609244777183,-2.675936478011133,0.005664349082537225,-10.092872476212472,8.7600060409623,-10.544940707578503,18.309788844345796,3.0644253936216983,-5.193149862841913,-6.442526855154704,-17.16397152754897,10.135176193615377,13.478446025096426,-7.2481216453616755,12.637134811343586,16.69808470987851,0.008500955227930575,113.43293541755843,26.125892057241888,-0.009056593468178144,92.8043767840321,-4.245701283619976,8.531139414592138,0.003916317840013936,-3.452679605273398,3.6720067413249384,0.004291911012409282,-4.917477392034386,4.680982770046401,-9.888027270309044,-23.322394182507423,-3.1929782471979253,5.683042121756525,141.29681836762236,6.352084959256484,-1.0839350363741298
161,2.683333333333333,32.98271261715584,-5.8836349971069035,-0.5871221815919839,-7.6567437120648725,0.49547543597121513,-3.9071158440115608,12.673758918125987,1.733233008333452,0.0013275691977373612,15.677999770523536,-3.3546675650246627,-0.005754780322267126,-11.435190014677358,9.1668242258833,-10.421967490116275,17.660869734687225,3.9437253002847354,-6.039828326949767,-6.2089981394633735,-16.29908942079362,8.924287089680918,12.762822936303818,-6.948188376295087,12.008982405109222,16.323950543615126,-0.019982797930234403,110.06113391283,25.871541691879603,-0.005927408416617975,93.83195014281499,-4.586253890397007,9.177063929668083,-0.0059462289293719306,-3.6588452492297368,5.071314473277334,0.0029039949289600205,-6.118139619760924,5.505983315877839,-9.929501852256271,-22.846876716495732,-2.886073704570294,3.4502016234368917,141.55590165217782,7.045125134816988,-0.1731819193954714
162,2.7,33.805270594706506,-4.922916194486635,-0.08472525087828403,-6.2958044752718,-0.09074135575760889,-3.3353198868177967,14.169439487265368,1.420650901866611,-0.0021828386416941695,17.71036817612254,-3.724083969230501,6.704048043112667e-05,-10.963433420813864,9.433791364387767,-11.10695551535411,15.712269759070434,5.530025932345035,-6.934428319895057,-6.02015415804233,-16.06979208430569,8.112169482249055,12.807171235847338,-6.473522550481804,12.998481558362714,15.675864226574731,-0.00620020050740778,101.95233012526724,24.65602568675145,-0.00886816422786631,92.62814933585047,-3.148292823020537,9.929765562393635,-0.0036645866993795834,-3.147046938500267,4.1616389206984925,-0.009199442377501062,-7.471995635861416,5.933373677910756,-8.819956101367858,-23.340018581551256,-2.7008308537785792,2.592228640910343,141.59938682014075,8.224658185264262,0.14982562266739166
163,2.716666666666667,34.774380014000855,-4.101632901003066,0.5450951946306165,-4.310380539366239,0.07175439685378407,-3.813585562473653,16.012298778945937,1.3424043787651274,0.0007037994296440116,20.64864140313785,-4.281282438750515,0.013149675351077637,-10.280149684388347,8.837658225758442,-11.240692049673271,11.749993150898751,4.35038989872021,-7.648301633903316,-5.4946340015005495,-16.20261327383515,10.428812747016353,11.587869992459812,-6.643495202561153,14.445264784765863,14.670078828105394,-0.007953799993745785,95.97616843055421,24.8415967958285,0.009641755756169245,92.35331140774349,-1.726212442177391,11.591574586443175,0.007818379847516172,-2.0428248075462667,3.192109373264794,-0.0012531194011568372,-8.570897885400608,6.109085478883839,-7.428708793472702,-22.81250703405955,-3.3112234873074375,4.2527643572087035,140.79647443565858,9.248085216834056,0.120974029538818
164,2.7333333333333334,34.51626338067691,-3.0501055414924205,0.8379316649719365,-2.6602333702980103,-0.3302617935659943,-3.6168484524091244,16.780277709820872,1.5720060527348023,0.0013415434933814968,23.935382078912465,-4.353606135498785,-0.01821102079914052,-9.611680165490414,8.103300785131436,-11.309394026188638,7.904582317643708,2.4505354901218137,-8.70025117930386,-4.586246598795131,-16.21556861572767,12.37888332847271,9.782858873237847,-7.6593775974534175,17.379190834429437,13.928439705618521,-0.02297047539166828,94.87224538228845,25.85630824719683,0.012037346599305764,89.44645118108579,-0.9058881678303978,12.398363557570708,-0.005381222201385515,-3.3100075506550417,4.028912040796443,-0.009294812125475784,-9.26615383035204,6.609352842300995,-6.814195811121005,-21.606739463295717,-3.334996314342138,5.340690013310904,140.01023107361453,9.726381460999159,0.5426716530645204
165,2.75,33.45788858580904,-2.7547830804031768,1.6656396473733752,-1.0696148605308662,-0.5725702827177496,-2.1199306634101363,17.234429015651507,2.2765861588728895,-0.002534958165462843,28.064897080339136,-4.310230123146579,0.003514307092951843,-8.318550389289447,8.119969288778623,-12.091534024458397,4.352364561072208,2.665800739464099,-9.858962920473502,-4.089208483634332,-16.309559075471384,12.017529406774624,8.478596744300924,-8.184007175396374,19.390758403021135,13.628565732896988,-0.023589608328057662,94.63127684591232,25.960633034751993,-0.005512104968585347,87.07610959058961,-0.7421465479316891,10.614094179806292,-0.0009666924075662092,-4.8463715255362985,5.5504203527883895,-0.0025719132341683955,-9.291700268969763,6.67982255155981,-6.399866329060934,-20.967409694779487,-2.5848387951731477,4.423570310532258,139.80035762727482,9.72078244272734,0.6196837890426341
166,2.7666666666666666,32.59784529585026,-2.4222742341534524,2.1476410265753643,0.8652085843685,-0.2254813110011555,-2.1831375382290243,18.192964507049382,2.3679075736427166,0.0016387066932931724,32.824919177999035,-4.93225651053718,0.019174073582774207,-6.919580349090173,8.015813674788243,-11.81844483009344,-0.004536335676289939,4.134654348684099,-10.241221823631605,-3.639856795799977,-16.532742037671042,14.694079165159906,6.582944735002417,-7.725684091939147,17.894316021297023,12.671747283617051,-0.024086307265484875,91.55779787872504,26.064797919870504,-0.004597126356589444,89.6794661028923,-1.58781622200352,9.146236160900411,0.001060434113723671,-2.741411233041075,6.765148600877679,0.007366864524727202,-9.23027226762867,6.618580339509636,-5.582386699331295,-20.43956607132263,-2.4006412118924776,3.666483714503756,139.1315630834088,9.577075334766384,0.3745368974751668
167,2.783333333333333,31.646222466377687,-1.447757977110529,1.273475645814129,3.0876760173174964,-0.4756416125486226,-2.1572166114971174,18.522727243536426,1.7553491238329995,0.00034483528532091987,37.439040991959146,-4.757936576697516,-0.022940229533028433,-6.067522967990015,7.486532556351092,-10.448253222195175,-3.7569061863894433,5.640098180502672,-10.948459896994434,-2.818083663991188,-16.349045163266513,17.962884844521692,4.590361152035973,-7.2782519256579965,16.750276656476938,11.77927962959198,0.014184836223056952,89.35894575104042,26.542885221376718,0.012934824424541358,91.12747359374985,-1.8758520150092348,9.071760491096214,-0.00516097853602114,-0.29120587685239735,8.558233377925529,-0.003671563683176531,-9.735783598547174,7.033149217214613,-4.726023646818613,-19.900489104864217,-2.4292602198375874,3.1797945550220805,138.32178818806597,9.63123534274457,0.6051330557533727
168,2.8,30.330665915155773,-1.2666049154959527,0.5691628599730755,5.897869812237822,-0.6201912841483422,-1.107888999179715,18.327673943754917,1.7519861286165765,-0.00022564194418240308,42.80388692568635,-4.120098513287702,0.003653036602524072,-5.563603106847029,7.3115299115104015,-9.717119446595124,-6.009430161515425,5.521700659672439,-12.013838295816555,-2.2653183832030863,-16.00004315033832,16.942920722010125,3.7327030755209387,-7.2923495324519445,17.965613181631745,12.17632806566546,0.0003409768265928508,90.8855503363602,25.75555059151232,-0.014447580293716301,87.54620258400843,-1.4482183918071794,9.199521807899185,-0.008972356166295856,-0.8000520039276958,8.962537995363476,0.006907443866976305,-10.048469609084812,7.075481982582814,-4.298116994408238,-19.59477487751901,-2.3141444925272587,2.896431263607083,138.24279572036352,9.598086549713575,0.6573793515703873
169,2.816666666666667,28.992610178483307,-2.071599294083422,0.1928666245690667,9.057121257264386,0.2176195859521758,-1.3244701240102157,18.444790013242372,2.15244141714789,0.0005287732169879243,48.5981127009879,-4.6482934233715305,0.017943741994226825,-4.722386848667563,7.282940655796574,-9.00857068345583,-7.94737387881844,5.042172643035353,-12.770432169734615,-1.9048193955429273,-15.770458693799942,15.837951368264424,3.626450068876773,-7.285464974981209,18.828807607176152,12.713695123429773,0.0013313261973658553,92.00903530097243,23.705434555828514,0.013998273477659886,85.76313406891347,-2.0385315336835137,9.035753048168633,-0.001162457104862706,-0.3746508557665238,6.895782802444307,-0.005978767149120801,-9.790240388557088,6.421795183578047,-3.9624903720676654,-19.679220836608668,-2.493663017262006,3.2999135551125383,138.4138927260974,9.349824670985662,0.03154612266845153
170,2.8333333333333335,27.916597877725525,-2.3928448733425713,-0.8693355512944477,12.018189069517188,0.4372003195643948,-2.2356522853180487,18.482715918864905,2.130149101656951,-0.00010298914748321721,52.858962549542284,-5.6085337777826965,-0.014214628477457374,-3.3170793635728333,7.151033853133974,-8.356439777834659,-10.443453764832324,6.444645417847752,-13.144385780041892,-1.1746293856628534,-15.580407522521476,16.48095392648892,3.282485529015301,-7.2291715699905374,19.493298653614588,12.719678175884722,0.0016620573862206733,92.63940616039096,22.373724542092575,0.004666162285692896,89.02443957455743,-2.71825251542761,8.145780768736792,0.00034513319572225016,1.8162243290438331,6.142328578740328,0.007388869986062535,-9.888534322598872,6.121485103500639,-3.604901111456239,-19.966468401677556,-2.920064084598793,2.9247133643275087,138.91621054963713,9.528899571663384,-0.2960352795253411
171,2.85,27.10948332540056,-2.3620876386468574,-1.133451500232299,15.044522854693096,0.30460431304456065,-3.0880520731458576,18.67444674807473,2.276681319886581,-0.0019766942747591987,56.41880880782591,-6.412219385636382,-0.0022099873227111534,-1.843286836558065,7.160871472090452,-9.071119435781231,-12.639082025128452,6.269761730424053,-13.381500513438187,-0.078863501139779,-15.461589344549555,16.409386004477753,2.6787185408559373,-7.284065354450222,21.131755033779754,13.323045798956153,-0.005548786653081403,94.12147850179144,21.53010146969162,-0.02774331506229125,90.59265261640881,-2.556683785810793,8.478444216013655,-0.005606496605664188,1.2076050337871975,7.267710048690764,-0.005808362751103318,-10.116003882131434,5.989331843707748,-3.452671377895246,-20.216599386083203,-3.00262606966666,2.0450353024809584,139.63107940697728,9.965351351829554,-0.380263740821385
172,2.8666666666666667,25.472744618906244,-3.0740739991213166,-0.31748270104034887,18.131783771664054,1.830823778098325,-3.78851442041337,18.405287707559093,2.8555825554079353,0.0033127883843344407,60.822586307994996,-7.441020353477937,0.01136619023503124,-0.87531573507695,7.327314483790997,-9.842724054415303,-12.597253907573895,4.722302337833917,-14.73553551594147,1.007386484207295,-15.085150012160277,16.119820283266506,1.9354703785126504,-7.232529041955125,21.327902734702644,14.315658408755505,0.006072051637503024,94.97322881920411,20.07376397248321,-0.013091564606528038,90.66619213590226,-1.933278815188967,10.908538525924019,0.005311363360268938,-0.48481734695086204,7.203563627530158,4.2276458499145505e-06,-9.704014895549953,5.0281376557572655,-3.2303920433757445,-20.76329306113292,-2.9304267082711455,2.638524950837491,139.77253721887357,9.70270861043249,-1.121368629513317
173,2.8833333333333333,22.758428289602328,-3.1339148572385827,-0.9728937609028985,21.078911592132016,2.9982605467607404,-3.4831602977462377,16.16909022978392,2.716806874886614,-0.006220329384740948,64.81969367655827,-7.838354613370964,-0.0053503616742343885,-0.9179609946255064,7.182791131329534,-8.837511704949364,-10.574554657883512,6.1028927649656515,-16.198241620412972,1.6676313377049405,-14.725945670193083,16.547864464778556,0.6131352882437425,-6.80870433841477,18.490872994314977,15.037770919120552,-0.00344132909753273,96.02928394446947,19.164936452381085,-0.0020882087256685984,93.99357603427808,-1.5247959054021865,11.535978542958514,0.004714131660487347,0.365206124922976,6.8756361852879335,0.0007341896420287138,-9.512370584566728,4.627917925374051,-2.4085029139256227,-21.335908623150786,-3.6270817443049723,3.396653634908838,139.42953430215348,9.323872116001468,-1.3833264333199524
174,2.9,20.646967229373015,-1.5792463776682601,-2.0744599072187166,24.053681935786702,1.8562672506405038,-3.350644784132684,13.56283478276493,1.9912128028942107,-0.00010767513817588862,67.33946694602858,-7.08444904301423,-0.003722564687621504,-1.4594263381691346,6.2627886000644875,-7.21311274830005,-8.778124222528472,6.967974877313495,-16.48285246206758,2.2662466782154667,-14.840177309923941,17.123425637368893,-0.713307024129753,-6.438783322066062,16.495674104126664,16.15350775504251,-0.0029104265882379165,97.88697052014093,19.263914534441252,0.013078128565304693,94.82695251585102,-1.952006659235003,10.159953627947479,0.0009368195354396397,1.3380698360871068,8.163369730006524,-0.004411670731625294,-9.627258290907605,5.65294015091699,-0.8197294494964396,-21.65590012287854,-4.262527458026394,2.5953301437963376,138.59473892023422,9.570095070862335,-0.40097416853658446
175,2.9166666666666665,19.044195558763423,-0.5486973218449508,-1.6449621150320854,26.573212629781434,0.6349309248784847,-4.113476993089999,12.530069966360756,1.7223739877808995,0.0033906921848528395,69.03150269419368,-6.118433771065104,0.004031113847430859,-1.176004389268333,6.426639589814896,-6.836759908339764,-7.152988596915035,5.148226953424756,-16.42272395291721,3.359495738602288,-14.938356710777128,17.749020478568617,-1.235436882156232,-6.452509190602007,18.654380145352786,16.81389549373236,0.010121547638217142,99.03646070762339,18.98069731676457,0.026526456895358468,92.34084659183883,-1.6655002161323218,10.839245551647188,0.020280233968443282,0.37189476096654056,8.883686326043383,0.0019284459002884685,-9.124211567936408,6.371560557587885,0.326219781388825,-21.852439554770168,-3.5886803918836128,2.178427693140393,137.81010258767498,9.497444955153473,0.2755006127985144
176,2.933333333333333,16.917376179725114,-0.5475320792525561,-2.037109281544057,28.4246044788941,0.39973063483562454,-4.030841380443963,12.074191893610836,1.4983905325977904,-0.0026434807014122804,70.21135038937,-5.29024642923305,0.0015128861661952485,-0.40381544394542374,8.084052395278366,-6.501002947660653,-4.495309167584578,4.868716569722521,-16.209133166635763,5.121372575983086,-14.950203394938635,19.33433855495216,-1.4636596222584064,-6.1854125313190105,21.24707668084516,15.451830209259853,-0.007114468237837883,97.54976569835183,18.133144509026156,0.027228440735356785,92.00395023852448,0.013135112089127945,10.601551820996608,-0.016722651229283174,-1.3634133291108368,8.352645983201157,-0.0006337575101902665,-8.387875669501007,6.546761307430397,0.5795490788195861,-21.422895143416582,-3.4526912896700415,3.1669816323147817,137.83108179564366,8.818554129582763,0.20923569334559303
177,2.95,14.80060588049538,-0.412475130094091,-3.2275530825676473,30.10221053808464,0.46712966273760387,-3.662066589400263,11.131947401727171,1.2625849828178197,0.0005822135565519429,70.40366420071652,-4.8804217922970485,-0.007169507447876216,-0.2836614317624129,8.315817395065402,-5.54384659743448,-1.9579714168143023,5.085544905712362,-15.503034268347541,6.909786072736182,-15.127972877458165,21.4084558922434,-1.9306594850212941,-6.0780141815893804,21.888642564036562,14.52072041825337,0.018640212774492834,95.50285945928007,17.516350662285653,0.006755634688317706,91.0256262121916,1.8744775897059298,7.396604900827171,-0.01560860568383352,-1.750027129292657,8.863414654817849,-0.004069261208121532,-7.8680613853805355,6.6629060802960245,1.2111107872244615,-20.629318144664147,-4.590644415259399,3.8457872166562113,137.92807631957658,8.303083814592998,0.1422465714761412
178,2.966666666666667,13.090949723546975,-0.06982002737475063,-3.044126792841431,31.77253883053755,0.38396906919705975,-2.7643353806885926,10.043344037724028,1.5758166571128502,0.0016983517419088714,69.67828300693895,-3.56839210092574,-0.002551844863657394,-0.7766881857669978,7.017009493960282,-5.6642440663572975,-0.2695986578076767,3.6134054226325336,-15.138241144273787,7.637503244548412,-15.07508300559083,21.39324726635592,-2.553213666022768,-6.757661676471056,22.97572299760469,16.71950517448884,-0.04542257246845613,97.82736078328772,16.834554416762522,-0.0012981958078263185,88.74197834092716,2.9483510812318325,7.130211944711795,0.030313691472501493,-0.9708242958730272,9.34303803964398,0.00019065558984244463,-7.463766514158915,6.486777451830343,1.8288171307557652,-20.66808657392685,-4.73099696535812,3.907650938812334,137.79524886683689,8.07866217182197,0.30300676828215295
179,2.9833333333333334,11.650517756233972,0.22407722854547443,-3.24131335620258,33.439959790831715,-0.17150883953516613,-0.3990326057254683,9.31726562124945,1.9050968740603376,-0.0013626952402131917,68.4163660652551,-0.5675952102514419,0.010117307443685032,-1.4035894775893,6.26965695349983,-5.4327937989741875,1.6842949654584103,2.817044448233962,-15.155828738665852,8.345627980772909,-14.915901727401838,21.96079793197632,-3.254171233001214,-7.274571151256686,23.934515440132973,19.083598218317565,-0.009004680915580559,97.51144404488592,15.911136524247288,0.006964364510591011,88.54027851807803,2.033073567501412,10.604807264969036,-0.01715229261765748,-1.4261972893730936,8.303699625850989,0.005936345538215214,-7.2432065072761,6.328642876259162,2.0171589825647405,-21.006926953807177,-4.156607650268859,3.74051666421852,137.48967327708291,7.952625501350923,0.5992059244460545
180,3.0,10.613831222094793,-0.10297615670953511,-4.977874234854122,35.37069098792923,-0.017493099187286476,-0.4719315004140319,9.125708334215606,1.7193365932898337,0.00027406807958572205,66.38825766579242,-0.008798622777763233,-0.007123274331979564,-0.8450947279523486,6.348283814406144,-3.2487066247030336,3.2188439558808164,3.197908845101434,-14.602828522590624,10.227900972479107,-15.366015268909987,26.82428576002816,-3.6085465684903393,-7.179361125692764,23.398394933494576,18.862450853051122,-0.007907662744449009,91.46342968061624,14.935837761749418,0.0006897277487614731,88.87555451357683,0.5131475814184002,13.296847600379543,-0.017092273861539498,-2.333401335506908,7.9100802497756915,-0.0019047196049242615,-7.317209164025216,5.955500424635236,2.4619940415097648,-20.77183622744083,-3.955585746711322,3.740731764070588,137.17639085481304,8.088893101070997,0.31581140670049795
181,3.0166666666666666,9.60723754045859,-0.7749018326694884,-6.694393868633573,37.25326362079337,0.9074064342677373,-3.209943176067722,9.43413254006568,1.3297499495960172,0.0005248011476563108,63.846666369465986,-2.0467343138515246,-0.015453797054403903,0.9435587816685866,6.678541392312322,-1.3667814478697204,3.6280249081564513,3.9434472526353264,-14.18967796603186,11.599413364251651,-15.761716864256135,28.294602084599457,-3.756677224898799,-6.791110029887173,21.955311043544697,18.58434458293436,0.0007506623439744199,93.2232907375661,14.082703167822963,-0.004921952299296997,88.8284254909901,-0.1127127516836984,12.27540838179719,0.01347106617763768,-2.397971367229186,7.927202207462004,-0.0005447677400115876,-7.234444306702717,5.445434717788067,2.779189272785455,-20.8735841214307,-4.145168244683875,4.737477279736042,137.31762226931056,8.185296729512224,-0.355400643961774
182,3.033333333333333,8.181373951106446,-0.9793809275144696,-6.873010011539153,38.24170316477826,1.034880898729459,-3.118829570630873,9.78718528217993,1.234014425137639,-0.00043812120086534023,60.99516378171794,-1.2429338094486029,0.005806031264336969,1.298674895801318,6.955874709035669,-1.622855248892928,3.2569823521011942,4.906547851789996,-15.127516140036729,11.699406431490033,-15.346594877993512,23.413730541684377,-4.3060203000426664,-6.433666204617499,19.498429826334863,20.414793505434634,0.002092104820563359,100.23814652805306,13.7659287597499,0.006022599714304699,91.18425886054219,-1.465514636769925,8.736131165113697,0.026400450073422666,-2.240343155593413,6.6282974550095455,0.0030199650253978946,-6.584179400546335,5.171179436963916,3.04878932869454,-20.92265211243512,-5.270065351229372,5.171577837592466,137.11194072675352,7.799048931695391,-0.6021479460669354
183,3.05,7.089377080454711,-1.1427566364951982,-5.578857499797426,38.72319097720274,0.7313810854917913,-0.5157383848728389,9.87783844271237,1.4961274403104936,0.00032701086514379984,56.94482815157998,2.09564686787066,0.03486245013973677,0.009480070490503126,6.8307801542573605,-2.711810345288841,0.9314436255453776,4.462410636840482,-18.09854868818171,12.654571514851783,-14.891921134198203,22.502914861413746,-4.540015066840244,-6.554173783660074,18.81345416811375,21.787955214128228,0.024300828694556846,100.99611336711489,13.51307728720918,7.431539030325293e-05,90.71671705131423,-2.9562840457441526,7.638881004696303,-0.015597672333618598,-1.9388230394468886,6.205851096764472,0.004766108709531578,-6.183486657535306,4.801967609918062,3.792473859708162,-20.099737018308915,-6.391074115399945,4.188104217688369,136.2296350792017,7.654765497134787,-0.7660232403129309
184,3.066666666666667,6.29973445207096,-1.124458768301456,-4.7261541134209635,38.97110700504737,0.5196713165832684,-0.9401735968313267,9.860827377172098,1.599776723475908,-0.00015421126903235145,52.17818062210553,2.8259309071545395,-0.03493387039831341,-0.6651158162273685,6.131929509297979,-2.6135946770206053,-0.537805923937316,2.8944638681447783,-21.62174411665155,14.319927501747,-14.952694619265207,25.267714303202176,-4.108919697345398,-6.710495579865181,19.775711612634385,21.71554319725631,-0.01361593490923328,99.58921449495787,12.983911431596086,0.0019333608851325775,86.78843834408526,-2.9871899483651614,9.25955107426327,0.0006110935554532619,-1.972834925368295,8.159278925391604,-0.009447116529447916,-5.92305745978903,4.831183404750099,4.932295355201701,-19.687657214224345,-6.800271297782039,3.5715829183166883,135.3792500449076,7.756226458890621,-0.7451014121674673
185,3.0833333333333335,4.334634989811637,-0.39444768314653356,-4.292866622402368,38.0406133410747,-0.030923515372980433,-2.996665689112709,9.386103173703374,1.4715857224789421,0.00019172934661456473,47.307937848676616,1.4293749861352851,-0.0026941230619299066,-0.32302700539720325,5.838450997508417,-2.8745011084819483,0.20276604013044744,1.5144719856087345,-23.28494342507432,14.308497108752224,-14.896870175453891,24.31708376573694,-4.093784237256703,-6.670551610370372,17.22386593259409,23.15410170629362,0.008620858802816333,99.29335353857189,12.855021212631298,-0.00637865250021054,90.04644883974434,-2.4838382685020353,10.368086334646366,0.002935356247312479,-1.5287552354003717,10.327862733538668,-0.0010050920902251951,-4.756269197796494,5.3290778649877995,5.932886278791074,-19.731016145193916,-7.231946658839962,2.6661911471729542,134.90335698289465,6.956920398208242,-0.11927848048787175
186,3.1,2.228821217865639,0.18622671933950202,-3.481418035619474,36.66239978303529,-0.3175625507774139,-2.536575468838096,8.641581688081024,1.4821409967403025,0.001000369110953005,40.96307151946748,1.705831811223727,0.05031080324464605,1.2143713354123669,6.2147332772634005,-4.235011715165164,-2.136761268001958,0.26931037649574613,-24.706162015997,13.964676111524073,-14.141345751533278,22.238756428951035,-4.459605120201108,-7.239260541252847,15.58910679088028,24.429976886606067,0.012305062368086218,99.04292881940971,13.096755152265766,-0.022102938232833002,92.71033845660342,-3.1995541077955276,10.823788172942157,-0.003690270747798894,-0.4895503068641428,10.367753101307345,0.005975739103661725,-3.7808802636617447,5.284197360158717,6.08659239818525,-19.36699418875587,-7.032217098169762,1.1449615359185963,135.00540398529603,6.1819883818028,0.3366044948028468
187,3.1166666666666667,1.887957889483025,0.12456238893404348,-3.1174692033366473,36.44224511014606,-0.18123798629875418,-2.282988615296445,8.393885383537675,1.4111328212243448,-0.0006322888645978946,34.05357422486752,2.3159914257610428,-0.04365356775156254,3.4654550195792586,6.880462857082987,-4.16150726792451,-5.0006302420706294,1.4729635953866778,-25.973012239212192,15.123123116213886,-13.43666617769847,22.212361302115095,-4.685543070316905,-7.871110622698277,16.858995172585747,23.32369277147169,-0.006963163153372339,98.85078325155796,13.143507864648022,-0.03509433986314543,89.86779681627874,-4.769496749336493,10.815298570097058,0.0021852639829473782,-0.22943265095434237,9.022043069981743,0.007511430794695314,-4.177764653675117,4.884021864898181,6.162504171113316,-19.29591831184815,-5.804205799060937,0.8792141144557848,134.99328554974747,6.817449337226666,0.22880425269037705
188,3.1333333333333333,1.3886777467741522,0.12568111466946716,-2.6163304790741315,36.240440085423,-0.3020078340172021,-2.3788475307987125,8.019003477796618,1.3605619566908325,0.000581198733549837,28.17875697635081,2.2647007860275856,0.01505780544395082,4.57285753058331,7.539480090216771,-3.6925865793860346,-4.441008177257785,3.928208951193856,-25.398801803601103,15.447732400827045,-13.702874895909956,23.08100970135832,-5.127444805455647,-7.633595033617979,13.05198595914238,23.43469241741418,0.016741599664998632,95.75522706026075,12.633755094031589,-0.003279547819719182,94.6649492214713,-4.515985087308766,10.102208077011417,-0.0029965797385845643,0.75366673135683,8.61307183064308,0.0008806463887371301,-4.685409031404475,4.942056101781094,6.569957814040794,-19.384109686127797,-5.126872448838207,1.130539600551648,134.51091104953926,7.358006602127998,0.287180610049702
189,3.15,-0.8518490824503655,0.4273161766067962,-2.2838706509459086,34.675319219262775,-0.5573477006277466,-1.4093329823936362,7.4404266501562155,1.5605004841132302,0.0007268145764165652,22.593187876187148,2.3829911038824623,0.02616493509143826,4.938003276986124,7.108331810542142,-3.415086701873312,-4.014538614031021,3.087583544547852,-23.757544553783617,14.704723810422184,-14.150650205409837,24.24371446362629,-5.682356130947889,-7.321355548897154,8.533074637890962,25.145185198884015,0.0030839059710545467,90.71828148864587,11.837834540185495,-0.011391026765032598,102.11467967576671,-3.32278651855782,8.793050857345905,0.0017304102924878457,1.7065454257272976,8.81488255580753,-0.0006081707012220751,-4.170591900951916,5.288387874245029,6.34392253593543,-19.25805967756515,-4.696514948750144,0.872477595844463,134.23255629480644,6.513793364149644,0.7231860521164758
190,3.1666666666666665,-2.9473500520658473,1.0351573005390307,-2.7238997304872643,33.16702033970752,-0.9602254378090799,-2.2871643306787925,7.262803558258261,1.535236721977247,-0.0011771919643106972,17.603497156180868,1.368308988272452,-0.02355390901064674,5.614322017018631,6.01819873909598,-2.1753371645208945,-3.4512127225634006,1.3392363915462173,-20.40664545422935,15.261889799993243,-14.133543979055775,25.41727274927851,-6.3169738738033185,-7.414087752862776,11.716250729069383,25.305950089844526,-0.01210938679239991,89.49029458051379,11.833048051068,0.0054274735174656375,101.6387670621219,-3.471916252635764,7.249209738189016,-0.001981361777236175,0.34224636966731253,8.36237015168579,0.0021514739316888195,-3.5872011383854927,5.830242741703516,6.236742587128067,-19.650092094070438,-2.6785507254430514,0.8357820887158537,133.80128981981852,5.72008140189661,1.3325694200081986
191,3.183333333333333,-4.020520819675956,1.8301550655305867,-2.3413032323388667,32.87151415415607,-1.7201180052215836,-3.947324178715867,6.742546019772428,1.4751735191118984,0.0004921484850421898,13.574107073718093,-0.0884635240492429,0.008405504711075136,6.340370606315813,5.5169183583790256,-1.894349008114552,-1.6221939965674161,2.008690321606698,-16.15319293828239,15.481618949309343,-14.138912183038055,24.50378251682222,-6.687409895999042,-7.33772319984021,15.824140844258201,25.944903117454512,0.0025381827689819228,91.53840232591067,11.912774341481931,-0.002633669302369398,98.97824821322402,-3.07881782253814,7.637511239631769,0.010271314826552993,-1.146996977022986,7.312848131802242,-0.003722989025990702,-3.8221152485696552,6.604681915937798,6.899489554451725,-19.85227871205593,-1.9464630736990394,2.04071697395407,133.0486867241886,6.024435024180459,2.0562853227035984
192,3.2,-4.5784656131113755,2.274939254613108,-2.2965693036258483,33.37548176820332,-2.2688199120223107,-4.346591838860604,6.193494268692876,1.6062980586934543,0.001249170393297878,9.683600826021419,-0.3355162648394035,-0.0011154432942214185,7.30544113527625,6.09618186414601,-1.8443469557549592,-1.0447700150243435,3.1548751724547475,-13.380657744071007,14.290275451782504,-13.938682144396855,21.774234435247276,-6.610095745856988,-7.187924229469535,13.686731037850283,28.201382192112163,0.050319754248974655,90.66616326905276,11.678868939499354,0.006929047210162656,99.7263224444891,-2.081988778306683,9.622457866360394,0.010859980752240024,-1.0343854187548844,6.615928811836049,0.003335203654274345,-4.50527155274472,6.874050076304778,7.276415475687157,-18.78196409593146,-5.1270356991699035,3.973430435991956,132.87776821919076,6.829432272657974,2.587761022737639
193,3.216666666666667,-5.0209404940823426,2.4628020034469684,-3.3703727169892357,33.75313180192438,-2.571174587824751,-4.799294062255804,6.303123121852654,1.6711644593731816,0.0003980643122728648,5.836889873098099,0.5053631752006937,0.002700227355198569,8.039382425599168,6.828046535990693,-0.8800152281969875,-2.419037783215694,1.4199271626056973,-11.239341383090617,15.13371429791585,-13.502432285525249,23.336105061462035,-6.725642727764085,-7.593768423463426,11.64193653783652,26.950284062584046,-0.049223763044345316,86.01163328399194,11.678223298549135,0.022332208242068264,98.71427224799656,-1.750252139987402,9.957561649971874,-0.013008506433917051,0.02468595440598468,6.1196943532595895,-0.00013177896379325363,-5.289641334107684,6.609895732453945,6.726651233993527,-18.195816143243565,-6.892802514130166,4.333350326770116,133.2028028215318,7.326014776960443,2.895299495872428
194,3.2333333333333334,-6.071075192632207,2.673031295633104,-2.7624132471312928,33.29680484690438,-3.1653078012677764,-5.431891827018296,6.382721686995921,1.845229985082581,-0.0009224863478982741,3.0998805097442976,1.3175465239266007,0.002572468170681185,7.916766112911198,6.343144702120539,-1.0326792537842018,-2.563706529265202,-1.04580590202742,-9.081255205308214,16.5210310491061,-13.14420398189387,27.200627025948826,-6.393294679846907,-7.909166410423892,14.134954543139632,24.798439316263945,-0.0233079650328166,83.30253456322713,9.778678814280514,-0.03302427721551374,93.76818709969538,-0.8542793991394327,9.007705516374104,0.01418159886902523,0.7162253129544931,4.4016397444704864,0.0020321369458278387,-5.922747627731738,6.564776336130666,5.648537353212814,-19.747445598330025,-4.0979348754684874,4.472640349146963,132.9866649650388,7.223591188822124,3.2284635864762623
195,3.25,-6.750226998045256,2.542067084286849,-1.3173693852174264,32.89240622984837,-3.68557048977606,-5.907372381137001,6.886293275828247,1.8200151891810943,0.0018881089551254686,1.9921992886271982,1.2102035826654574,-0.0028785497598694163,8.135087197013489,6.500397232132905,-1.721461119275193,-0.6367339630209204,1.7022547244021828,-7.771281454040088,14.89968530100967,-13.120420263677339,25.453026437259382,-5.689159819834979,-8.014248157983063,17.6305464304266,27.291271942865194,-0.05536511590297699,85.81689614235667,7.723860606244382,0.025365467876441908,90.2312292875629,-1.3487759412893319,7.542659927572992,-0.006003864743672853,-0.2820459988413306,3.2671697119007956,-0.0008431372376023807,-6.382922079033458,6.37790963696653,5.790704386609498,-20.549907731226718,-1.9754329492234104,5.098386029213181,132.21498996925106,7.38791670945659,3.3097101467556618
196,3.2666666666666666,-6.556008298352107,2.115424349166858,-1.8432351777839773,33.028395970864665,-3.597673641028267,-6.102066238989299,8.080320665901407,1.5769483447720858,0.000518011755288652,1.5894265090361925,1.3120735747750827,0.002032329763756311,9.24834193229422,7.5899510725381045,-1.4697485810708746,-0.21501009058730125,3.8446872847319433,-7.22167589576197,13.988366139472399,-13.214440612077105,22.134264140072947,-5.641241546951577,-8.792297413156803,21.344434554678767,28.116444278286753,0.05416850059686677,90.07717801650134,8.632823605489747,0.005409609258735605,88.40465016351762,-1.9163163669017218,7.461667794407608,-0.06993297946678174,-0.7832169376915291,3.3143796120265647,-0.014212123705972548,-6.65074571867093,5.849785011940993,7.147360053348788,-19.213310814203453,-3.2593292634873348,3.805254043563343,132.09916170419447,8.04522348484822,3.105848384892565
197,3.283333333333333,-6.934329174606545,2.2240598939594034,-3.0679911146653125,32.96006791221059,-3.522750327874381,-5.16229181982163,9.012460048253779,1.5678901287981464,-0.0037279341260007992,1.8049094325838002,2.036579723178249,-0.0020608082307995734,10.137524040579688,6.693460265930472,-1.1671494176091612,-1.4162936993306532,-0.09611074174673097,-7.679687205703998,15.029796297068655,-13.675088005817406,22.314926169692615,-5.015886649180031,-9.021503502163924,22.86926955224437,25.78344585923211,0.011784903387505605,91.30619881671213,9.022107581104315,-0.001180732426499937,88.58701385234558,2.301785621550886,12.525634588370389,0.10561516290060109,0.9563269952193882,2.2745731854140505,-0.006799156484758679,-6.442524017861915,6.128408131549526,7.534326153625736,-19.497927627972206,-4.600596084117004,2.2204036522163273,132.5661396810704,8.188149898922239,3.3459218065382985
198,3.3,-7.296606708057346,2.430882908470755,-2.9540244900061237,33.005221433155306,-3.4143438226884073,-3.8874744290894676,10.207002523133962,1.1517201596217719,0.004697200124542942,2.998341860312042,1.906335190032145,0.0026932664510227393,10.488940691000039,5.124423961730891,-1.7011493092115786,-2.604245420855037,-0.8097549377443303,-10.134228955909164,14.394481545217086,-14.278912412190016,22.229417373865267,-4.33202648259356,-8.372930659480948,19.623731284185475,25.883402759994574,0.0081506398984805,89.663909403928,8.5578906647613,0.019622405523729694,92.53153149123145,5.067378728320374,15.240933254378366,0.12383895953355581,1.8229794449286518,3.425428043334654,-0.0021889378024677504,-6.641480727990471,6.506992765829392,7.14030704831881,-20.93874178508402,-4.346650842542225,2.414371742288924,132.4781564648496,8.194070248768318,3.4023485976752066
199,3.316666666666667,-7.12072388680595,1.2598169107873745,-2.389672139532966,33.0081108136497,-2.0962722455146885,-4.062750970009095,11.948497904253033,0.36352246381257775,0.0010772992302632376,4.159753190547869,1.3046624404093912,-0.00044500094211994323,10.357129221206751,6.084611168225317,-2.08667959751181,-4.5447024534823,2.1788196987974335,-12.258157096175099,12.585942587083021,-14.334328205706992,21.012007776720257,-5.308534855156588,-8.257634434965626,14.887827415389943,26.39348847388343,-0.002032031700239103,90.33424818167995,10.195295166400868,-0.027982773592520074,99.60742088149887,2.443294540311138,10.314929890254806,0.12849880230361507,1.5956193634358171,7.621333645848994,-0.01131600667255798,-7.60379010539946,5.189245312499548,6.899892902965092,-20.069772788090624,-3.346636675014134,2.0468469025996496,132.2288736735316,8.566855986822643,2.0974120091067348
200,3.3333333333333335,-7.266093729700763,-0.5053787638067592,-2.6749718975236023,32.42040458896814,-0.26946801929323627,-5.068609295462937,13.284510602446717,0.010610352430859076,-0.0038727451021899843,4.3932703369391195,1.4024343918068907,-0.003009359529425636,9.681662137396842,7.830946410197686,-1.5013675616294808,-7.494065860517952,0.6369915670812549,-11.689699297540098,11.315111715802939,-13.942161125686278,20.76931219149855,-6.225499492700846,-8.363368398442473,13.102893137806653,25.488242706999298,-0.009484453947345968,97.97650790900948,11.809473356912514,0.024383063893006766,103.85719328022195,1.7219381948265005,7.461962697655017,-0.027053284473671526,1.5704307360522125,7.5583660431897215,0.02021400913515067,-8.34897525522578,3.1540585365532747,6.924724685962433,-19.277064788168328,-2.011486565942557,0.6237542002597286,132.4620651130643,8.947544228625,0.5236317607738961
201,3.35,-7.119064008635154,-1.2528957629404986,-2.718156500088386,32.11584779803326,0.836420347144659,-5.801307373772951,14.841493994494062,-0.3292835037382039,0.0049090013167441444,4.839764516340819,1.2450976435582821,0.005712905937374687,8.814207770419914,7.299566762815017,-1.4034374414384052,-9.610641681955677,-1.480804866113494,-10.294422453368522,10.32543660177789,-13.963753988906447,20.217630634034794,-5.771892651846196,-8.395677562908528,15.825854722898097,25.339078224960556,0.032554740484586446,104.76256837714007,11.543754178883228,-0.03461363784304794,96.58124170470191,4.103161296921486,9.652494700664784,-0.010949104019387118,-0.7726499681251056,4.0128262450519125,0.01904508723361751,-8.930157321346652,1.9906013591442533,7.164942928749549,-19.574521261878207,-1.6292037540055404,0.8111804296391498,132.62270098496066,9.40619663149979,-0.21812755771762707
202,3.3666666666666667,-6.594284291541901,-0.9751081931992039,-2.17335325514686,32.09569564346672,1.3887584679876326,-5.323764195508772,17.359072810098972,-0.7862576798918418,-0.004234916472576282,6.577107596937149,0.7812696950085571,0.00222234470293839,7.069698257951864,6.054988559828954,-2.24785369346903,-9.611796863869545,-2.5008703661814993,-10.099578392142734,9.619872492088717,-14.690727266038579,21.42377757533556,-5.591032793643044,-8.329920125166588,17.432316919263908,24.782694112520932,-0.01972707616783516,97.74718365926988,10.760708722625662,-0.0030987069055778424,89.81899238797085,4.525464106934861,10.221734268652446,-0.04811151337264224,-2.694756144264706,3.2059694149654487,-0.031355145176287985,-9.57724179374208,2.041522480169766,6.621101750676727,-19.374115179831243,-3.40602046388907,2.241794411902433,132.95828156869155,9.627739162624461,-0.2548872625106891
203,3.3833333333333333,-6.479716406891324,-0.4061830501146603,-3.142420673225868,31.297834453788752,1.8299713823418196,-2.8285491635195465,19.958423466515043,-0.9675989903906288,0.002902059051492452,8.010593029940415,1.2335434869445265,-0.004035149651924769,4.028800297570027,6.309193377691891,-2.1563319465689217,-8.38759004636031,-6.696487016281558,-10.418431679254617,8.908063499028927,-15.130601022744907,27.053609278363563,-5.900121122926354,-8.189322940320155,15.994245441518673,21.803952132433796,0.0006511397370379872,86.06899954609653,10.29310145811714,0.010031409739875067,95.18352845611219,-0.14472776205877813,6.009015570732478,0.05931247752276147,-1.1944542115026637,3.2993052382072086,0.008216687058199328,-9.974173867701714,2.482960696893574,4.9483313019897945,-19.48253402054112,-4.673419615918444,1.831552209888697,134.399929621002,9.431295071317976,0.08892784670276528
204,3.4,-6.028198513187779,-0.6414374866681534,-5.054183940149054,30.054563701205776,2.7211046805715773,-0.6814560629699823,22.905375280455203,-0.930553205168363,0.0030160209197372086,8.543119233096773,1.6131844840907619,0.003005381172651872,0.6340190554102555,7.030389089699829,-0.9642880814026042,-7.396261486612877,-8.678934051315009,-10.440805044081454,7.569141986344347,-14.699631796506099,29.584303273573116,-5.580033934035225,-8.210037140781354,17.03369951244685,19.866482703619862,0.02167067945558549,86.98063713557976,10.49028504010129,-0.004085738574459464,99.4429183545003,-3.1410736024507897,4.8815653295813215,0.12157088356998581,-1.5240438097002482,4.277996702487449,-0.02165866898501616,-10.111780575909943,1.8982085050159119,3.0669986710664348,-19.217272175261563,-3.23608395252465,1.218377241799047,136.16801763370103,9.204739867896949,-0.08765715871992466
205,3.4166666666666665,-4.847322538631178,-2.0292773524453604,-5.818161460852173,28.811533832567548,3.816507742821863,-0.16216667278165864,27.074384651933915,-0.6749958026436872,-0.01573527674781844,9.312393673853908,1.7806546121315967,-0.0008753203181609694,-2.6515959167102774,7.768243899154181,-0.34054911835254037,-6.159341443245461,-8.179054070033754,-10.519798754553902,6.105511547281596,-14.293075903521183,25.31530071594293,-5.319054854154286,-8.105484891397316,17.041953384081573,20.6132903690928,-0.02535705876115271,95.73683867671674,11.36904783178589,-0.008033111542251363,99.55552039251262,2.095034627554556,11.358925534506072,0.19918980966417493,-2.892595860457224,6.47323701284334,-0.021563322346109207,-10.151614700573608,0.7594413312209233,2.0722090822526464,-18.445558232369468,-1.6826475122472426,2.0825895360816165,136.92932204229996,8.826692531013345,-0.930394282165948
206,3.433333333333333,-3.8958589488443005,-3.2601110495601735,-6.359600196201038,26.766488649917488,4.243243429301477,0.6790430474759361,31.38595312746765,-0.5421378397516943,0.02692480202060634,9.47857726750557,2.8550908370422623,-0.000349653212030971,-5.817292839035844,9.381713193668752,-0.5051419413591967,-4.975100825675395,-11.045215096106539,-10.975641834085614,4.682979351337342,-14.114781188424034,23.290443349849724,-5.315280145288419,-7.896123090995726,12.439595416111683,19.273176716293932,0.012430113270711923,97.09442492029606,11.581723926011001,0.002062283369889114,102.02200353328526,5.880623593583434,12.776746285117671,-0.1023473536177515,-0.6754458798405227,5.386713684220363,-0.02644860861245293,-10.241425253464541,0.2500453592656577,2.0940811110266915,-18.68859384954334,-2.6191164475425976,2.557118676571105,137.1586078582426,8.110384929152966,-1.4546631317790717
207,3.45,-2.853880796730502,-3.7314475517683956,-6.263528877876309,24.426786873438548,4.50888120623891,1.0244081135444678,35.18357866604803,0.31737069058964024,-0.016382786708984794,9.094606911457584,2.741204259182788,0.002522285129955955,-8.635859620329017,10.443475823558199,-1.6013703364690255,-4.51434004950919,-10.945618983967904,-11.59940397578737,2.694602301870071,-13.848002724949634,28.787025788741254,-4.711073048347039,-7.83639339713245,9.288188994079617,16.266087694500722,-0.03521096654647304,86.68427423282104,10.863137610670822,0.014055054909709553,101.18747857608453,1.636909584425533,7.1951875517955886,0.04278145533594153,0.40314739832722646,3.8160416020272074,0.012796919747852882,-10.546273369919069,0.19871351783744357,1.9483773726511442,-18.236192247498124,-4.652002479129768,3.148361692807184,137.5965634077872,7.443936777878842,-1.2868803490755325
208,3.466666666666667,-0.3168122078918535,-3.7641647337952584,-4.924584697612243,23.328865523607384,4.521881908464919,-0.7223811535025506,40.01570484517281,1.6629025254888503,-0.027957899304741924,10.022120993026633,0.9411717580371227,0.006538909050980258,-11.543590546148152,9.353874139328667,-2.7441378450943805,-2.817857632015104,-5.4493584756681965,-10.520349247673447,0.9575277492567005,-13.75455821884985,35.53848264313475,-3.813590726405765,-7.62506428667564,9.732539398647216,14.788106161309058,0.005596638465707143,77.44788755866081,9.937159665766485,0.013213983842945655,98.93766214932437,-3.2916612398926595,4.066621787593974,-0.03121004515897198,-1.9466596134494967,4.238679375760382,-0.0006242536304441185,-11.063959049757493,0.5816324887728778,1.496936242044584,-15.768408076134834,-4.887564115601217,3.54102887131455,137.59423003621703,7.2574125163970615,-0.5242100671644463
209,3.4833333333333334,3.3549988439282683,-3.3186459891888487,-5.542353922047435,22.94270778854006,3.4541613404989047,-0.7758778722987907,46.344009669212866,1.2297782406497617,0.06366173079370545,11.279694173680724,0.6735617364070752,-0.007299232150417135,-15.068113042233827,8.517812772442657,-1.724558656576932,-0.13454339328594297,-2.2941658294068223,-9.219507954739438,0.8749315259215357,-13.49640056259028,36.72744562542599,-3.1070931869483167,-7.475931550546341,11.163262431058937,12.653754727437795,0.06546245245056025,81.27133694467008,9.75212113434184,-0.04849570666635135,101.11037791808539,-2.60403249136089,2.8447186619418168,-0.029632680608566032,-2.529077664072753,3.3056736853714943,-0.02129696373626397,-11.221775794206867,1.6981468975901821,0.5026143208471147,-14.201837389303849,-5.632054206125349,3.7418780826897073,137.64268457904976,7.410468388766835,0.6869652276611444
210,3.5,6.679384588299029,-3.4629176316383217,-7.085819148111558,22.308197247625152,2.846796514852547,3.5065191430687883,51.79210758507489,1.415367000494438,-0.028596206797976476,11.231894946298564,2.0143920814610685,0.0034885121790454577,-18.645915414476764,8.869086991098898,-0.4338886015694528,1.117641230929871,-2.9477677987125652,-11.963381355175436,1.4428118824673715,-13.35024210600692,34.671504471732455,-2.678835637652308,-7.6895454095183995,11.567557785320338,10.715965646139244,0.0030276732794043493,87.86477639806647,11.55531768366715,0.07749085224878037,98.72161771572894,2.0149466810030874,3.8939807174016514,0.03556062163045584,-0.3151592420295797,4.34255615982715,0.017492360634871414,-11.09477500331163,2.4854182029389658,-1.5179151504897537,-15.906020455125196,-8.580079140682074,5.952282317202065,138.8105587254082,7.707263075765668,1.4063557407066989
211,3.5166666666666666,9.044873241201334,-4.5247648171089185,-6.361753920954251,21.039350795032373,3.4731945492482286,5.54686767966158,55.538848639473684,2.7468700595228563,-0.011134035837381954,11.065077474639814,2.782075271654385,0.00018392973791249233,-21.78846427411075,9.681243495310312,-0.6568686764421919,1.228420164420382,-6.047279659386232,-15.28832306239699,0.4556802058661518,-13.607694096028233,32.66508453248983,-2.733084474942545,-7.566755982683849,9.769710235949265,11.832615007798235,0.015494313264477253,87.03429427741186,13.973185951683073,0.02108284658160022,95.24300046456804,3.109194359102677,7.340951340262504,-0.01788386766975001,-0.14449201721107818,7.434636276338175,0.011469457165629153,-10.908854916080912,2.005106888637133,-2.3772000817162686,-17.92700080872425,-7.4803430826690285,7.179283092609644,139.11193776700017,7.5888251149691985,0.9553503889972328
212,3.533333333333333,11.133308728561882,-5.001484974112156,-5.905362642180033,19.297412588895256,3.8967661269192053,1.7845462302263961,59.24688128306854,1.133717866639864,0.04764740813228748,11.56039518895074,2.477255014682493,-0.0024711115330680856,-23.326296100809643,11.73162469172799,0.9043718190043086,2.450319180339376,-9.656864211488656,-13.314955347028055,-1.3761232264324,-13.679359822742207,31.310741231700554,-2.6932025171000733,-7.068691831588458,7.1873685582452636,13.125672725138283,-0.010380392932939523,86.74087803531994,15.57321333672047,-0.03363756035203485,100.64211919610955,0.21793742726235518,8.641411956876674,0.018338826735595583,-3.849080770933709,5.934372636616922,0.008363706751608685,-10.497620510015025,1.4826750223522405,-1.5436373216700503,-17.383126088459743,-4.606966496345615,6.3811468434593275,137.68312034522478,6.9186861088719365,0.3728053273649386
213,3.55,13.632895287169278,-5.2283575947040815,-6.842914640169589,18.08281386884105,4.30715566878364,-1.734080656959354,63.31117148233313,-1.0072601523842104,-0.019610398465465268,12.245366045119955,1.290524949589479,0.0008572141022544185,-21.29129996662414,10.96828698261655,4.6884088782164435,4.371346232126574,-9.306021208286012,-9.591154007459911,-2.1653186537997535,-13.948420627825934,30.857215457609037,-1.218347090041199,-7.027734360854276,5.770915402902676,12.623529261051877,-0.007155091758057796,90.03983038619036,16.9165315890806,0.040857691326677936,102.20952395377209,-0.2756179683557938,8.78285230966143,0.006018271737392773,-5.486793920005608,4.767894594839691,0.04002017255180111,-10.10250658453762,1.4867124401320881,-1.37238010839334,-17.394703417613815,-7.351977102938595,8.698019261136972,137.04302064478216,6.460948647353345,0.16161263420699545
214,3.566666666666667,16.51035762484313,-6.802555093729291,-6.207431789348267,17.173963988946564,5.587687445486413,-2.802094153891938,67.44205943253502,0.023768818666365345,-0.013438199206745832,12.939293620931318,0.05716337982162354,0.0010723144104147298,-18.012260952657915,6.6302152279006785,7.06486322212065,5.223877880629268,-4.9947415877218635,-8.672437735184335,-2.3503442559840306,-14.65507012901648,29.075017035576547,0.8638911520974033,-7.3909816622926865,6.35816953747888,12.830994095715837,0.011021428580077578,89.44338210995943,18.66897838584656,-0.03138883458318737,97.54904119520859,1.1994942757306035,9.981596671503146,-0.005518212753547446,-2.8161533590085766,7.114830681803567,0.04642934527892421,-9.295322647206461,0.8138441310798278,-1.956393457212796,-19.080266979805444,-9.523640716571537,11.237114861026237,137.34770956294722,5.952051978248195,-0.6896393869285532
215,3.5833333333333335,19.941831300340112,-8.23341699131034,-3.6779009889230556,16.115362962697716,6.385047692569286,-2.1529807333717463,70.46519932934548,2.3452789825423963,0.014040288254962893,13.21102110785323,-0.15391074350483927,-0.0008419716293003951,-17.31533378235538,5.9714299939850655,7.169919647151144,6.230850455020928,-0.998295079275417,-9.541846942632002,-2.7108562062775206,-15.178508918123075,27.40824996585614,1.8252205758041748,-7.743421115132739,8.714966137901087,14.506827555006351,-0.01738439321659168,86.73459663739649,20.766154223783,-0.026693374615005566,95.73922999501748,1.17308531575898,11.843261106087803,0.003991803052046466,-2.227593685144506,6.383453009461463,-0.25714045718386064,-8.579578998020585,0.30148566388924014,-2.6885948451194235,-18.310694122112494,-7.1996880260582445,9.032069120026133,137.3139131767578,5.626231343956469,-1.3697854498256894
216,3.6,23.421195304368666,-7.912247779456967,-2.8845393600609537,15.657340322514447,5.767541334729329,-0.3029121392006055,71.3976942790367,2.911515629202576,-0.0012444134599668751,13.166575361687165,0.12877180133971383,0.0010921586930603756,-14.338348771570807,9.094018084868452,6.799595896957015,8.042187816430502,-0.8041927414504104,-10.023214449287448,-3.0179091579169603,-15.634546829486135,27.196527282904665,2.844512740618719,-7.658957576656883,10.034880028643283,15.157098364432878,0.0009574829861009129,90.32309432151334,21.778943221053094,0.011761431901327127,94.36381440800085,1.2437584604014875,12.29872647864951,0.00037275832974356595,-2.6432103033160854,7.901741751095691,0.5615445509106689,-9.249248474706564,1.2741735266436833,-3.575051900946819,-16.144346955971635,-6.216728850607196,7.123366171700248,137.32943358534072,6.311809802297836,-0.6253844361936515
217,3.6166666666666667,25.851056170455287,-6.978615621445696,-4.530496516890751,15.176327920732192,4.727234923788866,-0.8913870013950171,71.72970929520893,1.6910187536066963,0.003071325904484904,13.40864364934058,0.19473066418906554,0.0018525231134255975,-7.36790639747776,11.244021778765681,4.917740756192586,8.50112832263788,-4.29984665011847,-8.909692507532231,-3.5017246648678033,-15.995056892504943,26.000748243689014,4.0459747910135295,-7.179865904245842,8.323835470985964,14.230500564111267,0.023053745875602903,96.35215364357974,21.963311178085487,-0.009048875885028729,95.08340579640436,2.936511946510376,10.962520823187303,-0.0029406159942348973,-1.216168612942904,9.6964752027103,-0.31596531504352565,-9.993755101399657,2.569253789006348,-4.144430621304335,-15.259974448761595,-5.97511730110777,8.239984679227836,137.37242213258304,6.755131915706382,0.5596489924587925
218,3.6333333333333333,27.548053416655772,-5.423233372408098,-5.561810398685113,14.06577248876549,2.9941992547744833,-2.298474299117416,71.19895688319542,1.1857577673582997,-0.003152897978688875,13.879563335884539,0.5649621282701982,-0.0024408733214167787,-5.836495397615854,12.249424983777713,1.756517096018468,5.937972333888462,-6.239952310876047,-9.526758002226913,-4.087582514879144,-16.019262049497996,25.997679880080337,4.697157676305468,-6.99185748188388,6.693791999920592,13.741651099867108,0.00017434263423594387,92.81475516424713,23.094045169469524,-0.0014794133508997628,100.62855910434064,3.475177966611244,11.142334118655183,0.005130439122503109,-0.11301997177656821,7.465280417364961,-1.3306104532790533,-9.53781632898632,3.914084172289288,-4.0531449980385315,-14.977907342059375,-4.5131922934458375,8.579010606687216,137.41492046419756,6.368796247786935,1.8823483067409446
219,3.65,29.20440479541875,-3.916784347019524,-5.573180189779606,12.962726220001803,1.2787934167568025,-1.0732167371646237,68.8187062987582,1.4057781596046603,-0.0003768309411484822,13.905133044767119,1.2014768846769062,0.002588386868631216,-9.238741788338258,12.499042940476459,-0.08486704673994308,1.2529146440454946,-3.249116892620514,-14.614248412478492,-4.6054395270217725,-16.301021399523858,27.35766657762855,6.266868932111412,-6.939071701948983,6.8944221433947845,14.104837573504108,0.007046154618363978,83.39052250251255,24.461839623378477,0.014857683941624959,107.37873544361267,2.243211419298548,11.54273991089427,0.000252606855308847,15.868679541271657,15.497975300723466,3.6742290385640533,-8.69571238604395,5.057801888134334,-3.885189454717917,-15.459283742675714,-4.779242722744641,8.103081160304566,137.8391403207995,6.091301523086129,2.8691785887991865
220,3.6666666666666665,30.398272280111538,-4.401145033062735,-5.513051167177659,11.36432538609011,1.8717776736244738,-0.9255310632562194,66.27950425082902,1.289171134935949,-0.0023262359340603684,13.146483145246561,1.0183843158450687,0.001365570483739753,-7.994113266005363,11.10407979913942,-1.606099473411505,-1.99656938309236,-1.5547546336813607,-17.912072560243097,-5.416884612316645,-16.579009682395448,26.118910706049046,8.078143210993185,-6.86762503642308,9.914982861564964,14.80323299697054,-0.023288924146800102,84.43785463641757,24.982534928826613,0.02727580904726063,94.38717510837212,1.6458932892309692,11.353203096948866,-0.002198152204979159,77.26865155411784,29.319719378509546,4.5685832655027845,-7.752521784419468,4.366470908124765,-4.556714909297758,-16.36814219826176,-5.376031585414703,8.439284309472244,138.27529153149987,5.689132870845495,2.1599026438955597
221,3.683333333333333,31.371882925074036,-5.297751597247384,-5.302728586031298,9.423816102603881,3.1624520497544553,-2.6551098832056805,64.04906502163762,1.8365400708600186,-0.011113705791805133,11.775489959923526,-0.01548501476765459,-0.006534255086826497,-4.881205734228098,8.744219931066844,-2.9708021766790984,-1.5788404695991909,-3.2771613158264796,-14.866082431608163,-5.876425315389257,-16.899584305503144,25.321565961090492,8.807432292361073,-6.75068108756877,8.332922446888022,14.991786811856585,-5.049351923429163e-07,83.5428288808584,24.78060252996547,-1.6768015319528535e-07,102.32996984635801,1.9590827440158933,10.123735517932202,3.5569550934971656e-07,80.73412022661148,32.75530883051834,-4.927232490879375e-07,-7.361117990278011,3.5832531848344686,-4.9921196982149025,-16.72167549519396,-5.649645328781228,8.900983323085459,138.58713822884735,5.309408603957564,1.314370110634294
222,3.7,32.467997857050385,-4.912535077104798,-4.7366824266381435,7.643954434121548,2.416813018147121,-2.012427148895796,60.84968968167785,3.4594041813200365,0.03325178791654348,9.825301582822108,-0.18294414469333162,0.007395074941567843,-4.973066126540672,7.926148634605071,-3.7708670866419522,1.5777622660845745,-2.5266234900675384,-10.862850480270023,-5.923523987157326,-16.374513295603506,24.288478212650425,8.548383754501518,-6.929640334571722,14.314219910137593,15.327065873492142,5.825278007964006e-07,91.67844032803082,25.18271613753996,-9.128474623500381e-07,68.68061095524118,1.607180359218482,12.233951706776248,-2.402972335999305e-07,145.77951581753896,31.514906237570486,-1.617607350943044e-06,-7.195633560693154,3.92484366806457,-5.985771716291392,-16.651974454290137,-4.886366391253105,8.638246878274494,138.99086891260762,5.383670719484118,1.9111211572729083
223,3.716666666666667,31.96408363377509,-4.589748040911223,-5.005506986582846,4.873349332402184,1.4205819777198192,-1.2499536601430978,56.23027579791798,3.740739701663293,-0.02025980924371346,8.461749436400954,0.34602257924373747,0.0037940806576235277,-5.137748147059857,9.836303287348292,-5.164204834001045,5.825145196346269,-1.3457233288122714,-7.934444683761189,,,,,,,,,,,,,,,,,,,,,,,,,138.988772232525,4.42381069190534,2.286416319290947
224,3.7333333333333334,30.50107721593418,-4.811943405254781,-5.894974512051762,1.8205447057211983,2.0332791168682753,-2.7758291841703473,50.93424628728104,2.2860034505922293,-0.039777644765460904,8.1663143034556,0.5337447024843293,0.0005363149480164301,-4.308597164035027,11.41336936118387,-6.565108608285547,8.9317905830451,-4.226786160675954,-4.35026072185636,,,,,,,,,,,,,,,,,,,,,,,,,138.43238569145967,2.836813270040563,1.6282652811798983
225,3.75,30.616866002007328,-5.067958998389251,-4.327848298917816,0.4595035050183464,2.694414124155836,-3.939973607286655,45.5700589749658,2.7347734785994633,0.054837696601140185,7.680970961255392,1.3154393541838214,0.0026002915626690435,-3.6915883783071886,11.053206310489328,-9.03621148380402,8.649978680227665,-8.385654655008587,-3.1499055083750918,,,,,,,,,,,,,,,,,,,,,,,,,138.1246328193692,2.855515405174946,0.9822584871876334
226,3.7666666666666666,30.6129013622612,-5.4935007730516014,-2.609143895672814,-0.5378504372366275,3.0008599845952584,-5.038483975765204,39.70102256826223,4.10210933648222,-0.013604889205337818,7.721723782619314,1.6225793075948607,0.000967898142863226,-3.1015299501475906,11.045056467191923,-12.14636663992776,8.651629520716638,-6.743521372316181,-3.4007902953500126,,,,,,,,,,,,,,,,,,,,,,,,,138.32382563891608,3.137208593107533,0.45436251322745164
227,3.783333333333333,29.422669299438137,-6.375997533624733,-4.093336709007472,-1.91393728743979,4.068788861314607,-4.726714494926193,33.745869736587615,3.587883198146006,-0.025655587868272687,8.919569761785327,0.8571841824823605,0.0024929042080222945,-3.3271196155306493,10.2109302373456,-12.240435378556182,11.171756695308623,-1.9052212341926935,-3.944506946517399,,,,,,,,,,,,,,,,,,,,,,,,,138.59346766817688,2.5446595209212526,-0.5217317416996959
228,3.8,29.225356302054102,-7.222832518828197,-5.231498474595931,-2.5413444419278512,5.092092277666994,-3.1889963026378636,28.372254719208566,3.0768742734701777,0.030264657782670113,9.207921417712193,0.5707380249432658,-0.0028199946969912674,-4.660133483778828,8.31960586869053,-12.029434343351177,12.98522599657305,-0.6415305234373998,-4.840457899895869,,,,,,,,,,,,,,,,,,,,,,,,,138.95472781024475,2.6403057954341422,-1.4650769756410065
229,3.816666666666667,29.631142882848344,-7.2538691546706415,-4.420310767978678,-3.270320846994804,5.053626229227566,-4.399199739830606,22.950080398676565,3.35513056608142,-0.01744441012645621,7.754670683690288,0.035466471162658955,-0.005271777300039007,-5.6533319287993615,8.937690859421158,-14.169001602598469,13.776027438731534,1.7248441261141338,-3.4488140914089693,,,,,,,,,,,,,,,,,,,,,,,,,139.52529242486702,3.107234049249466,-1.5115268592332833
230,3.8333333333333335,29.441615439925037,-7.229251609999191,-3.553708076655249,-4.76081254798334,4.9827556307906935,-5.746574690435265,17.865065003707436,3.893575828553986,0.0027388483065027974,6.76955141770849,-0.4381765921858726,0.0032193752261561685,-5.611559548611055,10.119205464080846,-15.369132765083464,14.585729118916273,2.3019564753175574,-1.53276506257618,,,,,,,,,,,,,,,,,,,,,,,,,139.89091956640164,3.0411534038328205,-1.438459161979887
231,3.85,29.588185511676013,-7.911520416913746,-2.1923630205550513,-5.463506054619075,5.5328881478055605,-5.201153684257254,13.313649422666368,4.5198838627214695,0.008526610115911768,7.633412509871278,0.2720386888686425,-0.0025922101738866652,-5.98613067967293,9.086158842063881,-15.145106307142042,15.977412552599382,-4.772494955836918,-0.8242602032453348,,,,,,,,,,,,,,,,,,,,,,,,,140.0456310517752,3.3510471396540598,-1.9919354725340888
232,3.8666666666666667,29.86778509340235,-8.301252102013372,-0.8114648717467037,-5.453283329616338,5.815866670251757,-4.602469886407645,7.53829691148623,4.34632509787528,-0.02039735721571657,8.591650434538755,0.689854063624646,2.6530219396861527e-05,-8.162190362825053,7.165588940716115,-14.876356488645584,17.645867374350377,-7.507145695956927,-0.5457447450334071,,,,,,,,,,,,,,,,,,,,,,,,,140.393810841349,4.178212514740192,-2.345529977277637
233,3.8833333333333333,29.425325007434115,-8.178181021932936,-1.1493481055035548,-6.390124457758568,5.833312703284643,-4.046501390181955,1.4873939597165666,4.034530164889028,0.011714029551059501,8.327312530232302,0.453873723733634,0.00040077522319792355,-10.75331712114966,7.531482550941646,-14.625652232101505,18.068512437627707,-3.4615124699195117,-1.8135169839668759,,,,,,,,,,,,,,,,,,,,,,,,,140.42460408372105,4.488206975787364,-2.3359215432411546
234,3.9,28.34199552247554,-7.915999035374788,-1.4531387073801352,-8.481749751657544,5.496143453043302,-3.722999127281566,-2.502150565608428,4.105736798140334,0.0015676071529448592,7.490072042340835,0.4377905426011019,-5.1760919032143226e-05,-11.437909888263269,11.09591805578992,-16.454229589091312,17.610218323758158,-3.157229400822233,-3.3837946796433083,,,,,,,,,,,,,,,,,,,,,,,,,140.5130775190086,4.018120746605175,-1.9274587457556038
235,3.9166666666666665,27.041807255232662,-7.851415127384922,0.23422334008365575,-10.956182338314228,4.678530761471039,-3.253826768145648,-4.450666519889509,3.8380584524706025,-0.004763003390261433,6.586970628458421,0.22054318891065702,-0.004420858178706876,-10.741159251362461,12.770174839956079,-20.43039785640718,17.243720329407065,-3.7001397667318656,-2.2969282824420847,,,,,,,,,,,,,,,,,,,,,,,,,141.72668407675158,3.112753462866052,-1.2615196147994
236,3.933333333333333,27.287280325405757,-8.15871079221316,0.5358464710996605,-12.606334079947196,4.26375815137812,-2.6829799945850032,-3.2147402346864684,3.5222352099028233,-0.002509941869576202,6.3739161504622865,-0.1819023700151754,0.008122949813295295,-10.228704625701372,10.97021419017442,-21.002111479474717,17.471171138728284,-1.5659204714127093,0.1283740264442211,,,,,,,,,,,,,,,,,,,,,,,,,142.9371268785529,2.538624068704471,-1.2901928608655755
237,3.95,29.755432061992106,-7.352054714507709,-2.6967332133491504,-12.546749738912348,2.823331456899739,-2.165076043236293,1.5541144184808469,3.1045917044758613,0.002852594993305983,7.656341006868721,0.46162693181662257,-0.004353756035082619,-11.031272969985007,9.620580909049947,-17.619329970641033,18.173219493762282,-1.8446487697069243,-0.10794200690869078,,,,,,,,,,,,,,,,,,,,,,,,,143.4954276236808,3.0306347649216736,-0.8964319750693198
238,3.966666666666667,32.66097203958928,-5.718221235827762,-4.484491580076714,-11.293576693544733,0.6276312150666731,-2.218041416281439,6.260832873676623,2.133112454925051,0.0034863030635920093,9.8109983692427,1.4558646805890396,-0.012324293204399607,-12.986425346483863,10.104432626479035,-16.438421912316944,18.63455238716674,-3.520079417298104,-0.6914026083227495,,,,,,,,,,,,,,,,,,,,,,,,,143.9573205677322,4.181144719583921,0.10040905133033114
239,3.9833333333333334,33.46299748868598,-5.571360107601529,-3.2710287790987103,-10.39159801028035,0.25479375488042316,-3.0899465409898803,8.10687209601009,1.4973833961582543,-0.006020411038806772,11.956176469463767,0.7340855612932604,0.021581433229999177,-13.081238393964654,11.349952490179016,-18.573385072064358,19.593281648850365,-1.907313571166752,1.5923333975998566,,,,,,,,,,,,,,,,,,,,,,,,,145.02084972362414,4.705060424618917,-0.03503487589781865
240,4.0,31.071190619343835,-5.868757973776191,-4.397609506364737,-11.757554823129636,-0.8003839371384414,0.4884261124758807,7.975609312565583,1.6706693889022697,0.007274905894826731,13.252929735859725,0.3614471202577007,-0.012148121136938236,-13.137559154389576,11.571034181098504,-19.330079008651317,20.872118775436427,0.20982295881273239,-0.13743047551154158,,,,,,,,,,,,,,,,,,,,,,,,,147.3603312135977,3.705253631602227,0.42733550980406976
241,4.016666666666667,29.153708079749748,-5.004045509585414,-5.791881815059134,-13.676015984490043,-2.443258742633586,5.828790315272529,9.111135190562065,2.3672608364727754,-0.006367652615461358,14.377183940676549,1.2821976000190776,-0.03981981294964682,-14.814013114959161,10.647511754805144,-17.864604253680344,20.623406501179748,-0.8927491476863344,-6.1133222695465115,,,,,,,,,,,,,,,,,,,,,,,,,148.04425009304194,2.5156195643741244,1.6891709706539646
242,4.033333333333333,30.588194502742024,-4.596789275208531,-3.0745425247200027,-12.086510503961458,-0.9958804440287868,1.5825208619822544,12.373267148907921,3.2922997504688793,-0.009289433690866562,18.550626788106047,-0.3979725307855036,0.0705064512823985,-14.023864298686341,9.561676810283176,-17.58396273343717,18.71881435096388,-0.5646251908632123,-4.268705232711751,,,,,,,,,,,,,,,,,,,,,,,,,145.67124175419698,2.8892179348506355,1.2596464686963698
243,4.05,31.357971642432926,-4.107027374172856,-1.0655551749929104,-9.359813447260446,-0.5859131638534611,-5.270363282470338,14.296405272863602,3.7896077909468944,0.0074832938331945145,23.10012592973812,-3.3517215189016123,0.0017470930704512834,-11.74866911014131,8.73946815706327,-18.871564519150287,16.76086536754016,2.321401385493457,1.5412411750462325,,,,,,,,,,,,,,,,,,,,,,,,,144.77277601507708,3.692224034675618,1.1940277040213607
244,4.066666666666666,29.509598774101754,-3.1805361897083064,-2.568676093846682,-10.144284793652627,-2.1284299643974514,-1.7519281439702181,14.431027484213388,3.9991526911377497,-0.005206876280068572,23.69788569060545,-3.8849451753425153,0.022376638311308924,-10.935777427831333,8.408937030223713,-19.176386457203975,15.06640709350022,4.2015291222433175,-0.5543839426581179,-3.623823302329683,-14.453521661286091,34.7684219704173,-0.14526402848780007,3.736852906453699,163.08278740238393,11.180960601329925,2.7881467504176562e-08,78.00641598692513,-4.999999811776148,1.2868875374438221e-07,51.81527992481143,0.2967610166296679,9.798885599856144,3.246955522099536e-07,44.053328726596064,-88.2152603901314,1.2027516861177432e-05,-6.090092698244264,6.1673732568802775,-9.037624723931572,-13.148282394398226,-6.6586191034923266,11.416831761351643,146.26035091724208,3.3821519937084723,2.606175738838164
245,4.083333333333333,28.66496560318951,-2.3969177555797465,-4.937245335433573,-10.012293495026864,-3.1254770425901968,4.175310126677609,15.854895144717112,3.8103559402268945,0.001723276083157431,25.479985929242204,-2.538378395744326,-0.009167408487066958,-9.82827512033606,8.75065224670046,-17.184718332578008,11.611554098954832,5.228535692676174,-4.280016045128326,-5.836397657592478,-15.915293329589765,33.47018693494238,-2.7789165879608433,7.2718342171765995,173.8089141826747,13.908922770001938,-3.929549864510723e-08,75.75290430343102,-4.999999724326403,-2.8438408073338274e-08,-44.997309835762394,-2.207906027457388,8.130208269623648,-1.5358005119098833e-07,97.25474268880654,49.37188630161819,-8.3548604205524e-08,-6.08273763098367,7.689261821006398,-9.868877799034001,-17.12315037776126,-5.074592827649974,10.89103550469696,146.50170435710342,3.3282816641910165,3.4103949399388265
246,4.1,29.205282961119128,-1.2328985920934166,-5.895954579170531,-6.910063620226148,-4.0303510290921825,3.5790856940914906,17.903304329814496,3.0041701625527346,0.002923596657179024,31.022626018461015,-0.827944990026967,-0.06465944644393874,-8.097456959476373,9.720608373589256,-15.35868826507998,5.174218706392501,3.6144423600995883,-3.658523877234174,-5.518802527227721,-16.416554603342888,29.06073763680756,-2.6022404161926467,3.6318946612887912,158.63996961670784,15.459770608799767,0.03347404603033025,85.34506140756035,6.395357570548711,-4.656318729897617,43.222877763084774,2.1774204070254717,11.003718489403905,0.023693862316795388,4.792479825406851,-9.612296260425415,11.125422789975376,-7.395139767264086,7.563777633320965,-9.077502753786428,-16.94347802182205,-5.397696123531885,12.100305824128899,145.26158032576643,4.04751639713308,3.5843932488690124
247,4.116666666666666,28.148896463369628,-1.2001964625852168,-5.372831207416817,-3.4519880074009532,-3.9397764071687598,0.7200941281823018,18.18465882179667,2.590775533731746,-0.0022929368473041728,37.33163015825597,-1.4435288881946706,0.1452395019499628,-6.824277756979454,9.635880784795244,-15.65984097242258,-1.1228091395533335,0.3644520724933002,-2.7517041907351563,-3.3328092190945955,-15.260145203344813,31.25240164090817,6.4955602410631235,-4.114104326171397,156.35951030019788,13.010748213454828,-0.0009638009483007534,89.23612977455726,26.677332312497366,-6.31437867239072,64.74704592156507,4.673780675950867,10.99677776584128,0.0717848421164775,-1.621565959347643,7.956738118030553,3.384990936674895,-7.923666231303885,6.1163875278632664,-8.305442230727992,-14.85837876690161,-5.769116734634445,10.290543360491316,145.13840085005063,3.943346582517186,2.7453601601205913
248,4.133333333333334,26.573022963928086,-1.7248152618400556,-5.874774725955759,0.9117796078696855,-3.5308859590802824,1.2439018003725673,17.57853925462876,2.290384738824089,0.002184504656569729,44.38107368384098,-2.037544590514323,-0.15677139115987387,-5.72532549699207,8.198464605523993,-15.801408330773231,-4.104842682027058,2.06431038309568,-2.815584893870222,0.8737586056291454,-14.611529838775928,33.509790947225845,-5.0216221585860765,1.5445053003663376,194.3371214386686,10.485321059575142,0.004921403499980931,78.86443381583199,6.1392882762873215,-6.830124575148776,22.95482850654086,4.831418192508838,15.699599065949547,0.036201360618448024,-11.402183661483512,18.41293200138563,-2.235504863183925,-8.501605143361154,5.0407189782046995,-10.715134022178457,-12.932522955625059,-5.961800259464935,12.613819535309798,145.718391960938,3.7995402467182786,1.6793432159939314
249,4.15,26.036154958235553,-0.26627567307656375,-5.9056524694640835,1.5944895920894504,-2.857679759968169,3.3284408396455216,17.844017964442862,2.0172367377302445,-0.011893300858090174,47.40765428775993,-1.0607162630190399,0.0267741739207129,-5.243086056872789,7.871690155744941,-15.044803600709505,-5.546032796977756,2.5182736474933645,-3.9879817361138175,2.666722997974589,-17.46580074992399,22.606611665031412,-15.139028364808539,2.1428842920608187,205.67002921434255,11.068089357902092,0.04114570889702264,73.43449765280712,-11.6462408857891,3.7427080430238258,20.61554822701376,4.625897610537406,19.280509838304482,-0.00508422581081939,-35.54693529022264,23.516518810234228,-1.2000232824044943,-6.407728966128594,7.770252908306334,-0.18978900981470861,-15.224687679177924,-8.862336229093772,5.870839169560253,144.21626260448733,4.208207463754505,2.2787773473579915
250,4.166666666666667,24.496197891894315,-1.8086509045844523,-4.408190687483838,2.0537586675189856,0.2905160461532701,1.9177845492266663,17.760099256493536,3.1387758383097375,0.021562507171689876,47.75053551670323,-2.842028381653743,0.4766847217001851,-5.530297181626018,8.461973529908715,-14.466038855106463,-5.7244253918581895,-1.584378683755721,-5.538379138277244,1.9932117136575171,-19.121921773415412,12.632009093501551,-6.590980599347838,1.9849909984030754,183.38662961634236,11.572616680440241,0.005483720809859211,81.17785800348494,-2.529574496960075,-1.2393943458308654,55.14603741939121,6.2383442420185276,18.77845600431168,-0.09902970454525815,-24.469335405379134,19.294281942025872,-0.36520769201303077,-3.193265808006535,6.903843699133572,11.579549712221828,-15.946979442196843,-12.0881266474921,-4.009542904233632,142.7257709505588,3.7519519114941495,0.5591954285242244
251,4.183333333333334,24.14157009019997,-0.35473233213760264,-5.172385175296053,10.403068020036157,-3.290765747406072,6.597091251357416,17.018156687649263,3.128938895655682,-0.005692347315561972,54.364619380015895,2.389492912825509,-1.1666514916360964,-4.525433892264045,8.291741489332937,-14.430891666566279,-2.659777076838409,14.441072844144957,-21.327215768031554,3.1732495907179996,-17.1183874670205,20.77417137516686,-11.964289610615973,-0.36940110455820374,149.18269909616092,12.052498530461168,-0.0020517699086842404,83.54958402307052,10.63728670726623,-1.452859774687112,83.27394212258787,7.265779971220596,20.941990802153715,0.13476859936791807,-7.851235876777275,17.651998297826335,1.9177709698443306,-7.303577874970151,7.255633040364702,1.181461358778164,-13.885025210589566,-9.20417666498307,4.873221089676019,142.82007027280974,4.9506909851250365,1.7051480987192222
252,4.2,18.59962124845882,3.6052932563889204,-14.858366441361495,4.596905313510902,-5.132726034065676,38.92148956843689,16.31141866461526,1.7407954862658908,-0.07823174616559382,50.96719860084005,21.75018498154748,-0.018644954749988056,-2.1976469626846353,7.238055502862337,-14.119408855422398,-4.971102665490778,30.43296345712577,-46.035209401285904,3.8261556320041836,-16.211408053953217,24.346730953633212,-22.893306379143358,2.7895076691434157,132.8751178619669,12.995239121675716,0.030812887191100966,81.96404376744425,14.602773385262477,1.5599456192151846,97.1570167271363,5.038895236897238,18.869091690926297,-0.024224169038508634,-25.69756765721859,36.46183025313675,-4.04013874411386,-5.7101847966191945,11.188948222221377,-11.27201554154439,-13.689641196316712,-8.083514530428376,9.351191131326441,150.89813050540772,1.5377111130367997,6.823422510025749
253,4.216666666666667,-9.694600898880735,-6.938708556404832,-39.48286784301169,-30.84161241490433,-7.279578271277743,90.06340214127073,11.90625597463256,5.113872691034872,0.09302054695926784,28.12516760765203,36.19558437203026,-0.46025638968966287,-1.9464131270341778,6.131076129001637,-11.408033850455906,-42.0735506336205,-0.7125263126016005,-33.856658391547924,3.381975758008496,-17.973861428829547,13.832749340322243,-17.755490668747886,-0.5739729117281703,161.40316301697646,13.928790358715524,0.045098600487747276,89.2689666537598,21.351062522347856,0.5213379471053694,52.12137732736743,3.725744179235994,12.863020533319235,-0.7768738670388744,-59.37323115523188,39.33592776343086,-0.21779005295963313,16.2625189116583,6.379874315705683,-19.37144554510004,-15.738818466369938,-11.772782285773653,-4.702170360996814,174.47796741000732,-18.556864530286663,1.6020962754030035
254,4.233333333333333,-20.26051356310008,-11.224062233407913,-45.44066911897169,-52.300391762220166,-7.209735117804112,85.88194056033946,9.139854317763334,7.476890336221064,0.11174377501977979,19.54340551795732,23.388547353912802,0.3050108149957176,-1.9709838087252327,6.625725838298402,-10.833269415967461,-43.838337346161445,-36.31890985054156,-19.356424870016046,3.1563379136046317,-19.045100047759387,6.092061346960939,-15.390173547863375,-1.7648519578979847,205.75500627197525,16.04164684215176,-0.06216435429469887,104.00508566677469,10.720292069155985,-1.7742643064926837,-15.762177575635189,16.650916593044503,22.643397466260016,1.3148095700871083,-46.96543158045587,3.320923342806031,-2.4596625375830383,24.095166735432624,3.328786525606335,-15.501115420384172,-16.494270035952542,-13.24924797494352,-12.164329813294248,177.0861947307042,-24.387545972246606,-3.03062985432599
255,4.25,20.561996084564985,3.184087680711075,-16.83933931517573,-32.9081229359617,1.121685301835838,34.4017988753494,15.200504908770952,2.7012740069262016,0.0996487279546448,23.89149261598528,2.098548888341524,-0.42725466369345333,0.09278164060476354,7.805720698512014,-13.78127414386071,-14.304189076918052,-19.448139727404744,-27.953281491101485,3.5284959901804593,-18.477205669724476,11.458871901326209,-18.755870468985353,-3.40403636523608,191.31475786953754,17.604591480610626,0.029496622693680016,111.15087969729939,-1.651450816183885,0.9991035463658906,25.335370455332114,27.70663643902249,34.52829543776881,1.0898151229116713,-12.924951201725012,-2.1223493246101293,3.73272258337728,-5.882625438528538,11.177165885459289,5.333667839937908,-15.761621469294969,-11.001152206669243,-4.570181187293499,151.3706133150725,6.76363016935693,5.796278996798596
256,4.266666666666667,24.7660320063235,-5.433192668935197,-20.22620282681698,-25.176730637352616,8.977422791701073,60.4615008582652,16.583296309023517,3.078726343996479,0.10513633497311844,14.902421127851499,10.53113990108906,-0.6171128485736829,-1.4098283432979208,6.984297574632741,-10.848677053291542,-33.63981656213404,-24.48012381049026,-47.666264956198575,4.823074971956471,-16.97086363416837,28.371442880910088,-18.47242102082551,-2.903757731069138,136.7323310769784,16.46098110654937,-0.08603447186963631,99.56557224023501,1.5202856635007174,-2.1499089076412874,105.35586811791055,10.942650274922299,23.731334492083903,1.5048173340897402,-2.9207356682944465,7.230366345812276,-1.2291670691826935,-13.534833004758354,2.924568089664753,-9.374281039687366,-15.711811267542586,-7.670388890000496,6.0549047978429416,155.89879674313232,11.308234452778839,-1.358402111050437
257,4.283333333333333,-11.990240944975074,-24.537317270599484,-41.94935792293695,-49.051332365420784,13.470692270072771,133.59367991482824,10.875841830709073,8.183262898015732,0.1536024773708373,16.85038703758824,13.98377964177664,3.9192660607902527,-3.614394873290808,4.878366199241653,-7.279805689702202,-75.1912837372853,-8.110870159189748,-49.25247563151909,6.902328319052738,-16.152374006747188,40.04396896611662,-19.016465788720403,-0.08575986589024255,159.10682193445155,15.0724939512835,0.029290838714536457,88.28925136256751,-3.8349066602872552,-0.5671243034842831,72.96142184351201,-0.327832735162325,15.175053312796411,-0.703678219349684,-2.8732945855536713,-7.410104581159642,-1.0583758085800692,10.825224745897714,-13.935990026712467,-33.5824797533387,-16.871533449285963,-5.119060206118261,9.162367971801576,170.87430761150458,-14.579572821466165,-16.65765904610429
258,4.3,-2.5573413915674164,-16.343510175993437,-22.810355194519747,-48.01850533267056,15.356706112340285,136.74637748019452,11.796466205949242,6.579792732349282,0.05045515723498475,43.98060672100433,-17.666939887930084,4.516692460315487,-0.6032257969136593,4.541801720965216,-11.823966890981433,-67.47518966368948,47.02468069029261,-34.766359605947336,7.49879104367207,-16.631057622340244,38.86404850775334,-15.695330340867981,1.2131478988478204,185.46649596912468,15.486336390675675,0.010117950758151483,90.67234413661855,3.1890498463767556,-1.6658845054301197,47.85734995742714,4.719890408018055,19.848203901011225,0.1306888916898628,-0.4067983953298285,0.20574554622503285,0.2488099398299402,6.22638304257686,-7.37538158432707,-19.56851255930986,-16.389816724864016,-5.0149354221913995,8.98623007649079,159.10334669685773,-9.911154398824054,-10.807706793531588
259,4.316666666666666,10.495686091802273,-8.325980391521853,-12.231784102247952,-36.54529786578868,18.251649186519334,116.30290410306903,14.79424152871469,4.309208815959698,-0.03908269038393563,55.96526746136519,-34.66090551856262,-2.613152314344497,1.5813505425089778,5.249396772677207,-15.039580201998165,-39.68270918501371,66.96759911014391,-53.16470443094324,7.45483303684158,-17.063437421294147,34.11124158008153,0.10943154186039686,-4.1008653218084055,156.07556005544924,16.25551549540891,-0.0028937731322106267,99.15090521930458,30.918452387504612,1.4460805375104664,70.56406848548467,5.262040571323311,18.847462865696848,0.18715332153043865,-8.924365543537665,21.445255813935475,-0.24056810852203867,-2.462195640198771,-1.4897837576199857,-10.432746703044517,-15.535197834052992,-5.187625055485559,9.411536406062423,152.85474080381692,-0.6589262611671381,-5.50868810640466
260,4.333333333333333,1.4406376812743746,-18.48323322943765,-25.060670668924466,-35.43616657047555,15.535863442988003,129.61314567481725,14.562836454200246,6.261737343574754,0.003236033569108509,47.055167131029975,-35.12570576415914,0.35300724578057346,0.6627097645142873,5.599514765211363,-14.315705785390325,-50.337632443658,58.76746315858164,-44.65965242335018,8.816548649470947,-16.904679509744593,32.47024039696971,5.2265871239887804,-7.257922996188881,169.745024747442,16.750991029971182,-0.04366298496530489,110.20296182112688,27.90338282814575,-4.886416386819038,44.0981890741875,5.0748125970872575,14.925839902183657,-0.12999371364288403,-9.185646908587584,8.544972725255047,-1.511021196969082,3.91640345872818,-8.911543246894768,-23.926481865841005,-16.291373829051597,-3.8811157799172173,7.025586845579472,165.60083547497638,-7.146555004300852,-12.027744889959427
261,4.35,2.144729261915848,-17.486339281582595,-27.861830269863688,-34.1904867384198,12.803374537726038,169.95435023799777,14.60989907397431,6.351127032749983,-0.015583936305358682,49.61450592267281,-14.73290207833552,-0.09887650859817264,0.23297267364667612,5.869627933908478,-15.61735993036157,-51.697674604478614,55.133907594342865,-42.893084937329085,9.742609136932963,-16.72362453898843,31.98913830107989,-2.4735213817654547,-4.864863386753002,275.90635299683936,18.171515928734404,0.08684499400938711,109.88188241503057,-1.078298587222608,-1.2200933003187224,-55.91461620527265,7.481963416675027,16.1482784623382,0.021724861177364822,22.929485979121612,2.5898619364028046,2.829657598957927,2.380851821404115,-8.364382444737384,-29.43530981875359,-16.594917737438532,-2.9093019751489755,5.2872328734056095,170.3699685667355,-5.349491908432721,-10.942333271822934
262,4.366666666666666,8.10291198080985,-9.743230122330854,-19.852481706544427,-37.173976319145176,10.78629786592487,169.100329653907,13.57266488849826,4.023174133127203,-0.0192784618371085,34.948214292560706,11.436597207309044,-3.7022386731569425,0.37346364597641546,5.599731034843409,-14.76499035968321,-65.72953408067309,50.6959931483496,-49.79397147769731,9.520218402196589,-18.123573400987247,25.815698421264432,-5.1111078317565015,-5.693804105665972,344.5180589277053,18.572813706402112,0.06342953676984026,99.08903134898151,12.141972015941201,7.090998937874072,-173.82301961366883,6.684993136944526,15.946193629233608,-0.0032195428561464503,43.7185267688095,15.26983286561928,2.6374913461137943,-1.0170725669066092,-3.2085356312361,-13.63674140285992,-17.93274695770545,-3.908959057121176,2.9162999131198655,160.93586431007893,0.24499949061398782,-7.007346441354363
263,4.383333333333334,-0.39232713480272685,-17.96873149951018,-25.093890878407347,-41.12707049076653,18.777559888986058,90.85023910089265,12.786727961277828,4.4578855108827895,0.01833400809884587,7.71991311817563,-3.9594585632755877,-4.554093724120106,1.2623000310136792,5.7301360426239265,-13.245395827626393,-68.736604681713,22.737776545083687,-41.74154523360538,9.549581988138783,-18.90013883966587,22.493290853673045,-5.7139719310503905,-9.792696176763817,405.4693513833812,16.668787563881455,0.1821351369057507,95.91156208629573,13.076877411048875,-5.8270679807153964,-218.91245418713305,5.359721752916014,13.500476350252425,-0.041681402997326665,16.70510516394162,-4.946285880487942,3.0472937503969475,7.152745122089247,-10.493909808903254,-11.51319866796288,-19.866769116772584,-4.7987558036977545,-0.2893221461995073,162.74621763197405,-6.563887468675558,-14.737378423228487
264,4.4,-15.63940644356594,-31.438444654318335,-45.23469592883204,-34.934690720357885,21.08175087965678,84.53539022071321,14.447647325829374,8.126258693852662,-0.017768868434534967,19.23797891269919,-20.703441836532637,1.3229168157410276,2.3904585181870424,8.02625989639247,-20.558726902670724,-10.511682114235006,14.347292749020731,21.13211616192392,8.836578650526452,-17.580482902053703,28.341559149778234,-4.294384928125849,-7.234007428493894,498.6411074896146,17.546588630449936,-0.19202727704068953,92.996576168411,-1.4589752750548561,-4.161614558006237,-267.4929603174034,6.146014249799199,14.370551870125743,0.01787405800863516,-2.5768286055713308,-27.823343237115047,-4.2088592592499525,16.37381771397789,-21.08877564481473,-42.71996962457741,-18.335146069426187,-5.779724467119148,-1.0933453586870467,183.36241801901582,-17.54046415478296,-24.532415941708766
265,4.416666666666667,-16.958777527249254,-34.253708830614116,-60.04154831470211,-27.598832504416507,18.045318425647345,113.23026391618836,16.629648997574808,10.163817809039598,0.016138158570130005,40.155659665200176,-19.712992211960657,-0.5814850292267046,2.3752989041713657,8.775017611035931,-26.205640044837637,-8.099051312746932,39.01533563659036,41.76114078918082,10.431836435791185,-17.947195956167146,24.68712231020385,-11.048642905691098,-2.992160010663111,480.99678663122626,17.79837415880495,-0.020095120039266175,89.10674251514047,-7.494046296234609,0.731006327068487,-245.07646758063385,9.133957769791232,16.863498806485143,0.004665701763731934,1.3863806805053973,-25.137351061492662,-0.7313482690944099,15.510986897738636,-20.788960586655474,-60.56231576122241,-20.081374924691193,-8.877758067819002,-7.275598012325922,202.89491388929233,-16.683071368229125,-24.471028836337183
266,4.433333333333334,-11.443710945276148,-31.502811911197565,-65.59952339277513,-22.79217533328046,15.563997277860231,129.20183255763493,17.184002180763585,8.477059472732044,0.0075471590962536625,25.636267685475516,-24.724077077604417,-0.6856608391003373,0.8584775781622901,7.386336505908876,-18.16092994292164,-24.891551853436983,39.78775623219018,31.03225086098773,11.396721755091752,-20.759814077131793,11.32685555152601,-11.861186903641723,-1.9710647357029714,459.6583199144119,16.347878144434212,0.8522211640937486,91.83706407392121,1.717635884313581,2.0836692808977237,-210.02607205947587,9.785782373814003,17.307110100922976,-0.014325840949524334,-1.8253012622990867,-10.541221537655453,0.2766408315784585,11.128260475543112,-15.634379079784361,-47.56353047391544,-23.07390162118446,-10.587936838505085,-13.218621401224121,203.4001019310414,-11.44000999373515,-22.098392392182546
267,4.45,-12.69811459804414,-29.231223691824308,-58.224613592369415,-31.83546650819567,18.105909910266607,111.47955808352302,15.366435306186556,6.845262643635926,-0.0012974599489511333,6.574870964498456,-24.966924290628654,0.9205884782774293,0.6042917954147458,7.368432256430842,-12.00120041269882,-14.36594445648314,38.001246069607255,-16.64596576731756,-4.651580405102018,-21.066423019513863,4.298600156957233,-21.770153440287356,-9.176139387016574,466.00800289410444,30.59410665332814,-1.5237405333709917,101.50007716449547,16.053051548615784,1.3808780234631952,-223.90558461110433,8.471054025527808,16.833187912746997,-0.010206941926492658,9.176300745307628,-4.128294634650688,-4.054475437071707,7.322235179428562,-19.8460554271211,-33.79003425862805,-9.643707498803058,-8.773309418925495,-6.699086478544289,189.93487448199232,-12.965084852059553,-22.831307198412894
268,4.466666666666667,-7.30739102149253,-26.570853766123058,-48.220444732077,-29.63823895568399,20.947484373403398,89.10163370349976,14.369310018006129,7.567082346435991,-0.009992271806877359,1.0579111457777142,-22.860332591371503,-0.35794294097749624,2.724964540128092,7.188629726062121,-15.098790747518358,-16.901824798627793,6.80361555114017,-43.02182549885846,-18.009269092923446,-21.416809145794534,3.92836871120918,-38.53629167641413,-5.245172076387405,410.77892177942607,44.895231997052804,-0.48987948623996824,116.44598943197609,14.355614943955306,0.9513646062943465,-197.2579046509924,9.71696813670462,15.710448081802829,-0.05273454394957091,28.692481372389683,-20.372269131373685,-3.487935406562346,-4.048744532484901,-22.43560230792845,-32.26094689305341,2.2559348858379398,-9.16426268139048,0.5731992097858103,185.8239131443361,-8.330849361931616,-21.4393851725814
269,4.483333333333333,-1.304998684911198,-19.552970950506484,-57.4009778114203,-14.526229079122162,15.789956884240016,102.32574191019513,15.074202677210083,6.938928478365906,-0.027689965853366683,-4.698390568995563,-29.291286523111307,-0.012769061791908336,3.031796061273606,5.960699771114352,-13.62744597998616,-40.0058300455561,-13.965040844153602,-46.9808428056119,-5.066746631547463,-21.809899915308435,10.119083131488347,-26.546224568006103,-1.395042842017505,393.8102164096627,31.03552204327138,-1.1062427955056504,116.0894897117734,2.4533036598583013,-1.2977925226786216,-180.42041767792935,7.518402309625441,13.110923162202408,0.057707697173115795,32.61542342438062,-32.22213837386918,0.9140116598152401,-4.571360745103642,-12.275176101040175,-37.86056911661017,-7.596931446402772,-9.985043522864839,-6.9868261477516995,195.51811823334066,-2.355359596560498,-13.805727439511761
270,4.5,-9.096853266499274,-13.58803895020698,-63.484051813009195,-15.712621242000667,13.90401141900922,113.57506954922054,13.825229322526667,5.386717098625633,-0.012824385031969646,-3.5489055578693165,-30.664854509888954,-0.08683081752450889,1.3502976768674977,6.370809211745915,-10.007853164695232,-40.35878430138893,-5.95216736587767,-47.7763410549536,5.972046509245577,-23.390628671662157,7.0026151422007255,-14.821607110482843,-2.863314798617752,423.1206293418238,16.50523196817128,0.41338146307533713,110.52046139271434,-2.1210797356903246,0.5411588564947795,-213.70959413154173,3.5718767029885963,12.937063902182235,-0.02186479833089378,32.86200609075796,-33.71805040305133,1.0145307917878348,7.210593849699172,-3.290135041148336,-31.49613709193003,-17.201463075698157,-14.283383962707015,-13.899138317085585,196.0762102464896,-9.507738855651693,-9.780008023794998
271,4.516666666666667,-14.515478309206705,-15.709891424460471,-56.855139695109365,-24.223042398431126,18.891431689617974,100.98255959038941,12.35466914690207,6.977191639291909,-0.00310507770492203,-0.6067005624630812,-22.485422054182685,-0.06820847798563667,1.799969727298883,7.1917203912979355,-13.768014321143083,-17.904017081697972,-1.6532943421211312,-36.315687828320115,3.602241862961446,-24.332794537264505,1.862329477498511,-15.076545258346473,-2.2357764258163915,402.3275156661187,19.112484914657536,2.0803434756020107,106.86947504009113,-4.133152681436747,3.062178781395073,-173.5420935338375,5.4928068911441175,15.423007288542633,-0.13694192068044733,20.273171550425374,-29.039768588959745,-0.2687148876236727,11.469974196632787,-6.675356910971202,-27.694718383632775,-18.034538084067247,-14.358077112630147,-11.249324146389926,191.9258674721288,-13.343905679013979,-13.59294226071485
272,4.533333333333333,-24.36207788406451,-21.903514881753246,-60.85855519911019,-34.30676864389524,22.464462653334834,94.00940960184623,14.796152745601168,7.6497046945227725,0.01723492721484516,-5.635840329359929,-16.23914822939986,0.6239446982082448,2.801267646226104,7.732332139098556,-12.763688252192495,0.13372595248774205,8.567785979299016,-26.619172986267316,1.8625769063779567,-26.22847795467657,46.127219005594085,-19.968828075982117,-1.2693524245605832,360.8843724050017,15.451633058868515,-6.356399526935124,62.46180942829941,-0.09295265885005471,-1.732984683197712,-52.865718827227155,4.995400161863644,8.902544191899862,0.3380780905255634,-1.8575539105398202,-5.355823975464042,0.11630641999719572,17.83179145676138,-13.035210515990324,-32.34774907998955,-5.091241777164682,-15.911711202123309,-24.203915207433056,192.45848969185224,-22.26000155642255,-18.0375568535803
273,4.55,-54.54041394775663,-26.068880334416107,-68.39331533626473,-61.27722358450415,22.983209088077725,87.31078479912817,20.575100503086773,5.481238500264204,0.010329583753528718,-0.4241807482771133,-9.945673312108118,-0.8697921997410977,4.146836938454936,10.36497208114438,-7.59025579701737,12.764238749607495,6.112565716195691,-26.076614859732253,2.545932069786951,-26.164995301727703,95.60834390023511,-21.195094919308353,-4.315867858883835,377.8996235258056,3.1482478984470013,-8.484258986990605,15.701653036935568,10.277631873312712,1.138243005640642,-54.326146119865086,0.8008121252364395,-0.6748927367902132,0.2805509488043692,-2.010529921153225,-2.4042007937525796,-1.230320420602643,47.45403105106568,-15.919769476956443,-30.405975279896325,3.430393382194936,-17.243443627651715,-40.98943652980815,177.18858614077132,-50.29925609840197,-31.4912887076264
274,4.566666666666666,-39.124521068084334,-27.564424840526218,-67.60894376028854,-39.04933099289262,39.60109956022206,65.39386888646416,23.392524405418328,4.443509637663478,-0.009122018911930516,7.300275067460039,4.574777759829505,-0.06756940091180144,6.9653204832821505,12.833566032664216,-13.606220839546703,25.564634870594624,-5.9188905390799995,12.435212466594988,26.092621648498103,-28.403699020923263,101.69435811714746,-4.818939972676443,-4.735818388915377,419.91021301740045,8.757919921698079,-4.288231090805501,17.270713929605517,8.159494153929252,-3.629310573382253,-155.624972260689,2.666982298644615,5.215511719960298,0.15778366610398992,9.843429027944708,-27.675630094559704,-2.262195666109199,42.06950264043385,-10.669887298177825,-43.706378204690765,-21.48257177816784,-12.065075373783358,-18.2753743504973,190.2128831162437,-38.099062877141236,-25.443905682876682
275,4.583333333333333,84.03593135316146,-30.144081669857474,-78.4097089857205,84.13706515097498,23.42176842106436,51.405965305367076,20.495803097993488,3.9373869323433635,-0.05663623178548361,-2.774064129887764,14.575388501682239,0.7384706689293755,6.3938441057283,10.933172053759877,-18.2213227622579,34.1047654522398,-2.5240543930571033,41.77188904913258,37.13018171728151,-22.794006097012474,119.37166544747748,-8.085275450407924,-4.252288982973468,407.9623718676389,15.309877706076508,-2.0622320881651746,17.51450307347601,5.317655573091136,2.5832140486283826,-207.38466913357536,5.603286529883745,11.673819518494607,-0.08237927275581486,9.235526211034932,-23.57938634631592,0.030116161902064544,-80.45620779494472,-23.458859133754228,-75.2396510276163,-19.599343511891284,-1.8646523608350574,6.817204595460825,291.29125257939916,60.04101870117159,-72.16973217921706
276,4.6,118.1271825333405,-36.21845396457698,-73.78085335117223,122.17833088773558,31.590723406875185,71.60051522283274,19.0545590964296,5.109846343460367,0.04619687258243511,-1.279255014523056,16.29646379012094,-0.8576903377164792,5.079228894874007,6.946279395313769,-14.486249945430046,45.532188395521274,-14.642817522200463,32.40420669539415,-7.247137632672611,-28.704525942827907,57.91064517855749,-36.82807152385686,1.0710682998830217,394.40943159313707,17.26588183048614,-1.3422365294390302,61.997490602370554,7.8418903572465055,1.556700102532098,-265.0012064772805,3.500329599177779,12.184689103060146,-0.07654008596273397,-5.603939513967048,-7.779967257876558,2.2193687400721283,-133.4165485133195,-46.214219281864274,-59.91353837630444,9.458411827894304,-10.939060426303577,2.829260335918039,350.3715541132958,49.172128266652685,-125.90187340970934
277,4.616666666666666,80.50353604700953,-12.451887641319585,-47.85052682383177,85.9073646586034,22.111552191349297,59.969861959095645,15.17098656671387,6.493661748772075,0.10564726300417361,18.865662271129505,18.749107026707218,-0.6152429823153369,12.466090415205548,6.806992478607004,-25.631337702284096,55.80758157637306,-36.46568551950606,30.038135336059437,-11.355501682772033,-20.15766737223878,12.986729660141556,-39.171345536352966,-0.4759193529169339,405.627297524628,10.822216306117973,-0.17622299925416307,85.03349162278577,7.354469675719535,-0.726151855772449,-281.5507818384964,2.750712001782205,25.759223783724227,0.21497255132788223,-16.44670245689581,-13.891859264671599,1.272770736424134,-99.28113337715901,-20.357285911974905,-33.28058611345084,13.056778750936193,-16.56754113790974,-9.724613417515963,241.1902349121229,71.72866510142069,-46.045523305988056
278,4.633333333333334,0.2359582278387352,-2.684146390016096,21.110376264871423,22.23032415201395,15.935636585128142,15.482528943695593,1.415728428363882,4.189752857515663,-0.13955579897022072,26.55814817643743,18.590046942173696,0.43346102373439716,19.02478946645194,3.8404314655195857,-47.26383787777165,51.35386921673845,-36.25227588613711,26.941289816826828,-3.0067175891890887,-24.80193720649845,20.921938864195365,-23.465095409801958,-2.517290324860232,398.4813778588977,17.438460236167963,-3.4416356808694744,77.21948887950379,12.076540331994282,0.5090537944298797,-268.5282752028819,3.567087755285494,29.65466443983922,0.5906000308950052,-16.59924802958029,-37.422011274905365,1.044621011712211,-20.434208354052966,1.0430834196587215,11.278237889934376,8.210546163532126,-20.505738088586476,-17.06943478248516,153.3571135508199,11.787159340919807,-7.396205239612371
279,4.65,-14.804441951462804,-4.824730405617913,29.140075035992012,23.26892483830144,-1.0198082962334578,5.709074470622025,-7.252777267595502,6.70059795408045,-0.05854933316467001,35.54377741993068,21.099767476977345,-0.6965698916158889,12.929243478298108,2.142863599609992,-36.83939444770759,38.65556244061894,-22.60612838718752,17.993319222432,-25.064973136550346,-24.278665777912206,8.010808555561356,-16.734555054637966,-4.9704571361057654,389.5322311587712,42.092443044559865,-3.586587077116005,64.63657600167556,15.572617887382767,-0.03495845135673577,-283.30321221588224,1.4616703216129414,15.665748948027908,0.41998005081555323,-24.598712159157163,-57.28769210116096,1.501336180812619,-3.2366150498044917,4.757498508970402,22.478350485818105,0.1056243168169043,-15.72120853196751,-10.981061849953011,133.87120052632864,2.6759772211856014,-0.19135748658981427
280,4.666666666666667,-13.8756534539329,-3.656528707049583,11.691930526336746,31.776669349966447,-25.29969935989692,0.9483022040499344,-2.3170010616595924,11.156941237652784,0.27596133177283755,50.0407028301947,30.155658105335508,0.3544739793471895,10.316357019886851,10.744215725143192,-1.5819046095579148,33.2482191366187,-15.963472039727089,17.294741858343777,-10.336973796406788,-17.73836194367153,15.542474639573259,-1.3785917288992773,-10.113294563573684,375.6641250746644,43.644252537853276,-4.953212318902896,10.361620044483589,18.06515232537496,-0.9975370687774164,-286.8348703704062,-0.6659067925982538,18.914458414365125,-0.14311674706639826,-26.47555116538509,-39.43436081822237,1.9533389668624586,7.257844385992439,3.633681035469804,17.793014695764537,-27.345724119148436,3.5671667088347996,8.472921953702773,117.15018505331601,2.9796143778531587,12.075877061416206
281,4.683333333333334,-21.829719063662406,-9.019152950672417,11.40095049705321,14.476155260572924,-20.61968668049752,-11.727611602059918,2.8587284796799564,6.61193603324427,0.3145756403586253,37.53375798348906,29.80592169917919,-0.005783443925278188,13.647032422428659,21.98406725177086,7.008018548132867,24.749521659031103,-9.259451516129168,3.5992694196433623,11.598544188002025,-8.42519489916057,34.83451086714341,5.423890529002206,-13.123119838722769,344.74772353398225,30.153895038466725,3.2282897294161645,11.08360329571823,19.138869073662548,2.4515013306705598,-240.85606985723896,-0.8810604506962006,20.9507006144743,0.0187672778076516,-24.382990413975225,-11.938186672883706,-1.5062075463867162,17.14356120911429,-9.682947391836686,12.835004248819619,-39.77298158646077,28.406820221318906,9.754219164776696,105.45398097503124,-4.637793992726551,6.142513514411928
282,4.7,-17.124715124645157,-12.95564692103078,1.2910290350232903,8.685906067041879,6.34642167185071,8.28616275018057,7.0373608265628365,3.035558416706015,-0.09385871651383135,15.395301729939561,13.455958315368013,0.07272329518390959,13.825272056968847,15.115125270952865,-3.9629357214680137,13.775799709908624,3.469528986587851,-14.613698684539216,8.922212926613298,-9.198485435920135,30.644585163629785,-2.8934303729476047,-5.179781766645157,398.17228591239507,18.502952051650244,0.7298251996860755,84.41376112156507,10.28153684358637,-3.059101886288312,-253.9136900941093,-0.048343672812351766,10.751835289851769,0.0043985291654907825,-52.965346334084465,22.252511825580417,1.1743177846329036,10.012659065757992,-12.169743345471247,-0.5433406904701396,-28.401290810477356,25.25433498756548,1.9410293838764248,123.07947662146577,-2.6540981264920678,-6.075633039664545
283,4.716666666666667,-3.5668961902971135,-12.913788978044638,-32.85854781833717,6.410224150841521,29.555403843762402,47.584944223983946,16.400329794671507,3.0277289228020265,0.12081617984141778,21.678642570374755,5.735321666057013,-0.6895665441829444,10.896448494364583,6.030630326672842,-9.736854704069339,14.168090835656393,-3.882399540493013,-10.50597101284033,5.822160631266974,-13.031498926505437,22.278204201259545,-1.1369305768081113,-0.9710032904107609,517.7375680695665,14.451933366440828,-1.378403484186118,98.53422934669977,1.2163438523874455,-0.09986246182509699,-314.95014492210197,-0.24152691437500964,10.791810410715646,-0.021891378305736727,-60.379143446551446,38.324894687436895,3.84283900137776,2.566029878692863,-12.143772296515149,-30.42019927664552,-20.026717906235632,7.299784355561844,1.9626162481828,163.63305613389207,-0.13310902432309635,-13.286558606883805
284,4.733333333333333,7.175345219622162,-7.1724648979502375,-49.3215678555667,17.447565669352556,32.01520655808911,64.98060810884948,21.472228114110674,-0.5615564787868454,-0.017334870859838186,39.22121790886744,20.09719223002082,-1.0328757343933646,12.072002492030334,4.728064750451726,-9.037877234183902,25.423140489722726,-23.869751680550053,-0.14247889447682138,6.250232258843993,-16.353850333411792,12.493704572819684,6.208643740674392,0.7798021668579245,473.9671460897152,12.122872207077172,0.04814128245055777,82.71532513552035,9.984003549427149,-4.949738489539684,-257.9263134060894,-1.8127051830608052,13.500477801444225,0.03426192349743305,-8.275697930854829,10.351840242911152,-10.107619788696631,-3.1287822726480523,-5.416355096155581,-38.9285130824936,-30.68588344046985,2.95426956238992,-6.732827355685014,181.88309123771973,4.831247405760319,-10.557928057045697
285,4.75,12.163363072413024,-1.6829305681782885,-41.780315888092844,29.542164730154926,24.638545531174472,60.10880097577957,21.13146446346961,-4.19033552739526,-0.036156816366054674,40.88343356742202,31.252049248142438,0.8234225584116461,11.807574426715627,9.153627033795614,-5.088274930784123,27.231069530899727,-31.294595672781984,-1.5752426492048475,6.807373949089892,-13.572280825022554,22.12110669838884,10.311448664720714,-7.510469311305746,428.0992147396582,13.012075701589458,4.313579323970298e-07,82.69090912065307,8.441862671156724,4.1273320212665956e-08,-214.76985223394115,-3.8465828328929343,9.864804413385379,-5.359908013376105e-07,29.537678771986545,-36.381097263810716,-1.4461459253424978e-07,-8.536935305751342,-3.3937517914112667,-37.63999432371109,-39.79726517409638,20.66414846207301,7.437446245523836,169.672842924789,11.301833407302995,-6.071146214182159
286,4.766666666666667,7.93855955447724,2.871142787850123,-25.010997759423574,27.116088455777913,11.87163293729317,38.86516975668832,22.13022401744736,-4.83315402466825,0.06599700074904029,42.664811318788686,30.359981188639495,-0.125311374006524,9.675152411017605,20.268740561253598,-5.783471079243771,26.922601702315472,-25.678952719864466,8.195219657735398,3.114461925591994,-20.295754175806994,-5.04145931358689,1.0200123607687717,3.913011369225538,383.79675376897865,12.167042511894884,-9.656036790735978e-09,77.98811793640218,24.043532292535296,1.4008501194575288e-07,-182.01245598202007,-1.976925064350016,14.144524793072849,-2.5876808237309447e-07,13.323129715912206,4.169050333518427,-4.037006566263789e-07,-1.4391566100372932,5.703594883485347,10.137507324496323,-39.2512259881502,-3.9765296873519085,-31.16844238818348,146.51973231914798,8.871420558746895,0.021898511327341264
287,4.783333333333333,-3.514649863950743,7.903878733050371,-7.485195176974821,19.150498343305905,-3.989993850996606,11.985863734167216,21.991197094478828,-2.9539768198799163,0.008679747340944953,54.145812450143985,29.645733060552658,-0.17901676001212571,7.807156255900034,18.913285456474043,-7.404300360892788,28.34783023461416,-18.614223629244634,24.968131355002257,,,,,,,,,,,,,,,,,,,,,,,,,128.16622819603796,0.0010915023373162646,6.9982165673861765
288,4.8,-8.977503155710165,10.77374847386909,7.153471333318797,16.26663106086723,-18.00248464898689,-3.27827676442294,22.298129249278308,1.0618482185813072,0.005803539276021876,63.71620733425596,30.20211376819174,0.14760620925629686,10.554423041616685,14.896949223870413,-11.35220838058222,28.316815358106854,-15.573025803282876,28.58038383955659,,,,,,,,,,,,,,,,,,,,,,,,,117.72598312287704,-3.7046392345052315,13.024942836557868
289,4.816666666666666,-4.646164928633479,16.70913267580321,17.38535523097058,19.67022846452105,-31.875930122455316,-10.790045682428685,25.2033263508746,8.120534507270829,-0.0070350647550636875,72.42855463738823,30.087763698958742,-0.01939473483853493,20.858331916532503,22.85068184577221,-31.668460176143157,33.274156549781935,-14.91727994043079,28.9716564924697,,,,,,,,,,,,,,,,,,,,,,,,,109.10505544219042,-1.1558158501713582,20.243014243212833
290,4.833333333333333,-0.18055907380720743,21.606637249932557,15.749302274919621,20.286241895549825,-40.1197578961736,-16.977095903686525,27.084578702767807,14.537089817497336,-0.10609331584009649,78.32306962511318,30.00051538442482,-0.03722419049400523,20.414018554585674,15.741185399464607,-47.09596997631847,37.20714441747547,-14.560521056693473,31.13106994417374,,,,,,,,,,,,,,,,,,,,,,,,,102.52828726300177,-0.22907791416468284,24.85666597609676
291,4.85,5.136033250796088,21.705253178467252,7.54495970428033,22.700115880458398,-37.53881759170143,-16.094596790230725,30.78566323535382,11.70933762705943,0.14994126489537096,78.06253459934456,29.810817612948398,-0.05130701385349705,6.714338414155943,7.312335958291571,-41.26970679597864,32.982688580512665,-12.547658340476085,26.879655723730668,,,,,,,,,,,,,,,,,,,,,,,,,102.46626377132297,1.4466560148953214,23.23725731207037
292,4.866666666666666,15.801626533625615,23.870652333213496,-0.40155513287239436,31.64293328768521,-32.355321586958254,-9.490592299377585,37.16987739240558,1.7249885087845647,0.17705866391333852,76.41594303414333,30.668955685545118,0.256564112660957,3.1373407113419636,14.711703083476436,-35.15166722473873,31.565091445055316,-11.608684117488433,19.708120192554592,,,,,,,,,,,,,,,,,,,,,,,,,104.50253003112688,6.886943212946904,20.410114342521844
293,4.883333333333334,21.855967648656865,23.57747899904402,-10.541101478710313,32.06620783161355,-24.885608198395484,-9.266341662782395,39.64309272702578,-6.959170214191478,-0.21296463997790774,71.14301864485887,30.41965908631994,-0.3660055165622324,11.45777742153482,19.630653105021405,-43.08936551397486,34.00627149867607,-15.787781714223135,16.566547267257675,,,,,,,,,,,,,,,,,,,,,,,,,104.91924387844635,7.75835666944922,14.445223678300856
294,4.9,24.815634534694354,14.793736743000407,-9.33120312952716,30.56699991722711,-9.366729566318009,-8.521460201230274,43.185184101820916,-12.324659307712619,-0.031149329848560427,61.397994024400695,30.168587741604494,-0.0491814113365724,9.416951108433494,14.263222869155975,-43.549459121597145,33.44448019953299,-23.962490422559473,12.085834309338592,,,,,,,,,,,,,,,,,,,,,,,,,107.41222533917306,8.694422690914271,0.28427710876355067
295,4.916666666666667,33.52896821705499,7.183943313784458,3.616397293037852,34.1122034076566,5.274038335942796,-9.390455547167097,49.30875329144773,-17.495666804868108,0.03511242065279458,49.24544591245234,32.4924560388908,1.0543926654454068,-0.9577009763312476,11.497306538102137,-40.41440325203985,28.526962082978372,-32.42992703892771,3.76813290982359,,,,,,,,,,,,,,,,,,,,,,,,,104.8889857505899,13.84818771653888,-16.859281960825456
296,4.933333333333334,30.297891158411343,2.8634327454640505,9.684121950299655,28.37805750743747,18.17104268606174,-21.290011943622837,47.43666340748995,-24.73581351800163,-0.12435884700791446,30.336105999111773,23.584036148178075,-1.4531347940727322,-0.3104653607214356,14.492588888596146,-45.28330134714465,15.306004315980553,-32.80968393743632,-3.707975309486162,,,,,,,,,,,,,,,,,,,,,,,,,87.46354651792306,13.151670823244121,-30.24530825300731
297,4.95,24.656826536586316,-0.44071173649412515,16.706688052914327,21.549999024865176,31.21676136863706,-10.827498235647166,47.039825741009864,-23.947328548839103,-0.22454599246203513,19.053663639040188,6.83478491910895,-0.6758318905618258,0.28563881232867333,8.8330080309708,-34.72702453722392,0.5624581239441988,-27.413216376708935,-18.352553401555795,,,,,,,,,,,,,,,,,,,,,,,,,84.38118457150641,8.426939542129023,-32.04158500518444
298,4.966666666666667,22.293800598594057,4.802015960049524,29.509540241813408,17.788974373982164,28.825361367537294,19.087779880576274,48.45553158552709,-13.618678562018955,0.2734253687447525,20.1872586795568,1.641384781542831,-0.12737607478786286,-4.6189853751730805,4.37685188166286,-22.198871933006735,-3.244397296480086,-25.88827218460874,-39.91894570513041,,,,,,,,,,,,,,,,,,,,,,,,,94.57050220860393,6.025738065016834,-18.557836417218443
299,4.983333333333333,6.574596513077882,7.430156011765968,21.72255718946896,7.598596900397719,18.544138361426878,14.367895395810368,34.87403248961768,-12.590069417854709,-0.44306239436507266,18.246041954409506,-5.002831461088402,-0.47797198669955626,-7.643076879181333,23.73590068865353,-18.073268277439638,-2.2926099617384104,-24.28572837630487,-47.65257555048807,,,,,,,,,,,,,,,,,,,,,,,,,79.01399451024129,-0.9727240191730434,-7.827165687442591
300,5.0,-2.728365166452281,3.611065161884958,-13.829914455439122,-3.0324469026035845,14.655740320350178,3.383592579012719,22.566087218044284,-18.09168825598991,-0.06323041689614205,15.080596718120496,-17.615422384729374,0.26328337454830475,-16.562600171451038,31.3189431617176,14.380535828058619,-7.747943505661765,-16.55883966793179,-44.69391387005859,,,,,,,,,,,,,,,,,,,,,,,,,63.35006703329599,-7.048772199875189,-3.658744449891797
301,5.016666666666667,-1.4082326182742217,-4.810053887707798,-44.128550080192475,-1.3260150563945385,12.964990124380927,8.372200280786187,21.61004751709789,-18.041773464153074,-0.04650209720682639,16.859009589011272,-22.283058098214706,0.06717078596237867,-19.229889094101786,16.987696347305004,40.53331401588517,-17.005094266973522,-15.18422904809242,-44.579838588331405,,,,,,,,,,,,,,,,,,,,,,,,,66.82022674362993,-5.672746486466115,1.5725386405691468
302,5.033333333333333,-2.825348938034925,-3.4663023428322655,-46.35303961695902,-1.1821482242825558,15.290531412362455,8.145545862237466,12.473670287240834,-23.74786983566192,-0.48384967229214987,17.754090410572083,-22.48945325147413,-0.12040931941447659,-30.145007887264033,24.88856212276098,38.075026378561795,-18.859995423600548,-15.447324349221187,-45.34827798470881,,,,,,,,,,,,,,,,,,,,,,,,,66.07826869888768,-6.190063938680555,0.9831166189623096
303,5.05,-5.542413510939643,1.87166280656006,-37.41624389619987,-4.036906791158364,13.051504879107931,8.387602995213866,6.214393262976552,-27.424610264303848,0.44694074971321374,17.845645039434956,-20.342938675397615,0.05220631475915711,-36.90109476236303,38.88656590036471,29.328408737375348,-14.605639187609798,-11.40395138262073,-44.68189061238049,,,,,,,,,,,,,,,,,,,,,,,,,61.12900210368269,-7.861745643915304,0.6180622455544462
304,5.066666666666666,-3.7970027388027066,-5.732880016364553,-35.246957829946304,-3.7282043391375157,6.567549681905696,12.920488800979717,20.171973490993206,-11.594269324797024,-0.8926573157867888,17.150628353291243,-10.83836420724869,0.07519096899788986,-28.799331045645996,30.239201945509567,21.87441240526099,-12.821984990238175,-23.42796681515342,-44.996502215969194,,,,,,,,,,,,,,,,,,,,,,,,,60.948749710478786,-6.965686930931843,2.311826112105084
305,5.083333333333333,-0.08518672570249126,-17.40674819960931,-30.698319695405672,-2.2282733997044484,5.126804581306794,12.380319521653064,33.895603542799414,7.109819242303397,0.37302877187176503,14.40321541123986,-0.3869954172956334,-0.026056006965159702,-17.35880969805453,21.58525138970859,11.785505294923114,-14.519359973237533,-42.62891659694783,-45.52620769007141,,,,,,,,,,,,,,,,,,,,,,,,,59.6457970112014,-5.04479236850242,0.38757497902818466
306,5.1,2.678951555362742,-15.652993412224005,-24.68742875971433,-1.0013745148713908,4.020921812719614,8.508927471042437,32.240039277393905,8.704738465663993,0.029631435288906133,11.263063597742523,4.1733417538030615,-0.08927893216995833,1.1962235272141786,15.683653515584664,-6.728016764718803,-15.270795677917794,-43.00347119307413,-43.477164101226805,,,,,,,,,,,,,,,,,,,,,,,,,55.66647632011702,-2.765328095766952,-0.7745844459795423
307,5.116666666666666,3.710150904273992,-8.40058796824142,-21.854463511592638,-1.131876863123545,3.658035461814662,6.589044721464778,24.393130838291068,-0.07985631418099091,0.11826243459847713,11.736265150393075,2.1578465829794777,0.13198123489888067,0.8973357720514711,24.05173882132528,-12.459057544220043,-8.903856124363573,-38.25118640028237,-41.88042540751745,,,,,,,,,,,,,,,,,,,,,,,,,48.77238022424645,-3.045915531623271,1.9613720076046595
308,5.133333333333334,3.42169494177238,-11.931010187335504,-8.42036036700908,-5.885799629681527,10.868617189043546,-0.48791554630376344,26.154296023895828,1.6187878909442683,-0.3654543073207105,15.545038629524825,-6.24357602059007,0.06667057442961985,-16.136821609998755,30.78794491926794,-2.67405066663208,-1.6638102489541522,-31.000782603511286,-43.81437220838931,,,,,,,,,,,,,,,,,,,,,,,,,37.04382365100999,-10.570656806183123,1.265715595750124
309,5.15,2.890524244837502,-23.845487402246516,5.362218852031738,-11.955844671622653,20.072950088838308,-13.475980474001405,36.09852905480418,16.21596329644299,-0.22283828343192716,15.181721256741614,-11.648370560688925,-0.143064510789526,-10.860316432151066,-11.335645734771132,1.2327015386584188,-9.743936019473844,-21.7838138330902,-46.476337983220375,,,,,,,,,,,,,,,,,,,,,,,,,28.53358426361774,-18.597804233098827,-6.156828953047047
310,5.166666666666667,1.3649626466215707,-26.30717591125672,-4.860490651583707,-12.933730968896784,20.009457618263056,-13.573452010999905,35.91507849337579,15.5486743332861,0.1814157012426136,10.305612050556011,-7.451020330301972,0.11316903172346063,-8.383712426460075,-31.714864261442177,13.681331334195466,-17.407249848489748,-21.256614143900833,-46.10874015305398,7.96881584089073,-29.222199582793284,6.79668297836468,-16.650968503031358,-19.312123333462985,403.2303360557762,21.51158417654973,-9.417330818560277e-07,117.62383582571229,63.14655836390672,2.1743246324439002e-07,-275.2158238466005,9.622085640168544,0.575022254289749,-7.95026074754462e-07,-9.29295039830269,27.929129168613567,-1.5232840770597666e-07,17.76485050311387,-0.37732942088809357,6.861905018290454,-26.41587912996239,-4.147933144726093,-23.188843710731735,28.069142105195542,-17.195171696635036,-9.17860892308997
311,5.183333333333334,4.792882187583442,-13.978763367890132,-8.180982779724804,-8.29873706408222,11.048357069592996,-8.249671304836724,22.015938927103793,-2.2287044610550044,-0.3123793977213799,6.667965071506663,0.11852708783461298,0.0026284379643864188,-40.93825647527948,23.360417918573297,19.86097288934151,-6.029832386261723,-6.2120665550924725,-40.726319819288626,4.62476407358331,-27.10077487347179,9.123946115592146,-15.005487304065309,-17.431072538020505,382.0162640640726,17.919024711439285,1.3694809701896278e-06,77.61919865604787,7.952021435819498,8.645307274619589e-07,-359.90349202241845,-15.758124783887984,-15.157540803288896,-6.474567365843299e-07,7.334221352485243,-0.7849045640591255,3.826728105581087e-07,6.323212064510898,3.4180662867058245,10.813313958243294,-23.15248549717453,-12.141598761069488,-14.798391115873752,25.778499236937662,-8.613389319186131,-4.681499387104461
312,5.2,6.048407509350861,-6.350801667192677,9.542690591113697,-6.655085635876358,4.441020009801953,-20.488380689745902,14.2676220237016,-4.74836697383428,-0.036942024881039794,5.013644964503451,7.737751471059119,-0.08424369291028048,-56.642450180139726,54.526922246511276,23.32061983573079,-1.2021773752769516,-3.8445207103766466,-34.88478674165497,5.6167352873939524,-27.744014315879216,21.964676587934022,-5.824280192350024,-12.632496767161697,416.32012130513687,17.596395560142955,-1.1117236733579552,75.81941694926043,-1.7011520966940052,-2.635773204895943,-320.120834599412,2.6475225085199288,-2.650449665892958,0.5278306169113748,-12.484464469268785,2.430740370080044,-0.5939173121029742,-2.7979090280428736,2.6044580607659835,11.045354401752611,-14.101703942826076,-2.1655237312653965,-26.17892270152606,21.84489803064397,-4.054085876452194,-1.5748887749157048
313,5.216666666666667,5.075767650703683,-13.875578329219683,5.242079303610095,-7.7437359491142,9.512785222163131,-33.307264147244766,20.199400516908934,5.069262247459594,-0.345991809691121,5.810175274489784,6.579438735810628,0.2063844596916861,-35.42908257534376,30.551285521610282,12.659109640621129,1.789540519212426,-41.73230970131712,-25.03763276627322,5.330857039441216,-27.047678253173565,5.469206615759529,-6.905995820006514,-0.6542120285430342,383.52941531353645,22.193771577843332,-0.368429385008357,88.5313198945545,-2.8992449316078703,12.152244377476448,-405.5036434111843,5.522429262661356,1.1882252662993007,-0.30257673009993924,9.503774464460315,-14.331473911264917,-1.7046867031147368,-0.801681838555543,0.11158049048086285,5.8651968443750295,-15.203702850638233,1.449949638526581,-18.499239005353115,22.308603101649556,-6.690855476711154,-3.793710962025713
314,5.233333333333333,4.095171187386205,-17.04827319630872,-14.414076902061819,-5.8134511281001,14.251793196843124,-27.69788199560152,23.16544667361168,2.862915517855445,0.12610086220915012,8.526915232930834,-1.0988304427126907,0.22359421635052343,-28.616483085954705,3.8950462255393696,27.45033040499337,21.616711088982438,-50.41263161359346,-15.067737689399411,9.124155602324787,-26.360287262412673,3.536758215514702,-0.1990394775274856,12.923187118378328,255.71373867044997,20.419844725791105,-0.6608702767860303,81.80398054688115,20.70698057265413,-3.7438976001401842,-544.1391693586012,1.711214834329627,-2.634502397414854,-0.13264556003699424,26.612778861658096,-17.688540492251544,0.19161663448543198,0.3834118733783275,-0.10657482162079149,0.8907845752802345,-17.163643970596222,5.495963455006863,-10.926503869285808,20.852902870237248,-8.345166056092896,-4.598430623613366
315,5.25,6.443089368029636,-9.350469488647215,-10.615636504659381,-4.20150584899162,6.862535164983098,-24.49338686388694,15.777706337259866,-6.272202918671398,0.03525282021099754,9.084002517763182,9.97609214018204,-0.018945734084266582,-52.743904900045315,27.232317889921248,38.23985430001306,15.17662751169806,-40.94690732170629,-29.83365699504819,7.020118294601054,-22.23320828354956,38.64542926502038,0.7274953016389701,-4.616775204815,99.2775538694377,18.59362742257196,-1.1544425707587298,57.55759847490317,6.030681966550354,-8.912282091586281,-641.7629857883736,-18.610113072013814,-10.972744964041876,0.326100448563603,9.64119976859255,-23.479676709676472,2.61555216736419,-6.070925313732095,1.5685945113314195,-0.07609480606681078,-16.66432805509617,6.396404228866405,-9.479702304225167,17.12258226771109,-3.529916455829599,-2.3430200120025058
316,5.266666666666667,0.5125128226985415,-4.742869658064213,-0.40061192094580184,-10.677788449246608,0.29100618425238556,-30.750708671938035,10.928288176243946,-6.664511434352723,0.20519098639433828,6.2936277313457465,23.878712838390307,-0.21738448470748648,-75.38666419206608,58.672503644786616,48.15653903750057,-8.949795746913386,-38.282580461761384,-45.498476892161186,15.39609397335784,-33.087394756846415,104.09743249450902,-2.639060968640628,-3.0913572622093635,25.3835753734287,31.58956320513713,2.2223150258727644,15.724647346510707,1.6449404699956072,-0.16806365882358462,-649.977828764514,-31.469027694652553,-11.30660414230652,-0.25359256642453354,-14.398911094428609,-14.293354669032597,-2.7165512447237647,-5.550559627783147,2.0354610794740124,0.2981264978744394,-19.502258495832347,4.164091152892115,2.09250897454304,16.262869181187245,-4.00015894560292,-1.7287677397993815
317,5.283333333333333,-5.902862181040286,-6.088020173148008,5.033587417881643,-20.639736843102405,0.23313171597197963,-41.97652195471016,18.564791632932724,4.1021934551244685,-0.3905100294973114,7.005681540924973,17.17207041216213,0.13727468614002966,-20.71782098586573,61.70169610421275,-0.988950380557683,-8.986810878975193,-43.9859074759389,-32.44387627599162,31.929934823716355,-37.03040206271504,123.64829404084175,5.064752029429706,-0.7874233980313071,32.53337899844796,39.43690810749463,3.3509242377751995,-4.478999480376596,3.0714960546771883,-2.0096081551351848,-640.5997403496781,-15.52408499423603,-1.5700821410204742,0.7096436748725146,-31.7250791875356,28.015864680176104,-3.4093655713075797,0.5076448920588337,1.9051091147948895,2.3375503453325126,-22.163571621714116,4.787441152573794,19.889495083642334,13.500640872018966,-11.701887410014532,-1.328495451032516
318,5.3,2.4557583064864814,-2.6549511444246345,8.797734605976341,-20.86372907381252,-6.5733694743401765,-64.4747635506043,26.346331563212246,11.773308430416725,0.0463142158019508,15.12597109762776,18.70811866310436,-0.4703521596264573,0.8641885238467144,40.74519195062027,-14.58746564554708,23.993063980553266,-51.163551357769215,16.023686643486815,9.93911596379389,-30.621914196964273,64.10663414021761,-6.775068166976571,-4.501962984744216,28.628938308978878,22.18709849923763,5.426556430506766,39.66025963943637,23.47423079355419,-3.083157861167916,-636.8267072969816,6.25995995006316,6.929710066879189,0.326905859209852,-33.114782113028205,40.840198251332325,0.6001641010014882,-7.634847956799466,5.536464923687695,3.9631500989875907,-23.29481484266209,5.2593432715791435,19.67296340320795,9.86013663628394,-6.258454753403481,2.9860015503250867
319,5.316666666666666,14.7819309110988,-2.059356913007912,6.915667223917989,-6.872899349188673,-11.739128256995327,-62.752597348835785,22.19092716624819,7.3720280260930195,-0.2096575994839659,20.891301487439733,25.504605486431178,-0.0727013964679535,-25.179516739034984,43.625436698813004,4.714547229808792,17.326665359874976,-36.91262617361505,6.530225534944675,1.5247755006275014,-21.098717128094208,67.72041664226936,-13.724950965566798,-5.68366355534726,14.464461513316301,15.300077930761248,-2.1818612279520426,64.40842559265558,41.42666420646611,1.2507351443302677,-624.8582438482563,27.770646571661377,3.426543499335531,-1.483348240669625,-16.4716068058635,30.61304011687956,-0.6251711897185167,-21.508289634090048,4.600217703168682,3.0445332395458737,-22.825124852198748,2.5542696532015237,8.168808483965044,9.351705351094115,6.764344935115696,2.6190671964083982
320,5.333333333333333,19.70697357383389,-10.804687041801968,8.056815499438507,4.644859411952487,4.524576328087575,-42.355505695841735,22.183289496813877,2.1908673732431905,0.0686935801405903,16.605578822179154,13.075023636685245,-0.31921252402343,-47.367576287677835,31.03056301907879,26.79701049860345,3.1037349036050292,-14.482305180869018,-35.00612744174995,10.48192747716025,-26.324818851584403,106.91152652707689,-4.994320292538013,-2.631924735839177,22.717669858326545,19.086756503518533,-1.5972264145474036,74.46563460955133,41.49983239405548,0.5806946715003812,-625.004867490004,36.28698521261042,-7.636950102855776,-1.1455013755212449,-16.169217577851565,44.848222552936825,-0.6760943102452196,-21.007242641076765,-3.0642192479144574,9.609966121564186,-19.002048237678594,1.2830012987598753,-0.29626414706119164,3.836699702490367,6.697710743732771,-6.952424855052136
321,5.35,20.81281986990121,-13.572610087897273,17.588596284645117,3.5471079912257983,12.916012561254984,-46.48715725246481,26.236163455075317,2.62898376264559,0.2086846614151522,14.01795871364629,2.8469493729020323,0.13585415005611937,-26.552391164260253,13.972406789670641,18.01464035813218,-6.745620888583528,-27.476632985523427,-45.01370533981205,13.877801748466132,-25.136714761471517,81.98074789343859,-2.762094419763086,-1.5048973327257464,22.898338039938537,12.805469131383155,3.94670161007174,127.43204905522738,38.12133105289493,-0.4477383982578207,-627.7779081309867,30.577275115533126,-16.916897954965474,-0.9864194476624888,-30.17180952071159,59.96381476469925,3.053181854126468,-14.621430996336182,-5.56734493589,18.71040829664325,-15.762309740596507,0.6664108223717496,-10.570371608037307,-6.4436507662556055,3.74217932324598,-12.441934123747572
322,5.366666666666666,12.252079410819066,-11.120306248052792,20.857658447065333,3.7537041958694806,8.574215129172288,-47.88348225242454,14.10533617172611,1.5367688132341433,-0.24247500276395903,20.483201653861048,3.4492981104922653,0.30425975957235407,-31.173243314180457,19.74289850119961,13.092844497492043,-19.209941165060958,-39.0851627837281,-43.7436390378569,10.498956665299785,-18.660857255116657,36.037564756566525,-0.9524981637214563,-1.6790037225327255,16.565917302864936,3.2296114159719393,4.679195655573487,138.18881584103914,26.381393771432965,-1.2895128812581427,-630.2767563205006,30.425760927163083,-11.570513334811785,-2.787699601591948,-21.901082259028797,41.87495768616709,-3.6939204862106294,-11.047876142730503,-3.1165324298714543,20.509250120251885,-16.112876763394027,-3.0419848996056524,-22.25277125648757,-7.1704270900730815,2.9228068499376914,-10.511532521221817
323,5.383333333333334,2.9274403454485927,-10.467235961672674,2.5306503149475157,2.9285196579505937,8.14342514344151,-31.0564603235341,4.354711751331248,-5.0119642779827425,0.20309706668658853,25.23450454901019,3.346896927939702,0.147837407389457,-48.746901418445475,12.747882344565117,34.69109471567898,-19.069458461101686,-24.890190782389194,-46.227228309696606,4.7700470034231754,-17.32652887234277,27.95159709788798,0.3958085177577894,-2.3651266603364403,11.69616875066164,5.215958010961886,5.542514376095047,76.57642738766249,16.647515256818565,3.772930642710844,-662.3977182131797,25.918054421859537,14.352989670337163,-3.0177803649684942,-20.232878191762545,7.085549851267078,-2.0460424252577285,-7.35712960182905,-3.2642389502314764,16.536918759631895,-17.63702173857661,-5.2312027604257025,-24.44720643840529,-5.3005325944756025,-1.1572519678273951,-10.005439528759469
324,5.4,11.000074046356694,-11.684683008897505,-11.751983543976392,3.104015660383596,10.558005864128035,-34.98155603352284,20.015634375730748,-8.554930272989978,-0.0697112556382827,25.991926229781278,-3.7628848149068603,0.3535503585592466,-32.81168737940166,9.411931566298017,43.74986193397585,-8.735037501074713,-18.30458145096775,-40.29627348690112,6.89857718325651,-16.17574007208395,6.434321379971583,-12.9128913890769,-6.302817563875777,4.3081738304627635,-0.944695284642661,1.8656263497719396,108.70808382448207,32.78623603157228,2.350705402353063,-686.6587166590783,16.897360190851327,21.110120477006653,1.4380842595182464,-27.45357658443849,8.273923578890821,-0.1732996964498162,-4.971571666283414,-4.8754333871038185,8.065882235356199,-17.11528245045389,3.635170144302848,-9.92257467089267,-9.327943899021005,-3.0348190327491906,-11.273711167313598
325,5.416666666666667,24.012742578218575,-12.559717491821404,-0.6218798933935943,12.992096180823896,10.208482549839959,-51.50870843856557,36.74516236722449,-3.6466821663415843,-0.1532833823612408,33.86611450705117,-16.826192142338858,0.1901948772070427,-34.18693802092934,44.40475993994998,30.387469824669598,-1.1342169955137524,-13.387202082244169,-32.48744545989662,11.991238799013079,-12.181665087663733,-24.07300709679114,-29.509813688984586,-7.106232166549608,-1.0212883092913996,-5.60433740652511,-1.4715172870967794,157.69907722177916,50.214727851476624,-0.7328706900332133,-655.0184511857084,14.455203313043253,5.9881165462796195,0.5625256261710249,-19.33158503566619,33.76051955043566,-0.2677906673464714,-8.620178723512721,-5.435559806645741,0.10710567824059888,-12.084298611880358,10.503357839454242,6.10712106169847,-12.502603643702418,-0.3384811220618548,-11.251835228042372
326,5.433333333333334,22.531962349488314,-11.00888270248809,18.86170564470782,14.874194492082902,9.179900812723181,-44.880911693701556,30.8966079044877,1.3794762033382473,0.1644291508608359,35.83044692796832,-12.08261688071877,0.29149923037313474,-56.553949456168645,55.89378538494789,37.82266106994161,0.39825108842128665,-2.7490670306213447,-39.520160351244336,10.734033757930648,-11.028721065748739,-28.766630968215523,-28.352118941015323,-9.055706250342288,3.078169760767359,-5.380301987749706,3.5719383625866032,146.14113063194728,51.708580060640934,-1.1085246875398165,-659.344132096907,12.053375253132685,-0.7430089763303447,-0.6133254307846084,-19.10828026767855,20.73328847773148,3.145133866705525,-12.76514567540828,-5.656761617589226,3.6001461415872296,-13.718481956569757,6.044473355833507,1.764306830568364,-13.69999145177727,1.396966137725081,-11.61253503421098
327,5.45,14.148288649449677,-11.108668116630605,33.80739144339282,4.103038532852917,8.174879321531565,-26.579889276641108,17.948054219820396,2.426920012724927,-0.1381702377223085,26.803475165933246,5.787198777267234,0.3037788818275821,-61.56296782811087,45.21358562962682,39.71751217729218,2.9769012086508884,-0.803395057336473,-46.69771333162626,10.625872640311783,-20.00640434013294,31.33830368697184,-17.159120860923778,-8.38845734137114,9.07727039465251,-0.6199020716063404,-8.715514431645634,189.8941238133263,40.001835554516255,-2.120718350206942,-721.8413024334171,5.9634551446122765,-3.507169649430603,-0.2797304645839034,-36.12651988865568,-13.014553306701657,2.7565816297872034,-11.109802625457991,-5.1164232069535185,9.425211941410163,-14.548234721733905,1.5525934889799946,-8.03787199539551,-15.321751972660952,-0.48535915172892347,-12.098081693504428
328,5.466666666666667,9.72222837121609,-9.642416374330535,27.743164948937682,1.7071616137622811,6.7181416741758575,-14.716289186471203,16.808004035649127,0.9571220761204421,0.17001818926002446,29.251243257478066,8.179297920845062,-0.06738234825116125,-63.03415713856954,47.11651947674224,36.74246245298134,5.406270430799023,-3.1701072499463163,-46.20906132237317,19.168229893880312,-23.71415860529041,110.0588850258036,-16.051881520193067,-8.008739566924138,9.839796596617617,26.119493730006468,-0.12304412734917375,324.4249172899976,38.420552198789224,2.6437087558495267,-744.4175185630312,2.8853106009326144,0.8653879817922577,0.037622395415887154,-31.68580098135442,-6.12178062140735,0.12526101202718173,-9.890511203445207,-3.8217543255514816,8.539519966733135,-7.39435657696048,3.3485169983006005,-12.817111874981533,-14.921427178424926,-4.032186407367755,-10.610354945851318
329,5.483333333333333,7.557131461200394,-7.10600909388239,3.756322918264002,5.898681018941548,6.148733972445322,-9.221120298694538,17.2959856538461,-2.4179428979638735,0.16126162948309772,39.18763546403344,1.4574439191631936,-0.027714272071455437,-69.45453526946083,38.61948450376684,39.08369318315313,2.879198840754013,-4.015021705411964,-41.12864299555466,5.936988304547858,-19.400089137289505,31.347181469803143,-17.951763974420217,-9.701270576456558,14.687200370956704,-2.3637055314584416,9.839440097123541,473.12045894072827,44.20035555612302,3.2824707221584593,-725.1489275372687,18.02836365969024,10.040344557672706,0.2709666843256235,-11.326990829528592,13.663445253806774,-1.0759471370068894,-10.281849244664874,-1.6746510691378842,9.244964431978019,-2.952289441900493,1.4909417612508549,-19.552934723210832,-13.097086735261298,-5.763386385995388,-8.073929143433004
330,5.5,3.580677632404529,-4.0549386103826395,-6.613703643286407,4.544537848201276,3.2758691283411707,-7.560022454705095,8.89837147123627,-4.760397105195626,0.04500517105211393,42.56724389142425,0.7236791881331668,-0.14522883182610338,-84.03212738848578,16.277135941253352,43.49638190576863,1.7523133924435,-6.638345155301653,-33.312584192066,12.496085507911914,-13.287404777893222,-15.722649509675671,-16.794575258298035,-9.925871487512637,16.544987741592305,-5.061243211167872,-3.578445467360427,536.4204824345419,48.30780813698435,1.262675632060859,-654.813386998648,37.25654962658128,0.06219882727440754,-0.3093008483704618,-0.12499714074765986,29.947996798363725,0.3702746052048868,-5.550307865747274,1.4048089414714298,10.808168855697348,-9.142007105620198,-2.9999111511870136,-21.62101774609315,-14.856947421098166,-7.000946743163825,-5.65465692248398
331,5.516666666666667,1.870804594904612,-2.724385160216772,0.3364956134648716,1.9494152552928872,1.8828793912594401,-7.771554494756168,7.060850886713386,-4.883420220976136,-0.043811576188001876,40.59760052834323,4.792364608044823,0.10382364800702415,-92.2827753789374,4.417964785701286,43.817289593111134,1.3283462354146984,-12.553130511074063,-34.03452117923303,16.354454305948888,-14.80008747937975,26.69344952597317,-19.88337174791773,-8.813936673624704,9.506000132278821,-2.0724767061116296,0.6636700755337386,536.9173642599458,50.17362045602405,0.5682059375943321,-624.0272988116866,46.485890013422214,-22.689156943214137,0.6289811942495588,3.440984478235141,45.60146574276087,0.38859333939828045,-3.891963787778669,2.205086413822554,10.640593904797363,-11.179620341128908,-1.4366056799685438,-16.720952414556198,-20.258427864216994,-8.639955828339065,-5.527522392182717
332,5.533333333333333,8.191838471871058,-4.295804606195464,6.80347506341632,5.773740399191839,4.004598681668737,-9.6330697026626,14.42398167023084,-4.463559767718629,-0.06358045968479974,35.89583653072696,6.811000912144681,0.15483304812294169,-90.40426310463286,11.498149791492871,43.68727952281786,-9.526441011591539,-12.557889126796622,-42.46357270409194,11.612820595782704,-13.628751315579064,53.83755835206427,-23.046073386110645,-9.072902308580858,8.946550946885557,2.159254182847997,1.0551768874996952,517.680150418321,44.8095446686608,-0.9968821562069771,-637.296159734415,45.31761206501221,-25.040375069824613,-0.8792544053997443,3.160609103645377,38.015163365978076,-0.30666934698187337,-14.81570889143084,0.3025598052240166,9.294768615139958,-3.4836716692013523,1.2434234036012672,-12.4611487275757,-23.60289768663486,-4.310826366212408,-8.014315760658487
333,5.55,17.956821251279226,-4.230521566234611,7.005335908627556,16.747178768441515,3.6063274999703947,-12.553916851230579,18.457618952367223,-4.991465536298349,-0.011923733114477728,39.35376965534994,4.182248332677295,0.04948916436335233,-89.59117781110282,21.77161525745727,44.241326541447535,-14.563786504941724,-4.161458413816955,-39.721539524402374,11.165696946475002,-9.988392922182433,19.976291905896236,-19.173874599694987,-8.201399299438444,6.7116950473316,-2.399336643570099,-0.6649371792683028,506.2175092077862,35.43679345010131,0.07078705319432227,-634.813539051739,28.70103630470249,-0.30072100768466054,-1.6834117715838979,4.184001084747374,22.324645677657617,-0.027999062129620073,-22.93323804662323,-0.661199681440983,6.1715301341690765,-1.9422221062136549,1.1914578202860442,-11.804989902505774,-25.538319021350365,3.596130899939711,-8.904632794111592
334,5.566666666666666,21.650401468286567,-1.9811870942550793,9.004028771447336,21.165428866414665,1.1164236146798985,-15.186109734422523,24.460026908006732,-6.245730227917866,0.029223338458826496,47.363157155565005,2.3130919108163903,-0.20364623873187054,-80.82095896266483,25.74918299615723,45.119980492747324,-11.460043075221407,-6.456988729422295,-29.925085639119807,17.443707832638033,-7.835658518770379,-0.2672170370891254,-9.766014794286683,-6.1271194110122895,-8.936339953035052,-5.643141956690183,0.21192272314634852,492.71094825417873,34.601656641840485,3.147940511096478,-618.6175879607779,13.144234524766501,17.77791245803223,1.1973089797171945,10.20286613147967,25.14305311603262,0.28175886818501233,-15.374399689984623,-0.24423273954542574,7.078956258021378,-5.170742981142347,2.042440554836345,-11.786772634051777,-30.62293973803072,2.9950871366768235,-8.471071049467142
335,5.583333333333333,16.919926704393834,-1.6326113004047575,15.53675356789978,14.405773735018256,1.2951228139773834,-10.126827012301254,30.33113955032936,-7.0473700119527045,0.00284615475270947,44.9060503020252,7.783007710396029,0.12480479366285767,-63.25390008974786,36.30600520648106,45.43150641853282,-11.806184190096317,-8.528403937382159,-31.839454790283423,18.23074586583055,-8.201306322343108,6.6055188942666225,-5.073647945225039,-11.010486281265996,26.80752197981126,-5.222036581689639,-0.07358205726033921,480.39983370176446,29.06088489704504,-8.335336665094195,-655.2862433487463,11.672104700210161,17.40694953083097,-0.3200128089489606,14.63023019678656,31.26383213361107,-0.05027682874986623,-8.357615058571731,-0.8952806762827751,11.262156375837348,-9.146065036502094,0.1840375844457745,-13.952208460558447,-35.306904548533005,-2.749232127847063,-9.614047586422158
336,5.6,9.987150419778434,-2.321720446184078,16.802238639525626,11.591789090528028,0.0012881716747174666,0.18097748422901905,27.446609361684832,-6.4095477240512615,0.007682489127509926,41.8113329848241,13.9148075138639,-0.005414933724847759,-57.47434598760858,53.383191826677646,45.16351297659087,-4.337203198403624,-2.8188211758858923,-38.2182048540986,16.398340511302226,-7.345698121247566,10.98637507196464,3.0678798609304385,-7.440297720369287,172.00014165217615,-5.868892925600913,1.017776283020791,469.5424404636328,-2.62775865215037,-3.5610747456865712,-727.3695158772983,6.0000243169548755,7.6895455070281375,0.22476344192568423,7.748205197195258,30.763927155570308,-0.43012349252159554,-9.011573336608288,-0.10841893046396676,8.412234394192621,-19.571247532437017,-6.659623665780795,-21.822993230242908,-34.80847282929176,-5.06980607500716,-8.749313891662835
337,5.616666666666666,10.135350962195877,0.9173987524169868,8.771936449066967,18.03782157153207,-2.9620381009846586,-5.705854918841146,27.100372722262073,-6.556281015780577,0.06391874932360905,47.05196520697224,6.12284292362928,0.158821505278098,-58.602590232472345,53.11145339475383,44.42587799776341,-0.5412900845423244,-4.747851684362379,-27.215789025796305,12.674805664184627,-7.2672481874902015,28.68692442332591,3.5419830699479924,-9.119960022096585,167.57397059428632,-0.7075247073963777,-1.926603512729139,490.5340722204184,-2.766587817216403,0.20388307630725522,-693.7201685453028,-0.8035931857507871,-3.9759122007296024,0.11513456772427562,-3.2853657615395453,24.499717382785256,-0.8977088031154505,-7.0982541285555065,2.4012072950713472,2.0963860891391186,-25.57929253945513,-6.6713606783061605,-22.02110790419004,-31.719613938957032,-4.032864569860408,-4.883060428337044
338,5.633333333333334,17.314102742070617,2.969394712079021,0.35726065959732617,22.921572128048687,-5.2303387935825585,-17.119005004008745,31.361992541084216,-10.27343933109145,-0.17862020145223348,46.25493267287884,-2.1875604019376738,0.10148014129969109,-37.64768078491138,34.81957478915189,38.07188664692252,-17.161897696068454,-6.940970585033971,-16.52094374934985,10.5384102704957,-10.432371922287462,44.24423413613017,4.191014433831611,-13.126093455949494,83.99913930705445,4.769408792134442,-1.5211205389671485,540.0834332863631,5.936690045088443,1.3547456144424677,-647.4179716560517,6.654249235167438,-6.021672756527808,0.13702990347995242,-8.330825289820124,11.299877587215983,-1.1562992725667363,-5.12233502437396,3.4396861296177503,3.8218997138405792,-22.694244169569064,-2.219420174448093,-18.98795760995754,-33.2039489013889,0.3654303445452503,-3.642735401543565
339,5.65,17.831712209474986,1.7614971744473005,0.5359424401013269,23.040307366881176,-5.320483414463883,-10.322678485639274,27.614655944733283,-9.95607535541208,0.023339123533987705,40.61553019235618,4.870152758093928,0.17960403684743265,-12.376040482432987,28.66852428943161,30.54371175166606,-24.320542501066196,-2.6883814096863285,-19.92097453571307,13.82829233961102,-9.470931887897958,38.1815797463481,11.101085971980716,-11.666913968765172,143.36377842457094,3.29216570638763,2.6420179139673987,519.502681801184,0.7340552424240114,-1.000623621983087,-673.6197764703708,8.371232220627519,4.0330152808102735,0.08525950231929846,-4.787360993432507,7.554853273323287,-0.7705544594584094,-5.679416981661001,2.4960466275456374,6.105567071101624,-22.863691532733398,-3.8779768763679248,-27.335938687389593,-36.63986717202788,2.532570033804759,-4.624422579502744
340,5.666666666666667,15.320075231793131,4.535536060136483,0.18846448329783513,27.270384581082595,-8.616636374132506,-0.6852013371234914,17.422104638213288,-4.488599996307502,0.08510093170309026,44.03297357883787,10.101533155558755,-0.008943596266842099,-1.3564561624612432,29.59897188806918,19.413026201428274,-14.525142089321811,-1.9775154225779603,-17.40584083236433,17.792933016649805,-8.158368325304702,50.49487821346519,5.78587749825827,-6.790010119995432,181.13856284608303,8.443263540056567,3.4539458337207862,479.48695570091724,-6.103531619668031,1.0864671027221409,-744.8025059322263,6.667642209115999,-1.7721544822473645,-1.76614225289397,7.077547586692656,12.969654881580219,-0.40910139405710666,-7.693356535447081,5.68547148833184,-1.1722993602720972,-18.771870543470996,-2.8713408206568385,-24.133984360822016,-36.01131849796173,1.9376658366265738,-1.6454521169837202
341,5.683333333333334,14.686760609906692,8.865479565216646,-5.319227096154856,29.515655897795376,-12.440913595919094,-3.232156784135246,9.93693445200962,-4.13884977935368,-0.36952513624302125,46.5175575759566,5.4667696439224684,-0.005703715059144408,2.774575120022658,17.06485051630784,22.851772868024014,-12.524618725930699,1.1183166065940167,-8.764793086928174,19.96308198559606,-4.65380479580723,59.209820259969376,2.150839244459446,-4.714438523901124,174.7525513677993,4.174766231124699,1.1441686215425304,522.0440810566462,-7.20481515392996,3.762131516015328,-750.116863094155,28.048241675295294,-17.96405318779595,0.7158792923503946,12.229630128889513,-0.8044559878635121,-0.3907310226644733,-10.53458902302777,10.276729832144769,-6.095011946139384,-7.25192371039051,-0.1764829258349488,-10.283513657000578,-34.809958543376176,2.013641293533325,2.7025719123181178
342,5.7,9.150223524613208,4.9980578827678075,-11.078402864505527,20.983369288055478,-10.087397138742178,-8.648838272617446,4.418370178619858,-0.08788425122800574,0.3352649687199405,41.664581761314906,3.143922663788258,-0.0014480100458014432,7.805841248590574,4.12487729408473,33.027500095609014,-8.559637453537697,2.3014800964359923,-7.405883487101959,21.291135504022417,-6.03736509179196,46.08821768905619,3.0363454984382754,-10.939205888128605,150.39227837847392,-1.9514928469132429,0.19075557364745957,501.72993714287543,4.280701743014467,-4.1842233985159325,-672.8298848901849,35.7913700693482,8.419841294862804,-1.4474167562254148,10.591499797597937,-7.462440070002442,-0.44677046653325136,-7.668113233409741,10.138713030533815,3.5586789464800668,-3.8112579586404816,-3.6717108780347205,-19.20918837411885,-36.66026434852196,-0.8389296829945899,1.1362122949604954
343,5.716666666666667,7.781658654038107,-0.58800537757053,-16.16517828004013,16.673176784253883,-7.572612025668817,-5.655913880276626,-2.490430453905769,10.702761586640932,0.334003202349673,39.43925985861862,9.42680219749789,-0.0810862358624721,1.6188591618459245,1.1710552172896203,35.21797783518244,3.6773322856310036,-6.816099454995245,-11.586055679511798,19.567451513146565,-11.693140463041736,33.85473922454578,-11.687625642784802,-13.270602981857271,38.022770677381864,1.8856874466007827,2.9245437794652362,441.3407154502263,31.975204395874602,0.5433429162925888,-631.9087188098189,21.275916276353467,41.12302768060972,-2.1245094841230756,12.441991178373877,26.224525723490792,0.4502620809211103,-2.6754829581593613,6.6950984695036455,17.084451365014058,-4.264416675863886,-8.829479433180351,-33.75294862052567,-42.1303501333328,-2.363182023820655,-3.2395829139775802
344,5.733333333333333,12.20791480698849,0.43368887652717053,-15.220639052787407,18.822271419609947,-9.460868255398383,1.6654912470854213,-5.858662767393264,11.245480750935668,-0.1484745375014896,39.74634145453977,18.014046834462544,0.04956423713780922,-7.002951010407709,5.7748661899691385,31.418170203555057,7.211006655823315,-12.01396028182287,-18.01557054666977,19.030129148846616,-10.237220480804147,19.28992364044704,-12.323617305849728,-6.641922518621804,2.2638775471929153,-2.77575176268939,1.9877226087078277,505.3951934272175,43.870360490753356,0.9241399243920856,-623.2800748318613,31.468222112291024,15.688429125493226,-2.025210903965749,17.03235860637132,35.89563901549741,-0.920852897797549,-2.1007123878870653,5.327303339743896,19.902927734093307,-8.361184715865248,-7.226343277564222,-31.25443820198431,-47.25056535197344,-1.2225414687066232,-4.305343018633443
345,5.75,10.249742061326856,1.039147296893556,-12.216899055787014,18.06154654672693,-9.318399735666494,-4.231475834428605,-5.3405638855178,7.4533194554276845,0.007664346914257638,40.19275284870053,14.384308621466742,0.12998532165906143,-8.23758141017079,10.087053739105194,28.30293087315414,9.876240611075787,-5.6613812143094195,-15.647571220573857,17.43919715199663,-7.564014497944378,25.525835422782137,-15.49465040898759,-7.0746632776175105,5.847854947505846,-5.691454231279467,-1.0718403717431884,529.9854253456496,41.307811158281964,0.6356599726482478,-606.4860848456769,37.73148529691296,-6.9411324395456715,0.7374731780063647,24.752704264267674,24.093218968253122,1.8144358332024184,-5.398871749923299,6.6767524047507845,15.783620185124155,-17.43152373540604,-3.611582011467503,-28.455916636738024,-47.128747346499665,-1.372163797284903,-4.059534860450465
346,5.766666666666667,2.9615760935771753,-2.0862170809229807,-9.849962148002648,10.019805915705792,-4.75196551442993,-16.059726118708692,-4.58433253610554,7.534291721445928,0.0034248136196297044,34.60921606602798,4.835485683067489,0.05540270048337101,-8.870537223691171,17.0343665508704,24.50702635079002,11.191577374659573,2.657610663608208,-9.872882296135318,8.003502440037847,-12.66662259002586,39.661593552044835,-11.108026275909248,-7.854467881117269,15.418642324895503,7.1730197215278775,2.0274533657121676,450.78677923826007,35.243324917010014,-2.1506632027967405,-623.4237386946767,14.223396249102253,22.622444746857887,-2.6638210019976754,30.129541731435072,38.98992526846546,2.605211106984192,-7.343760531308599,8.282053882712097,15.566346953602602,-16.083988276051993,-8.047008353099313,-33.31593975153469,-46.23930314068713,-3.870705712978597,-4.779317866563857
347,5.783333333333333,-2.4473208642895576,-2.186058551071417,-10.941595373612847,-0.39431970564184937,-2.4086483678733868,-5.648425154605459,-0.8418297538735114,3.449256057056007,0.02557439492479124,24.584669031016343,7.496089762850338,0.09934892477116462,-7.53165706167688,27.249108944086966,23.481654840843238,1.7368567349565882,6.488956195894317,-17.89562320772526,2.1204238692113284,-16.144508773521103,33.4282134471206,-5.658247887239241,-8.903718193109464,16.0176544358649,19.88571696804936,-2.212657477969635,435.88419099834255,29.679862257971966,-3.7603364476632373,-617.6330483953867,5.354772941071238,43.24879488392174,1.5134374776594814,30.47642928151343,33.05859687450471,-2.180027704098196,-1.8391626990282992,7.363523106757238,11.724063653505047,-8.128399414321668,-14.074289409260713,-43.31676758342768,-44.90098915620971,-8.724201189288447,-4.639000167697195
348,5.8,-0.9607723932902533,-2.1415131886894696,-19.95553483039823,6.034632508452007,-2.509272830874829,9.409194541180602,0.47677206859364096,2.94146807475816,0.08326128330110674,28.329826584392432,11.327284167040919,0.026626061525287213,-4.901124132665646,23.261186708480807,26.690579685577045,-3.185793909091946,3.952967851364221,-20.095249543134788,12.289102324856488,-11.217351742083633,35.024239844178716,-7.192815403097872,-9.776960400003354,2.843845733702183,15.303987794201614,0.39841531669769487,460.53852685909794,38.942896186837444,-0.4030519796319643,-574.0312030155475,19.404564846323236,32.22270211360509,-0.8062007132901524,34.28291482682739,16.429332893692127,-3.3055906128960797,1.6428821794844626,4.669487196705524,-0.7759235219285143,-10.856165856588527,-14.682221092078871,-49.224962177915465,-36.81895011753238,-7.851009215072176,-3.375463371616138
349,5.816666666666666,3.992687749294153,-5.032846834136392,-23.40262370834839,21.815194998291698,-0.3526854730489329,3.9965562959258882,-4.45752446557017,9.421423593089688,0.0277145871311643,39.13255515405968,5.58289733523096,0.20804491466149563,-5.808335270574042,18.245884151227685,21.93553653822131,6.326118390742843,-0.9907824761779044,-8.111304501000827,23.281137668464684,-4.410047094203653,45.91766343201377,-3.1571713183860206,-10.17443911156256,20.27804130362216,-0.912874685926352,-0.9277166881240558,445.6064915252252,33.62603056923855,-10.614657493508114,-619.9145440666204,17.167670340191655,27.804970680167227,-0.246974102859004,39.4392653775491,15.612133761256853,-2.4035445228957335,-6.10098032659111,3.973450181067449,-8.721589659742326,-13.590301625290707,-11.328827161616376,-40.64016163642991,-29.62838830377446,-0.0727649079969472,-3.2479833789560435
350,5.833333333333333,8.2943828069914,-2.5600200299712155,-20.244896215336734,25.590932941235383,-3.042697473443635,-4.850267283907721,-4.211099125443317,6.895190399965073,0.09230817993690689,41.27461362158814,2.4682183162129996,-0.12548832872432467,-5.978566416087047,25.376120508684455,17.390747481942263,15.22283221091029,-1.2607245914799536,-3.786124306401797,20.305103395079655,-2.2415380844563226,52.100824492646474,-2.1002793739936987,-8.406256974449631,41.4444878137755,-6.340850118237097,0.6427575430804973,427.65765078688,15.715390940422717,-4.585197454899276,-689.2836387135966,6.907007835664634,22.216538981442234,0.31559543425452846,26.273391314265147,3.102201637437417,-3.0443117357446643,-13.746010998484708,5.772792047532188,-11.231546840339302,-12.979583330512064,-3.7186288929128195,-19.982150965745653,-30.727142789318687,3.8789532138439657,-1.9313898447086297
351,5.85,10.250627070288399,1.1612896791590561,-25.814191169300102,20.679433197079536,-5.425776883151674,-6.516813125969054,2.3840260934655966,-1.3071607061590773,0.025078489287545074,38.197539136485815,4.067608469511035,0.010744271699700212,-5.274475640772534,23.90506782253416,30.455371364276495,16.15080991668966,-1.9676218319479675,-6.153136282205047,15.116356612523507,-5.622189145965614,42.87048681411534,-3.8363421816265557,-13.465496251102776,60.61502942073575,-4.528943582953058,-0.057075227784286205,436.6727653005087,19.841854438263958,-10.212761244380937,-688.9723613889055,3.177119758294159,6.458667061325409,-0.16569598868893484,13.670537113355822,10.033731698939098,-2.3319458866711926,-9.422045038067019,7.148684075209903,-9.141437362377985,-17.428033855493744,1.472097039639298,-10.412996479633918,-34.29906067331148,1.769301651110866,-0.6431726620216458
352,5.866666666666666,10.657358344935835,0.1674357521297085,-37.20227066802552,16.74749530754185,-4.1443187127371,-4.994813464414874,2.6266176935815397,-0.10403619716819368,-0.018810178912355917,30.16029488852743,4.181981343756211,0.01654200299037243,-9.177096066671657,18.434343400700612,43.7336309257874,13.651316974913138,-0.28686149014367923,-7.959552954063605,17.773183177016428,-7.225242401163717,26.272133537346463,5.495260203800325,-19.70416623422913,95.23934119719962,-5.0213573790123665,-0.12420478194491527,450.6694878316007,4.81789237126493,1.873226436758406,-771.8302729158517,3.8218714918474017,8.286051002126584,0.11624911194817407,28.029035314810017,19.739979962882973,-0.7854777054126025,-3.153898749819637,5.983990625935563,-3.2405422197505285,-16.14387411932357,-6.075277239545135,-22.758730545324315,-34.35480418899481,2.289380797752719,-1.0039634360304444
353,5.883333333333334,13.693249838591631,-1.0177866987756483,-37.356251219275485,18.359027655658974,-2.186897226232217,-3.1203256253018727,-3.034282267081761,4.59509603607322,-0.00016295556683990238,23.882752051039922,2.808696631652778,0.042369210504608665,-13.65862648335987,21.837472553203487,37.280993033943375,12.983628432027437,3.3412171777156034,-8.802244045466509,17.97327546187802,-6.327455755849012,35.51074253120428,-5.870331225959246,-13.333443693511944,35.506288451769066,-5.566867149378046,0.15586570191797494,443.51143117141345,35.35812110479156,7.555242686259305,-865.4453213665984,5.463713323270199,19.61043857908223,0.2830360204465661,25.948941067813628,2.938476191136871,0.8477688508984967,-8.263240130414284,5.742080752445378,-6.300700270807535,-6.743769176486442,-10.40462355464459,-33.05605292932912,-31.786575252427994,8.062001472881912,-0.7905355795928666
354,5.9,20.27866328477972,-1.8316819168853355,-19.730393390304606,24.014831257440463,-1.3703065134495678,-4.337497440413854,-3.2690682915307456,3.5438700956300235,0.02232475911956231,23.519824553564778,2.172537020473687,0.10482723051416379,-7.073720134258041,23.091568329328492,18.25410348487745,15.789918294427036,2.015836151812938,-9.28294869942648,10.519507546099758,-8.155341850556821,51.58230586316089,-11.581598766650766,1.8694884023187395,-35.54071387719865,0.7898732817112274,-0.15561706863199362,429.1697357800163,37.66100820198525,8.714481214583005,-784.3367092791998,3.8135538496747023,27.774235272379528,-0.010528278132659807,-6.321139141762648,-9.239719861851537,-0.8918106650265342,-20.9008666331878,5.631942368606034,-10.131215711086869,-9.34833485283718,-8.989524694680801,-36.72592780721352,-32.478562659215676,13.58697524451825,-1.4469169582284933
355,5.916666666666667,27.3506619354734,-2.101950552124952,-3.3600570223288244,24.98468765041573,0.07815397950034397,-8.269234774299337,2.7149630329641252,0.7493426701337729,-0.05262968742075512,18.026749400630383,2.4201805491069788,0.0494007531291841,-0.6124550781665163,21.13001214699676,7.20059063019255,15.315751520765948,-1.7488397241404663,-9.663463192278169,5.929530221538959,-11.907644274801916,49.60677002093498,0.08903421297240108,-1.721326502299272,-158.2509105801018,10.899415024370311,-0.6562893148239917,429.7892692356748,5.468141316115632,0.8703513188563552,-692.2478234267013,-0.38031643883981586,42.50465972321689,0.1204631509572949,-4.499893642258444,-18.739258318833453,-2.8176446270944573,-30.157011038748603,5.946202799882398,-5.988282359378464,-16.02290497914134,-4.9479742987998065,-31.787949167201596,-37.24415618946615,17.095444269520794,-3.4088359261455237
356,5.933333333333334,30.24113980413904,-0.4645736632879875,-8.421901566490783,18.948256150213883,0.9983317613569227,-15.252986588844449,9.605518701666396,-4.250438449801477,0.04970507294338028,12.230893679015892,2.2682402982679513,-0.031041625455920877,-0.5829336916093808,22.54713705264143,15.296054438414824,10.959084347485968,-2.785885740204123,-6.242182096089925,5.5319961790433565,-12.468284471575648,42.68189297126026,1.5556909381637596,-5.93965272610282,-190.73257459837842,11.811217872974655,0.5222078436336104,442.5431971537207,-11.718613328786251,1.9477982215640812,-717.7255667105854,1.1777910750125358,47.223387798461204,0.05164415198641856,32.271866783975966,-16.564752581738947,3.1267920611119684,-29.291434127738736,7.26013351512673,-0.48766519497446353,-14.005539705867022,2.050473199635822,-12.691349110940003,-43.480024785580355,16.79348324453587,-3.5795994853444273
357,5.95,26.736135656572273,1.348017956680456,-25.64665077914924,11.350215772694309,-0.5343185142328242,-18.44918132466577,14.714593064337143,-12.739616877728952,-0.11809809319375117,15.304694254789293,4.208228335363203,-0.028558950149997594,-4.377616545912312,18.25238184230333,33.77842627476954,13.483612750700907,-5.735275368037827,-5.6981444185991705,11.421544784360453,-9.04953438806973,36.80031105850274,7.193708909413624,-13.35461183407858,-227.9382123570627,3.2876779106763196,0.07952971601317735,454.6297101158108,2.413661115538685,-9.001866207693261,-721.8867133568651,6.613201222298719,32.544684148121874,0.11540896636232277,40.723299093890205,13.877241607511563,-0.09257158906509844,-18.70204174453771,7.581115085872718,6.329293678646183,-16.962594737992482,1.3521347580773924,-19.01525037727094,-48.095932654222864,10.573727805990833,-2.542911462030293
358,5.966666666666667,14.631544870179146,0.8262184083945122,-23.91614470125419,5.556058026610834,-1.3827609633895683,-10.338794573070992,10.390089548124704,-10.106308687768095,0.2997046939871182,16.39055157336624,6.181994363285087,0.008134245907471645,-7.986707904792725,12.439094409293821,27.603726840172616,20.10837397248261,-10.608669475626375,-10.714300429926139,21.300194062123367,-5.904445841705561,39.61476153193262,-4.161990351941341,-14.978817138684716,-307.72704225362304,-1.390122075129194,-0.20459792377075614,446.75711302268223,25.524001965578414,-14.500860934291085,-663.8002970361292,5.410545692620029,22.196463105724046,0.24248214041123708,21.72342956924401,25.313847582093146,0.45736532188145984,-8.43206757395392,5.843652750942643,4.631966863223681,-20.650392008236977,-4.576476693237024,-38.75817047378133,-43.84767030719256,3.4492537013007167,-2.3728693005663017
359,5.983333333333333,2.1916965636244385,-4.714184906723029,-10.41191145866727,-0.9525286198893061,0.6575253789733642,1.2177504991425716,2.6353216210939125,2.1042810473202955,-0.21395535783848454,8.201487470425318,3.8931978985148983,-0.09060928386512103,-6.079719606546473,12.48792445655941,5.431229139187676,20.417128699946986,-9.44841521622337,-15.62536749239152,21.48254794376177,-5.604207152960764,43.796070628581724,2.2131811447971033,-9.297658647089762,-225.21420608330848,-1.867670655695834,0.268364259715447,433.90598680811036,1.3681584389931118,-9.897743869084138,-721.2992255360023,0.985496095841169,20.926836838892527,-0.19030648951360693,21.644958742998924,10.021327306763041,-0.7049665472502474,-6.45610790347365,5.27007597137077,-5.574927404952391,-10.727713936194226,-6.945414477832079,-33.593444698692466,-34.89678758050472,-0.03369302452812753,-2.1457763756434236
360,6.0,6.169568934102865,-5.274888604697289,-17.697421956977692,-3.3434888636556814,2.777557541995895,3.884841201564165,9.462466422442299,-0.8824720401533067,0.470830098914277,1.7605006387316697,2.2477454276956146,0.06898195897990614,-5.472726902233325,18.02285605939165,8.608071667009092,17.804432711809582,-7.509827771133275,-16.34961023328874,15.685604797044988,-7.524675970921785,42.09360753268541,-0.17380407248264576,-2.8838982519924263,-172.72059098938496,-2.3574160530337758,0.0024510453198859764,437.98940864821003,-5.418816721557193,3.6480981249666145,-771.7921011263262,3.132579914722806,20.24533857244613,0.3721859801440559,31.819547945149356,2.83405200366468,0.31964034333849306,-11.159392643264878,4.628759836135011,-8.530353570123632,-2.712223392302429,-7.608608419199807,-19.22305315493167,-32.62656337715242,1.1630711404729224,-3.015249770156064
361,6.016666666666667,15.481026161200587,-4.466076783608887,-21.061939471384193,1.4963341354111412,2.433898566307679,-5.763154077177498,18.208307930777295,-7.580146824690913,0.2964400477815204,5.697578775099137,3.2979643445619446,-0.023367936635198237,-18.157188586137824,28.321674244690858,15.746879247170344,17.70829247782468,-8.49827370560609,-9.219287562694985,10.88088665867234,-8.32212166692417,49.21748266853337,-4.218706056035778,-3.6839463761108378,-189.5563617760224,3.0880410668158085,0.18473374217912858,440.302898542558,-5.600905678690474,0.2110977116965246,-767.5402412316698,5.020658039601871,33.9759218685629,-0.45621864864206507,32.98289167294838,8.23719893892825,0.17168712794442417,-16.68884069373366,4.144149045249628,-10.096748434725926,-6.1920590248780165,-3.26512177815182,-7.599945481086848,-36.06488148562858,3.757618151364891,-3.6943709229292976
362,6.033333333333333,12.868320432340983,-2.5932207720245377,-3.6883576715991873,2.6093645837114403,-1.4339297132390962,-18.94550719411179,13.042532486898729,1.5145230645282046,-0.38638277125581383,12.824364410685055,3.0890879128489908,-0.04021695575673822,-20.963517698935046,20.650025405708906,2.587091346338501,20.99852195621293,-3.044419271281398,-2.495632459263152,5.355223654507883,-9.047901021263998,58.81838047824045,-8.445926567442461,-4.0695320509062745,-214.30431213464567,7.881370470737147,-0.05826522390339687,433.3922831143347,-3.3524977790004398,-1.277856612701321,-760.9172383890717,0.3713480310362205,50.389481249147124,-0.879674265154638,34.939007756318624,17.887211314413616,-1.5019058133059953,-18.94135886895277,6.05455224914472,-14.818882851145341,-5.729988540080468,-0.2733097603893688,-0.9687678332861853,-41.469113920272385,2.5668312460845732,-1.4016335406457787
363,6.05,18.058337027063484,1.0847999523779177,-10.38503222812084,3.6795173358942104,-2.310676627672439,-18.28637269391965,14.745033900772686,-3.5725785277998408,1.0583457743969822,14.29899756220445,5.200512121149461,0.07215633929191226,-10.355215106656926,-4.968736604187809,4.351640982748029,20.48885236186442,-3.6027284626945795,-5.468375093010359,7.471717017500206,-7.026160352043412,52.07808267090421,-8.368744432962314,-2.369188167826205,-220.01239900247433,1.7367133840981837,0.08996537305898443,436.0173856792125,-2.0926875672637193,0.28386520443523916,-764.985233661522,0.7094963541935924,46.96907593690824,-0.10466813667868044,19.60557325698452,9.370193551973957,2.3258103853268235,-16.99686438882652,6.312489227759326,-11.036127491094218,-7.0050379031242445,0.3181606685950554,-4.09497413832457,-43.23828400199843,2.5854360051370775,-1.6873468498400175
364,6.066666666666666,35.740364111901,-3.8237682333895657,-25.699164718430723,11.122870217280225,3.9052778727540134,-4.102004699202252,31.2982151436545,-21.034761120393686,0.29940606991724517,14.806554336260682,9.310183080662192,0.03795091383215476,6.265246179277217,-1.7079274603536676,19.913015421941935,17.590684749007117,-12.854810523564007,-16.100443637410287,19.94202857698315,-3.3602325942036892,27.35054453160219,-1.0357919007975465,-2.2611251456241463,-206.13388191785577,-4.508023527281496,-0.0961537692398192,457.20381583895386,-5.132151470612862,2.271594455539986,-772.9352930013647,3.4286801916079184,37.42822197377503,0.4776054352173095,2.230523140224623,-8.675015640700327,2.042058004718339,-12.944936783788608,-0.7868871459752419,-2.487973190329635,-16.91169747647193,0.380238396906509,-14.884173572677721,-42.09615336024164,7.601901556981849,-8.03600436279774
365,6.083333333333333,39.13039330683241,-1.436436929440865,-8.992693595134721,10.801998178866274,7.135961673626772,-1.8327249192298063,39.579479215015986,-17.921530241252793,-1.1964497132440342,17.946216897064225,7.484804285614618,-0.3248339057583305,12.701329523614694,10.665898516701578,10.70976447440959,27.103824984734075,-10.294249355837357,-19.84208117557191,25.735085681176546,0.14945103283288685,10.137715788786792,4.60832115292969,-8.837234547487975,-234.57973444451466,-4.796227509834231,-0.1544435779437453,473.76927273585176,-1.2111719827132077,-5.202681456576816,-747.1134194035012,-0.9742664395455488,36.394869697940656,0.11277159698318173,11.774628836898778,11.112832842610876,1.1107688969547405,-9.11533722427238,-6.375266339514753,-1.4347566774027105,-18.676606363535566,-0.5597156631726945,-18.165491543296547,-45.93603617082525,7.771366901613356,-12.00139001624291
366,6.1,38.470615057718334,-6.010846444656641,-15.854941163028741,7.088409829633198,2.517182646835078,-9.176475794539083,41.60295816603055,-13.058975723940742,1.6426898781230914,12.398412574153863,10.000618888673964,0.5352065163780725,-3.9680220777440827,8.890149316768728,-16.08384817223757,9.323510879004607,-11.675868309532444,0.3259868358821147,27.682772728265505,1.2658254371911488,19.393424003209823,-7.477180039317729,-11.401458435030829,-334.8541235890297,-5.0253903524782,-0.13138982727820162,459.7986918565859,20.784297214132962,-4.201304631802477,-662.7909339539706,-3.910766732926943,47.91811806530117,0.14994281445464716,13.65059028251444,28.11897539117212,-0.5227407547337025,-6.846954669384121,-2.7510356689821625,-21.02898995570054,-18.460144038672155,2.5425325426058283,-12.505198145609471,-26.66395309061788,4.738203271368517,-7.194588116521331
367,6.116666666666666,61.29102619876592,-43.60836875332549,-45.74507186452044,34.91018011510366,-0.9400607087058254,-13.70609701855452,60.16857520221006,-12.798119358344582,-0.42880331489617074,-1.5062351123401774,25.731883495810237,0.698689334131904,-34.562316096894875,28.235735597236804,-38.89323479439817,-73.74424564261857,-52.49490435954814,11.94559146807959,30.253828943147962,-3.771788089006694,32.36551964460936,-6.592687314829549,-5.554225278841951,-345.6841382856477,-2.4361056505573466,0.01880345026588318,436.7209670315214,19.322186169394083,1.9996400488751809,-633.0134044817642,-1.796972406181392,48.93696125656502,-0.06098393139303249,-2.8917434596233242,4.620569873460152,1.0241692453323559,-34.977705203658616,-0.5224979568975915,-54.606938221230706,-23.37905649663665,1.8774065390966346,-20.061661622087357,22.782163244563257,33.12807409335564,-6.398776429352193
368,6.133333333333334,102.32078291331547,-52.845959137255036,-63.55688363044091,79.12560017049562,-6.693599170265726,-13.416736205761321,64.90127753627523,-9.265544660859492,-5.733991753762502,-7.027120505693528,33.458476966501685,-0.5324403574554851,-20.35065446696574,33.52361059640456,-44.86106604251423,-87.18142624855497,-60.47264126295202,10.221413796225113,27.1450812793311,-7.473402769702462,31.68035197711603,-5.738444184421538,-7.578144721870396,-324.80433520374066,0.2676325192475767,-0.03854551613926359,433.60068821555996,15.365475925030069,-0.3254543827214819,-640.9529589851724,-1.9244770655945238,32.15520803357991,-0.31681226066697843,-6.748409195398581,-8.560244571755884,-0.7112216186088044,-79.12350510145839,-9.37041725756241,-60.41524297508698,-20.431451967835162,-5.648093326625736,-38.37394221679831,81.7044371525468,70.55361323457461,-52.839289941316494
369,6.15,94.70841251197086,-16.396745609525915,-107.44518671063905,81.98209744539369,-0.8073090121871564,29.538553796158673,26.12666937187743,-8.367048528843874,-1.2051408352016526,-4.718965140317164,9.434038710493244,0.0023590030872118824,14.526216048191852,9.25996308838529,-38.879556466146056,1.2779676785610603,-40.6419206959361,40.45498116344215,30.503943445785957,-6.9998499409393915,17.84455389691698,-1.099637752796748,-9.085283079895897,-328.9889223701748,-2.6617602493286685,0.08348789043752025,448.7542542007854,19.550674824693676,-0.3172588652604387,-638.5091847711013,-0.7700873348935505,40.17332508487759,0.6369193715232083,-2.872952712270882,-1.0719903606211527,0.09338159085541231,-81.0667574709052,2.7778059030312936,-58.8542921590137,-23.104634916456586,-8.192561009759302,-52.45139147729396,71.45351353019223,80.09353849420397,-43.93685365279273
370,6.166666666666667,49.009897176762195,-11.625242015149102,-45.571779996522324,64.11603353126918,-5.733416303057839,112.5864500565221,-6.009699169881248,0.8523635109632755,2.444790479742877,-4.735223822813478,-31.024437808403405,-0.06944575232752705,-11.635953572788221,-3.4670253595253393,-40.4143423369682,7.822150028509089,-26.047491911518897,32.25826424783042,31.007571408000402,-9.30108452773362,3.869157189279253,0.24671859270436397,-9.916411470670417,-327.3187773346747,-3.24481620171128,-0.08369228626896731,458.68685366814015,21.76339783700328,0.28222572782975125,-632.2805879897139,3.053625714489378,68.53617705999439,0.220477094080399,-1.7959546866464202,-0.4800461770668218,0.06279781535079353,-66.0052069284566,1.6329991706152467,-46.971199746113285,-27.004015606733212,-6.339029001250203,-54.51067352130523,42.31229322111927,68.70067404849696,-20.698036184519886
371,6.183333333333334,83.08890814462394,-32.76354820863896,24.136843876349296,92.77859721643173,7.413645051779934,91.56566277171778,-5.76766959366663,2.9140744878274587,-0.4545844415456746,-5.258744535893187,-21.82788864080037,0.06088581754970521,-61.17421696415658,0.08201050103807532,-30.145759249597585,-72.07649197829772,-18.077061875157536,38.37462127660315,16.609596069223127,-13.339196904144407,-0.8575540281011973,-5.863865112141357,-10.360767661180853,-313.3940487081693,-2.521488753359669,-0.019414638991981654,448.033641579219,20.402153479419578,-0.12496735669825505,-630.9328709755895,-3.9051280591545203,69.24801062356836,1.141525760151065,-1.8886059489724363,-2.177009590893394,-0.06458474138896725,-98.1420473294166,-6.728878858364222,-25.45379577429548,-13.015761997530703,-6.66640723199697,-49.030065236933666,135.84857087992373,78.37515624598741,-121.56587659183779
372,6.2,85.74786838361882,-7.183386686059095,-62.810519404969206,111.71592905519019,-18.282415580254227,15.59541971818087,-2.1015391410958832,6.582673466344207,-0.37313610455535606,-5.017269887691319,23.073196390956205,-0.04247255970095662,-23.283093672398266,2.5336972711297125,-6.266696137688376,-87.44578178810515,-34.76203252407864,46.892792865671346,10.197600937652924,-14.308455154723971,-0.022959242370455185,-7.178238803189268,-8.475110888681884,-312.24039404805444,-5.603017911341588,-0.12333406526278881,438.4739963045266,21.225784944116945,-0.00661885568443244,-629.2442943622543,-9.063339949047275,42.821538138498276,-0.9725257187794438,-2.0623107002326693,0.2685298493811921,0.01686470465694933,-109.50628145593397,-3.0984865115862705,-39.96844295622711,3.2010642955864848,-9.522523056254007,-43.68404654920926,189.71488430146746,75.17963967063054,-159.39323631017317
373,6.216666666666667,68.09795355111072,6.823419624477221,-87.19434171041081,83.32383264315686,-14.982438922525349,29.746980051116182,-4.62771493189764,14.723222797844704,0.28441644605670935,-4.639898566568799,11.177515560142574,0.10949874577469301,14.717803226605065,6.375611299727278,-13.130292053061538,-13.451672575486487,-44.42066468934097,56.62769481777249,7.140472505372335,-6.699739496163428,27.714983311196985,-16.703391727995378,-5.938920148107176,-338.58380984511575,-2.3497061207191887,0.3150570136500778,435.0853772572086,22.085686349208196,0.025930800738290273,-631.986734043087,-4.1294361218985625,26.107302829145922,-0.5131150025207674,-1.8824547111140664,0.8653089319347025,0.006414703079518095,-86.26100130672776,-5.264630629060935,-80.55293687746183,4.551291240609052,-10.917766803482351,-17.845313793550286,33.46690681312632,80.29158551977235,7.000720185595159
374,6.233333333333333,44.69715307055708,-3.2831698814399792,-73.91369126122913,58.86820103720319,-23.680503450624773,87.35743882294085,-5.346949437022627,17.75074895210861,-0.13188388181653443,-4.528047389084465,-13.632303257333389,0.18320296751975382,7.140750796720248,1.29310603949235,-10.927060400913557,2.788124790961105,-26.878216198086346,14.231537990824403,-7.230827011661003,-5.620018308579618,55.94806814787466,-32.69561165702072,1.5084706717869523,-356.435049542779,2.390741263207453,-0.3339529218516591,417.35123932031087,21.58760239216098,-0.04180225317543316,-635.0053038246433,-0.19472416345633262,25.876199744427808,0.7164843953097225,-2.2980431754515216,-2.626645321231448,-0.0027646080777108902,-70.73195442046523,-22.0142864647925,-94.61490898108151,3.642131086434068,1.054929906949528,2.542527564027715,32.66322911980534,63.45215828101195,-0.5418932612673315
375,6.25,10.874982403063619,3.6047075891228886,-98.84136410565941,33.99927792630075,-32.551203968242916,60.96507322487203,-4.865784880103596,22.167714147647203,0.01100760508010839,-4.512326690342291,12.801524102156963,0.15730778407982443,2.946475354512063,0.6308937106025607,9.721671426990614,-6.550806140013944,32.23352043438922,-23.342777210621858,-11.27794048572959,-10.755618559754666,30.035018477566798,-33.38075220208977,-3.0701532467816492,-331.35222040093606,-2.7771146921000525,-0.10469630375630502,412.3477849281147,22.89519687802495,-0.0305052802910606,-631.8160367918266,-1.8098407531919924,21.94859881641078,0.2665250436689358,-3.511364747666365,-5.483849000741978,-0.03623194249739236,-51.98100688587224,-21.71991700470408,-71.0902220381704,40.45446335321346,-10.161156412810143,-17.74880244700898,37.12961125226948,35.495902233952876,1.2435332831660266
376,6.266666666666667,-7.404850063607114,13.208522038016815,-107.81040406926645,14.400783442051926,-27.69372154395804,41.041573716316066,-5.079919346290397,24.789350631991695,0.02627633812848883,-4.018217865181995,20.385096864831254,0.07239264107713173,5.182214706411471,3.7000303899672655,15.737119191813486,6.128292224165827,16.41401216981136,-2.844027242110997,-9.131504409461535,-12.152763314315866,19.218999288789313,-33.95886879756725,-2.3715175110671223,-326.27718989140305,-4.336392935052224,-0.27023277622969755,438.66050771796546,24.95534298517076,0.03496766457296409,-629.5381383378324,-2.9609966575982503,29.831031082853787,-0.09576227647577229,-3.805378037740023,-3.6034755451251446,-0.003426525311468027,-32.74465658342191,-17.476181212979988,-73.62485441959598,110.06434822927419,-12.781694603177453,-41.67570678330075,42.21421341474611,15.216629837991377,7.0029700532474415
377,6.283333333333333,36.97463728566923,2.2380977917720735,-111.35706271845365,56.5814737662869,-19.542834244494777,60.309110768382745,-4.812102457864442,26.128849449684516,0.0067228780053895975,-4.858441640835515,-1.8369974366501933,-0.04224557878203263,1.4697619940867286,4.765730016386734,7.233382474721679,30.09154697206026,-24.58903926940816,39.40861283997904,-16.096083147049587,-7.404454961605444,59.767819504251996,-46.78213828777396,14.131700813932062,-361.197760361255,-0.610271677799939,0.23682162946036858,448.80140577705697,25.972674470622174,-0.008960270839074446,-629.1668944825492,-4.546464636546154,44.189048033136366,-0.0063236638125386746,-2.657151111460608,-0.9443788573135027,0.015003064506721522,-67.97354932128617,-43.26977632233097,-109.2283726311767,73.93782969012005,-44.399637965199524,-43.773741191779514,45.16379872027941,58.211872535966606,-8.459505917695159
378,6.3,92.95454260325714,-7.143289771089826,-112.97928252826856,111.57511991795191,-20.303621160975837,31.083406027819805,-5.190923034539294,30.57734579506879,-0.07144408206204247,-6.185769844417097,10.008587137888163,-0.05144371440426207,-0.08532986797458665,5.773757279906819,5.67523239799416,-0.7724903476574009,-55.431097774180444,61.923332889162,-25.483798974010202,-10.55397461268294,82.02266204676127,-52.77102371042741,27.937964458774946,-378.24514395361865,-3.210912403654522,-0.6766928774311153,440.38710968119835,26.760852584551802,-0.009932009928353554,-626.4382146269999,-3.9142985933447756,39.28585667254391,-0.43053556209877625,-2.1144829148480637,-1.5468433348081652,-0.004571475195078703,-120.53965179111512,-55.191967196832444,-122.7391623773581,55.30282855656854,-51.05085132650699,-21.943468331728685,188.43934499368007,67.07097452971524,-159.37967883678218
379,6.316666666666666,49.616962531202645,4.704747474124897,-127.767717372369,74.19796018506693,-29.93439156552568,9.212052094455524,-5.40613136039199,29.27980110919721,0.04785664031012569,-4.292382587986944,29.493346597078837,0.09090716153137664,-2.1945751115318908,4.581947639792095,15.31194242092689,-49.177654124771216,-51.22230226521568,43.57155092284471,-16.68613054748729,-8.910936001556085,52.65216670158717,-46.73535191206075,15.49688167853171,-360.97380789953314,-5.266522409422649,0.8352353277719476,451.72937741792384,26.920972490058574,0.008717942067042654,-627.1001790784438,-4.204003957159504,34.98737955245482,0.4456019999433271,-2.8194196752741534,-3.8661705064354313,0.00571228720797492,-80.62727131460856,-45.148670342438386,-111.41716115267134,113.08317511673211,-34.19802392839051,-65.34374507204586,50.92850877395174,70.12955143654887,-11.992921012740592
380,6.333333333333333,22.043660378773716,6.69743194232689,-119.75938452987465,40.236243416511506,-26.051300550711524,36.261769846239694,-3.12341118266381,24.021568101966317,0.09371605703023525,-2.283290065486654,11.930663365018644,0.06718282961597348,1.7219663910027634,1.76032775886919,31.52886550064526,-0.19902409941574506,-11.791052333897522,34.20992042103056,7.619780985894441,-7.812957681178529,-6.238056841632407,-18.49535695332985,-5.656157873384755,-323.40999637069046,-5.9332105027160145,0.23998594943369028,470.04481764167264,27.0768915186214,0.007230387560511886,-632.1653744193053,-3.6748142994401887,28.52765189685256,-0.12375554272119889,-3.959753526791344,-4.184179300835123,-0.009916011114610549,-55.14498248615705,-10.302900068379406,-66.00574393744446,39.04112210653491,1.9846997607390853,-77.09383574497045,35.06090519026336,42.007557388862644,2.238754607041815
381,6.35,37.308660386722586,-5.862255728602079,-109.83277072239206,51.33302927374023,-21.352126635436715,45.62515084666014,-1.8321603010187184,26.268106208386317,-0.15972230539152568,-3.8569400502604716,5.658399944541699,-0.04506715186080983,8.09536020052863,3.5654293850881884,38.117930919543504,20.440062922061532,-26.002698479425025,26.90746176075728,7.3278448207712215,-3.8170220593504833,6.336254913046603,-24.36819580459683,-4.081873502324901,-329.1991614408137,-4.4990516707839125,-4.335878452521697,463.7815909240366,28.52369276299984,-0.012510433403843875,-633.938763529331,-0.336906515505122,5.178803804647788,-1.151842589071652,-4.368323035205792,-1.922106363149336,-0.0018151890643215674,-71.55118524051203,-19.617064595502512,-67.53780395018029,-3.3226692528174606,-9.838518102261567,-64.58384455629036,37.84885237499715,55.34232572484128,-5.352654936510601
382,6.366666666666666,42.741496118317805,11.247381512367959,-151.80551465334108,60.58102236699803,-19.481372813065946,40.282210085563,0.42137690269835576,18.42569898305752,0.8948945325836837,-5.967997291935455,9.151854441043795,-0.02862032182155682,-25.901382677698003,4.321607756814136,2.3388273169350255,0.5309858291098128,-44.26827582292206,32.2672034041208,-14.360899328873332,-8.817829274535317,92.20684959682065,-47.881428464153494,12.999951037198892,-354.57878521321834,3.133738488330807,9.637903151038717,414.3498888167402,29.919240087090497,0.0003212636645451075,-632.0598549869948,-12.732241896455943,-12.030100595869607,1.0037778858608126,-3.417397538449227,-2.0675645985299447,-0.009505437376698758,-88.90161096924437,-47.99769612806441,-86.13825782866317,22.49442185131791,-11.39256243544293,-5.364869794465389,46.29383972316296,61.29858556346131,-19.17356223290156
383,6.383333333333334,76.59867516993263,12.303009840441716,-196.3468496426971,66.3297091661834,-18.66317019590839,47.86068395875903,2.666321802782493,-0.10654879293770868,0.9244079096025456,-4.324739487088974,-9.785757433721624,-0.027174410439361234,-66.7044073326062,26.166410314680725,-28.382489024608525,10.435136011930483,-28.053287788116748,39.25918787308543,13.781590426061276,-11.607856311211473,209.75985428510953,-31.489948086793042,0.7778017297958378,-338.7826735116514,25.248716668666994,19.532035141077117,354.29680945971126,30.773042519394274,0.005567283549671072,-631.0702475853518,-26.556764460534907,-13.87404342104021,2.399326940996315,-2.7933558401363343,-4.5642052189157285,-0.0036719625616889236,-103.80954051104439,-14.674323529150815,-46.92200616440363,12.980122105273676,-10.953648969265632,-18.820578612797256,18.07328746558278,75.11564866426602,-12.5946563415976
384,6.4,58.3137519205314,9.34373024426153,-126.21097872734282,57.66089091638872,-20.9585020752927,41.18987885953272,-2.0510993158833335,9.78034254879856,0.5564527908816291,1.1749620856687435,-5.173317570708155,-0.7129443616623219,-27.586111699624723,1.2539284743279728,2.528239629905718,24.777916585589033,-20.61071490886653,27.839053807315306,9.979083017771059,2.2406736419626507,329.80657045212774,-0.6533222230432452,-6.861379138007563,-319.9042946644091,22.20099892655251,2.3993047252944395,428.092407132278,31.700495290707345,-0.002124189167040818,-631.3865630276889,-11.117266569848999,-0.6840531690686221,1.9742221489864158,-2.0190125023362997,-4.096302095333229,0.023731283554363995,-73.35841347111554,4.083057223129055,-31.610808893415424,-17.028586982394284,-10.541830534466648,-57.981247655568616,9.946792410376489,68.7101062742325,-0.5381789424514963
385,6.416666666666667,26.75543867686139,-6.31564834829811,-99.77123581646975,45.67272083223916,-21.839833796290403,36.908328151846,-5.7871056819425695,28.874071057823553,-0.3069096971601298,5.312463840091313,14.563037636478693,0.28006468138595436,5.917392981500258,-1.3843213638662848,23.525135586143602,9.920256354249243,-7.004464493516888,5.859177278405478,-2.341584946447807,2.6570580022584944,349.1710685295172,4.915732372743822,-7.130412410563595,-326.74289320811766,34.11077940607374,-3.495508700292034,495.98954367177964,31.744830190658565,-0.016565479543060015,-631.3144522776116,1.4775801732046314,5.166985583619134,-1.2055074795979746,-0.47969603730368404,-3.1863517977305085,0.01665487421200386,-51.70752105939848,1.5859631093941928,-66.41321197293303,-24.761619678909128,-5.924543510180105,-46.8438155312397,44.430733333572796,48.28835395796653,-6.728630341078458
386,6.433333333333334,30.956745258269425,-0.07921164697455835,-104.5838766578802,53.593807600351546,-21.584223138211385,43.98557241071157,-5.037052036303956,26.760330571315578,0.010832965698153492,5.105161207568815,11.301443252183411,0.10388575748514993,1.9785454658211163,-0.622803284057592,8.158602964779131,4.017290921942049,9.297783467599913,3.2611929067605003,12.123704120211512,-6.549960298887455,386.7458967317862,2.758468437753177,-6.713732151532605,-329.4224879882901,21.16709374841014,3.5471274931066805,443.07406285310793,32.36904251799708,0.02475185835769689,-632.3438471726354,-7.417257283418834,-12.132108150891618,0.40244067125160055,0.4873694191075247,-5.29702667865131,0.012592674433175624,-59.08015573726657,-0.5155520379296926,-67.0914266439648,-21.557699594811876,-3.4666334078015306,-24.827273401726323,45.66224467855038,54.12364324007456,-8.854164821767197
387,6.45,29.82936114204412,6.405159673031325,-89.34383602502307,43.66273794501855,-28.16140648675811,41.45645146634719,-6.969605037210342,21.222933223219545,-0.5397651834933842,3.9876058353921664,7.322503086073381,-0.11029015224377395,3.434686407592112,0.5313071472009766,8.677900462968688,6.848206098446827,6.037580252288726,5.657034581106992,33.27837840216206,-5.956777610999098,474.0835895860988,0.3900544068220315,-7.154206782245405,-329.80768596821895,20.2382903514165,18.092174175644583,353.7494370460483,34.82358960885408,0.03004380740607254,-634.667022825652,-12.488279021356897,-22.850040386985857,0.1629951383659323,1.2673506271564237,-5.836159393537965,0.015823402943978913,-53.012999961791756,6.113625337981806,-56.01978165715436,-21.98787691974584,-1.3856945955646007,-19.157611663877873,24.742977023176966,48.121452237385384,2.160171447979754
388,6.466666666666667,2.855072504150084,6.031111148504001,-118.79363206143407,12.715251237373067,-36.250035686335984,31.656358253756316,0.48944628407635793,13.127771155902229,1.1109397157362177,5.846242547141702,12.502030420931627,-0.00421516672102077,-19.234293382609344,-11.735605735255424,41.10458309569293,4.121764874173016,12.231703334572552,-2.3075311861018224,24.349710455468344,-7.363538824655918,392.0657273783683,-2.6280411077006316,-7.2029144604652675,-329.044264063441,0.4659601169569609,9.968808947756006,441.8182129450201,36.84629668711331,-0.023828867154069653,-633.9008720069736,-6.452250390735659,-9.603591296787533,0.19239745628222055,0.8395541600159135,-2.8603237312825645,-0.022440209715728524,-26.483170896304678,8.850855994522076,-58.389579187235704,-19.740164223856166,-2.5034792876827487,-23.23396084009907,26.498721443509737,19.570920102279594,6.799578421309653
389,6.483333333333333,16.122337126581197,25.000785475020137,-252.01879219596904,9.321368793417662,-28.119377287540246,36.39906362517431,8.870055512119512,1.6169170397894757,1.4454934042870073,8.596677004137682,3.014675439299666,0.10723701090611228,-51.76116671321742,-25.350216366325043,46.961624125340016,7.696564688037925,4.891394888991538,5.04243261590245,33.86989603064659,-1.9234642652294345,288.72907793589917,-2.9160901294474577,-7.072035254575106,-329.13280685572164,1.7760402800605053,-3.4524665519528432,522.5571442624406,37.806224036315655,0.009693606506441927,-632.1050931121041,-0.8956155925908691,9.104122591657845,-0.22924353695708877,-1.000137827733956,-2.334830562584664,0.013114659225436665,-22.439775520862106,7.943763592879065,-43.70995272645902,-14.499340763668812,-7.6263117778802325,-24.27434482580031,13.076708104056232,16.300232537311793,3.8807993533283236
390,6.5,23.202798089441437,0.43518707476194013,-328.6431732960675,13.75052620215873,-11.690105982016556,52.281379379197496,0.5109320716833686,-7.744710073453574,0.11353913543400776,7.771644982368815,-19.520224628193347,0.02839333342097708,-57.69693618801502,-6.9853800145885545,-7.207836889901029,29.482877880290122,-14.821445415839937,40.48827246258264,39.488273490218155,5.587141138315416,259.0967022759455,-3.106387954406206,-7.543464168755877,-339.4028797508552,2.9233067780879867,3.202535227937024,581.5180553422982,37.60209084501423,0.006503198949090826,-633.4638090889674,0.6571231599165466,24.038261826004845,-0.36481990840251227,-1.1533250428047601,-6.94974264586581,-0.013707439616344482,-29.24559913378111,6.77417817440693,-28.785903257345566,-18.442811815647655,-4.4642630925371725,-10.77686644938905,-11.268013905729811,27.336891479634694,0.13078290657689742
391,6.516666666666667,16.25935612531516,-0.31879647247749493,-324.4322531189554,7.789528120025027,-13.501620395207958,50.079445349792664,-7.303452071705555,-13.807220612135552,0.05993312537746247,8.983354814802754,-21.91474837908167,-0.24990218251182164,-47.66672254235869,-2.949559869494588,-43.90739778617075,26.771151789289284,-9.253930770312598,38.26637134148194,39.79661824156057,8.113267048338932,240.06897914888307,-4.6330023037259185,-7.934562873522042,-342.7821115171121,-3.1691475288593303,3.220307035849733,660.5059076357909,36.64765154159311,0.006596755754256192,-635.8909572508029,-3.159568991709796,19.484375077229053,0.23905085233011167,-0.14427137461143147,-10.019678714053544,0.004876751508859429,-25.603896220648046,6.059546404519907,-35.84151452003321,-20.454317303628972,2.011502055072131,-3.189007725923101,-8.905973686881524,23.15424487206597,-0.041192738635041706
392,6.533333333333333,9.009304657506249,2.6284099503363128,-342.59501206363217,0.17726664553033544,-18.40373895808477,25.32417911287274,-5.031226718670907,-5.9771042960591565,-0.001362837190185915,16.05959256825991,-5.996906566815289,-0.2714480407275779,-8.878564403572753,-0.4100498025168349,-44.75313254925626,11.21719364351553,-10.108619882792791,10.589586937269235,40.52402211409638,3.790456203689849,266.3799953976192,-5.054489275166114,-8.164941628430618,-334.6961089265989,-2.930449126625251,0.13894828094062597,576.0275182112209,36.617087461997684,0.015436446256368481,-637.3101355695,-3.418064484950936,7.287779501150537,0.04267400743178181,-1.0959300788107225,-8.399867068479233,-0.009708400654229858,-18.93547519369898,8.283729579619775,-36.074665720972,-16.64799420874234,-0.42808131960084217,-10.78197622286805,-3.5422191319654135,14.300929967306647,3.0326312629302157
393,6.55,6.944831346850848,2.8918706662801394,-340.7858456983989,0.8928232215292216,-14.923846838399282,23.857636876998377,-4.447459018419004,-6.67575606012325,0.014810354789462956,21.50488157458285,-0.13715587226141043,0.2748036716242647,-12.760350153116995,5.015381961848982,-45.385997227508845,19.054104210421595,-49.35607592205541,20.076068384187842,36.52104823311602,3.630122692866245,264.92148628620066,-4.880516171408623,-8.25720745517831,-332.45785180250647,8.04189819038062,1.1105669872056945,522.2794853117741,37.17661920971863,0.0017950884688698468,-636.6640889699371,11.210096800168767,6.525647811105172,-0.888128054951001,-2.752603844780943,-6.657437242201998,0.0015169002858744741,-17.63394278079656,8.138420756185935,-30.495130697629335,-15.144042155466286,-2.194815589363395,-16.29534938487276,-7.506431659808745,13.070504199551623,2.4233459786302336
394,6.566666666666666,5.967634022210382,1.9592711057837582,-305.93562066728043,5.300790521186655,-13.312300065773728,33.41836477262935,-5.28495101475457,-15.867453400590657,0.006540399686948967,24.69493220971128,-2.5227772037085323,-0.092999660182691,-56.52661357705775,8.808725687612814,-46.39877414305409,62.6649648754424,-63.92353924777329,68.79940483513067,33.43439138837877,2.554121376241863,207.1457495894045,-5.688440959205589,-8.472400639683164,-331.33615445228395,31.081139043582265,-1.5304753439844208,570.5056739442722,38.20407940985958,-0.00784679778861309,-634.2987580307589,13.177935189360268,-2.321022234519984,1.1782733018590203,-2.72821664481261,-5.762889198678562,0.010420313251794917,-21.18539495943878,7.396596037250502,-29.70945225599391,-11.309974325029936,-6.302074797104594,-18.915983337127035,-7.00010398245558,15.742738470647108,1.6929859409778272
395,6.583333333333333,7.869794974209112,2.9925631562189854,-333.2681283372133,5.716490632806211,-13.718393054676616,24.35826561877222,-5.179050995911026,-5.288410830624195,0.0283468193222475,29.239871397313568,-4.137511005449336,-0.010748731800174775,-18.720681711052336,9.218448623600015,-48.70821423574911,28.47552494582271,-52.4718804965102,31.854213694285413,28.350140901023597,-3.010175827680384,195.30811380642808,-6.446422973317333,-8.908705348195575,-325.00240585317147,34.381300338328366,-1.6410846035808195,634.7213668704776,38.82450606158602,0.0071790186283840676,-632.3750651048405,-8.484959340899524,-8.07801497914109,1.7351858676124323,-2.3518995083532386,-5.992415002654763,0.0002975068596288157,-22.126491557935022,8.952696891941857,-23.25929991227722,-1.34360321861933,-13.967899344592677,-27.380159142774414,-8.303971297946156,14.995454211481515,3.042748050964166
396,6.6,11.727673685542735,4.01735039196279,-371.0024159216769,6.492060281134584,-12.097935505194716,14.960564622505057,-4.500357336238212,4.59861077440417,0.003283175776018938,33.654290950300386,-5.986932211618513,0.05583317222681811,14.964290592393674,7.46091034817002,-38.73726717358365,0.7988711482696003,-13.730725784015881,-0.4417418186892668,11.135875321253332,-6.741591709860296,237.7433627159012,-6.467827631835533,-8.862222162102672,-321.6604410341667,4.968207597528727,-11.051638113499685,575.6458311298803,37.722712522907045,-0.00411101867293067,-632.4754308521462,-12.682304335734262,-0.16421899235289647,0.9075992097748679,-1.628632830673226,-6.965700202495033,0.0022008075935877128,-22.02239980651827,10.002683158208002,-15.293116434021591,2.0302316460545953,-15.176731248523044,-32.526359330930504,-13.590894967480626,14.437262606613919,3.4621540986678374
397,6.616666666666666,13.213983775141529,5.543135161587715,-377.3068565689732,6.9114875229227675,-10.73781514435682,11.124139502760228,-0.9134709838176671,2.1235490944062754,-0.048896611947278554,37.14586889712026,-5.993031812666742,-0.0555788520059273,0.39213448220591274,4.309112866991395,-15.620759970295063,-7.734957127370627,7.1869105262018245,-8.973452736749357,-6.528045176256977,-9.660922347589175,291.9645801223472,-6.610974994728605,-8.29092300964636,-323.90942382575116,5.514819659706846,8.513871321054292,512.4134868582064,37.12639922011987,-0.0031298307292105536,-633.9301846483105,-3.9813339074475715,7.156155653828229,-0.3166505170646076,0.6740042499200377,-4.5826173674474715,0.032352978493183936,-20.954687944944418,11.518605519830494,-8.937273296652084,-4.234876390827043,-10.7952866335919,-27.995574766555443,-21.60900846817335,14.11278720098443,4.213502089659718
398,6.633333333333334,14.124137682820459,5.437584992903977,-376.447269004725,4.2390628428904,-8.653488872788335,3.5980821421364824,5.383499889146136,1.007049850518271,-0.006483239051755049,40.605589890367234,-5.679702245888221,0.029653205318347586,-1.5268890369792383,2.093667167425168,-5.477325424153285,-9.646917328326689,4.821266295653217,-10.373372174202801,-3.3244065263741254,-9.688146184596844,350.11825868826213,-7.431833657184096,-8.465394156741183,-330.3241329760564,18.625783052072002,5.461022051272589,472.1625446453546,38.10463500170417,-0.0013323549168753055,-634.7258158543202,-4.363303198717791,24.092415445825445,0.5056503713392997,1.5111018885096963,-2.7101209940391744,-0.0071658159854581325,-15.871271460496043,12.053198749623496,-4.807553529863211,-11.733579130543335,-4.63850950189196,-18.870842974460007,-31.167906261832997,11.221228516440897,4.180082311222978
399,6.65,17.76342292221069,3.8852539720796146,-376.84118614007565,8.341000897976308,-5.511917907214776,1.18007155699469,9.292438692667776,0.14460862906307467,0.04783300575663159,44.61821354835616,-6.923292641868762,0.0061843731317081305,4.7824099892195235,5.7304533630728836,-6.797701471729117,-10.173075988728893,3.0161925590021124,-11.370805584207195,5.5846622802193915,-3.106050608256264,358.54566410309644,-8.777086239722426,-9.023494767166364,-336.55206546863184,15.007045286488873,0.6329487041812457,474.6970507944088,39.15614695492654,-0.00037182278502242587,-634.8273621720123,-1.890156314441073,31.415877992162976,0.4391893185710161,0.2163652419012304,-4.664931616172341,-0.012609631948439002,-15.766537767776446,9.838380139504476,-7.563711728565261,-13.30639724349976,-2.4029369523833823,-12.740039353894023,-33.53817681800559,12.914753928048022,2.3110789163476055
400,6.666666666666667,18.468332339747075,3.0122203793929647,-377.7876207675293,14.304084920451006,-3.7602728689744223,3.5493847389508786,7.857116193846384,-0.10236202414582472,-0.011090491815777587,48.29405246012727,-8.037944272587527,-0.024381993266871415,4.472023965058755,6.98128269073357,-6.801417112754255,-10.824411124671077,5.6483759414913255,-12.923024634401514,-4.850342826097398,-9.734353529927537,364.05093743406366,-8.892798479182131,-8.966424009410177,-337.7056947724154,24.98782595887162,3.1430629974991886,482.23911998143984,39.443432538523695,-0.010415836491172791,-634.7210883251862,6.990515763635893,22.216862017128435,-0.7076003628055675,0.7510494771708359,-2.761404267445119,0.03354835908061146,-18.356751979069372,8.587870774204209,-9.13776094586716,-7.846223729271487,-8.45747293687944,-14.849383108014132,-30.70046260321287,15.735150473411553,1.0463672749101656
401,6.683333333333334,14.17387414008371,2.213493723154904,-372.7178488261815,14.045581230010766,-2.5616305561869694,1.3785753149504731,5.792647690480156,2.064572365644109,-0.002720703999415427,51.11532698234941,-9.182519927182057,0.01831843794808489,4.920894848642925,5.252770631472533,-10.280850413564375,-8.508399398168216,5.448200216297869,-13.582092388437221,-13.144123491479833,-14.942662114270133,370.1225689782645,-7.924531571961096,-8.755372159334286,-335.27243133122715,36.98698645338917,-4.4122541554336685,439.0120249142753,38.230125659977865,0.010644390216657406,-634.216884941264,1.7415013116878737,13.613070453669785,2.369438703375975,2.69169092069923,2.898269329677811,0.012970552593321187,-16.830543884869602,8.359123958181696,-4.063590933827588,-4.271445764644653,-11.37121717858945,-19.526118929228296,-31.112435018895066,13.525416808845362,0.29310793687416403
402,6.7,12.01214631555067,-0.5202319528027639,-367.99539068246224,14.546057663678857,0.48468617635479855,-0.8607169167301111,6.428915578628289,3.710310369457738,-0.009879005104588313,53.742502512583194,-9.435536725601,-0.010949703627876966,6.487480123545966,4.580548619366842,-13.02916010471871,-6.71233496270424,2.841863501994555,-14.579201285337604,-5.171609993733907,-10.92866676689331,347.01176056221095,-7.463217949692633,-8.470161661031659,-333.57601052586716,7.789049437110012,-4.838614776908922,343.1351505312724,35.19796702936123,0.004026459587203239,-634.6811286788711,-4.206917410084416,0.37222056721741403,3.893797525321659,3.586413011103486,2.887491635827181,-0.0185401744950005,-16.030823022597197,6.670790184766691,-0.09405381150342364,-9.92878969853519,-5.617503694275056,-17.47345947399513,-32.529557602310675,11.799018141524126,-1.9174530425217073
403,6.716666666666667,13.663695645607463,-3.024607614219141,-370.8546877213271,19.000081054171275,3.6762371511918586,-0.5339496717269481,8.618168044149565,3.4461148971798257,0.012985752100700328,56.10422871383664,-8.77832446382753,-0.0030274325901400523,8.319364694746502,5.945445779676483,-10.427824766128332,-6.578108003201537,2.224459835742051,-16.050832006276554,7.084278737752049,-13.675266149976013,356.2811815032728,-6.323816913393127,-7.591977660250765,-334.8451288041485,-0.8797105321087392,5.524347589820139,289.20841959271013,31.73824276798956,-0.017023104709377297,-637.629540936464,19.117212050995672,-5.711561785512484,0.470113349237457,3.973453834046532,-1.2068844654576725,0.0015546033686633348,-16.927283814817475,4.484849095198151,-1.381883135006989,-16.25913872575455,0.03834351314217881,-12.924040545240485,-32.836835653538024,13.226209606988151,-4.268222255425889
404,6.733333333333333,16.283326608711103,-4.019867290913773,-371.3184817858645,24.236354320559155,5.2949436077472,-2.5183410735356926,11.196683831646157,2.494346622929236,0.009541193781693037,57.911869675792715,-9.323512103130783,0.008536027445438228,7.629719588559151,3.915154417580746,-9.459985767768988,-4.733542575126593,5.86559265527223,-16.75363197043251,17.439564941718267,-10.476148073073238,394.4851822389205,-5.214901165744062,-7.001812745933224,-334.85343598915193,-3.0501892447935517,0.04089069242448145,179.20556909460208,30.969920510925572,0.0005937853226173437,-640.119917604785,34.76820324395904,3.0174970635667733,-6.757450267607964,3.2634217384213753,-2.4455933078696828,-0.018981017554672987,-17.08983493649036,3.6832568631164615,-1.4253793891034026,-18.04942261923255,-0.5678897670173652,-12.241234546444343,-34.125621578091085,15.270197178459531,-5.483093228322162
405,6.75,16.99779524819384,-4.936136777568089,-367.9544230556858,28.242005171322976,6.468033135885116,-3.977314112169339,12.562595566531352,3.0740037329315513,-0.004462647110403031,59.01034166276145,-9.755490596103293,-0.003659852398007999,5.145418965470173,-0.9177433584257276,-11.820064174247575,-2.146709539359516,7.6355018721387715,-17.1448435858613,14.156078508765392,-10.771320902743547,389.6436854375627,-6.755111585975449,-7.348149432340047,-331.0867180771973,4.209213465669449,-4.842336328297889,110.81615639062971,32.45003398098779,-0.02235062446991877,-638.3493799790696,28.13175439985693,22.163804496856557,-5.906554488300674,0.6253420245129738,-3.7636100586452246,0.022691785568279475,-17.765735564641336,3.5675549091371717,2.161946632128457,-17.27838992936395,-2.67549039893246,-14.8800729613874,-34.38014661798865,16.4077997897026,-6.39630099051399
406,6.766666666666667,15.246551618262401,-5.58183257939203,-368.8386490616279,30.09522049886044,7.000332504683712,-2.6545242322661466,12.472599925583925,3.8983426904704785,-0.003152577305489052,59.61263205843695,-8.244496351544699,-0.0005414387850064445,6.056512799119665,-2.439141028689266,-9.207586446185559,0.6399281711515393,5.197008020665129,-17.832414428092477,6.7186342461294615,-13.845943374358797,381.16049061256354,-7.885603569850943,-7.423369631557791,-330.38726870471123,19.40925434192103,-2.304125052981079,142.85475926248242,31.979414660080437,0.025643918567470093,-634.6392594423368,21.14161331293869,25.56162099905401,0.952748576396829,-0.9012014734463595,-4.105039835597438,0.05348163665971701,-17.61320593052818,3.737444342581302,4.172167165886348,-16.248645060262522,-2.993939313158541,-16.43118828709168,-34.12978901140428,15.8210980970611,-6.548014306905178
407,6.783333333333333,12.881974025757911,-4.701787483606881,-371.6473847363137,30.625196291126116,6.464137003428806,-2.407963911350299,11.646377100273103,3.468542033962814,-0.0015612053326094304,59.47668223664029,-7.710039276818933,-0.022654136574916845,8.991121973566788,-1.5245206803979638,-4.0538774497337435,5.783267633833352,5.574318219634969,-18.43167453673576,5.125169251500389,-14.838010097601147,384.5272274466941,-7.108617569937803,-7.106957835136811,-332.91811300033635,9.053456607061364,2.849177451592854,178.81269425831252,30.35155022903368,-0.00619969875100173,-633.512460394702,-2.7544193945756263,7.32194414954503,1.6125906201155176,0.8809826876332052,0.9138992421267649,0.06071729475522827,-16.13847073168944,4.179792656763333,4.162746943134103,-15.270335651801494,-3.8337376311880957,-16.291561366944336,-35.005444965871185,14.332674208927953,-5.784843229993653
408,6.8,11.127926438143547,-3.8429835091390374,-371.69718591920713,31.893114582097834,6.219235663674754,-3.1311487490788825,10.528686936021018,3.363147344935591,0.0032824491279820046,58.4175024299071,-8.275321987627942,-0.02424848555491698,10.083043045590543,-1.7025642849010556,-4.320409190614695,10.314231023561359,7.333836838391089,-18.727111279692362,5.127909035403749,-14.506862234989402,373.0223698344424,-7.470677584052315,-7.68631407329602,-333.0773167174267,6.291370969043564,-2.831909682358841,181.82561270940744,30.162409595384126,-0.006446541991661728,-634.2395181888419,-14.008495211576362,-1.891499396495728,-2.971558750338584,2.6440873944376926,4.218833918152954,-0.041791072746406054,-15.776478255898324,4.142350919063489,4.388258221478868,-15.196132273411473,-4.256468971219564,-15.446570504292364,-35.125005092107195,13.812520097297387,-5.521599602232323
409,6.816666666666666,10.51244534572277,-3.8021203351479254,-371.31180493030456,34.659042334156325,5.81362528433663,-2.3237225484082566,9.680746591048049,3.8586244540873524,-0.0011175294220145003,56.796559097703906,-5.890501622917803,0.0024775409322120192,10.646800926064499,-2.1015795140714437,-5.051609909668037,9.756991441059402,4.675786616204893,-18.53311504386644,6.498738523522611,-15.61672993547277,371.9294957821638,-8.184027256415197,-7.969811799305989,-331.38497103902347,24.811212346253445,1.2440353379298892,163.12732118093518,29.58924471781266,0.02233340071302071,-633.73953378682,6.609494119408644,11.8084516722157,2.8513408026641676,2.3993453429397085,3.599897592560293,0.005667489627270058,-16.288211400562574,3.9426157681411103,6.762403852110879,-16.713806463423733,-2.952749044476138,-16.882508011019908,-35.54075026852028,14.47047401555577,-5.728014986765347
410,6.833333333333333,10.317988630914302,-3.23869590643126,-371.4229223438855,37.31446154656419,4.769426018343153,-0.7519291726594974,9.33811007336412,4.14889126376354,-0.00034440577710132355,53.680411397128054,-2.8437915895646557,-0.0006274928215615411,12.05736747508235,-3.936772230110046,-4.214155949738566,7.857516210062557,4.150336851308642,-18.24406947379183,9.31363954016758,-16.150816083845893,374.79525662672336,-7.957629820445017,-8.016226994842262,-326.852260681842,33.91880226295166,-1.1691665104713689,107.60393177197811,27.79145554105316,-0.01412163326475635,-634.1361488284966,7.0777708833873705,28.802440416389487,-0.8153504671595903,2.5893919527952405,2.6772343121284057,-0.001683527403432185,-16.99070480752621,4.723090584330187,12.178719663045557,-17.730645074068168,-3.0685445535758027,-21.88419221368423,-36.37864937449711,15.378353081191086,-5.463024469686716
411,6.85,8.863846341343683,-1.9209946845599637,-369.7852888663173,37.92888738785461,3.5101731322053737,-1.7922184372806258,9.436533946315368,4.096810713156114,-0.001059111039751743,48.956892402977836,-2.810081160730367,0.0117150585986376,12.328170636162396,-5.3414781743508355,-7.026930469762896,8.445266724833596,7.25783084183139,-17.499608992096007,17.841181988723264,-13.526366370806754,366.84915931075585,-7.264647903535778,-8.607300428668172,-325.79077849436834,16.6154506102128,1.4037915187994514,93.27415722126091,25.62258682923292,-0.003646303524622662,-635.3410886621815,0.7884686612993558,28.337940087889123,-8.243547023099435,3.204321701336083,0.46681570935242916,-0.010574035754142487,-16.152752035249446,5.126589109647317,12.424452244650174,-18.669003969582647,-2.792102510182747,-21.095927308697526,-36.8117842855014,15.34734946193422,-4.762142792102458
412,6.866666666666666,6.4911632204814955,-2.236935037535093,-365.5297811603844,36.65708527999105,3.4009207055771298,-7.051452548195593,9.591232760066207,4.346596012318477,0.001063604474183903,43.72793015319108,-4.620634793861441,-0.020125328712689503,11.316862222971942,-3.549240120187162,-12.651802206362161,8.4796624929638,7.056853125726174,-15.552552457134912,20.67236238338142,-8.11158468448802,369.27356864367573,-6.1485120824785,-8.668418305977477,-336.7648977303807,15.330123742469617,4.517471341261469,123.44468873502849,22.680494045089002,0.0398376749014792,-633.3885586356245,24.271990241477628,38.8360715643495,32.68629398893182,2.9569643672286485,-0.8437474569172062,0.0072022908611899285,-12.59223131463623,2.8770908246001676,2.105013614495433,-21.169452386392766,2.3210957125682774,-9.762423071853721,-37.87853765809437,14.006663505929948,-5.114370472106295
413,6.883333333333334,5.394006047319269,-3.213942492937001,-362.11079074589423,36.77951305209255,4.309796198098845,-9.71899267085223,9.400819392757189,4.708699830925949,0.004306704936319956,39.07718585968224,-5.259690362103249,-0.003256452110787057,10.516296731796357,-1.8459358274054432,-16.50346110012998,6.974585936467608,5.496999786946076,-14.330192051502294,14.322186931704765,-9.035570197981272,381.61608213770614,-6.368342289860576,-8.850104291879695,-343.712091894026,38.084139296147654,-2.462525856954045,82.50317683982651,20.355292989684006,-0.012378091162572505,-632.2447829716591,24.502392724028493,52.48393812796238,108.66987264606863,2.918786889321564,0.025064998957364297,0.0016811916400038501,-11.427501094483805,0.9661704785729475,-4.257910461354811,-21.61108881153873,6.796185383256484,-2.7673446136769955,-37.906350739156906,13.493373478241972,-5.901333650867605
414,6.9,4.112877074520224,-1.9160310648100873,-363.59789179973245,38.23123195951387,4.3056298778818505,-5.727956289781246,8.279692393078346,3.806890320756978,-0.006808852334062232,35.7559484071978,-3.3158451106410323,0.022863733393614003,10.205654757191914,-0.48938896242073765,-14.673324547673682,6.000051246960002,6.3770374712922635,-16.253732257688732,21.091833856309588,-8.711088294335598,385.52055246818185,-8.981992216973012,-10.081708059484203,-337.97057403450714,5.057290140029337,-13.922552003611521,-39.687941458091636,21.214867465039543,-0.010012118057160437,-633.0514472506119,16.297985336569745,0.6484237947228663,33.63941984883658,3.925231615181932,0.08362109890874951,-0.0034072052472303377,-13.230560370638159,1.8142611500815773,1.5821825970951402,-20.426377726144576,4.713658870290265,-8.202922953281167,-36.70648512691759,13.696737827093447,-5.321113183835795
415,6.916666666666667,1.788515280087329,-0.7576467828365351,-365.1857834937446,37.89351103880506,3.9791572385757163,-3.0459371821685095,7.369890581452432,3.0279036492218374,-0.0016890867078403662,31.892807596554004,-1.662334159885177,-0.03460040812449266,11.052589858310604,0.8993026272256581,-10.893948701216713,5.271993799620379,9.119291701166562,-18.1823430074092,28.52912497665781,-6.506195772328389,383.9738561925828,-10.994889548844986,-11.090975867489341,-337.7067079649549,-8.212796917468314,7.903554020429567,-33.04893150319486,23.59260336510485,-0.0024484104789627053,-631.5920635295075,-5.456916797191916,2.256718431842508,-9.453428705928802,5.298769339364973,-0.04028324411553285,0.009962545425133394,-11.947072555827084,2.1965708254017273,4.379613620722375,-19.47026885060359,2.855699594987882,-10.679279490205976,-37.21318194576852,12.74649372765423,-4.928620060587217
416,6.933333333333334,1.3258739051566129,-1.3002783134355604,-362.85862081554956,37.816054679323464,3.8215491123744134,-3.784561481125243,7.431246552058841,3.5387712944570726,-0.003447554254774388,26.31736720874125,-0.46572140242332993,0.011226653885661554,11.440690306149254,3.5850091638856405,-11.05230897341587,2.9461465819042405,9.93507265155693,-17.52927576604982,17.376898825648503,-9.885353823847915,383.2016750140905,-10.368981333252265,-10.03846060081373,-342.6678814500003,-0.332847522796605,-0.9391132552097652,75.33185717617445,23.074728630379,-0.02628583448747828,-632.1156444378032,-4.25204689793333,12.118901709940035,0.1451442669791697,5.036294820939447,1.7297401932415044,-0.011810853405855928,-9.333352382449032,1.2733443075476163,-0.7261654481450944,-19.850175386153463,4.942701504384998,-3.906941654675976,-38.49433390557058,12.65065995627468,-5.384500514211
417,6.95,1.3800370923648335,-1.6649630373720186,-361.44825048287424,38.91955246792189,3.3277675772372497,-3.599189834906718,6.7419112703177175,3.829147091998984,-0.003227604364232899,20.682939839349803,2.0193374756851075,0.02413741800323062,10.541157045138439,6.58783618945576,-10.064354796483329,-0.3468188831148161,7.283542333577138,-17.19617060845008,5.4355987490333355,-15.243681786768857,380.97856978806476,-8.75258531422037,-9.280913015646552,-341.6173904372434,23.834513301538333,2.633780103315051,101.48330945644739,19.791959958670034,-0.011991760403931212,-635.3711100389809,-6.1599384069205785,16.712370485136532,2.4373371127869614,3.9077502228915098,2.0719413280750056,-0.022851637612647243,-8.731933793933042,1.0401230045112242,-2.852460131120529,-20.876199240622817,6.402535057674227,-0.7367224892902741,-39.09421152994971,13.584947413202793,-5.453950950621358
418,6.966666666666667,-0.11785281277190482,-2.132719021559945,-361.56192115100674,38.003001263588516,2.5273948823090957,-4.887866585714954,6.4928596283841475,3.401572593487038,0.006520154287041898,15.62854985627198,3.4178469792601396,-0.030155449077125692,10.315087169246494,4.405761864682821,-6.16635506973973,-2.4203952851387713,5.6926571849236955,-17.086556374987595,4.132991882771703,-15.802009581852545,380.1171299451081,-8.941551320847477,-9.378647898157315,-340.47891117504787,37.01182683840792,-0.9693249314513939,92.4966177712664,17.49243302773596,0.027330030855935356,-635.5958115100995,-4.455100845825732,14.956236541001283,-1.4586758864903469,5.138248459200325,0.2352473558119424,-0.01519716006817895,-8.280634282695324,0.40075557880037765,0.14275634113474645,-21.89262214639459,5.636128737404822,-2.833536118390342,-41.32489082308746,13.039573061526603,-5.618337806010022
419,6.983333333333333,-1.2355721162105089,-2.884502458260465,-361.36685545581156,36.42966948433895,2.005476907070432,-7.568477121901939,7.414117795734327,2.4326464179487584,0.0021281607466234653,11.31670810399911,3.452023280305323,0.006031975549436952,10.319334648351486,2.4448821027410936,-5.093731835238882,-3.328020197164353,5.453775078395261,-15.027302494187094,5.626831555699759,-15.742556975322708,381.20537284081956,-9.943974743783215,-9.640163934599778,-342.76541057992733,34.26042509081587,-0.24243855500878353,91.2121898354294,17.09714979445153,-0.014064199438042864,-634.1821612950548,-1.8262211831406459,10.593195135733875,0.3634877269401585,7.42366454020095,0.7832981918449669,0.02017193790073592,-7.208065858808467,-0.6928598436582761,2.404679933546798,-21.846115562037756,4.483712031048941,-2.6195626913516916,-44.168111014670416,11.999392211754147,-6.109085615401986
420,7.0,-3.0908309079353757,-3.319498493109531,-362.5080129111663,35.457647549736194,2.2534206061299455,-7.775447133974752,7.8834205742276255,1.5584760039134526,-0.006334379430255908,7.957651422664263,3.896338463469586,0.009742899641826551,11.945522712755542,5.457424507505586,-4.700723778181558,-3.5567749077058743,5.058749847085264,-13.395390091515265,4.611487959386327,-17.34241590397328,383.50752697578844,-10.423743623273158,-9.707918717601473,-344.58223632756483,34.4841934807509,0.6394510681127393,84.02956110863673,16.631919223359155,-0.009167837922144133,-633.9242981256697,-3.384888069223141,8.427900886523222,0.12007259818380761,7.917423683931006,1.464485882426192,-0.004423873939782531,-5.755279258511136,-1.3000416903564593,2.1850366045449348,-21.56180503706224,3.100318919953645,-2.0042717653527076,-44.834808263763925,10.960701232882228,-6.240470936594652
421,7.016666666666667,-5.915245395722938,-3.6986993072659398,-364.4172459201277,34.11831664737725,2.755429589902704,-6.571048680917084,8.809885028316772,1.6058081800579849,-0.0007162072709269583,5.027165774266877,4.110059363400627,-0.010102339443053584,16.835315994390427,7.762515564429118,-2.7339598512179557,-2.470619437731833,5.642852598874933,-12.818576582444239,5.559615296373049,-17.63389099865805,384.9197282171149,-10.707108912306419,-9.400285902340698,-344.8722910857737,31.846658551169675,-0.1399594933200175,81.07876916858439,15.712157214528306,0.004147644204403047,-632.0746116416576,-6.353749175556363,8.231061806382357,-0.141418535501325,6.861141388323366,0.22408949816956433,-0.002719713694119435,-4.171532330499154,-1.2685400118712935,2.634745829254693,-22.50338566842025,2.5803638852306703,-3.838225974502274,-44.78532758101428,9.538979327259955,-6.1325798184501075
422,7.033333333333333,-7.292585189096619,-4.340405768386702,-365.3209612125414,33.75236034140965,3.0100718488795657,-6.04788282015498,9.632196434513517,1.9387900176259019,0.0020010670790626462,2.855846720923291,4.051069349983879,0.0013530514914095926,19.634307808464897,7.0720172170809645,-2.615366310131095,-0.7697478728683979,6.906326498985117,-11.756334014730253,9.62861719104017,-15.877521667320485,382.6142926356403,-11.265656613880372,-9.031923825078447,-344.76968323359716,22.547714026299083,0.005664460259929768,85.4902787861222,15.723719223006741,-0.0026740050120334083,-629.6137950100194,-7.069335584042056,4.085069441414152,0.04717894503397089,6.15524541268927,0.42517274387422765,-0.0011898109327201421,-3.40449354540024,-1.1027373727919525,4.330594887424741,-23.846585175335296,3.8120607314628283,-4.771291068182948,-45.345568905542756,8.981725682240368,-6.291447630887171
423,7.05,-8.367161984950553,-4.633033267239848,-365.7463899801388,33.86514839615095,3.1937392508223392,-5.888580221474439,9.336777612574053,1.5028179034549813,-0.0012025840840352384,1.8420515448161572,4.620379882312295,0.004667136909095262,19.162502393914604,5.541259867648883,-2.8248900345049712,0.11120126140376978,7.928481366183916,-11.293324644293438,10.962024595007076,-15.337673425245349,381.68810131745704,-12.423112658980468,-9.201094274504197,-345.2592299620513,21.674025533786786,-0.07313249722158477,87.90103750737323,15.602739039419426,0.005501210410481486,-630.0732015612654,-5.424316452696788,1.1750375147074053,-0.03383422720200136,6.654886921914588,0.43171990529094983,0.005956418855255061,-3.561819276730983,-1.388655487736994,4.764644991635817,-22.99400946708153,4.396106028624931,-4.250472758975312,-45.67247828050413,8.757332685752003,-6.637552578348561
424,7.066666666666666,-10.082047082639638,-4.134792786124433,-366.1963258084653,33.498888725877535,3.3375765186807267,-5.437412741797579,9.425999098952383,0.5003488471180011,0.0032665832679841804,1.8559842924895587,5.473460317370373,-0.0045378775418755185,19.519423720844102,5.297874450915269,-2.031435210562245,-0.06649859143039603,7.835296107734162,-11.549929572062696,9.087903111067424,-15.942675274048595,383.71025575661247,-13.991708982267292,-9.403406741515939,-345.3987217860059,26.233167104697145,-0.08380284982683554,90.06989867762422,14.830636575210555,0.001799145097656711,-628.6503391196796,-4.512484776472641,5.810073828019833,-0.013417791640405312,6.0553503158709665,-0.16956883502685782,-0.006267190838216748,-4.311040039364524,-1.891183786914932,3.8523180246735493,-20.669719777326847,3.7516206281557984,-4.89287409889644,-45.25796597080132,8.096672534957097,-6.852958402085734
425,7.083333333333333,-10.872250786601006,-4.137971234206596,-365.61902010825645,34.098165262890504,3.5847571544755326,-5.275720088686968,10.14835785959468,0.44390990518489226,-0.0005300581959174413,3.228641385551671,5.6236093381131935,-0.002633333793456759,20.42606414016875,5.319227411320842,-2.915344497801153,-0.42860191367606487,6.906357485111049,-11.706450158284165,7.120950361036442,-16.623679432311388,383.99365283580966,-14.724887465004135,-9.180663906716704,-344.5489766018001,28.64721135872482,0.04292352201716605,88.59261430800585,14.567414631348132,-0.03267773219867189,-625.7086086910899,-4.454263924744981,8.261194970003642,-0.00013250295914743262,3.71014697793744,0.8894732030811119,-0.01539950561266078,-4.936827054621965,-2.4044183141343196,3.269335153269457,-20.80544991151318,3.6226476943357095,-5.509559529130181,-45.07413369431537,8.047267592773236,-7.122197896155629
426,7.1,-10.656310156675683,-4.894549288620985,-364.5040933886108,35.58851023493736,4.236904131441651,-6.126657732100247,11.48433735270536,1.4097430890839173,-0.002282280425326818,5.765639398040419,4.690970692309296,0.008219769525630359,20.761626944633868,2.882722511578352,-3.554386622383305,-1.1654872344906149,6.280100954566052,-11.85239571392667,5.640490613539017,-17.323394240480532,383.0120501033871,-14.062842132206677,-8.892025320572964,-345.4682558194331,31.799265083437895,0.004037255317254593,85.7161026608455,13.526381892191225,0.004341561356148004,-624.6962751645174,-4.725818102558546,4.6260706178482796,0.025578422287991353,2.7402962419264227,1.2172356351468934,0.004538211150831539,-4.951398571288443,-2.9769888429533906,3.47826538472539,-23.425814265956944,3.4675407617024336,-5.1385665882465235,-45.56826901843684,8.642493633309078,-7.449431267505361
427,7.116666666666666,-10.9618271323788,-5.331918327619091,-365.3301668072707,36.26039301569355,5.6095402720037155,-7.00429081983547,13.136348570904596,1.3129470562218954,0.0023287563809903946,8.147379718647576,3.509527121694241,-0.003758549583888527,20.488993221164773,0.7414105306236878,-1.9756303718102488,-2.9169581340608834,6.594849969634712,-12.105828717991347,5.328377490912938,-17.158078842359167,382.33303622467764,-13.623673132701647,-8.614111932488006,-350.4036928566843,32.426779101549464,0.02712853776559339,88.09806294302196,12.224794881680573,0.012303542372747226,-619.5780300054427,-6.2498637691131504,2.5456681640866883,-0.042509576225051374,4.156736836587687,0.8279042746736376,0.004937216334669612,-4.873991836121816,-3.766363788376305,3.813169259076468,-24.965728028011405,3.1931820662265444,-5.388514307704379,-45.38439320840159,8.802071648429576,-7.953347802397683
428,7.133333333333334,-12.251325860640437,-5.105568059772629,-367.51995083756765,35.97250336370169,7.002561646548355,-7.281674878032305,13.690465714938517,-0.5572748520558292,-0.0014496799303545158,9.905606358261824,2.453719889020157,-0.001170831674785038,19.272530770640795,2.311765037368989,-0.6045691521284474,-3.9211696641461082,7.257803448607107,-11.791785032153225,5.390656190826058,-16.711307993539247,382.1657471784428,-13.731772092388177,-8.522961358831802,-353.77836303843776,30.40811798927882,0.006028248216307412,90.75790892252124,11.994584866626777,-0.041193051260192994,-616.3804800391259,-6.508222122571441,6.048821989340515,-0.06793661634200253,5.774620993014518,1.6368594205548574,0.004003006258377292,-4.670610344448051,-4.459339277559015,3.996759903936172,-25.281571125742932,3.713746753684734,-5.276010604079475,-45.05522009085317,8.43110541942097,-8.407505187873708
429,7.15,-12.622722088069008,-4.177561003197279,-366.7683618059473,36.184333555790616,6.954129103182999,-8.153455899419978,14.078065097593912,-2.1794918743718745,0.0013183449278991494,11.510687072285684,1.1379000143348332,0.006600407256937359,17.85974631638632,3.894593458191133,-1.214220582252101,-4.044155297117368,7.125726756630623,-9.50101216171509,5.416998519617032,-16.345866924781912,381.31010133802033,-12.835857414594438,-8.888414670739525,-349.39430650208766,29.99631270867257,-0.011474900745070923,90.69506292724726,11.12878072711633,-0.037602477396862385,-622.3663580055037,-3.376966700266689,15.990609903500054,0.15255208037668386,5.8762426246970865,2.25838755560463,-0.0025042111515071954,-4.707830412441581,-4.014391380518574,4.699653315529304,-25.623609349735645,4.278650394531721,-4.279200465529184,-46.01281027297385,8.703370450736019,-7.7494402598963354
430,7.166666666666667,-11.102002591858303,-3.9824615491945243,-363.82417836874254,37.05248348710414,6.8235099511423485,-9.296185763724383,16.053178956619064,-2.3456960753321736,-0.01115716855976792,12.618903382017445,0.5471746495947707,-0.0009340954173286541,16.303421113507845,3.2790363676528513,-2.9444455677570143,-5.40168358685077,6.24563563817257,-7.079072508967777,6.019169634815582,-15.324595124901085,379.37758712959595,-11.611016588028093,-8.949152234782998,-343.7676015838391,28.251629534851716,0.039467834361438005,93.68360597287936,10.114504973304086,0.02623923951334902,-626.6554785826492,-0.5089801583344037,21.015285653501227,0.08101039177802898,4.890327448465474,2.4040581073516654,0.0013877629412940558,-5.922567547002684,-3.832445481636181,5.703722971536411,-25.755073271984468,4.094898045505752,-4.060215565812858,-46.53973208398887,9.934905182772253,-7.407885403341097
431,7.183333333333334,-9.915719439065672,-5.172583177261314,-363.9688626686378,36.99291113261051,8.347341819827086,-8.972739294673612,18.943367383200364,-2.6906155059993173,0.017366333756702754,13.640470418730661,1.3179932750041388,-0.004541241048823722,13.433481518154165,4.6473362303313595,-2.998437474981673,-6.085195528280492,5.155605862986438,-7.095477312650891,5.246194388947455,-14.87196578289337,379.81505907282167,-12.099721443046045,-8.936899626898441,-343.7201035890036,25.229726945583575,-0.0028659405427583504,99.70894649105568,10.708029202751062,-0.005460835651900874,-626.7257580264642,-0.2259124302174269,15.50643769764286,0.07558635451080624,4.265034667838456,1.8711379776187362,0.00038938404989165195,-7.271869960485799,-5.529636469347162,5.451035217535042,-25.354813986430937,3.8558133285421747,-4.420807139048523,-45.09118493200624,10.415292051498318,-8.946923682063481
432,7.2,-9.574494950303698,-5.891790157851648,-365.3461622058165,35.93400922675022,9.616970654096022,-8.57854725270312,21.631840634831075,-3.1441004236626555,-0.00961194170284021,15.123790013247188,1.7778093320504478,0.0019524110204962933,8.11094824176147,7.098664552463812,-1.403837016668431,-4.141012884547605,4.650734633314025,-7.354798136133451,3.618437145353717,-14.85222771650338,380.27388936674885,-13.112032532425738,-9.333901195521339,-344.7194890407683,22.04256496503008,-0.020041491870576026,101.71390313698541,11.592532535537195,-0.018069524823324894,-628.2604501192031,-0.5803597431485887,11.978361335273362,0.033654284444748155,4.4219453924484355,0.023246457882648338,-0.0023149305183958586,-7.686831382331519,-6.73354560096891,4.468556673201843,-24.771290226718765,4.071015486253245,-4.689470420354598,-43.64371179837122,9.983848502316885,-9.996135091987584
433,7.216666666666667,-7.988745419168357,-5.73164800970376,-364.19709460206064,35.249714310800414,9.670648821202008,-9.20018093681559,24.282372587034242,-2.583201656994741,-0.005187685381632048,16.02838150284294,1.0185798964584631,-0.001003658411024621,1.0797313493873057,7.371974594886297,-1.4819064221878433,-2.5544177595077717,4.742723807877963,-6.785780670509614,3.443498311438074,-14.212453858484695,378.4160919747035,-12.363075818394146,-9.084649403667877,-346.03110108726594,18.06220765605633,-0.01835845578919241,97.31768362299043,11.292785932973892,0.0045889691302008545,-627.4799627121721,-1.5139927095500165,11.391005537666123,0.03467170884800411,4.727951284309445,-0.41614056522295334,0.006847476701870988,-7.761304076425181,-6.217342836515683,4.4666008160551485,-25.05183344569402,4.173047738706771,-4.690025844166378,-43.62820980679702,10.267712882368393,-9.48479810356879
434,7.233333333333333,-5.646932105675451,-5.755177596289703,-363.2743725051544,34.63315298306726,9.926047580067477,-8.038299511792928,27.85169861458876,-1.830282685237004,0.03651470989231308,16.499660551892763,0.21196398089684274,-0.00013935931597804555,-5.162340277437535,7.497433584690215,-1.9564145495773126,-2.033473000420003,4.0942246159236095,-7.464729370470653,3.744194568608683,-14.040059200916719,380.68320024286743,-10.739047537431025,-8.266433930853243,-348.0717304177955,15.576458798282985,0.03709097681474491,93.28788457345509,10.29879928893635,-0.015337551132388601,-625.9775881257623,-2.1015321909244467,8.880883448007207,-0.001370688624314787,4.66591651620735,0.9298150003353826,0.005935825451050208,-7.845589952958324,-5.66670566952021,4.103660484991789,-25.732052330528433,3.6837039106035667,-4.171598985404583,-43.79224659522147,10.678583063039044,-8.908437391761408
435,7.25,-3.6822868888454092,-6.506691072943283,-363.7387628259806,33.19323339344681,10.945945464755884,-5.202035115791056,32.67159160193824,-0.33811824314693517,-0.052856385441214,16.930966438522375,-0.40711869345898705,0.002827383636560677,-9.127964545351112,7.898716430056988,-0.9407676764852008,-0.45967439377208597,2.643532283760257,-8.801891528396164,3.276427701716185,-13.919467207606655,384.9661090323246,-10.28513859123253,-8.026063670092162,-347.23649434867957,13.993968086595926,0.013963586833847321,94.60424977709368,9.800345860379599,-0.008528084471098147,-629.4989389084122,-1.2558593457128222,7.105910821210772,-0.006970288720736326,4.51159831814631,0.5731126059179741,0.0010151957897748575,-8.348398323844542,-5.7064077979400185,2.156867470361524,-25.70542004480859,3.405496378982409,-3.4549758067103946,-43.099257361211095,10.45231915102422,-8.778954261067629
436,7.266666666666667,-2.144906078514096,-7.711833150619352,-365.94681802479784,30.57211795213571,12.148846831885539,-3.854315350662658,37.55093620535016,0.029954393684256557,0.009177699279206595,15.98682648078551,-1.6745050775919719,-0.005302379976858205,-11.858538543439181,8.938638616141303,0.42750568598177563,0.4281408870892354,3.4852619392283706,-8.944979950985479,2.2154704577359436,-13.024793213255542,384.8988039053748,-10.724330222474018,-8.216482484122322,-346.2003491592134,11.977140975383612,-0.012296581256476306,96.75917874718395,10.755114556991787,-0.01173738467974043,-631.2262722516896,-0.7785694589300202,6.201040714340901,0.004384017142771072,4.356461968423687,-0.18953521541248725,-0.00538722309033531,-8.649526486836272,-6.06635460269542,0.695035921996191,-25.591370882320394,4.421580832394218,-2.561962962420224,-42.494963725460714,9.698701040478028,-8.9728441360421
437,7.283333333333333,-0.305804125832161,-7.907194065050476,-369.3179217431998,27.92170303951766,12.332246594687147,-3.312071183802911,42.07388320943029,-2.2896097688650405,0.04278956111044317,14.89740404006364,-2.8711554281969183,0.006826779234769292,-15.37820503681498,10.160256138894097,1.9579436544021607,-0.05136811220406269,6.595367441203426,-8.906711726841156,2.0718974925914115,-12.664174526388713,386.49882544569647,-10.592361620581531,-8.46005938930848,-345.03664925976113,9.630526588327662,0.0026968187654068687,95.97121464246561,12.217885671028858,4.938962885433361e-07,-627.6751625870105,-1.4099557410674648,3.647655225100543,0.008524708477781275,3.375653568862836,0.4195850466320201,-0.003377872455813866,-8.03783298240513,-5.6759979536508,0.2351086393907137,-25.80417266446187,5.41784799049683,-1.2989320500876482,-42.574376162205425,8.770709909303886,-8.648414075447842
438,7.3,2.7655809324212193,-6.773126641322688,-370.05831913555335,26.74205822153084,11.447168070018968,-0.4605836464985413,47.265743999902966,-2.790633238760119,-0.06655740728421974,16.216272871303495,-2.440026340375089,-0.008389663229085116,-18.64297814436998,9.998536405904451,1.478223901873176,1.636874201399136,6.858140666477694,-10.571287017504451,2.2206498723350165,-12.6832100086479,388.1946717223048,-10.223011112849589,-8.39664575692955,-344.2090761862631,7.605442968775209,0.017646178376247785,95.76147334965964,13.036875608127742,0.007838736595994331,-624.9105318966828,-1.8723204577289954,-0.03578247460079037,-0.005810892633153678,2.3658850155351194,0.6298150094666465,0.00020694527908277188,-7.7400378501379565,-4.335197212330537,-1.3352721454783654,-25.74376191054338,5.221666568817922,-0.7716370204290814,-41.71130273745638,8.356756587543419,-7.3575441081028865
439,7.316666666666666,6.406036005787346,-6.190515054472034,-369.3107129818266,25.888521721072927,10.365545890564364,1.1216448427874772,52.69662260444319,-1.4927859497808937,0.0319443037083586,17.424727178466227,-1.4813628019554523,-0.006316889802468517,-18.909873806199826,10.268316097809748,-0.7040756401511672,4.585096523550383,5.196712451053717,-11.069150903365323,0.9178745683490837,-12.398938398837387,381.99286809287327,-10.171452430878409,-7.755591068688719,-346.9852866382816,7.143514542476568,-0.020169488384837984,99.76712792372335,13.974420657115465,-0.014187557560627841,-625.08239672799,-1.479979657381985,-1.4638850606607514,-0.0017245054962253695,2.8433172822419572,1.2448401429893952,0.005582529395039582,-8.191834133391522,-3.2058841083128873,-2.6688159181002646,-25.84100033763771,4.941210603245755,-1.485158393330247,-40.855147439730054,8.482792305242175,-6.247118135151383
440,7.333333333333333,9.759110968314397,-6.705805545049638,-367.9557077337512,24.33096351114687,9.159150672206989,-2.47956632908549,57.210011798100474,-0.5159821082119062,0.012078054131495352,16.597247001199406,-1.9670932933527727,-0.004617561705831282,-16.746700454521918,10.46270903464111,-1.4702461781332579,5.476257225875987,5.418107125396844,-7.785916173720764,0.43769345733723697,-12.511592996568499,378.6001122260067,-9.324068183429851,-7.5070872237813715,-346.79133828859403,6.274403374081197,-0.025247486695495494,101.35572099517222,15.190428078358801,0.011022900278655566,-629.0219967649293,-1.2320716096045623,-0.6537568283425311,0.009376761184030696,3.1796386523413824,2.6684739389656094,0.0038144830116942927,-8.224145315896333,-2.1065064529878765,-1.6355651395593074,-25.985619339143945,5.01263823386988,-1.5550244559218362,-42.238652666980315,8.656778429448865,-5.575749749931278
441,7.35,12.132394040419587,-6.943508401885708,-366.2754669698881,22.658201127700025,8.354332637733929,-5.340229055712253,60.777430105763905,0.8459298609728394,-0.03523561723387819,16.7118857121837,-2.723168159509452,0.0037563927682525418,-14.254902041017901,9.657327581940645,-1.9636882630155361,5.744754467873445,5.311780439149824,-5.1943422896156735,0.35902733649083884,-12.966466792795215,382.39927653246235,-8.077452082007525,-8.00181063789419,-344.0372434887238,6.640505333648754,-0.010548048736622389,98.17661318655871,16.174076011786013,0.0038092191983176175,-633.3129739526133,-1.9959914707649127,1.2849254362250513,-0.01586349419934017,1.8970240141607893,4.0587344048571525,-0.00019803457686119416,-7.667782457063534,-1.2262318179177216,-1.2496505490463945,-25.0042986442587,5.339300697067963,-0.7378259455132176,-43.41803536190201,8.132433923957056,-4.925520394582041
442,7.366666666666666,14.491814946836364,-6.844349190045638,-367.1744297784007,21.47066719762865,8.246384686694908,-5.245886396761021,63.515113091544755,0.49245663199459777,0.034260316887782714,17.659715213650003,-2.8900644767200308,-0.00018868327319731618,-11.193265178420171,9.269218322021514,-4.0592114197113744,7.057829373299622,4.9388556631776215,-5.485193013957415,-2.515708703827741,-12.967966244522296,379.2899357701364,-7.220008536814327,-7.958642508764237,-346.3114786999725,11.376836900295926,-0.17436919654474328,102.17786888029765,17.358178036229194,-0.01179569020764013,-632.2204859349451,-2.2423627945082627,4.551423188333365,-0.005860470665565375,1.71301669906919,4.615558557262796,0.002905099400572332,-7.7002648060163965,-1.043192299977882,-2.2372588472683765,-24.32562374187085,6.148632727534185,-0.9496621290834995,-42.98802340175546,7.676095579181728,-4.555909113988411
443,7.383333333333334,17.988904746480845,-6.885936622885913,-368.09058597354743,20.87497234746061,8.193204995361098,-5.5959855357452115,65.86347216217628,-0.14299756707827893,-0.013019489560228697,16.964871971137054,-3.25380178346861,-0.005264595415251252,-7.850951396675566,8.548303162948974,-6.046573811056647,7.856792691495563,6.247053274232189,-5.419776903620717,-5.484456079936314,-12.318795367523682,370.6673963009263,-5.964290137253016,-7.596331412227132,-348.5604323449784,14.589354449026008,0.08167378101070462,110.87360783698935,18.80727995024471,0.005212108094253342,-628.8837697415161,-2.243151935854961,5.925757848206281,0.022135164558402556,4.148698951244481,2.480328670641173,-0.02523232091905886,-8.380326513966931,-0.5814194031576484,-1.9124722620070753,-24.223263374515547,7.397184895807369,-2.002939141464748,-42.70948597716891,8.401225323777561,-4.29339151669049
444,7.4,21.047802550974282,-6.929753223825243,-367.48649925989594,19.91442411949404,7.559500397071141,-5.8268916320049415,68.01421502452806,1.0882413194519986,-0.015616393988805094,15.25845259374716,-2.937753210474227,0.005206131547712992,-4.059715808713794,6.98405040719491,-5.8424493780904925,7.09366894238483,6.61582044347154,-4.482553640099798,-6.280559883604329,-11.707611784109044,367.6370365271405,-4.734504442110469,-8.065180928996519,-346.99984723374376,13.68318825802639,0.019285087862386495,112.80943102065409,19.49660432174284,-0.004970458874127848,-628.3537193988129,-4.541457979471127,4.673015061821322,0.002552653527398398,5.4280690592784735,-0.47602917840435366,-0.0029040330952734934,-8.81728697893002,0.10302477191860288,-1.3656138326624072,-24.140138404100515,8.089145332035592,-1.933535004396708,-42.83950399527917,9.085717848141284,-3.819582646822595
445,7.416666666666667,23.034012267558534,-6.914357447941719,-367.8088840994398,18.05670897004001,6.505122293379556,-5.465903677007595,68.7633500941025,1.5026145954499248,0.018471139896312137,13.733058120730137,-1.9026941257536996,0.0017893899514091224,0.46244674065100605,6.0757573418775115,-4.684378525604286,6.162222830505985,5.226051715489987,-4.029047922253401,-7.53366127319978,-11.212554793912858,367.8667409127768,-3.6109990013891773,-8.65076913097992,-344.70126683663625,13.688066153892018,-0.03422973635517792,113.62731360615108,19.645319429454613,0.01795411619482271,-631.6976841900187,-5.506878539359467,5.430861091521136,-0.017851252223544303,2.9600432355911948,-2.5341976571624683,0.017326543913943625,-9.22874359631074,0.5274439749294815,-1.8662096862674011,-24.492058243635753,7.7203336386145,-0.7538523202712686,-42.987087762025524,9.131893968666384,-3.235119444650945
446,7.433333333333334,25.33131674026979,-6.65195249831926,-368.7135734971695,16.218326089119333,5.70844881566117,-5.205714582816767,68.04873536590668,0.36015347419222804,-0.004753434762311734,12.58520579894272,-1.5480529300020638,-0.003093327770171563,2.7299616634024155,6.980817442145773,-4.72735985878227,6.490689761844979,4.545512712583378,-3.55703216568847,-9.254101327474642,-10.882042096512716,366.5865064073301,-2.3457593297979766,-8.66612230067103,-341.7236059142256,15.009004642973657,0.031030008664250434,118.24193253636251,21.420411599531484,0.006294129121654519,-634.6513321276253,-2.0549422282775107,8.781185778636317,0.02575258296967409,0.41669507545829254,-3.400506034824105,0.006281139233171025,-9.894741865651085,1.0611659295353606,-2.1799207093995414,-21.38589770354298,7.2415782400530135,0.20208181721006008,-43.137392312501945,9.326816546812358,-2.733395445706315
447,7.45,28.060103256629976,-6.595199954408757,-369.29754418395004,14.802394299813418,5.452909455956513,-6.370015372980171,66.87732122658511,-0.9525060675307737,-0.0002586345169655028,11.856379959703961,-1.343492132062174,0.0006588857049681416,4.390133754569919,8.709970746522671,-5.007716388965829,7.542559181978322,4.202741598946617,-1.8453599370040574,-9.867033428562605,-10.804091018509961,366.25221738465837,-1.7920974424320033,-8.838010266880868,-339.25473841537996,14.4247503492556,-0.011031619242118774,118.89599241130843,24.227691333018228,-0.009241798666478741,-634.5458561222101,-0.08859748841710724,9.326740997312958,0.0006134017278052447,-0.5626006598505666,-1.4493506944802328,-0.03108377539077625,-10.609736542884487,0.9137083035035142,-2.0496050261492242,-17.174116514260156,6.481854087666411,0.6473494014122407,-43.27555981359638,9.65376343924893,-2.9156625385943156
448,7.466666666666667,29.560831139670906,-6.740304445124028,-369.1060137659669,12.70032651302554,5.105660023850689,-9.072265477051529,64.94797902228318,-1.1770479209987463,0.009066526485398952,10.985411206373714,-0.6368396510634038,0.0008532535364022755,7.955310330165714,9.196022160157755,-4.01253831024966,8.54547998336542,3.77025302528484,0.350884363250683,-9.633591073482968,-10.683936143689484,367.7762953417567,-0.6989847866228281,-9.086667485075079,-337.58525950821013,11.974544477463944,-0.04204350377345987,113.5869251639969,24.71848619564006,-0.011182120538573606,-637.868410524177,-1.1501970214628923,6.506306708289097,-0.011736036787151502,-4.095886231882613,-0.4681419353393137,0.05012411688280567,-10.691719281415898,0.2519625807517098,-1.8171507719399362,-17.047505320147188,5.058050552546661,0.49889398424637477,-43.543784624977484,9.405435886760008,-3.369535782627936
449,7.483333333333333,29.762002208567637,-6.253205506843787,-369.0022310019883,10.343106031682147,4.004811779461139,-10.570648959340406,62.00930591268739,-0.2894074111293792,-0.01361219990877158,9.960311269270886,-0.23634880277507786,-0.0014939534808718763,8.847713480933772,8.460615502225599,-3.5698616049463636,8.840233200410607,4.667825451694808,1.5879548544996536,-9.23178141651137,-10.726688012641473,369.0945543744991,1.5293313567366853,-9.12236078895193,-336.59498014891324,10.834942827588113,0.02287146044691905,108.51136860701227,24.23211678465304,-0.07935777433317073,-639.5819126493136,-0.2650943373839357,6.992585348709937,0.046673562071380015,-7.2519043599294655,-1.5439092605959408,0.07851626162815838,-9.881353399099039,0.8797400748489588,-2.024521080749738,-16.303272945972108,4.396069065814426,0.3228329979169631,-43.88597988379337,8.771690037198042,-2.699344893546895
450,7.5,30.053360635133135,-5.543046116706823,-369.40591051027525,9.002736427693158,2.775492561612274,-11.725471790170536,58.401020073490116,1.070775127162757,0.012528990170272506,9.639612779414898,-0.37731930980976436,0.0001750724788372784,6.953762777905439,6.569454353847982,-5.112089183387362,9.072415890624928,5.855080523184188,3.5139263014440436,-9.47158993618902,-11.131897362102324,368.97748095088116,2.4777142901867677,-9.394238762010728,-338.5327894277822,11.810013212983126,0.010196873578856782,106.034827751143,25.676283982667734,-0.0921065768045974,-632.2044886334081,1.4787621370332438,10.738294975292773,0.014368741382025228,-5.59958804607928,-0.3612929087001944,0.03721455462832887,-9.530065884627486,2.114081083804754,-3.1736340846360878,-15.77539446364063,5.030598689584779,0.7695434761443098,-43.96117895543323,8.513691696471039,-1.5703911337837524
451,7.516666666666667,29.884960371398,-4.921144964497094,-368.89565562737766,6.7627630836891095,2.4457240957914506,-12.837444847995842,54.56617089773953,2.052075077307693,0.009572130678075318,9.021158596296292,-0.4852266693867501,0.0032027046365122173,6.33889348411393,5.462815410241393,-6.185846337829171,10.034858289070543,5.23861236527467,4.776094194881314,-9.980411278541464,-11.330643267350982,366.3539870485436,2.4854184435261097,-9.394559129901678,-340.8932369717158,12.263400951729759,-0.004440742690317727,105.51117362795506,27.45327189810374,0.06419087150927076,-627.3482257885129,0.44496257086770086,10.111915417255005,-0.06025313742500605,-3.1325129958148947,0.7120236937348554,-0.01564486192370989,-9.188610192538759,2.658518036310515,-3.5168082430720755,-18.057284719582842,4.435102870885412,0.3404377931851661,-44.16177581617809,7.834995236136264,-1.1414219519160738
452,7.533333333333333,29.366850310627726,-4.464200364229457,-368.79941598535027,3.8230574049448895,2.7058401702787154,-11.12166407780218,50.44212909758587,1.5448300783911009,-0.01707759826439592,7.4234125297135405,-0.7194319306697342,0.001044788447960536,5.6845470196183285,6.516562575195498,-5.948098043396202,10.847467438685605,5.3885667073042685,2.385914957703553,-10.197556086685315,-11.447556222760648,367.932891747535,3.624092230435699,-8.839541297087587,-342.0258601772001,11.827226599944067,-0.027460219032567654,100.11371385020908,28.524107670962938,-0.0006384459062511648,-627.6454001438535,-3.3687465515358372,3.532666784034022,0.08179897654717772,0.15403244590825,-0.30441109960809565,-0.0012752886957914389,-7.978600602489011,3.163146106575303,-2.844588844537132,-17.530823909087044,3.0364345516292826,-0.6807542239086055,-44.67151148938716,6.932418651772886,-0.8726979245803055
453,7.55,29.881866882621427,-4.573821859831232,-370.0667284899434,2.918162559917186,2.706463771637125,-9.729726062281332,45.25757442400341,1.0081143218874882,0.014353797133935269,6.53513898149924,-1.4118947365663992,0.0004732566818812956,4.949716922188811,5.522715064432056,-5.786455721992957,11.796965270743854,7.8843869550059384,1.323995577403562,-10.991674108471445,-11.848370201173983,374.7249937986888,5.0547524736707095,-8.603738319635806,-343.62830889673654,12.861331888849564,0.0009676255768824323,88.32108573136797,29.715400036104196,-0.018221057182047588,-625.7994145816418,-6.848384660037051,-0.45419443672079635,0.057289191579047216,3.5724482678657767,-1.1134545167533836,0.007218695230650066,-7.6608927693818165,3.7853150534217592,-3.397906859620484,-15.344418379243903,5.292017996334402,-0.32372129098291147,-44.62132005751521,7.313594543676425,-0.38428347055348244
454,7.566666666666666,30.373290538182932,-4.83523816320719,-370.57759299432564,2.451404402430699,2.6314520079723835,-10.031888474894767,39.58026999175402,1.5419617367026948,-0.0012968814393009133,6.252165405926209,-1.7625800409490848,-0.0007201595055451133,5.690285959365636,3.986453153671783,-6.305836027321778,12.497194222528906,8.405362277163196,3.1505761853764263,-11.23090210707362,-11.620317942897149,373.56306662895247,6.00090301226607,-8.858748639321803,-343.4535762811722,13.867430406421066,0.003909268290002026,87.42447826400137,30.838142148093162,0.017790921700231544,-624.5716483415624,-6.48365439135012,2.736709731548298,0.03396538173890706,2.1284543557007076,-1.7667206620394789,0.00012817128817502895,-8.001282036017884,3.984429880294257,-4.194941787164028,-16.560487579241958,8.252741526518571,0.8438735375270277,-43.89640379450804,7.762340144395278,-0.24560043082778837
455,7.583333333333333,30.01447030812539,-5.157259496045452,-370.0579817514428,0.818768140405714,2.7993636853256607,-9.526138811492798,34.390189531138525,2.1645494073053344,-0.0033028949726209406,5.555265445312656,-1.2719658632168467,0.00036508223960243313,5.167819782769082,5.705651118809167,-8.357033028528214,12.169989560519513,6.894948946961318,3.5551617876341868,-10.127212497685338,-10.89059601247224,367.41773361186324,7.4711454065201295,-8.948616503375018,-341.9784812279439,12.72363770793667,0.06507439187207986,97.59975678563842,31.10729521968459,-0.006570362124571289,-624.5488397059856,-4.171783566820104,5.809488267923787,-0.03351121958326793,-0.41021852257243463,-2.436880941299679,-0.005906339607503212,-7.584081998565953,3.6690061839263772,-4.408536442210389,-17.973714489334792,6.161129961787418,2.0975663386195085,-43.119310487081655,7.3299348710746886,-0.6981493100387566
456,7.6,30.304671893750733,-5.288382455294218,-369.7858428661765,-0.27820921483731587,2.812606876479501,-10.042621296585926,29.481233816364448,2.4444019410700872,0.00412161519616259,5.010812821605532,-0.8274497613341589,9.981168945300509e-05,3.377199802666416,5.595770894307169,-10.703661338874529,11.189755594337816,6.773927715568716,4.189435167346121,-9.818109027355131,-10.627797069245718,367.94920050466516,8.630708681492647,-9.068226398723143,-342.4296650168632,12.11644088845013,-0.02885954131895979,98.64488035024347,31.505309532309692,0.009446909127062843,-624.4042768994595,-3.609726229029409,6.715444651396506,0.0007823253979847033,-0.1096568288939177,-1.7305458678146874,-0.002631759931524951,-7.687460547729382,3.3888537764907087,-5.61623992790021,-16.76082689583282,3.9416831380844024,3.085796574329714,-42.66599956330697,7.490305669361373,-0.9705417332408385
457,7.616666666666666,30.543363496617037,-5.024788612756792,-369.6262604997254,-1.5120001124796472,3.1850500829387007,-10.410451710498993,24.23742889625476,2.402956963659495,-0.006696348429634431,4.593729710818119,-1.1529090350261317,-0.0009930885574700634,2.912512434683583,2.424334981425414,-11.195866398672605,10.60543845993603,6.560783869381255,4.9560536240161115,-9.751929324672437,-10.699929490078778,371.46898326953794,8.923673379995787,-9.405947341754421,-343.1679963957035,11.922495807817114,0.026958276316112893,95.35120750472204,32.65784943628338,0.013121486348437166,-625.4287900548935,-4.421531891998746,7.967834726362787,0.013787466365344737,-0.015102611383024534,-0.6164256903988556,-0.006903835121915106,-7.984514547000592,3.267845379416972,-6.6802616529863075,-17.157268437736846,6.946815220523162,2.329514222758769,-42.73551101833929,7.676464586424177,-1.07540334558932
458,7.633333333333334,29.186015420119656,-5.032866440749171,-369.45098788385513,-4.031065837886995,4.116070195281725,-9.107678612093173,18.326479972219023,2.2394043838189805,0.008010475072215022,4.168597082190567,-1.9677253178893581,0.00014441370613584877,1.970857835557695,1.6609324744778642,-10.387536202744785,11.36471939806395,7.214166138730407,4.01103913422734,-8.995320515315301,-10.742905422703469,371.95627506386325,10.003081931771359,-9.493971120656553,-342.4697321528509,10.670011106917332,0.0401924107540508,101.75505407577042,32.76009606292933,-0.0036705948983089265,-625.4137402186888,-4.69971986152808,7.3374454923367995,-0.007069954055370615,-0.723889540115957,-1.2101223652977608,-0.0012559810928714013,-6.881110022354315,3.0703418277433254,-5.885194950631129,-20.00520094561111,8.230000965620675,0.7918302664800659,-43.09602273329832,6.656062230701503,-1.5363148098239163
459,7.65,28.538622253546535,-5.027188454569143,-369.5404206058216,-5.387182372322098,4.455739816804416,-9.462048079066761,12.908278157941298,1.6815682714065538,-0.0022141920377439102,4.375660768840971,-2.8428921421400695,0.0016123303665870818,-0.6207317193623492,3.7517359378289625,-10.107671968743201,12.735770838834435,11.258530707617261,4.472813577617287,-9.56118881154867,-10.57029512391483,369.82951907059856,11.057853276140321,-9.314217538075326,-341.7992786186741,10.756664369866641,-0.03860568035513942,108.71533416850039,32.59269304412678,0.0059316944151895255,-625.0471739569209,-4.947705340360993,6.237696406600666,-0.00424154892182333,0.13652296095002533,-1.7438462721783181,0.0067831123509862,-6.307240013438798,2.978277038573779,-4.992860354643128,-20.676112800001317,4.728237080709513,1.123108311629049,-42.88046884118393,6.1833781885102,-1.8436274319444268
460,7.666666666666667,29.16246250594134,-5.035521704752068,-369.7108987451247,-5.434161464187778,4.452969128519293,-11.0482306424011,8.634559121627426,0.7979338775379198,-0.0034682979715521846,4.748420545851332,-3.0831393259534408,-0.0015525255734913606,-2.283141308101886,4.897833079964495,-10.151134261269597,13.887944206550769,12.93665462110467,6.477108777855429,-10.865468359605892,-10.061057450891745,367.1471580389726,11.019924767980893,-9.307450729834134,-341.79679055409366,11.99136282648938,0.0016104076716976874,109.52448490943378,33.49632698930139,0.008576378587458886,-626.3940507511534,-5.641712714805211,6.362189030589701,-0.005266853783532492,1.6742289510908244,-1.0535864651579971,0.003038953004178674,-7.049554219567469,2.6304411606238025,-5.667859614462857,-19.06529200260558,4.47872016624018,1.8815187621314888,-41.91963838810227,6.7713133269578405,-2.194152030456546
461,7.683333333333334,28.82569887692751,-5.4751200022950695,-370.3706039948519,-6.681081646817492,4.8007923375747446,-10.922979202101887,4.677595269864917,0.6251239155197411,0.007953239233355497,4.189897971535037,-2.3997134909191504,0.0016743901879021578,-3.0372341469514677,4.18360363563672,-8.622709182167949,14.870074719655578,9.330903084964499,7.059194166740642,-10.774090585823485,-9.848648183286125,366.0551503882856,11.08841745440736,-9.335659744479523,-342.5190984071171,11.994420395211757,0.014317443301279764,109.92782228022222,34.23105348957421,-0.002853809519620855,-627.1003031841361,-4.286727327247628,6.570510217994866,-0.011241662640183316,1.9143156385171316,-0.7146571073144072,-0.0033290480762705947,-7.1883403333367575,2.1484437460452006,-6.5256784302787265,-18.84774434471241,7.127901737788839,0.9506714534654356,-41.45887401474975,6.829571221954312,-2.821227196237432
462,7.7,28.484571185931134,-6.044706267544826,-370.40396233521574,-8.356385728617967,5.247963316952557,-9.25241595859177,1.9039707912970016,1.1049151494948253,-0.002185962865264547,3.330511397525665,-1.7269826638767405,-0.0009973232293633582,-3.561804756609261,4.233379655491551,-7.029926390740851,15.341517470011125,6.3668628496972905,5.982347084481359,-10.460247214656466,-10.165025121925254,367.9289416788474,11.225311287625695,-9.199469236074508,-343.8162553884469,11.373156423300319,-0.0017567323130561416,114.40385519245076,34.84932175217709,0.00042976025319311004,-626.6354039304806,-0.32835614690494813,7.861206392551608,0.017446353240795597,2.2442487427509064,-0.5988560547279382,0.0015325177819315416,-6.996280758025776,1.9869636560020538,-6.521236141010429,-20.226540841055563,6.732523036130353,0.1187249436334326,-41.72940244370845,6.636497366992422,-3.3267638706910123
463,7.716666666666667,29.006996085465392,-6.803574490946941,-368.83979386899694,-9.018607140533435,5.651400842707752,-7.662059688774805,1.2411681288407772,1.5165612504687416,-0.002430010487129118,3.503010717295578,-1.5517256887717688,-0.0003752076112910771,-3.460449594178813,4.720919835884649,-7.505206068781007,15.187954024063279,6.3331788746494935,4.711459094795913,-11.302808827380373,-10.209401568316038,367.38546603348414,11.177614508331764,-9.705621006353992,-342.7198375046913,12.329314342154671,-0.01995254905194096,125.8438282314704,35.8117190963608,0.000528178387937078,-626.9172235473965,4.245310257973822,9.821589698420265,-0.004935527794418798,2.135087203308785,-0.29272728598601316,-0.00693771172208166,-6.90513322921118,1.6479919310618825,-6.609898662688273,-19.624081868203046,4.806605095034571,1.3390671031177284,-41.46479735679202,6.727745266230394,-3.91375735776832
464,7.733333333333333,29.317535601602305,-7.269533658182845,-368.1742988055057,-9.660605389374176,5.591422162470222,-7.310693771817818,2.1171519080341175,1.6619607354158181,0.001727597660909105,3.999892985429976,-1.6291096109674188,0.0011326527880206043,-3.5393019527229383,4.34368552615803,-8.172568490903007,14.298505436407472,7.365321347243262,4.799025715364757,-11.135233571864761,-9.836618386934015,364.6635250178951,11.32554852323255,-10.746142912673504,-339.75695440751315,12.891307041276223,0.06354602883080947,130.9636659442492,36.70265713745129,0.002260163524763554,-627.7452595387916,5.951151046361945,10.697386087730134,-0.03411640849902142,0.8274136878591112,0.10124323182771518,-0.00640316979562089,-6.460744199137902,1.4787738390982414,-6.690476007244047,-17.54335689979559,4.195239266155696,2.2804233325535885,-40.85676525867386,6.6683655136536935,-4.184496716849701
465,7.75,29.52054177782993,-6.806469039243431,-368.9621996403006,-10.978975356105845,4.893623355553344,-7.8462655619568755,3.968580379354895,1.4877774901715133,0.0009412756690196575,3.95851773018231,-1.8563047619831843,-0.0021719066049012284,-4.245308577125753,4.352104633804419,-8.359172949716942,14.575699828736504,8.052903686101201,5.78172020586303,-9.10617806112339,-9.924075745889613,369.83068689142584,11.221906494209263,-10.793128182614122,-339.14504321637924,9.767281774402417,-0.2154603615626435,117.81545943120258,37.0593994520198,0.002473771472552234,-628.4102330256959,3.3315779883213645,10.214636473586348,-0.0009487703107785811,0.6647734419565494,0.5953255477164402,-0.0015222427646721267,-6.44733331559558,2.0228351433990257,-6.120007328358153,-17.395075505166346,5.504274493066171,1.5913414954010232,-40.90958592464234,6.574824908628154,-3.7014569625450657
466,7.766666666666667,30.030809255160534,-5.917993704121249,-368.92922112707885,-11.69005549629421,4.109096315999493,-8.173906466608482,5.7457549866876265,1.2069822541924253,-0.0010858151588522278,4.4431562084485945,-2.4741153560448383,0.0008281075554924958,-5.121401590229514,3.9625664872145685,-9.072219588273647,16.15805637030566,9.739970347711253,5.703128799507812,-8.791033739468638,-10.204190880564187,374.9623019222963,10.904898894386692,-10.207813404854043,-339.53459726759706,7.937332582453878,0.08523870446649583,104.9715354221973,36.43410864952111,-0.00798393128242899,-629.5759092392392,1.1823024769209947,9.777927159206225,-0.006177797440128781,0.6326412217871245,0.4988336171091685,-0.002289731920987396,-7.295188843132043,2.802469954721191,-6.003615426793369,-18.585359980629075,6.337186521878216,0.9215742713650186,-41.02854809203469,6.904495952633979,-3.0192294215110893
467,7.783333333333333,30.347841454578578,-5.145285166941876,-368.0759924846032,-11.370733795551635,3.562114672886731,-8.166485699816734,6.78257884139326,0.8772713697384326,6.489074932087178e-06,5.7296263482625545,-3.574956889673609,0.003554501988266938,-5.737090909311132,3.4104142808295945,-9.940613837814142,16.14857349567384,13.372292507345595,5.189640597696029,-10.834911257423196,-10.40224350618294,369.0107883888657,10.635673684510765,-10.031992266822064,-339.22033113792173,11.208960761490367,-0.027375381937647016,106.36177675155716,35.82634390654959,0.0010342916226715735,-629.6136512138202,0.7295748256229861,10.215657313343314,-0.01198583131313156,0.16123209593587018,-0.18371039819516874,0.0019809211656109187,-8.045400660321809,3.4878323757833005,-6.582723290155018,-19.161637460150896,4.994617201586603,0.9103717806505868,-40.59426702321715,7.478069662785693,-2.5407166746614487
468,7.8,29.83969122372177,-4.535656052612872,-367.8188277830137,-11.392384398332124,3.05982518370461,-6.949050624371722,7.090721831302293,0.4583876215983635,0.0018594063441414845,7.084053059869629,-4.126876164385809,-0.004461424385944879,-6.605789471395932,3.9912056479979285,-10.275447556743703,15.895006697451192,13.264114793254624,4.392314801967623,-11.504084378088743,-10.266970636379847,362.61611248126576,10.266381884137353,-9.783442912813964,-339.2685608418464,13.822879402197897,0.028481199857096632,112.83455656596186,35.67702543293752,-0.003947012715459517,-629.0416082015334,-0.8995536167344189,9.349369592394075,0.003611022168087046,1.1141160367289356,-1.1268851796022887,-0.0035404292584948153,-8.189282010613232,4.125087761923717,-6.938899457652156,-19.505615686501468,4.562711280859813,0.892760496190239,-39.89889763603814,7.675728531298679,-2.185265458878228
469,7.816666666666666,29.163356937120604,-3.9344372093495896,-367.1588293948023,-11.525078175265504,2.22006469779123,-4.29290575849597,7.273967109816666,0.5532604502236661,0.000499054139204107,8.609585865949075,-3.84212385427363,-0.0014027713685212321,-7.263104426331067,4.038331062374551,-11.578325577124568,16.58453931017942,8.55339131774572,2.1020697835896582,-10.34528070850016,-10.639705567741634,363.710503368866,9.810497689947775,-9.46852998899715,-339.3632403383741,13.448554603003377,0.00019213178551572883,115.38326753529006,34.831266183888225,-0.01314577407987943,-630.7787690863112,-1.0016372355181988,8.76040329980044,0.01782957850393588,1.7235214289148484,-1.853398671895612,-0.003906764092556878,-8.542832063056984,4.847946219753631,-7.411723979160009,-19.052572688396904,5.616562774087305,1.2788685533887887,-39.23544546952472,7.8500791264650776,-1.6044881555937818
470,7.833333333333333,29.230820087125455,-3.37499873246019,-365.85946436652756,-10.78294585271194,1.4483096034327008,-2.406498378537754,8.499572908632985,1.2471025042493655,-0.004307144039096222,10.60466188545832,-3.9162639654522895,0.002082701044275723,-6.116640051501842,2.9424413177245157,-13.582289553052542,15.821323198854042,5.746523420143822,-0.005681452631544722,-9.58384508921154,-11.537887982558184,366.7653944945376,9.247474132128154,-9.028466772055172,-339.60220158339786,13.530077006414597,-0.010057649266584045,113.46447962393523,33.65306082352831,0.008977555686107605,-631.4013291503471,1.2235831259292074,10.83909316841368,0.020444592969557304,1.1730906954209108,-1.2744853373360123,-0.0030277399255291635,-9.413331557745312,5.812833611777747,-7.789127085916843,-17.52042658736235,5.491851278554041,2.517535090624878,-38.93486627429656,8.560496114082301,-0.9126704219500409
471,7.85,29.224440371217568,-2.8968755633264944,-366.12288311251945,-9.950801419069201,1.3170899956148692,-2.60850072412749,10.108357613239741,1.4272076753989664,0.0023522971392769144,13.010111435317235,-4.566902568514058,-0.002281920391294191,-4.523019709954141,2.1064352110538698,-12.76843351257326,14.100808505765917,4.2815339141689766,-0.5956642726082586,-9.5661082495943,-12.181353139986287,366.66573047807196,8.80620292396389,-7.994955196318274,-339.99784148839365,14.416004523386647,0.0025835326980860177,113.12406945266032,32.276160506852335,-0.017527289914369495,-629.9109735462018,1.4547225376219932,11.430062321180369,-0.009486628883567072,1.921721549138338,-0.7678438029641179,-0.001355133334987567,-9.916583394470768,6.574569222676904,-7.341942277294116,-18.026770407256244,4.779712231000864,3.639482750823747,-39.11215588037693,9.106536617030482,-0.6485729006009052
472,7.866666666666666,28.512975229193735,-2.0306527977316837,-366.52519547343803,-9.598016986737061,0.991963180448544,-4.084365550324857,10.970134815828487,1.0732950396885368,0.00030232737214671955,15.441325343708776,-5.0856614024349165,0.006600687085452373,-3.6621276407887926,2.505297046275901,-11.502560652984322,12.116289344554216,2.6583079606413627,-0.35250102243633913,-9.109836881472058,-12.050958869640134,366.0878992747515,7.795356803058497,-7.62192980999708,-340.38372925328537,14.25930899037802,0.009383567153141835,115.53457332277944,30.58090356478363,-0.00854082744513152,-629.0073695803521,0.2814519752345173,9.423464705387406,0.0010963434084747218,2.0981328146953815,-1.4472668322195643,0.0021492818457847056,-10.002508945156935,6.629199159730429,-6.913144588685973,-19.979493784956873,5.0086214757826975,3.3381060673170446,-39.535907412061604,9.044378475534188,-0.40156351099822096
473,7.883333333333334,27.396476409497915,-0.7478712674029168,-365.6781335596994,-9.07012070200624,-0.4913578220527703,-3.3031094056307913,11.460430445462146,1.1295754519012164,-0.0021086155308061706,18.061660870142855,-4.709437924633135,-0.006377041903948705,-2.2544673563379023,3.0458537457293158,-13.16658934970454,9.07232455712903,2.7014260307479994,-0.699186440996459,-8.285771686957188,-12.033027467186537,368.5145094127594,5.843183034747803,-8.012358879999532,-340.55526835891726,13.058558524943146,-0.009281945527031817,113.45993627902084,29.451780890206738,-0.0015372650789750105,-628.6475316364698,-0.4631305016274552,8.51655446826732,0.0001631459575760264,-0.45974441862310406,-1.3711125324284148,-0.008170564050628295,-10.53523652103875,6.807879402979541,-6.788244710770411,-19.37156040029683,5.928918499648955,1.739182889698277,-39.481956774124654,8.948767904561825,0.36837158766911854
474,7.9,26.03849840565768,0.41440818395930046,-366.0486405746188,-8.172980863667295,-1.9338992285905787,0.0447537907075798,12.141370469137312,1.0686048679033227,0.0015832020201725719,21.282344254916485,-3.8568316245047263,-0.00983900731841228,-0.23965409474166047,1.9540019317942678,-13.971359706521405,5.649598695316961,2.9092162468173677,-2.02120124599799,-7.818246279359041,-12.655554161064883,371.5497585805435,4.763476508848719,-7.555623590072912,-340.21529643219236,12.136019148466353,-0.001378979395509124,108.53153398798689,27.65740742728603,-0.016889164341932293,-628.6951673116645,-2.110118374106153,8.701134874772329,-0.00424612532831041,-1.5249364768444231,-0.3528587717789153,0.001521022730746262,-11.209329515171818,7.588292486751962,-6.290436425693952,-17.953777173272872,6.495316434596824,0.699017031006077,-39.03314064774785,8.92284487953669,1.0207698415805606
475,7.916666666666667,25.11317582885435,1.1186556023189995,-367.3751663941611,-6.9217035078912525,-1.9623999174678926,0.5746509659997198,13.191970119866758,0.5020755123173546,0.0008454604165748331,25.1310862252313,-3.987149578040667,0.014998153689641282,1.5866420091424585,0.9343901133198154,-12.288782163193732,2.5503984670161706,2.789247372920206,-2.7184314277985155,-7.185891652867998,-13.321355624508604,374.10746064502524,4.2749135252232895,-7.060970238700743,-340.2258857647198,12.061204468792727,-0.0027443590334270624,105.09612916851516,25.23882806509606,0.006736317764619345,-627.5317894714341,-4.515450443415511,8.053407774501304,0.013230321197027724,-0.15746696158766318,-0.047386168761660574,-0.003021579862852629,-11.161903393230977,7.822239007008004,-5.80676645513719,-18.98458727517699,6.1531291207371686,0.9555420669973702,-39.433786045565014,8.865939274093504,0.957089816085741
476,7.933333333333334,24.831478479299935,1.127971704918622,-367.82745883774857,-4.628775322585335,-1.3451197247788902,-1.056760743160875,14.300523524303808,0.1572830147743735,-0.0013992100550170457,30.04980717362255,-4.378704405900071,-0.003300721785669726,2.6879603554236384,2.0353609251505342,-11.053456752341493,0.13374517744160663,2.805372953487469,-2.8886655120423264,-6.347072801241653,-13.74192254109707,375.73732015226244,2.6875082146719578,-7.486174221914784,-340.0583289966089,12.937371662681622,0.026677446032567453,100.18717091530739,24.54747761621033,0.002951344242198161,-628.4536892367112,-7.083062188255373,7.966127454542844,0.0020000814053969303,-0.023053733630644446,-0.20526664527796495,0.0052832317111911106,-10.744726927050445,7.318821948092216,-5.597721214149045,-21.06635058591435,6.399647042709582,1.3781025924215409,-40.316282973390315,9.005199603754795,0.4638543031825622
477,7.95,24.2277517420605,0.6600905108161365,-367.76994628419095,-1.997819097876592,-0.5585762214289407,-0.5782098431484123,15.394169038201616,0.11618957256983997,0.00045347848773249756,35.59651553474247,-3.852915046792946,-0.010873532136562161,3.421705936789723,2.8865823668387343,-10.294626932799737,-1.8196041120227604,2.664004814818854,-4.201661018774873,-6.139282758784604,-13.728764603782057,373.05919216256854,1.27136802382504,-7.710971622427555,-338.67548942246054,14.541817850923463,-0.017262232304901627,97.87734402870738,24.465052406129804,0.002456485064897228,-633.2193819972969,-8.692635366397493,9.305552137709418,0.0001847986076480674,-1.16337170965135,1.1898278559916686,-0.00784804558373746,-10.295272018414295,6.828548970781092,-4.915519558216048,-21.977776277852712,6.387475851470835,1.1194248123635337,-40.942097001234266,8.863745570333345,-0.15366489797839492
478,7.966666666666667,23.006468095485967,0.2756081859704624,-367.292056418073,0.10393539704412076,0.43698279611714724,0.1683091286758364,16.431193271007054,0.14626247074125906,-0.0005515511064951785,40.59772878643407,-3.475419695958394,0.0074355807286693,4.6641387715601335,1.9629283548817678,-9.388749243354077,-4.79170656329687,3.717169352614624,-5.630879008806099,-5.919203698928555,-13.628187274638185,368.7776907344831,1.0885819459410229,-7.424984220015045,-337.1162324183102,16.034855708118364,-0.010150208514029785,100.17087940118218,22.833966937324885,0.003911333380099657,-635.1622925673255,-6.975322724079668,9.69524671344526,-0.010458274428670039,-1.8698438087803804,3.151095815474118,-0.009981477037132272,-9.464890422858057,6.240562501125526,-3.447827711306533,-21.896191213215765,4.536710216272468,0.4774747066719342,-41.776262169348584,8.242460067887048,-0.8376600828039013
479,7.983333333333333,21.969762069489015,0.23927735376691578,-366.2338160074339,2.6399272822168296,0.8816646552749596,-0.5196590619812866,16.883563612013926,0.16115205874293986,-6.1014490948510424e-05,45.09537852346934,-3.889824463990936,0.0026100282456591475,5.663874423192094,1.6683953776394709,-9.773963095459017,-7.904557571987122,5.606370151335746,-6.097616377158814,-5.234122920450531,-14.439849471506399,368.5735669076673,1.067763393601913,-7.071825204375887,-336.232010666321,17.448587753673937,0.0126889645242035,99.72682848445167,20.5897929187708,-0.011369031407054224,-633.4019935686453,-3.6913435487647575,9.307514431196893,-0.007338575408964302,-1.7123212388063112,2.463516994209178,-0.0014466323892856159,-8.66561467487869,5.805968023627863,-2.1020459094332535,-22.325514511706288,3.1108503528195155,0.09415997821036137,-42.23440386372343,7.970614265734604,-1.3079191679067497
480,8.0,21.08896836171568,0.43485002481229906,-365.7151661874812,5.732186423768733,0.8968313027071378,-0.8591815177214651,16.88323070794796,-0.13123320377664452,0.00046877169092887427,49.422223721138664,-4.278775016462301,-0.0033812590492140046,5.856386863430573,2.723407147043424,-10.787981133416674,-9.21588214686975,5.705453403960417,-7.2122049614527866,-4.854445330460241,-15.395604356991774,371.44404490120127,0.8355109839227173,-6.948476295499475,-335.6937316397104,19.334681938542104,-0.0023201504969017636,96.72897409272039,19.04375266116374,0.00379401247497712,-631.7834866980373,-3.7792116629784087,8.747999372024205,0.018050889787937292,-1.8209589867109777,1.2072136222538434,0.00026470631512679534,-8.423309742410076,5.714852460699059,-2.005658472192015,-23.52349524396665,3.31118046874438,0.07304979763639681,-41.744267747593874,8.035818495173064,-1.4397240933526219
481,8.016666666666667,19.908477697105848,0.5784966101894885,-366.36918178176165,8.815480776837092,1.1581625614448845,-0.5980227411345423,16.748370011002677,-0.7043689249546398,-0.0004212786200660575,53.45830943202497,-4.276604706133019,-0.0009664319936709295,5.949746832763646,3.518400359390765,-10.447809459121238,-9.383589268470484,4.502193200190671,-9.065572313206754,-4.720446527469113,-15.62300715293195,374.3854701853819,0.4438646177629939,-7.366698571946397,-335.5824011476829,20.71661418245202,0.010448391626929144,95.75742142721545,18.09318601510108,-0.002911872365486083,-632.6601112308355,-6.40733039558974,7.362060455114466,0.011241034666116517,-2.1710267866531043,2.772688566683968,-0.0021498070046069443,-8.521720277327196,5.239240326740624,-2.4345391324404786,-23.8067205897996,3.6898594302479206,0.14652949146600922,-41.213535906598885,7.965552940721877,-1.6235536109174997
482,8.033333333333333,19.718682611641707,0.08276178125104187,-367.0150747906723,12.931701758555551,1.8080757835228505,-0.999980963698337,16.645007279380525,-0.8863420717281969,-3.8872916864951084e-05,57.161445693835795,-4.218899631519719,0.0030208403992592566,6.1682224873630185,3.2487411418066823,-9.841299119236643,-8.792266881235975,4.137081426970275,-10.067060665656127,-3.7499037418251633,-15.813192356068527,375.505450235609,-0.19012883746803305,-7.943191844009609,-335.3858450711995,20.85774273849747,0.009937789917781855,96.09012903967151,17.6485039099484,0.0017875092703569576,-634.8942532066704,-7.735271307319715,6.935925535205659,-0.008153722197781049,-1.5562008894647306,4.500166164991231,-0.0025900157981471523,-8.887578487864332,4.319866686235552,-1.8259142398835773,-23.59617731379402,3.448003461033226,-0.2029553586529338,-41.0933267560929,8.635913145396481,-2.3594966907636707
483,8.05,20.484532844833595,-1.0071113196898174,-367.29887747124616,17.69114985920881,2.6903019478365207,-1.6618928760379572,16.826600964239567,-0.6506999037716232,-8.794472123256098e-05,60.12120573472794,-3.937737951964779,-0.0017743862377993676,6.3993921197761106,2.3871850447540357,-9.76069652404268,-7.732965217978219,3.6201505335205026,-10.682441731336029,-2.0574579069464347,-16.313775099476498,374.66730086813396,-0.555770223469927,-8.09966405997133,-334.43054479169746,20.878719011777203,0.004359242101745525,95.12289074431237,17.439043749535653,0.0003155481999201864,-636.7936299761132,-7.398293114425611,7.103262279246507,0.002979604286503136,-1.7554177991852924,3.3562010158091997,0.008404633231466438,-9.355777094541565,3.4468988284968627,-0.7023525552633682,-24.57531630358553,3.2335950378995344,-1.241100384722907,-40.92952750893726,9.934264348364433,-3.4669719972333937
484,8.066666666666666,19.37564997428264,-1.4970827990375568,-368.2130155268348,20.509573611152913,3.235367981644072,-1.3669990770427507,16.73027051452326,-0.6964834902934008,-0.000592036208681153,61.872543292361726,-3.4449867737529742,0.0007035791422528642,6.663887602475181,1.8543056271737421,-8.493816512600361,-7.273350637677867,2.973804102578674,-12.139925163191581,-1.325251636146387,-16.51688629215895,372.68565685801195,-0.7434609332573725,-8.136071587727717,-334.55598911148,21.76763890418746,-0.006934963426182961,94.46710650443488,16.81041205615758,-0.00975315618220865,-638.0800137680093,-5.445702491771243,6.226426710670234,-0.003868813397752531,-2.6459268237481086,2.6791970167270502,0.011370863233364375,-9.167216052365697,2.896814589815783,-0.23596743296737835,-25.453960773924816,3.5915587917562863,-1.5597038797087042,-40.601021986834986,9.853796702175073,-3.989788563713145
485,8.083333333333334,16.637058282018828,-1.4484337293245324,-369.0167168288037,21.729744412312172,3.3841996685310236,-1.4774424151773726,16.0102202832824,-0.6845706570401441,0.0007673959562437851,62.58732766549808,-3.800193945102656,0.00039822870042036926,7.077400492097345,2.0707787742905754,-6.914343805703638,-6.600485491310479,3.7544490134164117,-13.8068955795948,-0.9051976030669641,-16.35829276022047,370.8501632838237,-1.2733165120747378,-8.363750269220297,-336.425553746926,23.08752777508011,-0.009281441358340432,94.2237870308468,15.821872787622382,0.013649050756551647,-635.1675766425267,-3.792978352332761,5.694941415745974,0.0006859173354812903,-1.8995611934854224,4.1650117834850935,0.007572821510556528,-8.044738647582557,2.5527946010197478,-0.1536208024771622,-25.317953543200584,3.9530267369193184,-1.2292296232888051,-40.47417160405253,8.616193391319452,-3.9254011862256744
486,8.1,14.628758514639198,-1.8884962428675158,-368.8450686627191,23.174686572300907,3.8081608776204976,-2.512879212607123,15.300492797696869,-0.1938084354774069,-0.00011598979342417092,62.48418741825668,-4.4004301294642385,-0.003416816984675019,7.62195733977177,3.090435225062157,-6.976763311966965,-4.197435483609488,3.8204145199078696,-14.696889938728084,0.9590616974853895,-16.29643311791297,371.19039609923,-1.9237026454695918,-8.327784718790658,-337.4976148959061,23.956501584425432,0.0030384502593098013,90.3199649172676,14.81703306254971,-0.010908916412853372,-631.0439555397468,-4.540531245516872,6.450147544195465,-0.0028041319953621665,-1.3592284277673783,3.1659873665424807,-0.0034703498378965787,-6.797857688079884,2.100429450018082,0.09806625374039209,-25.052422982172455,3.9741302875158735,-1.9475389785714752,-40.86002537883415,7.945294745555471,-4.156657511522763
487,8.116666666666667,13.097180523968227,-2.161489103798028,-368.40002945327046,24.657027991740637,3.939227522767042,-2.319128302849812,14.733375386392776,0.2922900105953475,-0.00023749199502335242,61.644793239225194,-3.4325348774473263,0.006728247983427918,7.94324576959612,3.7708661119780524,-7.688630421420184,-1.0439006489475933,2.638011505391499,-15.192068001157041,2.453048783961979,-16.15774829546647,371.2643231733368,-2.3465902829860608,-8.274173098204836,-337.50192802485566,24.175828549483157,0.0024844317897501364,87.12934751728017,14.481591598586354,-0.014098463271829125,-632.267108707945,-4.704222619701769,7.582657011544888,0.006615214222006623,-1.602355058362889,2.1942194021694674,0.014454674659653794,-6.153196396178575,1.8557684673243142,0.6132330473087585,-24.724534921651216,3.740689288785114,-2.8144547952236683,-41.408630312626194,7.718757319354126,-4.423314382506176
488,8.133333333333333,11.966282273725918,-1.87429688222839,-368.24648203980206,26.306666580116545,3.2808163537574817,-2.0770952939484757,14.211576718484284,0.4862046242763827,0.0011024069194892352,59.97280193872346,-2.282254193065959,-0.005146848122193084,8.124636649264664,3.036567867513683,-7.56942218205514,0.3807499449486901,2.576417867307082,-15.793983639116036,2.934373739429918,-16.265415279528792,370.5156073173955,-2.7525835934798115,-8.681184151187699,-338.2842235961155,23.585507857994596,0.010612093644157492,89.48128830443986,14.868050548450762,-0.0009952347182339506,-635.8917936433937,-3.374716901742049,7.480791137442267,-0.01146419392731437,-0.7972037846716656,5.616115727820349,0.026349306145636037,-6.153997414529745,1.9215391030378464,1.2085552947590206,-24.42419141683101,3.641853803224927,-2.705581390974701,-41.578882331446714,7.756811660681369,-4.345698729860265
489,8.15,11.355676287915196,-1.7491085290003408,-369.0319078690858,28.06215124306901,2.9151358495212025,-3.122112682635353,13.775248272842427,0.3030395989863957,-0.0003974919778385256,57.596296535329806,-2.4545440681296222,-0.004030179610019472,8.508752719020253,2.5895352869678083,-6.164998876389887,1.6046547702233054,1.8222627067092776,-16.246913412762535,4.082984919580797,-16.638440855871206,371.989560199185,-3.623367943064096,-9.158137320928937,-340.1093011519191,22.530577005662803,-0.008695168374841853,91.9388095705173,14.81348391283011,0.011244991318292943,-635.2345843981795,-4.035404038744894,5.398548192541841,0.013740599013213811,0.3984628288502291,6.595742270668477,-0.024469900799784804,-6.424496362011298,1.696430304540568,1.6718468357065233,-24.23627350467977,3.6315555379125386,-2.7146999477298785,-41.65555841949189,8.079388474613658,-4.3112875662586045
490,8.166666666666666,9.787364531291342,-1.5803175936503633,-370.34071315805147,28.858072230272306,3.032540072394852,-3.620340891786403,12.985721964414882,-0.048918737674971596,-0.00045699896493899716,54.811108807466766,-2.625949295241249,0.0069157242519262046,8.325092133650175,3.5797616524309124,-4.162458103470403,4.597007666683679,0.0703814613242544,-16.343530800637176,5.307767157806275,-16.430067195612324,373.68020193820416,-4.964648986610146,-9.65768775680633,-341.52568938033005,21.967720465100825,-0.000350665411907975,92.5659060856992,14.965669937278788,-0.007218248345843086,-629.9102945287918,-5.6960818683905865,3.1091195192730052,-0.002513015020601601,1.2266754988435573,4.496123738641295,-0.016800499476754396,-6.167918707481422,1.2426689582260153,2.0493859066082276,-24.475326213293858,2.941338426090202,-3.0999285161257157,-41.972008426177695,7.815233407635361,-4.257293180005892
491,8.183333333333334,7.821203286929735,-1.1957678060685135,-371.0416267650946,29.18718837141376,2.8484167651537717,-3.9638975296480217,11.855980794928689,-0.1811757925326804,0.001008549371736,50.881824263309234,-2.4977526797650556,-0.007124130693026132,7.462577632770762,3.7268332429671327,-2.312328305231278,6.261739349266792,1.5306727122307746,-16.432808245431776,5.812227444018144,-16.091429563236204,372.82845551288295,-6.089240636074747,-9.977150212300847,-342.10168860350626,22.423435967285887,0.006411553109088615,94.14481548647872,16.296931586565865,0.005110800818430658,-627.3126637930869,-4.643109407219473,2.268407995311584,-0.0019816808586836745,2.0040984499266234,7.199636699765231,0.006477940003696849,-5.5985618360169305,1.165868392927571,2.491390047071225,-25.122645817430836,2.248272513158414,-3.120580616113476,-42.392933438231424,7.4640630844683225,-4.118935691346101
492,8.2,6.690490566733489,-1.0856653295541323,-371.6299630185287,29.64031236605026,2.463045928027249,-5.310206135993026,10.896980665956251,-0.14931276768414067,-0.0010879002588876285,45.5586635712574,-2.534333940051781,0.003934268411922482,7.650857919787849,2.4391983213098984,-1.0939285963423901,5.77691617472576,4.867133561584564,-16.09759729601293,6.137039013518827,-16.195865461851216,371.07137991575314,-6.706365852013537,-9.808589217070166,-342.81486716232473,23.826213756713383,-0.00847818904774193,96.80077353405807,17.700230792476354,0.005484775677001308,-629.4380735109575,-3.2602436851104906,2.0556821561120295,0.007754098221508988,3.0487760306267986,11.474986797521995,-0.0010623794154280123,-5.407577365869888,1.3754438909943796,3.079025108817562,-24.979654617498177,2.244968095752063,-2.7725968726369854,-42.92673163744352,7.747191490473529,-4.173304359617726
493,8.216666666666667,5.354214237362123,-1.0845957068162422,-371.6517963506621,29.685363646372164,2.21563792956862,-6.841095996155917,10.058603662340847,0.16467218394501687,0.0007088840339879122,40.284953848363436,-2.605538267854655,0.00022875820197744664,8.977058134471315,1.836307930416086,-1.8922657633666478,5.262159490569263,5.667135466691896,-15.02571331203557,6.81235125827396,-16.469450256023475,371.45321790759255,-6.847184563203371,-9.905616137873585,-341.84248932849914,25.11255903308303,-0.001152729915570304,97.53977054987422,17.768836817231552,-0.00766906381435,-631.3779322894524,-4.391817818026332,2.7287541417626704,-0.02054932716887365,3.682044142300142,10.808773607783323,-0.01127716554578503,-5.062354403476493,1.428597432268601,3.475182925474593,-24.266662190405704,2.385921115183579,-2.2600317480711265,-43.38982728028575,7.763556770061043,-4.237931764601188
494,8.233333333333333,3.7728646905405445,-0.7146767498048353,-370.105319311078,29.82004353970992,1.967501119076961,-7.324174810867088,9.02998428558644,0.6509769113054297,0.001193547878719189,35.77449508701701,-2.5896521100595478,-0.002608392256810853,9.583501461463351,2.0127835258574933,-3.879605395236199,4.524327892661914,4.684651954712857,-14.742966078687527,7.7107088748293995,-16.894271031553874,373.48493862020234,-6.380899164161251,-10.09702138694632,-340.16676218192373,25.69855067495208,0.008042232894989544,91.97942601131005,16.36364582112606,-0.0026075155192544683,-631.6966764795311,-4.2392144155177025,4.882599694319157,0.014677866227250546,4.502756333161511,9.990489760168447,0.025653126559039407,-4.636116490965937,1.607423713825859,3.778528847149479,-24.049476594105784,2.4237424893105413,-2.1821227176296074,-43.672755425641704,7.5787201081909075,-3.89965441085904
495,8.25,2.8280887654463767,-0.2693840231801654,-368.90286377844984,30.39620938800578,1.8471220427761004,-6.687443060941362,8.069805458642318,0.6867390150652459,-0.0010823889225969171,31.195506158429698,-2.218435969614826,0.002170125555874628,9.634247111309548,2.4318878136090496,-4.336516363774419,3.260154077818248,3.8678131507675713,-15.41021152404316,8.020050642423705,-17.06924103715017,373.9115035964521,-6.423724118933227,-9.921315050849874,-341.3398669166192,25.89683422877914,0.006745680070824139,86.24182461187922,15.860634098953087,0.007408115303203244,-631.7139031025135,-2.266509395672096,5.185657307336425,0.0273726837049554,6.160918557353902,14.604755685182067,0.027862311821805576,-4.9140260978844355,1.8859145206501713,4.313944349291683,-24.105847964144434,2.277714720002155,-2.665087178622699,-43.8800989675104,7.83455077613446,-3.4875699541824523
496,8.266666666666667,1.8261865979073173,-0.27825839032586647,-369.024460746279,30.47071722482673,2.1284251169243285,-6.423407969235552,7.685932579141545,0.6661202124707705,-0.0004420761077346496,25.96231019221085,-1.6929738841710817,-3.646045927701428e-05,10.366108007446165,3.2132204545682472,-4.016656578344527,2.134615019723187,3.0988867866905396,-15.66940081742381,7.590715628670513,-16.53191893933216,372.0861430507684,-7.173845105687748,-10.009051874996166,-341.7687354655928,26.37374719429233,0.016913817083244246,87.47560116478306,16.357142021119873,-0.004939905647424657,-633.7358546314248,-1.7770184276769028,3.464165704992483,0.028227385477900675,6.153643734719321,18.84462826537738,-0.0379301810738823,-5.306179858101301,1.6694760085645974,4.455955408730847,-23.987122627504977,1.9958906440604,-2.4055697571515195,-43.861872043682325,7.910356775987609,-3.5748859484268807
497,8.283333333333333,-0.04265934909832776,-0.14888545759611838,-368.32833505709107,29.657884536668906,2.3692492852518887,-6.739163752352664,7.3942269820116335,1.194943569189896,-0.0001518626732166417,20.289395918180514,-1.3580513411760728,0.0009686358752393755,10.482182747006762,3.6505145691718615,-4.422941616946284,1.0153370376314264,3.4974118238325183,-15.498885778556593,7.014563514856422,-16.110542691330004,370.4062552105794,-7.004652443901095,-9.919320530483713,-340.09965692456103,27.873372420624047,-6.227882639563126e-05,90.79628106413425,14.971582804691701,-0.021592319654316294,-637.2349808716067,-2.484009845607454,3.1517027459722637,0.0025101522120006227,4.342655509688942,16.995561309027224,0.014350080096460415,-4.907439274991021,1.5439592467888164,4.183011902710019,-23.742264319032785,1.8446488884319163,-1.5140752279372531,-43.76556949304628,7.362415350870747,-3.586588025638461
498,8.3,-2.333904840832455,0.3913839255419584,-367.0099798579481,28.61719591228701,2.20580277220591,-6.966367310148519,6.4613971189042045,1.799285274349405,0.00042580492788644867,14.627750131330188,-1.1077723254756402,-0.00576144991495331,9.202252318357909,2.9853845432027586,-4.054471793919164,-0.5564323163221768,4.941686224741542,-14.477824665901837,6.764252176119483,-16.274956032030484,370.029329717419,-6.641793084889826,-9.329410486608252,-340.76797321007837,29.32347340650662,-0.018323679833610555,93.70289331558824,13.897990953435517,0.027336669552622712,-639.805292123991,-3.8030053329082576,3.2017356055006365,0.0021935087564245843,2.3005276108472423,14.405112519606943,0.0008134354212888512,-4.135062547106216,1.9601246576634939,4.1557015846865495,-23.47039191272238,1.7146604493799342,-1.9630102248027377,-43.82666712467031,6.651570403543669,-3.0801509482725606
499,8.316666666666666,-4.046405339846596,0.6578682999234206,-367.4056995442573,28.051124843988557,1.7690986436133052,-7.249453259115083,5.735641284368422,2.103988223018067,-0.00015302938364334222,9.586605294931973,-0.4776851060189325,0.005842098512937175,8.827531450932726,2.5693049332077464,-2.5427045609577825,-1.9687852338841145,4.811870155823855,-12.460777111006884,7.0686419445672835,-16.30134434546728,369.8076424902931,-7.46478064204628,-9.061972390359406,-343.391852380233,29.541605204206437,-0.0033782420303371113,95.47313659689844,14.998238749263386,-0.0018959462812363334,-639.5201013126574,-4.064275628200492,3.4762744654025637,0.0057604906841933964,0.8705866265947023,12.330240953747174,-0.007053175430825266,-3.7005484162850624,2.2522382228235487,4.273940677061529,-23.285008263178288,1.7230684397853604,-3.389407209372917,-44.099860271765216,6.311168278134484,-2.606612415766233
500,8.333333333333334,-4.996995971775857,0.9444732598291883,-368.39966309626203,28.039394258348683,1.0677210607576968,-7.201201259492947,6.031793900893467,2.229746724239859,0.0005214635234021404,5.767716940857065,0.3887966518609654,0.00019801630490373656,10.154140659112864,3.5974710687888383,-1.7233074977185228,-2.435387562399483,4.602163866620846,-11.28889898661254,7.894887032535774,-16.182022139965884,370.28951832891784,-8.045378492118665,-9.135818668111968,-343.95440305734894,28.830351058374053,0.0008580884241866792,95.95648739439052,14.767929521175805,0.0235175770639764,-635.5390769146719,-2.9133307833025617,4.446010422018401,5.616429335562236e-05,1.0764082400354598,7.649091567488969,-0.009815427629859949,-3.5810262238562247,2.5601070025011974,4.331038408686478,-23.250003199232726,2.3017383230446,-3.4623659695137747,-44.53112564232243,6.289387147704396,-2.0651036872614297
501,8.35,-5.970532389443505,1.4811448376571816,-368.3765528266164,28.19474901715251,0.4525189775592109,-6.859485543072677,6.312665154109801,1.99882799091888,-0.0006296860411219172,3.197445929329743,1.0250304549953353,-0.004179156975414377,11.713984775050472,3.8129048712473073,-1.5128039960062343,-2.377292381450064,6.345130292541738,-10.93485934002548,8.507158609671064,-16.188881382945095,371.8873475304839,-7.520411360333983,-9.297578846430659,-341.34395874350724,27.879321227279316,0.0005445970381791759,98.49989275312501,13.352105224552623,-0.0020740625543427473,-632.5517192797736,-3.223152867529171,3.78801533962045,0.001537030623881157,1.1968784693557601,7.142056057865512,0.021945195701925307,-3.6080679032774614,2.9545217788899887,4.341397635950099,-23.060473694895848,2.5812228846368734,-2.4985980888272237,-44.78410917609934,6.18532765848879,-1.4955546020904622
502,8.366666666666667,-7.053953472630728,1.5149449030054292,-368.67169521985375,28.32832106444028,0.36347343755451333,-6.879392808298573,6.203618862995064,1.3226623339444874,-0.000670155654780263,1.6650035215160912,1.8327670200659671,0.003691495701232008,13.053895858962974,3.3506081063088136,-0.963486619230915,-2.2481162712609137,7.06406083521416,-9.418635884914103,8.249395617503996,-16.170154053531228,372.78716263855307,-7.302755173880413,-9.332937240219232,-339.5495988917672,27.57419539634874,-0.008076319569411936,99.53585038486925,13.217946371937435,-0.0009165477584437755,-632.4527047911935,-4.163868177021405,3.160670314547657,-0.00032097017329590476,1.0409577319544527,9.75352353108802,0.019357788031507814,-3.670240620516721,2.7162771521841425,4.296218242592961,-23.190834372842065,2.428680131076649,-2.210495985430871,-44.87208783750498,6.04171968838555,-1.6324252465144273
503,8.383333333333333,-7.513388241270731,1.0526293729323635,-369.1611561402743,28.915480938499982,0.4628155323636425,-7.198575535510169,6.634546529690045,0.8878863446124208,0.0015497797730010014,1.5486464068089068,2.6004341756027642,-0.0015887193353122152,14.446076173615564,4.228525320991144,-0.9222196519522466,-2.0151961489056487,6.121079648246018,-7.001810766981237,7.961919556358118,-15.953062401601205,372.56681408757794,-7.780024173014935,-9.23014263386741,-340.5342629427855,27.669224406421467,-0.0026314435539181976,97.23846358035621,13.531663064452385,0.01199835758525815,-633.8465375272084,-3.7883979455862478,4.242521137534675,0.002974301386160685,1.9055431131365062,6.921285589385478,7.343646073680886e-05,-3.8028795287494606,2.0293678114949825,4.3803019715774125,-24.08580424010923,3.221108023369706,-2.5012565276981236,-45.1027159746207,6.2693359322255855,-2.125566537306318
504,8.4,-7.694779595157862,0.9365636411173609,-368.7717762249826,30.16108917687709,0.4476180086556949,-7.525670340457174,6.849742882051243,0.5369869237208454,-0.0020102433130216703,2.8557991245301664,2.43357902064463,0.0010093263204799855,15.232168324122762,5.151325880011806,-1.4217809691006542,-2.0811419149302175,6.744480640359094,-5.622955849600948,7.951830521106502,-15.353683050772664,371.7855550191168,-7.690874007728259,-9.146662951717325,-341.4235110310905,27.488780967139103,0.004177776463778819,97.24477879549049,13.316122533537197,0.007175711619797412,-635.8431188710606,-3.080381330859935,3.384314024364146,-0.004126650751433581,1.83474926546203,4.604994611332159,0.015237366820425575,-4.17126048682511,1.5813397023267826,4.632033639182283,-24.258338790210406,3.9323376114726436,-2.3562778983149433,-45.49522642475899,6.840706245111113,-2.250622997753617
505,8.416666666666666,-8.542021810765709,1.2093467547467813,-368.7291307048022,31.10733828840745,0.6967850479958089,-7.654997766044177,6.190427505639182,-0.5310883578685519,-0.002406625204560537,4.65973251233828,1.6842249479707168,0.0009978675012612152,14.810035550729365,5.686885861066342,-1.3474961102561296,-3.0052717792188344,7.717757569498749,-5.848400115525792,7.387349743482826,-14.88412064830345,371.5820364457666,-7.270890746914069,-8.86410604146321,-343.145831533005,26.936598105877643,-0.0035907486565017383,98.0815997069588,12.991723434070229,0.000833013436022882,-635.1559339541036,-3.384224064125426,0.6406527398950247,0.005990215524743172,1.3191712636408048,8.411340411128489,0.04888695565247377,-4.55521388810191,1.3312117751060468,4.944329213038884,-23.320892908057036,3.6305008856294285,-1.6552566669571798,-45.96102180626726,7.155425771039724,-2.343250926993894
506,8.433333333333334,-9.59275567586964,0.9165169461154624,-369.3518132793596,31.195466340117562,1.3515600719060088,-7.77219140335461,6.383262843937083,-1.3545342671773377,0.0019569175570636407,6.377942993446717,1.2757875963761698,-0.0012487153573782815,14.739149512303685,5.967387112953986,-0.711261276812702,-4.1513084447864586,6.560878685719394,-6.980477708604045,6.764793185206344,-15.014851247294047,372.87039057420355,-7.725166642606684,-8.481564965559109,-346.4033627760239,25.88148270668761,-0.0030861381713372517,96.77605436412837,13.41596666917148,0.004130640340381724,-633.9938443282305,-4.303628008210359,1.8264417220042954,-0.009553709049349957,2.3053052335430495,11.467225070074953,0.06015060461920444,-4.8407401762439175,0.8261294328989347,5.336928102731252,-23.020512133685585,4.08984766655511,-2.1960640226658663,-46.33648010560769,7.069624500876227,-2.8540017986537407
507,8.45,-10.126831917459365,0.019801346183085825,-368.8647552445904,30.940231214880896,1.8818063822020794,-8.064610229311928,7.984016571857465,-1.2783137759015615,-0.0034067222685002767,7.841685123260776,1.1492782470574343,-4.055023498816127e-05,15.976539526069093,5.252820793991773,-0.5142917126941433,-4.638444100388168,6.233193503708006,-8.38443163270599,6.771357054356806,-15.079336963325078,374.08466925822347,-7.886578155723359,-8.552894514562663,-346.77392100679674,24.92289015443987,0.0038509010158315187,96.89556777658655,14.107650201149681,0.010971081221719728,-634.1214115221921,-4.278811176986387,5.2823053371770845,-0.0059000933835094745,2.409451247994129,11.432326561865048,0.028385237316534702,-4.888995567091339,0.1110032019891679,5.875411803522024,-23.767992667685572,5.0433847995121885,-3.5848706014823235,-46.76831214466384,6.958950940421264,-3.3811179978245125
508,8.466666666666667,-10.210408113884077,-1.031790146443466,-367.6329733402928,30.743151424618414,2.4032274546746066,-8.531324246169131,9.72816038594675,-1.3422137374291372,0.004170561267506473,8.987410465867088,0.8597424088538365,0.0003989199685486701,16.38372387008168,5.106845024987321,-0.8518893997603294,-5.031544605243882,7.476545322411856,-9.051850987785134,6.529668464159969,-14.726228598839475,374.0805125907876,-7.1104868708076845,-8.73772701936861,-345.73723364351565,24.319627796883392,0.0017647547972939276,98.4914705294002,14.048253179500065,0.007143029276153574,-633.9158532879646,-4.304605220094622,4.672988084852108,0.002646372448203756,0.6872242098374212,14.706576764519648,-0.029390925963519655,-4.8219534482557975,-0.6824089778011326,6.558474721673356,-24.36642414699817,4.751008274179831,-3.021277381979377,-47.52785811023036,7.073706755285445,-3.8991455786767655
509,8.483333333333333,-9.837302058253476,-2.261269177633029,-366.95739289822296,30.736232659279256,3.3686623355568095,-8.699898760340393,11.490651051562484,-1.5701469886147086,-0.0005993887878727361,10.020263060431384,0.5841964017545668,0.0008217334631411404,15.028366378357035,5.8418998457097775,-1.4326795252778277,-5.5489895117619605,7.3692713818879465,-9.082443890051202,5.7399036914085375,-14.70835054306483,374.3706728075402,-6.960504665743441,-8.46372944246978,-346.66744834765404,23.277665078474982,0.0008142456710178212,98.0397485962208,13.799888393859005,0.0023318694727428326,-634.9485764194375,-4.6677974134275715,2.532254234075074,0.0026240388168895096,0.17763496592307834,18.28418346839195,-0.0361990456127903,-5.431583341140891,-1.5318887668567875,7.040384291815761,-23.9896807351715,4.146611004628832,-2.062411417533289,-48.01877358525527,7.56450658595357,-4.788915830360093
510,8.5,-9.05546241403421,-3.120783132106477,-366.3045756416267,30.707212002274094,4.2968010582875795,-7.868950979316441,14.105640807466155,-1.5366832000965645,-0.0065620853190551985,11.0648816275404,0.6594412870091712,-0.0016044053984074905,14.055422957231794,5.281473130473019,-2.5506068767806434,-4.9880841939004945,6.042185087843149,-9.765295662967237,5.2198168230999755,-14.89562996783355,375.323595588227,-7.0977712015011445,-8.263999210591656,-345.8967843884682,21.357244161129838,-0.007317027837755078,95.4856145384381,14.00293689552788,0.0018107718648029546,-636.0157142348852,-2.7942765536710006,2.28879140423929,-0.002060616473693779,1.9312428414867946,16.56489634020495,-0.029365263654824524,-6.3875191658097945,-2.119810780773232,6.96299275900289,-23.191827912427474,4.212222546293141,-2.548072519077913,-47.824085409069994,8.066506165548718,-5.543709359634384
511,8.516666666666667,-8.281335943696543,-3.7298498923454266,-366.10529669760183,30.293093604416903,5.194760906079242,-7.42801682752539,17.54177907902066,-1.7673081909815544,0.009509257205019338,12.248068461705289,0.581463705279526,-0.00020315675713645384,13.867491618902092,5.096415777952567,-3.4794992612648317,-3.806725713873029,3.9473656054015454,-9.646332597431439,4.987755134663357,-14.279233772707832,375.5358463160232,-6.553989094167863,-8.472939762491002,-344.24576964708234,18.84025340372814,0.006236176915811218,92.96494697490972,14.013669376414114,0.004628123569986339,-636.2498175022802,-1.0288692061746314,2.5468055677683044,0.0026275986234196545,3.7159197065605065,14.463430454766158,0.020125782422929256,-6.712094480712475,-2.598237038979076,6.398570729820006,-22.95612570416331,4.205417986265937,-2.116851235750293,-47.52479220787449,8.007231893815522,-5.992918505338803
512,8.533333333333333,-7.451876094477578,-4.627271577054272,-365.7123299537821,29.840970693087268,6.23800040731809,-8.198233767667874,20.90718404576442,-1.6893234177718792,-0.0005258770949510836,13.508205575733422,-0.24757030031720356,0.0029955806453865674,11.80375639831761,6.747218629744997,-4.433111775118469,-2.818123665435836,2.4646992969444015,-8.102492575491077,4.45678551494328,-13.4533227102554,376.04012118775336,-5.565136884078523,-8.597532337081125,-344.28489284898103,16.700915365286747,0.0014668785394249047,90.0010055396306,12.651152701580246,0.0008049001724287975,-635.7192407726839,-3.0387679128694516,3.515312321061853,-0.010634885026473232,4.223845437167721,12.459700675130158,-0.012522467575021403,-6.850406723533621,-2.976424943648463,5.816650379020001,-23.046965603612183,4.103173164238705,-0.588698291829913,-47.453473103226905,7.873863851140746,-6.333457987786909
513,8.55,-5.9380183865319145,-5.319036368249906,-363.952918610534,29.440668497149566,6.7030710505960185,-7.885653585764866,24.352003068727964,-0.7188505147345076,-0.010099579788034033,14.318935095899963,-0.8900869887455651,-0.001511186352861165,7.3775969065720455,6.9179066237794595,-6.126338303478797,-1.5218207847001117,3.8466527610209575,-8.33896701621117,3.530746686362165,-13.192470031410918,377.80206509936727,-4.610328351532486,-8.502209118116234,-343.6198347016156,15.643016082237375,-0.0004283032142369279,87.8277030256234,11.338056333420568,-0.015707220469481514,-634.2872331819743,-5.785281492031294,5.4404153245623155,0.0021706875746696636,2.994948830284575,9.291062844353373,0.0062588887828966535,-7.490251257075183,-3.0209234762760677,5.69887967279116,-23.03297245179963,4.1935546579361835,-0.15847785043967594,-47.589783575781,8.216704809799392,-6.338513703993055
514,8.566666666666666,-4.3093579460211044,-5.913619792780402,-363.2010197413727,28.006175903197228,6.9180404351714175,-6.287888328593677,28.67855519719782,-0.22539446115482348,0.009551822664003581,14.633254704145982,-0.7201223439283314,-0.0006521163934165163,2.7363534557528215,6.326516766585474,-6.61613013952656,-0.052342364106413415,5.417264460379542,-10.27419816734303,2.4759514960832263,-13.072062358807749,378.9895158816623,-4.654499330149615,-8.413923037494962,-343.9469704342147,15.072794522193718,-0.00016555572733107255,89.95752052971594,12.644727958764141,0.015558020720287707,-633.8528288982874,-6.358771119488108,6.227879801086617,0.007994605851624039,0.7654800233245505,9.673344697980092,0.0009270211571543719,-7.691325712309514,-3.1339335484537183,5.640564699411051,-22.877318809747635,4.360725088792118,-0.3806311068168076,-47.82357226991148,7.9842625266373455,-6.34198258414301
515,8.583333333333334,-3.1276342363878986,-6.719238255394385,-364.20124813193564,25.845481383524312,7.558431213075426,-6.021947673640118,33.28925240546668,-0.4219676571850916,0.0029042043102999325,14.92031652128501,-0.7409678740339314,0.0010648757935748927,-1.235559381081846,7.921055878910997,-5.175473184622427,0.9218956514143949,4.345457485923856,-10.53292957474578,1.360752928797789,-12.841562355288042,379.23907564594157,-5.339500228893964,-8.505938321275092,-345.80874600627493,14.223159824185286,0.009041722548335247,93.43542390324721,14.779614840903898,0.013342898934210224,-631.2288760719567,-6.389540433809967,5.314272908083789,-0.01338891563732827,0.6278063108237223,12.433628417292601,-0.008771391374541292,-7.139069115404657,-3.3250939940863686,4.778122249654823,-22.542137293146688,4.615886056105809,0.40456032020924143,-47.606195300654434,6.977852763495425,-6.462451306612805
516,8.6,-1.2347076522448568,-7.222657263955473,-364.96885297340975,24.642275431319543,7.936102602535661,-6.518507963962932,37.62970783967584,-0.02851043387705598,-0.006676580855301259,15.270580615596502,-0.9913327390404812,-0.000374804993024122,-4.242490316342738,8.742174455704124,-4.261140196220544,1.4465050854301773,2.417770530231049,-9.70815688858462,-0.2073402883689835,-12.377754634395515,378.13557575401086,-5.365007182935683,-8.783083483498817,-345.9684774312633,13.97269297007976,-0.013380154025401417,97.54626788679161,14.83991435146489,0.00271555658936988,-627.5769652218091,-5.769543539692046,6.207911730728359,0.010304681324975624,1.3654990326558603,11.114686368450608,-0.02714163918304729,-7.414966621949654,-3.218175518456647,3.6100673317845873,-22.33967156576293,4.122743242112847,1.714597564617741,-46.956977595599135,6.659622556120889,-6.184210110865698
517,8.616666666666667,1.6099997065081357,-7.549107422138211,-364.6853296857266,23.82246094400711,7.653005766724034,-5.732372590118567,42.5730528765769,0.8307184209974803,0.0001946194597375846,15.514405441343923,-0.928021990590198,-0.0001356139739936879,-5.896179869551765,7.455990415505733,-5.066968001270537,2.029300441864076,2.283410366656146,-9.932147785909375,-1.7300755545957271,-11.85249762648714,373.902174894438,-4.756353804963449,-8.79574242625025,-345.1278947041868,14.720587480691675,-0.01751112596788251,104.53341000656444,14.082087402301108,-0.01173205817789517,-627.7871128498745,-3.119052230600083,9.042222255683702,0.012685284576346437,-0.777413620119213,5.91421392924132,0.04909446859575116,-8.15137146246952,-2.829168255670689,3.447166216435773,-22.537922298087707,2.9388404743506746,1.8656028341677464,-46.99169019249388,6.825578234925581,-5.7027758216325966
518,8.633333333333333,4.642078264413876,-7.956438436131513,-363.57879985327463,22.560918137084244,7.24062256635861,-5.0032737966423255,48.15865300826775,1.4338184382295034,0.004183689481252045,15.641602250426875,-0.8347175321262754,0.0006955134823907979,-7.2259012653305525,7.359235055477477,-6.275648713865893,3.250643170139083,3.8716137520030003,-10.646851366006931,-1.6857440074595806,-11.867872618660716,371.1720531373598,-3.9881759881672707,-8.59009388492649,-344.053295277979,14.622415044886711,-0.004158847037247798,106.73774667616425,14.408034231641153,-0.004205132455177965,-626.9925136656561,-1.3701918043818062,9.450732937249368,-0.017840316123951167,-2.6682928502452947,2.2163502815712457,-0.002584086075899404,-7.811486271986007,-2.2070450854769343,3.575124739413085,-23.263377117572382,2.9587646156454714,1.4211537149379645,-47.800732767267085,6.716325898289097,-5.335579237006727
519,8.65,7.647270124571343,-8.278251483661618,-363.15901916269763,21.59038863901323,6.948750923349801,-5.731153683533884,53.080767658741344,1.7766614397945515,-0.006331467126576217,15.822121442879299,-0.7630357599613736,3.7961235646801366e-05,-8.771007770415912,8.119647967159537,-6.859565995396535,4.564664960489366,4.099223788082476,-10.357811517657272,-1.4923608754070112,-12.312399521556586,372.77846869330807,-3.344950717154995,-8.60152119248023,-342.80701765822573,14.354513418949724,0.008894345468862473,102.15104034714587,14.856122473826163,-0.0034780960512240193,-626.4134036695796,-2.062472515803431,8.603395399248745,0.002285248046031529,-1.683146454389067,0.18070260070132865,0.003106832141261837,-7.284558556176609,-1.5385182988510737,2.653674944940822,-24.272762285042674,3.86068627889114,1.908089384123637,-48.06105063674946,6.753531591791515,-4.9657269068511765
520,8.666666666666666,10.438435443331999,-8.641868097469985,-364.0038460659679,20.599453579666907,6.918118190278736,-6.786016523436876,57.12530279384993,1.5796756471428335,0.002744957304518712,15.681442809870115,-0.7379335421671341,-0.0002792866835767548,-9.362147309123506,8.056702564808303,-7.285683975495764,4.8041122850862115,2.6646857578810175,-8.907446340318186,-3.354693681761234,-12.710859437501858,372.6488234184554,-3.114721041653705,-8.529735171137949,-343.01949582691674,15.841340567596408,-0.011522338563875327,100.23642505151723,15.025150423338943,-0.01442574574680901,-628.7294034410559,-1.9427227541047354,9.540818108062902,0.0027361608533262366,-1.732875754551906,-2.3170054890632046,0.02203884706193458,-7.413766007551497,-1.1126548678626056,1.838999658585108,-24.50859349837775,3.630682237489311,2.567518151728791,-47.854708519930284,6.839763428124872,-4.7740663334290785
521,8.683333333333334,13.663971598626365,-8.954810007003749,-364.46323799678504,19.886679659484667,6.937180871308485,-7.069237368705355,60.9307641561621,1.0261402468812355,0.008760393982853498,15.256576485240208,-0.5918272217498746,-0.0004466950216677275,-8.223970767677763,8.146788294016948,-7.851670774011482,4.760098956304195,2.0631441765691685,-8.080368105364697,-4.714308538624295,-13.011091387195288,373.46902492269743,-2.752748985663861,-8.488099770870779,-343.3078970734572,16.45009158762858,-0.009021345064747187,100.14900709305076,15.662862129501182,-0.018036887455128752,-628.3079209900123,-1.639355599027509,10.414243843467501,0.004113573102499177,-3.042634504392573,-2.5836454486916276,-0.012730620781474761,-8.098916849184155,-0.9508140594502709,1.8090629089862351,-23.986305592778738,3.014703243886866,3.215660131149163,-48.08932827678351,7.26569042776136,-4.7337690438998195
522,8.7,17.21302342198963,-9.164117832456165,-364.09517334278723,20.014978553613055,6.629938744736717,-7.12694214846244,64.04244266519102,1.6549821828415432,-0.009331706273807548,15.376757999070625,-0.22784351186994006,0.00015966757624379728,-6.988684471106172,7.92533487316816,-8.30715802563969,5.883112065837268,2.276455962650268,-8.108644364181838,-4.397483575671754,-13.0675253440313,376.3583823822729,-1.8344863206047752,-8.88523286539105,-342.5082667257303,15.008360693570735,0.044804142289096446,99.49974114627044,16.23816355574666,0.019477003026811202,-627.3630121956797,-1.795798727771906,8.887436950892083,-0.007151110470279646,-2.357089835185514,-0.9319593104292525,-0.0023205112064034984,-9.295072632048624,-0.8882200314821536,1.4359107977474272,-23.67743977114453,3.2918653646044067,4.31988484786977,-48.088432337351904,8.258812846996054,-4.52854797923096
523,8.716666666666667,19.34995150922367,-9.505805373595544,-363.678741105139,18.943566050371082,6.417248772240436,-7.716405254953835,65.90266336762996,3.2037059903495764,-0.0005839032195886528,15.230929630444148,-0.30499377238896846,0.0002461361452392136,-6.870502647513603,6.650913609892342,-8.373715411748408,6.787822345952714,2.9552205450972258,-7.541314298908176,-5.608024144192443,-12.478676223816707,370.8393715613745,-1.1123811105523669,-9.323658056117406,-343.0386603330384,15.4586669926499,-0.08045233001398593,105.56732972761931,17.476507229140683,-0.006511605659728018,-626.6632201263219,0.5177953514188497,7.01410971728622,0.0017470109156975356,-2.1016509101777023,-2.641459290296357,0.06043009857816712,-9.66501248766819,-0.8043741032088277,0.8973165299038203,-23.64650069264458,3.5377245640866817,4.614317210097691,-47.626114829988396,8.358814325738678,-4.303025197911591
524,8.733333333333333,20.87359104981238,-9.597614309633492,-363.75601072595333,16.758513914204567,6.362475472970136,-8.760681064386285,67.03274824806569,3.122046275417342,0.006463675360490792,14.313331575123884,-0.7214531965034728,-0.0009621458688059141,-5.823855865161015,5.70021235289828,-7.696175509907225,6.59260320346343,3.7602817638675705,-6.36987358040747,-7.4863991770592015,-11.867341031719297,363.23356200944767,-0.6018214655647744,-9.333430779853401,-344.83439521972196,17.587177702420917,-0.04538384131114926,112.46793590309628,19.783167382323835,-0.020382497829370426,-622.8785153618495,2.0764102766619255,8.368219868209568,-0.0038022912069539884,-3.4471124693193196,-4.073575449859731,0.08763812235774388,-9.237604206059055,-0.39107014383869804,0.7482462494383335,-23.67106659335804,3.6030753408656824,4.2963340422272,-47.86324847545331,7.732787629992699,-4.076854555209334
525,8.75,23.338971224335,-9.661213380126382,-364.84567348020215,15.630362779993426,6.2520889692512585,-9.772543729246049,67.3914406653657,1.6227289326209826,-0.006249046184830187,13.351157037872998,-0.6865520794252569,0.0021151288344909793,-3.7536702362141057,5.290498170506227,-6.229208840953114,6.3409552531689455,3.4756570422704396,-4.965250895172529,-8.018100270476577,-12.092878934168672,363.6065125718716,0.8096346750462131,-9.195460448192456,-345.3213187514305,18.108418367675885,0.001172535837502999,110.07214330381879,20.65109893465098,0.01050518640054059,-621.1303841292122,0.8592259946470532,10.584189169354527,-0.018715277220203334,-3.52297404421327,0.420823907300139,0.046741531189657425,-9.74379969822344,-0.020463355434272947,0.2519406544753831,-23.11946659223359,4.1232959505308004,4.992820055064481,-48.36778673107819,8.01239159296212,-3.9789506253788125
526,8.766666666666667,25.51213385603286,-10.346067387248334,-365.3660917948832,14.54745738877724,6.536407324702628,-9.703667011464491,66.52968549090745,1.8569472693897888,0.004260481231160611,11.650958352879654,-0.37828624448397696,0.0011844033558755158,-3.077927107660951,5.316303780928817,-4.814046719829932,6.4260971115306,3.0846316366336826,-4.0064160477033495,-8.367680954226287,-12.075085026019346,364.29350899607135,3.045258793589009,-9.47859623068332,-344.6107799823597,18.109887841124426,0.0001669874889052571,106.30339996267956,19.94226975863778,-0.008801231155453778,-622.2623827307949,0.673985661305449,10.11419583306263,0.0020253022213699806,-3.7053603449505013,4.032620449358416,-0.01914648963965022,-10.3891473929478,-0.3566237810292169,-0.7048866567888513,-22.137568286133103,4.670566401334833,5.551595789702794,-47.96961116830975,8.616747699546016,-4.224006758273022
527,8.783333333333333,27.128397403606673,-10.790440040966727,-364.500969538055,12.649332072786235,6.90897250956114,-9.017897931229017,65.45379097846197,3.1986440582285507,0.0036094205776924172,9.586384875864985,-0.3814361914887098,-0.0023024800312473853,-2.204447918852164,6.5591035800515245,-4.157420677354989,7.087162045681888,3.8157804055375757,-4.094154134212205,-8.809925064504181,-11.779089759393552,363.152568438533,4.616039877855841,-9.672707258443694,-345.74361205098614,18.528421457950596,0.004692978030287514,106.9712465072889,20.169516114166225,0.00031189728153076777,-621.1516228028448,0.8511758663071083,9.687467555496704,0.004382065953411905,-4.128023051407753,3.225828209136986,0.000836517155462843,-10.067014615842186,-0.6579154899973072,-1.2699155632156685,-22.16406411098676,5.177218809856178,4.014750785760815,-47.35144911797389,8.60126838621529,-4.3340977206173985
528,8.8,29.111157889342074,-10.619410674322245,-364.93658859307726,11.294935599602082,6.790444678028545,-9.687768738567092,64.60654401987563,2.5586267757615158,-0.005558899885587547,8.742729625381104,-0.3574390746179539,0.0004306895852222908,0.808753273234282,7.996330279420256,-3.819626497147567,7.467055143696769,3.8246216576882457,-3.8497757929484475,-9.158498328762212,-12.02094348322543,362.98367856778844,5.279967815366307,-9.292576810406137,-347.94065805096,18.779902100780628,-0.00014777522003557865,108.373161021402,21.38047446843101,0.0032741307527879766,-619.4843794287709,0.4089594894057208,11.014370182165345,0.002912307107601242,-2.2934886234312963,2.475497878548798,0.005228098390674267,-9.953207127413515,-0.14047213380045231,-1.4836043795646945,-22.18155244159521,5.173088623297887,2.8441320985261775,-47.290048493988444,8.583664794918676,-4.170775556605584
529,8.816666666666666,30.87652667982192,-10.281812754736084,-366.3309425999342,10.553293226598605,6.323390729398242,-11.557518833080113,62.699528240720745,1.325049021957007,-0.0004081284771107864,8.54495453190379,0.07108803815095445,0.0006791788480399992,3.323099996820953,8.385659679976966,-3.6355002429266947,7.697645045002781,2.74755372762337,-2.53867532163093,-9.47183392176982,-12.31218138623891,361.5888178871723,6.236559151239268,-9.42305479683906,-346.3331777983278,18.763025005239186,0.001729879781898911,109.47063669173349,22.203473015175607,-0.007669578001496023,-621.1858369240523,0.9977332765385293,11.397066980680659,-0.003070668027335978,-1.2982944813855544,2.4083188687276023,-0.0038201518515765007,-10.452240857381996,0.6916663351199126,-1.5934150157648426,-20.936953157767586,4.238503984819191,4.096499049856902,-47.562757726786735,8.954496897498583,-3.9367927934273723
530,8.833333333333334,31.912712827948813,-9.744260646968145,-366.0453883816007,9.504963715942916,5.957172430540848,-12.572426765359817,59.636344947542355,1.6597956901327107,0.008867661418461301,7.9794010719668185,0.34099169246613303,-0.00047491480727567274,3.486322545884007,7.453649412667653,-4.043776953186958,8.702229377867468,2.9361802680327775,-1.6535920765794208,-9.570894031453541,-12.382956174785578,361.05253954633156,7.341173773878459,-10.284223102291882,-343.121218832153,18.65437532352884,0.012688618848518612,109.4752918916234,23.241817366684383,0.013371269613453009,-625.1614416537836,1.863192111574458,11.331974499305968,-0.0028653530181926433,-3.0415249497078833,2.8821432730901595,-0.0031480400987223874,-10.625288519645531,1.073217541342335,-1.621689956506423,-20.15543391695623,3.874787259920779,4.805347383793364,-47.65680690528755,9.13020714861654,-3.654344243357489
531,8.85,32.44629491678458,-9.689381739515289,-365.11879888799325,8.156163898939012,6.3405678552173415,-12.186206555494227,56.245294455076376,2.2488415217989997,-0.00795282619179263,7.502388550372336,0.11811433393778745,-5.198929734172319e-06,3.2468879661026997,6.348468805175862,-5.872134391137878,9.351589203377566,3.5155820898702834,-1.4673487117999664,-10.12318590957054,-12.539710029735522,362.2805865144193,8.074088722909712,-10.68554709186308,-343.3571192505915,19.474023448794764,-0.00890236585244567,110.37202094460002,24.706156425801375,-0.011771487232611351,-625.447079412496,2.123602762047992,12.701602880139118,-0.0008408927781498552,-3.314541722145731,3.179675499358197,-0.0008953610741430544,-10.159115998970401,0.6873495037623909,-2.0774894994212656,-20.537898047638407,4.407664987381795,4.006345885976094,-47.2065634057347,8.779648255283249,-3.8684050957029172
532,8.866666666666667,32.202676146476165,-10.203386703154235,-365.20536220843826,6.592792753624075,6.938096711084197,-12.124144405534345,52.37631156864466,2.3367765272443353,-0.0011845085284269384,7.514499366366349,-0.20611167488665968,0.0004036802965926306,3.936584821484516,6.240839399644421,-8.844341258197517,9.859020335312133,3.5486740916025385,-0.5953704848468426,-10.713722769177117,-12.461780175662103,361.9814117319933,8.876796560375373,-10.79660561459895,-344.1870752810553,19.944124810635678,0.012596384386022223,114.74359170027658,25.39360278390133,-0.005661284612742401,-621.0158488204829,2.1188546790855787,13.201752158665748,0.0012105562672508987,-2.666498016482872,2.3398477472467687,0.0008595747931254145,-9.536541241775948,0.0370830207941003,-2.904176185832665,-20.630029191818515,4.765995082011162,3.8043540460203125,-46.72010173706127,8.075171593649623,-4.364804587114291
533,8.883333333333333,31.557526438982546,-10.592094250986616,-365.95503318754936,5.070310296315057,7.07071102490525,-12.697199945467528,48.040110040996474,2.684849161620712,0.007854815814587865,7.584436785808281,-0.5594720718362391,-0.00012331091270061163,4.597749579116036,5.653350043426003,-10.081662216300877,10.547060250019134,4.32282775020679,0.6913211990842909,-10.81981686757935,-12.053667440968663,360.5769880728167,9.535514358664365,-11.34696705931686,-342.7466036694606,18.928636086262483,-0.002466861023153501,116.74945393423131,26.315916196581078,0.025555401974649835,-619.3566972043632,1.7781447972394884,12.586360796127977,-0.0018591021850181758,-4.1425100642625186,2.9081715725720327,-0.0046348519502748785,-9.33468405367451,-0.14682107219251322,-3.657324210144056,-20.025585099419203,5.033980987284368,3.882737319322955,-46.36285719945602,7.4658456815739775,-4.422763949113652
534,8.9,31.57105977878035,-11.083685640469913,-366.79105915371014,4.106524105013703,7.38535266711818,-12.818415107557744,43.274856497376206,3.1518834890082954,-0.009124027635527228,7.198454504347826,-0.8863323464421178,-3.5015980911720444e-05,4.867565856252078,4.799904392864769,-9.629886901875288,10.42481273117489,4.437951363598104,1.4991859130221716,-11.310839397882463,-12.044028097348903,360.3923785095855,10.372438633807993,-11.481398289672558,-342.28623429687025,18.698323191320693,-0.007016797167502159,114.86697227831746,27.336292466299543,0.013399032583896528,-621.855395150794,1.4235446254176058,12.85800108112792,-0.001831772057791401,-4.183194286532568,4.247513647856639,-0.0015039297774384324,-9.661471950952583,-0.016896751712015327,-4.170749201272537,-19.92444556794686,4.839909970397106,3.4824870777842234,-45.80719233942823,7.500679908390454,-4.5018960535752095
535,8.916666666666666,31.74610463216666,-11.759385232977161,-367.1500280665774,3.118424856495273,7.902360781255636,-12.390705104222466,37.79389928007552,3.576439058462892,0.003282818539649519,6.366192539637132,-0.6650087130215223,0.0012865459036356522,4.858034525834295,4.647797607446983,-10.917816486902952,10.433363687705954,3.206826099543281,1.5661652228929237,-11.777689843183444,-12.443971341593231,361.4724183320525,11.76558464376455,-10.857718093724975,-344.5259004241431,19.25131459305491,-0.007867919291889843,113.67235379542974,26.511046136327497,0.002336183668038467,-622.9229654604047,1.4502814160339448,12.442532697876178,0.006077667689668295,-2.2931128705461408,3.274779911388075,-0.010820098829922553,-9.91954983116503,-0.27540274625668215,-4.651759038317264,-20.206716055325465,4.875242220607628,3.8003898974242922,-45.28076757186788,7.703956039067349,-4.98355132313852
536,8.933333333333334,31.7220802168675,-12.248849475903565,-366.8238879429236,1.9836911295535287,8.15529667031358,-11.400272024835767,32.467294868682906,3.9804124771789824,0.00440741270716514,5.752388718896205,-0.02697829684350461,-0.00043319936263217456,4.272791194480046,4.289986249459716,-13.152519174152996,11.029029681289812,2.6936165193267403,0.6444762508801494,-10.995320252271894,-12.868247181781973,363.27333898387275,13.054682156033175,-10.336708225553021,-346.11668944494954,18.598450796693292,-0.01614984644927448,111.26667503254116,25.798585399865466,-0.010293859081381527,-620.2959036733097,1.2075600732534353,11.396429651932891,0.0021015725146258327,-2.9782366750238807,1.831283986381388,0.006262570875187648,-9.544496309272144,-0.6836867301599289,-5.10208687609032,-20.476279989947848,5.684530144255357,4.416113808618704,-44.8847613961227,7.635837221167157,-5.508258688297861
537,8.95,31.61515542347541,-11.66987740123029,-366.30440103054985,0.9045306575624275,7.780531033898619,-11.272683912347938,28.010025123922915,3.782168678725882,-0.004600980479046267,5.595625900294059,0.28060797784249525,-0.00017682148602610274,3.30151036041811,4.523675914629376,-13.755555016403843,11.535162985398083,3.609598047422152,0.3138918457521264,-9.658521958274749,-13.386575305812878,365.5135838154355,13.792851194517278,-10.308823298888845,-344.7969895642941,17.33575081962135,0.012928287835058377,107.84843509392057,26.994146905550767,0.01076731615191038,-618.0294439232009,-0.15424071944450604,10.909675950075265,0.005564713684281076,-4.922269758382177,1.9668575212691413,-0.0026877713404571692,-8.555472987257906,0.016038198178638753,-4.589757759111827,-21.903042701980336,5.281196978370462,4.1677795835392075,-45.13728508510063,7.351120770422213,-5.245830474581993
538,8.966666666666667,30.693640373147375,-10.015094827692046,-366.1893545279379,-0.8293584068819171,6.796399731227455,-12.002952237557572,23.216781037879223,3.1535369358056164,-4.697755491285387e-06,5.176343626355523,0.21610802269464832,0.000795415207883835,1.8376995834876284,6.049971500790057,-13.463627929058196,12.284902722946756,4.866333152231875,0.7887181230231944,-9.42600362777754,-13.642757336146822,366.10026890734514,13.705581518985724,-10.715974975864153,-343.28779299676427,17.058357744731758,0.003303230689760122,108.46629543789574,28.149279164256722,0.018048659860929805,-620.4755182181312,-0.697738639285935,10.081825746704126,0.0030281314909249134,-4.575296898438669,2.197657338540442,0.003943012257380215,-7.704788697051296,1.3707551642965767,-3.8747580885593655,-23.300008865955178,4.136272156911827,4.574918969102889,-45.992437578182646,6.619233920680523,-4.145629891612944
539,8.983333333333333,29.52715592422314,-9.372177243431128,-366.64127786130405,-2.441431268016788,6.505019692713106,-11.339749473044652,17.385928181237272,2.834505055237104,-0.0017032200433158146,4.668530315617928,0.23035815654012226,-0.00018447064715778033,-0.12005249397380278,7.275240140247653,-13.558009342872143,12.899819683991568,4.619188328334754,0.4018578531310017,-10.382407555052312,-13.215393988779665,364.7617442841419,12.898201398661532,-11.37820435620116,-343.89839249371676,17.89496390490867,-0.017157761930871845,113.521750606201,28.434649647371522,-0.009957614720721193,-623.8268226205491,1.5412792927023606,9.981036220978389,0.008155320222731141,-2.7511985364859277,1.247304820403012,-0.003695367140601952,-7.8906606376726085,1.280814259360109,-4.6215681964827215,-23.221064167179904,4.787354101733492,6.107463182068551,-46.06514698651063,6.07374269703435,-3.876618230161287
540,9.0,28.75026135060912,-9.957777652925147,-366.8200174458121,-3.507999055188594,6.945229734791796,-10.235876367811949,11.793952701699828,2.9506626255121873,0.005144790985077205,4.495208443395959,0.5198774293148997,-0.000977405557346649,-1.7654702061520386,7.027021265137613,-13.762838066737416,12.991404466451016,3.2295756415041406,0.28978787479730445,-10.828787745373457,-12.711211059009356,365.176244220478,12.339031172307603,-12.115420607900795,-344.290832179185,18.096073650476338,0.007623157168994904,117.08077254683754,29.133662052243075,-0.0026718953287653106,-624.2037839794501,2.46068341405879,10.41334969070241,0.011897716114203207,-1.024957288120065,0.2398980952740896,0.002423835370475929,-8.282581371769767,0.19374926384672062,-5.261414138460378,-23.429222239230334,7.2774269009204895,6.407125511739821,-45.51423569380801,5.918757418789471,-4.569098834032622
541,9.016666666666667,27.95335003378487,-10.063102863426286,-366.4720253203,-5.099333436388727,6.876687986856612,-9.416153450327108,7.340500935102041,2.927547972928004,-0.002663264893762791,3.8805944396211784,1.1326776072005018,0.0007801789191899975,-3.1549672668853432,6.408920318612879,-13.33877563892383,13.188720725607784,2.9249311258314483,0.33235603264564495,-10.008698163380217,-12.707837128456008,366.9104990910929,12.657306230914223,-12.16750559975156,-344.0606415804196,16.869921114915865,-0.011809398266362386,115.80055660517866,29.479396137445967,0.0063277049718458555,-622.9442221983406,0.5551817592099765,9.980232837585898,0.014094173540042358,-0.18646907622220057,0.4248588267664852,0.002394781345954554,-8.03240548135224,0.017355126890389875,-4.885027856906071,-23.856434999462973,8.69668562138417,5.064771272275571,-45.306790365154406,5.553283301050203,-4.881098972066196
542,9.033333333333333,27.62976278506375,-9.978400782609611,-366.70624094113913,-6.344940344831764,6.852551221623968,-8.802117711130032,3.946737114995872,2.743532413250212,-0.0028689459980524336,3.5302443057862805,1.2533201304706751,0.0013553382642842416,-4.082803805094424,6.786941956276945,-12.636335159684581,13.6708805472077,3.4457956906961913,-0.046281016060941225,-9.313202865091453,-12.786981575664853,366.73013742090086,13.246763644021554,-11.56658455126264,-345.1227702222584,16.26497204290853,0.002922580838699084,114.95205441979012,28.744601090590383,-0.0032773792531756558,-621.6673331659599,0.020352933809507267,9.40205950776987,0.0008265880474846294,-0.5443327022134139,0.6634389210248757,-0.0027026027686338013,-7.89469650460289,0.18142663146837368,-5.154251880281294,-23.139443002743835,7.661423110153471,4.511294076638009,-45.1390782330304,5.387060866303974,-5.031611661948746
543,9.05,28.16251609821927,-10.39172573648922,-367.5389035709191,-6.343529578014672,7.414601507430359,-9.40917580622901,2.0096926772257775,3.0532508849495854,0.002912915482984114,4.4767951148312735,0.5152238515276504,0.0034764698483365844,-3.835362494456026,7.423067314435932,-12.102575292562666,14.466418591429903,3.2504402527521394,0.7379533585004511,-9.408446155334591,-12.646933174207172,365.49598099413845,13.19860389061102,-11.533994457528058,-345.5140948568816,16.92988561714413,0.002452479175384697,115.17650737781388,29.11216871924806,0.009579901393128573,-622.4313396973671,0.7587696923224407,8.934620140227924,0.004992358565687924,-0.43404970034044627,0.8700791281414095,0.006142426033739958,-8.083868144002352,-0.044181781867236494,-5.432654935907982,-22.816638989901055,7.380954800848624,4.981625280734258,-44.89125679819986,5.702529602408037,-5.373521000069735
544,9.066666666666666,28.91473242892057,-10.265233445225064,-367.65176455099527,-6.524308260088611,7.299135928978504,-9.343790875588576,2.0205071057208386,3.2111587977402394,0.000503663961855785,5.2121583172297115,0.34971518801522944,-0.0019136112010628697,-3.2626341020783745,7.104429644177164,-11.58844253603236,15.385543755930987,2.66987258812764,1.0416637865737246,-9.154667170153248,-12.713414830315948,365.54633566715756,12.669446465740931,-11.777113173224233,-344.5035459109893,16.7739662376945,-0.00870725815996329,113.49629478981154,30.47499172576683,0.00502381881575149,-624.2207505998249,1.0079451036583869,8.802278446960868,0.002926545081614845,0.08443798147519707,1.7304624295956017,0.006449147956474395,-8.219562408543707,0.22342160270346054,-4.823922211162931,-23.23669811126395,8.188407896511738,4.351417286909996,-44.89913190946667,6.022879168396075,-5.318016878463935
545,9.083333333333334,29.364702907211658,-9.221083174301578,-366.7420591977898,-7.365676793110038,6.195064126723853,-7.59296597395861,3.440616883838971,2.712589337708464,0.0006242062017922564,5.25221487416477,0.6769709787042434,-0.0004974267128785447,-2.946271318474983,6.239296985784754,-12.185806311506347,16.189400980873536,2.97383228283279,-0.48453185591563996,-8.166419261984679,-13.077880554982444,367.2229036962601,12.479670768949282,-11.354613636982602,-344.49295088869025,15.653248615255764,0.0032713972876221424,114.40550961269476,30.71635485940924,-0.004316595084648384,-623.9641019219471,1.0451662781446398,8.831221197131457,-0.0007798422760802276,-0.30831406507784964,1.5346498567744793,0.00013356382745102218,-8.246900313975912,1.1947131446104065,-4.941031268168048,-23.31719853215346,7.694574681824285,2.988858773168398,-44.693052993576806,6.106664447133132,-4.6977724443772795
546,9.1,29.55117353205759,-8.511695233128707,-366.29567347189635,-7.882284954480393,5.403617420163089,-6.829677526976623,5.292340432295296,2.303029214724032,-0.0013753212752072555,5.948345573505894,0.16291300675452572,0.0030114586822795235,-3.0062451516462074,6.193076474571986,-13.717298102743788,17.13489987400544,3.331507929709543,-1.0674000069940581,-7.539806693124079,-13.316967740814825,368.8508045025797,13.081452330659985,-10.67977736629253,-344.6881560015992,15.265303538669993,-0.003928267709218812,114.87626803736411,29.601172898927263,0.00023998916315799484,-622.7187817154663,0.39152906919642855,8.489060889332253,0.0007842832139842266,-0.6338211955273132,0.6149294298425498,-0.003965890158571821,-8.100886332023766,1.9119843585766672,-5.751519272962092,-23.576077491732526,6.999381725931053,2.790559990690606,-43.997109852148604,6.009499450682791,-4.121717621336026
547,9.116666666666667,29.625909114737013,-8.280641854398546,-366.7788467753334,-8.079895073183806,5.155559513312869,-7.746024696306919,6.775919974608573,2.0960581770766895,0.0011033209098962346,7.204394874165673,-0.645357299848533,-0.0018370923156361184,-3.9689031204349003,7.069108839756702,-13.996360691911844,18.227456281117913,3.400576975419372,-0.11205113582136743,-7.6442440597189885,-13.333218582097611,368.45817383520733,13.719766975278995,-10.165014779395035,-343.592646561564,15.721445164522368,0.005585849824654174,109.79756156620508,28.031416786367604,0.002438657641570405,-622.381654309803,-0.8777173570932517,8.40238326348699,-0.002908532867504681,-0.3128935403850253,0.8882367681883472,0.0024282393674343343,-7.967601009537428,2.2789206805224866,-5.87689751101787,-24.234445028628905,6.4592482858917615,3.430716481165185,-43.49179555112129,5.989181448136531,-3.8712462553142095
548,9.133333333333333,29.776332597521208,-7.625596934858376,-366.7225278229021,-7.930103972821059,4.59612961598102,-7.94467654141483,7.669904687368721,1.95684397382464,-0.00010594392236429983,8.410586456780742,-1.271859106325772,-0.0020658460029521633,-5.25127644181669,7.595661147121853,-13.093541310820981,18.8116206817427,4.5766342764781704,-0.09409613425031399,-8.019617362835652,-13.16631218137704,365.672143612053,13.11281736763242,-9.58780188349791,-342.96658291433346,16.69295201828988,-0.01844890730447496,109.48591547800959,27.17004758875484,-0.0004732371065094705,-622.656791470156,-0.7502433025171867,9.014772208216641,0.0018711562297150102,0.10166557781849965,0.9208449352119373,0.0006728681407177644,-8.498642643703894,2.9974926523912018,-5.938240518117106,-23.931869725340842,5.685776326012178,4.460868662056737,-43.12864020592294,6.428674812828565,-3.455137872353377
549,9.15,30.199664872041904,-7.163775310380004,-366.14931432251456,-7.378926068574613,4.350318642769384,-6.6232748079097234,8.855690762709793,1.963439272600205,-0.00042370780177543283,9.697258331640493,-2.3813650476832016,0.0042742931052741125,-6.086993581455338,7.452733037386478,-12.098564672904534,18.676078689773803,5.164875485016293,-1.2313908318878295,-8.161352751051055,-12.957746725472056,364.123182858781,12.115515530377628,-9.23353198867086,-342.81354892147647,17.438214049618345,0.02175574607307194,113.52883252875726,26.437363297116416,-0.003932272652096492,-622.3186622520059,-0.23275084426301632,9.573608593005346,-0.002657601646303402,-0.7882046822820494,0.04300497071942867,-0.006448896256905759,-9.411742238415602,3.432548660983626,-6.618801736488631,-22.95708437923157,5.436123944000454,5.650112174550879,-42.41289901668255,7.004885809045112,-3.102379220070008
550,9.166666666666666,30.363079785834753,-7.230813550633941,-365.8951654772381,-7.31650806034587,4.688607591585615,-5.393770356520139,10.25319278794109,1.9295685729717136,0.0006782337793259768,10.785749411965156,-3.4870819569792326,-0.0017741793247734441,-6.275779633680567,7.296077654857025,-11.51052840535388,18.391631909822735,4.399809662783947,-2.131773880027578,-7.318085124515473,-13.17955401723975,366.55223342033287,12.10905606885079,-9.065063162183954,-342.0621065175841,16.763392189275258,-0.03470794930554702,108.09567524820586,24.66595671206241,0.0054493875461036415,-620.6063898001355,-1.6667991419277108,9.112242781975961,0.0011931199156383027,-2.5010329339701465,-0.3961242711647719,-0.008898971623360088,-9.669580750221376,3.2838850855273978,-7.032663227169262,-23.552680095079058,5.493795512497733,6.040542116414124,-41.87857220547192,7.22666257706875,-3.1643530113153187
551,9.183333333333334,29.93080202465599,-6.58700072034993,-365.49004900176783,-7.65933714908783,4.2981199928598794,-5.451051184131872,11.109295819963302,1.9035137133131321,0.0010559158614149825,11.747719884270573,-3.9790160766636538,-0.0025658580807828464,-5.784750562267479,6.753296293324052,-11.796261973544931,17.597176149154517,4.70172490095169,-2.4228333548446694,-6.458126432366647,-13.577241385393995,367.78502995261465,11.575639273973023,-8.482552982652047,-341.80489960551427,16.11173624276081,-0.01688554838577749,101.22601863995678,23.58241020240538,0.00401169285534721,-620.1612641453738,-1.996862221128351,8.924864902279563,0.008779078599613035,-2.8323224914629948,0.015111177568744827,0.0023996494063116933,-9.789093866784741,3.8026838410448027,-6.566290488890409,-25.016739818723156,5.628295435013262,6.0295030515851336,-42.08001894218996,7.375819355564901,-2.872810751752394
552,9.2,29.379579422535677,-5.736258662987717,-365.21657751372146,-7.649558454915682,3.7004267311816634,-6.1828034058189365,12.22441379014577,2.2464592232178857,-0.0014362740679403558,13.453279824415533,-4.57803185522741,0.005256560561501557,-5.023270609909502,5.1684364589979275,-11.749421604554756,15.803030504642672,5.116659913026204,-2.332263948114969,-6.739441556594831,-13.437366461189304,365.8672940216738,9.618359375949266,-8.271959420261542,-340.93536992340256,16.613815514083377,-0.009887152886029947,103.7247164947476,24.14859854667888,-0.006484059383986278,-622.6966285437237,-1.223834521747879,9.62048564884389,0.01348234553853737,-2.8001835669471817,1.7611356524610629,-0.008360174778203402,-10.11695996707454,4.562218661610296,-5.804478870917822,-25.0029641460585,5.267098181391464,6.3138504757855625,-42.602127249784246,7.3831954370507935,-2.370829873936732
553,9.216666666666667,28.570122597720193,-5.763845373864112,-365.2962606460097,-7.47717373063284,3.8648748616606197,-5.573466622020826,13.43745707368153,2.8334548340825223,-0.00039291743407847944,15.789556755791288,-5.266608155345212,-0.0020780653555843905,-4.201231686181805,4.118788840087963,-11.228645297902721,13.919221039966365,4.226397148386317,-2.86600920927887,-6.867603737326904,-13.005415487956661,365.90666588927854,7.942979129741966,-8.819012346941136,-339.33468064692676,16.386804117757404,-0.008733630893861937,105.18048723737984,23.356448882951035,0.009296453171005272,-622.9015299640512,-2.042291118277451,9.052593947692202,0.004508275674212667,-2.817582932168284,3.47607919440758,0.0024391290198510517,-10.215035854975492,4.2833574094454425,-5.549434997904752,-24.016372598616535,4.622165209077531,5.795442510901851,-42.851106755296875,7.064875175754075,-2.449217004089184
554,9.233333333333333,27.503155971562357,-5.68666365895255,-364.958767030255,-6.803688668173104,3.9712811426019723,-3.9032409786165214,13.69435026325214,3.027880455774749,0.00032764653727486594,18.333493491512723,-5.752972846597114,-0.002507559549753585,-3.3984516469095336,4.579858712881848,-11.689469292314712,11.464953345838795,4.220357787911958,-4.327808237257413,-6.350170865296277,-12.790206320595937,367.7514758695477,6.854384102984982,-8.833042302542315,-338.9883946204258,15.257043960286541,-0.0035647187345801577,102.93942176046366,20.93500524708128,0.01805783055460509,-619.6135406682785,-1.5988285631963608,8.17837762444743,-0.0020497733959092407,-1.9884998308861683,4.326541540912237,-0.0005576008501525972,-10.726417039969297,3.8419481037812657,-5.685049729561031,-23.149961850129056,5.326019466772781,3.8791037114652216,-42.78903719628441,7.087780487750622,-2.5834498965428616
555,9.25,26.794643266818127,-4.994023022686171,-364.422226519575,-4.937502718652987,3.8587297355012233,-3.521515420264228,13.72019326830585,2.813845205422565,0.00028916856849731814,21.741457305739786,-6.630099714890826,0.002894764187324372,-2.336561772339502,5.1185755951808245,-12.42163994117097,7.610447564403922,5.153509467361893,-5.485533612131736,-5.773750101774266,-12.882962899670076,369.16278828394553,5.784935069574538,-8.42398819611191,-337.5402430672257,15.17178793326709,0.020859189376623424,102.77033282912254,20.11159923150579,-0.00844927289503822,-621.2183825742053,-0.5785138127123155,9.339046741270886,-0.00147294312375775,-2.3488732364956464,4.883526814386153,-0.016824209828648407,-11.214254386779865,4.25767270209982,-5.411900941349083,-22.31980150175977,6.252307700383312,3.0356353020848887,-42.85383966942271,7.538810091075518,-2.3516718144700417
556,9.266666666666667,25.40859906928081,-3.994629213598841,-363.91016057705514,-3.0316022995331338,3.6218235504357352,-4.534030888691477,13.53645946648295,2.55322263347194,-8.156185257947849e-05,26.30458751196927,-7.672975270121267,0.002928688406061746,-1.3717475427678492,5.493659038623185,-12.749360347873461,4.655194531673302,5.226868414089646,-5.860550652664038,-5.774382337460633,-13.100930752108729,369.3398395574395,4.506068131853325,-8.209619731035156,-335.82970238137375,16.407630391563774,-0.008713533462057466,105.16492683344343,20.173371100056904,-0.0004549694622402423,-625.7931898571383,-1.5623075333898275,10.466534131483515,-0.0009508087627943795,-4.553365110590264,3.1319916920953714,0.01641563588526141,-10.59476371249472,4.923990776913316,-4.517556183177746,-21.71064470113386,6.0130018096668625,4.26002757748524,-43.297161341044315,7.343268968476468,-2.0240741156655724
557,9.283333333333333,22.940278360245365,-2.8342510527156755,-363.76471643292155,-1.5152190134614067,2.976777550925628,-4.910508618101431,12.337110669321763,2.305384175609608,-0.0010357774324674044,31.381217893641413,-7.918399729003001,0.0006333849935903294,-1.206031197845215,5.8814082273523445,-12.776044278999715,2.939690515517387,4.893385101762205,-6.362908373344289,-6.803471360103785,-12.816565414315868,367.77599296051346,2.438872879639402,-7.836383508119125,-337.683028426929,17.56439722111381,-0.025273326158996363,109.29747601549711,18.982229149994044,0.024493708289862887,-624.940237249604,-2.0259712806777608,9.462865924479999,0.00030119524327126,-4.8260646577111235,1.084309447422557,0.02409240474984593,-10.20554625076493,5.135195854566794,-3.7295235163851235,-21.992534943780843,6.274703934569608,4.896888116495905,-43.80533276322096,6.6835794970153275,-1.6554371340199896
558,9.3,21.607225519366608,-2.4845140339176743,-363.93901339485353,1.2139631280812,2.918529536046062,-3.3917793887716323,11.355147249987757,2.3835508500970737,0.00011068784021154454,36.488279991537894,-7.36021560679463,-0.010403321406493582,-0.4615843079783703,4.988570320145031,-12.877827229402419,0.04076933715999375,4.517567357723279,-7.4299140865325395,-7.4391270744691775,-12.2142177025207,365.947282961515,0.7156460779063498,-7.599084157935992,-338.4564013128634,18.32246071839993,0.01722642835331018,108.85090408085432,17.4860465533644,-0.022322291570195045,-624.4242120379071,-2.2021098515341135,8.97218315325365,-0.0070960427766216545,-2.2825769041205564,2.431606117238989,0.030349129609825987,-11.072698484635946,4.792824053753439,-3.4746575069092396,-22.284126951222966,6.399581323409035,4.6905928460033754,-43.848637015575825,6.971911756236083,-1.7705291928770037
559,9.316666666666666,21.048807024579236,-3.1715287746352043,-363.8272840022349,4.443078311954018,3.7903431221965174,-2.1655104541228622,11.177257920165884,2.7572161512041706,0.0010681595302059472,41.4984818282778,-7.309207236659028,0.0038623557347525453,0.630229303828651,2.7626283442458255,-13.424343823440726,-2.438968856815022,4.204337851503028,-8.031011918133792,-6.564345517075003,-12.251825408406672,364.8390446794918,0.12708923707195285,-7.7172887847812754,-335.6085518676895,18.990622643106555,0.018168647841299367,104.85070095363754,17.382030622974355,-0.012699958577156797,-627.1600299797494,-2.7070921042079634,10.544103781496148,-0.006628758117190752,-0.8644091437928149,5.316018579353294,-0.027747854318678367,-11.469144319334355,4.089422996126169,-3.427839163776648,-21.640306443363972,5.208036429124116,4.580183076963683,-43.22431818322298,7.452863361658702,-2.63922569113395
560,9.333333333333334,19.45666434728019,-3.3807315171080106,-365.2289063729865,6.861332429199095,4.115128371586222,-3.1120591044861623,10.459078441847906,2.5922756279880463,-0.0014608481927644618,46.332287264997575,-8.086796406617818,0.01414704431462472,-0.10615132472246369,1.90712282343561,-12.306336491268514,-3.048022753352595,4.174090263669507,-8.314146121681889,-5.14626321157088,-13.222985716330035,368.01715380336896,-0.5356131281819263,-7.74352364707305,-334.25384526552233,18.567596456178567,-0.022983323315965698,102.35859306404727,17.973593006413992,-0.003885845121538048,-627.1420490606444,-2.3900021199286363,10.811923041272593,-0.005476103964315452,-0.8183101751477407,8.024329502088625,0.006643583688202897,-10.858263103593902,3.663177591523179,-3.1243925791387244,-21.463074123489793,5.440292695328579,4.362639598733522,-42.79168210725509,7.162575673679626,-3.1418820916028793
561,9.35,18.180678109882994,-2.70965728223661,-367.2888527589129,9.642466615518009,3.8227281874959527,-3.2498239496663754,9.335850449427147,2.0434324593091135,-0.0008894489384020817,50.88765176461588,-7.851519580023428,-0.01278330025954137,-0.8404775001112859,2.742786433336994,-10.208137032559126,-4.151606288371308,4.04819981571913,-10.278306066659432,-4.099298675751835,-14.446463329657904,375.34150117511615,-1.174439558195742,-7.4804785108181875,-334.2387307500995,17.724008205257146,-0.006337745844099495,96.04312357983815,17.354210067176414,-0.007398117516549873,-627.1589916265261,-4.254753032735271,9.129044791998156,0.010758760704569673,-0.015156228304880033,8.806488160855261,0.00879366731740336,-10.760392032265973,3.866506740457075,-2.3680856221957916,-22.16098449383133,6.714056386848229,4.4754283870266445,-42.98259583882154,7.3542390157957485,-2.91824009746326
562,9.366666666666667,17.590601306186468,-2.300285014966524,-366.73661946579244,12.51010809776642,3.6931641767714165,-1.4917386559788095,8.763775235949016,2.214680758690286,0.0011598806532870452,54.645312910310025,-6.368586569730513,-0.004696218481944433,0.40870953366870194,2.160929070206994,-10.520706870465817,-5.171059457694179,4.079182696433156,-13.613889597381045,-3.5144601278738237,-15.32548634258672,379.63325791160713,-1.4616829151822757,-7.019881408382404,-333.70598495749545,17.6082802595082,0.0357146293862989,90.29529608656145,16.259974736311136,0.0048916710920264925,-628.6857477750652,-6.447774925436368,8.241895414420178,-0.009679708498691033,1.2871907855275349,7.359853922804473,-0.0034989796872915563,-11.062499375897644,4.1834579547676185,-1.8754883053337306,-22.70738192537148,6.335146486246449,4.14844367138784,-42.820789674463654,7.89371944211335,-2.7745995297746764
563,9.383333333333333,16.486811986409275,-2.366542325016057,-366.3140176206635,14.460157064240084,3.5459044919903553,-0.9286085698297258,8.31083602349162,2.6418878899304663,0.00010523122747363061,57.15447154546355,-5.5801963540936415,0.012263859503543119,1.4245426135880295,1.3412905495937344,-11.219689433511046,-3.9496081197962174,4.189615320621385,-16.17537045302291,-3.1849913748180323,-15.654357336180274,378.95904727062526,-2.1364099208728775,-6.65128285543476,-334.1364925163235,17.626199766440905,0.01520627359142757,94.0357406157804,15.92077819056049,0.0010012438346306692,-627.9321953028149,-4.688667062023814,7.678293009096449,-0.012802334499943516,2.367728812669282,6.99549371349803,0.0077145482922333355,-11.101382702590788,4.205281304659859,-1.9784000408137625,-23.01087519596709,5.984165665507547,2.9354456928828747,-42.052897730610404,7.91524491683934,-2.8175480435391176
564,9.4,15.618191742629547,-2.178859596809289,-368.3166679686994,16.697107291351756,3.3690302405428323,-1.0805002802377586,7.744554734561219,2.12493016534523,-0.0010622863887557485,59.111233629567444,-5.180748635739487,-0.005462152087535558,1.5418064035845898,2.7907272008856694,-10.217292887778429,-2.0696861133531725,3.9421940253298056,-17.97527783385059,-3.048452817041552,-15.251869649658959,374.5515496048286,-2.837843773537475,-6.749040568444936,-333.6187501342465,18.393708894376914,-0.020043277059991857,100.28435232325357,16.034649085461993,-0.0047535055015372925,-628.1047225242258,-3.8762945835400444,5.930686759733896,0.015813632477176938,2.614609777932098,7.658896087818466,-0.002999776252062123,-11.159271690154702,4.20905438356149,-1.7961649212863533,-23.352520516528926,6.169339617313342,1.9517376373023363,-41.456367740543584,8.12587174316024,-2.763196286545602
565,9.416666666666666,15.364556527918833,-1.8274569758272081,-369.26820938244157,19.393918327836687,3.502106546140594,-0.9275108525405493,7.503093975528511,1.5131205010725906,-0.00022675949622470379,60.93998025707993,-4.566450394923614,-0.0018681231422361547,2.4198647422797372,3.1342694410324734,-9.917676434628483,-0.5422408019501643,2.9413451182803714,-19.56592921046862,-2.477237950863086,-14.81124364423584,370.1445930278527,-3.2252602697144663,-7.118231390334609,-331.99628344134976,19.3386461728661,-0.007184923091160714,101.70035274308078,16.528222624665787,0.0004947154305036609,-631.1623055641221,-5.673693756880942,4.152400315562773,-0.0030513510795123146,2.709180110519171,7.9379207267597565,-0.0014484780117421006,-11.03982121797523,4.166029389400111,-1.2237993312127684,-24.12128987889854,5.600006388815387,1.8454150537865315,-41.341631300424936,8.55107102786428,-2.8521872554134644
566,9.433333333333334,14.639068956419846,-2.1823468629703915,-368.82513094507124,21.246059920243535,3.9736467156471784,-2.3389938504749987,7.175826384085487,1.9881402911181953,0.0015857237189864136,61.64281182522463,-4.905139345470237,0.0013794705236400667,3.0835752988480065,1.3474411749838655,-10.462751042149433,1.257039539479441,1.152440717946999,-20.12443104004933,-1.37384289388717,-15.367536410851345,369.9057957347063,-3.5653165328523047,-6.9041486389673095,-332.7452973424076,19.37963378033307,-0.005286232381437448,101.26652046998355,16.546769398037334,-0.0037740338650569948,-632.5038280194432,-5.502837817717245,4.127972948384315,-0.0023729178668998813,3.5601619646698714,8.733735512395008,0.0029524822372501112,-10.595779487810116,3.7712322128389593,-0.6793585716158054,-24.39060729419626,5.394932454578979,1.7878815396955277,-41.4014955678919,8.517572148959037,-3.354429031187061
567,9.45,13.464504396980217,-2.5051665785971866,-369.3659875365201,22.35061265356873,4.2144197157967165,-3.7247848259387806,6.397065806880192,2.498455396105652,-0.00014225059767223905,60.887622887525495,-5.296352711729925,0.001493269570469411,2.1631029455108606,1.0466738397194475,-10.035346424169918,2.2173342906202667,0.25265131709835903,-20.33531954870133,-0.42038521150894065,-16.36484289803442,371.32973041797385,-3.9096488131530616,-6.0515908494844215,-335.5882253959747,19.442687804542523,-0.005620404485307176,100.42470155926584,15.74021534624181,-0.0012534209389495725,-630.6358392655864,-5.015853439111315,4.637626803307104,0.011621411320303525,4.418009170669756,9.524318207435503,-0.0013175292510939124,-10.219794649376885,3.739204368029505,-0.022773755275999143,-23.390106974624167,5.188352264583989,0.9863798018388176,-41.46604584664617,8.25584326924246,-3.594643839231043
568,9.466666666666667,12.506141416579677,-1.9218011256400058,-369.85252503342525,23.45463444143745,4.038585146046827,-3.891566168698447,5.695781306171568,2.25574818520144,-0.0006952269293594244,59.50186956018683,-5.2444776816906105,0.007112126426366357,1.1828086054599245,1.7782514681398733,-9.560634395478983,2.430875716246965,1.3092980179149247,-21.153411886964857,0.550187970302046,-16.839822718734883,372.71424128923155,-4.508487918650951,-5.466471631271067,-337.7620737695075,19.0728366090211,-0.011426278373737506,97.04755169394394,16.155373679879883,-0.0037769369780961503,-628.5076881430675,-6.401364886429975,3.5397648445501826,0.007510099435116343,4.890815249998539,9.711980054160353,0.00017918852578219848,-9.714626979539657,4.331924021203305,0.6119014745719408,-23.09486764003436,4.903406396734333,1.008814588383863,-41.53329748006677,8.076347891714867,-3.2283724602245796
569,9.483333333333333,11.448678909667354,-1.5780426027974725,-369.6452583490688,24.033053787247198,3.8956877592568033,-5.558092735055008,5.439912645991051,2.073899529475152,0.0005838917993502619,57.39361454643615,-6.074630901084859,-0.017585316986914137,0.6930468184310117,1.3099552100531644,-9.390976612309297,3.1916216405712707,2.6992438211094454,-21.12170632483617,1.3045994384299513,-16.438195571462572,371.25515388970246,-4.928187035713557,-5.549141992456045,-337.45356439642285,18.487270352699266,0.013142991275862935,96.64554697590376,17.663177603994956,0.009589657560459847,-628.0820595573522,-6.796560882190417,2.7731657188148633,-0.011289870927901579,5.070575116385614,11.111578395604173,-0.002002881706019638,-8.574920858183079,4.452613869620523,1.450565953401315,-23.737764370512128,6.0916707201929485,2.2593560583238976,-41.70239893091155,7.5683239287435535,-3.091150030138444
570,9.5,10.275957840681487,-1.4483709783572876,-369.5726030405511,23.693999370498712,3.626453625124815,-6.840042567565981,5.537564796417873,1.9416039712648465,-0.0002525284585100633,53.94358892595503,-6.1885652128380215,0.0044445221393523355,0.23955013898001687,1.2505580355107826,-9.078077122314903,3.141578527780294,2.538333271107892,-20.711852176256023,1.33727637716562,-15.877599699406165,366.42656284627367,-4.840563232629156,-5.82280112741479,-335.9537096201788,19.078758469716398,-0.019587052935759592,103.45012337486143,17.767241411721145,-0.012569551606287676,-629.6391797966343,-5.241610810403224,4.375054188946989,0.005894314686755606,4.705289407922603,11.76279802379961,0.006132673470243436,-7.615882824222838,4.30557024411237,2.271479785767746,-23.347263437095762,6.671689958677427,2.306621264770744,-41.62658052126893,6.852691446501595,-3.0453603401971128
571,9.516666666666667,9.256676302447616,-1.0122750953357669,-369.61459315928164,23.03326964774401,3.3669669389082606,-4.975259051954902,5.572160189578626,1.694153049162832,-0.0005077792408082677,49.539685419208276,-4.543796459171343,0.02582649711400921,0.3856360323034209,2.7959608858675256,-9.51508853466691,2.415616759823854,1.6877832383913862,-21.63203069688975,1.30632513272741,-16.301787245097955,365.9117652544913,-5.51513164030597,-6.181754670625386,-335.06160063076607,19.79916513612216,-0.006499285774604704,106.25454147619949,17.810503825153436,0.009717124621040536,-632.1840274300476,-3.5787403014314405,5.898291086718103,-0.004753738459448245,4.3344189838871285,7.639416712065434,0.0005476857977400978,-7.537191497419411,4.616658751175921,2.0859671897967185,-22.481644509249048,5.419214343061119,1.428616660679295,-40.48441179174297,6.493845256120124,-2.6855062989047997
572,9.533333333333333,8.123570584754187,-1.1122774810791016,-369.7428953967334,22.063896797792715,3.652139739401319,-4.1751732653841875,5.302870858229793,1.9598635141119303,0.0005671584565144302,44.584264750058914,-3.999795126604724,-0.024524351250111903,0.6182977192109844,3.5221313805723633,-10.297236394350124,3.3927363393267256,1.825790441285469,-21.640385682845384,1.4060351498850403,-17.223689062541183,369.26053343591366,-7.066417311967143,-6.946497777818137,-333.1301296987209,20.040002343687064,0.0016538450112657402,98.97898830521645,19.94840451214208,0.003743767713794464,-633.8099641759608,-3.0989143131371866,5.212825497907547,0.004343872751572969,3.8144563404111422,3.5349724113592917,-0.014323564539163806,-7.412485912894724,4.6911271360928986,1.5718022248996124,-22.261133672636117,4.7656153840987425,1.4808231824833649,-38.995475454781484,6.198488610504364,-2.6431660831264976
573,9.55,7.4543788347829505,-1.3286980658977705,-369.68819604805327,21.07465778164395,3.969388843356864,-6.062298804599468,5.2270486501112785,2.399266803993807,-5.6873412033191944e-05,38.87037241724798,-4.82088070354372,-0.009826887753132377,0.9881491685085454,2.7899562526366197,-11.083232488866678,4.800331543991811,2.4647842278636753,-20.583702495313332,1.3458757869442304,-17.685446491481244,370.27037091715414,-7.733245944801274,-7.616549113226668,-330.68266670927636,20.66995646024636,0.003287089547290425,93.2613116600344,21.56581692620177,-0.020709561917517105,-634.8236670072102,-3.8512207937779825,3.8678943321126233,0.009231499081949732,2.5568211230224955,3.9408854587991704,-0.00974694253233946,-7.259389822025445,4.457841998930171,1.4211316736594,-22.396766888009477,4.743883059814333,1.3249832429615191,-38.023506476657836,6.061316432762597,-2.732454661826298
574,9.566666666666666,6.871949536408075,-0.7243618455322548,-369.7435210731889,19.758143297430237,3.620373171132737,-7.18408252315674,5.340308183723436,2.3805700775682013,0.00015346143791326143,32.68599180570614,-4.35666168077577,0.02412853735699535,2.048198916595123,2.232595678666244,-11.839288823072648,5.206583708515695,2.7545013423508276,-21.65703157943633,1.5826865986720389,-17.460582527458016,369.4196208517692,-7.3594386245234595,-7.540602254049289,-332.4045072651988,21.320075414069493,0.0007147899426987864,95.52367259520854,20.666140829476134,0.01872132398298388,-634.4396352046662,-5.731683815454375,3.728692231267027,-0.016490003804677855,2.5398064461713776,4.4715578229296975,0.005187472569133203,-7.212449817915371,4.655303574204727,1.2569614403019005,-22.850080580589058,4.441691547829856,0.30556031726621735,-37.16029188908005,5.923736952523663,-2.3032126019649755
575,9.583333333333334,5.238711730743845,0.3392691634517603,-369.8612127778956,17.42530466990599,2.8978124791687403,-7.028872500242837,5.074246000177191,2.203806445247099,-0.0006230891913805273,26.98582549114541,-2.9630544612982073,-0.007097697513663786,2.8369183666714446,2.1942494391115632,-12.17877219057472,6.090170556513995,2.9091766104403702,-23.894253746223942,2.1820827680422634,-17.059482339710016,367.38786177430785,-6.985301210517655,-6.902001054109277,-336.5866125031048,21.6046924507783,-0.002607682730466681,100.70528759090418,19.80376928031667,0.0291056984695999,-632.1877603277813,-6.556230293691686,5.067251560243038,0.006290758694105976,4.199903900169875,3.4239222154050406,0.0034423345113448697,-6.160787652756381,5.499075364714098,1.6276404583299322,-23.44799790450327,4.304132201932338,-0.4061094935156199,-36.68191790795538,5.006751020034921,-1.5180125996274674
576,9.6,4.525580986869045,1.0933442420432133,-369.6654371386517,16.157128097261825,2.4992085809834585,-7.036524775912315,5.199593719369586,1.9988182545115716,1.95538014662373e-06,22.57458489151843,-2.203122631967864,-0.00541978731354626,3.4341729551370284,2.559398089254346,-12.236415678563,6.908301704168982,3.0278627274406746,-25.417935477852506,2.689986005577938,-17.406479136009406,366.3000224244968,-6.940721073167325,-6.531652496147695,-337.1137480644741,22.041116541623992,-0.0034956328535550446,102.9314277821757,20.770066773145757,0.004852617863305027,-630.6456222950964,-4.75716039234506,7.141648039403654,0.018181948166602558,4.680091221658576,3.8676017582165967,7.431682057165844e-05,-5.257997016760685,6.194635198637234,2.5384139819198377,-23.738610776009637,3.948316258745697,-0.5020262323534787,-36.83504073604013,4.5869802025759645,-0.9436840074898866
577,9.616666666666667,5.557923181600441,1.1352015288249355,-370.0891183684129,16.65577052757671,2.664048620449581,-8.503321017476058,6.164612940978275,1.673190376017455,0.0011035196699336108,19.05593622745772,-1.8114017865919294,0.0030186942500268683,4.162339213537905,2.736015879895963,-11.98183653549302,6.121731117199517,2.3263484575466022,-26.22478858029803,2.9603391637624026,-17.69428955784898,369.07574598964436,-7.224213371194766,-7.132251513164098,-336.01139252276624,22.854280942614164,0.00979582170229715,100.51581137662178,22.186717563945997,-0.003771964405360676,-629.3765083631943,-4.246180215631394,8.024225816105904,-0.00662164502554316,3.5938637131876052,6.282305082532769,-0.005156325717015556,-5.976345114002488,5.712883615403224,2.6846173996855076,-23.916989583768594,3.944596368275029,-0.10644610192517674,-36.9822834637129,5.401916563674211,-0.9476355608631387
578,9.633333333333333,5.950821181312087,0.9356063073646032,-370.42885496300704,16.747317710246335,2.9014118898406958,-10.523644175924604,6.816640512081739,1.6781718692809793,-0.0003103620305865037,15.727168560611368,-1.2251824795720954,0.0007787710592369559,4.306057813531133,2.7710866494609965,-12.60457484618995,4.682695468277121,0.6495926063854343,-26.51656020250784,3.241490631557565,-17.045638032418935,370.40824879946217,-7.500510937872407,-7.673308389812352,-336.65988478323635,23.55264732534119,-0.002055187381764371,100.72227232363093,22.554638954637223,0.004802303550477762,-629.1223384880034,-5.23487362426653,6.8046025436839415,-0.0001150118261144309,2.990949794765581,6.515878111883771,0.006069422258586858,-6.8718651541463975,5.105656089961046,2.0426171515673444,-23.910879698819304,4.749780926260198,0.24793076973300937,-36.4774877677904,5.958457988908141,-1.047459011348962
579,9.65,6.152855646362041,0.9845047622586944,-369.8385633532105,16.837025352499914,2.9282623861738215,-10.480201673425173,7.455982168346194,2.0048283188560614,-4.76935666211185e-05,13.68721647101172,-0.651410911601945,0.00018879132000487235,3.984308548353509,3.228585105172972,-14.145423802332633,4.572991927723743,-0.0959447050789609,-27.71084955773785,3.654877833511252,-16.94570434880844,368.7183311414124,-7.381576279916195,-7.558114272962237,-336.515869403915,23.784971172447005,0.0010137755350141599,104.6438293612158,22.05565979341105,-0.002468243369747266,-631.6596761921627,-4.669837564060929,6.074407517979627,-0.0013183011359247192,3.403875933669259,3.3051409198535042,-0.0064719142208479125,-7.314441170480899,5.522034657364792,1.9305296173130937,-23.259659603440987,4.601230650194531,0.6770538990043146,-35.5601806722577,6.262831452223952,-0.8044581172267835
580,9.666666666666666,7.317843133072792,0.845305573393994,-369.6654149992921,17.74691540498013,3.1403749322737293,-9.25273084164285,8.893635928795552,2.1244325984830796,0.002057665638096649,13.495854541603936,-0.3601538395830391,5.327019348543164e-07,4.524489205277607,3.410688876163532,-15.110394309600046,5.610785273979525,0.23710558975439092,-29.388684506490552,4.324792005390566,-17.771632370995373,369.7834544722192,-6.711256522403491,-7.573967034675309,-335.20190634290196,23.721972714550628,-0.015245137999764872,104.46783607395851,21.796262115001188,-0.003759602645741426,-633.1675962606944,-4.188114350774364,7.895526686439638,0.0016788096010617822,3.842641320731593,1.8403898391730416,-0.0007903695996012832,-7.805152947380854,5.7885833736961985,2.2509822652432643,-22.990024251368354,3.6006613393154767,1.8354229520075909,-34.82448427879851,6.964000555367418,-0.7893306175028296
581,9.683333333333334,7.852562400564751,0.4128612549026693,-370.2759463621972,17.86900236780262,3.5434998585682456,-9.186651730778639,10.324336840691206,2.271683499720609,-0.0025408988597412406,13.530321050495953,-0.3088337958275122,-0.0007125220293558755,6.209098496025519,2.6630064393727424,-15.739873239228055,5.786782994993834,0.10188397267300559,-28.976014900343728,5.402747903932915,-17.820112205954995,370.39849717740236,-5.751074176709774,-7.456153510687415,-335.69635049652777,22.816774165558982,0.026127593904634,105.29870034997703,21.87173702624319,-0.0020903095596285174,-630.3675763930106,-3.663008758041726,9.041071974823403,-0.006376147369096072,3.9489320156886474,2.707869772306657,-0.0001468259796086313,-7.784285031719727,5.39331526177054,1.888359635019618,-23.728396237011765,3.851130793091365,2.035129698598377,-33.93344930490027,7.205076548862079,-1.1083894038228035
582,9.7,7.713601020937553,0.21697266984865526,-370.993790884901,17.21018819170783,3.635005831659425,-10.033133209195935,11.630530423136085,2.4816539118889147,-0.0003314857576172395,13.547537410744596,-0.6328252041857699,0.0007064717368327195,7.105427924400711,1.8921742930050813,-16.163248686142705,5.478664108433118,0.546296651639271,-26.77684322678548,5.757066232866212,-17.10980022773231,366.9370977855935,-5.403773402524563,-7.560877654366921,-335.8345308884977,21.756177083302898,0.013339069799367782,109.731240340262,22.313252269897845,0.028901953482741532,-628.8073478423266,-2.1461456242593253,7.399053301921398,-0.010272889666271072,3.4517076172292573,3.242886518434435,-0.0067627241786078,-7.483824084821204,5.0064921670353435,1.4276582408025211,-24.07826354188695,5.0716188638929385,0.7073969873350666,-32.87387385851395,6.817515441839111,-1.2123647639874375
583,9.716666666666667,8.351260866110676,0.11355106355666919,-371.02262029254945,17.25061528467095,3.557703326299755,-10.204413818687064,13.41118248326376,2.5744895601562066,0.0035464915109482864,14.328597155058379,-0.9292090072389249,5.645480991969556e-05,7.338153414559185,2.458857560240493,-17.068319681853822,6.04389193636832,1.8131950482644865,-25.458040731162896,4.974549169904547,-17.119781773246405,366.4514778907429,-5.0899155961999165,-8.478996946370845,-332.6884657517505,22.20737046062033,0.01563872911774951,108.37094846375284,22.792230339163545,0.005809963049355366,-633.3142440593047,-2.609007296997644,6.494137875734537,0.0037663802859024854,2.286430570945428,4.322536357685053,-0.011083522818913744,-7.655753942298978,4.707478375778518,1.620055404978172,-23.71405743487897,5.2125123981668375,0.6611558869594837,-31.994188025332676,6.770497437701961,-1.2156749954179096
584,9.733333333333333,9.57789774558397,-0.4428003862170332,-370.15439026152745,17.659055635571754,3.7763842590942907,-9.257346802332947,15.729785923446517,3.165968137918639,-0.004613456038148687,14.926770301045158,-0.6301017103428473,7.308447713932183e-05,8.656386501976767,2.824320167284503,-18.824003676308262,6.780435195104313,1.9248154231614787,-25.71437257878317,4.716870289195503,-17.721456506137592,370.6818014057626,-4.014176550431914,-8.921312546413304,-330.38810612137627,22.597177720818454,-0.005482963660026571,102.94393319216823,22.247989195563473,-0.01644551732543782,-636.798987779655,-4.960939708592348,6.884236471732007,0.0016569844733170854,1.7610249452879367,4.90978039275397,0.002914471840108924,-8.049650857076752,4.412479888677753,1.7665752213248356,-23.4974301249853,4.881247549994297,1.8899782082966783,-31.044830684012467,7.168435966305863,-1.407173055403214
585,9.75,10.802847094307777,-1.3892219885841675,-369.67703861249316,17.5562685903362,4.317568403825818,-8.696497895419263,18.423001673240798,4.024257869259276,-0.0006866193064941497,14.602062096341895,-0.46397110559550847,0.00011033470555342767,9.58862108048628,1.9238176037342116,-19.62563084042817,6.868152186744849,1.604605223074047,-25.59573741121151,5.0370784097650345,-17.7778937204914,372.54307506939637,-3.109068533461939,-8.831849998752151,-330.34973613115756,21.607711317379458,-0.009040984978875061,100.10839245585508,21.619870062435215,0.0041191451095907205,-636.7985600096602,-5.903932012971314,5.907795571704014,-0.0024669899491193744,1.4179074502803692,3.824803851468674,0.004056533491217515,-8.306511160932574,3.9434133298993257,1.6286136022155573,-23.638367868394127,5.637223884940288,2.11587418886572,-30.015472681908314,7.456478038006456,-1.7551921687812593
586,9.766666666666667,11.571387233907355,-2.398736601712238,-369.73776751778405,16.90975684110149,5.075516726791458,-9.094347609354656,20.72132032178096,4.586077999842431,0.006916528863703759,13.850757735257938,-0.8369082811829531,-0.0006946344063371493,9.291234942760214,1.9074536548316947,-20.092612304978704,6.397663689161262,1.8993801905564838,-24.29857209258164,4.856963447843477,-17.5046415493296,371.5876678953582,-2.342743087269991,-8.898592636108798,-329.66102134448033,20.51017988369052,0.009494603572725665,100.88706530166013,21.643388407503572,-0.00047823821441821384,-638.5595647836075,-5.707894363801415,4.895389177575838,-0.00492152373762916,-0.12599750850168956,3.750520643578348,-0.004934877090389918,-8.189740571443902,3.3397809618426133,1.437359314123377,-23.704898048786287,5.87809662630743,1.949027886563054,-28.780628728195424,7.3448597378780915,-2.2490400692013908
587,9.783333333333333,11.93612626268662,-3.4002285258916545,-369.2345918172411,16.095551143137964,5.8567359262869925,-9.144851926972322,22.600725218809508,5.545440872663808,-0.002265317241908669,13.210259300375332,-1.0305990124162,0.000762883826914343,9.320295082066108,2.325326835099426,-21.50783017779187,6.016232612048917,1.6499930276022499,-23.314581924283967,4.4058823576418185,-17.44750469019236,371.52703137958844,-1.449615498646062,-8.729127457104484,-328.9449935281678,19.750978507490988,0.007784942056954293,103.11006180766344,21.688937050848637,-0.002228323126931941,-639.515412511384,-5.258595498160768,5.416206542594351,-0.0018255398635363314,-1.004188063756812,4.785406984355667,0.01514043387610914,-7.945891585246226,3.001147297842341,1.2530936221829179,-23.497654624736583,5.041505459223753,2.4841291241710004,-27.3004617773924,7.019603221996792,-2.6972383446227415
588,9.8,13.347348991701622,-4.249967147755988,-368.3132401035592,16.000531646169946,6.249360591336468,-9.130510052143366,25.398906417096086,6.8062599979657215,-0.006086150849365482,13.015868406913919,-1.0133756101493023,-0.00023231926658732658,9.41526243186945,1.8489634593363389,-22.296684506373147,6.242034264151455,1.2474888345432515,-22.59091426977839,3.923156257250159,-17.434763542261418,371.4927672782105,-0.6469252290836255,-8.479071665582794,-329.50554602775657,19.324797007901616,0.0014838862936462696,100.87799644920075,21.235068176584242,-0.005867304351544945,-638.9942893280243,-4.399994186458661,6.673861325988629,-0.002114374751741962,0.9337840675243209,3.3137629364304995,-0.024818478497984013,-8.269198071570324,2.8748518900196625,1.270634517537506,-23.416274118140812,4.998770604884203,2.9078332145466845,-26.120451469048668,7.197986343138809,-2.828496911855859
589,9.816666666666666,15.498665889237,-4.922775717674561,-368.0443693774062,16.23647751119305,6.335519242859119,-9.388028176725669,28.983861676095206,7.365249491648774,0.008426956574294372,12.908556560898614,-1.0163164364182973,-4.080245049277354e-05,9.079392475350438,1.5524685429795049,-22.212030694940275,6.491959037146959,1.7971508933766591,-21.490769507953505,3.898475198265925,-17.075474392739306,371.8472354563163,0.22000196590763976,-8.4159314831036,-331.1918868659714,18.742359901503175,-0.003544548271248036,95.51863001786236,20.43485451078001,-0.011786281491035869,-639.8553607556224,-4.789336615526125,8.024356884322666,-0.004934322047370328,3.5233694094356394,0.8102070335216517,-0.00039726764315914425,-8.637227918391353,2.539105624494042,1.0296055781347648,-23.150496589058886,5.880744085164357,2.576004887803857,-25.006877901297898,7.625400114826154,-2.8382442959565655
590,9.833333333333334,16.82765926815026,-5.912456944687824,-368.5465046735044,15.78681724007224,6.531012448638606,-9.113109335635965,32.21686633557194,7.674722749831123,-0.0037600773104943933,12.557192994590025,-0.7523361147096097,0.00022521985014507817,8.381828213044255,1.754190045899293,-22.403142452546362,6.227922658461786,2.211021290532163,-20.67136959341634,4.379892719096069,-16.686707814418213,374.1809986290345,0.6743016120697544,-8.516292135782853,-331.9289172942516,17.57442702917082,0.0035627533598589006,93.8229830234771,20.805558081158228,-0.004369485294603897,-640.3964247493386,-5.500016744224805,8.374639030754194,0.006022350894994786,3.1892732784532893,1.108152083344937,0.0012604096007468777,-8.503658327267116,1.9507275916455404,0.46861156849440566,-22.633829029777846,6.3522491289562755,2.0528883862824268,-23.624435950093407,7.549301048310969,-3.0603193851493575
591,9.85,18.49677811878026,-6.9918262540907135,-368.79388780277367,15.877596419237518,6.657565510680949,-9.099097630080193,35.3854576189354,8.222293411193272,-0.0033415190090878596,12.617212789912138,-0.5657891975575517,-0.00021438059222778338,7.005221612036552,2.5614939895215074,-21.98192860105063,6.091456331249737,1.904010673848243,-19.601415720578217,4.471721859354169,-16.845484984909177,375.7716023682329,0.8410176219826067,-8.717920128552816,-330.8420591435969,16.732012345484414,-0.006396720439932153,96.29340828224518,22.144496662180376,0.00817181080944784,-641.5534302080907,-3.6037448321883288,7.762178158695442,-0.0007224507343142537,1.4935359106941697,2.2811543463013573,0.002209502630801553,-8.649190468495558,1.8093430228793068,0.4092769408998995,-22.767350691186174,5.626869843290009,2.565743080462081,-22.519942134194313,7.742626152629569,-3.1673214639672103
592,9.866666666666667,20.784660050256633,-7.638316374088665,-368.7497384978158,16.675956306872525,6.679493533721868,-9.279154169974348,38.775603962653996,8.449643664217367,0.006677424745033519,13.22503017838108,-0.9540341520599543,0.0008451885957908448,6.789347517463729,3.04930047711621,-20.2421201080191,6.8065780434710375,1.9490967479405685,-18.22797704428006,4.120155665042886,-16.958758156397135,374.29481005520176,1.578445384916551,-8.42474815907536,-331.34854330534716,16.197633671196705,0.004455783103344485,100.17968458158973,22.49025793368948,0.0025535217643399585,-642.7190078066695,-1.1295811629423365,7.131828064640821,-0.0008862685117048465,1.8636954315579803,2.4474900924560647,0.004085435282630181,-8.902933275237919,2.2323090288542176,0.524887675794228,-23.118873336558366,4.924504691011645,3.6683004835044555,-21.41054477730633,8.241911501218278,-2.93496638348036
593,9.883333333333333,21.87512528935305,-8.313878445245425,-368.8271155201866,16.430197120399928,7.02221144526203,-9.011495465855518,41.617551518274816,8.417646831205566,-0.004351744067422706,13.56997439526665,-1.5438730253454735,-0.0005349233730639304,8.37092119197162,2.324932078983929,-18.705572927062562,7.466852831866271,2.3562226879002806,-17.268678439699073,3.7551062160072157,-16.55082165336504,373.2441647686374,2.3309524690749486,-7.953398742455279,-332.5215155398033,15.624524349755982,0.007570302678500464,101.3228781442099,22.537526779687603,-0.0005441423080679243,-641.0046304507192,-1.4593419495307487,6.246745428219576,0.0006348462717680017,1.8114723210730168,3.101477929390429,-0.006139602658175071,-8.510693393636927,2.240654970213426,0.2814550380268878,-22.872595541154034,5.25926405573494,3.6652989689817552,-19.865748056035784,7.923698008763352,-2.895527899762818
594,9.9,22.480494406328805,-8.93715972590249,-368.6201744892977,15.961351660783508,7.353735415992493,-9.535264496801311,43.24661589062043,7.97706519425268,0.001033612168777248,13.638753968847626,-1.8831008062866326,-4.318169363722735e-06,8.955433891912872,2.744731906158043,-17.98402038750838,7.2528723063711364,2.4701232690834525,-15.7250100483219,3.273309552809941,-16.289134611368183,374.83486777244514,2.866905229399826,-8.327977370888458,-330.6529385120873,15.937140779454257,-0.0023086853188666115,100.34574299934371,23.57735677472032,0.01995408011942691,-641.1290385261447,-2.0359417777113467,6.088874643535601,-0.001656843259162905,0.16221277410525403,3.670352313742998,0.006680008840598479,-8.033405742441687,1.8305621883488443,0.1197693234881767,-22.948191145029405,5.248494508875712,3.2061651559716395,-18.508026608055925,7.524767750474177,-3.0973873132633405
595,9.916666666666666,23.355598876339034,-9.113518080884226,-368.2442907774515,16.24091646121543,7.359176815787746,-10.316529871487592,43.43381956971558,7.117632511279371,0.0015905393757830921,13.773520228660848,-1.8272802375864003,-0.00015875526330228645,8.610389151452312,3.4296229017835054,-16.72185026870886,6.989815064156054,1.9483520696428027,-13.763249681212715,2.38809244221633,-16.229570756788444,375.0607253805136,4.0996306136309535,-8.894871301585365,-328.58571293096645,16.978854257981137,-0.0032552731218337795,102.03869690690335,23.709172497641383,-0.01972358473531963,-646.3605441683635,-0.21735241230015098,7.315722908701592,-0.0005582209264348884,1.4234272308855695,2.5383767616433563,-0.01274857186961536,-7.9089940290282055,1.5882571583532976,0.007121503889724739,-23.8065428633906,4.801590338464702,2.9446018074845446,-17.28811870932615,7.758362647675687,-3.1782775955902367
596,9.933333333333334,23.16851089463318,-9.298614711058681,-367.63588997976717,15.775895755638437,7.422492469954882,-10.007287545534947,42.31500123569234,6.876340468169047,-0.0009369517457975525,13.438976238488982,-1.5087606064749,0.00025079112428252925,9.558234283464875,0.8835256348038587,-14.857402681552394,7.0212634491790284,1.698542450611618,-12.693892132077934,1.2392322112357363,-16.059056624394437,374.3271666054465,5.03806662425259,-8.842900520924783,-328.41434313677775,17.135242937643405,-0.004520051484488395,101.3254628477561,22.910272061659413,-0.005659361852784821,-649.0933201622762,0.19960546461757803,6.954694067687406,0.013595300454095318,3.504229553762113,1.7884032987011556,-0.00942931245408062,-7.782932079643224,1.3036568225510812,-0.1913268139574057,-24.22625062319171,4.812487877919062,2.2935286399312838,-15.906499396316443,7.62534154935582,-3.2933275262049313
597,9.95,22.39478664090035,-9.313980057296197,-366.212273434707,14.663156174545062,7.367813564092838,-9.82211689731884,40.52750455848766,7.036626574599759,0.0047848388355617175,12.74379792268089,-1.310780533175274,-0.0001733291476655435,10.608898021205434,-1.179798345815088,-14.241059993008948,7.292356334839802,2.5162718109737963,-11.664795762234702,0.42248312340316835,-15.916188404615593,376.0533630600919,4.669750609148548,-8.695944047889814,-328.5499986956478,16.07693216973827,-0.011949964961801039,96.91238404476864,23.92625821011717,-0.031084440462699613,-644.6421053374429,-1.8703617661039607,4.7944663937314695,0.017026258403976896,1.968704427345542,3.448995576306442,-0.019388423124478502,-7.569177250649225,1.0826749268472817,0.09455013075313477,-23.93605989755641,4.30757501732119,2.1999499119160117,-14.825256374353023,7.14240352603092,-3.4043017389461503
598,9.966666666666667,21.938068004455097,-8.784942077839407,-365.2298811027162,13.999367236375594,7.019411214516844,-10.129741818894155,38.44566483935354,6.274984840733707,-0.0031285558502230732,12.434904281541682,-1.3222652738148621,1.622787464056926e-05,10.416206288805578,0.9528318333404553,-14.472643945005922,7.859192589106566,3.161426230344914,-10.45156757514135,0.020199822697698013,-15.74402457670088,377.3723638273569,4.5983721547245535,-8.302916101137376,-329.5968027918674,15.191027414914979,0.01182246900852729,97.86032192614911,24.955215626928876,0.018471127672753496,-640.3796960528864,-2.348696576086096,3.6163728006851725,-0.010318691966261081,0.44631873718675813,4.579150987117618,0.015122312169405659,-7.0968869982056155,1.260216854014681,0.5910523135990178,-24.104737783395155,3.2467659878488186,2.589677403007307,-13.918515943556983,6.859191347019521,-3.2577646574480705
599,9.983333333333333,20.92812967374419,-8.26765974431328,-365.1430313260912,13.331630836878627,6.8671578355849805,-9.749292352081834,35.560686966890664,5.055832212445646,-0.0037139764262508596,12.311165242025591,-1.4385285154899454,-0.0001679561825766933,10.372880460364858,3.0976984964044028,-13.845109138986047,8.23947208445458,3.2118406628771763,-10.10941717772529,-0.13682528859387297,-15.494465819906248,376.68381157242993,5.5958965790122654,-7.679526080750799,-330.1649544301198,15.08869721876627,0.0019385017116788116,101.01224665108319,23.540829349015272,-0.009725503923095092,-641.3738064372193,-1.4912289372886502,2.3339339069699623,0.0014153971091169922,0.9610550897931962,2.066203706841763,-0.0010487035519186265,-6.282803235178698,1.5338214575700675,0.38436523948205115,-24.849653468285304,2.867339598411821,2.1723097190183314,-12.639477073914197,6.424762638531028,-3.0506566316401154
600,10.0,20.057371437800427,-8.163961995244797,-363.99742961657677,13.117673605914158,6.998924394591094,-9.201577300153241,32.16588627534028,4.827115391840758,0.010292754149055037,12.23698905601995,-1.643048125321619,0.00018662444277797895,10.188782850607398,3.016613683757637,-13.784720209148425,8.290401840136337,3.1313712147686443,-9.608450195003162,0.09319903928965652,-14.94016900134327,375.81864228346063,6.201105480444226,-7.926266258075432,-328.53032069849854,14.470660201674924,-0.0017358834126403038,99.45435570848639,22.390368010982883,0.005177936419621586,-643.5547002845648,-1.8443965299646614,2.1237997061785094,0.003993446648252492,1.2441716933308629,-1.2222532276436882,-9.111867801246493e-05,-6.115371003391266,1.4722907523028268,-0.18739152166179446,-25.059414394398978,2.88233876485481,1.6581310487112988,-11.194698687687353,6.3282914590326245,-2.991287443393954
601,10.016666666666667,20.139171384409483,-8.118462368794567,-362.52890993467827,13.531198229144916,7.110775443097107,-9.36495146452053,29.467915764298205,4.848036362853376,-0.004415369276391819,12.214624679593097,-1.9394621362515314,8.380898528413871e-05,8.94178060769541,2.831671309397432,-14.491587697197334,7.994001115106889,3.366816010637568,-8.2019045940722,0.20378147166413038,-14.322919757752565,376.34007555695763,5.9676736804624255,-8.484180215151353,-328.1101717329848,13.192581271185373,0.008692132909126292,96.21787389556266,23.018266061567637,0.0026503213272106923,-642.2030033045739,-2.5041703527185626,3.4056111970034584,-0.004406181848462443,1.0201651219751315,-0.11052642243745536,-0.005690685903142056,-6.73600017851681,1.0971326636820358,-0.44196758462240787,-24.496190460514956,2.8768424036111857,1.3091939829173644,-9.965953714910752,6.791911240933883,-3.016498598076855
602,10.033333333333333,19.822605190682374,-7.608698249623877,-362.23092468373494,13.304706553638527,6.921441082293837,-9.530860357599362,27.124762160142243,4.043458190923863,-0.0009426645759356351,11.90542931583246,-2.2309968132301314,-0.0004370679251288853,7.8545378903153455,2.739282279868869,-14.113199546721171,7.73438992379923,4.117903912502972,-7.095329056985708,-0.4188868678349179,-14.23801086685014,377.34759857971835,5.94773772495201,-8.284797433642847,-329.00308469812467,13.445776356369937,0.006043386891782279,94.26432509165956,23.608155099717962,0.006655586950061092,-638.7274248015411,-1.8017881377827034,3.3504401463573377,-0.01966462703683494,0.8123848823162849,3.7197632788921555,-0.00179018703041807,-6.892738686734747,1.1265035968644135,-0.349844827878251,-24.346068497359028,2.9205070399999444,0.4847917895598445,-8.992792499271255,6.894238780547004,-2.8263409864509854
603,10.05,19.08130860741403,-6.980207497414481,-362.65600886425034,12.851582161279406,6.43966681171853,-9.28823584748185,24.511499760413724,2.8268654062910374,0.002198327175020139,11.564555986103567,-2.2381872879092115,0.00021334498074656417,7.288466294179321,3.3494786913222407,-12.265588584248114,7.692237203912969,4.322497829077784,-6.466245353258115,-0.980262870416845,-14.169058444142006,376.56284409225873,6.156534259952603,-7.933953631375507,-328.76581242180464,14.81418199325455,-0.015057040607472896,95.77498683062385,23.318477734203295,-0.005884562192246581,-638.0113473167,-0.4214690909648543,6.8344197743045365,0.02092475770776863,0.5176503206650012,4.769991185415548,0.006315788696423155,-6.755874181682366,1.6155679883185814,-0.05640077414661787,-24.598928705909547,2.4040950264401286,-0.2374035493807398,-8.171923131195792,6.824724170838213,-2.443931671494708
604,10.066666666666666,18.39484903556424,-7.124455761992644,-363.0559565449595,12.474954195585182,6.397198094246767,-8.94369337325259,22.14222346733335,1.8036437322609926,-0.0035365231629524503,11.190723957194825,-2.073107738281071,3.683570720909556e-05,6.558561100138086,4.916203795312365,-10.086781142481584,7.207947560845933,3.8495182259944447,-5.829859789238882,-0.9531204313989732,-14.085782802538528,376.8594874184354,5.840206439194453,-7.7347442422472605,-329.5828357962689,15.17722419662993,0.009771198830973656,99.25155702349552,22.54290655740567,-0.004345531230420599,-638.8956090355173,-0.06436033421723852,11.490225826904304,-0.008622494813955777,0.9361131126112424,3.4936121403687115,0.00032357213999624864,-6.7868231798175715,1.5761730214136043,-0.00010474991691309196,-24.27168310224204,1.8294114576993243,-0.7259534422891349,-7.160956080075027,6.761638146445778,-2.5149363921602723
605,10.083333333333334,17.412019840750652,-7.708251684607801,-362.015328491697,11.544319106042721,6.757036355806181,-8.617899043166691,20.295342660518997,1.7203842655791266,0.003661669053416218,10.491673235385974,-2.0524121845270376,-0.00036915063099014805,5.934459654487074,5.447686386616068,-9.616561812162242,6.921526936863154,3.7864192546278863,-5.335137589583002,-1.1969702665949131,-14.553435589815717,378.18849184554807,5.235874474724788,-7.658654881263641,-331.0618248259525,16.134258953672294,0.005645214602627544,100.27136123970148,22.3364364465551,0.0049512314354881164,-639.381935072307,0.3538049220905335,10.336323700581767,-0.03531481063178699,1.9342519946123864,3.0214492551622074,0.00028172454423266855,-6.4025040116557275,1.1971629929185001,-0.28234769169785867,-24.040316797580818,1.8186831460560553,-0.9771249201955342,-6.048277651323142,6.319594385250257,-2.906539731742081
606,10.1,17.155651163737364,-7.760095268230661,-360.9040315440221,11.26883378869212,6.57066316087575,-8.919460978105988,19.342330780371316,1.9757458472071607,0.00022507376354730959,10.018320276332847,-2.0007360275253214,0.00016428426362957043,5.629178209546703,5.176261655803667,-9.836567276388983,7.0838353234554425,3.9900310659841707,-4.596022690657833,-1.7203269630443634,-14.905028064567954,377.6786894533996,4.554451908126276,-7.8879770680204455,-331.5627376044063,18.181786164940394,-0.004283741961248148,100.62824571709952,22.94470611624253,-0.0003530362884713462,-640.718687409861,2.9219877117980153,12.046613268093667,0.06452952169420269,1.0530854954488362,3.151344604375073,0.0027691701033209725,-6.278421989193531,1.1910992626587136,-0.485171177570825,-24.206546631612063,1.3882129447684062,-0.8284424528890579,-5.232132638988245,6.380183451254842,-2.9159257729510673
607,10.116666666666667,17.70299680886842,-7.585460687553709,-361.4068024546938,11.963117354774276,6.265316907220216,-9.574495155427247,19.316723769461372,1.722277271949502,-0.001142784759393608,10.009969396956858,-2.0451771493840636,6.292356929292323e-05,5.584504263885649,5.015014877214714,-9.273927619276071,7.013070456485383,4.551928194985113,-3.82624637749815,-1.6139571167859645,-14.711882673474273,377.968143699823,4.0159629312238785,-8.046148185869903,-332.2658906877423,18.334264981821036,-0.0011270870268876348,101.3075528253102,22.820425551955484,0.002924526622526614,-640.2661718996407,4.7076668767253755,16.554410068058598,0.028979269227176425,-0.3554285586473888,2.316004058268623,-0.001588808198502159,-6.844598548698996,1.1244554968122737,-0.45208958446586767,-24.222419679151525,0.6557761010840069,-1.2199325666112113,-4.395468351323047,7.043272101777362,-2.8475876414717307
608,10.133333333333333,17.438437406970717,-7.5350901176442155,-361.3621085396279,11.91030093184743,6.241129262928954,-9.533130657448947,19.231290922025142,1.8095150162872442,0.0015024358182397317,9.994422083740057,-2.2625024212779095,-6.387073596601514e-05,5.790825885853568,4.32447978251515,-9.897126869242902,7.552125126853494,5.971986110552837,-3.920204953347195,-0.9159147219648379,-14.306907888620804,379.16395314571184,4.050758144928601,-8.338067009262469,-331.10613955918757,17.202437036219205,-0.008057802667769433,100.06454748016681,22.01292262202931,-0.00041377274315535786,-638.558362085276,3.700627906226446,16.50496941002386,0.010189912312046632,0.15001810333833648,0.6740665287718647,-0.007866341827183342,-6.804580681436513,0.9574360738509712,-0.0967766367728933,-24.687693387452324,0.4395865734978012,-2.120451767137012,-3.624745021700894,7.027954562470456,-2.9359086451605796
609,10.15,16.76284521480949,-7.172625718745179,-361.050155627607,11.509809514172405,5.8443930096827374,-9.577302367300131,18.687165946227587,2.0287029948541804,-0.0006048208626670636,9.898626573467343,-2.1343040052791515,0.00040388554426581047,5.927281901379393,3.928417291087886,-10.968078015906602,8.487539937479372,5.911414446271547,-3.887319711037672,-0.29820441738445924,-14.02492609170752,379.45545512372394,4.1044432566979285,-8.904790844690188,-328.4941897194413,17.377719485005127,0.007932012486580675,97.7073357975233,21.915519636667785,0.0019599834966253843,-639.8069514275411,2.2206889805529464,16.78183076777184,-0.06472287780995135,0.5837665238641514,0.5572033236861309,-0.00043943090517658157,-6.38588297916427,1.1253999534272754,0.3366527178877042,-25.332154530534783,0.06004829124189891,-2.4940769473729416,-3.3443536039301462,6.813747667963979,-2.8065894916590093
610,10.166666666666666,16.5496946272478,-6.962578603038195,-361.8715730181003,11.814253328935456,5.672608270567458,-9.874930100382462,17.915417045690067,1.835217813436331,-0.0013009212535002317,9.761958266269147,-2.1156254008110444,-0.00036544653305058746,6.0017673489397,4.283279828223744,-10.744423301905012,8.501597811100979,4.228327673297719,-3.2946723258054558,-0.09932550767368935,-14.183951066367294,379.39962192295826,3.6373394185887373,-8.885006056746127,-329.3749587796994,18.265902356188686,-0.0028367305784027207,98.01325769073972,21.743857929023815,0.005623480646614274,-641.409055324028,-0.9056704556398162,14.672910704149244,0.08314986581370581,0.78950102455377,1.9121445297287485,-0.00035060499980938634,-6.6488350819425746,1.23225968610441,0.24251075122514051,-25.04320731932796,-0.44628283734417634,-2.5572509611325738,-2.940831202076277,7.203239454500418,-2.7362639355716567
611,10.183333333333334,16.00486102314486,-7.1748032807275965,-361.7068027791667,11.767184139718221,5.9875497126102095,-9.281455893589335,16.913641302943564,2.02256506446855,0.0021467765391710073,9.425294140131502,-2.4283582832264963,-0.00022501346322106557,6.1011989125683295,4.081195472229109,-11.060791411247273,8.273038578631272,4.255961796581547,-3.8375984791247646,-0.1553053337392258,-14.068299092410616,378.2775915438676,2.812874110186618,-8.471668769234439,-332.314900884835,18.75394126624782,-0.0035621754733652176,106.2992288364187,21.111459985338254,0.002515324787336673,-638.7165380188084,-2.0332785208490773,10.099757477776768,0.08365189417614184,1.062819753553066,2.1469888830087243,0.0030826343553009626,-6.951221043150731,0.9318000367956575,0.14868438534145748,-24.452028039581627,-0.29732900258008377,-3.117396921621308,-2.3336652410949483,7.38002728908441,-2.9584415444950154
612,10.2,15.438609578896271,-6.907596613289261,-360.9184200268385,11.500714162088082,5.616601563469626,-8.711109914785922,16.035920418696023,2.206257423105002,-0.0005905321180700197,9.200369072367188,-2.149019482139134,0.00019886830997671551,6.1384698274025995,3.7658291173081344,-11.857718757765547,8.694710589325775,4.769782011679416,-5.008874081375591,-0.1778901523460212,-13.42579502267156,376.5719517457535,1.816831985758718,-8.408730680048063,-333.32486175565293,19.047431517060947,0.00399585674461035,116.97952324224282,20.896736656067688,0.007964339887866339,-634.0442894883224,2.7232652161916255,12.061108536901909,0.07478770704564486,0.08950312470013097,1.8917081044941801,0.0032522160946130323,-7.174199157622774,0.7428448267625729,0.5877028670204403,-24.359192804340896,0.06327766691551398,-3.952476156123218,-2.0917945916415612,7.4387618996106495,-2.9578808726137855
613,10.216666666666667,15.185807826570004,-6.170946087142782,-362.0121112536264,11.716523776345477,4.864259974665867,-9.119087782543982,15.537563538800201,1.6152578532528366,-0.000395365531501507,9.261103491625528,-1.7429889493102846,-0.00028320536598526604,6.342377949728303,3.9032276717465817,-11.212337999195496,9.051319321591166,3.996756140691508,-4.873476096612486,-0.2075408576458942,-13.529438947488323,377.29006262618,1.1945960716941326,-8.49745481438543,-332.1852188758399,19.300550694551173,0.004217116230363594,114.90427682358816,20.29422263079773,-0.016414772282166177,-635.1304314438926,3.7818888658870016,12.97255436067254,0.019666482412342094,-0.95351476204211,2.10589418398091,0.0035606248243903425,-7.5822269404580975,0.9080601086118026,0.6412260127262771,-24.46193102034645,0.08704136568901884,-4.007731275049454,-1.7674972544630152,7.704549448939252,-2.671975380096161
614,10.233333333333333,14.51414936401566,-5.849178626416986,-363.3972136810342,11.645503781148932,4.66002024877326,-9.717811333376376,14.91077241004426,1.0422902049525982,-0.00015410457985648817,9.249955787879017,-1.854076425150161,-0.00021174315597984273,6.1601557524473485,3.7546006422374267,-10.302701567351585,8.410574619058565,4.146299769019618,-4.0008508124076085,-0.12335861552119494,-14.102333340472134,379.3434202693996,0.7263959130150937,-8.603261748562469,-331.0420837563674,19.49059799784359,-0.009630381510904881,104.4636052922815,19.453933907163847,-0.00865516552040303,-639.4621035772,-1.0039544597777488,7.806882766252348,0.05431729307948183,-1.168355425187935,2.0052172706433167,0.005337901604536635,-7.550583295478756,0.8381667113253155,0.3341286880264995,-24.587474874198367,-0.17520207408145325,-3.348666589622041,-1.2178401903826241,7.6295797142559545,-2.660628078525486
615,10.25,14.067567807156973,-5.9238867099698895,-363.40546894648827,11.728027338279235,4.662761005075876,-9.900715127241634,14.10645687955736,1.157815604060986,6.987251359141383e-05,9.38858684727974,-1.9963957385589155,0.0003702390027337563,5.688227167876588,3.7500709848433686,-10.65486992120337,8.023634469024291,5.096979614018845,-3.976471180697854,0.27502851374918186,-14.100176623455598,378.6950572302832,-0.3533208660091797,-8.660212451735791,-332.05884255470977,19.61088625161725,0.001343063918518384,102.34521607468487,19.370664368502432,0.017731473516397263,-639.0699941970569,-1.7774334205201958,6.15756722977319,-0.034157890011521044,-1.3032400863981608,1.7229722526961546,0.003096726712633838,-7.557351633812234,0.5638545522694929,0.28203016803956915,-24.571981319311366,-0.3612052365814984,-2.99925641242872,-0.9635729037564602,7.749158285644769,-2.8595461710464853
616,10.266666666666667,13.915221662772666,-5.741486220133095,-363.27050844116343,12.105732112901402,4.478999909378419,-9.664240194509562,13.509954142627658,1.433955401784476,-0.00030427674260943073,9.722685850993606,-2.2351037019627573,0.0004605473710096268,6.280666263481153,4.4214446459088155,-11.54576299412219,8.974818774999713,5.552345767726572,-4.475142999487524,0.8371173719661975,-14.047854650388107,377.87600277496387,-1.4834497218057001,-8.788167725993123,-333.1964341729234,18.964884578989558,0.005312286492711438,104.85801510231987,18.962086715348764,-0.026254302154725392,-640.7054525322947,0.5852988052588016,7.382447713671363,-0.011901227373484135,-1.5543118022274147,1.4568717176816857,-0.007886544209111628,-7.948913744333721,0.5788018197691087,0.021509621896943016,-24.27390917921963,-0.1256852593954458,-2.899100724721396,-0.8013860317927257,8.117795743360766,-2.767971272255065
617,10.283333333333333,13.047267199773536,-5.367286602114983,-363.0059858465581,11.693354886540726,4.282068990189911,-9.421451497969553,12.960478872004948,1.3984782487966396,-0.0005486431727584693,9.721932514938493,-2.4173409864049322,-0.00021504055627301374,7.181987488293668,4.626078581896085,-12.344063369980672,9.228231543810834,6.4477050636956985,-4.7473269175922805,1.2266314103731006,-14.214934340090593,380.11604181946524,-2.2128901916586208,-8.991165115416784,-334.6672197742424,17.311275799958782,-0.01064257868983159,101.71463336229256,18.112284581925298,-0.02345793046402448,-642.840753313458,0.5130723943952289,4.1055342918769195,0.024505781071643237,-0.14422515602918767,2.139323360915658,0.010345884923279258,-7.855075979902313,0.49037705868985665,-0.20352112352371607,-24.245641146058215,0.35714722790069336,-2.796139561740478,-0.5628985458557574,7.8564649495495695,-2.6985109484784835
618,10.3,12.287025782404337,-5.5332563501753675,-362.5456007018856,11.147874939044833,4.447410588402849,-9.109543007938635,12.550005643756668,1.4914085508001433,0.0004206643277627095,9.621794849785042,-2.3203423784913504,0.000127664330391432,7.234780488474346,4.155481405777,-12.676361280428187,8.886316489747918,6.9020274870569285,-5.533153702645134,1.035733808971736,-14.499601783619708,381.2596136628734,-2.8016148847609816,-8.67491593305564,-337.5762452397289,16.89642411561179,0.010090597699503642,99.26213122478724,17.563495709900966,0.013660948253822766,-636.2917246715577,-0.4628324472088266,-0.06962969415023694,0.020695611575600993,2.868463274892409,3.7551976474556295,0.006328982890197826,-7.547105277460195,0.17513555152874216,-0.006883868135242325,-24.501781230954435,0.5309349309863272,-3.279696393040678,-0.42516087589147844,7.5075846999394065,-3.060449041921233
619,10.316666666666666,12.336575239802777,-5.724184687785604,-363.22029002314434,11.293736977544663,4.668795345348783,-8.516483925773667,12.38395869209814,1.5713656030073742,-0.000328755342214522,9.616695257084402,-2.4623763787920456,8.662718496056794e-06,6.607454931165131,4.655119886608678,-12.085279177709277,9.236906012436993,5.399528179513139,-6.428859018239917,0.4215806176696795,-14.932554730791937,380.1879513669709,-3.2669714018749647,-8.213783541157444,-337.31922273310795,18.993772121260747,-0.02440382798169291,102.49470506690272,16.81018307348425,-0.01750982851029319,-635.2559272616255,-0.7179722491578573,2.4166053992746597,-0.012114195833358835,2.5331406804217442,4.362881390046841,-0.009764169817423646,-7.843133904320267,0.34785588885923086,-0.06406213287229118,-24.305188945709112,0.35397741101551583,-4.063535879573971,-0.27451487376709166,7.74190502186839,-3.145245428829014
620,10.333333333333334,12.348823417738855,-5.203333754017705,-364.593529901998,11.474418245891925,4.39210490779592,-8.290573605685431,12.152248244984468,1.1657240790552224,-0.0007582793361598394,9.572547295451436,-2.6912299793816996,-0.00013217595626769315,5.754695227463946,5.413732737144022,-11.226411150426616,9.079459080137307,3.486860523493831,-6.350577621594004,0.35056215378458117,-15.124743861188806,380.6526512262921,-3.9373883179391416,-8.309884914219316,-334.7059442721785,20.440535157117232,0.006541175331612458,103.31158261686852,16.14521936336822,0.004629572496632473,-645.0174869455547,-1.361168831153171,6.372965650297678,-0.017483877878604705,-1.1074437926441796,3.8334705433549283,0.001910216855500804,-8.271693167278588,0.7769546687237652,-0.45497607549789676,-23.911668811834637,0.42544733430700654,-3.9940137156645457,-0.1162135562671077,8.025115810514636,-2.7049608559862413
621,10.35,12.120179495602448,-4.866799398253171,-365.0975820325878,11.408014319314086,4.134881228180992,-8.316070371041945,12.014946095711156,0.971468086419532,0.0005195272402989524,9.764599583892041,-2.606634585113911,6.213829687015837e-05,5.807115941738749,4.836786734734065,-10.886024881839042,9.071565991841,3.2223115429059326,-7.123888631140586,0.68887062161342,-15.195883763625863,381.18267235619294,-4.741922188792302,-8.568752596079435,-333.4454445748359,19.626959225458922,-0.013976962676724934,101.49338925663281,15.978769259945329,0.010394000123448833,-649.0458949415058,-1.8110744724883698,4.107281272700566,0.0012985824936965775,-2.720175455231103,3.579037176002217,-0.0021763727573908998,-8.25270325726144,0.7599722358996871,-0.5748768189831762,-23.817733121480888,0.4855738956100482,-3.3461969259035835,-0.10245537793846145,8.015998822420629,-2.577149607413794
622,10.366666666666667,12.02217696221511,-4.787042939104127,-364.7587729094508,11.327717712332925,3.9829768101988954,-8.754218371144361,11.92428166119866,1.021337865615367,-0.0002490875628237814,9.842106906143341,-2.6152601291999202,-7.854106336651736e-05,6.2489621849194235,4.152012716042754,-10.654349332217224,9.659576373958917,4.827965431284575,-8.653158638187694,0.645533010580826,-15.412671824123176,379.56393580766814,-5.16340300647582,-8.430054283925427,-331.1217159686832,18.88286690969279,-0.0022143504975851744,103.31753262231106,15.69628315265036,-0.00956589883870614,-647.1350349865256,-1.3655853815766255,0.019742686447281638,0.0016029289979546902,-2.2434300474931415,3.8835844983189634,0.0008857744124757439,-8.16594598401883,0.8398772695148434,-0.23178573131469055,-23.795049404431776,0.11804254879814405,-3.594476566574168,-0.32590645840303456,8.036828205137137,-2.6155511673963048
623,10.383333333333333,11.764267798187776,-4.334401885307467,-364.49887470240185,10.996699570841658,3.5677723322614296,-10.157967385712096,11.648299147869245,0.7344013572206561,-0.0004350317026623383,9.384182557793242,-2.8849008094890256,-0.00029093432303199126,5.970094826002102,4.086913462871588,-10.313311440860462,9.161991088217581,6.135527863660296,-8.144422717593846,0.5696056356587371,-15.333626772834737,377.87558403104794,-5.6826045013524125,-8.101830875819664,-330.3335349887587,18.855945441637676,0.0033179819012090273,103.88256511947648,15.318043338515345,-0.0007328310474571619,-645.0010914013388,-1.2818977156412623,-1.3751515622542863,0.0028254075697693435,-1.1702311930347322,4.042618790988821,-0.001153679535316862,-8.135872644580196,1.185556009599143,0.18696945947776086,-23.728643609931346,-0.1678968229275361,-4.797829130636949,-0.6399261514661009,8.02829918410048,-2.407150516586082
624,10.4,11.370600630638211,-4.237715814688778,-364.33887538842083,10.561236141229177,3.4933351815280393,-10.744994570841241,11.530915136333938,0.5677342805616259,0.0004761334835846543,9.074189358424706,-2.863580440869937,0.00012090096234393022,5.906225361259046,4.11514351384033,-10.383118676185948,8.672374201585932,5.018178852373455,-7.571869930787686,0.6349463453865802,-15.044984984923747,376.9865224145535,-6.596364544740306,-7.808974467386415,-333.6121191725864,18.978082565396527,0.0024622046681744003,100.44073142974112,15.25605441204605,0.0022918644170421176,-641.4264989023657,-1.7574680406952212,-0.518547971582853,-0.004472562068250185,-0.5620911743098679,4.274998317497185,-0.00019684173436425065,-8.029290479611502,1.0423791181018742,0.07548724675447142,-23.707685974320732,-0.07809183544622535,-5.245270921541643,-0.7060431529684676,7.861619649599996,-2.525579856537497
625,10.416666666666666,10.939672598608823,-4.457809870943467,-363.8113015019118,10.122142011972212,3.646142246164705,-9.864471463760896,11.417172069106886,0.6361449564080524,-0.0001773030342683,9.157357066090286,-2.393714990118041,-0.00026562969626541194,6.286887837662488,4.22131457750004,-10.880020917497419,9.403681103059741,3.3344131529677377,-9.123226868147668,0.8188543039768423,-14.961368282079018,376.3721191214721,-7.1822099940499555,-7.601308763272952,-333.8002076488824,18.917717879580902,0.0005103114657596663,99.59709725267705,15.133431351273135,-0.007389247816397089,-641.3107085558474,-1.4987799298557067,1.1991752028182308,0.0018136491989789747,-1.3383043221234998,4.262131178684344,0.004515715026228873,-7.777141078993231,0.765308294409825,-0.3477798895585148,-23.641541224949044,0.30373329753684136,-4.691140675245838,-0.7315320489336912,7.573297628813646,-2.8317708641683685
626,10.433333333333334,10.20859360667592,-4.224273741027084,-362.9603946574135,9.340967323351176,3.3257854174243895,-9.459660671158895,11.043291274493832,0.6386259890070214,-8.320398880147556e-05,9.059817726650436,-2.0241558013847007,0.0001613491848167971,6.400641141453867,4.011023294845209,-11.421874042412218,9.852060265842583,3.452269743074585,-10.400376708787295,1.329870931882805,-15.040325855497297,376.8130086040717,-7.360067814560406,-7.720608624614531,-331.8601917385732,18.315744172810703,-0.0004364861734120562,101.57506084503754,14.520942554761097,0.0074034870028664886,-642.6679552129426,-1.2417815287045715,1.5151333350551248,-0.002283883793608278,-0.11367565221584192,3.2487171519504576,-0.002556151404784351,-7.263421919090206,0.8897326976980312,-0.5020822731263409,-23.40637966476056,0.7248884838340777,-4.845454664105696,-1.0511724726614888,7.063987038007242,-2.7050392651100448
627,10.45,10.430392019642543,-3.957270268043245,-362.4606794518979,9.459114206437713,3.003287209408813,-10.439079241464873,11.103670748388383,0.7395223870191404,0.00040640171836950047,8.909991993149472,-2.1025505487274008,-4.28571104384097e-06,6.378597335423144,3.7014219493933402,-11.629975098263623,8.999609298160628,3.715906433662288,-9.746954652205305,1.596580482660227,-15.208724567258276,378.2931620631547,-7.765579091541239,-7.96304818451131,-333.9384036883451,18.151527150232397,0.0011184777994690997,102.11814147385869,14.184545798065548,0.0026490495190773823,-639.9180754975845,-1.994264885559767,2.1655139003304513,-0.003220658603795475,1.722971618406103,3.939519551009372,-0.016967812192826972,-7.515797816402064,0.9459456135896077,-0.6448344795674982,-23.062070032524513,0.9471017475288883,-5.3034516486727155,-1.4075190114852305,7.257224653924342,-2.486575491262281
628,10.466666666666667,11.409102732766701,-3.9465174131547935,-362.75192493386703,10.436256428712758,2.9602294705236987,-11.86880345467765,11.461698716831616,0.8278555018225017,0.0007270323894395383,8.926400281696747,-2.3425531088940503,0.00024890760894903213,6.31151960255938,4.031848537246558,-11.211863700845452,7.715908139908125,3.1225649039098697,-8.299921159169484,1.4012250568933853,-15.209533814906232,378.66383246255316,-8.302553426831619,-7.858368885698214,-336.5898986589635,18.471251305205143,0.006679357233487286,101.06918447574813,14.41145173219141,-0.006364732184601729,-636.4740874345265,-1.9119763468019206,3.745415457815296,0.004333573822895011,0.6213321397549959,6.845107646300082,-0.02883400016652452,-8.504359779752559,0.874427161711825,-0.8063884195925153,-22.48588059267871,1.0573625864704284,-5.068862342463621,-1.546481826413651,8.079043469475392,-2.441123245686433
629,10.483333333333333,10.581596653425365,-3.8213511258392594,-363.1352202412433,9.845806136717055,2.756282086875337,-11.756107582141633,11.13797554580108,0.7169136268824813,-0.00023403846961563343,8.924846398978515,-2.16550610113292,0.00019146369718486665,6.434867455887441,4.471231664258384,-10.810219939597358,7.944494354424731,3.1592179462805396,-8.49741506338483,1.2397366685944344,-15.18205232883594,377.76001399144513,-8.315929248162787,-7.378781569028192,-337.50903533298015,18.13329705775652,-0.0074830304303090634,98.55105168136359,13.992975579724055,0.006921869645135888,-634.086745530154,-1.0812133075809403,1.9182176815995278,-0.000916580189739975,0.4062827564295514,7.297098396259689,0.000666113401371218,-8.182745548341128,1.1648997079111048,-0.7922317301693697,-21.88231097071488,0.6592203132809257,-5.2892406501535865,-1.4603853514860012,7.627082718354073,-2.2869514824333006
630,10.5,9.103123134514979,-3.7515877754596993,-363.3788785652881,8.602997742027114,2.483000884372723,-10.266459512748826,10.653251170041285,0.6592176147251972,-0.0002199588922387895,9.037630055836848,-1.6052623588072357,-0.00016327094295054116,6.794637633738577,4.028118503831583,-10.388079053384372,9.04109244177015,3.172515913321914,-9.943818316975742,1.196473144191408,-15.549311669675964,377.7573444306809,-7.940280154635351,-7.132477922874237,-337.1776849331195,17.678231371575688,-0.0035387170381348753,96.34853481701187,13.246619567684622,0.001128448412811827,-634.8549489392957,-1.1335888860673944,-0.8827815922770026,0.005246281827546128,0.7000468761042692,5.431905900492948,0.0018398208897701595,-7.057505292068494,1.5310624131116577,-1.0758083013733646,-21.956403199677936,0.014986901413566426,-5.62090790518358,-1.3029852054189803,6.610646307932048,-2.1827242504308333
631,10.516666666666667,9.235001892349231,-3.8775192360766453,-363.64923608350944,8.797864491988475,2.4756050272752654,-9.7448093489531,10.501738384137802,0.8183172524136785,0.0001829907327096922,9.09514604814257,-1.5415975390078998,-0.0006261367499100761,6.658817351632358,3.2414049091432933,-9.696623724359085,8.890958125334452,3.5757207079459303,-10.254706919850497,1.2913713000540779,-15.837125213140878,378.58069553763454,-7.673629606775417,-7.45257603590952,-334.9775345829806,17.819469383572162,-0.0023501935199128376,96.25819781808423,13.343733409698839,0.007005659424708964,-637.6948132000156,-1.0816191489811768,0.053895314317009856,0.00025262018846809644,-0.41892504447734596,5.284903969448131,-0.003939929743579504,-7.078575079958053,1.515398124193883,-1.4374654702052794,-22.417407012467805,0.30359171314962696,-5.363821884664201,-1.3672191381901302,6.848269571287523,-2.26381614462714
632,10.533333333333333,9.391588141933129,-3.7449679759142795,-363.3057992822766,9.10714730389123,2.457565784246291,-9.782348805641277,10.085277040705337,0.9098845381790814,-0.0003665499467751279,8.999852543187151,-1.8232647750257527,-0.0009836429356188045,6.156447511216804,3.1810514143990507,-10.040346164382113,8.772396818020013,4.331440315537504,-10.34436266258541,1.3503031873263514,-15.715508650297878,379.0683918343563,-7.576865965424362,-7.610030371107643,-334.0091296590229,17.80160422884184,-0.0018417214441646633,96.32276562684746,13.527169355340913,0.0028933551011331225,-636.7642011450172,-1.2884864943251928,1.3751644258740614,-0.0003271704435044448,-0.9816383868521565,6.132874542861974,-0.0029788944638707154,-7.55960968175752,1.4818393993049044,-1.4533327405062813,-22.523736380468648,0.9037315967926163,-5.479221491862408,-1.4908874846594757,7.26847373380676,-2.2067480406960325
633,10.55,8.968586639840613,-3.5150275650935803,-362.79067689021457,8.70337961568208,2.323205290398901,-9.345284300663662,9.88505083376002,0.7025231423864068,3.8441221791372404e-05,8.909083040918551,-1.5158021066029674,0.0007073257344353436,6.119367157502293,3.354501782259224,-10.752970672342196,9.295692167949602,3.381092529853806,-10.839244564734322,1.0874420748086058,-15.495135595601207,379.01103609177335,-7.450215879122574,-7.451309898488014,-335.10392799414814,17.31757663686023,-0.0005619263990343222,96.97143886780484,13.229470589496467,-0.009222176715716597,-637.5132186709025,-2.6131373099540176,1.6549967420275122,-0.002587339238711689,-3.2283518219974296,5.679332247666938,0.010423544349503931,-7.590765895487262,1.482144970754576,-1.4765222414114363,-22.433513990133324,0.9521007339280434,-5.531700328268691,-1.5321178446345545,7.077837872791736,-2.151092410832969
634,10.566666666666666,9.284228243544609,-3.6891170952738146,-362.861733927895,8.590187847796736,2.4348485828416817,-9.894015008732522,10.35285795636839,0.5211209285108106,5.0382392123137556e-05,8.565133758684624,-1.3057019357528947,-3.312633739121649e-05,6.663532398138595,3.9532701803046395,-10.521856451446538,8.860557770301945,3.436055265884551,-10.50249829362729,0.8991528692088119,-15.504826665838692,378.9836043766695,-7.052177383259434,-7.5026617736858086,-334.98323016946637,17.782766937595582,0.0039650712266303305,97.04666069662774,13.172036196107745,-0.009082126981312926,-642.2988752787314,-3.167390202125416,3.6610373413304034,0.002171233289618178,-5.196389689112448,5.194663147675315,0.014239703590460328,-7.736884002910575,1.3185082267930244,-1.319164339153421,-22.35694588054771,1.0055947642974257,-5.348764496716228,-1.7904076052967552,7.22111714038972,-2.331485861715363
635,10.583333333333334,9.506266237644045,-3.9699623625111724,-362.7044069645266,8.49502177380116,2.5727002728017165,-10.488964309523464,10.632039926802795,0.7739290897930425,0.00028865120594831766,8.143681773338121,-1.5475067322016165,1.3310918064617576e-05,7.2782083116834695,4.626992142430537,-10.696635989239383,8.295705832342966,5.457469913591708,-10.428697345335745,0.8148766235478452,-15.693276746415771,379.1477167670222,-6.563336103591202,-7.578350335799556,-334.32856832890815,19.4351681865851,-0.011320167313908515,95.1995341828443,13.343623102320553,-0.0028614146937747174,-642.7704238946133,-3.292911083689798,6.874277552410273,-0.0014724612431452528,-2.841031889401441,5.1130320550083335,0.011006089729688627,-7.855450923144269,1.2666768448890176,-1.0118572601157227,-22.17378086817719,0.896776763754033,-5.890317593359615,-1.9598695029114903,7.391678441006328,-2.4574607063852145
636,10.6,9.095656029490454,-3.805698907279066,-362.4574807705643,8.135228603219364,2.292859808000278,-10.126630074557502,10.40065529493247,0.9665043790851182,0.00010861811902830798,7.959281294221239,-1.383507484229059,0.0005795519571959415,7.246213141906761,3.909550014670169,-11.257069181775867,8.363796493475885,5.788503049077809,-10.55296873930927,0.45954026187827746,-15.510319013898748,378.24853738409575,-6.1810410284154855,-7.580690369939747,-335.56463420493486,19.126669017937147,0.03118841364751081,96.52175484940875,13.395125874494115,0.000974538466873439,-639.3292563536263,-4.112754090136661,8.139344437916876,0.011301920800629948,-0.9949927961599834,4.129237155268047,0.0048499874942149,-7.704302587203441,1.382323423615244,-1.0825996588099385,-22.085685250673595,0.47701282481024304,-6.4670367258374375,-1.7929982635506503,7.206555968256478,-2.343372863806616
637,10.616666666666667,9.052281928295255,-3.342298796257613,-362.9707214767342,8.197707280305773,1.9238051474236735,-10.606187501046898,10.037133654344705,0.6548439350871348,-0.0004669572760409318,7.861681181678671,-1.0803428382599438,-0.0004670669889788773,6.692013887273307,3.1380331783414275,-11.072646983695185,8.486675924966887,4.449878428626298,-9.521568545738555,0.2028050318498367,-15.149753083072426,376.9614098137145,-5.728184557211356,-7.746650052024345,-338.10494036964843,16.668461956133683,0.019176462097227606,99.56922742310006,13.955865640185248,-0.0036925603989574514,-636.5054002516247,-2.977370512899336,6.587575232053869,-0.024381811144208832,-2.135614357527046,4.485157144708761,-0.0074010679192953776,-7.8404900531345465,1.5522786145550758,-1.343499877873213,-22.400747310568327,0.5342927908427758,-6.257792122002063,-1.6661646542304753,7.35940413415372,-2.094837055051217
638,10.633333333333333,9.176995400883985,-3.1021946877949973,-363.1635532900743,8.246606550002628,1.744872902960386,-10.63988433984885,9.948788743533123,0.4922581502903608,-0.00022629046630700365,7.6536026160753385,-0.8825907721617156,0.00030390851641018353,6.714425349164699,3.161447398142729,-10.928201063116422,8.870811859477293,3.5571497716411207,-9.478344546477505,0.15272676670498853,-15.082207536815217,377.1009056844749,-5.256515585577745,-8.196542377372854,-340.26757820087596,16.332902283936367,-0.019534233520358567,99.77185337941886,15.02963810416225,0.004128817981642607,-634.5831046147711,-0.532185117320704,7.5612362651094385,-0.037770522085752975,-0.7259220509241517,5.772429663196091,-0.023173385824669733,-8.127504676201337,1.6886991630808093,-1.5235966517645525,-22.65877242157593,0.9214598981871911,-6.136429161041541,-1.5993945815672876,7.583073331504406,-1.8704997040817941
639,10.65,9.507393419778818,-3.062143607898183,-362.85360270361605,8.227854098513651,1.616134811882097,-10.0502392585679,10.353803057776462,0.40020006312297013,0.0002117267741123275,7.331950456916424,-0.6354136143243563,0.00023647405134527767,7.060503688985275,3.919125717928312,-10.951734951906925,8.713697670787136,3.7222205856855037,-10.300811968300755,0.09905236409718411,-14.924580587385595,378.17206831285006,-4.96486488775348,-8.6197103409985,-341.4264844826543,17.09306923517649,-0.0022121297629985404,100.10721291763213,15.818322102272392,-0.006692609743754292,-633.7146471480156,-0.8011587112139485,10.481731576802952,-0.04210746315975783,2.6829387957692497,4.5541851545019005,-0.022272059745999065,-8.510274610920613,1.7117891026525127,-1.5153468230147022,-22.332306385779688,1.02962560973866,-6.458943271141993,-1.6881212596243282,7.776535325029318,-1.8158587810632816
640,10.666666666666666,10.07571782449787,-3.1043492503100922,-362.99404606533795,8.540545665278843,1.5975946460922725,-10.591130924078307,10.625354841499439,0.21355108336062842,-8.47686153344651e-05,7.172426960793485,-0.5080957992345052,-0.0003983948473999025,6.859324841568983,5.045290235174939,-10.855912428519144,7.808778742785764,3.7902358763148545,-9.906257973442372,0.1983310837083992,-14.694835189595713,379.16499233889846,-4.552589987816844,-8.695168139099431,-340.5595343033009,15.149920088798122,-0.009527910056232306,100.42901642749942,16.414119589161043,0.007326558265624945,-635.6092004429096,-2.6942877085819346,7.171205374348417,0.003460999134793782,0.6531171161411523,3.5204510593489844,0.0010181979970890842,-9.011883394841785,1.7366348856218679,-1.3196202278776596,-21.873551908524995,0.8288924750841546,-6.5533023385180895,-1.924693125482358,8.167752686966383,-1.9300371059515111
641,10.683333333333334,9.594278267103526,-3.3467584225874387,-362.70428477137204,8.140316942826367,1.7201359442735504,-10.450708021507102,10.355721772017757,0.6533549828029512,0.00028328214261128404,7.078393113944666,-0.3409972336964993,0.00039542743095578024,6.93741101493155,4.197234633085501,-11.406900751442958,7.636052091276247,3.1027379446029024,-9.853615098525927,0.2243337447651945,-14.785982238563458,379.43568130159656,-3.7603126832596088,-8.821675812216181,-338.68386601326733,13.591500578391027,-0.0018328030911941386,99.77447239267555,17.028736114741612,0.0032391773038967374,-636.6570732559339,-2.213888089329027,4.022569812284974,0.004738498499588033,-3.256540268825643,3.527715583444444,-0.019125436314464925,-8.699970808357772,1.667060318517324,-1.1152830403169243,-22.06218022948168,0.3393126088977225,-6.683459907709211,-1.8353208474058862,7.908517766669365,-2.082502364867457
642,10.7,9.013537535690949,-3.415710527343319,-362.29984728818124,7.496267375616124,1.7996900962724367,-10.504537803293672,10.28848554732466,0.8756860238900613,0.000740745067061104,6.8569802803438025,-0.3787904727529035,-0.00015822349852303742,7.143838369170363,2.832458542227948,-11.53432210255623,7.720256149206815,3.2150304807954897,-9.598964579246717,0.18342969866222728,-14.882762611103363,379.5940631942174,-3.0225013745384985,-8.910224105502829,-339.65490287812713,14.450709903748553,0.004664515399593166,100.13135295678094,17.71468224208365,-0.024307878609751695,-632.8969148083187,-0.14904413562748958,7.532904833679203,0.029138471580565165,-1.9025576996886047,2.307262468835003,-0.01650466891435097,-8.139810149684024,1.5404128887300352,-0.7870641766446939,-22.572503214144685,0.08229099572955371,-6.845236585066608,-1.7652014257955064,7.481801249663825,-2.1309533395120974
643,10.716666666666667,9.845619714892317,-3.222067524703315,-362.69183566368037,7.869627934554265,1.8194609987798067,-12.285471428111412,10.67956293978408,0.23862320774335966,0.0010953177885489448,6.622766006086318,-0.6041399291530142,-0.00016558010955987,6.567063632662178,3.562112091122968,-10.545441228972255,7.071447619288193,3.885902312814033,-8.162218365510741,0.4785721076304741,-14.670080586434045,380.49392957548747,-2.4493654388938073,-8.837189375441811,-340.2746884487782,13.974641931706467,-0.00988601845810127,100.06405059842095,18.79935823849706,0.0229804932544408,-633.3676006906564,0.10978639171757132,8.405396449738879,-0.0036039843725511485,-0.38697411092215994,2.542223586588459,0.00808177849649612,-8.56915553898586,1.5925461316279872,-0.4620801747115631,-22.41004485273527,0.36855086147741456,-6.58465110622507,-2.213596396643407,7.989960750831476,-2.1424374214152095
644,10.733333333333333,10.463313697606878,-3.3768255341812283,-362.3939180091333,8.0271795116321,1.9735577532279527,-12.465560439179368,10.847989483581923,0.13228733980143134,-0.0006464590627100526,6.178751627689689,-0.3776368365144098,0.0007905225854658207,6.566076652873159,4.060906759651908,-10.577775543436417,7.1395761501662625,3.5116270912493315,-8.329701646118956,0.5010770157361987,-14.44921122742975,379.68121150826715,-1.76395189417461,-9.187093143583565,-337.5775102456976,13.579991091120567,-0.00449038161314716,100.06552319851266,19.89918069370652,0.006852934038347698,-639.3379784537851,0.7393152666066442,9.100045611791938,0.10755223787587144,-1.1168592435775626,3.656812907098372,0.004370935244899429,-9.05773768404408,1.5751613631528754,-0.5704409389146742,-22.09942944679246,0.7262155552253605,-6.4911754374931006,-2.50580927934945,8.474190593778387,-2.3063080818321158
645,10.75,9.993140800643058,-3.685756345939441,-361.79048720738786,7.466172854980231,2.125279841190867,-10.75955483807453,10.639641870976487,0.6571089428171926,0.00020807685021079534,5.738505410523411,-0.034109576114529194,-0.0005002319804061219,7.38766450559618,3.2575811216702903,-11.267842892329567,8.05472412286063,2.9184279007894687,-9.930571648878951,0.09141008382261893,-14.361513743653429,378.90785371814246,-1.097216755408622,-9.641972577188309,-337.45271959132754,14.588426049364035,0.004347873109370773,100.1225667347427,20.45530296027283,-0.012326545374111344,-639.523980297626,1.0999325733719112,12.009357759685528,0.20734666640126181,0.3676309620446221,2.560826692847009,-0.0026871579731813744,-8.862119279143165,1.4961154085114512,-0.6854108904735295,-22.623463457850022,0.9536129533022216,-6.504249346684223,-2.3379744669916778,8.283060939031335,-2.4094136961730297
646,10.766666666666667,9.413130112627515,-3.600505641177399,-362.24539072670603,7.03776240428655,1.9970576577204207,-10.26664386676815,10.389050371240359,0.6910996766677181,-0.00013426037188072465,5.751764654431022,0.0007620730203680503,-0.0002640629829959403,7.295608757466694,2.968134448240858,-10.76221945663387,8.294110407389102,3.1683550920618964,-10.51493151292413,0.2370994075108851,-14.428233593499929,382.87816584316107,-0.5581384165671708,-9.472829214460209,-339.3988474820394,12.85870323836141,-0.059215418368263786,96.57387192273794,21.056153397795654,0.005809591039720936,-635.9776880047107,-2.342451307483353,7.229945523988185,0.1670979782158877,0.6336484497709512,2.106966193553466,-0.01764332124254037,-8.380306958858808,1.7062238275183552,-0.2921701456132248,-23.27015486149671,0.9883503600586792,-6.482570547125464,-2.3850501429945514,7.885534765989324,-2.2329090691521207
647,10.783333333333333,9.204625636380097,-3.496238428124576,-362.38039794098137,6.823070578995448,1.8679154180019673,-10.865643884853858,10.245366774697231,0.5152468728876977,0.0001262173899476273,5.79236630394621,0.15513141406970882,0.00030184225896907316,6.656924344913491,3.164312766962158,-10.33254836518763,8.23827140156669,3.2235518005256636,-10.30568154089378,0.5900061614884574,-14.800510617270756,385.72031060319455,0.035747708536848076,-8.891120670071304,-339.3957781868776,11.463120906584653,0.016946576629293365,91.77841259527139,21.86203534039274,0.0011032294111294415,-634.2248076075092,-2.9988816480700793,4.678431340646789,-0.0442378456714021,-1.9056177998942052,3.4616654064164623,-0.016987274047689602,-8.176733915107217,1.9470244503814602,0.1301677144542354,-23.287460635199817,0.757232467782268,-6.89150610072401,-2.6688134897087714,7.714155484778855,-2.1392929096115316
648,10.8,9.551739286201641,-3.7023414274045345,-361.9707610774965,6.960266007880419,1.9128466977922625,-11.657834814220644,10.261082879806747,0.6765319916594768,6.68821452039951e-05,5.563042726060055,0.45153596695729603,9.301958543745619e-05,6.6341252693477495,3.2890049399278674,-10.688361441014578,8.220035223431402,2.7169427435109053,-9.726317430397597,0.3110118615993781,-15.118654114422576,383.69829404954976,0.7288466250818353,-8.688362974218052,-340.47285088874963,13.42475247875514,-0.012138293307463154,89.8658779151639,22.043844680888984,0.0019832853563802014,-631.395652400509,0.11767948387408045,11.04324285985789,-0.0018253757111599785,-0.3495336400721139,3.231552921930765,-0.0067260952030492715,-8.68558755598476,1.9612452239706704,0.25565420012059775,-23.03659156068548,0.43477701597003027,-7.10718205122757,-2.8032546304153296,8.08643984763643,-2.2943492018578757
649,10.816666666666666,9.586790910748821,-3.7768177176207063,-362.2273185503135,6.869224174620977,1.8474414733617577,-12.88720518878329,10.278444342401949,0.734808735107364,-0.0002377013267800071,5.392068021376736,0.44468925595063646,-0.00016831565155277074,6.89171848710909,3.6716881873283054,-10.604601792643594,7.657514591293715,3.0913073263348223,-8.606962490304337,0.0014010584652541596,-14.954639793530374,382.84831380975356,1.1228667691255738,-8.82444648472784,-343.42938787341717,13.617211324373597,0.018897772910105685,92.90081849509035,22.218006369697672,-0.003715608321572612,-628.7398645791433,0.26412702525372,10.8778434439009,0.03550691683122717,3.231194070126426,1.787405939603557,0.014933270144757028,-8.86392159390018,2.0222348482467,0.31294036869409747,-23.08369403690127,0.12613982046450348,-7.011689737581909,-2.9399371413987905,8.17316942145843,-2.3267264402549923
650,10.833333333333334,8.843584483804966,-3.6301575832922923,-362.5466954347868,6.340181040552223,1.6118295841434536,-12.942808495705147,10.014166325172406,0.6805194382196353,2.504224541168104e-05,5.46583450688214,0.39591198540351236,-0.00011952777458714298,6.867662313149216,3.7193804485307664,-10.372949763133915,7.378468638883204,4.27982488140729,-8.29695432671608,-0.08810585931223368,-14.717691933033914,383.3065124576617,1.1131803414483838,-8.604203554413102,-345.09619900809014,12.622295307725746,-0.0007659464069547738,98.68585533445717,23.53129067309684,0.01268322389445744,-629.6895519276429,-0.4651721816305038,5.758173813336889,0.03219859802442747,2.17689540410317,2.3445534955972063,-0.012895508514610047,-8.245144090444468,2.122152237178078,0.00944270738387041,-23.53255860304158,0.06969474108226266,-6.838419000831237,-2.870628691658993,7.674328759351128,-2.1679156718634913
651,10.85,8.44349701091579,-3.6801842866686627,-362.31121602967454,6.178415648254851,1.646387689723257,-11.332030462792012,9.634925581946543,0.6548870453473014,0.0003035989260646552,5.41442536193651,0.6062337608081481,0.000308778577917004,6.846787204074905,3.5087237540395555,-10.660935047910819,7.702597976233463,4.05216678877693,-9.382658824388503,-0.2457770721249365,-14.804196781282695,382.9501461953001,1.50481239040698,-8.518515496364282,-343.2730611337564,13.630074154049446,0.020647793440661106,98.42452290549384,24.34766568481754,-0.010374380118524599,-633.9369581345219,0.5952811931276468,7.297326418727393,-0.00527400324676206,-0.002425558742128168,2.9119000899639653,-0.013026971817490794,-8.117677427376657,1.999590654856385,-0.2983066006194365,-23.47311568216232,0.34852188986490934,-6.308237381696708,-2.542873905202778,7.566901490811912,-2.2221697138778325
652,10.866666666666667,8.313297387396238,-3.9620298740841497,-361.94014508790553,5.830085595995842,2.061238833690437,-10.862054153008607,9.614442632493098,0.6413861933004706,8.892485218737825e-07,5.003863456788685,0.4974524264847075,-0.0005706217087839291,7.121334227335877,3.3012665969639485,-10.802254715501448,7.614235004370391,3.2912856839280225,-9.95436402392938,-0.2852731011877468,-15.121047845972324,382.8101848051713,2.3247501197783866,-8.935000896086947,-339.797204214084,14.40162728717219,-0.029689358399699942,94.99527890453308,23.979001825847604,0.009135782245924462,-638.6226322737782,2.8712353344228503,9.706352544551262,-0.021042250160722382,0.6496029959034663,1.888205140439935,-0.00768314060231812,-8.290791211138362,1.901740711835802,0.22170101221768765,-23.02579871267562,0.3765344760306921,-6.1489078265565755,-2.6367110613123255,7.499159210060599,-2.4652433634754387
653,10.883333333333333,9.428611923064542,-3.2288534259496884,-362.5214061973176,6.931249331200735,1.4162680131180985,-11.676391265589638,9.720628351343057,0.8126317178819633,-0.0001843856140976616,4.7879943833963114,0.20834382872334295,-0.00020086466135764883,6.459720918129129,3.243907606614834,-11.070387154289314,7.513595465015255,4.546796530156863,-8.760061828680803,0.09384111274793708,-14.847151256456597,383.9981477476672,2.653399084383628,-9.74989293761136,-339.7291914037419,15.088270404499777,0.01934455927264117,88.98175206799606,25.256491918478794,-0.01453133375246175,-638.2501087837616,-2.1822276604594473,9.682339244920962,-0.051611408368799384,1.5557183986615706,2.358974446960189,0.0022027991051536727,-8.935234571649355,2.414734354232198,-0.4404034570763123,-23.636662160321556,-0.08840892664731374,-5.966529918513374,-2.3034740715367406,8.453588471437753,-1.8236904554771234
654,10.9,8.61467186563955,-3.6756034924851457,-362.00727221012573,5.931291589373421,1.8170614191200316,-12.2843331997768,9.91061566169587,1.0987849841035369,-3.748530026064834e-08,4.719015658836102,-0.10315616994288099,-9.301958559052039e-08,6.8485518988818,2.371159725508232,-10.95430843473521,7.399922546134876,5.249902324819056,-8.671768712905184,0.03175600309685501,-15.109420139635967,383.1331937913244,2.7128555644610777,-9.648032570251333,-339.40781853397635,14.800818984495772,1.7762943712765232e-07,93.25380325585597,25.33429895451876,-5.612959444091973e-07,-639.2300828373521,1.9707156179280132,7.739137326187955,-5.285259470653452e-07,1.8014274670473107,3.031611991542386,-1.78555582050209e-07,-8.311065961980564,2.321443979359007,0.13136510492922598,-23.87154180052156,-0.14905275127161585,-6.391618489775905,-2.650129601913929,7.651059763024924,-2.0669304856482356
655,10.916666666666666,11.543072338488193,-1.8578231833170107,-363.7952242921351,9.389490578480034,0.02388154286837161,-11.86478229078578,9.614604558467619,0.8747980462704543,-1.6602718553150462e-07,4.877528278504653,0.2713101141954981,1.5710549707193838e-07,5.134888923668352,3.8321537051921823,-11.587879577243863,7.70489398892483,5.96867366636065,-7.376298091863491,0.5528240469875413,-14.126743757258323,385.94367771450953,2.5176222734646863,-10.532934692562797,-341.81670885033355,16.293492717745142,-1.5828007472309484e-07,79.83470782571155,27.275378881814625,-4.243391606592885e-07,-634.7529690857393,-12.914914298808823,10.885040045184311,-1.1559103475714123e-07,1.4710838214520512,3.474327216575607,4.181872420431243e-07,-10.149490756022278,3.1166578618316167,-2.250481390928507,-24.53421427088296,-0.49345901236479617,-5.299013198472125,-1.4154424842532813,10.384921121690232,-0.7218147895603424
