frame,time_s,hip_R_flexion,hip_R_adduction,hip_R_int_rotation,hip_L_flexion,hip_L_adduction,hip_L_int_rotation,knee_R_flexion,knee_R_adduction,knee_R_int_rotation,knee_L_flexion,knee_L_adduction,knee_L_int_rotation,ankle_R_dorsiflexion,ankle_R_inversion,ankle_R_int_rotation,ankle_L_dorsiflexion,ankle_L_inversion,ankle_L_int_rotation,shoulder_R_flexion,shoulder_R_adduction,shoulder_R_int_rotation,shoulder_L_flexion,shoulder_L_adduction,shoulder_L_int_rotation,elbow_R_flexion,elbow_R_carry_angle,elbow_R_pronation,elbow_L_flexion,elbow_L_carry_angle,elbow_L_pronation,wrist_R_flexion,wrist_R_ulnar_deviation,wrist_R_rotation,wrist_L_flexion,wrist_L_ulnar_deviation,wrist_L_rotation,trunk_flexion,trunk_lateral_bend_R,trunk_axial_rot_L,neck_flexion,neck_lateral_bend_R,neck_axial_rot_L,pelvis_global_heading_yaw,pelvis_global_tilt_ant,pelvis_global_obliquity_Rup
0,0.0,8.064958235608936,-3.0719193455237233,-6.126890872994924,6.862192889866081,1.4250004014663038,-6.815027533731232,5.011222785771703,2.3084338389894445,-3.125778341795135e-07,3.330455664357718,0.7236489480340565,4.267457718867834e-08,6.362386146742382,6.645399948249168,-8.573286363954011,7.977619252569045,5.572642673413905,-8.459104860135007,1.0418784197691833,-13.262544663338684,23.88745119810991,0.2638081455644364,-8.134827452059621,18.343245424622708,21.57706500878258,-2.865438554731586e-07,95.5225243001626,21.481938293206753,6.641765324684992e-07,102.25505618850099,-7.472432688222678,9.593034477161941,-1.621821477757124e-07,-2.5212021107745275,8.247227520508305,1.2815955055405595e-06,-8.461905325325917,2.568949274219267,1.5316721079556546,-19.494900975745495,-2.8374768719389856,-9.888226608058575,-1.9661015137242392,10.540884244051496,-1.6622458342609665
1,0.016666666666666666,8.38992208010405,-2.8884308924439104,-6.8045370041715625,7.40020365000058,1.246072212151993,-6.712007682683132,4.854467672906651,2.371943225087604,1.2500586146138973e-07,3.6809109544379064,0.9265634427194367,-5.719764823905982e-09,6.689597429576044,4.899939737416604,-8.17271848219862,8.55273221133471,4.91604058007155,-8.82055274421567,1.3443697213127062,-13.123867250853374,23.911890493093715,0.6668045850951181,-8.32428813236302,19.149893121765857,21.475653410928675,-1.9073213924894046e-07,97.48068569437399,20.639528562558553,9.376257389848231e-08,104.02886980689657,-7.155917742257222,10.727650048312055,-6.772730197859398e-07,-2.662636010616497,6.658801397880327,-2.907396984710829e-07,-8.739443792225643,2.6165936236020477,1.3370414020333359,-19.379519089813208,-2.0257018524306503,-9.597693780863136,-1.9306700680407398,10.91409610416063,-1.5519909094413034
2,0.03333333333333333,8.79506162015767,-3.119523557955694,-7.002333178643251,7.634632804948206,1.5767825110946307,-7.234220143412519,5.016208397965515,2.224834673223398,-0.00015319840891235014,3.589856109633976,0.6610809882755307,-5.161790753140452e-05,6.7891505941976105,5.768764180499807,-7.880107297473901,8.306317347543756,5.12789131002675,-8.444957438848208,1.1750250405437777,-13.106467544805746,23.50298723736267,0.36902553251586256,-8.269032110931713,18.773649578936464,21.565143454633493,0.0008288790277890601,99.3085509739047,21.158870754636233,0.0007498851715322832,103.39225580447282,-7.1731849911609675,9.788834901662797,0.0003153508974149306,-2.2737603967171442,7.420389472796064,-0.0020710791842842497,-9.079255314806014,2.4455716813486843,1.5175052975585133,-19.46070128183384,-2.1809796634393512,-10.02688889696851,-2.1137964072163054,11.213307453397892,-1.7606412984905022
3,0.05,9.686653540703421,-3.0248919408269077,-6.787391275001389,8.381793607298253,1.5222832752635111,-7.157530348378739,5.292185257465891,2.2729644579457298,-0.0002312686935109119,3.5864083387745143,0.5842762789538195,8.32202955912024e-06,6.9358313154672295,5.5687973158964175,-7.927749022536534,8.306277063969,4.968947857022907,-8.51014006695498,1.1669850721843342,-13.080191430065538,23.220114521403143,0.3037100350137368,-8.319261642580257,19.612787492108108,21.39116980166694,0.0008599086393082741,100.7697253460864,21.235329560246036,-0.0008707535249212862,101.88366195271578,-6.332040499659877,9.197096910180433,0.0016216088396457061,-2.8770390253391875,7.502307496318832,-0.0005466850797259245,-9.89872173497776,2.600572517541487,1.615354505495276,-19.128511364736802,-2.0938037333009105,-9.94485872720331,-2.2293526323310893,11.933358096365671,-1.6543730773562695
4,0.06666666666666667,9.559624634163187,-3.0360060374117683,-7.126062999641668,8.272442431436017,1.4653714529842556,-7.3344214711307,5.336796526806569,2.380633083951302,3.089248820440392e-05,3.440624666391886,0.712432771986718,5.2265801883489245e-05,6.47342618107447,5.132464677450714,-7.555384391282097,7.654238094995735,4.373490176284626,-7.8365767868127705,1.2112679915888631,-13.230702842497339,23.772108039055052,0.30907713783348767,-8.293644304758141,19.713087725693676,21.3282726332252,0.00019473466930695004,99.4331895786261,21.232572064372743,-0.0005442086348845295,101.24552329182902,-6.5691289504312484,9.380328325886287,-0.002292134194359082,-3.4026864060703548,7.16963250017943,0.0004927198589492138,-9.802669076052348,2.646113084317624,1.5589507686819026,-18.873111233660442,-2.187653746689826,-9.725182778762147,-2.070093816986597,11.85091759209603,-1.6371428877267753
5,0.08333333333333333,8.927957084978454,-3.096879553890046,-7.283981566369396,7.7407200577353,1.5514216682299848,-6.981567715399037,5.174146198011858,2.404824347259824,-0.00012761221781521038,3.3189030399296384,0.7226251231372777,-4.576533959577204e-05,6.500902321085401,5.086334082684609,-7.782964542995264,7.605059000690149,4.455410634180487,-8.22766631116735,1.3734138578073185,-13.227167591147063,24.288428068644578,0.41317545133569156,-8.383289912429884,19.658981536268588,21.260747944201945,0.00036660651294570366,98.24873821747369,21.122485915057528,-0.0009176242050768868,101.39549458583858,-7.30575179288357,9.641264016625774,-0.0037056631032932005,-3.2364387637931578,7.0976143955256985,-0.0008065171985667683,-9.227192744909253,2.5293342648631927,1.3588890465573698,-18.943006103785397,-2.089328994082988,-9.681465756616957,-1.9282599734779313,11.3524698218337,-1.6853466902720753
6,0.1,9.092608990857528,-3.134757807552212,-7.029316986945324,7.8792857806791785,1.6213885338494174,-6.569988034049351,5.144292340338386,2.3668034960288096,-0.00020533730862346943,3.367381753901796,0.7223126803242981,4.7241929249433633e-07,6.441555275878995,5.43869915155922,-8.102029291406621,7.885625356080141,4.72459718222097,-9.165085693530951,1.4405912456613843,-13.049635584810039,23.793631519648873,0.5952413556730762,-8.680639851632689,20.82061784947919,21.152191940003387,-0.0001748242449831969,99.38452419883795,21.01954163231479,-0.0030495881737384488,101.67104088920154,-7.181675806572805,8.71900660182189,-0.0023637164891266507,-2.8813307021160384,7.048285859182123,-0.0009143155915568947,-9.301162211808112,2.4361211022899143,1.3538111569415299,-19.019480589254293,-1.97334867459655,-9.53965756951368,-2.006312503634804,11.471556662512219,-1.7142243691884949
7,0.11666666666666667,9.410653674825424,-3.2345308169796807,-6.99228966931752,8.036522721263406,1.6437288489542232,-6.80896361570182,5.352260068993677,2.4555083614070123,-0.00017022910167812963,3.367687931000679,0.8426338295022765,-2.6771941529792518e-05,6.453857710981649,5.147335144416922,-7.747113480709965,7.870446908786871,4.234150920762363,-8.96114087961076,1.3355914679575995,-12.993586385225758,23.220114255268378,0.6413781926519685,-8.781160681634821,21.621859294685745,21.22032887925071,-0.0008366732394953589,100.47883058832657,21.10819633738431,-0.0032590331542913225,103.0159091969555,-7.061559012314671,8.326842545126333,0.0011829819108431176,-3.059224173464253,7.089638774454414,0.00018271228772483354,-9.457993091679292,2.4411288955580517,1.5120315254223404,-18.898768399130603,-1.9860728170107402,-9.377057105098741,-2.179013619334251,11.651704143613273,-1.765704877565627
8,0.13333333333333333,9.515907911982147,-3.217228261805854,-6.96558152139536,8.112296777907828,1.6287030074177142,-6.993831549134151,5.450225919527067,2.5322157771306375,5.590518795276384e-05,3.3641302582374446,0.7781414640452107,2.7412513501545855e-06,6.944292406093136,4.55163263824075,-7.650440617556519,8.034521323650731,4.067895581584218,-8.427035183278992,1.3133771240010013,-12.94104777456692,23.445359784767078,0.4651293901131506,-8.777480083237709,21.25523050703369,21.33247159206168,0.00024155366098347808,100.0011537852908,21.273902744169863,0.0013349459127072938,102.92235295691445,-7.22034195371002,9.083394183640094,-9.442942478524708e-05,-3.3270407549175385,7.159714023075651,0.0004941421346339584,-9.522184635798883,2.479992512250931,1.3747420001359143,-18.858751100869704,-1.888741015094664,-9.458317274952641,-2.2455541953297704,11.706738622759717,-1.7402103573733796
9,0.15,9.688857610324959,-3.193280108156032,-7.0650630818845865,8.404655293140566,1.6189683701677031,-6.989117641613258,5.274695666959814,2.430961918172039,-1.6927833362997363e-05,3.529761796544326,0.6770961721846217,-6.612063245541059e-05,6.6401919029858325,4.57341241903336,-7.371682638253303,8.048112384834726,4.8748266519301255,-8.401368140616245,1.4199937903571278,-12.81115099507299,23.863673167706523,0.24518399704360272,-8.926570550675732,20.610019731564186,21.268269436944035,0.00030909381626211555,99.47816435762229,21.46158461605957,0.0007748355499273816,101.13248926118472,-7.428055352506071,9.122811634555228,0.00015311008384455278,-2.7232229827530694,6.717303531476195,-0.0006544842096517633,-9.691073231819162,2.32059950994637,1.373083193585561,-19.000016910261074,-1.9149585881860658,-9.73586933671809,-2.207103168942288,11.905079149312403,-1.747752292440905
10,0.16666666666666666,9.745743397694563,-3.198725614866741,-6.830634385104039,8.40487408173525,1.528643586546365,-6.948643198355137,5.198832211225976,2.353153988766545,5.262730560173231e-05,3.52083217532875,0.8140149855007021,0.00011073906025633697,6.212434288969772,4.826796361966583,-7.14403748430368,7.9341731252401235,5.277754842881037,-8.751451327058163,1.5316840556661113,-12.814611819752695,24.32518677371547,0.31081834702107813,-8.852094572148106,20.03183027179845,21.197589226435074,0.0007451126519841073,99.0849241354345,21.453509543490892,0.0003196722650665175,101.01076295279951,-7.884648103106475,8.754085764120562,-0.0002821116418531634,-2.3148164926104906,6.765030213631843,-0.0006762181800723497,-9.64692584275991,2.1867952675427156,1.7519514146162176,-19.033561760536333,-2.0472245132881204,-9.692130413878276,-2.314465676835226,11.938698553847416,-1.746764767610001
11,0.18333333333333332,9.845589192861297,-3.078401469140874,-6.1978782087898425,8.360347142616819,1.4129018593201357,-6.8705679603601,5.3627032147244496,2.3674882983587726,-4.14955533681726e-05,3.339750320548175,0.8685430834802975,4.2130408287717605e-05,6.713854281811994,5.102654336680172,-7.853761064670971,8.097623871117793,4.590349823711413,-8.98648714158843,1.70075954463069,-12.895044250693733,24.843698593897322,0.6697100867788324,-8.644359996548982,19.99519174571859,21.31617982473699,3.1698398863637526e-05,99.1820589392771,21.11893538053347,0.0006274506570530873,101.7778171437388,-8.100007594885913,9.305128424462048,0.0011648534128602286,-2.891667627219803,7.259123260636455,-0.0008830840752366039,-9.546649759896209,2.3202685893136032,1.6971292480416362,-19.051360376883267,-2.0723502902662525,-9.28278855026442,-2.479410719093062,11.946679189190734,-1.6124168925794624
12,0.2,9.95076777870116,-3.0905514270326977,-6.252959579398208,8.397933436676697,1.5312021545348202,-6.683245026499851,5.527613249197835,2.318826024202237,-7.926619151854393e-06,3.3503301995496635,0.7247614609355156,6.846592038054679e-05,6.881045699205817,5.806171154398125,-8.162446252071689,8.210681327511544,4.539491194942921,-9.224223098373846,1.759971158508526,-12.854808501229687,24.42025958790877,0.7504851844231075,-8.658679317697478,20.228138327017316,21.31259361646518,0.0012021453087113902,100.42575586077633,21.009251751444165,-0.000817471034333248,101.93933582939503,-8.126875986723766,9.443937467642597,0.001450517697602503,-2.926420611680677,6.998562402033178,0.001134038432115462,-9.489658729857242,2.3777923651927786,1.4907234305409351,-19.150079635559585,-2.1860981616057082,-9.508190681461487,-2.5302769322166463,11.958068936748708,-1.6076466652050463
13,0.21666666666666667,10.025701778805912,-3.242989935491741,-6.349138068646534,8.372905003225803,1.6441384276070286,-6.3073904974792825,5.624402502140153,2.3690137557026123,-0.00014025858362923008,3.416727694537103,0.7589792389768532,-3.7901226352045085e-06,6.544719882888822,6.113874666745926,-7.933972957644862,8.402191441062016,5.154357053472578,-9.88355993272596,1.522111507487537,-12.71504733846858,23.225182878113298,0.4858977164684316,-8.632981752260802,20.113466447658947,21.128518626793355,-0.0011440533533156072,101.09314385225404,21.220899420937148,-0.00011488846894875079,102.0465090570776,-7.7834128017201945,8.918748493508469,0.002608616803825854,-2.7435430770360605,6.887260645579151,-0.0019879244748854906,-9.585573923621865,2.3473421274554678,1.7500311617885551,-19.07540702893943,-2.218552790571548,-10.053787501789996,-2.5733911490608747,11.973514522008493,-1.6967745637355118
14,0.23333333333333334,9.870999615315318,-3.317792845654511,-5.72321296218174,8.26588403633079,1.616348365837578,-6.197079639829524,5.561881949010527,2.650157281953168,1.476909218422215e-05,3.3514360821240645,0.8567854251594205,-7.744796459805796e-05,6.8513209186159445,5.512496569495895,-8.430673080919211,8.543683819062364,4.729052012916859,-10.031698709191527,1.4348984630408057,-12.601987511384886,23.085539620979468,0.3716684948329393,-8.515100377517292,19.584073711965335,21.163180101061247,-0.0004096578452836185,100.42187049464906,21.340177790643946,0.0007798884872264921,102.35269836357692,-7.290781399237694,9.691666040518186,0.0021490353136750756,-3.136936373757164,7.697103643196118,-0.0037654288070240135,-9.570530763565241,2.3726877368964616,1.7938214562591492,-18.819892846070125,-2.0441917374191925,-10.008237756925821,-2.523559168830137,11.906925522774822,-1.6778278961526092
15,0.25,9.131989680321267,-3.398447294473776,-5.462209228233618,7.710716207446391,1.7404464665336472,-6.689055991007463,5.352685727069923,2.7384761596449136,-0.00017185593389993156,3.272461978238159,0.7156916532479846,-7.625755110429174e-05,7.219701619633787,5.398460745562957,-8.83646777866807,8.13169701017668,4.533078871930459,-9.266012559123975,1.4500329788728084,-12.672368361956893,23.92844837785426,0.3924427667745162,-8.712129860881335,19.329015678440324,21.51558984093793,0.0018742762820811532,99.49796711529977,21.40948287136082,-0.00019439113684519428,103.10308675884532,-7.892873613000798,10.385173899817646,0.0033835366544496897,-2.5203079896599605,8.364556676795283,0.0025764638445977647,-8.967163859477697,2.199733435831386,1.5314619919658279,-18.625480183420525,-1.9149031798289369,-10.002649286033725,-2.4030658610025286,11.334194610544111,-1.729438186383865
16,0.26666666666666666,8.749740842772301,-3.4462744903198077,-5.840273005937482,7.225726847777469,1.8839478136584107,-7.267883202953791,5.438112250297782,2.553649196111954,0.00013466819163515477,3.2050237172501927,0.5976606239375644,7.087905593889884e-05,6.9480962529017605,5.725947141194497,-8.420391216688483,7.595582406830897,5.417808867712468,-8.71813876460973,1.0872974597529335,-12.798920033282746,23.739911535263612,0.3180496660234195,-9.078599811290486,20.025619694291017,21.938256997625857,-0.0024804696116565374,100.08176883648139,21.47863638583254,-0.0013504233583739459,102.55032168941327,-8.03376850952073,9.663311948926172,0.0027819606310298356,-1.8450670706085106,8.445780538277509,0.0035849656681172983,-8.605685490134002,1.9658217226291934,1.4362888027011091,-18.63384080064834,-1.82409224729343,-10.00405834962768,-2.4499215571452675,10.87274109623535,-1.8447090865517664
17,0.2833333333333333,9.28768327402443,-3.294203867433024,-6.437032523308703,7.623768188425233,1.7627067389165574,-7.0465212904864964,5.66935540828521,2.3678021168817622,-0.00017407791512047795,3.2280056046313605,0.67237588484573,-2.816245481711516e-05,6.775044761002749,5.454729417410935,-7.862809526789117,7.579130871139005,5.706050387855099,-8.941696342358714,0.9197702190924903,-12.665317817821796,22.689840599870642,0.3037628947757923,-9.11527664974501,20.68247457488054,21.908718127847177,-0.0021951379755051764,101.74032768575913,21.50481513465091,-0.0022184030349319405,100.71289683809346,-7.133568065051213,9.098270471459028,0.004081651267575567,-2.5795094067632283,8.297039163953958,0.002826782268356396,-9.06200296634419,2.0135848837358714,1.3737443032399257,-18.672438939761587,-1.761497224871649,-9.711382357854236,-2.4272398368433774,11.251232157688198,-1.7973748135521703
18,0.3,9.818668217651839,-3.100054580931832,-6.955161971383999,8.360860732280875,1.582405402070402,-6.1971469846188585,5.603857534856537,2.251093367250503,-0.00019923418154056463,3.4699327877940362,0.7442804256947332,8.161166527315338e-06,6.9543181764569955,5.276971435855361,-7.704215543221321,8.254585051629718,5.325699570841835,-9.605655607448785,1.052060234647686,-12.477161048075784,21.933948074179806,0.3502996293364562,-9.02809174641866,20.873735812086284,21.697624775413303,-0.0021990126639565423,102.29895302548263,21.64854597566133,-0.00149598924413948,101.05742153397695,-6.949213301154813,8.96139378924901,0.002488724481498054,-2.9174144466845915,7.928942905283536,-0.0005284296289893105,-9.583846240774681,2.156594108173729,1.4219687750260928,-18.730977787903786,-1.899693433611003,-10.01804365854681,-2.163237429105334,11.845513941806916,-1.6641137555936236
19,0.31666666666666665,9.773129291196712,-3.101850942534401,-6.6522477962531275,8.407359280583469,1.564087320856921,-6.0493832679174915,5.5365248040543955,2.378444708563969,1.537428206329568e-05,3.546263473772216,0.6987608452793158,-1.2140056708326932e-05,6.975576547426999,5.415911651129142,-8.116605800569147,8.727611223391516,5.184648121906109,-9.892223742231458,0.867601463353419,-12.504788021152342,21.81659463388572,0.2916285262185283,-9.014590599866613,20.653246414230612,21.91645425662319,0.0009130223997147946,102.42050087480624,21.666907016539913,0.0021724563919007815,102.64427375405731,-6.93121035242863,9.108454882313781,-0.0013340845948465634,-2.487915901101827,7.914149179846409,0.0016203058189378594,-9.609307682484518,2.170888820348095,1.560973027331092,-18.89483819845065,-1.964780684102517,-10.538254834589116,-2.1235144972409445,11.864036369180383,-1.5869784302107777
20,0.3333333333333333,9.53023626608284,-3.1342181124718005,-6.008916666250841,8.037522401056096,1.5747269507321833,-6.761922632090587,5.594133522845728,2.5142258649605456,9.883249736254612e-05,3.4041047100284265,0.6204393426800783,-2.3534714924508827e-05,6.870075973754696,5.54089662169294,-8.611093495451032,8.376850619890444,5.263196115384933,-9.348020590193357,0.9152368511931637,-12.733220598928426,23.29402615184702,0.30625341901227787,-8.911130221839333,19.994749886699395,21.879543369130857,-0.003463609482509162,101.08404135370175,21.43099103054769,-0.002228594606153777,101.63363090334312,-7.2149097414623276,9.200102812676144,-0.0006007338006353861,-2.4186454730159435,8.524170100966128,0.000765841620974726,-9.359514442024718,2.1528881777439124,1.5051333934366735,-18.88690788955647,-1.8670305374443388,-10.363193780021325,-2.3245249434781567,11.589892734931022,-1.5403229752651701
21,0.35,9.62154214291794,-3.116766659255001,-6.034490386189797,8.183598634928288,1.5643887712426432,-7.106254928117452,5.591217453921081,2.4187720346897947,5.922364941984292e-05,3.522050542627314,0.6567279761167041,-9.443385728417477e-05,6.84758316434542,5.647074380190161,-8.642945244518327,8.091182498171504,4.978401142589656,-8.783533759019999,1.2386511950889767,-13.015657806842686,24.702768641269156,0.42611128479730115,-8.904959624154655,20.20132092435633,21.68335083363484,-0.0002912637131144184,99.04655288361626,21.30994811883427,-0.0014087235144694548,99.0230791165146,-7.759223087804397,9.120118537990228,0.0006886866453504889,-2.764418121525621,8.215055037870663,0.001348774814114098,-9.358687049710722,2.183100127269117,1.3502960366353163,-18.778402843021592,-2.1410390865405198,-10.074534973414409,-2.2476334324002436,11.692286752268664,-1.5737593353146222
22,0.36666666666666664,9.723317844443148,-3.209897894112574,-6.220902436881369,8.344708133227815,1.6063093102374228,-6.961387755615149,5.58243705582799,2.507563691213287,3.0931524627389325e-06,3.54238805053701,0.7738896310574791,9.457136674953233e-05,6.8102142521112246,5.378484736829695,-8.636206645551203,8.020336311090851,4.374555909404478,-8.576632039440494,1.0983863203970021,-13.029476019872519,23.7073489366574,0.5262931654443606,-8.945099700160183,21.056694473069783,22.023405101530578,-0.0010642586279703725,100.31322483109047,21.22830971710901,0.003920174862918363,99.16834476721378,-7.455607074000885,9.818691106076527,0.001040069532767722,-3.2568017096554676,7.493534557049595,-0.0006198147302358776,-9.457514810993963,2.261617436729018,1.2678967069348361,-18.71046739166297,-2.5266607255680387,-10.179966445625256,-2.0468273858437693,11.841207103354698,-1.6564506056507822
23,0.38333333333333336,9.273146095263796,-3.195650858913682,-5.993552351137419,7.8312990086046055,1.5525409708029299,-7.098926690438623,5.500744297943839,2.699273095588834,-6.938979981984589e-05,3.264560147980566,0.7952300923899304,1.891443870102057e-05,6.844743658749772,5.24697668049856,-8.950077421283206,7.936846751425574,4.644524395309085,-8.499428755664793,1.041027472544005,-12.924593978626667,23.17705669931178,0.6277235622638793,-8.846249590684625,21.10022153267827,22.061733489348303,-0.006737955493876702,100.64311181535406,21.100050988431924,0.0028825398735564042,101.48432181511808,-7.477635364819111,10.161240346475909,0.0006230680984086263,-3.4370665345552465,8.267370644922398,0.0007382947446424847,-9.145246152168792,2.402084778638283,1.3321092908068344,-18.53710972324225,-2.3405549121972262,-10.243858985375631,-2.1491874698527202,11.480013718328566,-1.5700304828665652
24,0.4,9.026171514171459,-2.978772893192077,-5.918916282391161,7.636336160592122,1.3853096361869803,-7.315872757648819,5.320126732677502,2.6027423543023476,-0.00011487986743917719,3.2891399883994135,0.7283821722508464,3.675994295323509e-05,6.908065857719572,5.443773564967515,-8.900548902433616,8.135130154117078,5.408194701981347,-8.70537433033997,1.193572559920394,-13.02105895684305,24.036716043361235,0.5671668013351167,-8.744764987643306,20.24177020581942,21.917103853732304,-0.0078085437045723885,98.09775117864795,21.016818129591883,-0.0018686220226765227,102.00083736471481,-7.400828797988799,9.602394098794635,0.001455053362680366,-3.1370354754683967,8.549231259434666,-0.0010865670138184933,-8.98918421515035,2.5295404830089403,1.4573915079017838,-18.47545436715529,-1.9183931725300432,-9.907074518307512,-2.335191747547886,11.302421004499458,-1.3712301479801552
25,0.4166666666666667,9.521699227554501,-3.0155626275086544,-6.1293671680497095,8.234374778950592,1.4218617679566379,-7.086894629285148,5.241782453470792,2.579751238344483,0.00012074154895050643,3.5442336137231374,0.6757462120221687,-4.1362266976330645e-05,6.960310525969436,5.102612335563554,-8.478966314956844,8.534297020545841,5.2698193809574,-9.070601193179469,1.1414808397702034,-13.042396259783379,23.873816522953497,0.2722959053188471,-8.652703434232565,19.558675516038992,22.002848079035232,-0.0012577437010310747,98.20340678035235,21.130720028372412,-0.0007184772578929245,101.4326214952424,-6.519607799723129,9.982462752164064,-0.0009547239115158944,-2.991979162694064,7.682102772836732,-0.0024593369500187237,-9.508435448972275,2.4818362055649676,1.5216660927754218,-18.536051617162304,-2.1019083897345188,-9.650943293778587,-2.278596493301792,11.77217504158516,-1.3780127107875924
26,0.43333333333333335,9.739759472999815,-3.313130818268791,-5.928704235721174,8.431968872221319,1.6266506444117497,-6.719242851094819,5.341842948597713,2.8407641500438956,-1.8891053873100055e-05,3.628836385522888,0.6954429985585381,1.4308424372961769e-05,7.302534662022215,4.56674018330223,-8.52738158364572,8.99402717052804,4.736370328558902,-9.44911865579578,1.331236908109077,-12.87058268874058,24.185514891412357,0.16607867066581158,-8.6937581932951,20.277184044142388,21.409328487187206,-0.0023110190703418522,99.5263141757358,21.304662616900426,0.0002628592952345722,101.29153963672086,-7.361433656435767,10.568690187712052,0.004624726054071818,-3.323210867212412,7.685072833139655,-0.0027927048641995266,-9.774513154295445,2.2963409005560975,1.6347601269748566,-18.4204290652419,-2.516245309463933,-9.987944704468928,-2.1995735715887523,11.94719615643697,-1.5452349284181226
27,0.45,9.36989463577577,-3.267079714623338,-5.795305049276342,8.036099669779896,1.5778370532655892,-6.745274246872762,5.422232603962682,2.842048432849328,-6.6176038525425e-05,3.593786318152429,0.7566736756926501,-2.8251273694453014e-05,7.291369009317935,4.731663712458545,-8.625385131328287,8.890375711456157,4.557088983818126,-9.455953849545562,1.451615618062842,-12.769473102244831,24.722256113051788,0.537867264782525,-8.830803425397844,21.480570559450687,20.899034034998003,-0.0014953905804433404,98.8395473489532,20.63453354309391,-0.0021569426018067843,100.94910937778903,-9.257898509380803,9.69982202990443,0.005300118070007123,-3.6980511739663817,7.149349906506425,0.001207026658541506,-9.434056441033354,2.304898648201816,1.689492893290776,-18.104831496571663,-2.2654836741999365,-10.386883926576532,-2.219752590529222,11.5823249700399,-1.5118495632322964
28,0.4666666666666667,9.030323145058174,-3.108363640511005,-6.270185634494474,7.848253819286204,1.5857384544583726,-7.239512255046348,5.187816371120667,2.6314046157105215,7.802713517290808e-05,3.575015904433342,0.4996615576835365,2.9832502637601176e-05,6.491845402427388,5.3139115538875235,-8.359752638387741,8.11760558316833,5.189799133181976,-8.795839598334743,1.2326444152835663,-12.961539069660965,23.894063191883912,0.7139594657968826,-8.80275287629488,21.653420983293802,21.275064183559987,0.001945957402459755,97.25583899755854,20.109505630418862,-0.0001007662248976014,100.66860539055578,-9.124278350977777,9.062139715000606,-0.01147643677049536,-3.5844461814532442,6.212508551394689,0.00356499679453959,-9.18083369116994,2.450529657187943,1.5744876767561993,-17.797607900528035,-2.1268518082969674,-10.43969957561751,-2.081494440474476,11.342222581821337,-1.4440498200502974
29,0.48333333333333334,8.923805032797828,-3.379033541941263,-6.525999455564464,7.904583462459614,1.9450177175777246,-7.612947824289091,5.024805315179187,2.7247123900106347,0.00012854296458811174,3.6863095116726727,0.08105177573767171,6.88728281498838e-05,6.33703989197622,5.398441977204372,-8.118329212715373,7.887105604353669,6.175361411320158,-8.486690009976623,1.2492624782078068,-13.21012973740343,23.353580053103837,0.3856239806983355,-8.822253419964449,21.53551494304555,21.63784865731259,-0.0044338845883453845,97.90609389250004,20.97931081171441,0.0027595436856136806,99.8423422650687,-7.191925488074539,10.406608738532645,0.008142334100190425,-2.9676491219481784,6.689433253439041,0.0023550682114105567,-9.035816131010689,2.370787978502368,1.5404852405634673,-17.820800392898146,-2.583533993923827,-10.605907528531747,-1.9802898869399355,11.30556575248241,-1.6090998911561396
30,0.5,9.294293084758616,-3.5488108089685975,-6.48996596424484,8.288521535078997,2.0262441151550576,-6.970611285233206,5.38745473736489,2.8041149837542387,0.00015951833045672328,3.9250557695362835,0.1803189805178337,-0.0003584995413562391,7.205649433984593,5.147374790967484,-8.07506164251151,8.48133447378115,5.588920318508659,-9.086652466534398,1.359195561414958,-13.095582787058774,23.11217008170376,0.262668682503263,-8.932491164738503,21.42284416077589,21.58195727515858,0.0034194886105070156,101.2041202019715,21.45865142821273,-0.002054354420344845,99.0992765910168,-5.862462592709718,11.379667587217234,0.0026983762461009852,-2.5320880808563495,6.912853690636075,-0.0012763601871367315,-9.131990995048122,2.253906680388328,1.4156167072949692,-18.073161517722845,-2.5890822182497777,-10.638561776078618,-1.965698683440015,11.551566654294348,-1.6632173208382142
31,0.5166666666666667,9.896388213912019,-3.4215307635677443,-6.535246003442635,8.899540484245982,1.8348552351523253,-5.811397691578002,5.654846214477634,2.690307054407424,4.1595634726997725e-05,4.108851166214407,0.46404893904674527,0.00017815774526854398,7.574319816656776,5.336685182729185,-8.329632679292652,9.077646373087184,4.5534939771368075,-9.793139807988338,1.492217370231639,-12.88271686213361,23.348896138707442,0.36633769965411395,-8.821822993927462,20.97025528153689,20.936101736149727,-0.010380572306465616,101.31676251781144,20.968311216776435,0.0014673338844137097,99.90713706274353,-6.7718979720332015,9.67245141257193,0.014349256291677718,-2.781825595686224,7.089787157726138,0.0007937223324745721,-9.667295434797579,2.283936414081301,1.1655929123293243,-18.22671294812432,-2.283413604157807,-10.255660235544362,-1.816448900488535,12.009006743538654,-1.5561279287449534
32,0.5333333333333333,9.978293331370448,-3.5208022627271247,-6.345455926472556,8.963228405487822,1.9425971134764362,-5.893605968933626,5.514381744271427,2.6889155720835034,7.550728465970069e-05,4.1881847714274425,0.30634888605140953,2.479409190119376e-05,7.259779439946207,5.6693597874024295,-8.389355964030074,9.196647157769657,5.471690398005154,-9.822604414264905,1.7663130523074237,-12.937465995219565,24.07428096905289,0.3929443622597229,-8.630543046837785,21.030389593538953,20.340999831710565,-0.007520873049781845,99.03483498832696,20.775244983606843,3.725467673947361e-05,99.92711635868956,-8.132362698001469,8.09735510122991,-0.00733712869642036,-3.7499664839463374,8.135527226826346,-0.0011695531286355031,-9.792380121748161,2.243533434142064,1.2989132946973878,-18.378338645179742,-2.4943003462841027,-9.986696099222907,-1.9454384930339514,12.060191975607648,-1.6234448807489834
33,0.55,9.510584180224694,-3.718088476704698,-6.2676774803373565,8.500619502601408,2.2064436889058627,-6.780834303950751,5.353477621351727,2.681419525550936,-9.924851721550217e-06,4.217423412352073,0.012864527401728203,-0.00014623127142124833,6.951039088926301,5.686551932887364,-8.07321282147978,8.64755593706441,6.48412656030423,-9.079469595423669,1.7344537747383495,-13.086254252770356,23.581276512012217,0.4431667741591363,-8.638658760936572,21.38706746848487,20.778401463639607,-0.0008646509349867563,98.73988519315613,20.87212391215616,0.0005678082097096942,99.08857019947003,-8.278409975438699,8.562181107489492,-0.0012833104950455627,-4.482715354436824,7.936191925084549,-0.002375025168026349,-9.212305085596052,2.1125019838703425,1.4606724025957887,-18.611315214662103,-2.6532527870376925,-10.046333079390905,-2.1670608317100424,11.646174512955495,-1.771527998797988
34,0.5666666666666667,9.213371723438078,-3.761471713347269,-6.661468290449851,8.283396221309888,2.3069907877846965,-6.259663816601977,5.331540573673932,2.6521852143255975,-0.00014094487787929543,4.184409325404862,0.002107829862692188,0.00022654241875270906,6.642949931700013,5.537947956422713,-7.960812636307928,8.062936318269799,6.0540864550146605,-9.110387419976208,1.3914185122706841,-13.13219656848708,22.760332725098593,0.4253412129568507,-8.778887752174798,21.52481930628645,21.455290335621445,0.0026589374004296795,98.37850527119157,21.0683270903927,-0.0009315980028703883,99.91604051438892,-8.191102311775163,8.883371344071264,0.002389790337898854,-3.825252434285064,7.281753590691142,-0.0030501583434673933,-8.85717588746839,2.0360878061121044,1.2736854698711992,-18.70764873273505,-2.3814388592776123,-10.437603162693387,-1.9234669988918909,11.378711418360108,-1.7915763925464385
35,0.5833333333333334,9.582600946104876,-3.7941085091177897,-6.892447530481992,8.586263433021601,2.300851543563312,-5.208572186603047,5.550267056293835,2.6638352293472396,2.3435440708165005e-05,4.2375550352879445,0.1831634681581735,0.000182007052448274,6.556564302947673,5.409461351334159,-7.897168264709495,8.295470354669806,5.582296534108172,-10.07977754121791,1.1517008271768776,-13.157530008048763,22.59736356197083,0.39931047282237814,-8.822687530604062,21.757005214959502,21.616916443396953,-0.0014621204344813232,98.70151385697496,21.13611176088921,0.001339567396377478,100.95441274195244,-7.6436020871567925,8.729626904141345,-0.0012802420747044416,-3.0214765455610793,7.381321807729755,-0.0006248406449363199,-9.136538074514249,2.0224024082892886,1.2466052756676782,-18.51818751632533,-2.115019780318056,-10.732111258672498,-1.7474400727391914,11.589581332624904,-1.7779798629977328
36,0.6,9.97129616269453,-3.7867347713237254,-6.9679243585803325,8.898468567082446,2.3355408853075152,-5.716436942357669,5.739523517350489,2.506522311027368,3.0241858322637826e-06,4.39653698064974,0.2398798688742484,5.750700123132178e-05,6.553671350884798,5.5543028777150285,-7.608598116355411,8.709073401851748,5.075135422880611,-9.748535189553571,1.0596751495841368,-13.264673677241875,22.736447814810155,0.4603349281688374,-8.66610620874234,21.58501763924717,21.59952843316079,-0.00045485838336538055,100.61940980776043,20.780219527168015,0.0007935136529077504,100.90634176308372,-6.741488246352501,9.262024183862863,6.880585263450207e-05,-3.52032672965392,6.280340085313519,0.004647729436663381,-9.457857023641976,2.0056080850823332,1.378081007230267,-18.306132884404285,-1.9102934019172135,-10.530952610060051,-1.861006596328692,11.852691004411282,-1.8014244353985165
37,0.6166666666666667,9.641514947998362,-3.690637573557707,-7.201391672806395,8.660509259899875,2.444469160984183,-6.536863802897071,5.667790013081119,2.275401855371156,-5.858416623405511e-05,4.450803569685604,-0.012068037043203802,9.370504398127381e-05,6.2960868728877335,5.877381345831981,-7.5286551200398835,8.538795153883502,4.862685142275394,-8.790207576694527,1.1258462650365924,-13.220650634833872,22.791802027092846,0.41261271883887524,-8.522392680890968,21.16861506661307,21.495751387394414,0.00022050372612833396,101.32679180200232,20.669796961930846,-0.0005535766589124182,100.70675017074858,-6.791181856286782,9.66126136773003,0.0035422473547669607,-4.04173970510583,5.505849126379543,0.003842181375497371,-9.24103798754564,1.9522947703037472,1.3511755879725273,-18.45507181973211,-1.9351131777704205,-10.31540210672089,-1.82996747144776,11.61421037339471,-1.7697257829173367
38,0.6333333333333333,9.270593992827497,-3.637635077205779,-7.0930852317026885,8.258139822965525,2.503472681813368,-6.506135008334995,5.67106491779592,2.212718936115789,4.200535880435241e-05,4.399117633882738,-0.21825871965481444,0.0004444847852341426,6.241253608608674,6.126845063350854,-7.720637200777361,8.369765494940452,5.597049206970569,-9.041037800899604,1.1959455109591373,-12.995654669181016,21.887379444293355,0.27311213109116506,-8.627781780928386,21.529610819769154,21.47532084297838,-0.00045169646410085114,101.11244881881812,21.209952970054744,0.0007942349994017294,100.10547860657924,-6.761909611184365,9.076441628543908,0.00022837319533430597,-3.686189264267448,6.381301851503076,0.006965373879432439,-8.84247185746162,1.8953405516257658,1.4513659014449538,-18.71948439971521,-2.0730469349447422,-10.359879802778318,-1.8478669457858734,11.26150735437032,-1.7069229588438168
39,0.65,9.603215372855859,-3.6335215071979987,-7.037487162895535,8.363402952890604,2.422808623199766,-6.58907085894986,5.884341195898339,2.250494448215197,-6.470364623904216e-05,4.314830726282146,-0.05689757902134497,0.0002503675034163514,6.357718563800848,6.177722102704077,-7.554951267759733,8.416779665796922,5.8864114287476355,-9.363581513511708,0.9973664838608065,-13.083425903242095,21.106807504787003,0.3156210502061032,-8.79713497716219,22.66723513470173,21.77329013696312,-4.6851153916189096e-05,101.41256127401287,21.500360790634126,-0.001244403945655601,98.24430069306291,-6.292871628018052,8.7176710774049,-0.00901839644951317,-3.6319287734361043,6.453978556648096,0.00033558800615027815,-8.988815097731054,1.9664084090401455,1.7085703847033247,-18.662880523518623,-1.8144548808852596,-10.54846719781582,-2.0401757964426075,11.43506371224238,-1.664194231236706
40,0.6666666666666666,10.114389679841244,-3.5535714522236495,-7.386547617882022,8.666147350652194,2.283288966612815,-6.841883769285807,6.244612295053284,2.245123757689118,0.0001329066251201102,4.246145511753034,0.11417481582271718,-0.00014168780424714765,6.412542563195798,5.910568738349061,-7.313239129411259,8.363936586286158,5.611682546505707,-9.100464674186888,0.969514220666446,-13.435395334549826,21.770652297565668,0.4174019745004038,-8.897048559554477,23.338040727397413,22.006890129526095,3.3348512997369166e-05,102.12460182558554,21.249196922268446,0.003445532488931538,97.3459989129857,-5.540031255319664,9.688227469614683,-0.0020387454912938986,-3.89270667332106,6.420627669621407,-0.004489935942499635,-9.333848517779606,2.0804257532657635,1.6518594151387298,-18.47877639899578,-1.5010597688313967,-10.58207306720801,-2.079487146621851,11.75254354204187,-1.5458827102954422
41,0.6833333333333333,10.338550127702963,-3.4177565674148718,-7.390451591586538,8.72765187190906,2.114265033458942,-6.927661664432287,6.615690231519152,2.225899649607818,2.8512136214424987e-05,4.203944472092884,0.16875956713581775,4.337225761975514e-05,6.617391338046282,6.068611768258106,-7.49724999639373,8.37338840897892,5.22475684384194,-8.857215633628584,1.1798396037533716,-13.599182228137375,22.565544143463732,0.1396241139109897,-8.946354281013088,22.393489839189545,22.123346487517047,0.000317016342103706,103.48085862395352,21.60669968534547,-0.009209737300870133,99.93971110538322,-3.804350429367068,10.970513545332484,-0.006255631954124962,-3.1787610795374226,7.724482747215373,0.006608997988296554,-9.359460517333005,2.133083491456902,1.4129308559618565,-18.60425852754353,-1.8246960711383928,-9.97405350916466,-2.0614099171257725,11.802588952322594,-1.350716340182504
42,0.7,10.565269949062825,-3.287868040010542,-7.122381171853751,8.805728350875405,1.916385379354643,-7.001731836122479,6.848437766861168,2.2226226899494836,6.123107204405824e-05,4.184358766556772,0.2386489241430831,7.023448596856368e-05,6.764942874811823,6.635265000681746,-7.557861147462229,8.531939012779178,4.79379047808376,-8.518552119568106,1.092726862414716,-13.61609857744022,22.681966591742558,-0.08311874106143624,-8.763401881670331,21.08658785738399,22.203237890366406,0.002188882493533665,103.63616616756548,22.124187688985103,-0.002457992241583075,102.281491713388,-3.9757900381351603,10.481137349996827,0.013049458222179037,-1.948321568166997,8.45511597576735,0.0007569952003577982,-9.405677386974462,2.3274959262841235,1.4173596496376197,-19.082728835756473,-2.16300521772424,-9.596743684539948,-2.114880117270268,11.881348964798768,-1.1576535876864666
43,0.7166666666666667,10.832884824572453,-3.055074573447318,-6.826536566315228,8.872623025183184,1.6650221830624314,-6.635476625235111,7.0694126232603685,2.2470220206835725,0.00012718980648097965,4.182537438629977,0.30164051929733354,4.244085036292939e-05,6.694905869343246,6.222211973877533,-7.567575817727998,8.863467533520398,4.7258231357216305,-8.769978296431988,1.0837322088761079,-13.517500234752262,22.21043724178969,0.227088626399198,-8.584000689951395,21.242739510259923,21.757986427424573,-0.005168696095869214,100.69488304954187,21.653358847225874,-0.003077449542656038,101.47705036060853,-6.615671605368814,8.267297720666587,0.013775509193001884,-1.786413285160277,7.538468656904092,-0.00029868652568859025,-9.428078467057402,2.6713736999478197,1.6675871407921552,-19.45673574139227,-1.4675245187018324,-10.51506186821961,-2.185164399328655,11.945124915381234,-0.8784697488378923
44,0.7333333333333333,10.906608027933204,-2.6941680031826825,-6.5831045545344145,8.744235132580139,1.2986365819425751,-6.309619287890291,7.282163391658598,2.3508013665168352,-0.00014070977781407667,4.212451448333095,0.393756629673372,3.1325185678691493e-05,6.512679678989025,5.322714223757384,-7.8229801667925045,9.161325108733529,4.290886122262524,-9.407745226552999,1.2588668579581355,-13.341041096593093,21.461497773997007,0.38895090146897876,-8.6449293253571,21.799764137317382,21.355626946036004,0.0013440696039292198,98.9829430442118,21.20433951628902,0.0015102607967729846,100.62533488343914,-7.554200045629402,7.472180979197866,-0.018512264772678016,-2.4227879178236713,6.543418378654263,-0.00047668673158250875,-9.244154919994259,3.0199096473058646,1.8293665880431045,-19.373090305607384,-0.8311226273967464,-11.082194905280222,-2.3194549346700857,11.810007455757155,-0.45323352287454954
45,0.75,10.942612765680021,-2.355869619598369,-6.415127179272192,8.697396886241984,1.001113684356198,-6.715227578728504,7.450953800241217,2.322498005626707,0.00010366055169102577,4.321574385454215,0.2741821257409829,0.0001268574349366548,6.379319976376902,5.590867770769504,-8.243236515540307,9.243419899047302,4.166377602212134,-9.118281658795933,1.12472696048754,-13.413971189788057,21.740511851178105,0.2560028542709409,-8.696432475101735,21.399752414074,21.84649119002413,-0.0052949589949997785,100.83424798722848,21.27442654255265,0.0004746775549163788,101.23040781827714,-5.965735190222185,9.033485014220616,0.012023406823449679,-2.658313062576001,6.939340297632553,-0.0005462859043042549,-9.20037802441356,3.2163859762798945,1.6006011336977424,-19.072501620295583,-1.5342300081985054,-10.191964680139964,-2.3813170947021374,11.737047418347082,-0.0890278028647762
46,0.7666666666666667,11.186570953827694,-2.0763392824242612,-6.067602587729983,8.829182818923051,0.7998632567986148,-7.051202611657277,7.721220280758954,2.2533088091453513,8.308722811773431e-05,4.393846753312091,0.01048693638092074,-1.6447801891546424e-05,6.419803089562368,5.878186072981917,-8.683548635580864,9.244245325051942,4.855473644062797,-8.694051965758709,0.9223709775184483,-13.769874105945657,22.53205820600224,0.3938683351162131,-8.591621875155775,21.38058651624715,22.42360236026317,0.0024185970881448,101.91304881771659,21.079202681411207,0.0008180212244040982,101.65937599690449,-4.774599449668313,10.404475165263465,0.0056749997927754885,-3.0048494686007956,7.689183089515967,-0.0005688038812818733,-9.322530326848801,3.435490517944825,1.3920750052181203,-18.95984988697755,-2.2905239808782847,-9.613402428942955,-2.4138678350572365,11.834449548578876,0.1880840417227349
47,0.7833333333333333,11.268996982128005,-1.8921685670229982,-6.047407882361831,8.777134684678959,0.4125381743850652,-7.1028001406556545,7.998713123635309,2.6076621066884194,-0.00025786241572697236,4.420816845630515,0.1399576235311422,-0.0001576833907834927,6.430484012419443,4.724942137840442,-8.613810351412795,9.006206570563641,4.5064297987204345,-8.507173877919763,0.8387867609242904,-13.929471038443218,22.461897573266015,0.6180552093489909,-8.373481146846222,21.996152780790837,22.410328962743684,0.000514055769152976,101.71181874271682,20.647130361790833,-0.0016300308568203805,101.15828576342965,-6.126029403568356,10.396539280672304,-0.0011516690541298294,-3.877004553948693,6.941376847304598,0.0038743663640046174,-9.24787068508268,3.8932229714171904,1.3743355345905772,-18.859433660246776,-2.0023881716144283,-9.874406709136247,-2.4153327952447046,11.765968254960722,0.5355306937996573
48,0.8,10.662545804030318,-1.981474181058882,-6.843072502809611,8.159784987769235,0.15964061363656862,-6.913248314259886,8.148161129250523,2.8704796308707667,-0.0001559642214933172,4.378922813507209,0.45923920802818946,-7.761704193055937e-05,6.58120078519584,4.675357257760244,-8.130376669428852,8.573290135735812,4.057095376216723,-8.280877485903078,0.8688247618945157,-13.744611930621215,21.981988729749332,0.6453591728221947,-8.196019573361335,22.052221112002087,22.075330038058095,-0.0007335495607130307,102.34051577981491,20.554800118543767,-0.001661750240678473,100.26602679575986,-8.084367919186617,9.392906765069378,-0.00463221564511766,-4.213835707482898,5.818068945741498,-0.0010144777173458554,-8.647537955546467,4.0644356512732704,1.1920206690136337,-18.7906075787173,-1.9349848205345161,-10.611328614659763,-2.088198791256338,11.211401338717861,0.6581390500951567
49,0.8166666666666667,10.188003203736862,-2.2268817260181657,-8.401490104908392,7.671166119604684,0.32808653476740246,-6.375915114178497,8.33016407696132,2.631071986387828,0.0008732220255636336,4.1801906944101965,0.4747276405216638,-0.000149534979507349,6.972024066165578,6.1494754067733615,-7.253084351072018,8.387052079047292,5.041591693312332,-8.651424896799083,1.0563764435914222,-13.689584021710921,21.657718322122378,0.6403549710416789,-8.308534624914682,22.3461341842367,21.812088123537283,-0.0023847816976327397,102.47427428699729,20.777349760464904,-0.001637501668696168,98.42742632238172,-8.313873261509096,8.428063984470969,-0.0021254990800838123,-3.866755093364867,5.4961122063289904,0.0007434989800086121,-8.149458640053254,3.8677210371413953,1.0281873925016727,-18.927367561491167,-2.6026331817771426,-11.884938274318399,-1.7476057037906172,10.848512307719817,0.4771878319652925
50,0.8333333333333334,10.748705021971949,-2.1733470755164013,-9.809751031451972,8.071501850163573,0.28776781843958676,-6.29194544839529,8.610595481404024,2.3991639370758353,5.835185862865745e-05,4.074254143339109,0.4798047982526463,3.122216110612662e-05,6.975715071184321,6.444959787014284,-6.0254500573553536,8.54074777062844,5.29123393129036,-8.954010335310038,1.083257674088362,-13.907229677306814,21.783847352593703,0.7273655618154687,-8.343542777230304,22.114661588211362,21.93295168241469,0.0008107875170530374,101.5533691812711,20.675999237650785,-0.0014261555527897163,97.24500587312941,-7.932974222040448,8.74172399823833,0.0023257135505358765,-3.7199300750299122,5.024876596213358,0.001125436331653443,-8.53197530367412,3.943418017575364,0.9928941016140574,-18.919076670852764,-2.6911546025297177,-12.166259054788885,-1.880530344774243,11.315312969520834,0.5539436654994986
51,0.85,11.108699405640849,-1.8433128682911146,-9.631772512458237,8.311685301739388,-0.06613151120742672,-6.8893849516357655,8.567023467957158,2.2032178443725,-0.0030842644774635797,4.081146861902042,0.7650337418484833,0.0001311939353569144,6.679282010543707,6.55150518364918,-6.06212318538813,8.443348888210231,4.45187915801828,-8.520283646478116,0.9702029917203495,-14.122440021808087,22.223253819859288,0.7470332524365232,-8.008413462165263,21.280414606933952,21.93528638239833,0.0029540078834766293,100.9229614081185,20.58945475116424,-0.0004530899273311721,98.69143886476915,-7.99157619314626,9.481024293683042,-0.000627650570326195,-3.922397665548234,4.887397782914222,-0.0015814059179515966,-8.894653542994268,4.256951359952897,1.0956236072355512,-18.79818417056443,-1.9988686115661811,-11.556852866311058,-2.204374670509636,11.609666908663423,0.8050307631257797
52,0.8666666666666667,10.307186354375585,-2.284452170357538,-7.920406800513942,7.8290543995825335,0.24989335801306314,-7.572151688440686,7.848676319319947,2.7595448697765916,0.004686126646377392,3.968838390828416,0.8025836901283685,-0.0002589711908008224,7.2228255928183165,6.2875920631928865,-8.07326671537243,7.969623523888393,4.585086572033361,-8.099744297393823,1.0006634735311342,-14.08301470803568,22.121667202463392,0.4820754959763577,-8.04576801522705,22.050206592462846,21.4855825493989,0.0017702697546501196,100.72905606945892,21.218498624466182,0.0059836049846858225,98.94535745489304,-7.979142451048677,9.521326949269273,0.0014488112989712988,-3.8113655007497056,5.066172603660188,-0.0033264366306601403,-8.607686562969976,3.9646630668854606,1.3125252769792561,-18.918083899172053,-1.7557849603769984,-11.625603693827564,-2.237713497720231,11.222477713953575,0.44392050972029007
53,0.8833333333333333,9.609672996101864,-3.657446055923417,-6.375404114700399,7.539669416624724,1.2545688550418554,-7.716918482359771,7.341758363205977,4.352253814475515,0.0017995014302504455,3.9318924971151055,0.380435422612162,2.77567080681162e-06,8.113448124056768,4.6646160178603395,-9.729618371002841,8.100532805786356,5.3077869054069735,-8.234240214040602,1.0628201166316034,-13.898379110570371,21.289445324901827,0.3561090506125984,-8.296830272443797,22.65412899194693,21.182246879605213,-0.0002842742555059542,100.49817856378952,21.667061188761704,-0.0011834928811276318,96.97340714858585,-7.22387336043646,9.133784877677632,0.0003791569994304726,-3.555473403653808,4.7962040500908705,-0.002638708620079338,-8.334767617320487,3.152204809818032,1.2035583786560635,-18.948961973541646,-2.3913741744439125,-11.643762117348748,-2.0355130719521566,10.962524073499678,-0.3604201542401627
54,0.9,9.705070318431465,-4.3529053020639905,-6.105531826514518,7.648897286060814,1.7124412502620634,-7.660536655518688,7.527283180693809,5.089694364118869,-0.0014763121040474133,4.0587362464432,0.2296843778358211,4.4052379462766836e-05,7.675581082984742,4.636354997661878,-9.487650889045257,8.63141449501065,5.430173844666233,-8.226804807462253,0.986558716195807,-13.968784942721392,20.76312977631905,0.6193057178380317,-8.129890191939696,22.494191646061793,21.24039497781673,0.0011861463457125078,100.75814114885176,21.540095824259655,0.0010621199953698974,96.34921000739492,-6.274443020098627,8.87565497077349,0.0019491998042868968,-4.195562763157622,5.4478486363089,-0.0070207639298441185,-8.37617000025388,2.8570503666662157,0.9976729204009539,-18.709686339906145,-2.60089392840125,-11.290183864097196,-1.9222893171765827,11.074633410324768,-0.7146120988434174
55,0.9166666666666666,9.829669447628815,-4.093781426235385,-6.030215616156583,7.758996040173594,1.5083394080206174,-8.150049265405361,7.321456016905653,4.756579716371375,0.00012223738497305577,4.0128209341538055,0.48154239418113987,7.492608384794064e-05,6.68822818624957,5.393865445800397,-9.04234799407459,8.546177540179594,4.919824528667986,-7.606437970924002,0.8948857100799708,-14.236189542216865,21.314276294080408,0.6564692721051373,-7.857108708445589,21.732845623383763,21.406205792583393,0.0017620495674005002,101.63194665765054,21.800442777894375,-0.003988701104202946,98.82000691351152,-6.222989894182578,9.169131128626034,0.0016167457078049986,-4.357940297496857,6.419241357443199,0.0042390349540020415,-8.529558778245388,2.9720038262430575,1.2097507754525176,-18.576801131202796,-2.184406597129253,-11.226289126216608,-2.0847734591876503,11.284737959834535,-0.6323983128580666
56,0.9333333333333333,9.699095219582404,-3.953335444918268,-5.418964380118079,7.673294200717115,1.485820058852966,-8.254618161874927,6.9176407848717405,4.735935224731689,0.0007422458689230368,3.8770171434631893,0.49879766219134053,-0.00010852198373040187,6.7427068008435285,3.8904408643248276,-9.49534866699536,8.527193215891758,4.718762799553982,-7.691808314464497,1.0038951564141472,-14.492148369058915,22.078348574928807,0.47248568475714836,-7.255912539436361,18.083291176382236,21.31922215436709,-0.0028025453007675923,101.65966203313262,22.23325416432698,0.001856839921056302,102.90474162633035,-6.695869457817215,9.303685062476804,0.0017131997651771565,-2.6897564074137894,6.023481273541741,0.010489996288519581,-8.491494106502916,3.0269263860711697,1.475752555950053,-18.62660655036218,-2.347024056123503,-11.371008172472077,-2.2849155270857247,11.323109774114771,-0.6281858066289547
57,0.95,9.544468550519884,-4.060694940621705,-5.697640401388904,7.516113465794856,1.6654235665087123,-7.550087243529788,7.09682772852392,4.871729067678051,-0.00031148169200725766,3.9574763421314887,0.3303330842122572,9.918257931434049e-05,7.063303415910825,2.4271508042944356,-9.534499386586218,8.916513852552493,4.973777338669566,-8.390288633059365,1.1182315563250058,-14.486033735129672,21.37624337005583,0.5068395730837029,-6.78838199178198,16.177392001287302,20.937001266386545,-0.0005378467703561434,101.59945371174281,22.144923113105712,0.0023386579136594854,103.27997955434776,-6.466441086224408,9.206380355749658,0.0064742709465690955,-2.742828461202954,7.0473305242946145,-0.043134700039251204,-8.329171659999307,3.105856166425805,1.307263679759469,-18.583972991809155,-2.581151274252069,-11.536745074445754,-2.082317910106233,11.162268543307558,-0.6942391568379009
58,0.9666666666666667,9.369557380377012,-4.086289787023061,-6.877741968898134,7.4468189030235,1.75894284888579,-7.229480421300049,7.269856983003092,4.616386472181652,0.0003200351683292066,4.067070289278792,0.3129099186459391,-4.738243063415385e-06,7.068903350235528,3.8249242003022332,-8.807335577647487,9.056366162592328,4.293973862283193,-8.328013899948013,0.9285198456444337,-14.020496272740854,18.79636463716424,0.6316698625375073,-7.250846449316266,19.16850962938462,20.8146606703137,0.0009382317600036631,103.21475251360313,21.5368081326452,-0.0019986153392167133,99.45401893705612,-5.095055171233632,9.30632227175895,0.0052399981621216955,-5.114710920779199,8.78972018828904,-0.03889452973555319,-8.291400805869037,3.0691776131945336,0.9800085401479275,-18.541032393486084,-2.4538199513260164,-11.625496336277246,-1.778889407235458,11.058643571895896,-0.698952278211147
59,0.9833333333333333,9.340170666308477,-4.088331493437669,-7.07624892063399,7.540838404501785,1.8798137683881024,-7.223062970937553,7.121930294184907,4.205426129749581,0.00015754505735548918,4.141583849370336,0.25192115765691264,7.578214346380011e-05,7.251735451636109,6.009616736037874,-8.574390651294726,9.235435924112034,3.6024707270508576,-8.268766045915035,0.775357831873101,-13.816060322517174,17.26434926736552,0.8848595339051376,-7.794824765821299,21.975402090095102,20.77004340327621,-0.0014266842082535404,104.14637557335098,20.674719826995,0.005669919326658043,96.86160073036405,-4.015798517924244,8.55860956482146,5.2120280220812784e-05,-6.062282215095586,7.080736765989588,0.003958199425510424,-8.368960815004874,2.9654701146765348,0.9856527296585963,-18.67863237376731,-2.662506514711045,-11.694189151290567,-1.8144446935956493,11.144939015085212,-0.7502672558343307
60,1.0,9.378181692488432,-4.2767915919317305,-6.325280714815842,7.62013163623854,1.991365665669224,-6.74902595050965,6.9714798428005516,4.304291850560581,-0.00047176252068755506,4.186821733233338,0.2245993341240664,0.00018875797460483334,7.488325589471325,6.31428689947892,-9.028091904796357,9.447971717168475,3.7537676003609857,-8.875532104840204,0.9776803528210544,-14.229447591495497,19.083932943719386,0.940838913217095,-7.749217356249181,22.258742443627856,20.308064690434087,-0.0011918967325861092,103.55079490885203,20.26207297541064,-0.004541561245123224,98.77618846226426,-4.773048756043836,7.893516094395277,-0.004454791642547014,-6.710705564306373,5.97039547794645,-0.005777940785090827,-8.47586202456704,2.9766909671481017,0.9899927505253604,-18.70035001279062,-2.873187033645682,-11.502363890707255,-1.8517923605157673,11.224980504730619,-0.8541516978100322
61,1.0166666666666666,9.091397857944274,-4.468800222974633,-5.859876720556488,7.28836203277571,1.9068588266951434,-6.142254183779705,6.924688758324647,4.818340809175458,0.0020389353204168206,3.985002393560464,0.3823760754682726,-1.1759457493789228e-05,7.720792246375149,5.5558743638392025,-9.482836122642166,9.33868972619603,3.7552092118852527,-9.35242182811441,1.1448874930693798,-14.556975599780333,21.34741559756255,0.3647141856003725,-6.753215984769247,17.37950978938981,20.054523491472594,0.0034990008284132785,102.78184031152273,20.481497202286143,-0.004626447324873345,104.49152194014586,-6.311399808274301,8.5015560195354,-0.005622663536215361,-6.734772614738954,7.329178274592752,-0.017396402544736084,-8.331933069180721,3.0982305408297974,0.7145837294980047,-18.62290355091444,-2.843884464493234,-10.716984133787042,-1.7828387133877694,11.024285428216498,-0.8309754358024262
62,1.0333333333333334,8.803430238151705,-4.255503473917195,-5.931698590141891,7.225116055441889,1.9137741584481556,-5.975152242110088,6.411619872026232,4.448097772762524,-0.0017736717595450515,3.954943104763013,0.3773592521964645,-0.0001826819712250628,7.713296384170424,5.7054907219660205,-9.610623133997823,9.383025112280793,4.017162133106599,-9.51972757046813,1.0590778987227074,-14.59681035263268,20.95632930007741,-0.013326658860462323,-5.2062967861801335,9.32600394018089,20.185245272360014,0.0004369647992723517,101.818652152227,20.432307912039846,0.008574908502707068,107.9142557623746,-6.785177522701667,8.971513237324013,0.0030525367586931875,-4.400821486745867,6.558442407086073,-0.023423991206279995,-8.200207817532984,3.1938512263352337,0.8324382766341684,-18.8596095229564,-3.1624954413979762,-9.939600153847767,-1.8235866569329526,11.04031769105874,-0.8528684075519
63,1.05,8.64322024913436,-3.852441355707572,-6.198186143422794,7.669335749789133,2.18210625189928,-6.184416310815977,5.242261397223793,3.1972046253590887,-0.0029551637106586593,4.171056990639277,0.2629227317551883,-1.0849662418911084e-05,6.953211556495814,6.953213377457271,-9.27132303877236,9.33783848817739,4.457010944163775,-9.505133541519928,0.9268004913150891,-14.628203561089055,20.17897184395195,0.10390477615733049,-5.019924458893023,7.844775701386395,20.299734525464732,-0.0011765285705747565,101.37504165682779,19.738140388647082,-0.006144921785031242,106.52157298661152,-6.353635074920255,8.823961041525754,0.002382229401585878,-3.2651474793897814,4.94325028471557,0.013498366902189633,-8.45261887875105,3.0078301422608402,1.1756490857430155,-19.057395784629573,-3.2560293424715163,-9.753192630724104,-1.8211324748539996,11.430329414100884,-1.1309830316324263
64,1.0666666666666667,8.333986638101582,-3.6778602166292194,-5.986055153700386,7.670304635493366,2.292280535490761,-6.278202272794243,4.5979101785197845,2.6745810227960494,0.0021744662593609254,4.039968582645584,0.224447138865206,-3.715870012580165e-05,6.665833453681984,7.41913063918375,-9.391399084999257,9.080845307190101,4.766741079263046,-9.258530225369611,0.7973796974218813,-14.802431810187276,21.421496684552157,-0.20676457392988198,-5.962845813781914,11.76521428035721,20.57638965771151,0.0020076631351268305,101.26925414209856,19.979039856488715,-0.006664685054534827,105.13893904324503,-5.640497972103812,8.13144533874353,-0.0021688247918319513,-3.581193464447809,5.146971602053028,0.0017484596963902017,-8.65540814903286,2.7829321251969836,0.8174933252846354,-18.949660991467404,-2.5481765258907556,-9.572856987041744,-1.61494160804371,11.513436261084413,-1.3086695863714182
65,1.0833333333333333,8.068960427990664,-3.6603796112406766,-5.379372256150285,7.375870042912294,2.192603977779495,-6.173539031436995,4.716389436912276,2.9479910921021233,-0.0007751252122149421,3.932020076656881,0.20242972615783283,-4.717952322821624e-07,7.2531325208527155,6.89469976468492,-10.321094134975116,9.337940844520325,4.986656319696905,-9.16575809804669,0.8210285188201469,-14.93767042834905,21.98571774190035,-1.0776704168228954,-6.495752813101056,13.976829405771575,20.68387677833244,0.0028714078728857427,101.49757990705564,21.887677327779812,0.006122820842344495,104.29246754685377,-4.455370179945204,8.354105976846418,-0.002297254514044044,-3.4796536463774603,6.3127327304605165,-0.002522094024129361,-8.501577687902161,2.892884533166778,0.38042535415485496,-19.041480749340664,-2.2681529395550704,-9.141967260280637,-1.4540123433244494,11.313650460006398,-1.2472289564647576
66,1.1,7.776700189885825,-3.764607327922254,-5.182446809996821,7.224276535336593,2.28245128865523,-6.396170841446865,4.507349985209347,3.0453378654044747,-0.00015239612482373965,4.0681755301915175,0.24192286915409847,-9.414371296407131e-05,7.132559795065468,7.131410953481127,-10.607329705722607,9.307685529803576,4.192707055752539,-8.999973944841196,0.9888645545661814,-15.18993318127201,22.16376698602367,-1.5460654420841033,-6.756042016468339,14.785452365093771,20.678594196728284,0.009724194666843796,100.6120419036391,23.26765850040894,-0.0017666937355754501,101.89462404001819,-3.6126207653838156,11.249700508147207,-0.002208743004978656,-3.9144038228367384,7.596455889408633,-0.0011410334706907356,-8.176650934995804,3.020871244090854,0.6061482296766878,-19.220665832444574,-2.938301380053926,-9.183421529658123,-1.5504252796890066,11.15329983612313,-1.285904053998211
67,1.1166666666666667,7.520004700169603,-3.8999201728687454,-5.631672494545891,7.250205544697138,2.4835806182041655,-6.970308548178543,4.076977022605308,2.9996912601074577,0.0005366846648120488,4.150801132785073,0.20050878993889482,-0.00010643329909776061,6.438590316702221,7.134663805094651,-9.830679765490157,8.595679385807761,2.988636844926634,-8.189394456210689,1.0979917407598188,-15.472384848365841,23.89350065835858,-1.5000178735647234,-7.3277935790828055,15.806291927000485,20.845378982200153,0.014466349328436958,99.05511901463947,23.20983275892526,-0.001395659278548984,99.41371897497147,-3.750035403309251,11.837438005519559,0.024021294864913077,-4.066319527225296,8.105103001569036,0.0015396822525152935,-8.118390878436035,2.768362726000948,0.566192547833455,-19.23187462220256,-3.1621888873895974,-9.548527489573564,-1.5476871150919458,11.17017850519186,-1.4152559151858157
68,1.1333333333333333,7.570220381667463,-3.791592447496528,-6.080212678591423,7.537164114970095,2.439921553043722,-7.219282375160019,4.129305113229199,3.002655476654724,-5.335425080067271e-05,4.554530277855662,0.06249856836203101,0.00018400165880833963,6.478754788057605,6.356314653052444,-9.428132503279047,8.725023098760538,3.0833519378798195,-7.721565276085527,0.9871754967613263,-14.943972771664757,23.251048468116647,-1.781048198318353,-7.876642533282711,15.933761235825267,20.616085311743866,0.01129843827495645,102.67329554444248,23.152905412369545,0.0011179275759769809,99.61461573958249,-2.864631856386758,6.90718410627826,-0.015796057265439666,-3.100457851592115,7.6279434627776705,-0.0018584716875880525,-8.365245367546938,2.3819386180592614,0.006404950663072208,-19.20660649186114,-2.264772651515483,-9.800978855381757,-1.3252890669528952,11.309346458258293,-1.4186886399644973
69,1.15,7.647365848265175,-3.5992548883976165,-5.631762971430609,7.813129583722071,2.276416917950484,-6.827886894190794,4.232521078013845,2.9270483691369855,-0.00014912867719396713,5.1059602519811085,0.06153514684960364,-6.533983274372381e-05,7.296429904040032,6.7691303016662925,-10.144510154372679,9.796202905149846,3.974843836560367,-8.550276107877998,0.7094929916993369,-14.18834909894831,20.620018705183437,-2.3434780333511953,-7.936866805960726,14.901608282080934,20.50090199911461,-0.011038113890047002,108.26218707870407,23.63075118448054,-0.004648576374185424,101.73376563259556,-0.7268612632850692,3.5920212503115816,0.003593980031575346,-2.2693048036457166,7.461836936039255,0.0012460501636579538,-8.52018518841191,2.3291787595607967,-0.113458929561123,-19.121641409642084,-1.3471759406670796,-10.18215212125309,-1.3729218906170078,11.395680057575872,-1.3349015733632001
70,1.1666666666666667,7.349198600151913,-3.5195337696269915,-5.349393394660842,7.788070903413774,2.195828412609232,-6.612955011119103,4.022891447930255,2.7834267362301692,-5.996463448843698e-05,5.425933590193998,0.13559549539099994,-0.00019877382949914628,7.6077288981242885,7.78721538892594,-10.321229013542716,10.183012601592496,3.886888721535187,-9.156477997419346,0.5493054454871593,-14.035425972369424,20.390361629525117,-2.6712615882683624,-7.947153188727427,14.428505252889613,20.809527250545273,0.005308362381506376,108.62921977690218,24.111310735730328,0.006102705480939064,101.38876323565862,-0.24986345041897648,4.686060113323488,-0.0014657308707322165,-2.3135291932973674,7.649107688612913,0.0021278142267700654,-8.400837970042852,2.400653380436911,0.14446593038894917,-19.312115560875075,-1.0387056645338542,-9.779537769303207,-1.6737580670992058,11.301534491349562,-1.2384331626031313
71,1.1833333333333333,6.936373412053751,-3.568791225450944,-6.023578657816776,7.658355192710317,2.265454190206127,-6.803414529414529,4.193087108941904,2.7574872179821837,0.00013873585109056734,6.075313479289024,0.02088260016354425,0.00035122581270117186,7.24277889712245,7.955704746971459,-9.519249531487153,10.076056737073197,3.176355577519669,-8.988515394695375,0.46963487861805076,-14.074830037486073,21.888212289807978,-3.1608146835019615,-8.406834080298255,14.943114487084504,20.993250135092126,-0.004620026111385436,106.98766567149904,24.614855626797848,-0.0014699358098401942,99.47100299665588,-1.9027685161283856,5.384037323403092,0.006369627938622309,-2.590314417448138,6.971997234375769,0.0010235872287580954,-8.024674343941488,2.274387877080883,0.22364393392081136,-19.734221559261293,-0.8896020700546169,-8.147982748608586,-1.823899199459185,10.94073131720197,-1.2400392119662833
72,1.2,7.300194027052055,-3.6562297615642403,-6.002697148124737,8.205832235220628,2.4371602847029177,-6.545522290529724,4.768907899384166,2.894483989500995,-0.0001932704542803251,7.032273013256604,-0.2927363952994486,0.0002729239113733247,7.634966590999993,7.450761499182829,-9.690572528159374,10.755214383620434,3.5100373882656952,-9.524075479123557,0.5757842107407953,-14.324402026654932,24.18029534438739,-3.742943695507505,-8.935843041957334,15.866158202899111,21.125086001464688,-0.001404955438045623,106.71455373401609,25.029072363514135,-0.009687734544532237,99.21491315247502,-4.118633462040737,5.639780294325834,-0.010160466143400809,-2.716482811492706,6.717214899833361,-0.00550066942585089,-8.117251968701064,2.253605055198532,0.1728185844472018,-19.943414106778203,-0.7460039425833216,-7.047960701867978,-1.8820897118252045,11.057629659105507,-1.314119093583384
73,1.2166666666666666,8.088866788594661,-3.5158810395804716,-5.933425197371779,9.24434417279491,2.527478141030143,-6.2388524573682185,4.960469240659862,2.7257877261265784,-0.0003445807936917092,7.6500067620350976,-0.5766821937735503,-0.0002195343388741335,7.907414872913579,6.7882542832409785,-9.742665432293789,11.056242492959097,4.163823123486929,-10.068731583710578,0.4915739682448926,-13.931260703134708,25.322684329087018,-3.349157931752195,-8.553584381305544,15.100565993237357,21.046821567178096,0.019999498385687167,109.36759729759511,23.99248754931179,0.011704787920484796,99.87182192177919,-5.5869153636097,6.469058684710048,-0.012606724980003882,-3.089113474138454,7.41968276661062,-0.0042077349037943634,-9.100305506947073,1.9313999595590015,0.10034935428570535,-19.923402218571766,-0.333246633982881,-7.010312582738264,-1.9305319571981565,11.773265328723038,-1.311618215717436
74,1.2333333333333334,8.042201379649237,-3.589435138843029,-6.5746623810474425,9.391347139673687,2.934780436280226,-6.1308616417070025,5.103049155246579,2.1654918473836577,0.0007761001697323913,8.039497028034566,-0.7535916730771546,-0.0001559723384581073,7.357373834129936,6.980667723526983,-8.824636507898147,10.334975566794569,3.624622216713846,-10.179136598500714,-0.9378065815521516,-12.344724863579142,22.37701362661856,-2.2856817930387074,-7.604707445086335,12.83769513331349,21.695445408911745,-0.024415009826426262,114.3735017782531,22.00809905247579,0.012991816598490328,100.38886825902368,-5.9711962196510076,6.823156673154252,-0.009818810317901125,-3.3480705702791567,7.263933474644287,0.0020917639606658437,-9.638769234691171,0.7528426075845491,0.37172867656195663,-19.67513176496875,0.40426115622556796,-6.97961161765116,-1.9190585095591455,11.724583175666742,-1.6031819541220245
75,1.25,7.515385323035497,-4.248875152904665,-5.774218872693005,8.927053798806874,3.759723305483531,-5.360257438158571,5.584616845048011,2.160262727745234,-0.0001510483953839472,8.645904689305876,-1.015565009972472,0.0003379794797488152,7.61706232912404,7.296701833728137,-9.435229807457207,10.243814224590668,3.409804009897599,-11.1675001167869,-2.199403158452241,-12.301650126553223,21.13061349485177,-1.9427112229559673,-7.485237360031793,13.43340090243473,23.570234771062808,0.018217332207572077,111.42749958936113,21.286166973165514,-0.0022793004789125972,99.66535074063185,-6.269655868591463,8.220665765597099,-0.001307205189375479,-3.7107016155107617,7.1515664608555385,-0.002132920913153293,-9.235423369312329,-0.27611357830793715,0.9408291488579811,-19.158256576459728,0.7890422151483466,-6.633927726911397,-1.902045095286033,11.042111034673251,-2.2159213723298907
76,1.2666666666666666,7.739453737916111,-4.735906453693727,-4.136176793571137,9.238517941387615,4.1523030117440385,-4.525101815628523,5.980049798511946,2.680422946158303,0.0002722800536395082,9.231300104729526,-1.2550624364067593,0.0006139433067712352,8.46893533842958,6.475518692482825,-11.03244113096829,10.745511701183435,4.359517432041619,-11.982125011272448,-1.4024040526064436,-14.5838442048169,26.090267918781443,-2.364350763029929,-7.899036445486767,15.150118308125416,24.589217245780713,-0.03392232931540513,100.75865915612953,21.701252037901334,-0.0007928435788635695,98.20838364637287,-7.003641751076347,10.298212533816892,0.015855082732120437,-4.587908735963994,7.841977399159461,-0.0014480602872096373,-9.319056868167351,-0.48969054087844055,1.0331527306633352,-18.713284310264804,0.9653329280948056,-6.062875608006245,-1.8224783670047493,11.181156204466532,-2.4941326454676522
77,1.2833333333333334,8.397440159577002,-4.654730619337446,-3.543361417074237,9.758837045674479,4.1598849577467245,-5.286338938312607,6.517178669918549,2.5437237284727896,-0.0012148725065451067,9.409949629940318,-1.3829664554853793,0.0006933162091236296,8.854418707015718,5.876628305070068,-11.54320155238825,10.881320088248481,4.637116386534057,-11.002034945724054,-0.5336593960190483,-15.482921249644335,29.59571330451366,-2.9366078420155217,-8.202486029385037,15.348637335105236,24.353498455745466,0.002778522397562046,97.2584907898592,21.99262214333258,0.0036820649442339073,97.96398576881896,-7.187597429146652,10.468995601448405,0.0018386640502428696,-4.994398511891686,7.837302308438427,0.0025319468035578776,-9.911175627944573,-0.697866513027711,0.834216142084866,-18.716177783535183,1.4910755678548693,-5.6136296166174,-1.7530779421098774,11.686259483850495,-2.5489549524158432
78,1.3,8.445631145746603,-4.153924916456785,-3.7414962351001746,9.356699041382514,4.0984211206186965,-7.026163975524205,7.344176676125403,1.5819223798300792,0.002881486274056976,9.432235217584799,-1.5436576059305391,-0.0031710069616533495,8.9123349027919,6.146597739415001,-11.443269368583705,10.95169968061876,4.707296859146628,-9.500476190499981,-1.216428910001537,-14.607322435634993,27.386793982507,-3.367177662252184,-8.606899835509846,16.489684134856567,24.451650356865247,0.0048838950707139174,100.51682528828741,21.723675633703028,-0.0018881026568777811,97.22297761314326,-6.024242415797706,9.19330740315963,-0.006984699875981084,-4.9980688584932675,6.7333009264241666,-0.00022658396647130116,-9.924687713792068,-1.0465128639321193,0.8831645529282779,-18.605664935747967,1.961586908871048,-5.5999949511589096,-1.762456203382165,11.428216405708625,-2.586410184096841
79,1.3166666666666667,8.475025065237583,-3.3267990996654015,-3.9558473410093216,8.48264994987538,3.326114431176971,-7.221738363315595,8.454206583927103,0.6611647022270544,-0.0020462326244917645,9.264887888904104,-0.7789960210110515,0.003651782099597155,8.84287659066811,6.331385438656587,-11.46544004392206,11.072036060005596,4.693685854553281,-9.261883986794555,-1.686142922973419,-14.358603130670476,25.270715733107007,-3.613763006433269,-8.787736687155574,17.42175790184247,24.94862659152136,-0.001002400699769624,100.15647652810476,21.5774510109262,-0.0017713907969854194,95.59225345249129,-5.369270912793641,8.461443687993341,0.00856799230351152,-4.800384056413597,5.955102118873735,-0.0016073452231354232,-9.556069060314195,-0.8044528131570438,0.7904703313197006,-18.16035021932814,1.9765401573145978,-5.661326815199723,-1.7383698554166285,10.961540640540127,-2.2190956623881863
80,1.3333333333333333,8.836252085040682,-2.746816568606271,-3.0220397361748517,7.371952958229703,2.0976924757726283,-5.290042332954667,10.094365071808255,0.0480393265485324,-0.008004395853509951,8.49953129427723,1.6607458550866228,0.008344453438825445,9.19434402483686,6.327691747588544,-12.362479187246525,10.559947399112673,2.209086610935919,-10.365297809922367,-1.7478750592641281,-14.227709960898244,25.44533264724787,-4.078216569687266,-9.0889145494882,16.54100820852023,25.066481191652542,0.003645009531140838,97.90627560206279,21.94885201289773,0.004152331353588907,97.29226224866186,-5.2625245526043,8.618624977934196,-0.00019958100231339934,-3.8036576291225326,6.9791592537637035,0.004782250480044536,-9.386280860440213,-1.0660849518125228,0.5251109817064386,-17.59184295205052,2.457427300630625,-4.884370826486126,-1.8206226259256149,10.606637899217766,-2.0815424755838423
81,1.35,9.331669791741392,-2.644169999260255,-1.9143715402613828,6.47505076218075,1.73810777986257,-3.2553986852911443,12.186303877296949,-0.9319855702670472,0.02095643072962285,7.873197123586333,3.716750625197852,-0.02449785923181583,10.099644738902755,6.80067039624854,-13.504190234560344,9.559112944847962,-0.16858694085705156,-12.021338773646601,-2.373152728635343,-13.323580611909302,24.662974506265947,-4.451329867680539,-9.782273577277222,16.317529222052325,25.254157653853532,0.0014127936364669441,98.52612133929924,21.48750832604948,-0.006104473545536046,99.32859352177158,-4.244561108142121,8.591626638154281,-0.005216763053522354,-3.251437676178764,7.211243003735524,0.006202798888288953,-9.492925887419492,-2.566927479026182,0.5913320708492604,-16.868387849074775,3.3935637253302504,-3.384473853858397,-1.9342496735607457,10.26638613801631,-2.799833001972362
82,1.3666666666666667,11.806516741718468,-3.454383686895048,-2.6345233926732567,7.889064173199221,3.011049377497787,-3.850829151224154,15.700633286184306,-1.0833641024108231,-0.015856866683196053,9.378631914328475,2.3334587478560787,0.02514329478968532,10.949577420537475,7.1423383621733585,-12.924590223147277,10.465558134986995,1.4916237140299222,-11.76960315580028,-2.2331205134276204,-13.953959726103538,22.944149108808194,-3.464580237272904,-9.027417732201918,17.296987920246135,25.833152607359768,-0.002483407341738346,99.4173804821671,20.50342545977572,-0.012235445429807774,97.3910074463428,-4.749765630135199,8.183053944715589,0.005583837356194456,-3.778559697343273,5.336600716037832,0.008470868602221867,-9.022846360336237,-2.0717279249503715,0.5928387083416204,-17.741213246503914,1.9070327711428894,-4.403027280376683,-1.5971805900560503,10.580095793961073,-3.040597881579634
83,1.3833333333333333,15.94372652475877,-5.043538341720855,-3.5097000753696554,10.890988608518247,4.8209606049276434,-6.315395369240873,20.695849592447132,0.35336217176784257,-0.024523004674847696,12.349585956157961,-1.127368831552885,0.022670300883925836,11.490822111316811,6.35948267423688,-11.813583905411674,12.940515135412074,4.387137370611587,-9.60706310719685,-0.8859763510127402,-16.165927916798385,22.366438203859836,-1.723618526637773,-6.939053253233051,17.80928665849448,26.263213752974632,-0.0028744376205237627,98.04141208664755,20.45149087988324,0.011136381044852574,96.20494552148482,-6.519252865283088,8.554818642652696,2.3351675496656163e-05,-4.105785721016714,5.296937237416271,-0.002903843956148055,-7.8245541033012405,0.7672216023746724,0.2034288073703894,-20.16343654540473,-1.6567693731791842,-8.10417460683641,-0.9764446879077274,11.209330239149926,-2.275486354300025
84,1.4,18.95077121434347,-5.3124328803507925,-2.6984957018730302,12.019696210710991,5.281711388814235,-6.49668275682697,24.950578672414974,1.018045904354267,0.026467302767038774,13.355342922400888,-2.4578559797169874,-0.016690473426849064,11.552998335983514,5.754259824795518,-12.423851984110286,13.948020880966213,5.222871406049009,-9.497413211822904,-0.3587509172157538,-17.059746570307468,22.32511110629355,-0.8998985636870428,-6.339472301270891,18.638040884376696,26.59552912563891,0.0023520868716476106,94.88973383780392,20.308616375691603,-0.011364899773180084,94.90921136176007,-6.241764247243571,8.782565209239065,-0.0036472437897043975,-4.086476090201975,6.439832078065535,-0.0009538774901507663,-7.380059273956452,2.036997696404797,-0.1385097000651058,-21.233367549828998,-3.2023225835536953,-9.607235701962955,-0.7672722927335051,11.526239181268688,-1.6000215311906232
85,1.4166666666666667,20.97076906814895,-4.116010737646236,-1.3355101714077806,11.683119112059192,4.3979822760468075,-4.848155336640732,28.264527394230512,0.7396040790710614,-0.011116662394633686,12.84417994106668,-1.8676477050858897,0.002699507615456409,10.93521693122866,5.988997115037355,-13.71192484342265,14.285452797963227,4.766305296987338,-11.126539546359632,-0.4153190874169028,-16.892426830078126,22.353354636515185,-0.8425996458805702,-6.924005991828166,19.73524130891675,26.485437238038454,0.004348111560796796,93.44402602556181,19.820091500816112,-0.010239513818420897,92.37326200170567,-5.811106043407512,7.3039085357411535,0.014758163889734253,-3.813486331784566,5.793096589621989,-0.001388351000740601,-7.547995241883721,2.1929156012228757,-0.24832885186983464,-21.2293290736917,-2.9931506717776943,-8.64136684221681,-1.0098561827977393,11.743096935215435,-0.9439502900457849
86,1.4333333333333333,23.160276004663913,-2.944033217347149,-0.7321535657807979,11.746203709924462,3.29706588115977,-4.93446041783906,31.99814627603906,0.44198038915325955,-0.0037071877545786034,13.331063909846597,-1.4449987339024373,0.0010338861270426732,9.95772426087781,6.250467621210732,-14.241802110867795,15.382136725890017,4.189235734275585,-10.896284860170239,-0.2826857985944097,-16.94457755121744,22.517698200131154,-0.8753884800007115,-7.03160737390606,19.47488882441738,26.3148729618476,0.010592711544329043,94.46639698648173,19.98439055863915,0.0016711807263475294,92.97486619175714,-6.866542753948737,6.794285818429625,0.006782173219481573,-3.1662706562323923,5.315759369223404,0.0013868329200205861,-7.227566663706631,2.977012667996605,-0.23514047992331016,-21.627428205857203,-2.975018779615516,-7.856544089069216,-1.3754152270728044,11.733839045623998,-0.05857933875081004
87,1.45,25.371775190501154,-1.9245009672017195,-1.0115105467654608,11.921553747136285,2.4285029480587674,-6.768527348541572,35.61527122769385,-0.6077511644016761,0.01164609459273709,13.958077618269625,-1.2951567045187535,-0.0015067195652179043,8.85219079732605,6.743772994747844,-14.121990977310944,15.566121044224401,4.462947907249446,-9.174425193864085,-0.5981611705455119,-16.69614875603814,22.089584222354016,-0.6525292356335843,-7.118668460404465,19.33316969697693,26.579574835390765,0.001487334655141189,91.94734290143401,19.846454621103486,-0.005785407032985942,92.74639078794696,-7.751642749855051,6.9371322132778666,0.017730690452950035,-3.0402489725071544,5.290473842544063,0.005282421086520826,-6.861911442250912,3.379676293089841,-0.1296481816787237,-22.07308087138019,-2.7209037370952696,-6.982353779766611,-1.8634469213211493,11.685068308997007,0.5536135884512748
88,1.4666666666666666,27.38964037809267,-1.4689742059932922,-1.9211067598424407,11.762247418430077,2.2045284827152205,-8.15614995771759,38.21926875415978,-1.8494769963989175,-0.005900235973471025,13.45495662254636,-1.340865498227877,0.0002851039989539592,7.6589253609692145,7.195466180755549,-13.300298729679124,14.541365159610923,4.94835929498778,-7.911728144144772,-0.7646170764360646,-16.301545049060856,21.36918266947171,-0.13684063880673727,-7.351057250281812,20.021350383866395,26.124695075576525,-0.001148941839589635,88.50355906914261,19.27514081601824,-0.0028843188926579873,90.94624940611031,-8.625951084271746,5.237583980203305,0.020466599992165106,-3.0885612849996917,4.102940344169904,0.002308279881861695,-6.67243917429977,3.3066891170668513,0.004148414427674319,-22.68412828873263,-2.560750031441546,-6.214960552915123,-2.1523468954236638,11.904911718488755,0.6911275734397851
89,1.4833333333333334,28.964567577979224,-1.9818718053044204,-2.7386745857378103,11.10199735144259,2.64813201069256,-8.081884244672045,40.35559876713669,-2.2827658935008888,-0.000751531500347944,12.537960408457538,-1.2173233090842435,0.0005194862248930994,7.00259437422668,7.343763468894402,-12.453701015493174,13.860558370654326,4.260507579236101,-7.569540709689418,-0.7798161086256017,-16.255785868682196,20.82677265509631,0.16533978328789886,-7.5233492869621,20.125915050149192,25.755428821963687,0.002317073859452908,89.54824113173345,19.451722395599504,-0.00114042492536623,91.70213374203466,-8.801171996655109,5.300818282038159,-0.0019453939715910749,-2.2665976549978795,3.291206400020446,0.00026289529101786196,-6.236188045937009,3.0228158955282622,-0.26838552497599377,-23.349294550272546,-2.8786592718894006,-5.885864940697342,-1.8777736380444636,11.886268143853995,0.35355236346333846
90,1.5,30.209086476505178,-2.2274993018099303,-2.7576512063514484,10.324604302169684,2.7056387553907704,-7.966212817184615,42.27219358015745,-2.1006439045631553,-8.67531613277383e-05,12.158783469234818,-0.9041204598999385,-0.0008315445315256067,7.091080300625146,7.734341684522647,-12.673127907249565,13.733510213210485,3.9154336591543784,-7.501118444166012,-1.3085463698789706,-16.11354402565898,19.99288008203315,0.1581921991431406,-7.740126597105444,19.89555069714175,26.00736145569994,-0.005072408492229559,91.54825395046988,19.876940775378035,0.0012331795799722124,91.52212202848362,-7.396929855146229,7.532570557103998,-0.001935337736393212,-2.0255002099904686,3.412381319512548,-7.609198963128069e-06,-5.779799619491196,2.708177775317023,-0.7681964945121997,-23.464292744008738,-3.0969248999809333,-5.383689870051321,-1.6868574715467368,11.596258683908367,0.19307973333602554
91,1.5166666666666666,31.34496239793459,-1.9240123685834332,-2.7001419251843948,9.753668900709004,2.1518752933027407,-8.695627187162389,43.19546354263013,-1.6307774917365458,-0.0013581362048155085,11.98334512653839,-0.752432517365235,0.0011655158932617257,6.843074264986964,7.554887094767107,-12.970346918017228,13.444834755100878,4.3582925103993455,-6.926144515385042,-1.814893230518415,-15.597084137148004,18.673143740055703,0.13209577963868055,-7.8628898941811745,19.850438674912326,25.490447276985744,0.021400597999151245,94.04539175393634,20.03571043604195,-0.0006564160328479912,90.06409444015381,-6.330639520454498,9.459497454985463,-0.003747970920341024,-2.7078217557165027,3.173086295083487,-9.742580496409349e-05,-5.535890169078238,2.762391229483669,-0.812086161099534,-23.405706381403714,-3.3538247766556033,-5.035153388775788,-1.93427198711221,11.444472145041944,0.5547176987752908
92,1.5333333333333334,32.111933447914495,-2.0984803389301776,-2.751743362056916,8.993702738131882,1.9563623872528975,-8.938167252676534,42.89667159074256,-0.6611007676628209,0.0021946053457315424,11.256714490517085,-0.7165207116078635,0.00023955567881964749,5.989595725729239,6.865441766608325,-12.88075890305533,12.815603222778453,4.38550704013434,-6.541951791506331,-1.9601579715832804,-15.434625912525629,18.542592848688976,0.23875802563378312,-8.014455404535862,20.26794881397574,24.439627645498547,-0.008697410511826214,94.32258468590891,20.468696733545965,-0.0014120009704742876,90.58615639268933,-6.549760737521978,10.623328522706064,0.0028757728731695483,-2.4874837270822687,2.913258196475271,-0.00021537755607403967,-5.448872350733338,2.899341758662237,-0.9321798636971663,-23.471273253546844,-3.7706203302521737,-4.731597891395569,-1.9725905835369006,11.347392366742914,0.7845222855796532
93,1.55,32.301262894031076,-2.2432100195335636,-2.7936981047859493,7.850858193798975,1.9582746657754353,-8.276398443431642,41.969414829268054,0.2798699543721472,-0.00033541480352206586,10.233432477356066,-0.6946808488867895,-0.0006700906018950786,5.449574447461387,7.083440571753615,-13.28230165230047,12.489228435884845,4.159417900747939,-7.173422723001435,-1.7799661576240453,-15.963631847834296,20.192015525244994,0.5060303431786667,-8.246468191749445,20.831540468281396,23.128491183330496,-0.010521801476471039,90.53019501129863,21.16346130036324,0.0018107249738089524,91.1806407202386,-6.455663318054436,9.299884970421195,-0.010824753189058268,-1.760607008120456,3.0769852476164345,0.0002774294466523621,-5.116084509652214,3.1616255084221945,-1.5928376904093873,-23.35527694851531,-3.6277362840981437,-3.9748113169173886,-1.6996874308929217,10.994291142719426,0.9666250353863918
94,1.5666666666666667,32.60191730576035,-2.252920768438671,-3.7572901479858167,6.888227179841178,1.83067884874511,-7.834015853758937,41.129623257693076,0.3859711653604335,-0.0020699589935454475,9.83357064185378,-0.5104439557626637,0.0004181527175736958,5.437786405213329,6.974692851169359,-13.038288946265174,13.227846041805785,3.648263521660766,-7.630707671041854,-1.6741990983656856,-16.138185466350095,20.230383693369028,1.0860663685818808,-8.418074079340187,20.669694240607143,22.331231989312315,0.005378995420125515,90.83369747145491,21.569071679594852,0.00013699663311034617,89.44652808787741,-5.247813751386618,8.547611059958719,0.011723876614386397,-1.1322873170676286,3.309538226850763,-7.354610609084977e-05,-4.205758334197004,3.2400318963193,-2.0334426570941564,-23.161525276423873,-3.2028390114295995,-3.265919483022564,-1.5939213143634494,10.414189970603767,1.07022962727291
95,1.5833333333333333,33.43741098732302,-2.7953138790562777,-4.744916749980155,6.583231991540437,2.1346605140895396,-8.38708915978661,40.08265377386387,0.4229860890269186,0.0036793110401843986,10.218014504769613,-0.633196527989802,0.00034318457324449843,5.753925132117953,5.932288074226374,-12.34424076397951,14.662988474034774,4.665579129246892,-7.090536367512215,-2.2942320978958013,-15.534667810153046,18.11006939441539,1.8748858456542208,-8.51809867133319,20.20008109144032,22.460411987651348,-0.021192968419556063,94.14921171208036,21.681007493156464,0.0003553652945971688,87.17997848800589,-4.485724628568065,9.777033290121853,0.019249894946344784,-0.665410884362289,3.2649945189072573,0.0013640120021108154,-3.50881269061695,2.584523925746534,-2.013155753074451,-23.328327253988707,-3.253023351218853,-2.8953659741291453,-1.7268495030425324,10.055565535080381,0.6481936786705433
96,1.6,34.04872142501359,-3.024937633033287,-5.124344997555917,6.219355925091416,2.410715966757488,-9.482331420267721,38.01736240629576,0.7555593615803036,0.0005163979738619214,10.304075747324525,-0.9764985611234032,-0.0003949157366036803,5.622922387218598,5.565713662304832,-12.734644198170942,15.556113809219381,6.5237018169997345,-6.439515243666491,-3.1763453669743074,-15.08165238711145,17.357559988609786,2.187135505650011,-8.600616662898005,20.074736647048585,21.753357299252798,-0.004489761143364568,94.23780175982753,22.32504619420153,-0.002941292457092464,87.03780516971158,-5.128598550025333,8.351310627574726,0.012243391619517287,-1.3585137242460754,2.963497269452399,0.0013158192077095496,-3.6053834802007394,2.129879675561773,-1.9797298599445512,-23.802974165795426,-3.416393726483411,-2.442878987468829,-1.8969124066647496,10.03221571848718,0.43475995443014986
97,1.6166666666666667,34.47424139415404,-2.714099824857045,-5.5270565821187745,5.528713748693519,2.2602407644737537,-9.584319764051099,35.407480793511226,0.7322456871942978,-0.0014994711917734051,9.73447948746964,-0.7222999612855163,0.0009909640619862915,4.920802797762145,6.115885471824704,-13.516813253733472,15.812816233685393,5.777699216787747,-6.491342240958637,-3.8198063933080673,-15.17621665258188,17.71889929995294,2.3492507643911833,-8.795321665222525,20.769557299813037,20.732957454449075,0.011090865287784944,93.34078634997365,23.288959952646806,0.001437882758863079,87.08598440165473,-6.828738451904415,6.489564106185105,-0.018095362288476895,-2.45945052633171,2.7768714538453563,0.0005909162616787917,-3.966891972541139,2.3691935715335726,-1.9729627736192554,-23.927426281039946,-3.3692404738518897,-2.0036035167386825,-2.0248129690904695,10.218225233747964,0.7206196077645468
98,1.6333333333333333,35.00407351251866,-2.4433717606466203,-5.305472878466331,5.02759296700347,2.1668011523464465,-8.567867056999473,32.7781138095754,0.45216722806035403,0.0006145251074956412,9.233029178693027,-0.31668673039045797,-0.0009009072198369625,4.77513789542303,6.78499854983104,-14.463092379165198,15.95434679000146,4.348684573202589,-7.044368120161588,-4.425704957764361,-15.38091743995619,17.315162091231443,3.160116835864423,-8.844905088659543,21.258647134978823,20.60598916518144,-8.202759183964548e-06,93.24804211728878,23.511640285247942,0.002433839792680576,85.82166677057818,-8.009125830202219,7.118910894776714,-0.0003825864018242031,-2.222443146653731,2.089703041908979,-0.0005112067369327729,-3.981028291762933,2.556927416938015,-1.9284594445484147,-23.929561157665873,-3.1055345802887384,-2.094485658522293,-2.1796281947597187,10.437446745846207,0.8512527396849635
99,1.65,34.803197484266924,-2.349602290009042,-5.274010978769703,4.239727752882105,2.1821785153759006,-8.507238959883711,29.708960053943485,0.33770379819989627,-0.0008498480693101718,8.782055584213095,-0.16541141379880156,0.00035842810106367294,4.433005010031357,5.8834042577663785,-14.798510244869716,16.074596677772433,3.4980993076295728,-6.635402551063997,-4.871147827980187,-15.423869644565666,16.873852009624425,3.6733351819612468,-8.667948880483396,20.162573018934957,20.0309182719783,0.0010769366076359957,94.10910553838427,24.131054728253222,-0.004139698899708717,85.90989928082006,-7.380255036604423,6.965700717538842,0.003415877822527748,-1.302428969501608,1.1870621224884794,0.002385619086662483,-3.50588181445561,2.4738379523486977,-2.0630576016910145,-24.551994154187593,-2.8307259497383024,-2.3390345457284676,-2.215927557483515,10.2140604150232,0.7572795698649295
100,1.6666666666666667,33.80678971037186,-2.692406349947445,-5.870870473866154,2.8893493328768955,2.294498853529351,-9.394903179541824,26.179021319400064,0.605601310431562,0.001105371325736341,8.127101244722605,-0.10781410612392771,9.534555952022495e-05,3.569211200758149,4.463024460048012,-13.593761123351188,16.495315636497804,2.8053183383190636,-5.701685349438935,-5.209373577355641,-15.289485914468276,16.033130915273315,3.411100042583336,-8.745404052228764,19.920867305557856,18.673602781854093,-0.0033098831464430357,95.18294119986201,25.877868325067595,-0.000451155161377614,87.16867178559112,-6.638624976044778,6.745900102208458,-0.022736544484004518,-2.3344346589884504,1.2452950700171581,0.001065059253528529,-3.067061895645781,2.406544422561537,-2.371619401822376,-24.720510726089675,-2.6955797895342504,-2.317063889747683,-1.8429848134682056,9.61007035649841,0.6109387342721029
101,1.6833333333333333,33.42949155056041,-3.295161323640814,-5.005680036524746,2.0008627008019517,2.8075319482537267,-9.585659129754653,22.804346424127814,1.072628184048694,0.00030508301559785113,7.81352165868919,-0.24812549957240868,-0.0003235666959976415,3.4895688500399635,4.912981777881419,-12.798538595357122,17.216095692243233,2.9515627227250234,-5.818928113008912,-5.9648278327225,-15.203415279186787,14.9004047896573,3.7278832811383,-8.953476244116205,20.898489664344286,18.1684602978978,0.0071428522269259545,96.07844822524126,26.83759474107639,0.0014421973000122298,87.31610458347107,-5.080682064923659,9.42788266922384,0.02835105151954203,-4.256464973400012,1.3090294613688551,0.0026614737885597797,-3.037719246737248,2.092189585914495,-2.4191314285975407,-24.341577397710648,-2.232959577058528,-2.404468776548265,-1.5957077122975667,9.399721363824863,0.24173088272033302
102,1.7,33.82013831273979,-3.679251319667618,-3.665136870963499,1.7660822825614657,3.4321950311049396,-9.487205617031012,19.664040578851314,1.1991265954521182,0.003709571086370628,7.895095637469172,-0.3320919234341073,0.0009610674869285256,3.3855772834911706,5.469521537705687,-12.68943958302286,17.679213938342627,2.5085845753882015,-5.892157335091665,-6.8330526705732915,-15.413548693163005,15.406548246123837,4.469092992043068,-9.007174123232367,20.17554146814351,18.5712251444726,0.005148707603723971,97.52885220193303,27.34949459278626,-0.00896204493270544,87.09836553570572,-2.0834498813348987,12.418848041189026,0.010260796819654642,-3.5604244608637545,1.0874589214759844,-0.0006722076856249324,-3.15875120770975,1.5328434713883567,-2.3354343476218222,-24.89051702038796,-1.7792160847958478,-2.3122200478950066,-1.816321287132849,9.679777436885958,-0.25283625351766303
103,1.7166666666666666,33.13437889895437,-3.6396296050410504,-4.957616680131018,0.99943523838001,3.0557527025436118,-9.42173137611257,15.859426114011026,0.8448112510306868,-0.009252273040298202,7.3689055290580505,-0.41063399686144186,-0.0014257668056707478,2.0972353792228255,5.9394860403816985,-11.364758980102675,17.39469675812446,2.5863203057013493,-4.909945318750294,-7.152758891875974,-15.77072981577199,15.528176785643982,4.600007660039577,-9.154264036205838,19.5063446582133,18.056586973385723,-0.020577375390058106,98.31744096313409,28.986123291909475,-0.0019509085844128858,87.25960840604576,-0.19930976416480983,13.428096676745264,-0.01797822571428022,-2.7571346846055196,1.388701900443776,0.0005009292753329,-3.3365797285325014,2.0106724997354055,-3.117138439590986,-25.376471901805143,-1.8816899485519207,-1.8835953606389733,-1.1792665841844692,9.882519981133369,-0.002499956950453746
104,1.7333333333333334,31.980470870052276,-3.262708232512436,-5.963503685861143,-0.10821872283080242,2.189737158148344,-9.269788139654601,11.857836022607454,0.9485483367519909,0.003005411626348447,6.382508900384316,-0.8068482125539811,-0.0015966947411425105,0.40262335028220164,6.41468533645374,-10.745778386601874,16.82978646610936,3.965117556774226,-4.1237308708231595,-7.308891826976424,-16.376113952512856,14.156439621271604,5.314026021713802,-8.933872663914006,21.191104327904775,16.92627960482399,-0.0046568300523196155,100.82792710572328,30.578684698657593,-3.75587268131912e-05,86.86897012645896,1.0540430774816199,14.035235357036555,0.0023734355258050155,-4.554279240276458,1.8948197196950924,-0.0006798555009402803,-3.3119340489544666,3.6801288550695923,-3.2886527461712762,-25.449976136620826,-2.551314788438093,-2.3321419303360034,-0.2518183772393143,10.079150638058612,0.8855118664999809
105,1.75,32.1311038017099,-2.7411966079498002,-4.9526944054356585,-0.43618827405212246,1.662421414013443,-9.37598535838967,9.066710159050391,1.568206144747384,0.010260805171978292,6.209737959789366,-0.7612394877686111,0.0005373188739925223,-1.1015451431917387,5.369489033993832,-11.31618706508195,17.04622755515103,3.9994393818396614,-4.1487327988482665,-7.84394469779766,-16.617555785370016,15.600564623599954,6.440576976537978,-8.60829029935226,22.324791622816683,16.055528113570816,-0.02406386159317559,102.53248475730318,31.56339681526349,0.003124186467001731,85.3907970144514,0.5873907879900707,13.457999828562818,0.021317108825272078,-5.719157437014726,2.3695448108732013,0.001329149767313556,-3.3958698135467382,4.829408315522149,-2.3380922800119603,-26.07902792380415,-3.0706735819141464,-3.1473194562492774,-0.44294488089439643,10.539407343268376,1.485757472911757
106,1.7666666666666666,31.93943407115115,-2.0821357032580483,-7.782287179311542,-0.5386467964376007,-0.009896899236477418,-8.639006296332736,6.536396044682726,1.0267681786440146,-0.015115377048220406,6.567837925837619,0.16780631913627514,0.0005053920757147341,-2.5870327191063414,5.739975583448319,-9.036511734364915,17.581628289426067,3.552928377388126,-3.9229620991829344,-8.630637083967583,-15.494161014461657,19.08500345798605,5.639606262479263,-9.775685482038774,20.506021221306284,14.98999572616267,-0.023048867864676553,98.67440273278417,32.48616353305643,0.007230909571148147,84.2062268426203,-0.5174520588164437,12.50123832366072,0.030507857695683805,-5.255339357510446,1.91782091122449,7.565471430631893e-05,-4.876749332230454,4.686212467787736,-4.931233370208328,-25.36970726064589,-1.898510040640385,-2.3980693579869885,0.6769456199823467,11.000540977055877,2.1068481841118687
107,1.7833333333333334,30.994015885266535,-2.330279489089533,-10.922996164056512,-1.4055832665775507,-0.8670985812904737,-8.006886763888609,4.24785100018681,0.4928843539873386,-0.0060491118412915835,6.454128637979764,0.38661792940260153,-0.0008587072603632334,-3.528949020223935,7.602609209756318,-6.543354817977193,17.79208302324984,4.0996133387265505,-3.4184920220311694,-9.393099923752564,-15.063560761670594,18.0415295940119,4.697401034396928,-10.76064731027542,18.905336346082642,15.036850537017326,-0.0128760937813366,99.33607498036928,33.30656029639391,-0.0002593303163346417,85.28562005938447,2.229938965237017,14.493490541569278,0.04827388588031264,-4.819991379945431,0.43849799405522566,0.0013107873076956978,-5.783437752438001,4.075108244766171,-8.002525644648816,-23.72950195975355,-0.9685482722722611,-1.4782021039411721,2.2981318580115424,10.941795671355049,2.167020620638788
108,1.8,31.098999782870614,-3.791458304867764,-8.17108066250897,-2.5416522550860194,1.208005442550623,-8.707626525476977,3.438329870527391,1.7339738479276001,-0.0009530895494350472,6.230079753172005,-0.4814737387976944,-0.0011365484968540716,-3.539285381397648,6.924928365172584,-8.04207140638612,18.161930557231443,4.102727978334364,-3.7556224946142427,-9.772038602309724,-16.312163774073507,13.625310530764864,6.068245317585013,-9.535574582841987,19.607559359085805,16.080406613023534,-0.006710953199063353,104.98349438265191,34.17271930353129,-0.003496993530279154,87.909224886838,4.0782789639532115,16.601300438950563,-0.022928092889995533,-3.70941371802261,-0.0690147237497111,0.004479269074845204,-4.523432381025898,4.202326196943767,-5.664868083538682,-24.318812309591436,-2.340504515723878,-2.2408298816363,1.2926666052910099,10.501540213274744,1.0714663277917618
109,1.8166666666666667,31.556141102612102,-4.579896825376627,-5.625315480608343,-3.138697361145915,2.4883006686633595,-8.014005711906092,2.9863137758704936,2.851341392063908,0.001143742786790459,6.490679611410867,-0.6931663158848744,-0.0007063046350256239,-3.399060026559153,5.414234210251222,-10.428121696903052,18.817860334618597,3.0923363798508072,-5.132129254617173,-9.501735401682044,-16.92278820218716,11.65329111235962,7.566748362323571,-7.923521891446917,19.660463296367574,15.869410541792396,-0.0017381604119898635,104.89315120951363,34.69171235133921,0.0014813835602295246,90.06475473203805,2.1852480248085797,16.175797106120207,0.0022110435995589726,-2.326413777366158,0.888019434755286,-0.00046132897510486247,-3.3678972632764927,4.872331206513843,-3.151816303718102,-25.76259474293359,-3.681712873165591,-3.180435347661347,0.2418425998269342,10.381978829001133,0.4510521283035685
110,1.8333333333333333,31.73820334393711,-4.666499161058367,-5.19515937376248,-3.5299490423136386,2.147300551320737,-6.696220701059257,3.0200494549767907,3.1682059979863397,-0.002698997316982768,6.955377568197144,-0.388263344360465,0.0011020137982281563,-3.336480801732343,5.90444562885587,-12.008795177821595,19.559467518881775,2.0703595503420433,-6.112603493852188,-9.191948949265353,-16.80948931286316,11.596859042092316,8.119176811657349,-7.3303938891368,18.95440343284337,15.105963405497109,0.005423973179905891,103.16739755692933,34.94623013290476,0.004686539657350877,90.77941795699589,1.0660215223187288,14.93739880515914,-0.007418591299547791,-2.110950305088442,2.5383476347460054,-0.003221915726248895,-3.315337299156944,5.343853306362634,-3.2888714826014307,-25.974292536143302,-3.6204401826489128,-3.3733454573682478,0.4506253432441927,10.511433773859983,0.5497059890208444
111,1.85,32.05696568464955,-4.478986919861844,-6.429220521098161,-3.8143602039549234,0.9543139286199961,-6.15500693137188,4.132774579486402,2.976935054594028,-0.0008542502262137295,7.307768507058495,0.22588183311940035,-0.0002454176818767061,-3.7462343303653665,7.3682933222922395,-12.01002012254527,19.871436879906327,1.6205202742314029,-5.649290716189726,-10.153598299102967,-16.255610533194243,13.102575292366042,7.515798724426779,-8.526848298716445,18.68589991629253,14.746094218479875,-0.0028119967242189498,102.71568738573784,35.18027607139144,0.0018711393501702012,90.74339840071072,-0.3337540641616401,13.098938192009106,0.00913278455122582,-2.534179297713832,3.4650627013817874,0.007579592153761871,-4.77643407420837,4.992770980660202,-5.479553246881447,-25.143930734451008,-2.1320385397959036,-2.6404896226636523,1.330080383566505,10.925735993409665,0.8604460535845943
112,1.8666666666666667,31.614958563281334,-3.007234124346745,-10.954997029426098,-4.126655768918089,-2.232661211992304,-4.864549005526167,4.823618386743702,1.6521119324607982,5.498218774321791e-05,7.418170721676467,1.6092152500783528,-0.0004192645443997019,-4.8559626026141895,7.980243854537291,-9.867004638428641,19.312238561510934,1.8672270287168595,-4.982296740351752,-11.90326039711842,-15.043039932207511,15.705214325088422,5.6065394516240525,-11.184608535376237,18.321697061832786,14.53405905668604,-0.0033793328762063766,101.48101525320935,35.09831290663267,0.0014295877718119054,89.18382384843588,-1.7543125900612204,12.574812607121034,0.004053775353978736,-2.7266967199561485,2.451019138429606,0.0008152901824802143,-7.421641193022649,4.683054618538834,-9.841622212423314,-23.606192926361018,-0.11583649543674901,-1.6791536526253277,3.226605177387724,11.48001999717311,2.1436292494293028
113,1.8833333333333333,31.18686848139058,-1.2312701037652618,-13.015281030925587,-4.570279809505933,-4.699529769271965,-4.114728619260045,5.173150613091788,0.660957424529653,-0.0012496076675036823,7.4962331300553755,2.1982379739115463,-0.0006008223902979006,-5.968219462467177,7.2111241320729285,-9.069465444393876,18.943189432630735,2.131529323921515,-5.073887054729262,-12.649596403820185,-14.626080574969901,15.926013450864827,4.612115700857619,-12.22465088464339,18.2265892826742,14.836801265491786,0.0025406338323668127,101.96513763423044,35.61283350189583,0.01117754642827307,86.71888799827843,-0.5024095106533278,14.212100469168178,-0.000314504359938237,-2.3202620977917774,1.923777124659875,-0.0012139048512830293,-8.631213599499251,5.571890464186157,-11.769313038052724,-22.89673369556497,0.3723842146347981,-1.593710707517576,4.098718476061719,11.85146941949647,3.5622098546322984
114,1.9,32.09440497631343,-0.700417284296567,-12.358811197025517,-4.0012430840188005,-4.9199749201198495,-3.6977499021137192,6.181963566995474,0.69745250679323,-1.2437031407167822e-05,8.321596812295367,1.4710968403457827,0.0011987421360372427,-7.138883924861915,7.593108643211001,-9.680870424507425,19.394926483786605,1.6207072453857965,-5.571071814608777,-12.424599417843678,-14.970803792533482,15.423246573538997,4.913479424638281,-12.000913549781536,18.797169427847,14.600494170362031,-0.009198572875500438,101.3352876595045,36.51050089206285,-0.001560813622550922,86.48159093939628,-0.2315818857750488,13.315817084264443,0.01984512567313842,-1.6975207370131995,2.695121096021295,0.00044183260129036566,-9.294800733340882,6.669385188476047,-11.178676826805717,-23.432348552969398,0.01009704159974815,-1.2219894886094713,3.8483450903004908,12.69836584426082,4.031753206782855
115,1.9166666666666667,33.02768135759456,-0.40993580967719945,-13.500941511107541,-3.073779663574137,-5.136761130162396,-3.0588364989928998,7.474409638580294,0.7567533896691825,0.0015599264436923126,9.622392134352408,0.3346957255422254,-0.001051581634748218,-8.283854373600137,8.108957538124665,-8.888823153582571,19.436572284679666,2.354565729229337,-5.899997634173231,-12.586783667150616,-14.930039871244906,14.25255084537241,4.986792643102186,-12.094826007952326,18.9648774487821,14.167324264073873,-0.01893218609628963,100.00999887067931,36.29048966329261,-0.012185209702965246,85.71634415646356,-2.055737750233574,11.195906665748552,0.014002788392560266,-1.7188776482845445,2.6263605243800585,0.00022098963286003873,-10.550750507703924,7.418406959245118,-11.785514036644017,-23.7300401387482,0.5353412251889629,-0.8520541614767132,4.0217335439666595,13.589988079976088,4.448964563485946
116,1.9333333333333333,32.80077979606971,-0.0771991844685975,-13.270036121102876,-3.029229281163578,-5.404628972085675,-3.118260409147607,8.259982001688623,1.4735818766898579,-0.0014506147488667616,10.649855442366647,-1.079077165668018,-0.0008818727689667766,-8.497161595943709,5.714225602630614,-8.843807692660178,18.428019390017344,4.862771501193314,-6.088973501352787,-13.121550602337466,-14.845213925413052,10.606626463735765,4.912187631987208,-10.672810008490327,16.855961060372167,15.316542704500424,-0.03493705540567283,104.13006617998066,35.45038075540929,0.010382977670432232,85.83072794003081,-2.4512933114283753,12.110226487610342,-0.007689853611402586,-2.095117091727255,2.929559154914382,-0.00040643718443240197,-11.017368706068272,8.376054124055635,-12.54587162942166,-23.981536766464664,1.1601948948684435,-0.9812255784357301,4.14747453415252,13.8331159615154,4.987284248962439
117,1.95,32.851104792776255,-0.4614067609040669,-10.744214224427994,-2.458047409502418,-4.782822122676687,-2.684551015179708,8.791618965383643,2.700997140199037,0.002659237466775169,12.014968198869074,-2.286746907043694,0.0013147088032976686,-7.933841564630319,4.276793558408552,-10.640430828520003,17.25390842173351,5.795463401822342,-6.934063543646952,-12.888028554228132,-15.017051658085759,8.952513723790398,4.881447715218739,-9.265074546527684,14.90073685989314,15.981338013237313,0.02308125900439253,107.88255147025647,35.10819668541301,0.009983806437421253,89.42975018991014,-2.5369794191881807,11.608080886613415,0.010197270164890289,-1.7689598055075009,3.344936516039409,-0.010280620558550545,-11.295750609310392,8.689333855743456,-12.339977079222615,-25.249273613014864,-0.7697658369917192,0.12970947882999687,3.935340582177849,14.384769775096556,4.794791805980189
118,1.9666666666666666,32.987833703444124,-0.6061287018655281,-9.87570585479659,-1.7385802302537734,-4.483333506549959,-1.317621380523036,9.64835831569654,3.2373751260774206,0.002602613917129111,13.951194247483382,-2.916205115868018,-0.0017903242808721242,-7.675121649751875,5.552017660600555,-11.5180033960539,16.46067070832216,5.171626697510171,-8.59915016420043,-11.860954356825692,-15.488898273077956,10.289309999025106,4.33233781731146,-10.189387019555662,15.714306783210638,14.937972502223447,0.005066876405245518,106.13672618662419,34.98628368714782,0.0006891027859873943,89.80844110242298,-4.209761791725908,9.20538853915438,0.0032299812550530254,-1.4173451928897098,2.4915394521590417,-0.015326323684569914,-11.883689789775426,9.0206305237227,-12.61410089475093,-26.118044093133438,-3.369001732940214,0.9228907529476895,3.811212625857634,14.802007204464456,4.77229369776915
119,1.9833333333333334,31.785567437952352,0.29718322232822775,-10.629352738515266,-2.1609800335759557,-5.294664848398886,-0.10661840516238083,10.362323671078903,3.2801574715117705,-0.009638306950547237,15.940679118688655,-3.113919855826997,0.0022088266916745944,-7.812279462098949,6.285531977256802,-10.922525562867643,15.314008263108015,5.034070993116944,-10.20639064922037,-11.313697525401711,-16.154670459026907,9.473572272296632,3.7388526667611837,-10.367927713497432,16.129734649861827,14.727514883760161,-0.032045309238657976,107.90691189266413,34.41379871774907,0.005674124726653466,87.54082385832598,-5.162389144855964,9.948177408368384,-0.008175891325210587,-1.723688609370833,3.108265921593919,-0.0022919729319640096,-11.775132890476115,10.735288398085947,-13.302545576677431,-25.011187706202055,-2.5317901834509455,1.7177423806025287,3.5842593860483314,14.174632540390125,5.741383308689937
120,2.0,30.61871150105635,2.513108146445201,-10.820619466303027,-2.952792555139131,-6.4777328261325575,-2.4557328105289256,11.306183758730166,2.0177719612789433,0.008868166178868646,17.91221971259148,-2.517000454778892,0.0033514781390919794,-6.291202809331152,5.964775642788052,-9.483700938323954,13.198755106262686,5.166173095052102,-9.249444640082661,-11.58621060989322,-15.455582612790936,6.8997266692413,3.5029762888325164,-10.385941878573279,15.910234804125134,15.716439536958013,-0.018389782942250906,112.56896674015108,33.37433016255286,-0.009048523864328084,87.26597719469912,-2.9561802111688373,11.70818395447946,-0.0033645049941230403,-1.6682030618246706,4.42653724869037,0.007678988786638825,-10.962311522883851,10.854950265207899,-11.506849962575194,-23.29788036840698,0.4395940109246795,5.117945243525646,1.735689329562868,13.344496233100692,6.208465625449099
121,2.0166666666666666,30.438117646042613,5.158659329585907,-9.991263965068532,-3.189502535718295,-7.330698175096699,-7.240296154196212,12.712969168318494,-0.309571890077708,0.015066332315289477,19.95817812304177,-1.4307306074511348,-0.016478358596448556,-3.2111610649032913,5.371492085063355,-8.254434573426014,10.626863879861649,5.545050356485454,-6.436742946246681,-11.452899345168879,-13.318533475858434,7.860605529550373,3.053438998201204,-12.66660111606042,16.783022926205437,15.954282794733885,0.0003481192869215996,110.24120769364592,32.291674201726906,0.005342796307591225,89.08494624584199,0.3619444659241209,12.358148073236038,-0.0009283167462829841,-1.6491422743630155,3.549579151145363,-0.0018829654060082263,-10.49302147569619,7.90713260893433,-7.994170336095585,-22.279714167359092,3.1576159600296716,6.584667358808411,-1.209335981839631,13.086521401935318,5.52141625228649
122,2.033333333333333,30.615496378129855,4.867656101939979,-7.899923018858815,-1.5980580492932421,-6.0923501214818785,-7.495401544913667,13.900705089613828,-0.14590905163688797,-0.012567681901923686,23.041230801331867,-1.8116367135598679,0.011623752370810645,-0.7723716983765011,5.018551945505259,-9.222836505148257,8.16980077149115,6.191149495306837,-7.02655866685123,-10.389962831339599,-13.396482595611827,10.380948865716455,2.9260153404089984,-12.639334828315446,17.274417092930985,15.263760399361647,0.0015060616541245088,106.54974939111905,31.103028529333418,0.01102293538144525,91.14483831477138,0.5056538846599556,13.21307593130187,0.005085875055434348,-2.425226896279673,2.4931553808720004,-0.00012642009686769813,-10.723309113933636,6.87216063425873,-5.989636204442385,-23.058942586349822,2.4351595127775436,1.6385109086025655,-2.536444626623438,13.460669230701242,4.554013172840702
123,2.05,30.892995291329978,2.109044889775052,-5.180293906787761,1.1254120289850151,-2.7427161268592952,-5.0722621026765,15.144591802793226,1.910836494875473,-0.006357606922357497,27.496643824886217,-3.6015924364059586,0.01905671771150338,0.929835246787224,5.004169203157488,-10.916750110519011,5.510271289448137,6.084529397139895,-9.750251673009492,-9.349065057291416,-15.91372072304559,10.631467235956766,3.785269846236399,-9.530250751516398,17.631892254158853,14.883884953188167,0.0023750213062322385,108.24358058892238,29.293511566220637,-0.03004862060973681,90.11549744802063,-1.7806839326801869,13.12606975153118,0.001889957751044495,-2.6169465651104047,1.7021117812400888,-0.0031867883975068563,-10.698695324357741,8.512369187650126,-4.671691866734575,-24.82585964704028,-1.4184274578967122,-4.355530596325744,-2.7071528614948197,13.818149593900207,3.362623508252929
124,2.066666666666667,30.15427778770724,1.2335918013130691,-4.24121688236933,2.9084688089305653,-1.237064146324019,-4.383374653125197,15.853381866700563,2.0424448624198264,0.00420441592935371,31.829623069591786,-4.087010436614457,-0.027328581371229094,1.5912038857623754,4.890240146049642,-10.952677875856544,2.439380936369478,4.8514115127311115,-10.190129860949655,-8.410773296069054,-16.368915871801065,11.879510236290736,4.240119243138807,-8.909809023242744,18.138471392977888,14.490979813897772,-0.02483348280655916,108.1157915581794,27.57263588037019,0.006902362620065882,90.52886400297858,-3.6260973947445776,11.635625014713302,0.0017998782972426948,-0.9562020195043679,0.010678312560127017,-0.014289377369104506,-10.079552390183352,8.367279815473692,-3.6341162267334086,-24.264661710272414,-1.8153395830530183,-4.821209270669854,-2.972409814727464,13.486634150567763,2.3422098893596948
125,2.0833333333333335,28.566235128452426,2.1915981109824396,-4.390215910323498,4.432006616944712,-2.0795042045129444,-3.9932399900662916,15.535022000699987,1.4120832509019174,-0.0011784664229974179,35.81993683838794,-3.5478888173043917,0.014173992481963361,1.801726562003439,4.902223086069104,-10.998860961673657,-0.16051115389918946,3.95828629960867,-9.788462583163442,-7.398442175867306,-15.128369429739235,14.858659120749945,3.422350361684437,-9.868030423713641,17.172837344498568,13.4424844434883,-0.016409077224730704,105.23988219411076,26.795208984593646,-0.0015784164733364068,94.03239763425664,-5.104541794907076,10.189614822617978,0.0049190829980150595,1.0082928849520243,0.3277575091379553,0.009327662998114458,-10.009140017111852,7.355187155281144,-3.5320010783283227,-22.555525775114404,-0.2954410038131876,-3.43434794686682,-3.108642616425521,13.171142826167253,2.3270643329823733
126,2.1,27.15825007175284,2.654404466669847,-3.9318636436490375,6.287825740769301,-2.617296213578214,-3.649133359290179,15.20763734873708,1.5190649732597405,-5.7000394463082346e-05,39.844021869278514,-3.5020082779432027,0.002927299973018598,2.6451606459686787,5.359693304958331,-11.469100761018092,-2.6875177167299023,5.350889590708023,-9.65251283130976,-6.8561393270921185,-15.285373021731651,15.991352673368171,2.4349818490954385,-9.516412898515709,15.718069349629562,13.338134048507953,-0.005606763809740069,107.2153325056763,26.028129076821866,-0.013513838901725913,93.68490334597448,-4.422917594992848,9.979538744741173,-0.004151267213497096,1.235430176983125,2.2844343941619676,-0.002399043466724694,-10.376562872947659,7.352176641641328,-3.2221684190044853,-21.42352698869274,-0.34735125144146006,-3.4477961934583234,-3.4790196851955915,13.07988538910816,2.4722973152360206
127,2.1166666666666667,25.66668723100078,2.297645155486235,-3.974793682764813,7.858261118690343,-2.0644602199604583,-3.8222674100756406,15.170161385884668,1.5694514022517312,-0.0007969862021488974,43.4179281972623,-4.000903301295193,-0.017583320997280348,3.518648457929321,5.243049980468904,-10.58737339448039,-5.850690412460246,7.338444111217643,-9.359937570141332,-6.60966804451633,-15.573318963463104,13.676953764195067,2.095090314420264,-9.618268644120828,16.6612569779273,14.762592424459315,0.005097950186005427,110.70700234374276,24.998894387552753,0.00731453862548695,90.93287333348674,-0.6192554231404371,10.951247534174783,-0.00046306885887631015,0.43618291930334335,2.651795177793273,0.0011191887738383167,-10.120267593096395,6.818337122357717,-2.2759298120334166,-20.64368001213387,-0.18096470945369683,-3.8055917155709653,-3.931017557829433,12.723149757291946,1.875831938643063
128,2.1333333333333333,24.31777606354934,1.6850698675769764,-3.8464134586422043,9.949241443273394,-1.0101747775897962,-4.468355059756884,15.137092275933766,2.3839156436930367,-5.4926584551966e-05,47.13411731645316,-5.478150122847413,0.026684926025995342,4.948553227057041,3.506339136844218,-9.435302429844104,-8.558816544641624,6.6607224794470135,-9.542541759085106,-6.664495337753577,-15.257387102943872,9.667212768867197,1.5803381123530522,-10.05313688864201,18.635784761494357,16.295313617672793,0.0058782280226270835,109.13225754772553,25.00155902730799,0.0014720664433329233,90.02004571025012,0.3397601542791165,11.049025617889818,0.019163690817714685,0.15844115685231544,3.8436313046797945,0.0019502592568422697,-10.16769294034972,6.631600380816118,-1.371653812099521,-22.39192471031813,-0.5903785374148208,-6.291341082871209,-4.36272144182792,12.671904140737876,1.6348739449293013
129,2.15,23.37024778322043,1.5325440321526114,-3.470267689757651,12.655494811834574,-0.6508791390517135,-4.587426480018962,15.046721941124373,2.853162344903965,0.00020400994324122455,51.106785960315925,-6.021682023373048,-0.009183859050225035,5.7413954198990975,2.5071615382265846,-8.825940905892269,-11.03125086472315,5.301306337935932,-9.804183503482887,-6.727747717894216,-15.430687907201559,8.738740247168366,0.6153858827538764,-10.1469311337562,19.052992343886373,17.7183511404377,-0.0008665008969330095,105.56790450001272,25.64605475347053,-0.0029518077827512135,90.23328568822315,-3.952416818985082,10.167031136413907,0.01918845995098507,0.6093044776722786,6.065494983397494,-0.0018135331175436354,-10.559791276898054,6.814223997983013,-1.0377670789839506,-23.44711712120414,-0.6521887248474939,-6.226328664027645,-4.8826797528559505,12.825330443658904,1.653213677924393
130,2.1666666666666665,22.843647260181314,1.505427302012933,-4.109847510265056,15.545674078707815,-0.7205149142473037,-3.5148216085910327,14.942114386865883,1.6666934896252747,0.0001427851722401638,54.53080968782213,-4.556227495306854,-0.010599539265789373,5.104752635600602,4.095765334715872,-8.432074323461528,-12.6441816114145,6.584418360066091,-10.409385831598604,-5.983035608249273,-15.567773724046667,10.36334168846015,0.3769028962660578,-10.565884334490871,18.72779125103759,19.082968611048134,0.005043299917507009,103.99926348931382,25.085289797154214,0.0014253292086923153,90.45047374900169,-6.324989020094094,10.085800635062173,-0.013262426964551299,0.7226586154850347,6.161188398588513,-0.003989592601617458,-10.423047496434398,5.500668604749481,-0.8010883417392092,-20.923563434276435,0.6326702089928072,-2.0985502112522822,-4.9572951550491435,12.965897948952387,0.6232551801104615
131,2.183333333333333,22.12501555663944,1.3278746202534508,-4.59267702007241,18.133930097728022,-0.39193494250335076,-3.58573422352655,14.597885526576473,0.8154459146757892,0.0007067751508185598,57.35574873386124,-4.145915468624888,0.013635359247991983,5.55526690178061,4.989014024719884,-8.326249563996216,-11.077942111410412,7.904382895200947,-11.657393699355108,-5.029661156131775,-15.5680432752568,10.638765733762291,0.2460333150241798,-10.503986769394924,18.05696725423765,19.416157438996418,-0.003947680505560104,104.37413102527393,23.651190439750845,-0.002947095640028778,89.76001755218763,-4.496863847857892,9.994418494612844,-0.0020464911743111568,0.25151338278541485,5.239660014554037,0.00019725180640440065,-10.30542793997211,4.439801246615915,-0.18142485610812017,-19.38081863940966,0.6025052394245437,-1.1587510893505009,-5.033181163289802,13.179125579872274,-0.31893577930865735
132,2.2,20.44160146006941,1.325894192779327,-4.68110899975755,19.589847457442133,0.07545853609042993,-5.459900274959416,13.868827768668568,0.8445680966451183,-0.00016268033429379196,59.38752414048136,-5.6833283995103585,-0.0018259965370631028,6.604577218227166,3.767617885593212,-7.640405804937567,-8.09785154618309,7.054499627341497,-11.699134556631726,-4.615129285001304,-15.608062977753185,10.170588311756656,-0.6248040959542197,-10.236391778489844,17.745451861327652,19.149109973863045,-0.009620158757156003,106.19461495586629,22.85761281364312,0.0011386039772031142,88.85410167978759,-3.4320527813726254,9.350528137141618,0.001172705808953629,0.6258462124706855,4.488360048498934,-0.003026775819342898,-10.157491349585461,4.572035382094971,0.5024427979970167,-19.47673998751268,-0.1946246841380014,-2.4763455073099365,-5.450193102659266,12.8775332159244,-0.40414875537370876
133,2.216666666666667,19.065319525914784,0.8305562238958051,-4.6024623724732106,21.25210778760114,0.7286156312642541,-5.972540881186637,13.472358484658539,1.144647437311278,-0.0013817567959333765,60.86860089345483,-6.411453920971914,-0.0044446016152403685,6.853883242114947,3.6198759224326422,-7.324122596128005,-5.883577772268039,7.306925068585005,-11.542284098633242,-4.347494545714055,-15.339631650380435,10.119734015990904,-1.0400076760401076,-10.45373250739049,18.69224599925108,19.459249564194046,0.003121737668998719,106.74470235030923,22.59373639304022,0.0037032781308923525,89.43159985833847,-4.349504990483439,8.46843314856976,-0.005614388611478537,1.1906180297550535,4.064828816303197,-0.0016859890326412941,-9.877681664505774,4.260082796852108,1.1613871458859941,-19.022226308420603,-0.7044449836388967,-2.126640508592341,-5.512696652670269,12.590188206978194,-0.7710636389526766
134,2.2333333333333334,18.447024174879008,-0.36939389115934324,-4.522380024328908,23.69590992941449,1.59207795552418,-5.126493216633449,13.695607333669106,1.836735973189038,-0.0009973556969676766,61.90880549053882,-5.879378605502015,0.0008824167263264612,6.951115980024986,4.278503208632438,-7.721208653704498,-4.127644566957933,8.285737396457357,-13.089267198217085,-3.599104817612479,-15.259456099512601,11.375497129660268,-1.2143939082209818,-10.438163825186935,18.734689940076102,19.897361757604887,0.0038627090686533297,103.6000398811391,22.137086595431644,0.0012169987727669162,90.51378414081606,-6.373917172105063,7.019959875858336,0.0034033044022030025,0.43791808820756084,3.8515066576409027,0.0007899391998285267,-9.747986281930318,3.4512898693191127,1.5788039581090583,-18.53289621053305,-1.2522145269260052,-1.8413952143282188,-5.399356102190636,12.695897069303633,-1.5179478894444494
135,2.25,17.440027975806803,-1.627080917467848,-5.959215353310049,25.64344306921164,2.3578052880926363,-6.572656052957756,13.8712834435275,2.2736503182324634,0.0012087265706878696,61.748039234228266,-6.585873286685557,-0.003939499486994053,6.882697296034098,3.9997471108401528,-6.330536908050096,-3.224066146023749,7.189154669473669,-13.872282709987845,-2.532720761099865,-15.456376767136229,13.08991435859611,-1.818971515956001,-10.277936404831982,17.589669962429074,20.561957208207343,-0.0045982034691416495,101.1804575644998,21.269112976340647,-0.004179442510774006,90.67235164526133,-7.817179322527481,6.310336285487626,-0.003583324022459284,0.015033849479641816,3.472137779841961,0.002657056419070186,-9.45044519089781,2.6421400558596524,1.7657234207242267,-17.91207340529558,-1.6076344843006414,-2.741806111306428,-5.542011764354553,12.510064255382826,-2.243088090494753
136,2.2666666666666666,16.212240008894415,-2.457427380253572,-7.7884414708266805,27.530160506717134,2.87374118123823,-8.302520886428901,13.541076929214945,2.0260658310046034,-0.0010030330859694611,61.046382872254156,-7.309936757865195,0.0005141564211645367,7.029655777981644,4.539256703200177,-4.574789816409059,-2.517026309049912,6.1148249060543876,-13.614936573369684,-1.6872199113344826,-15.58681028386143,13.492722795680818,-1.852021314431518,-10.235898255972009,17.279776827620307,21.514582594051483,-0.00026646004081916835,101.38216427671671,20.272392276124794,0.004711473814382766,92.17954069203036,-6.75549284392371,6.515223803563456,-0.0023798354958931116,0.7082780024903882,3.4345216809326917,0.004007215709428763,-9.118299041404814,1.8958661313963077,2.3831231358875336,-16.934204605049047,-1.5461315219223692,-4.006798550157372,-5.610936935170497,12.345361556404733,-2.9166801160373317
137,2.283333333333333,14.961565195889527,-2.9176557926513103,-8.456195096588072,29.503377342870063,3.2596735844176665,-7.237262936956094,12.837270184301646,1.6064807431240462,-0.0009318058813202896,60.37876090485933,-5.802316624020152,-0.00039021078571093836,7.4451487636606135,5.4713591300013515,-4.3447071707973555,-0.6488241893525476,6.250028309890019,-14.422218798016587,-0.8747079494727736,-15.687266850983773,14.146507342219016,-1.5769370409033636,-10.1566052277955,17.131733472573465,21.485256535205473,-0.0012966253113220394,100.68675667430998,19.487656355676727,-0.00398595263075018,94.60816935710812,-6.085114475067424,5.7442626576206655,0.004232459514515542,1.1158477506136553,2.6311117196825604,-0.0010549190971712937,-9.023051230026892,1.1941140414080331,3.122991351597964,-15.88369925376027,-1.1315287265430416,-4.767821726974509,-5.563951172866875,12.361835208128538,-3.4758228458191724
138,2.3,13.33197008636519,-3.3788404687934674,-9.21881838904793,30.59438350505989,3.5468888392162405,-6.031754332094143,12.222939003485942,1.5208242894402297,0.0007481955831670458,58.61158530356728,-4.301316210778768,-0.0005010196828780191,7.578681602940661,4.829176074190615,-3.3212966029641797,1.8155683862243488,5.731015759744218,-15.446794746592834,-0.0785127381645629,-15.783422457302867,15.479103366160885,-2.083110363246804,-10.278749920668954,16.642189519427316,21.437397452483,0.0068782068599387925,99.88131077565696,18.98468826794723,-0.004200234540862028,94.81598096819371,-7.205817933648522,4.92534643578069,0.006101027843705236,0.9783739613508848,1.0215565140307723,-0.00021411528392350804,-8.916445346573711,0.6349775154721632,3.3327897373556263,-14.802111218709383,-1.2151810752250711,-4.4620313835616825,-5.628295762744664,12.027122449139112,-3.8462323124190765
139,2.316666666666667,11.836917302105478,-3.541973293253183,-10.21455165219336,31.330282214505623,3.356940820498423,-6.133535102373613,11.878772018800808,1.6255727745007995,-0.0004791780951577456,55.85876698773518,-4.195033926995635,0.0017494704919871124,7.7419509447842705,3.9006539750649245,-1.315469870788213,3.620808950258854,4.6183087661761775,-15.350888148196093,0.29821558559932465,-15.826689434584065,15.953430389262108,-2.8636288202014137,-10.532214612715114,16.77336595024413,22.93686055044568,-0.0067440742939152785,101.44549753467614,18.900260185126303,0.0033826845275419853,94.21110753346687,-7.592106725501358,6.3175711698623465,-0.000880955145498437,0.2610197709782378,0.8826952530454685,-0.0019975015197275783,-8.642431350193416,0.6466059662240358,3.436687090686955,-13.879651219784934,-2.1207016467514883,-3.992087469968105,-5.585536084154584,11.587734521148516,-3.812817058038704
140,2.3333333333333335,11.033329102656687,-3.3487821292697784,-10.953228914871731,32.59797566164755,2.7039691802194437,-6.494584506372432,11.840387770107789,1.620844195852799,0.0006708660229679605,53.234705932975956,-4.38234299348033,-0.006094326035091629,7.69404264546465,3.8481671802579682,0.22517715309799347,4.640694535740964,4.591462620029402,-14.738330940220116,0.4083387149382689,-15.603701574027438,15.82227122873733,-3.1457609117514562,-10.711805920986293,17.038880261738388,24.789786309681467,-0.00010207827550790759,104.12202174120831,18.90886866563401,-0.002241705370841238,93.55665517433013,-8.212738985387954,7.712179543623339,-0.00957066992067302,-0.5410051478815024,2.2739407199380097,0.0012820500949433762,-8.407022062136503,0.8423538604137945,3.6236207406404892,-12.815810919135071,-2.6480294164633245,-4.310856405097076,-5.302243328158351,11.502252633601907,-3.5426812840514947
141,2.35,10.2313420590959,-3.103304029896765,-11.323043919741618,33.860232057595525,2.200654960480855,-6.317233559374606,11.352799620997073,1.4294201409577403,-0.00031485434576636356,50.08204909200408,-4.1372088935870925,0.008622876331987007,7.293546636597692,4.189950408778069,0.7570083457504663,5.079583614831062,5.311461915331642,-14.280885587622986,0.9879972276370218,-15.325059000830231,16.175794572831634,-3.1566601702492254,-10.959421232343953,16.838097598842044,25.491588769052903,0.00269647590633215,104.3700968120453,18.77749813154663,-0.001224674977650535,92.83049703257782,-10.453679174215333,5.867861828795651,0.01620898651890319,-0.34059192560439067,3.3012197468851103,0.001036548660990902,-8.32873876190461,0.6641074252309781,3.6783148004180877,-11.4544877465501,-2.4835719984083364,-4.649898652766475,-4.983734168940324,11.64926217988937,-3.4540530253520503
142,2.3666666666666667,8.736100995539156,-2.922304089043379,-10.19089368902107,34.501547588158246,2.2560275326679773,-6.406774253125696,9.631223982180336,1.156713248339004,-0.0006213244060236816,45.359085674989224,-3.771853743586516,0.0020014591145427873,7.347201453428128,4.619343536346467,-0.5047560429611262,5.212875379508765,5.2142343475933615,-13.2718517114275,1.896093921183444,-15.4136802816018,16.414509197954715,-3.287698788498983,-11.068646316713746,16.75936394991369,25.479591960617284,-0.0018375663507354707,101.31914645171524,18.66225709611891,0.0026135078618765195,93.18180033582398,-11.27787186081672,3.4924910000370106,-0.0016059000896351029,0.007144612753649349,3.762147180730782,-0.0011736770253993616,-8.299636593638466,0.2993652852776662,4.243349627909509,-10.655256231357695,-2.669780536701651,-4.9886815809087715,-4.910077339912229,11.820321604642897,-3.73332226128059
143,2.3833333333333333,7.307218594352255,-3.437547121857543,-9.032564875583676,34.655607469503,2.869865677461239,-7.599467934594853,8.543991786393839,1.3004932333310493,-0.000554264076382128,39.781678895261834,-3.7825293660735047,-0.01632784549770432,8.143033554494636,4.396741484944193,-1.5872985372909336,5.3023891185151735,4.554649009038801,-12.54225827210202,2.2995695911188,-15.514099331928337,15.353415690901128,-3.458112187691211,-10.89738726670075,17.217199895034305,25.853341323761313,0.0010389610407612508,98.84845775462063,18.303608823301513,-0.002787917603220909,92.81166991191087,-9.185896606098511,3.521588606554122,0.009688375177545398,-0.13302085262389965,4.02356203506431,0.004072424868919749,-8.027856842787575,-0.28836243425701436,5.246773721220203,-10.69418347124093,-3.418908736090119,-5.571409974570516,-5.092877339043762,11.796391843128898,-4.415636003992355
144,2.4,6.170566852148622,-4.069911639258049,-9.655358082984934,34.489139535532765,3.2488265680482904,-7.18188799440635,8.891905920748247,1.8335781478040538,-0.002133735822923639,34.63938533465358,-3.290795136692696,0.014676377357571472,9.373205088355892,3.6632744226918197,-1.1721349213010461,4.899782464526489,3.8588202452540905,-13.572281849449364,2.8055292894282857,-15.211247364106823,14.239328586113102,-3.609294595615998,-10.897941545438815,17.115009198070926,26.538900669409472,0.0003821995753245261,99.55307674424554,17.991214782460563,-0.0009658029034210685,93.00758966635244,-7.18310202299305,4.030119725953709,-0.006360910134242082,0.9068938838356667,3.207849955439145,-0.007000263948934153,-7.244698319636036,-0.7079393815001295,5.618856211678343,-10.776863033759515,-4.0347277854763925,-5.207461888016411,-5.215828834885139,11.412280429860093,-4.753818192215244
145,2.4166666666666665,4.581595475595226,-3.6789076234975475,-9.62449135686105,34.29113437253758,2.6526752409500496,-4.997841401733884,8.386481579729946,2.189873766060205,0.001377022966757873,30.0984352198988,-2.4593231735563497,0.0023060054700190006,10.606188509815667,3.664248015788647,-1.4017101477338474,4.262873597974488,3.0635297926001024,-14.391043306927351,3.7065214001754185,-14.90873133015432,14.085976357664512,-3.8184943625606853,-10.96409587434924,16.13617266697591,27.4325092905102,0.0020897477719957988,101.66563191842846,18.02943161334594,0.00013949193972835432,94.4180852902643,-6.749657491808951,4.755624910730125,0.00047937289296466016,2.2892920277987363,2.6044863941174348,0.0007344398873161169,-6.373263266223055,-0.2913548295011719,5.778764167680794,-10.826279928446356,-4.447265500990124,-4.247938046877747,-5.336796467364022,10.974673903760499,-4.1239010548529595
146,2.433333333333333,2.662897705839478,-2.77295940190344,-8.312104549835496,34.18947165421342,1.805163894093854,-4.46843953574132,6.909776484471244,2.2181165171001855,0.00028298082120460476,25.448775171688286,-2.509173348265543,-0.015641972159438654,11.253219009028058,4.028490370956781,-2.2329474160254565,3.331594512541931,2.7649768671947603,-13.71471437932357,4.029894712393425,-14.912071169016492,14.039617184626925,-3.938956520127899,-10.943412378929223,15.944763471190237,28.71038763504677,-0.0024641990199624716,103.65736641525916,17.817153865735992,-0.003261687925651617,92.24341467405539,-7.0435135049997655,5.943927377122776,0.004292257115147049,1.3906940375314818,3.0175070910380017,-0.004213968704494229,-5.759707478366254,0.30696735191043517,6.3088418925544145,-11.182953912680752,-4.497668584668177,-4.247218520098911,-5.439117378167803,10.594466593969138,-3.249241038496934
147,2.45,0.9420579400399636,-2.111204050214596,-8.076083079502045,33.789426328081284,1.3149908440207738,-5.235261145260933,6.145905056252926,2.069090284078023,7.090302243242425e-05,20.27821479813019,-2.7401065042748143,0.0118760218281818,11.39052749424785,4.103869752062134,-2.4639490476059116,1.1096128913211858,3.8902489611408146,-13.305574756095382,3.9784800436788563,-14.965195272332366,14.679289497249117,-4.293707431995002,-11.227074842572772,15.748251309412392,29.45458175744428,0.0015605078933224436,104.04535147177725,17.65483626566563,0.0019913951686498766,89.78344125975265,-7.990901865777399,5.453822065687604,0.00493210177651453,0.692816129032446,3.3052305287011787,-0.005880623052889789,-5.300068196091825,0.24594567300117867,6.671305231010376,-10.963273625126227,-3.9154646980810552,-4.251991664872632,-5.384508785314033,10.161317262056583,-2.863132521237876
148,2.466666666666667,-0.2373353071002916,-2.4013705703621415,-9.4225231260132,33.57202110892327,1.3809288551120957,-6.092693570394168,6.309926579400492,2.475218889816807,-0.0014117056589697866,15.478515852066687,-2.713373899042965,0.0036631727558120272,12.163768270598066,3.995279905443197,-1.6886435541189273,-1.2923548985294082,4.935186408694262,-12.785172352821363,4.291309018614678,-15.466374580453449,15.671229155359818,-4.808284938438734,-10.879179374085272,14.125185186005776,29.22431252821949,-0.0007927411537691071,101.80143575578484,18.06760329025122,-0.007962746914102236,92.93416695877394,-8.506182782060918,3.909243783816374,-0.003750624976636293,2.2136789952802443,4.921713037534417,0.008851256227535253,-4.9973364574765915,0.371141684669022,7.063987738425661,-10.096009251619458,-4.3919460259158,-4.29543369651616,-5.357290537617522,10.000678723025226,-2.8700123430204085
149,2.4833333333333334,-1.1936283715012999,-3.2749075770260148,-10.887819338076579,34.01788029978342,1.9136793594518005,-7.210630253087702,6.559111401770951,3.4990317011607694,0.00299837992252785,12.127546741012956,-2.852378795019859,-0.019550336255109897,13.75479767118393,3.379163421226369,-0.6061777325857263,-2.246519844662556,3.8310466042936135,-10.252562275267742,4.561212672323198,-16.58381799876922,15.047280967135803,-4.722519434920926,-9.602427572049278,13.321103914226349,29.289832824063488,0.006598849379183592,99.96140738322319,18.119699781736703,0.002654385769831631,96.9962405230581,-7.573791430754428,3.357352829648294,0.0017049447138551778,3.004906593795516,5.9794513921191905,0.0022881844555889775,-4.577119480918261,1.324949513268903,7.834281844144749,-10.3940080390967,-5.975006624196091,-5.995107267994333,-5.2460860061910815,10.041321805641898,-2.8407125648580545
150,2.5,-3.086442040784192,-3.4319513315033823,-10.85469699941742,33.341673006500976,1.7458469997911101,-6.619262904182957,5.829699674423711,3.368852452184201,-0.0034303809720677312,8.860126701980056,-1.8660649329255607,0.018251855238919958,14.53254593915675,3.0299617994099273,-0.7918923276965465,-2.795315311812667,3.504690042324055,-8.646007492758987,4.116114894641797,-16.236336224256938,14.575355303098112,-5.2320514752349245,-9.998239311197795,13.789408631904882,30.552443811815476,-0.003263313998239678,100.27663775852926,17.754633465483835,0.001676046865408254,96.29224678321674,-6.807532686829879,4.241951642817449,-0.0020716409432667304,2.5511788544458827,3.679069678793276,0.005837400990113801,-4.299919590143933,0.3660531046242633,8.214041759101463,-10.343873696445797,-4.368328298832717,-3.044128503276437,-5.644257453599624,9.671944881902713,-3.254392866858216
151,2.5166666666666666,-5.46920488640783,-3.9154991944253097,-9.877590306629996,31.34232786749606,1.1922960506313742,-4.5156885432335425,4.574511632399751,2.089468704874814,-0.001915799842228299,5.073164599289646,0.06357293054322724,0.012685769027001026,14.058588222889105,4.0193668349023,-0.861129748426394,-4.360339311563872,5.7453163283924376,-10.023747798472291,3.5213200528164372,-14.352054268877607,16.685526575326218,-7.27454083934706,-11.808911053415976,13.20025619166601,31.675063598022703,-0.004989008702119192,99.86128013993161,17.85608606542521,0.005447450550263196,92.42701102555355,-7.244022714385974,5.335058839991564,-0.0046443656065253015,1.37840287806338,2.123698872598675,-0.005577174773231532,-4.817240985435524,-3.1905829090771602,7.717603211381686,-7.51092634450556,-0.4830710247667262,6.628929630967643,-6.954146314146445,9.19729577614425,-4.808173308667387
152,2.533333333333333,-6.408607875537101,-5.253765290877087,-9.139245886713459,30.939468107458545,1.6114860293988207,-4.128170318110273,4.44001156210994,1.7923788662644264,0.0014958767837012393,3.1380926591497733,0.46241912191230927,-0.01188100063634682,13.879468470138077,4.730186444585817,-0.2727696350035628,-5.557203759234631,6.894697930215786,-9.787378333049434,3.9316423666101703,-13.880193616871457,18.89646958868542,-8.539944766130626,-11.969905494327685,12.810828719305388,31.34575335657611,-0.00043802199516569803,98.87751003717189,17.962047968318974,-0.0038393807310988445,89.5915395823875,-7.405406380386891,4.892526990694949,0.0005088187643085316,-1.0695513946898998,2.983634922141563,0.00187396585961585,-5.2994273469533555,-4.963456515461643,7.086616338570665,-6.548153703353911,-0.3700263580160624,8.375016524431086,-7.690811933676011,9.335312441726735,-6.0879477134898625
153,2.55,-6.517513136104082,-5.580137829259194,-7.717291124486637,31.737675892503837,1.7272221565236345,-4.140802222605528,5.03618465794417,1.8195198110699748,-0.00147779301855731,2.8496920902155924,0.5252301242125418,0.0062750946477066255,14.443868130259595,3.962103401363791,-1.5392500538290703,-4.397149176767272,6.12551868565707,-9.128225446549871,4.757292800341652,-13.760580300924758,19.61247638011222,-8.50353872025892,-12.040247260675995,12.97739650994129,30.874447797192147,0.00452331447597937,99.46862283220773,17.827860030212666,0.0012325096025660048,89.5704333090033,-6.487089342206976,3.9229087464806445,0.002201120327482964,-2.0467377417829122,3.457626783037414,0.010363158392878713,-5.178333639579464,-5.410333200027171,6.691363098460516,-9.058268982544499,-2.1346728915799025,0.6769108210469711,-7.655156752800894,9.668656406272325,-6.316101721845243
154,2.566666666666667,-7.039946553149489,-4.870800763151779,-5.657466726041307,31.997140244626966,0.7745686422208321,-2.662208425356811,5.295321856158831,0.7117384476050033,0.0028027269260472833,2.8907548164183297,1.8531328565946121,-0.009708745126303204,15.050817737220303,3.3342720998822974,-3.9016520889319217,-1.9913092131656598,6.142113685308312,-11.590799749597672,4.478612560291351,-12.14213403931981,19.72126908144449,-9.127173121837489,-13.590942162161666,11.494754055692601,31.378639955378762,0.0007393341675052277,99.86004097707315,17.854876888317982,-0.0019968272434227356,91.6646076564347,-5.994307619282016,3.4692767433789853,0.0032256763536109025,-0.14016674402002072,2.642668783726386,-0.010634419204171887,-5.4568768081511845,-7.3644546860192115,6.482765363997372,-10.23101568463906,-1.467926204739305,-1.6276808480703755,-7.930614263673906,9.965925730950532,-6.5929678056380965
155,2.5833333333333335,-6.860062421110153,-4.215365844574653,-5.556089408909082,33.46529580370279,0.49746976450387215,-2.669343648033926,6.383586111581938,0.19928894039467565,-0.003994911872055446,5.0004746381637135,1.6261649367842128,0.013214628528268546,15.808532921888329,3.819949657250321,-4.311817844242795,-0.9310043668230974,7.182824828896602,-12.14131339303549,4.099084545723799,-12.095205924233133,18.187576997276317,-9.016816204228418,-13.752378891319813,11.379540251189479,31.68280679113676,0.002162133455806492,100.63767081711936,17.6738192613885,-0.0006237471540951201,94.57599677751902,-6.659471427308296,3.4233824436437965,0.002952214454216072,1.4127819516818878,1.5535381168988451,0.000750819196969343,-5.434650789658645,-6.931255964491784,6.997753130658887,-10.538788527366474,-0.9935457915897556,-0.5322178280941532,-7.566554090030125,10.487738145547013,-6.031900283865005
156,2.6,-5.917814875578727,-3.4831373049959065,-7.223888142827771,36.1355717536577,1.0923531106766615,-4.288822249220942,8.480882942346994,0.9301991262714597,-0.005046705166803474,8.788186456291916,-0.4772261453830337,0.010591462029510562,16.06284602345223,4.621372847748516,-3.744010239863943,-0.8943439653693906,7.762937515307158,-10.109711030529498,4.670238390564375,-14.253749070184874,15.9183245133812,-7.320004498645074,-12.217277029885318,13.644834088905625,31.39813344849693,0.0036091418858503975,102.58373005755631,17.225522076757905,0.004493456622520963,97.095529857334,-6.354044690263132,3.7708419265162134,0.003504419803672522,0.9403311578549021,1.7305163310573328,0.00013749738744576903,-4.38573537775513,-3.432273249679352,7.831066259910432,-11.936852853034313,-3.002931197971963,-2.970364234318074,-6.1157415820209176,11.007911451149162,-4.207393853635455
157,2.6166666666666667,-5.453787409327083,-2.9966750676324336,-7.707240724657014,37.619504563433466,1.6745269591271728,-4.748385241685708,9.907784383566158,0.9423896281967862,0.004325604919439309,11.218056350004664,-1.460961470649901,-0.013565020428507888,15.401520230293597,5.240941829522691,-4.514810913636526,-0.8589026635110051,7.499583340369791,-10.039974494572947,4.542477997747671,-14.987409598016407,15.214083040232186,-6.653297737618682,-11.73588520789568,14.413582342184323,31.285830019130966,0.003255817823577638,102.638166825938,16.864948174002947,-0.0045241936420673656,96.62016935169345,-4.748464318737028,2.7705003388866745,-0.007022931401562005,-0.14803590080153972,2.5984911531713952,0.002494619370093075,-4.373196297728312,-2.2818390168413223,7.771867788948125,-12.629443254494795,-4.160909565982315,-4.163015657631562,-5.120324609774062,11.580752686513328,-3.4647419086376066
158,2.6333333333333333,-5.287809121762828,-3.2305918444993638,-7.375433793845958,37.863496938911325,2.1522417344555063,-4.375937902737463,11.094984498210966,0.155858117113938,-0.0016824566290487958,12.295208971659903,-1.3106520234792012,0.003975971534195061,14.98956448091952,5.659269638748776,-5.1501499679607345,-1.012204513071743,7.451434094279863,-10.528313360112282,3.430219210041222,-14.1756082121091,15.281437026876961,-6.96161535299771,-12.174484174093362,14.50821321267879,30.89663251242636,-0.008073139886495067,101.15396785740214,16.20604430376716,-0.00734212248044914,93.29654794730425,-4.611037847522018,1.240536247632549,0.0012776644817863358,-0.9600124927467264,3.100553330869105,0.002553526088542092,-5.513292202569415,-3.398643394357708,7.5629913886363465,-12.386357247908219,-3.45522518940847,-3.344933694688447,-5.121882983076212,12.180587893630257,-4.0117885941390075
159,2.65,-4.860655140311034,-3.809566514481684,-7.1021253792165435,37.89016304116355,2.520067504663503,-4.436181478334612,13.135749633109748,-0.3385614184719546,0.0002602796834506359,13.665876658339316,-1.4348662169618345,0.00015336156747729326,14.38274108080527,5.877015577847812,-4.86319195941246,-0.6611844367870137,7.867167111047858,-10.334024904095795,2.8322977241647247,-13.958711701564173,15.344550412007417,-6.451442813583297,-12.144105685017504,15.5867324984474,29.99235149103573,0.002291665243710744,100.78945875842149,14.943610193554498,0.013015135200494157,91.38723130693323,-5.6040181054613525,1.4809461640706152,-0.006135471736822308,-1.5159003483459526,3.6634186124165087,0.00030596487868032494,-5.913709209377038,-3.882618768370393,8.19806696288101,-12.510618171117942,-3.0821229189538277,-3.533973604559597,-5.596887638188253,12.467913630047253,-4.311268196604344
160,2.6666666666666665,-4.1821889472682106,-4.510792790266367,-6.013483200017972,37.93592883030123,3.1614947249459644,-4.671410784844422,15.462519488259964,-0.4417845955871495,0.0013009644147022868,15.228088009840471,-1.8904519523493273,6.516502627230992e-05,12.411531327358555,6.520977857905413,-5.316874968622011,-0.14124091944859246,7.725994326849132,-10.40347392162874,2.564728801242056,-14.15927363388237,15.839302227389602,-5.8152525986494785,-11.941091175975023,16.17504905339953,29.02234961065527,0.008470976061819117,100.5359953600396,13.607658503645764,-0.006255809745177205,90.79514784871654,-5.270298295631968,2.5138484947213713,0.001017246180526351,-1.6960958254665979,3.8607123760169477,0.0011929865815180633,-6.083817916125974,-4.246652639729246,8.618785108062117,-12.792701980527065,-3.4486520231656996,-3.7477583739872493,-5.8255539003986,12.767601881875985,-4.541409330611127
161,2.683333333333333,-3.442343375037716,-5.162835406198955,-4.715030867108003,37.783489073831944,4.07578376114464,-4.067237176676157,17.89928307572225,-0.20515924766448043,-0.0023508919979053724,16.3561800990029,-1.8970149467175286,-0.00023567813585544125,9.934925336077104,7.407349712467516,-6.5777189393991184,0.04924715974876473,6.324973140304071,-10.585399535086065,2.1386450595998183,-14.139759791049151,16.999831741898006,-5.990948179433391,-11.815757963399587,14.76702670355719,27.463720485622144,-0.02366583974600024,98.13365940759438,12.829295991399354,-0.0006910297359059339,91.4158734854545,-4.020809151034081,3.528004675238202,-0.0013008500762530552,-1.287264560517175,3.3546474533169004,-0.0014106642090781205,-6.769191652811588,-4.810147902417153,8.187548850405111,-12.874180856339397,-3.5636055532249307,-3.7743354270022946,-5.327290510421638,13.153173334906732,-4.948573016799468
162,2.7,-2.775219862299931,-5.685997079376761,-4.04004997637175,37.00247380339758,4.754522969693125,-3.6501190420197727,20.993761483881876,-0.019530401142151852,0.00019139531529658674,17.24180984734821,-1.5246390476591405,-0.00136313087759543,7.191194846796951,7.344487202145161,-7.248124007509883,0.8933340575119814,5.001220717072932,-10.4631641383888,1.6022446801330952,-13.75428028257647,17.281961845447302,-6.333633431969527,-11.583172797176594,12.472594461892513,25.405123718476055,0.011841544721057775,97.43860276982888,12.50281623514706,0.009830815909920299,92.90498956392565,-3.990803997839442,3.599462113559354,0.005091541679712099,-0.7564114123245268,3.1628005997183144,0.0015302755809971074,-7.004032701958334,-5.222531949626253,7.656868123747907,-12.724199891638806,-3.441889347535155,-3.9511671395372683,-4.725330126957906,13.043885085978594,-5.2942779222447385
163,2.716666666666667,-1.6034839529883962,-6.39995735345567,-3.498380218167279,35.985569153275875,5.489837533302173,-4.569450767043466,24.84308199916918,-0.15970234000106137,0.001689131795965572,18.17965828137817,-1.8540414174257909,0.0019116164546049363,3.272791432656372,6.662080892964554,-6.7844448167573095,1.9612529115051112,5.393487860519302,-9.627150065473836,0.7625482256511302,-13.196475421971224,16.218414763471547,-6.095583312872528,-11.420876518897769,12.855960619677495,24.1308528037248,0.009517180034392394,101.43924092373312,12.02488210561722,-0.014311937715033552,90.19057281844522,-5.823820529490524,2.644429441256424,0.0020637893207764648,-1.0707093948969795,3.982355925955895,-0.0008800472417403007,-6.8294078580575635,-5.687748937683285,7.494746872847722,-12.41229100220559,-3.789113894842556,-3.7042216032215505,-4.5069679251311126,12.751111951112398,-5.686729287095706
164,2.7333333333333334,0.4771192647971633,-7.013090911622479,-2.5730988789096982,35.09363118806744,6.110234788127594,-4.4826128670130565,29.13696490200348,-0.13220281891036167,0.003263869926113868,18.618635843776385,-1.8795298661384396,-9.46042456772959e-05,-1.1976508749763288,6.720563579471709,-6.410930350835892,2.517391595610193,5.050176264115423,-9.35138977576785,-0.05723205852831822,-12.856174558531139,15.361527271985521,-5.483820525505816,-11.477472171828031,15.870256740635877,23.41089802269661,-0.011414590333663325,103.58151380840246,11.375541726711813,0.0008357885944820914,86.65054833664837,-6.748259883081461,2.694426538772089,-0.01230807529272333,-2.0663474952390137,4.991317825276982,-0.0006980177475135777,-7.09196458182934,-6.009944999151372,7.3502867038479245,-12.445133234987981,-4.390048957392409,-3.3046194304831915,-4.314094016424807,12.920948492811242,-5.90787524654273
165,2.75,3.1923441440879192,-7.527885695210627,-1.6617869660179827,33.8728590932138,6.277515084146153,-3.58321396447202,33.987509090581185,0.32043368833419394,-0.00873823835785064,18.112634468206377,-0.8855850023131345,0.002334115979920648,-4.998094360790127,7.653369423767064,-6.757246287520228,3.3769695745229784,3.0695657710412845,-9.61733995052396,-0.7831821817999205,-12.534602075188593,14.196829420724539,-5.071629223058299,-11.521281824581393,16.321125173266132,22.078706862883955,-0.003947890902025726,100.5023153423371,10.972389118193913,0.0031613367845514406,87.97846033038118,-5.292738132577084,3.3965444113328456,-0.00022401114561489954,-1.9606504434227912,5.060105546043339,0.0004992534192041283,-7.729360923473811,-6.211748445818692,7.03839148688938,-12.785023736749356,-4.521650998337944,-2.946023396631351,-3.9562434763795338,13.35682984755078,-5.985477958730128
166,2.7666666666666666,6.472105411007224,-8.271721699690396,-1.710556543168362,32.23984982990618,6.590290611150145,-4.33136168087465,39.94217848785679,0.40402863953582024,9.125740403372644e-05,17.288433980727355,-0.6059783022082655,-0.0019598900373110134,-8.09897315778274,7.700542381633558,-6.496486231530584,4.358185082318595,2.896581617604678,-8.56321962333142,-1.4809802496678401,-12.395427356407883,14.198828042955554,-5.0003513214715865,-11.334062497111384,12.785690633535198,20.32099748382912,0.005086387636230146,96.50020200190501,11.037681272872627,-0.01216220548318152,89.861704599104,-4.9499228459482385,3.8445514399537077,0.0008420229386573498,-1.2710525154854901,4.703653492384397,0.0017668291987448796,-8.215729989644606,-6.5258009023872505,6.681615314629483,-12.856660679521188,-4.2799341520255085,-2.867880069723346,-3.5783408090335227,13.547596554807098,-6.205894160599703
167,2.783333333333333,9.723878438892509,-8.21122611074905,-2.7041878579741097,30.53568701172265,6.621300955413546,-4.997641321661646,46.014899338323694,-0.46211385110883074,0.014931474965862208,16.972090729697427,-0.9016534474598765,-0.000793806510237419,-11.24656950213459,6.44563399743307,-5.647273458865624,4.904779581885203,3.626548064740119,-7.305324867112104,-1.7498366070207654,-12.601179128397717,16.656824093975317,-5.1019047844335335,-11.107713997497974,11.489498311922427,18.58116106405724,-0.0015094877509987694,94.09502386791041,11.633423428317405,0.006335903556131966,89.16760801911562,-6.172710779015531,4.731864205413467,-0.00021752884685297095,-2.305714073687871,4.984678820040232,-0.008477433585049031,-8.24277519165108,-6.274890020473054,5.964328472106833,-12.576865552540522,-3.7654208278567074,-3.0518454131186257,-3.221233550470794,13.28037512282677,-5.910523191517142
168,2.8,12.540113758260329,-7.301656200397692,-3.324978184796811,29.090510045463272,5.886173483815226,-4.637384230239489,50.99035865147857,-1.097785180453098,-0.0077502471433846835,17.447782553300467,-1.0265415520149195,0.0018849782710337144,-13.929742099330152,5.882410330145753,-6.068279351917375,6.134170316255744,3.528274157624948,-7.135348178816423,-2.192580955585409,-12.64857945624952,16.83350435773885,-4.934061029610666,-10.906363684537418,13.902230507582637,17.562191163316832,0.004432426517795375,94.50090456046678,12.184543044903789,0.0009006774715400298,90.75489562898318,-5.458961441542202,5.783959883085958,0.002840594773034941,-2.4129452887159726,5.878310449049832,0.004868123263020832,-8.114626505038892,-5.176789058017881,5.149533021028193,-12.34904183961654,-2.9297295307142552,-2.664986492953673,-3.1344770842865035,12.903808563706912,-4.860335877368489
169,2.816666666666667,15.915322509566643,-6.910422953740355,-3.434970404311911,28.068885056570785,5.284326976750591,-4.976261765203299,55.82366288189272,-0.8691123977301919,-0.009086188789257784,17.99947247433945,-1.7392046590392,0.0012894223067908602,-14.581286824620872,5.642600722309966,-7.104988076967146,7.9963123473538875,4.312834468645925,-7.0167247578725185,-3.258606648625976,-12.615897148603747,14.088738294555997,-4.357925311873206,-10.724060293494377,15.9273845484561,17.888402319617388,-0.011698659569596735,97.22602114968328,12.264293681542721,-0.0028781243153825154,94.08418394409186,-4.28520758505221,6.870967798171099,-0.013655108746249311,-0.9259465324217918,6.130034458945435,0.0003647136622478841,-8.332653167428466,-4.133757323420446,4.991422707264991,-12.29119810878831,-2.5735556645834694,-1.986042780679737,-3.591115141280665,12.891034307771301,-3.8731762476730043
170,2.8333333333333335,20.12775566407273,-6.850588291508018,-4.201214761079395,27.524003434470334,5.114916313509271,-5.7300087913679745,60.65236062436152,-1.067259853166464,0.0099455645502607,18.048841668342703,-2.5066955269483016,-0.0009167318733181485,-13.279167593748447,4.4901946087764015,-6.919865071990185,9.111966313136213,4.790187286163024,-6.545917383901659,-3.620184596924219,-12.704368063412595,13.486680471586055,-3.9785204468204336,-10.864618557768672,17.079627533968594,17.788269179233886,0.009200611444491968,99.13756862256432,12.957383228842199,0.02698382196780917,92.40017380437227,-5.371304225125816,7.86429471910208,-0.01642560017287407,-1.634695665155884,6.080255676874815,-0.015121827642321721,-8.796218076172016,-3.546147294538207,4.678200767838135,-12.469380341687096,-2.872055521050257,-1.8173261182433667,-3.8652699768328342,13.312122705301924,-3.2676333045855026
171,2.85,23.848672590186222,-6.280984731298705,-5.3717582512666135,27.15036249933948,4.71021181106103,-6.363579185658521,64.11289298035635,-1.9054568584000864,-0.0011577430071284484,18.42059054214193,-2.5825162963993047,0.00024259535372580032,-10.900486704773135,4.3216974397297925,-6.9551464816330935,9.7394893161052,3.6960622698140235,-5.931461670730284,-3.4858958824070747,-12.848525248891136,13.74026446649915,-3.6927423414858453,-10.954687592570648,16.28919700705698,17.02744151266858,0.004948163502568592,102.43910205110676,14.796508118083365,-0.029924714156954864,91.54435263085942,-5.5762641551320415,8.364307132551064,0.007447532368733472,-2.1434623559758896,8.701539468289246,0.030987448456720575,-9.091742360763659,-2.7850369495767824,3.672333884572632,-12.602356028102287,-2.992430262172176,-1.7795471590012544,-3.545424389549011,13.725445101919007,-2.642272783291042
172,2.8666666666666667,26.604946544243546,-5.207875269364447,-5.811208969573505,26.167643899658362,3.7859278380999823,-6.986016348311576,66.09277091177111,-2.365245579317229,-0.00326573756718604,19.14506635099814,-2.5475293806550123,6.701773108757316e-05,-8.110343942147422,5.637631360163254,-8.121922737114659,10.467786322285596,3.3680224864771073,-5.2546943598066695,-4.249405220948797,-12.898779684665099,11.36141073181724,-2.9981345823579524,-10.606761593515236,14.080545969578305,17.40327591541865,-0.017697308393822653,107.91251255387635,16.29457754854641,-0.008844571746746752,95.5181696229857,-3.728457719888177,8.801928614992399,0.005590184615450754,-1.109151519039243,11.561002530755417,0.03114327353201522,-9.005973879921392,-1.6051919411092417,3.154209547707369,-12.22168750673202,-2.8466371217935382,-1.345490086936502,-3.6515700393944583,13.618874538152134,-1.6593042623040157
173,2.8833333333333333,29.44883847328174,-4.758018531513469,-6.0418528769197835,24.49917899972007,3.3919604267577,-7.198876358928856,67.61722192007741,-2.436221212521961,0.0023552374227764033,18.856006926362237,-2.689908919156122,-0.00016882652548874194,-5.508764144105403,5.688644228318786,-8.342099434191276,10.78331253593272,4.34751342864227,-4.524176006266222,-4.894324658296417,-12.905137551278182,9.354876989065405,-2.1007099511021026,-10.235243678533537,13.121577564838315,17.671545581882395,-0.012869971562061797,107.53507696220385,16.744060461386248,0.014135168267361053,96.26917546770844,-3.059275755583666,8.570699032631465,-0.00971548385474387,-1.287238173466024,10.204964418837791,0.005623330112262743,-8.522143939605785,-0.9036008004061455,2.940530185449119,-12.259417738317378,-3.0055674528534255,-0.8458017281333056,-3.9822479629637537,13.201136021392887,-1.0747610732765651
174,2.9,33.08577190317567,-5.310393121637403,-6.846252440931763,23.048164835260824,3.7133277663880193,-7.584693112567521,69.41864210719821,-2.3451737855365034,-0.0014661076772795893,18.12276634498571,-2.6689330511910954,0.0020894944218688557,-3.681105365161637,3.9034062826752516,-7.660000015650217,10.812733609512517,5.213116719007922,-3.247197468080123,-5.01126542076005,-13.23487846493294,9.330974508559214,-1.1377266250215157,-10.24184749016364,12.873111751720513,17.664953379457177,-0.034993513209261,103.74198155492435,17.11831866763066,-0.006436002498825397,94.18899445361014,-2.293395811498033,9.300068467543912,0.04297369979403432,-1.6159490418658926,7.95910291316548,-0.004170620074632266,-7.975243354045614,-0.9146180370742858,1.993697442576997,-12.96971970491704,-3.1432446552766646,-1.2125827867150125,-3.286996925110597,12.955145507317209,-1.277176331392409
175,2.9166666666666665,36.658273778002666,-5.26414908515959,-7.377506867726059,22.119847371986662,3.176671022938985,-8.232982891924589,70.60927502546035,-2.1253420272913335,0.001745308721613116,18.735585245672464,-2.311443157412206,-0.0017907402629281637,-2.8643718115089483,4.316380305710689,-7.252518906494786,11.45247981303673,5.6587895256949015,-2.1701599047011504,-5.509950742235237,-13.338368480353022,8.856626247895685,-0.3660343223803516,-10.640654214888926,12.90231053439274,17.98486525158268,-0.01387770965720369,105.74841215340442,17.87097823892053,0.00611705739513376,93.64244758781979,-1.1570635689628777,11.25107133714588,0.05139280972597887,-1.3375565359322903,6.691997743211446,0.010228001970835876,-7.7785364888220245,-0.6624343154671614,1.0695450146918672,-13.050385399194369,-2.5422268691645598,-2.0999488965953845,-2.5057254334134633,12.818402790060924,-1.088702976065393
176,2.933333333333333,39.17007247933403,-4.57214735528269,-7.738016592616101,20.700101425180694,1.9450659431981432,-8.587959563299664,69.96188259164641,-2.130403370015921,-0.0016425286039366191,19.303753819234743,-1.905583131110172,-0.002935792806530982,-1.665474406265496,7.871275643658365,-6.601653657006417,12.382056154007689,4.881137194974586,-1.9668463956753037,-5.651251295069433,-13.042212224582093,8.49414824882505,0.12290023641584598,-10.627591052353015,11.752294372615069,16.885987966701208,0.003965572439606808,107.91567901370719,18.41366326729202,-0.005711985403649119,94.16112047926195,-2.580039223376195,9.812082785187263,0.02615873540962856,-0.6091793298262899,4.253492516786544,-0.00806554227527479,-7.58946022583181,0.1337633962112369,0.6682161544362318,-12.980828715183831,-1.9688289362451634,-1.8618641001848426,-2.87831035551083,12.526842984364617,-0.24837960054190725
177,2.95,40.91839996158856,-4.189105897180945,-8.907918448492287,18.597302680265575,0.9333460274479881,-8.71398528487678,67.50844902000759,-1.966920017033424,-0.006421082672299249,18.022674578033243,-1.4439777228630968,0.001343698356080574,0.16356518468615466,8.509753035552567,-5.903176918138478,12.230024246580282,3.369438796516459,-1.556697763026115,-5.140740352202352,-13.1113006413695,9.424152418642535,0.8934607949181133,-10.430463004437,9.616545371629698,15.810069336533239,0.00343664937883505,106.19932052397883,18.71971597021981,0.006655612383608325,93.35681879497632,-4.167879795750249,7.615464410220907,-0.03069288166409427,0.030224545962118324,2.861098197614965,-0.010070714406664665,-7.091560806568573,1.0605290677248131,0.06660104335339323,-13.364326765929695,-1.852181731932128,-0.46192710756057026,-3.4435716057018984,12.255562932111532,0.6102533717686401
178,2.966666666666667,42.037541971058936,-3.8310600822503744,-10.135170424857703,16.613621090716507,0.06612094405681766,-8.15479039081332,63.79322264805364,-0.5765003957927076,0.010474378445324848,16.40826178372414,-0.9366426836368676,0.0019305754798453647,1.8318750879450267,4.691138681815364,-5.600340635890225,10.98231953206294,2.949146944379255,-1.1770006496687737,-5.135337241545786,-13.544008396561095,10.29236960183391,1.6756773662412687,-10.825148055136468,9.248652813764453,16.71236411412173,-0.0054679572649913525,105.95242425853242,19.65680498202255,0.029803755595885207,92.25376301953929,-4.526797197973091,9.022329356746582,-0.008507475259652618,-0.5842553586435807,3.3949441998761065,-0.003993969635097992,-6.677720318210876,1.9394553587273853,-0.729829639912884,-13.31073726445593,-1.423469698328466,0.6583211985872706,-3.420335179559309,12.148160405272153,1.3752315087998463
179,2.9833333333333334,42.73399409955784,-4.5991489570598025,-10.170195389363592,14.600776800484992,0.5318344760403544,-8.408061559242528,60.26395511451466,2.0159966685402626,-0.0016699697638855248,15.37627489023937,-1.4069603484538522,-0.0022915386378799963,3.6874747379627375,3.0605684516856413,-5.657532292506048,10.81866755616626,2.7345388208336985,-0.8353712414850005,-5.7284213821482455,-14.12008570289618,10.342540797628033,1.9992910956224557,-10.00870766109613,7.437359336461345,17.632268175844256,-0.007790233517280074,105.8049035653035,21.23654795512211,-0.03733183607191667,97.08438890651765,-5.037312855553997,10.014089776284328,0.010351533607469897,-0.9007133695145931,3.108595762401528,0.0009686346682525679,-6.225536036325475,2.460982476790797,-1.178446262693725,-13.55922644569489,-1.128145403414507,0.1853232917505608,-3.270626713833631,11.791067376583298,1.5042771427447819
180,3.0,43.558589868186786,-6.522961933257023,-9.349369337021445,12.435237285570803,2.4020535581550746,-10.286018827138697,56.69798483791037,4.107733522355833,-0.012631610422145133,14.213877121742065,-2.847036279816815,-0.0022031948645925246,4.2960011327303596,6.736181776575098,-6.975012155953859,12.569014540303257,2.678397934810385,-0.02525004642527828,-5.943993259065968,-14.504126192764188,9.583526695667627,2.6283355216614686,-8.245642049740265,4.391554978385895,17.344741211687616,-0.004546187600359958,105.24999857371736,22.725627051981633,-0.0008657857218473899,102.60711342863144,-4.2809084602366525,9.189211950705692,-0.0007927095695777663,-0.6469297779859331,2.649347791091339,-0.001531887216022784,-5.379638190458216,2.3433659313473543,-1.0257389432241828,-14.51245491488962,-1.493803603137142,-1.5556460138738004,-3.254689827942826,11.100004609669586,0.9451138270406965
181,3.0166666666666666,44.1435646048138,-6.792066505528899,-9.01003780790097,10.32188594265087,3.1526878554788906,-10.938192900007783,51.65165648023365,4.45458762115159,0.0020302912250233854,12.659582771152778,-3.6510562280052294,0.002052797779026143,3.201185597085367,11.077982339246253,-9.533607726144332,14.045321734371894,3.6789564280094513,-0.013186717079682319,-5.840186694619619,-14.45651606332541,8.112481408252169,3.8927544634624565,-8.135632929093871,5.426664086510125,16.938626199998485,-0.0032921994097755585,106.3352748363711,24.021830159875968,0.02381035096365006,100.90088330109096,-2.8613606050268716,8.952741293802111,0.002704585826394799,-1.5227791868003553,3.029612614536936,-0.002581579065794732,-4.456869840107972,2.3546782278911884,-0.38072207732934327,-15.067451398489563,-1.8358744537481806,-2.809372913589013,-3.331328406812871,10.512969365332344,0.9345089164968853
182,3.033333333333333,44.945362962299086,-5.523569974253417,-9.8923547519283,8.221421808655432,2.670422608116306,-9.977918439009608,47.24533688931274,3.600473126667211,-0.006954888455718771,10.705608861813019,-3.3717008596072273,0.0018262914767035116,2.195129545471512,11.21161801637786,-10.5317745555783,14.32674254891293,3.8692272756913684,-0.470521232987843,-6.055920356712191,-14.59325653030585,8.137001532969336,4.9706391831021195,-8.361277381769701,6.059432551239504,16.98284796881427,0.0010050564096861607,105.37204979710828,25.323665069956597,-0.020943370497127783,99.43243799743321,-3.547580278580255,8.751927236386624,0.0031926027468192285,-1.8038472079545083,3.419312583908765,0.005134151332969791,-3.9460102189037345,2.8314612792134306,-0.013712571690663403,-15.559455790921335,-1.8720151645668368,-3.329944749389219,-3.43868632059591,10.305094881654526,1.4394634268041466
183,3.05,46.066343895451396,-4.892626926445088,-10.419265117723342,6.303380888417605,2.5467894107540903,-9.423978190265272,44.09812038127311,3.431565325689914,0.0007556510374689778,9.091676893423823,-2.9561248504076767,-0.002081655820305868,1.1738833161669984,7.193970622892204,-9.943712976623923,14.011784955139403,3.6790965980658417,-0.06149168868732814,-6.391710561915578,-14.969191727849346,9.798161827824883,5.815009036388497,-8.039069874717132,3.6151430447343293,17.17178228707986,0.0039011402312972548,104.6633184312157,25.95098288245144,-0.002263797785544884,100.36370123201283,-4.693381595203154,8.116896410561832,-0.002519860659786304,0.3707669979200701,3.4846712618647957,-0.007290687788580546,-3.6805694844681334,2.9619413056118504,-0.6499191629792489,-15.800669972366775,-1.8635999752138834,-3.3276719826593295,-3.1835651582387774,10.190251442500589,1.4649311852539422
184,3.066666666666667,46.22913252940993,-5.059357692207987,-9.415055116954296,4.387113586627199,2.7054568354470168,-9.256199329101698,39.83355802788547,4.692575158689888,0.03244887040986422,8.293449761995479,-2.7608757241130606,0.00045180924904273707,0.5916326302675126,3.2637692118024546,-10.973721162502402,13.649435491060256,5.034938656652092,0.4937808578431688,-6.4851099959623975,-15.012816717373418,9.304731058523043,7.099764340329507,-8.62867853403345,4.351290532514395,17.48208181288559,-0.001478383659463691,107.87852276845474,25.84245500369594,0.007493052391722457,98.48625064495066,-3.7557492384570708,7.882295113801414,-0.0017915194295840492,1.4935575455678998,2.365197376265365,0.004471729385777927,-3.019579965522483,2.6473693803149194,-1.8178892187153095,-15.707202310426046,-1.8543762946640914,-2.6906665840152972,-2.3592053990619783,9.758540920523737,1.0021597480026514
185,3.0833333333333335,46.04306007482109,-5.328901250741223,-8.918057999841498,2.206982730670118,3.203658284774045,-8.880749625974717,35.26688640705195,4.692766287320836,-0.03425231260726836,7.489473223928927,-2.6823520770744693,0.0016250291094468058,1.122689409279701,3.866519468562842,-11.966939708075087,14.074244503048707,6.174551054620864,0.46497509334483295,-6.432543512163615,-15.139720042159524,6.899750290104302,8.128732366785844,-8.779263574610281,6.258133677973178,17.727043660338573,0.00046668098462952643,110.45148083532088,26.331082787269718,-0.005717056380965327,97.49620704121722,-2.769567659423946,8.033696687217342,0.00034901101599782636,0.14034472806638423,1.2071323536271317,0.011763348686413481,-2.1217192809113254,2.6170704937725087,-2.458087438068849,-16.457994946308755,-2.0322503504543077,-2.9838628168259462,-1.991014505526448,9.167503733249072,0.4082927552667854
186,3.1,46.23854276696379,-4.545335665604753,-9.002022353466412,0.15147518417086328,2.969226807373042,-8.51587437377656,31.43301817854212,3.3961962761653255,0.002218350013720943,6.571897891509101,-2.73500140080317,-0.0024892118979049855,0.4562054176220467,6.106626304004547,-11.14380856440229,14.799498683473589,6.148015811824484,0.6086701512013031,-6.365860720437118,-15.465419112634734,6.076781208364646,8.478780873116735,-8.018548139514834,4.778191729224318,17.62829746523383,-0.001034342909344812,111.72066535553432,27.551550116213797,-0.0038019019009006404,98.43309090499089,-3.4969643919127495,8.08118557625441,0.001753063878121615,-0.02210343277545431,1.9439362231189745,0.007855283490703444,-1.4524261338786217,3.642430956158862,-2.8562012972974165,-17.302093481071804,-2.146643098553649,-3.746002753088282,-2.345208982353708,8.688010328870602,0.8023804842489999
187,3.1166666666666667,45.88364734242027,-2.8265129487779355,-9.344067201338536,-1.7027888887399154,0.677672295262203,-8.029269157489395,27.31905287162194,2.8075779931309754,0.01387136517385004,5.865356280168088,-2.167186667836687,0.0014523597962232627,-2.378721519951964,5.237565061988039,-10.10904069825891,14.811863567290347,6.627940479408765,1.2142281680468354,-6.267102256422962,-15.270818288494217,7.175770514410338,9.314167991652345,-9.295219808456197,5.761528109036932,17.716520155444925,0.0005646357432932856,112.55147660280814,28.595792329442347,0.011339358500217044,95.53113570104122,-4.7765037567165045,8.240249206849754,0.0007282846833022619,-0.12235153415964636,3.6209530451598244,-0.009755055576164608,-0.553252754249086,5.051535656795182,-3.96466577511932,-17.356193856444534,-1.6526884585924924,-2.673237609932476,-1.762834082578161,8.158109833080402,2.2816254363701094
188,3.1333333333333333,45.73190507016615,-2.063268474802218,-11.088837014678408,-3.61382055675278,-0.7840886026833539,-8.047697852449296,24.143541985030883,1.470974792870929,-0.02429896553766284,4.9292093086223,-1.3616465082086309,0.0007297693195231114,-5.4363919094006965,4.408983379523177,-8.814324270911317,14.541081206237877,7.192581921262065,1.743208143613506,-6.0629709104635845,-15.35615653297111,8.370242628220517,11.020500412908248,-11.76685089363132,10.838865996853162,18.136443843968625,0.0033811012198779493,112.15123490203347,28.82291178986984,-0.003706701286007977,91.43473964006856,-5.19286505786706,8.418242950050226,0.0008216538792478312,-1.7885923983280319,4.42297460480098,0.0012884470324784365,0.4524197281557155,5.6078653157701,-4.802910395186227,-17.76055130946633,-1.6181092345778458,-2.099318695727613,-0.6958985627576738,7.7427532480105805,2.8258290919370728
189,3.15,47.27414991874163,-2.1580727159676827,-11.959815975996403,-4.373712230486321,-0.45082102554332676,-8.606664402111436,23.430038608273097,-0.042817504823927814,0.0016971191389607658,4.597675119434489,-1.2307957547396982,-0.005986678468070439,-7.065569605951273,5.031777171902451,-7.747896320763404,14.631614146074638,6.638302433414413,2.082107980435648,-5.519452759644777,-15.892265652085683,8.529468941969203,12.677542886257246,-12.304898915420154,12.537963552805575,18.10857726905448,-0.0018476641621441299,111.92642222257092,28.360330510859953,0.0034787552304308056,92.94784154693588,-4.346833505674345,7.896331708987954,-0.0015056150105425246,-1.75389371429393,3.287553404671875,-0.0062424893681383925,0.5469887863903043,5.711910787791992,-4.768208451832828,-18.57176527435927,-2.1543074706452905,-3.233702162410407,-0.5401238009388439,8.236545025057248,2.4687202207884793
190,3.1666666666666665,49.34214437447506,-1.3402462686703709,-11.484920549044372,-3.9304147724342906,-1.5063831911694843,-8.373664377568826,23.899653801150603,-0.5755961901536272,0.007797890142120428,5.336374806030794,-0.6971856560302883,-0.004653540768757066,-7.223104890808043,4.899933531308469,-7.987136113338806,14.96781259015247,6.302050437225093,2.066801687705191,-4.626498509158459,-15.618281556248524,8.784996971191326,13.675096716156478,-12.19777296329766,10.551983942848956,17.685805158315535,0.0007031025790140851,110.17569736429738,28.29592150611518,-0.004806116059670327,95.73697989423776,-3.3906461625242317,7.315785950834038,1.0208097814926207e-05,-0.6634187549781164,1.3644237546563158,0.0005609610416374751,0.07705676155083498,6.029358970223231,-5.088174072968237,-18.518344685582363,-1.3445817942871494,-1.9913150007663176,-0.5071180028652991,9.324289900567791,2.816761457257114
191,3.183333333333333,50.7124093024463,-0.4809509266626966,-10.653308211292025,-4.198466645361036,-2.7925031768360196,-8.297819983918941,25.127905753761873,-0.6772320440692999,0.008513080892714445,5.391796353298022,-0.011549608251648358,0.0027032788896170735,-6.871934597013094,5.089141297705976,-9.012210292868902,14.926868151123463,7.304491186827895,2.2270979270240994,-3.902586072436695,-15.396571212715841,9.557266468510313,13.767162995893194,-12.828756302042796,9.933030735120072,17.824471647369933,0.0008971454221834988,108.96944237662754,28.954145623457325,0.008216489859229476,93.93448774898268,-2.856535104038402,7.782196703955749,-0.00016289688062369047,-0.9501918888869021,0.5351470275802827,0.0028115918257642374,-0.16972870566659368,6.48755564420418,-5.997315442225033,-17.979247767220492,0.010479999136799149,1.0511821036998366,-0.4683531095223505,9.880359948380228,3.2796469536409023
192,3.2,52.292553337987236,-1.1870715232628952,-8.312719760164791,-4.703210434857703,-2.097304440705886,-8.290587244584012,28.310135628227986,0.3285903991786725,-0.03170758594608452,4.90054663546875,-0.07064244080335526,-0.0005624198224503202,-5.007165113872711,5.810366258336679,-10.790715150873456,14.290587876395222,7.757519000032289,2.4958684918455973,-3.7396233954229654,-15.907896635110134,8.701098589621093,13.423741615900838,-13.419233589327828,10.89266244487247,18.692456771642558,-0.008549443216783033,111.46951032389836,29.758883968663085,-0.0053337885693933215,92.28914416621556,-1.81697946009686,8.716693685284863,-0.0001180314736625183,-0.9348093871133325,0.8471983103477373,-0.0014276325037024076,-0.5791681962394981,6.535200247691512,-6.733866270140674,-18.290503906782323,0.1525881189192043,1.6976099502970634,-0.5039888580673513,10.340598322523642,2.70572043987381
193,3.216666666666667,54.06899378786083,-2.0593596123271007,-8.556231900455245,-4.75682154336462,-1.462152532093118,-6.979859728721976,32.852790948204046,0.1007474179900315,0.01771021540219664,5.303700305233492,-0.19431508128234642,-0.0009936809277660784,-1.8701709243213833,5.473144669586815,-10.841587476217166,14.08276945476434,6.597908619717945,1.8251031501271318,-4.064218951295978,-16.027713859808873,6.679886374100853,13.665758251302474,-13.443215337959474,11.295856831946326,19.25035358064754,0.004183940973133554,112.35735005960706,30.23551636153895,-0.002503477213133224,92.5110451553024,-1.305597998603949,8.487654539600546,0.004135763536668976,-0.11441235508346431,1.7798939455897467,-0.0006126671072565,-0.9691849834710488,6.33523033182832,-6.8515304445412815,-18.95316880703105,-0.08522071507026674,0.6883909686596784,-0.021613852657045688,10.960071500229606,2.0375503214742086
194,3.2333333333333334,54.83674237521837,-1.9108873418869488,-13.113351852428648,-5.177517814767545,-2.1171393005432635,-5.781485365085035,36.408319975876076,-2.5793650899711498,0.0147510525797505,6.0735409683776975,-0.6046709572226564,0.0014222320398501716,-0.04320814802712762,4.621313666656481,-8.164364453481342,13.924214431865742,6.00858878520895,1.0651291068363935,-4.228979001523264,-15.794817649033973,6.390709138570934,13.920004793979505,-12.894518927158943,10.550385675602715,18.998776738151733,-0.0019289639725788425,110.25549340234865,30.411280656605072,0.008567102162159047,90.4447508959781,-2.6197898447763053,7.566838515728764,0.0029885957143109252,0.16993168393369268,2.046826338472333,0.00020845976156586178,-1.0357486894848058,7.081444502804617,-6.958500433668914,-18.959916886358073,0.03296915655234149,0.6721466318499782,0.6441805888918711,11.215775653720842,2.4751620313643024
195,3.25,54.91129140444688,-1.3631055081233852,-14.088853277912035,-5.321923556813612,-2.6681914593437948,-4.787741484828022,37.9048556671758,-3.330938135302313,-0.016427207727651775,6.944523874656105,-1.3381892148142,-0.0017640428405058368,0.2532704429151618,4.494430242002157,-7.970426029481623,12.355236146131672,6.270183419567136,0.5688811887915762,-3.9243129921630313,-15.883896699838097,7.579190972038733,13.336894930820302,-12.379449054934279,10.045999498533634,18.672622134156835,-8.543010371777654e-05,108.52608258770289,31.078471622691346,-0.011698345379011415,89.4615076566698,-3.813475232825864,7.888463605385999,-0.003119655588626858,-0.4228919604982843,1.8432347481740543,-6.674884214577329e-05,-1.3491624311182886,8.251223130506247,-7.400846038286136,-18.903258666668847,-0.04059252720897039,1.3952995308811824,0.8506379200697416,11.570767391338588,3.098993671404845
196,3.2666666666666666,54.886529253304865,-0.45574423723542373,-11.00218883705044,-4.693244481474481,-2.4637802726933384,-3.6599266960529886,38.61373992117614,-2.2252701514027238,0.0037279379577390653,8.62166001705932,-1.8608066762734847,-0.001419093269380624,0.2014275316499922,4.232399481484872,-10.858231546075526,9.902936532652602,5.874595937036299,-0.33785181183364366,-3.6509430252524,-16.01328504696581,7.996749713396052,12.564624571948615,-12.19545206496714,10.645370393047449,18.46711007113202,0.004093911259819582,109.07695059649608,32.08075065156195,-0.012492814494119748,91.47212532028806,-3.894559733013707,8.458415515189262,0.0011235140352617082,-1.6054262750315167,2.968502816684141,0.0004297435743321573,-1.6453580258452085,8.596686095278617,-6.906466888817655,-19.414076864303254,-0.5217290736034654,1.3775719040485448,0.36516859773291527,12.13664266590772,3.096918656415604
197,3.283333333333333,54.440098630055076,0.9717944948317383,-10.594038098266738,-3.9870990120991188,-2.31329350195934,-3.653825263602901,39.29971404683946,-2.791808801440536,0.003762609628839202,10.810347959205448,-2.762131174498242,0.002777801784127081,0.6330393218370831,3.467806200424996,-11.931757906849548,6.908745371510881,5.561116064568665,-1.318011889279463,-3.7284081710189674,-15.934384076977777,7.32798611795273,12.028065346647214,-12.15987712620402,10.863001007313882,18.363912534705218,0.003120844678604356,111.84902688442016,31.985564097646833,0.0032713655417807,92.06256283301391,-3.566834791165561,8.191139086199316,-0.00457776073241929,-1.2536090841289984,3.193797572761405,-0.010965050271560365,-1.8050293800135493,8.840821409960165,-5.835562020985628,-19.547672543065215,-1.2101114013096876,1.165374165346183,-0.3851753772055487,12.537610736493884,3.3060561588759385
198,3.3,53.041532597812605,2.215690979702348,-11.396439067183401,-3.5586255255926833,-2.489096524574798,-3.7421743256787656,39.094676424985366,-3.6404717128152995,-0.0010645828109361404,13.001953728040313,-4.005118673119376,-0.0020022013306740935,1.684214992280554,4.124830141804382,-11.698390618828345,3.203552792966906,5.9978798241319895,-2.609312832912948,-3.945138472040453,-15.891435071817208,5.773023745940406,11.237021028678157,-11.851795518674692,10.00776794201917,18.755735235659177,0.001576169866438661,112.29038538964926,30.666257101913224,0.005159458117826808,91.9481474657209,-1.756142367204872,8.680233657845717,0.006237749071215392,0.21624894174639275,0.8061142799807209,-0.00597205949082404,-2.1774384569493628,9.658412355432752,-5.641498315619297,-18.77201594865484,-1.7975888748793818,1.6188707829784288,-0.823494180986809,12.68053141932326,3.937054961196489
199,3.316666666666667,50.85939036945145,3.068048045730248,-11.075372464023214,-2.9015647910781337,-2.682771293815661,-2.9901250298489765,37.89398432186991,-3.6890234776193713,0.001059142659373668,15.675429224384242,-4.656990038199503,0.004989363788235259,2.8394984730516355,4.889325239643196,-11.957026657151985,-0.44338540093447315,6.5672706906547065,-3.7862426929931687,-3.897281341027442,-15.902090881351356,3.792428111636525,10.439400110611665,-11.11091962287907,10.11724491690898,19.04169114108254,0.0003946145292373794,112.0429799352889,29.607306152990684,-0.004414496993599835,92.10102119450573,-0.7909104493485712,9.208211841674446,0.008740560997046237,-0.32553231240429076,-0.36169186385008617,0.005367993078306078,-2.215058898862334,10.338507755874156,-5.551439954929058,-18.45823118842774,-1.7990701847980404,1.749625685661221,-1.0293082072461919,12.60192296317377,4.269329263875493
200,3.3333333333333335,49.338467221723576,3.9530707260458122,-11.193579109449072,-0.7523139522880485,-3.0955853573422614,-2.3656186905461127,36.6070710247485,-4.042892515745313,-0.002745150590532051,19.557277561509327,-4.557061669415902,-0.0075975150806765574,4.182286658668344,3.7169024406067943,-11.961106956949225,-3.395535564973191,6.990835360166258,-3.882549766543698,-3.5837983296938973,-15.820830342338972,3.771508702053709,9.94485436376193,-10.913315944800765,12.00777343275516,18.575151168432782,0.006980620688329315,114.7869218961035,29.308769411664358,-0.000946223039743136,91.39847392161195,-3.3669657023645514,8.257540211377082,0.015745630477056387,-1.5331805158002023,1.1232547801086648,-0.0009565541841731906,-2.4448291789076873,10.411616292982613,-4.745878575242853,-18.910473175328235,-0.9648752574147891,1.0315194717730045,-1.421364344220047,13.11188343185115,4.3267292735287155
201,3.35,48.26390104908554,4.5476023249827735,-10.430225602371198,2.3135114276580295,-3.1691330435764367,-1.9438158360509659,35.57782711303456,-3.7421117646184467,0.0019637441865894543,24.37855004067307,-4.702233103395164,-0.0038591088638791197,6.0206514604373975,2.745214956602545,-12.952936683876667,-5.651643491805663,8.491837836075213,-3.935512460952415,-3.174680724527534,-15.645815024283316,5.2377574648143925,9.16191792604142,-11.280951702383714,13.256326140739763,17.940196224542227,-0.006835452652360277,114.85475593626856,28.82893138092375,0.004626857733382611,91.25818595071283,-4.7170145153613525,7.640799237719682,-0.004668355705520873,-1.7131087461522236,1.502062585192082,0.005566721558934892,-3.2155943068270125,10.009145344755096,-4.01547179234906,-18.59406036131709,-0.08963592712851061,0.3061284690261284,-1.991348611758049,13.950813759015768,4.209281849605997
202,3.3666666666666667,46.08647447712581,4.342465466030697,-8.381896505896632,4.627602946232988,-2.09875612589918,-1.859202486832148,34.487749606714445,-2.586251435105709,0.0005615562185114455,29.124303512276054,-5.85361631819997,0.019949550906354686,7.883578001891966,2.7165852895387466,-14.640212971894705,-8.311216394720297,10.176606977468413,-3.5865575296760515,-2.676992459870347,-15.492284559782943,6.096136722423677,8.025099060409902,-11.155817693790453,12.741408473813728,17.92898520002243,-0.006136763352550873,112.82590182762407,27.991444252002445,-0.0028892929098614534,91.44623817982836,-3.6921613372309396,7.6255333583925395,0.002699135478842707,-0.9946574024623347,0.13037440172309636,-0.0023900873433720464,-3.339959137879508,9.248250727353211,-4.031149308161322,-17.268464177159558,0.24462531858887585,0.7777804159514667,-2.360697167401334,13.954685850628406,3.4832144074976465
203,3.3833333333333333,43.88769859456772,3.9843988633099214,-7.128442674661039,7.424824031377454,-1.0685804290093273,-1.725586746494005,33.16879873353893,-1.9403915218724097,-0.0021925540789447654,34.33515114017347,-6.5666518100914635,-0.019587578441192518,8.380068591424443,2.374517354146345,-14.635154380985876,-11.015888372886996,9.516892984846741,-2.6940561650048225,-2.3190199519022596,-15.490457947331446,7.471441574502488,7.2102684484755715,-10.825595586170643,12.581516998154163,18.404404537162833,-0.011437709236004867,113.73769170114228,27.091063835965286,0.003994422825831313,91.44999561398086,-3.707934070590611,7.558339037833815,0.002355013985279217,0.7481715313137939,0.30689472099041376,0.006109321072257296,-3.4622266507836694,8.435689248229837,-3.9308149828765404,-16.18188492009446,0.3715358767780927,1.91887011260054,-2.7267232267971955,14.009063835918779,2.615413175931805
204,3.4,42.49158551480361,4.019942123691051,-6.327401562960978,11.588823062528027,-0.8812587416286454,-1.441957682820273,31.9457504621829,-1.7687245819636948,0.0007654540000595574,40.55152727493368,-6.3243436049675665,-0.013313327512448209,8.277167658225453,2.1848162211799598,-14.033328113647741,-12.950358292321958,9.002973817510947,-3.290081187795402,-2.203068596482197,-15.501221346371345,8.092139519128045,6.482529162285738,-10.51270171601772,13.102357551652204,19.05430993657384,0.00800465422547511,113.29748330843304,26.41567937216566,0.0074323488459578455,92.71544165576391,-2.4831198028870802,8.5930079886458,0.007721788105571132,1.41003114049028,1.590414609393118,-0.001928115039692189,-4.062105209919262,8.033936751026337,-2.7915794035155423,-16.165095881353768,-0.02110586231155689,1.5721195812658142,-3.2801270113814343,14.572907104006253,2.22881932488228
205,3.4166666666666665,40.836512091943995,4.327593674306063,-5.044411135483529,15.402094700266787,-0.706751805600364,-2.7279146875021163,30.76243743084556,-1.7316087687241548,0.0020789335170931325,46.0811422839522,-6.883380808647413,0.017546315600235285,8.872312132292134,2.101463567822448,-14.839817855684455,-15.212778466263964,9.064639260485603,-4.400308045442439,-2.081789085982141,-15.491896558812472,6.636646773494191,5.580271984239772,-10.01662856176481,13.213343558974367,20.095667704671083,0.003232940448894607,110.9655920751064,26.47634483443196,-0.0024207014385514186,94.57802162071035,-0.4929124136275417,8.721252604883416,-0.006991573048005188,0.9076854335768635,1.7401893137707554,0.002765859488217389,-3.995593887936326,7.986695259668878,-1.498951720684715,-16.63380415784643,-0.7801328050815705,0.616282022573935,-3.719454239891724,14.740365140196017,2.0145166005993875
206,3.433333333333333,38.71813534113076,4.489007645146618,-4.492940951284479,18.41368998686934,0.2614197612694238,-4.27533046433837,29.068013115291258,-2.1640502855965864,-0.002681845073321509,50.68361179651735,-8.08843003444381,-0.00534093487765254,9.231593073177304,2.220543242487918,-15.039316278503339,-16.301008982470165,7.984318661507742,-4.993937836720906,-1.5393337130496336,-15.704173500740692,6.459687580687421,5.039797178650794,-9.867336202237539,13.912617740545466,20.876011201537686,-0.007849629217891,110.59347143044415,26.569951884407793,-0.0008005579201372072,94.30616041334892,-1.4474154253360612,7.133751259794855,0.0046137532253511205,1.3885081557198382,2.3379084264905945,0.0011575895791947394,-3.4189097818151732,7.580173787310279,-0.4012601268770206,-16.62589042146538,-0.8967295169614038,0.9806276936440005,-4.265407121201074,14.611576999967822,1.5148878879106882
207,3.45,36.21921464100462,3.3291131641370666,-5.278868474793284,21.351570006821966,2.242801074971597,-3.702163615306687,26.99471468142589,-2.4576257615393393,-0.0023747118531037906,54.970941751988384,-8.778687889704855,-0.0002627118816998488,10.287959614473857,3.748262952529214,-12.384893844739466,-14.668390685428712,9.518032201178121,-5.905310329956902,-0.6601712029806475,-16.057559816092862,7.990094403336386,4.552126603228666,-9.833970920703521,14.820164191161544,20.99959938851722,0.0015857953378953526,108.59545048845592,26.04275338405651,-0.006054840347603262,91.78711858300065,-2.254917819759706,7.518021143964451,0.011189794054365034,2.2048954843275146,4.290234911648148,0.00045377710942174607,-3.0189811488143,6.323086329160339,0.4874709171874377,-16.352126913121737,-0.7689994836897248,1.2885632120342185,-4.5628381696847455,14.362363680433534,0.30027895755145123
208,3.466666666666667,33.442890213968894,0.7899383380158261,-5.904055898019775,24.02533300433145,4.086132443397068,-3.5543539539987434,24.87738833985735,-1.564869289647398,0.0052700970552226525,57.53082705032357,-9.107840621379104,0.002820256958735841,12.233546276092655,5.021404563196946,-9.56636275536113,-12.812048913759599,10.96733650224057,-6.504531642452292,0.03198349628496984,-16.15770933584679,9.454321789210375,3.613250383029748,-9.598765722434973,14.568442239583653,21.262160904261517,0.00800903925991661,103.2698802240642,25.352420439603904,0.0023838581436218323,91.10936556330182,-1.5269995809224894,8.236225061169273,0.021827318621754854,2.8599868048919923,4.585637683512735,0.006177425971121159,-2.9581669746672468,4.5997339498201955,0.2728798284149513,-16.216537034050802,-0.9270792941460378,0.6669766826351488,-3.8282773211493133,14.09673968484886,-1.479793792432037
209,3.4833333333333334,30.775263803287178,-1.8117466630544556,-5.873012990164371,26.360939998753906,5.273336387958691,-5.851349467695903,22.73871942834995,-0.27315038456724905,-0.0016688361750348815,58.507040218504414,-9.395054615386796,-0.00406190125438047,12.067650068073478,4.539942322550162,-10.017154374530165,-11.17360010253163,7.04439693123211,-6.547484372237752,0.6347661758874868,-16.141592198080897,11.09990495990609,2.74955636791152,-9.482568509361567,13.758170537430923,21.92559928821722,-0.0028627738594427412,100.23912882524141,24.708404921318337,0.005009166859618085,93.49187894470406,-2.989185099979563,5.545667870428064,0.0293939849288255,3.4855000737170436,2.5137513941093945,0.010917073746696405,-2.931444898732974,2.837114859307368,-0.29977939838700296,-15.981228984445318,-1.1571039148895306,0.09568037055610346,-2.9604731291403175,14.025553821105232,-3.2705868652966394
210,3.5,28.90451486388324,-3.7249879601023212,-6.26099662557729,29.477265461952378,6.694444360494633,-7.873061484644742,21.55292234978263,0.19478080229439262,-0.0017399919453601953,59.82582340895243,-9.681461084108506,0.0025521718459629197,9.712715454906727,3.440662608422451,-12.372290174079952,-8.074917789508127,3.4227439056640625,-7.421932955214467,1.239612396458984,-16.27972991268733,11.98738990293475,2.2755899806208526,-9.256311111446422,13.401755553946884,22.781651891720447,-0.0021665607767148145,101.4669127585359,24.071175645485347,-0.010598052264767675,94.69088694195483,-6.0333149274513875,2.978358013822832,-0.01840970238388252,2.193209494079677,2.16053370443158,-0.014621915781865091,-2.865873593075925,1.4375740004063349,-0.4014046013043981,-15.41664125273112,-1.5237806241609482,-0.4916258034581652,-2.3546954876815445,14.103220515902786,-4.783401223301169
211,3.5166666666666666,27.902499041696267,-4.270203285648672,-7.1329937347577275,33.33894114316265,7.30239782210745,-7.4531922080518305,21.13026103203076,0.09761387794581912,0.0076368799120502835,61.56233022420202,-9.0444333228796,0.001841158500750179,8.042444174812223,2.221980842860292,-12.8677022476873,-5.3958063595637915,3.0764637278687132,-9.550361106677983,1.703135774919868,-16.078419502293666,11.501186767852197,2.039470998678038,-9.092037633724399,13.832306147046614,23.141310260182674,-0.005849584078828064,101.70002612070708,23.33043426819418,0.0019322740858957557,95.78337375604994,-7.616547300204714,3.0986749873351336,0.010146650741915004,0.697005250704472,4.378923359820526,0.012733250005877644,-2.974451832560031,1.0707835395436491,-0.21132100942230064,-14.74841494749366,-1.5819963335567617,-1.3555170941821717,-1.5920664736575185,14.26257847123184,-5.2471186404455405
212,3.533333333333333,26.043281712574025,-3.589242215819068,-7.5581543165418115,36.43395907244704,6.415175530657738,-5.510916649287192,19.094983381151163,-0.4144067237663536,-0.009742580279519374,62.732768185699705,-6.5644858306913925,-0.00422673817106109,7.404764718677143,2.8581291391507877,-11.750227790914694,-2.9304083075038467,3.421221623654049,-12.241512062471136,2.310387117082403,-15.640821712006995,11.341349377318751,1.9403359046297217,-9.31064398748483,13.779646671773536,23.05387722155127,-0.00596584513335004,99.00184198442336,22.487710191922663,0.014727644823761522,99.72254318371516,-7.49740735905602,2.2795569542586387,0.0033634744479951947,2.757345546896463,4.823286159421674,0.0035353578219809558,-2.8264352746350845,1.1489107366055817,0.4986526612279612,-14.458493256304417,-1.1909157038299143,-1.8806367054176938,-1.4062991925362178,14.305310531786661,-4.890690367954735
213,3.55,23.390179872041713,-3.5885605513744827,-7.824366540751282,39.27912113523731,6.3406984633648715,-4.407691976848394,16.45197231855439,-0.8674704579501612,-0.00834925041586269,63.13894803084744,-4.762180287750422,-0.0012455571962913547,7.469682987184543,4.458603910560835,-10.891184900068241,0.9827982156562467,5.160543115477181,-14.536662852965415,2.994636173597384,-15.92261632074005,12.372135482478312,1.7075487094744344,-9.369703828630074,13.059981636377282,24.12872795907921,8.087490993159653e-05,97.62941160055234,21.750677726060992,-0.004680185051204495,100.44542117157805,-6.583193936044716,1.026454005996502,-0.0013977968941714732,4.315111457491045,3.9757030966716242,-0.010908917229350263,-2.4987017398510853,0.6298098862402975,0.8452888669922518,-14.408707116437139,-1.7690496738542705,-2.1629345523514174,-1.2470217813659947,14.230955430686405,-5.223264277889366
214,3.566666666666667,21.18350274273549,-4.598609632795988,-9.097594259370535,41.814019298388594,7.436035403971058,-5.003258859388567,15.77083350866849,-0.3046998125386067,-0.0018262624126692004,62.8777251892587,-5.650100759748364,0.004871097377361861,9.12259727393787,3.9726820956182514,-7.985075482869032,3.6528732908883375,6.340603621348957,-15.624722976877123,3.570980266586071,-16.6398106900973,13.662884467234889,1.1791362951030455,-9.423174494518767,14.48334384180934,26.1028185274103,-0.001646707269251695,98.83425373711546,20.833248315133982,-0.013050040564958221,95.985577493621,-5.379184795456555,3.08314738651159,0.020312375275883927,2.335250177559871,4.526304506687247,-0.005512715540096524,-1.9453632984740425,0.2309587636386682,0.5076052893825572,-14.03790649286176,-2.921854249110558,-2.6410251289834474,-0.4141669785050702,13.618427522408213,-5.800780509947191
215,3.5833333333333335,19.068786718427,-5.063457224991963,-9.671861613200742,42.847259111303266,7.694928468656475,-6.347577723447535,15.59482243761547,0.6497511192108717,0.002367679541604826,61.50753639691673,-6.895133095001828,-0.010130789813612116,9.999941938966582,3.727097536358647,-4.385058403009442,5.019270193878791,4.220265779144002,-15.503692646620092,4.385246374002878,-16.959930795325416,14.258879273788345,0.7561420172365834,-9.862445647485487,16.775268866640662,27.24040058641936,0.006941588229215141,101.16896731770144,19.589729075926126,0.020551976176709858,95.05488857633127,-4.275266300262512,5.269476649882921,-0.008530549796179681,1.697977809102565,3.208395007312152,-0.011723771552318598,-0.8320697066633731,0.4375338077666571,0.7670085563489816,-13.290449904591139,-3.101775347721297,-2.7448716750403706,-0.17291810298453264,12.452329126258848,-5.6783909732566515
216,3.6,17.10911975273425,-4.379116396612775,-8.860194683436552,43.657384233483114,6.67945331485371,-7.433160580186852,14.455214636173725,0.844979919833008,-0.0037403734404864507,59.119354625353566,-6.75626435260246,0.0031932472255569427,7.212593625110151,4.282309997365763,-4.433368223723753,7.078032449786257,1.3034885573237966,-14.973614536688425,5.447915871806016,-17.112257759041142,14.495437976440282,0.6783552235537116,-10.021817405342238,16.062164542955866,28.005675371327126,-0.01096678707034331,103.93788575060023,18.920851447339622,0.005947009350961784,99.12466557831567,-2.928431650760429,5.586329983865492,0.009906635147577517,3.109409481435623,1.6245034498283624,0.00010221862104385813,0.24343545715462614,0.8288634073941522,1.83054426524938,-12.772022253490475,-3.2369590748477775,-2.446627226841953,-0.921781466852857,11.750146584541982,-5.078057440190265
217,3.6166666666666667,15.304259773679117,-3.1714638989985797,-9.281239190879853,44.984967902543104,5.16436708972514,-8.224584290750336,13.48476013677121,0.6316680396061413,-0.002615101708296565,56.52877406992043,-6.565897324481585,0.015063406998391775,4.023080221941171,4.1047581838107146,-5.124881126401416,8.638153098776636,1.2798091453272962,-14.304557771013803,6.334346060973989,-17.237034842687553,15.78641626567809,0.6583907919545576,-9.930888981343257,14.869418869283674,29.30847210227238,-0.0017755285222960519,104.29364208140551,18.843010726983625,-0.010607930128326892,100.34937779992931,-3.5746859945113036,6.702981323200495,0.009289002762932836,3.5496434622126567,3.6856321517231754,0.0027656831366224726,1.1594047220759522,1.2818802478941245,3.4456519725596273,-12.906912123543583,-3.7818771906350293,-2.7924749542961713,-2.1922486328740107,11.332080593376814,-4.03169708589077
218,3.6333333333333333,13.488516093772695,-2.8602874418994384,-9.890629405952398,46.13764455268918,4.513370574977448,-10.372253191066136,13.205536182484236,0.7861433791430512,0.001291654965868578,53.27528198694216,-7.902843115125252,-0.030453690537369064,2.729725858521011,4.184613746529392,-5.144787361105507,8.439005195290317,4.760449526495923,-13.152746926263061,7.135225656380293,-17.16714270446464,17.337983060720884,0.37474373447737797,-10.203602488046354,15.523594893601997,30.42898922911919,0.0026708198514762108,101.47362503140015,18.537068468788725,-0.003914058860928242,98.76246189209532,-7.014879229185107,7.072274611228238,0.010845582492725376,3.4597890059482874,4.251311297080075,-0.0027352441566572184,1.9544821965771855,0.9873760677177067,4.9738777626583435,-12.873335313206699,-3.9882638773892856,-3.503253467005787,-3.3456193708454496,10.87442571546322,-3.616215879701376
219,3.65,11.650798008839267,-3.850069827240818,-9.314791298907195,47.29908999543112,5.050703656687939,-11.78438944250091,12.416156711477603,0.8621418175261648,-0.0031871576940424667,49.28452137396681,-8.339396822970947,0.0061002878555493035,1.804247117942775,5.040925986246126,-6.411053009376977,6.794046783724478,7.481550364252607,-12.282442983592002,7.94118881448866,-17.029348518272162,16.77664253428012,-0.27516039681724064,-10.67493605186874,16.056435051697434,30.907126775728663,-0.004632608343798317,99.64698387326176,18.349362265176634,0.00340819225135269,97.3573089044354,-7.267887021992003,6.299086257170315,-0.006196484696217649,2.8066877365311385,2.686522914110332,-0.007733703512102173,2.3850073747637364,-0.3520483980777506,5.445071803934209,-11.97981540918219,-3.9905541202607124,-3.483980109200776,-3.7245102703218085,10.704051505324845,-4.584231955559183
220,3.6666666666666665,9.394707675347473,-5.005224463698107,-8.911675440660199,47.99482437727581,5.383419871748924,-9.849916816490927,10.866474669394556,1.0506240577213146,0.0007617917841530525,45.5681112143906,-5.943526676935363,0.009494827473947325,2.0506070522882007,4.817278792947363,-7.015673190614811,5.932232612354922,6.281517577634349,-12.726875653316677,8.456473084579049,-16.790877529596546,15.517371396132583,-0.9879158787085497,-11.036188767145264,16.123726600424817,31.315919363113807,-0.0012636322417092637,99.5717600839169,18.132541446647394,-0.005036026457433484,95.25845656528784,-4.5091467568813925,6.022456247469531,0.004083339940199874,2.0364125340232926,3.35307462221536,-0.006547271734172244,2.8722736435593546,-1.551580657291859,5.511912598350418,-11.280065337908454,-3.899454259602754,-3.272516648691129,-3.9708857993115383,10.31921588911571,-5.580079399776113
221,3.683333333333333,7.018698195101999,-6.0428845188243425,-7.914223265373929,47.74855830671392,5.244060240739992,-8.185470167397114,9.973075982465135,2.042705351633509,0.0002781541172418408,41.40424927719262,-3.922694288917161,-0.011328387011629422,2.847903798686064,3.5310943930816583,-6.729687357869914,5.775504462803941,4.389602139622939,-13.654083212037774,8.818475773397028,-16.70906306481793,16.02722559871295,-1.4218303562573014,-11.152659538276424,15.411509221374622,32.067902297747246,0.0038722676550042917,98.88840978836545,17.36182285928162,0.006456372482182075,95.78743028699118,-4.254006459930228,4.328855153970804,0.005381092477385871,2.566483391826158,2.8842954481590315,0.005933783462778718,3.6603952728993114,-2.33119794942446,5.755930718090541,-11.04810539430725,-3.674240785935466,-2.9328092502498433,-4.37237548791789,9.55208701644498,-6.090671182983816
222,3.7,5.390349989638449,-7.1308776679789965,-6.741070961421004,47.59172077352555,5.607615828742214,-8.820125082927381,9.725959869383859,2.9035823166797012,0.0007123358901451177,36.350726574682376,-4.002800558575637,0.006385880749357643,3.6477145216947977,3.0831018000493158,-6.500407585937963,4.635751834004093,4.810851578217347,-13.337344567859525,9.238332646617678,-16.933711277466102,17.401384550654853,-1.689430007548079,-11.07063649504258,14.193996280132152,32.81175535180292,-0.0008697508506815116,97.8810026220575,16.363502698290606,-0.005280318725598272,98.59252874658168,-5.609596899457971,2.411349050664792,-0.02317188307929453,2.933153130007751,-0.19375157198181764,0.015995626607220786,3.9827190940018236,-3.2912070831709075,5.6263646241797725,-10.894896855436196,-3.7104462916216043,-2.7280026045756585,-4.2865048733514595,9.246430452279663,-6.760349746771921
223,3.716666666666667,3.9206241158866764,-7.02523060952463,-6.836284781194513,48.062284343316065,5.748704630946862,-9.363168288871348,8.680462427908685,2.8047689826628917,-0.0005801804540226809,32.03787527055266,-4.577482004335045,-0.009261042038186663,6.330689741387507,3.3046810955501056,-6.2639028952196725,3.4409664702716256,6.291201888846659,-12.330775957956199,9.852730518150242,-17.282891469458622,18.47450510426665,-1.7741828894788054,-11.063050098051118,14.7457487698808,33.05942784190738,-0.0019656955662753495,97.22306309364734,15.539158439303332,-0.011827257305967575,98.7534347885848,-5.916434857337077,3.19608588525743,-0.00799359499550475,2.7800082153038246,-0.8930796613004407,-0.005641449426614342,3.975923203477357,-3.5472373459240094,5.916547698187205,-11.344514221741274,-3.931532568651892,-3.936932115094663,-4.273898560471581,9.385278739788145,-6.793039728305997
224,3.7333333333333334,1.3995199169280743,-6.117210929503073,-6.732345234633733,47.976560973171544,4.862448933560024,-7.334947605507415,6.9882485332650495,2.0851944599272025,-0.002683080546796548,29.18385616256068,-3.23288201197349,0.0031031832675955623,8.397693797971767,3.8098640926129446,-6.673708535666212,2.5158530954877474,6.54084452477626,-14.47311683204324,10.817621094331933,-17.56744135925581,19.262472444464954,-1.9389944208591612,-11.57421062516573,15.941051187962007,32.91922055963446,0.006335051314113627,99.30270043209867,15.492880079996107,0.008865117657892914,96.06908639336467,-5.284150959253261,4.605996380284357,0.0059976961231328375,3.451877202978728,1.4510029162469198,-0.002947442436669154,4.934491306051629,-3.5372813309105537,7.44808026320578,-9.447815270578381,-3.6070313154705373,-2.4183729214911596,-5.2882704443935955,8.77024053906754,-6.350041106214983
225,3.75,-1.0886452494760885,-6.957148730378437,-6.223991072655431,47.37724477848649,4.3895711857684026,-4.008974114355721,5.978412089037309,1.8506086226260576,0.0007744941669258267,26.679902782079814,-0.44548719961752997,0.009096798831978073,8.026309381368096,3.6337559407388316,-7.482360862663132,1.5096216486032448,5.33439343467458,-18.113508732937575,11.321729169400742,-17.177958425987086,20.306708616333175,-3.0576823949588836,-12.57276476543002,13.596488529880588,33.164240397614144,0.009280402943469811,102.8066909148847,16.25264267839959,-0.004957232053569949,94.30022276882856,-5.700701825927152,5.57950885021744,-0.006686552391584898,4.327119231580797,3.7403710823728296,0.0012624764290520318,5.533705966647547,-5.4827853003695965,8.16260277720833,-4.624671323148572,-3.133569542385205,3.5488556193351863,-6.639459447719655,7.929689062212776,-7.28998184900667
226,3.7666666666666666,-2.403263971444126,-8.606492687579367,-6.37487027221652,47.63212812363125,4.841084965372837,-3.0778127250381977,5.474486110044169,2.6233597333317675,0.0007055013137454096,24.460501488127882,0.5072415128665037,-0.008261734011667592,8.657970951560426,2.2591700215051937,-8.032823803663351,1.0563717109980373,4.252741554444306,-18.337868248354116,11.45990610367723,-16.631829111804795,21.32068293183378,-3.906518110070335,-12.884140251532143,9.863275113532781,33.65070379634833,0.0029446245651536104,101.05746653697511,16.799802988339586,-0.007928734677725107,96.7241370978915,-7.471013520155586,7.099745911279055,0.00290122388118406,3.946592890560005,4.608513234455559,0.003969025624672514,5.0146050905187005,-7.433786825804502,7.537119880385288,-3.315326561952575,-1.0555402465583632,5.871198589569592,-7.066859097302028,8.084635613873605,-8.549592375913848
227,3.783333333333333,-3.1973034510334375,-8.497562788926865,-7.149791857801139,49.219963919112914,4.845245425644021,-2.0622126154388023,4.941682734541275,3.12782701938191,0.0017709053714252217,24.176924577007323,0.6920650778863062,-0.00532228979424625,11.428029728384983,2.704915204149212,-7.3098864636353476,0.2130103197325265,3.974577210481146,-18.048810503589515,12.25450520063333,-16.886337450573865,20.42067065736029,-2.9400285520992333,-12.472038746776104,11.024428967190598,33.30691366747423,-0.002293809299958451,99.12377904028793,16.882631726907697,0.006554351779016035,98.28482683189061,-7.728207343432261,7.071527478153243,-8.779578697048124e-05,2.0719986042872667,4.158915935568613,0.006641536867827241,5.176820474695084,-6.909339992259663,8.198436381350032,-5.992117492679877,2.7887414118009826,2.245447591649845,-6.653385987797652,8.744760404706318,-8.169592055861143
228,3.8,-3.740275591930957,-8.097991342030527,-8.607776417918009,51.26858529034741,5.015970801420381,0.8493625739157404,5.08240239323974,3.1771289456942573,-0.0030493869893586504,25.954175455685967,1.2407576812288628,0.0008644683037854824,13.217479396396834,5.377316754439065,-5.478545312448869,-0.9380364581075693,4.89412457279455,-19.7876128210306,12.618274893648424,-17.33685105280659,18.466096798006784,-2.6078391183725316,-12.355933543059313,13.952060508443568,32.695741746770935,0.0033715379189653383,102.88336360078894,17.254493845012338,0.004122988588556663,96.20496550786486,-5.639365952357698,4.726708172388821,-0.0182792731260891,-0.03899599044258099,3.0188820267097607,-0.0050465050109416865,5.363161607890356,-6.094841006807606,9.478552709684418,-8.931701858999473,2.0464352641186294,-2.4580033081693196,-6.211969988382962,9.299269317101789,-7.478078929117578
229,3.816666666666667,-4.184362108018501,-8.08466153194683,-9.132390176074043,52.60463251146124,5.1861776457589635,-0.6296182080167676,5.572167047693318,2.691643665912333,-0.001797594272411222,28.081060901920726,0.1308620213620081,0.008511852950422357,13.238182361150928,6.4402671076683085,-4.651718849708963,0.1375136464442435,6.927464479762412,-19.069662717488807,12.134883314591688,-16.666452977674812,17.980599233466112,-3.78805175895281,-13.009286287347603,12.31218395508859,32.57410437600993,-0.004246390276598557,103.75036045290717,17.66978657884547,-0.0006883554841825484,96.80824353112376,-3.7836241842571545,3.155111417047308,0.012012679250255204,0.5701300904628819,2.335115028060295,-0.0015412250363108586,4.517701296509766,-7.0460872437716215,9.253631542275082,-11.761341751112933,-2.0027304367072016,-4.947966078442938,-6.076168791821344,9.752450771416564,-7.734476604624607
230,3.8333333333333335,-4.574933432255688,-7.7022849415485615,-8.027844969031946,53.22551631299093,4.603589474932422,-6.484734689505804,5.736099665343849,1.5039523437458762,0.012081498865998623,29.807126175084942,-2.0520036566865745,-0.016498495478283692,12.916608821458786,6.16189064099734,-4.62835919637639,3.0995693010955763,7.744062032903583,-15.195087023313596,12.003845668664221,-15.916527508360533,18.988666396015734,-4.155534944849001,-13.34623371079073,9.551795067466616,32.414591546762225,-0.0022996854331147165,100.79736113595607,17.520181453913658,0.0024083094912190207,97.52568153029458,-3.5307236181137034,2.848717820479375,0.003047002764102499,3.7792245746400837,3.4934242561284794,0.01960961908803959,3.5126863719375323,-7.961400326042568,8.829136220740953,-13.573492048065534,-3.1102115517845514,-4.504360249005942,-6.251629262181404,10.36240416045235,-8.00232527327821
231,3.85,-5.722624832158836,-10.366067296508557,-7.714842774076874,53.043075061612235,6.835462590152586,-10.066829630651558,6.4481892159766945,3.1420030482269947,-0.019859170822368502,31.504505015748034,-5.097067944125642,0.014819666335059448,11.880817980308052,7.058693239235793,-4.161562294332599,5.577592209235022,6.630818429885766,-13.443551953995286,11.439602277111698,-18.075100216321516,20.51732874454031,-4.508309063702231,-10.96614387415923,10.197682384910456,32.25792027914095,-0.0001450297595604298,102.28151893472784,17.15276247185807,0.001445315666796506,94.93482115039036,-3.384209499159858,2.1454027076508657,-0.005602854391583449,3.8401111407013944,5.105232887293068,-0.005631887550108374,3.2157049840508036,-6.102617914316516,8.317044912586331,-12.639156606685635,-5.329726592935719,-6.007328373922832,-6.482006914927013,10.285315740002172,-8.24538414264053
232,3.8666666666666667,-7.095963309616997,-13.522139446736304,-8.046047985538712,52.629189694177754,9.931436240176263,-10.22142811868468,7.5539215296150335,5.642051455087388,-0.019771839937782296,33.496364740688385,-7.296823198576964,-0.0013781550121982394,10.375333860160929,7.277256088984421,-5.353047405353837,7.257034577591468,6.536734160989856,-14.623516641431708,10.07919657261652,-20.003969104088103,20.5902688453089,-5.445325601483927,-8.830777385527911,11.021151485792059,32.04373175188731,0.007714299890588495,105.54170326640923,16.93362446692196,0.003784843461906927,95.13468125334548,-2.396344066454772,2.2982150900642635,0.0038773436558428207,2.0548349172145937,5.282979544434159,0.012056729429806222,2.97908798984612,-4.727431832406698,7.565771977537785,-11.337565960714516,-7.966764330423606,-8.469830013123952,-6.284423470192818,9.854176997800417,-8.783477630051099
233,3.8833333333333333,-5.902337297253738,-11.290491310110234,-7.4329749333199375,53.30833127015874,8.250752611212974,-9.099615472367343,8.76715354937055,3.322049134772501,0.015119162446811734,35.39662118364326,-5.74729407530089,-0.023907389706036213,8.947854080570231,6.0003861969042935,-7.366574865799621,8.79416959473871,8.274161320927242,-15.176739322400026,9.60468585433843,-17.41430229740886,18.716193446063375,-5.144740223928027,-11.081140777320797,9.683237787306322,31.247859082581098,-0.009833484491656132,104.72927018886398,16.98210001868092,-0.0006463254375326824,97.34221719757284,-1.0969931185319652,3.534962132560048,-0.005358197461603037,3.2675982920131075,4.960265621108974,0.0013374930786357435,1.7243902349926974,-7.236976909585101,8.152502858999117,-11.520559446900991,-5.184217521379656,-5.605772690674527,-5.910524248282434,11.057705704768994,-8.741553160144235
234,3.9,-3.9154492765799644,-8.807458692925056,-7.4705823295370735,53.48691589389463,6.184685146384278,-8.33873730748796,10.912167886705832,0.46888823671587493,-0.011741509730717976,36.354998813608184,-4.165924965749003,0.012315525378248164,6.23480401321572,5.52990731138722,-6.968494063475299,9.626457523348964,8.641865992159433,-14.600462523307243,9.683100889283105,-15.010389277769386,17.26108508388901,-4.371605794083969,-13.138356233090343,9.459109700281145,30.472499481887198,-0.010547754100685196,103.74240798896294,17.066314374656912,-0.0010692640961905843,97.18863831495997,-0.797697915543318,3.6778708924314185,-0.008384050979640817,2.502376268119999,4.524504564644925,0.004747243932897139,0.7090759293478339,-9.13689205555544,8.923311015001893,-11.62417397640548,-2.822492455984569,-2.435726092857716,-6.063470963245569,12.27059014371048,-8.22374233120257
235,3.9166666666666665,-3.863792572395052,-9.449749835736005,-7.949788888144937,51.70906522667332,7.399767431016893,-7.758496686946539,13.253894583363202,0.365704519885886,-0.008876919718744514,36.59118975520583,-4.653550288400441,0.0002762860235616297,1.9313567323731216,5.592486446855698,-6.01557411627052,9.899708977557035,6.982933729193118,-14.383604464340854,8.83518570737903,-14.997903557279374,16.825610709579397,-4.302522621354573,-12.744644615269856,11.102759656824347,29.48572497763652,0.029421866693503412,105.96851454000516,16.842473786820225,0.0006576890346816402,96.40222471994873,-2.304526437332357,2.3668853744445815,0.011909637234398569,-0.7873734426815494,4.225477435628725,-0.0009391614616311885,1.0504122342455533,-8.73349373261002,8.739662500468349,-11.389307408313941,-3.8684287571894433,-2.988315090356381,-6.095591777422985,11.668548191151446,-8.007433733523367
236,3.933333333333333,-3.498797190802914,-9.981030547433258,-6.877483223668402,50.43439783643441,8.733515141254601,-6.90604811251416,15.556917982980265,-0.19858521913177316,0.021742312750803013,36.99644177156183,-4.944902233687939,-0.003926863547095529,-1.4050973621364007,6.564520051872909,-5.544173978731833,10.654109495205978,6.137081270677833,-15.187256735033053,8.227115644950503,-14.497241662224468,16.636261454679406,-4.309726275564029,-12.68553513895373,11.429443985143685,27.072891913595054,-0.027892330600742404,104.99652450745207,16.494490337840233,0.002129455565473542,95.72039737819601,-2.819199189922357,0.645443297538022,-0.0011526976434074925,-0.15891884537335357,4.507590406008071,0.001999995930354223,0.8592575276503449,-9.120882391309515,8.631431332606029,-11.849599040047943,-4.019019800460762,-3.017176731837158,-5.741221758548398,11.479277058714493,-8.178200655245691
237,3.95,-1.4836992157068978,-10.305844164658561,-4.282209266111985,50.23874834519916,9.252133258782838,-7.23602981920759,18.940910671240953,-0.5292041369643918,-0.012725162173679458,37.53231352452814,-5.676827991388831,0.0035133376029927612,-3.6285981116965744,8.604382032814735,-5.430008801384868,11.891692132565904,6.524515878544371,-15.722248013617605,7.900776925064543,-14.11410610120099,16.344174727899443,-4.251757710436082,-12.535645863697516,10.69049737096438,24.859116719057415,-0.008663451358881274,98.53042461819673,15.896687223917393,-0.005803919978145645,94.43942302032289,-2.434340493569886,-0.2981081964459359,-0.0005545553461623779,2.505825309171765,4.198334159542064,-0.002153261550857421,-0.26147064055342184,-9.54534757164317,8.500770508387543,-11.799232373739658,-3.614570021176689,-1.6157293556821837,-5.847838252240951,12.36516260627433,-8.284807153188066
238,3.966666666666667,0.569351788785914,-10.43461372975169,-2.6384563214156342,48.96270130144245,9.652029683223445,-7.853146627397544,23.421137787139894,0.23305651346735679,-0.01286742445011114,37.601709334924394,-6.747718338383408,-0.0021397348868377624,-6.769325341724313,8.172144644308744,-6.246460797665463,12.835736262209537,6.394648978214697,-14.619971099305902,6.392284193265861,-14.078888503006754,15.255582410260383,-3.9258933640731426,-11.954531620625984,11.535014918026938,24.478845268163123,0.022096840444365596,95.00829723660057,14.966379816438991,0.00033324347480038195,94.45740951734427,-4.134819467464859,0.24549546544768547,-0.007233788099245455,2.966884944487034,3.540223547203988,0.0028108746836172645,-0.7619419121307022,-8.944231047813295,7.920244497087622,-10.761509392067909,-3.7479279493488615,-0.47176606189452525,-5.921886684013899,12.531819636639508,-7.8874958084203595
239,3.9833333333333334,2.955340433867001,-10.237114339985405,-3.168266471082167,46.89266965008465,10.062166766356992,-6.908405825078746,28.771346893478924,0.06715137495116665,0.026001393103724884,37.1005176560351,-6.5258682753184045,0.001390725766447275,-9.53223370142179,6.8706421311939865,-5.79619237130401,13.413480788711004,5.999597312593787,-13.549599580809275,4.636557770819499,-13.208607539035311,13.936580202149559,-3.624466991130395,-11.720218866699375,12.042677819083881,24.468408768598035,-0.009851439087299118,95.96570555674714,14.856982697358234,0.004548585668655745,95.77553641160775,-4.625700032100146,1.5924784369768323,0.013198780838366942,2.4283512561430833,4.787427637337981,-0.0011197971735922136,-1.1122648278503122,-8.814398313785253,7.3027030406814335,-10.294486868647498,-3.725854006790716,-0.013755566266314722,-5.473850624689239,12.421820711671526,-7.505539218215142
240,4.0,6.5188961007304576,-9.86332176389622,-3.2414612738718604,45.26824597282289,10.145974983688047,-5.225515748801058,34.57167775935362,-0.4558711010342058,-0.008366046865694116,36.50193108246751,-5.906924497497873,0.0005975368387930463,-12.037441614316744,7.97763836718566,-5.5097597208181535,14.175202113298962,6.010825418596835,-13.396612865565492,4.175633110879684,-12.446732643890934,14.623090441429097,-3.77957852588231,-11.717755557631577,10.771499235144393,23.444463499370435,-0.012213572159367346,96.09666429288983,15.741535882561255,0.0031257441554250302,96.17815192693558,-2.7500147053478123,2.5427472056408034,-0.009159794436976915,2.7033947863102945,6.269738548784214,-0.0052944111561760415,-1.8549486528537198,-8.68653149127404,6.769982720006607,-10.704981557937606,-3.837807475989863,-0.1868827713115149,-5.277927758434302,12.930267379990088,-6.959064867361589
241,4.016666666666667,10.189241157978842,-8.511871304802948,-2.235810069222396,43.631371880672184,9.375770443209055,-4.283069762482305,40.013870382350355,-0.25627250622251657,-0.012201704106023942,36.00354400100217,-6.072888864249909,-0.0011194651443831149,-16.48787785808049,7.490691697751169,-6.608575641060748,14.732354312057016,5.524648874489433,-12.769669578686072,4.267980423571833,-12.416566159020597,16.5846559548879,-3.5702875276309847,-11.888965770954435,11.248076008280709,21.86013591446758,0.0272720950008275,96.88550806864983,15.864131994203689,-0.002990174606119877,96.74990355646088,-1.4415408760301827,4.025120660676454,0.00040703869855794746,2.8971885109557567,4.715768769358541,0.005831851750884593,-2.1973453246769608,-7.330870060814376,6.40850078155294,-10.535301769582269,-4.183914918874271,-0.099135153898773,-5.52968252172719,13.152808351269027,-5.527042455224703
242,4.033333333333333,13.567487296630235,-7.191792303485828,-2.1968634394528928,41.81871728541381,8.580289611758928,-4.169688401101884,45.136730248347185,-0.6192810525451234,0.010849194021953187,35.12507939656883,-6.2388410164646295,0.0005500573750905873,-20.1030849306685,5.645543260066401,-6.134244958129333,14.303064002689839,4.910514133737435,-11.766844103156247,3.431529289529784,-12.318312320649607,15.622487576947329,-2.639379592785463,-11.975102416110088,14.160945553950675,21.900267478373845,-0.00482676274937596,100.27840027340137,15.031735592422299,-0.0017830427422167435,97.67450104595748,0.16250287944231692,7.573689653192468,0.025773226851499194,1.8865514600157631,3.179285785141121,0.009590231458159076,-2.5126942931914185,-6.113744557176996,6.110118965845585,-9.841510665461982,-4.43637863307158,0.6394495020559149,-5.635750793272461,13.099413472041915,-4.369912654751172
243,4.05,17.225609331924247,-6.819629674909242,-2.630484603297043,40.11374441275119,8.480052049617386,-4.178240120280962,50.28729766504697,-1.5832088041937262,0.0063658544711604785,33.74982966285961,-6.015344961303613,0.0012770034604038683,-20.84677989553172,6.723672432696989,-5.01064130859512,13.975873035168567,5.045097779418556,-11.019142850069613,2.3796092292015176,-12.093025827938309,13.385452966794658,-1.6787968946745104,-11.72768255269205,16.61064732550495,22.993205997260315,0.0094438462725477,103.69392771189494,14.655773613105584,0.001718868128761064,95.27509639367504,2.0674813492035113,10.445422730057793,-0.024038448477977065,1.4706620144337987,2.5490564689556017,-0.014657171521244227,-3.083135103075782,-5.692783696646677,5.3678831638155415,-10.13698554347632,-4.416489267714872,0.9294978770345836,-5.4099150774664375,13.362971984710468,-4.106350235903809
244,4.066666666666666,20.80758874839006,-6.624475451650958,-2.704509512792494,38.38798832828758,8.210181284586556,-3.890615034540816,55.13646475360835,-1.3094492135338838,-0.006940665212641642,32.81246298270829,-5.91376146076183,-0.0018003065805126052,-19.95706529291556,6.684194941296618,-5.411346711004887,14.708612284919306,5.129650349968367,-10.898642141300403,2.4919368116826965,-12.048427694089805,14.459767380476123,-0.8945109727637958,-11.509876146271015,16.558407175045414,22.001752465745753,0.027411228726297473,106.46290877032135,14.694381686302224,-0.001794778948292966,90.8306860386665,3.395713988748739,9.704452281814959,-0.010638301769694582,2.9061028575064105,0.1449845473046884,-0.018226222354173486,-3.177865598590682,-5.125806544674474,4.548919502649002,-10.75922542959489,-3.879540583350115,0.6889480635990025,-5.467375717136113,13.389603572555695,-3.524425051361994
245,4.083333333333333,23.761695150947485,-5.998289876638181,-2.414033833884657,36.622300489577896,7.397333953999818,-2.98547399893322,58.88811297781901,-0.1622193852914256,-0.009207955800096231,32.49290162452974,-5.58741229979676,9.708329536395244e-05,-16.886517297154985,5.537042966492728,-6.897641051930393,15.797721967898976,4.795327253561417,-12.195297237978652,2.4117431192663594,-11.926433009904617,15.471095569560367,-0.13229290632374657,-11.442270091087277,14.096725388512967,20.783850398514982,-0.027213800000143964,110.2610692106502,14.69196743019808,0.004280722314975463,90.52837124672317,4.558285367370574,7.4574820753100255,0.015889242456196464,4.102826025800326,-0.4078458302924664,0.017903361918958652,-3.07291226471295,-4.401816414065281,4.047400483360484,-10.45147642118309,-3.240839047234582,1.4165436150770696,-6.256341499566815,13.099758294940846,-2.4761842593549037
246,4.1,26.503300619049124,-4.976486058021606,-2.9965279157750286,34.72719201406659,6.671222284373638,-2.32302384035604,61.31024805272418,-1.2280045254023242,0.011761405063119726,31.153854558626836,-4.994132504368771,0.006669249631536179,-13.16293261760734,8.202860777349024,-7.626619667548371,16.493219099935267,4.391364245893663,-12.601026703513824,1.1871026547036774,-11.865186292261944,14.403305827308177,0.6686222721114105,-11.779702482526085,13.419710641464375,21.373520501927743,-0.0036465184103139955,110.6773095929449,15.315209276453839,-0.0024728262670807213,94.28700867674719,4.293956551328717,7.263443708466273,-0.010977578374881822,3.2740867932385447,2.051050672757088,0.00037526093791603106,-3.5281032157240526,-3.832428395949732,3.367747619069152,-10.270592457980596,-3.3127773651763768,2.4568566676368038,-6.832021967827025,13.285398457668316,-1.8113992893260933
247,4.116666666666666,29.266342945735754,-4.940464820638043,-5.375572397949842,32.48990480282361,6.703314774066417,-3.5513238622015866,63.23500089745277,-3.1698573284294205,-0.0037950072395527075,28.30424515810398,-5.240007837644424,-0.009150567538866271,-10.15179067166048,8.423245652231836,-6.377300100123318,16.51673918161927,4.408730402800975,-9.752933638746661,0.12441827274337632,-11.879761292064174,14.65052057187022,1.539835154874386,-12.340610360778069,14.496424603510416,21.42720893912076,-0.007632102568435551,105.11967335413162,16.342221618199634,-0.005166043656860556,97.3362051639643,2.65902259684455,9.084398731590444,-0.015253709996086594,1.9246103007654891,5.0470391311719665,0.0008851437200121192,-4.223046176983929,-3.6733038887512444,2.2858782819069305,-10.61946402836696,-3.9325943546226614,2.026948153315289,-6.065232609534594,13.774387715920533,-1.8175844321697658
248,4.133333333333334,31.9469317578661,-5.9058985118227625,-6.072611688432216,30.20295919584986,7.377862073814192,-4.634211305763066,64.59937692012224,-2.2222356511615855,-0.012717163153115541,25.71499035812162,-5.674406871851558,-5.7488986647131986e-05,-6.793879306299154,6.270163398735327,-5.932209161747888,16.857919216714826,4.313330831344882,-8.054896863516639,-0.6412844499540098,-11.712839364808046,15.052867099675238,2.344861160490595,-12.1686110566356,12.724565354501093,20.75587412190976,0.005453459156002778,103.90017585787243,16.735537678771067,0.002584540176998916,96.97350163708118,1.4601285355897773,9.191749472714807,0.010085834436834435,0.7081483747827445,7.299712085707397,0.002854078753107646,-4.589836076346185,-3.76163477998374,1.1706799959613758,-10.328466888634882,-4.54490651377746,1.5258610500380672,-4.974954942895494,13.927474465566743,-2.1314262320281654
249,4.15,34.98968821428913,-5.468545997653825,-4.274694890578945,28.084291853472827,7.204468342024502,-3.498204578897838,64.7621589532931,-0.9694890905005008,0.007753297296815887,24.16098016413829,-5.003238664927487,0.006863485295515101,-4.135421007994269,9.384773300484134,-6.6983076502437084,17.62758315622565,3.674486772789718,-9.543985314411737,-1.402052873460698,-11.556426156430451,14.558699913664025,3.104662043432218,-11.872778674550641,10.399596937032996,20.417271142013497,-0.00724313309720722,106.61796725568242,17.00466492608379,0.012021992334639037,95.51473575475197,0.7992893343216059,7.598272360432107,-0.008985408528084705,-1.2682187933655444,5.095269108572301,0.023066214811053098,-4.7433021586181745,-3.3820025697738996,0.6196615732386722,-9.958299945194545,-4.477348201768662,1.70138459646376,-5.01715330571498,13.922301824321737,-1.8744635847710205
250,4.166666666666667,37.70628373250848,-3.812720070659988,-4.290540034587919,25.633281233759707,5.719354627655664,-3.419642797497031,64.95984952566337,-1.5792721539777133,-0.004084222576282569,22.798346251078502,-4.762578244792625,-0.0054581127049200175,-2.1169663252548476,9.800824826683007,-6.307807184359192,17.818337827577043,3.895068977467467,-8.875383778799186,-1.7444365262886452,-11.765957676491322,14.545843662604783,3.9286988017363456,-12.302750007072937,9.39012124185651,20.09831928081729,0.00011094380964294805,104.40288980238519,18.06048711657864,-0.0259951078358556,98.04455791492155,1.7474409184178026,8.22404081305329,0.012101008590175096,-0.8161432847980755,1.6563475528364011,0.0006068908451697915,-4.4669106998568635,-2.342970292695845,0.43513220490489435,-10.267433787990134,-3.730753073774299,1.2758892183867379,-5.550576018409948,13.546374077313073,-0.6669835442043499
251,4.183333333333334,39.88680040410205,-2.9201351533426414,-6.122637323633081,23.021127305720267,4.5971102046184065,-5.041388013592108,65.44003464258839,-1.3071427740728179,-0.004547038958483068,21.419782473788825,-5.566623782423388,-0.0014721726171022858,-0.8629204728085129,3.1742561329718573,-6.718025796757851,18.31583130478221,3.9608894048793815,-6.72106488493431,-2.211480091193022,-12.056661292792352,13.525604535286057,4.690218326568424,-12.754526234973929,9.078636712938913,20.58230678861472,-0.01323858555023491,104.37941032237113,19.6620744338699,0.01323441408144005,100.20743162037398,4.171814961093215,9.926897299300807,0.004408591539868898,2.2227909810567796,2.6889158976557543,0.033111864820359535,-3.810526341127914,-1.2106739613565731,-0.14131158975547517,-10.341043855794247,-3.3089951120077554,1.3491518326204495,-5.744284407587098,12.812848421876705,0.5416898602721144
252,4.2,42.124257673851886,-3.0840987359263674,-6.972184631900565,20.96141493211008,4.863215888674171,-4.411311684395524,64.29921023196437,0.07003639643429505,0.014120732025841503,20.242284630504194,-5.812758788099948,0.003785412701526785,-1.1267096258420237,2.4275622879776546,-7.524859429964174,18.34693620538809,3.206156241136318,-8.09190943110999,-3.0836454896194767,-11.861932912672728,11.323958959672899,5.33903285405549,-13.091715477895173,11.158616168882654,21.561550183353866,-0.008352040600642575,109.39959839782989,21.13829266992369,0.019221554209844054,96.71184881910419,4.966503060235586,9.369751120907015,-0.0038958122532333187,2.943868840572112,3.8974632668538995,-0.014383770942899724,-3.458283472141407,-0.8887213731437711,-1.0629879376498015,-10.054230653194475,-3.1116954414227544,2.539969714277612,-5.711971556304244,12.426364902962874,0.6759318917729467
253,4.216666666666667,43.23764559957716,-3.5428151801346655,-7.791839423613087,18.75992931102361,5.316654051523015,-2.9745500381084438,61.22772227572675,0.35477899752007797,-0.016169069733321023,18.900106399164834,-5.600407642253912,-0.003042811993643815,-0.37865457361175026,9.864216834599013,-6.8447537234500615,17.680198616770475,3.400243802142518,-10.258788915044077,-3.5466997401167184,-11.65925730638698,10.212301825485577,5.941097025688401,-13.445529582646966,12.550836034969167,21.717592914125465,0.006721356461465567,111.18082504195466,22.031040256931586,-0.015744389033886152,92.69403132933658,3.679712781748711,8.028395758331026,0.0036639679681003067,2.145477042725851,3.002858020198985,-0.0008287642087604016,-3.065398130172143,-0.9981519519975645,-2.1457539627383055,-9.949292546889543,-2.7716748224100405,3.5126946358928306,-5.3328501121152625,12.016007139886383,0.3185634439250805
254,4.233333333333333,43.227954090301246,-3.481618106610601,-9.31653401957426,16.022255913094998,4.917005017629956,-4.214445549481127,58.158360925087976,0.2751609637974724,-0.006276213350724476,17.14283415825693,-5.418549441857446,0.000624877216027087,2.683351862229085,11.616454702036012,-7.715680367662144,18.644865285178046,3.4845268429215,-9.201329039006422,-3.8488744045186656,-11.836045030677937,10.656073281769759,6.45611536945961,-13.634361363709516,11.425677022228625,21.920109191061048,0.0006396830236674532,109.33809100511061,22.75188459363168,0.008418482937652698,90.71310405751743,0.9497486691876436,8.265423773727063,-0.010936602121418915,2.06355174833121,3.0810196572888207,0.005060375503071783,-2.2633849444363414,-0.8144492002610272,-3.2949100168759706,-9.887360211440214,-2.7786207905544544,3.7491488534090256,-4.6822898182094255,11.231184642195096,0.3477073650146474
255,4.25,44.55252225881013,-3.0009839854307208,-9.921217679684526,13.514999764150302,4.195544941183375,-5.089339205521598,56.42515039599605,0.6977668357592679,0.009211151107713794,15.38805912375979,-4.866538205597839,0.0010937550985062148,5.031546927619227,7.539631734695237,-9.122315255602807,19.014397286447483,3.4483749393990735,-7.229270222056484,-4.285311050874971,-12.006350601738337,11.79098739264391,7.246511427659519,-13.948131507389055,11.061115204559464,22.190828024051104,-0.0027953478425799027,107.96616281545968,23.961018789574705,-0.004988709803869781,89.89619158545084,-1.612715992084341,8.574406945882695,0.006563155934439081,1.4211887493715907,4.826490955659109,-0.007633891614560483,-1.5931378291526956,-0.4338363895494534,-4.149490406570863,-9.838916276164538,-2.8408043038887687,3.4545615677746153,-4.370445895891856,10.683681494064142,0.6778441241081532
256,4.266666666666667,47.1412269358962,-2.2356793918809146,-10.455970527544716,11.805706870641158,3.0513414345040335,-4.386800126997065,54.43932596051179,-0.16105487715392655,-0.007179654403889521,13.844905246307679,-4.117414287975374,-0.001909142562401588,3.7732019111208137,7.995607840573385,-8.563075323050247,17.84693058928219,3.9937243920073198,-6.27166175099081,-4.171819785881835,-12.39135521754912,13.249432330367211,8.526219204005825,-14.318205197721918,11.470506915094138,21.36299561249244,0.005580996779529962,108.75249441802785,25.29591944868677,-0.003864783872661124,89.93791045903343,-1.7973278715201093,7.472579844910827,-0.0003525258646703337,1.1760658314230357,6.779768263984954,0.0074906847181782235,-1.3938939412774372,0.6978523822030831,-4.624519793487147,-9.702428822960835,-2.4166189170576398,3.548551002420227,-4.46833358953515,10.698641391477038,1.5672781371076872
257,4.283333333333333,48.797490107597866,-1.306594379477361,-12.446648635714421,10.191945901674321,1.7475199740143044,-5.695992371822415,50.56964650256201,-1.7636086811228553,-0.005309651682111573,12.18648413523185,-3.401172554129552,0.001274418801943173,1.7458948027003864,8.739409108756849,-6.426179285625659,18.408394028626187,3.7180022789736755,-5.4081593698689305,-3.848177891809498,-12.797462322842987,14.309996558280782,9.741680348944808,-14.24421877600774,10.866792146080705,20.152310603962068,-0.001956882774362592,110.44145790216577,26.03404814825869,0.0030821944420765268,90.47274136728258,-1.6933119678677584,6.6167486340887764,-0.0007051021024547365,2.5122787295174938,5.538664123690368,-0.012345738124893969,-1.3462720152221435,1.978845846873043,-4.856665618600062,-9.426016302211405,-1.9796142715526208,3.6873961013901217,-4.430314527394041,10.84697254345835,2.507340012685454
258,4.3,49.0488803656866,-0.737056586622541,-14.120892511204099,7.906004486410629,1.4363056712443174,-7.122317446017011,45.786774336057626,-1.7990788299097238,0.009686189645920813,10.767114905011239,-2.8575429386116356,-0.0005472348901335648,1.2965686570342256,6.184239819999797,-5.221806179407399,19.252733207277036,3.2725095910110755,-5.606985706971548,-4.0230944562938395,-12.818423827603104,14.045513455509115,10.887147442915996,-13.85664089489505,9.26155042714988,19.76100215610963,-0.003440688015313137,112.10822723655278,26.144973099662145,-0.0018714820041881984,91.8867601905271,-1.5867982350417935,6.9901123060121915,0.007810189002449714,3.5399247487173917,2.1929132591676717,0.006371005521794943,-0.7942562251158163,2.1127390408244286,-5.053129279766454,-9.45464803758905,-1.5980904599784407,2.990198709340833,-4.215751755268527,10.477277645579276,2.5455998762227394
259,4.316666666666666,49.14278837336439,-0.5167050995038744,-13.531004746423719,5.807945935304337,1.6896235826786554,-5.556131035160182,41.577121572992716,-0.4358025182620107,-0.003992398119249195,9.98397224085457,-2.8288564330770427,0.003096737779963248,-1.384172352715582,4.361351186095737,-6.699015476836276,18.166385832890008,4.144303914623193,-6.289854631908389,-4.412219866985471,-12.930772127694155,13.413543766724906,12.129301802745841,-13.841488561059553,8.218645597405065,20.134647884571667,0.00330844321422743,113.05456052252954,26.848155250737392,0.008411551389484708,92.39033569129867,-0.1630478259973393,7.3726577330545195,0.006046057279171992,3.2781995541466418,2.523164895329286,-0.00023835035646467998,0.028549627016847247,1.7874384352980417,-5.668788217110415,-9.696058265321527,-0.6894148132455873,2.394895719977239,-3.8843779608443776,9.913395901358774,2.228429842236923
260,4.333333333333333,49.93612627253682,-1.0402166750215376,-11.80065062308569,4.111041962510209,2.315757491210055,-4.177536758835418,38.61325179202948,1.1189430969261573,0.004938555802480265,9.12627821612728,-3.3899036275660617,-0.004871781289274294,-3.4765949360849184,2.511210055877216,-7.726841321006858,16.842429880613235,6.205942837540165,-4.739310815268276,-4.649262077163385,-13.275875356158743,13.332361921026349,12.718149422280334,-14.243194844833514,8.783418407767849,20.17757582853926,-0.008071080974726683,111.29394166668668,28.961226267614357,-0.01029066666585188,92.57008564056747,-0.6776996660765665,7.337969742463225,0.0006472606501037758,2.592610170510954,5.220479885324651,-0.0025484949576813814,0.5424925176153962,1.4876826491311768,-6.732782966929019,-9.747699942658194,-0.41157849388358453,1.5563681433346237,-3.2252435393955268,9.676562760489443,1.7184438760462135
261,4.35,50.93774553134511,-1.482210778026467,-10.560402297407146,2.397179884515417,2.775444515420176,-4.515011975059586,35.707263747985145,1.575555109902843,0.0021839921828743884,8.094356096426926,-3.3987004386325275,-0.0016152882611855934,-0.7384318027588571,1.2366076027602304,-7.941351924407125,16.344908548693102,7.971856983771833,-2.7079530951923116,-4.8250627471194365,-13.210322040729604,12.729950945284692,13.365156626604161,-14.764265215268292,9.884984380671064,19.777332691097747,-0.004724463006451361,110.77182520959076,30.167173696727524,-0.007331106118716365,93.56353278787611,-2.1209545186648864,7.401881760646604,0.00018707270184399502,2.2136715589188194,4.9738071917837186,0.0031412856453931597,0.8850842797684645,0.8652087276978634,-7.388653986837456,-10.071218386183775,-0.9430750727614108,0.4834887177091491,-2.479958139805316,9.624921155203008,1.0350722619080224
262,4.366666666666666,51.41771141648206,-0.6014058861301762,-9.824788236742203,0.8911978469555413,1.8161236497124404,-4.149677387756963,31.794049365588023,0.9677063211054584,-0.016517492727000906,7.100699792022333,-2.50231511487529,0.016138740272137547,1.789423727140627,2.1071667378658354,-11.390727135772217,15.776376447555792,7.562196079463812,-2.1352618435664765,-4.710761568577079,-13.15910097162251,12.520973356149382,14.936553075938122,-14.938472983723223,10.429130094175829,19.464164416671643,-0.01658360050895111,111.13363819618911,29.484743833057728,-0.002335908360293906,93.55972014429135,-0.6471328243936432,7.366454479898335,-0.0058002686218747036,2.4222165528503385,3.2920035110270676,-0.000678310150776363,1.2061052339550369,1.0527860209350945,-7.516822363515073,-10.886166307381304,-0.9078162146257862,0.7478592403380085,-1.659071639004399,9.699418882319096,1.1767971597641549
263,4.383333333333334,51.79753068470292,-1.7707500711427036,-8.736607411743124,-0.8705438317988019,2.9727198058283304,-3.5979236617116768,28.790372885818968,2.9096700904465305,0.004841829324344681,5.376004351731699,-3.8185810025741413,-0.0213649103628649,1.4281944117023067,2.317832787691578,-14.4600455333224,14.824255876668577,6.177205721005107,-1.8104733350965727,-4.331273292054117,-14.905917506140064,12.861902046515064,15.710651121256173,-13.523221838147071,10.971565872801305,18.91071279398009,-0.014678442589970298,108.02298149977835,29.694195427132346,0.002365457585728132,92.70690182784578,1.4473328100996736,8.02303201277849,0.00278444620853443,2.179257140269397,3.588372837313086,-0.003537730411588693,1.0973239756134427,3.321557056868746,-7.41420721738772,-11.246156362402626,-2.4614864784361186,-0.15008518579961255,-1.1468831879341272,9.884221186842112,1.5833087941657884
264,4.4,53.00586127590332,-5.38662053984906,-6.400273040131146,-2.5862613815049063,7.115131625815098,-4.302379413985849,27.59065713084551,7.385354149031568,-0.0015706017587838886,3.3919592169390187,-7.21257723820774,-0.012741270806789122,-1.3568582990617875,1.6035490278293596,-14.261013596948978,15.2240677383281,6.126430418275948,-1.9119550807976138,-4.634576340323852,-17.524396069644297,10.487894810194739,15.574369896001613,-11.087407803539723,11.86187184462627,18.890601427053113,-0.002736247546964291,110.02244552645335,30.51266084410918,-0.003505553500612726,91.5988068386392,2.612571861904792,9.637188118097773,0.005119031549991721,0.8071201252379252,3.865369888271517,0.0029320898200967354,0.20079859083211146,6.119794365101356,-6.778967624267324,-11.351168994312951,-5.669079027595829,-3.9511554685865256,-1.5959506698323225,10.480473064976108,1.3962969355487893
265,4.416666666666667,54.30968681217453,-5.650296377067994,-5.068045476126025,-3.6064457103181033,7.864660427183644,-6.0412473101467965,26.77127123811279,8.241222670772169,-0.004573606441168728,2.164144169604349,-8.188092899675615,0.013709099142569047,-4.408026895175067,2.0797376230704216,-14.109349160892386,16.453188743816003,6.323796092412885,-1.0675017441942816,-5.252552905760739,-18.29873520021174,7.63613876549106,16.160427533713435,-9.999496009086139,11.289130376862664,19.544977383304932,0.007375575236762306,117.22577540143638,29.89122957738637,0.0049293834419462425,91.4563765168043,3.3923380864482793,9.909629425993447,-0.006238533651069294,-0.07323230479213111,3.2011567759288786,0.0009921283493037616,-0.6060257444439562,7.705056324706984,-6.398262368387153,-12.086561034102317,-6.537325561413341,-6.534736446393223,-2.074770413477166,11.306544854711307,1.9378928266581457
266,4.433333333333334,54.558155735174715,-3.465319411724091,-6.189821574888749,-4.7105045718216365,5.4963754342199165,-8.528760576227695,26.211762459166252,6.167026865605749,0.006426485000446233,1.6229772585633524,-7.372672555314675,-0.0036988424996341604,-4.142833567312385,2.416459963857003,-13.489149578899054,15.938655284846416,6.053387726852124,2.3977190500308745,-5.243235078515819,-18.158805977639023,9.235548214273907,16.74557677013119,-10.345579354851298,9.733313979143146,19.26503297801413,-0.026343209545250917,117.48948647992381,29.43788509125936,-0.0021071466730328337,93.7083628963418,2.6862493718202716,8.702639624903458,0.0011093579190899908,0.14577112730395916,3.389858979442289,0.004061355072505769,-0.6217848485391818,8.643547365085594,-6.955101080587999,-12.893700233619686,-5.847141326175129,-6.514549217372791,-1.8658286074758912,11.531211934022057,3.201600038378504
267,4.45,54.33237020258804,-3.60518801860983,-5.949029792994444,-5.788614931119822,5.158690730585097,-10.48400492444408,26.713976743743014,6.7270711495853135,-0.010380418904407608,1.9986474690280511,-7.605103529909363,-0.0012790708693705658,-2.699460967829454,0.39260404283717865,-12.088362200641493,13.867368689217642,6.844743242761787,5.066072576477471,-5.017641400915675,-18.886894078777306,12.778329438252046,16.31582788159029,-10.691792742955254,9.406789948370285,18.550391779096305,0.01372861254781723,115.21829648636822,30.37973282110653,-0.000849199386172376,95.56481942101038,2.1187748382474894,8.747249036246775,0.011277094758629109,1.1291743051205176,2.98400202087121,-0.005590285178189612,-0.36571312789174093,9.022487163209055,-7.598571635419798,-13.669341874075394,-5.986849796181975,-6.291002684179632,-1.3459749090055801,11.238421040092893,3.2694943938382424
268,4.466666666666667,54.29832551587691,-4.167125330108016,-5.537657278292148,-6.281608974555851,5.824820283354721,-11.047100726641768,28.172020950365827,6.833976962351007,0.003811227070139522,2.9729503131364665,-8.232120658027167,0.0013494989271314686,-2.1500944169505605,-0.9655454981656192,-10.47230930274942,12.064130133711586,7.624894429977556,5.283698114026194,-4.98297716673328,-19.837957584858017,14.283596589578892,15.775658256595184,-10.349914697357384,9.673099274472982,18.257400301067275,0.00700704212372091,112.20185109210097,31.03646597282814,0.0006913310539595134,94.0276964514838,3.0946993872406563,9.883248902477863,0.006235639753174066,2.638551776395326,2.2124012926000822,0.0011838874331137248,-0.5618733740232333,9.09924887381101,-7.727124061360452,-14.525333698006845,-6.1017362472559995,-6.617203979838886,-0.6813194603960723,11.200281061624551,2.68277491506068
269,4.483333333333333,54.34395372198033,-2.681411637305469,-9.247185846650128,-6.21896295596864,5.004392705853701,-9.970982418111715,29.497328361174493,2.6088729635177397,0.008264954704082434,3.793110360320389,-8.457200735737747,-0.0006356659109459307,-1.564883547626707,2.0023721538415145,-7.773299198899503,11.79559411783712,6.478018376115735,4.32891366106097,-4.624226762721761,-20.226103704614935,15.778564632871754,15.8056668006682,-9.647483756665263,10.33867343423447,16.932810818091863,-0.0855624884085118,103.8281796409771,30.33866753527246,-0.004144518998255762,90.89276770766199,2.9465619425676146,8.962590191003443,0.00023831385324734735,2.3736183781480653,2.7358174190786193,0.005901677150451371,-1.6579933299630227,10.114505513448796,-7.9704389196957806,-15.050487070610766,-6.174442869586199,-7.285830258177874,0.2341362528830177,11.987173382039524,3.1809444507598332
270,4.5,54.58639507544793,-1.358598089121033,-13.360623965250612,-5.5245571627212815,3.1382747570503478,-8.36724849426143,30.865720730275683,-0.9736126793745185,0.006997232126812042,5.047617320418257,-8.458889916933028,-0.001067490834587528,-1.6845567975274263,4.834600137630731,-6.4453099226569694,11.575929549246954,5.812592207069506,3.326596451669711,-3.9502188320911396,-19.843933969553845,18.43098869018328,15.680010106281577,-9.440585319274735,10.552467066649458,14.947969081703121,0.0431731915665127,106.51042300682023,29.607878272478537,0.008504820951899514,88.97493745916022,0.6383304040071041,6.159272051710127,0.004319066702792805,0.9862020255824308,2.784423348720965,0.008868430596065983,-3.0255066026262676,11.664331039417709,-9.26505616493612,-15.558333974086324,-6.629710219106053,-7.59487828702492,1.3971745173376315,13.19923205695583,4.32472518668699
271,4.516666666666667,54.86164402299196,-1.3316921738734993,-12.238500216677538,-4.616004214976336,1.3328130255304875,-8.009524011748875,33.157976880418126,0.9776190095872631,-0.02304113565112827,7.330574445158837,-8.145698145373474,0.0011021533050232122,-1.818956951683092,3.194574479282721,-8.64434319474287,9.074398619651229,6.632723127104556,3.188407447615205,-4.003435370901596,-19.514559829081467,18.44903548008571,14.86058307076945,-8.919018375414751,8.65852531252092,14.914352404018986,0.0416149128109423,114.87874384815889,30.043408440205443,-0.012727053947086233,89.63972397066765,-1.4072620613629052,4.931470094266663,-0.017346119138671234,0.6108704771838078,2.8346125482002464,-0.010099986262323337,-3.6122247805198926,13.012808405474757,-10.119034763613046,-16.0960242492513,-6.900168198072535,-7.1103842996789695,1.8057624505668575,13.847041425797466,5.199109390205394
272,4.533333333333333,54.44699161764324,-1.8104787684715096,-7.52941319496277,-3.952885131459623,0.19385106733571328,-4.233839443435003,34.41641665544533,5.482159139982384,0.005900114808179435,9.863594260312569,-6.82946841761294,0.004553373641180105,-0.5404173215532732,1.6137128005745285,-12.368627887081932,6.062838252326882,6.478767800690775,0.12550855904578062,-4.325127633480081,-20.135817188588927,16.345350871487973,13.983093388418457,-7.578079420994564,7.423971845036681,16.27960320303483,0.033371210431713094,106.09989477420994,30.06352808169712,0.004799890090981705,92.64313609749914,-0.8007050171814859,6.632472458877247,0.017551212526947,-0.0905546386873761,3.743051086928719,-0.014380753267403797,-4.004728090643603,13.804229696415689,-9.741451627395195,-16.205487199672984,-6.9561377039321854,-6.824151617891277,1.695017765295857,14.036319877750401,5.2927703304419484
273,4.55,53.39226447393625,-2.1447661954271187,-5.977993985865902,-2.6384722615906857,-0.6598496165626473,3.8255421528534197,33.66479296809052,6.473197164050898,-0.003209577589453304,12.717013617644165,-4.702172893336516,-0.004076049956380651,1.3266913143186594,2.5469595902981044,-14.043246479268358,3.6158687791929114,6.011271523350828,-5.619204101289492,-3.9712402571402974,-20.09964945931933,15.943744965451206,13.049153470011213,-7.263910268162918,8.270461472791306,15.802150087249485,0.01589915839798846,102.14645683816146,29.114051221956927,0.002540016501460914,93.29041222607866,0.40312878276402725,8.363886896258935,0.0011765231129952057,-0.08651804129593912,4.509597430349311,0.010071214691147693,-5.002769279783846,13.450794113970202,-9.990850025191813,-15.776663625160603,-6.841356461133,-6.541765173672571,2.6023121080013736,14.572739816877062,4.573448489175812
274,4.566666666666666,52.422804181804906,-1.153634381738707,-8.057405218388485,-0.33581886943246153,-1.2437253344765402,7.468066752731475,33.37717439814878,4.54414048084499,0.0025393893224,17.059132442575173,-3.59861099795135,-0.0007195383475358118,2.8493008044325956,1.3938633623433665,-12.981382250137962,0.08531619577755152,6.6844784583008705,-8.052052819572145,-3.8158959601555336,-19.183442774492963,15.562949935015984,11.47917930686494,-7.513256224785171,8.70522393836919,14.11021986876805,0.016298821644246946,116.10550067746202,28.668985272686335,0.0037040870844546442,90.35440044442127,-0.1942375835918416,7.639169239588352,-0.00709663122544255,0.6393322392858648,5.610234853471968,0.004267789976381521,-5.942541168304805,13.354283999988008,-9.898627615565793,-15.150036144669981,-7.3061177385733505,-6.765508271883479,2.846950114451941,15.140663233851695,4.382100129400211
275,4.583333333333333,51.24585247479655,0.15906997580544646,-7.890223021016075,1.7523822564815612,-0.6977767119544989,5.696089608799973,34.01391512409588,3.909752110841069,0.0015908829448943798,22.123423865604046,-3.9324554719550893,0.01265856716823648,4.522102170806826,-1.0345891643736385,-11.61196619858406,-3.568528002706821,7.8756285396020385,-8.396483813053257,-4.018972326219151,-19.483599351680894,14.014937531953064,9.795360599888276,-6.910557782871658,9.05226602611977,14.423958703585896,0.0009104307890561419,120.67726370529138,28.137663103920204,0.009178941443084955,89.44881496510548,0.40725805845075874,7.751712613618832,0.020868299171864113,-0.09776101816401547,5.953074989065096,-0.0040146427826965045,-6.245937179539096,13.90972606108003,-8.407982848211603,-14.960796174346221,-8.325849097217803,-8.418410509968208,1.2465781894827175,15.135772930196675,4.505766676127814
276,4.6,49.02807526685627,1.0662739285085063,-5.750923177895627,3.5166706593732684,-0.5229371404803328,3.2122012070577877,33.851128893376284,3.1719029184018,-0.003297295185746215,26.89743471144168,-3.8585585760412626,-0.004488894452561804,5.044552479224224,1.16222789346929,-11.36538981243042,-7.139764456331372,8.35105990924316,-7.3025994194056425,-3.37481459483063,-18.52536163627562,14.598283248206034,8.885979390594569,-8.332560146549858,10.935451475562894,15.626784610746924,-0.005639765648294768,109.36781881750984,27.43472581808386,9.675240925197115e-05,90.3092949078652,1.2762705868705755,9.30854277227111,0.031239065934163698,-0.0037828014025227787,5.591934927206226,0.0014598472569997683,-5.267856629124112,11.806016593752972,-7.359826514429634,-15.182564251770048,-6.622312654470856,-6.429861666547139,0.42736804183140653,14.569171118330033,3.5137548586717418
277,4.616666666666666,45.91801859471107,2.711801119483408,-5.766361194393289,5.668236602251436,-2.051475427509161,1.1983547691057785,32.37025964790517,0.5886239943043957,-0.007305017914405649,31.87743560688952,-3.0771047734183936,-0.017981799920525007,4.224615591348268,4.96312065310836,-12.015563233169228,-11.09071921828939,6.983486865874682,-4.26930118000571,-2.079218308295251,-14.94699757226758,16.98630482152418,9.015980653905185,-11.60149586062573,13.146190470990842,15.021381715259011,-0.0519401457451741,100.15382727778555,26.591017665742,0.012266038843277366,90.29521270615375,-0.29165819254724584,8.53671512217096,0.02220534515779023,1.4527275240345967,6.354433842460829,0.0047599843529653775,-3.4713148683673754,7.901864542682533,-6.947653970285315,-14.972913957743328,-2.6973653163576863,-0.4935820316122311,0.9952438515506199,13.752796115018459,2.389710816080829
278,4.633333333333334,43.046460823804466,3.4900611708075915,-7.291934783836785,8.287806377425063,-2.170463441870242,0.08179556943225236,30.40053690407679,-1.2501294502598033,0.007092284841761393,36.83940979592903,-3.552253489017532,0.019424236093224547,3.5131816488891494,4.868432747701611,-11.836760632789023,-13.848976559936265,5.956935228897081,-3.700177869593659,-1.4796247526166346,-13.31213685694991,18.03191872879354,9.133754002481021,-12.043345642062642,14.095284407385835,14.431767860646719,0.030352337156228894,101.79838851950204,25.0317725861687,0.01652888690922243,90.23086736966262,-1.0936057910661754,7.05392631206793,-0.015369699100427294,1.6288024047786835,6.809215771873978,-0.004445897963862305,-3.080002793312529,6.158041392254323,-6.109514796737743,-14.005055016636597,-1.1274100675965515,1.0566248616994312,1.114234065646638,13.404237770953253,1.6972023205929991
279,4.65,41.118051640769295,2.536691177499329,-7.038084150096989,11.124883248766066,-0.43903454678389553,-0.015188774586477601,29.347230583677103,-1.069002582312358,-0.0027571484733351363,41.910083585652735,-4.482386492615335,0.010144141872123709,4.175937980047374,4.334436228816693,-10.10919772797019,-16.37785969703223,7.254827630410934,-6.65840099134851,-1.9543678425424058,-14.041320405050351,17.218846710427606,7.9501810881099315,-10.850398452169,13.900025368654576,16.083621287719314,0.0025515650133364973,108.0045720400527,24.608675937262593,-0.012411676136502998,89.64189647943171,-0.8267044612174143,6.791791857052269,0.006841623879801135,1.3624267839133501,7.076924385773464,0.002576050876765523,-3.8292794651955595,5.565577112709738,-4.920753737770737,-12.874824798545093,-1.6328443324444242,-1.2833288464816697,0.5552149796988047,13.501742319283753,0.7283448212748361
280,4.666666666666667,39.60440435665898,1.674550650025837,-5.277836317811696,14.28256157125153,0.23646414922236203,1.4696629614691008,29.1330341748108,-0.21357223061745437,-0.003785321912591813,47.59570845042047,-3.0584454446213383,-0.03324231329519494,6.5030391440819155,5.86507292367773,-9.061213900771268,-17.85815859770441,8.961156589667949,-10.547113676904102,-2.561227010350577,-14.182499997086252,15.540735988216989,6.5956699756296135,-10.537151500658618,13.091033666241946,18.07787494911811,-0.013652791231282286,112.53318610886883,24.71400942568815,0.014487716244165321,91.56444254532367,-1.512383221432248,6.255261900139283,0.00800334039843417,2.141089037258731,8.441100582343463,0.006709630690110603,-3.979126069637927,4.684009862001183,-3.737277945772425,-12.474028728256137,-2.4121773680188756,-2.1890609116110786,0.3080811999398977,13.382395069324717,-0.0965828105994466
281,4.683333333333334,37.84442348904117,1.0028686615298716,-5.3336543176020585,17.688043037762696,-0.12516788480544416,2.5771387250920617,28.377764454171405,0.20436080599335757,0.00180289451969001,52.22711818078523,-1.0336448830217282,0.005721476453310016,7.678450849478189,6.188054884200969,-8.268873609921076,-16.791784951326115,8.383519129108787,-11.477641566176368,-2.3341102311218327,-14.11464844766318,13.548408169927916,5.898613937437818,-9.968802664006512,12.047464212076202,19.18858156627422,0.042460762618495664,111.95203034851548,23.72237676762693,0.02114073184872636,96.6849313728923,-1.9307835806987867,5.4910598930155246,-0.02450994247996371,3.1506099537753043,8.883362750664421,-0.007269666169169031,-4.09118766904255,4.400652254148292,-3.046648026572627,-12.73102545021403,-3.079900712203415,-2.3242307092138144,0.7560962743856523,13.348537690183637,-0.5860999781836972
282,4.7,35.918202960699574,0.3187151045512325,-6.997488025760646,20.849666608678294,-0.4675125430203175,0.1728644873337758,27.03237861221886,0.13309054013443838,-0.00047084596943429235,55.14750580863308,-1.7684431738529793,0.014247257287894062,7.568804290822631,4.728688865183506,-6.736572129794778,-15.183340334149404,6.171765339327532,-9.14517581269659,-1.659959446809956,-14.273802124437115,10.75435855383178,4.961041255322662,-9.574378595060889,12.75989067960551,20.741476775446536,0.030565038915453563,110.13716949310395,23.232427802821576,-0.024369021419722414,99.59765283927611,-0.06249605352061841,6.2802400471623825,0.04048222263358533,3.4900071123322642,8.075664142707137,-0.0021907852268754414,-4.724870113141713,4.433042110492874,-2.71671779242253,-12.863218348583853,-2.8742918463584703,-2.599342125273427,1.2837945013562755,13.73348252484493,-0.9503811877566412
283,4.716666666666667,33.49163425983109,-0.021811027677845242,-7.711592342472422,23.57886129484059,0.09227144218687348,-2.349357029900815,25.402567776319565,-0.05268672470198618,5.9779600909651456e-05,58.074198874275254,-3.444360673473055,-0.003428440585222855,8.713691212844532,3.6955687112956417,-6.071627016264867,-12.95389261936962,6.081387609335301,-8.325653747991126,-1.3080043274930035,-13.982280740135803,7.952021148872056,3.941255696714749,-9.67796909366224,14.688823832962601,22.358797561035047,-0.033912005010883546,116.30867078137025,22.66404349459714,0.012541780003449807,101.13684746723874,2.880308695345909,8.725802885171632,0.027126275961533657,3.414889696550657,6.964423783154106,-0.0009000510281187521,-4.994143594986359,3.966396440057697,-1.9847086001173788,-12.567623081626063,-2.356497660326366,-2.562684990308948,1.2426439196454309,13.708668397819556,-1.3591796503635694
284,4.733333333333333,31.100999296795756,-0.5144978987805706,-7.4492148515120755,26.46597271161079,1.9044902055835253,-1.7718835094071803,23.506210359608833,-0.19618931798420572,-2.3332550983167243e-05,60.88382072473805,-3.185084518575326,-0.011304724745123111,8.527964946681495,4.685247035190164,-5.286426084192539,-10.317378861902874,7.2985120469721725,-10.304133047729392,-0.7620725685324092,-14.031919209058977,8.553492668754698,2.983443053071521,-9.633538844922995,14.960595801449463,22.94280507725075,0.022155145927826587,117.12464290583482,21.33245875536934,0.006775771542626731,102.99791869743413,2.0620314979982366,9.067601991895557,-0.023586025989199767,3.7833323332649913,6.502670480650208,0.0036415428750234307,-5.276063413578725,2.9970371025444473,-1.1565116924802663,-12.330825531284386,-2.0961520204676938,-2.3640726543299504,0.8338067787185179,13.581162845892521,-2.24582125182586
285,4.75,29.835698186291705,-1.8929817674464617,-7.895588794964289,30.26072588163279,3.984943156672569,-2.236447455550116,21.948169369063248,-0.13675944892964498,-3.494889142354712e-05,62.77193493439866,-2.9459309481619704,0.008757895645542184,5.574263617309031,6.372998531730941,-3.195090654540315,-7.98626880176022,5.686549084596669,-13.093254493217515,0.30458835626592645,-14.857344883585416,12.413842457287668,1.7422295192075243,-10.154075990507751,16.29690453176486,23.149397544988012,0.019140726619327177,104.8529897912257,21.11920164324228,-0.004657400533260667,101.9806205864537,-2.662348520806805,5.979152857035092,0.02324674768864986,3.8649376081760476,7.351971493711481,0.01210315794166518,-6.204403817747196,1.7788755907055496,-0.8943346037399932,-13.13078548024908,-2.2438023677007166,-2.5063343982579505,0.8361102492151498,14.229182701006595,-3.651392621233132
286,4.766666666666667,28.423411898325572,-4.070961280894373,-8.916275487616293,33.94976333021827,5.770232108085259,-5.259907542923192,20.778146234264558,0.2754927950507925,-0.0004616422728732981,64.00005479136988,-4.262833975191228,0.0037797782507582455,4.501823239402696,6.462554411732386,-2.128968169623445,-3.644050562567782,3.863465327932808,-14.140720027006342,1.2142426429494593,-15.322820658380678,14.000277070994336,0.5984166078287209,-11.03161993082947,19.33065631768135,24.10193291158194,-0.038254664602169,100.0036447132274,21.64535682640226,0.00012749506266754803,97.31843844056296,-5.298391807422712,4.4201505479877925,0.0039586956118901765,3.544371714003628,6.580550097717578,0.006487836462292082,-6.6054152255315834,0.1972083111433249,-0.9221596294261142,-14.224836841152602,-2.8176698393195614,-2.6302128711835553,1.5332802831415293,14.563686605990338,-5.406140575837448
287,4.783333333333333,26.32269356247018,-5.862468853343704,-9.158904783020395,36.17764271185608,7.259778151909799,-6.78155782418508,19.801724525599663,0.8281946396202031,0.0011731821910514698,64.20492979904513,-4.89748460272183,-0.0035649611518080077,5.90136172890558,6.31925587777973,-2.9296661215283244,-0.04221942844017847,3.8696378905203406,-13.334007410549729,2.2971425721130267,-15.467066464846534,13.87858995679889,-0.2759455697067636,-11.479412185937163,19.874449557778437,25.182368440198843,-0.016948586859797127,102.2029183388269,21.572899738471154,-0.004870924646780442,91.47322467066691,-3.7509373708110885,6.227164148244841,0.02298245405874831,3.6896392953481763,4.274429303612921,-0.0029821337969389776,-6.260783454630708,-1.190056408428367,-0.7767482206284271,-14.121689894578708,-2.6531176320974805,-2.1432582359438723,1.8393598724314435,14.184728635135334,-6.875847568286848
288,4.8,24.333343024837596,-5.94859217098871,-10.181266397228397,37.75316929715829,7.788635452174214,-5.928208994975806,19.175924724190622,0.6611358612630831,-0.00046478089304811954,64.21081165926388,-4.405634522288879,0.0022021921971328976,5.664058631160199,6.323963627877139,-1.8861775083115153,-0.7577964811350107,3.0138976503874213,-14.21920341010282,3.7419357336328263,-15.851582064525353,15.055425390876232,-0.7874626308870625,-11.904373328216742,20.075710619764184,25.760174863019227,0.006349037767741317,97.99453518333716,21.13956835441014,0.0049611273783251985,89.08917908687559,-2.7014395371541124,7.309495756001923,-0.01117091090367634,2.405922249629711,3.873519455111355,-0.008240357309660513,-5.598078461752531,-1.1767203205640966,0.05609930784195027,-13.867335340629639,-2.2360389274463826,-1.9703606860139355,0.8774749762677748,13.590677387693368,-6.842727225365116
289,4.816666666666666,22.16524953187408,-4.544510295452061,-12.39031230130468,39.817044174899145,6.962148443859707,-4.695028516277563,18.39827293077424,-0.1691806666654732,-0.0031041267539868114,64.65248895806471,-3.779719418529295,0.00451836709585775,4.852389562255933,5.716649564495615,0.5865475779910747,0.11220934352616437,4.498130270439432,-16.339878687835736,4.327424098737375,-15.879935071439752,13.810896684167906,-1.0832799608086279,-12.166693621926688,20.973492972162457,27.310226304964644,-0.01775270354187908,95.29735573917564,21.0066735059724,0.0013286936851556656,90.94232339280981,-3.2352764640548077,7.132849618910658,0.001179610895083389,0.4119474455972682,4.885450331472778,-0.002391085974353275,-4.67933563512233,-0.1577614119942492,1.4575636333791981,-14.423093393676613,-2.6433077957276443,-2.4897620691047613,-0.24587329741853534,12.829033244443194,-5.5732491788963765
290,4.833333333333333,20.163994295140395,-3.765905705573231,-12.832684801252578,42.35803924909773,6.059295981408635,-4.803569310701937,17.0199692044651,-0.04486458969218484,0.004789629479411691,63.79861747810022,-3.4482826814432572,-0.003749840780821746,6.0157057085334875,5.13442815476101,1.4857675188776662,4.288049488837479,7.883602585866212,-16.992338879978686,4.469954553046667,-15.73484550792649,11.413045404048958,-1.6372277872873362,-11.707233558666069,19.300165396256187,29.0286077203428,-0.0007475521026422437,99.19444595799219,21.152039457764264,-0.0006174178517929518,91.91290281281188,-2.467166270288936,7.199477970685865,-0.0034951045825407675,0.5252210647543759,6.614726104283957,-0.0043897714309568785,-4.412151264236749,0.3763318480785811,2.1330215443282454,-14.859146200637205,-2.9777857706757267,-2.412425960516124,-0.38576084285494566,12.601350513993705,-4.940478554352751
291,4.85,18.70401829435943,-3.49691686386162,-12.172845737185899,44.812301177860384,5.660254908621221,-6.42591688163479,15.383024453256315,0.724113297565238,-5.8725740696180074e-05,61.774863942090654,-4.258428461872258,-0.00540544620062499,6.689178603228734,2.8648809123518646,3.8403243727490417,4.883366290998541,7.184369847295744,-16.1062434801706,5.255655629758763,-16.223248268022342,12.125443146935057,-2.0140286221535373,-11.231990422999239,17.93071495503981,29.407545514313316,0.008364875698793463,100.9631055596177,20.60790277864311,0.0003599759245100026,92.01912005807942,-3.033759726362582,6.43005630955326,0.00414940410230349,1.6907969219520345,10.164698753577477,-0.005447689891662886,-4.641747616349807,0.6722166232124951,2.433650408511428,-14.751599338164771,-3.1770627216928733,-2.137838477942517,-0.33005092975639455,12.862841253291247,-4.742814475325617
292,4.866666666666666,16.912737269691554,-2.186772197144863,-12.18782150811612,46.49103852615737,4.717630449463257,-7.948799990447534,13.992383501363674,0.7038424253619209,-0.0027130064697531305,59.62516237656209,-5.347119565914179,0.001721621648023887,5.5807013835400445,0.8373068343131376,4.03692573559115,3.3634625581357036,5.880680165990637,-14.551063776466199,6.084786448600903,-16.89499165412834,13.479602349532856,-1.9584174581973983,-11.307314984282682,18.414980344897106,30.00897094360914,0.012641816357877826,98.28033717673108,19.6901446752351,0.0034276450773918685,94.25025703168602,-4.512859594509009,5.724087788483146,0.0023055367725388393,3.0201754067274766,12.339696099686957,-0.0011686840534794306,-4.166398859221956,1.4072046323377314,3.719897663751778,-14.731476071538578,-3.2592116893329113,-2.895857942216189,-0.9378380423284457,12.691319076864845,-3.79415857367869
293,4.883333333333334,14.254978328850214,-1.4876685400450802,-12.383411967130565,46.79672109532181,3.5960766110288764,-8.81659627779405,13.063964751017858,0.583660376271917,-0.00044693260063977195,56.472782884279034,-5.153667163083826,-0.004960985050074397,4.5829209511626345,2.5749303383645774,-1.0266815835919363,5.343512991381817,7.432833549780035,-14.168931222196692,6.7141057206406085,-17.177107869305857,13.847999152447409,-2.1850713674473212,-11.45259472055698,17.522864993982804,31.409140172276558,-0.00722594039649185,98.45087544944295,19.44068308226382,0.002314252133487552,93.1471271800869,-3.007552578373482,5.628297588365457,-0.001676952171769093,3.3280354018767353,9.830538875380071,0.015376332281097754,-2.8139879818356093,1.5149141469175669,5.128112062159772,-15.343378953973483,-2.7322563334671486,-3.5887436750193134,-2.0972620133741913,11.749320768286166,-3.2523533340187734
294,4.9,11.340375567730932,-2.1367540644907295,-12.3033180668477,46.513008672075294,3.0888628957074813,-8.515356748314815,11.944075992831774,1.2242319688655925,0.0035764916199349074,52.49676359593771,-3.651874435996575,0.006618673419126948,3.892497434320579,4.240039372176567,-3.002492746301275,7.827840523902755,7.2513882816864355,-15.715988496584973,7.613968262514886,-17.009950678704268,13.531451335501652,-2.6233622587517744,-11.680857460249458,16.37079541241658,32.76561997840241,-0.0026874657395390246,102.03063711010309,19.442635633512136,-0.009890423398934799,86.58791506807424,-1.5089156689060956,4.630716784304009,0.005820364145074377,1.9569436312383839,9.089187707068385,-0.0179476987760693,-1.495644706032332,0.9048835416367732,5.987002909857903,-15.912427472646103,-2.6181212282938056,-3.849381726204713,-3.51477381281531,10.648917611615149,-3.5289794613631713
295,4.916666666666667,8.980305883535497,-2.6341885220588255,-11.564563968243611,46.96792649614762,2.8854518893904144,-7.9021889242919015,10.431090937913813,1.7826832660326897,0.0013715063892223557,48.49084857185168,-2.272447203477467,0.004287449482382136,3.4530094335779165,4.542123944481878,-1.5999776907502932,6.9438218506653175,5.367237349318209,-16.66722707452847,8.745607245006262,-16.828570033621254,13.47464200965725,-2.8195615265916434,-12.061755135901787,16.10408268908723,33.57475527388268,0.006905636935603744,101.97277489580345,19.17223786113541,-0.005570729162314358,86.09207403803322,-1.8001725990403212,4.452877564139836,0.004077581997382107,2.270852176793321,12.199375769411915,-0.004839295812340285,-0.9731804867288166,0.3387800780123548,6.80341902743411,-15.790879172818904,-2.8541159583439994,-3.6051851981683205,-4.489056672190499,10.16242932078085,-3.8081405287654504
296,4.933333333333334,7.081925871859263,-3.2263252979165786,-11.159665692590723,47.62622990904693,3.289874650619797,-8.87575125618216,9.356807365129104,1.5897368157843654,-0.0025668390543103314,44.11037249087787,-2.377873070774916,-0.012571690470686977,4.066430847792549,5.055358332218078,-1.2610653039124031,4.2487022280236655,4.166518707269987,-15.863678775751874,9.901728218181281,-17.328105005691924,15.776895809435885,-3.1614398153998575,-12.29499104314967,15.748493166148709,33.88770370879162,-0.008821055922414682,99.2235744726599,18.72967947484387,-0.021676785573174994,90.66296889240358,-3.504760839974148,5.783677139310782,0.006829949775553059,4.06343000584607,10.687168008970621,0.0027918887597826276,-0.72074181548507,-0.664868994470428,7.43582946740685,-15.740616742358018,-2.7720150285401948,-2.844033641155634,-4.654534541482901,10.018647736526155,-4.555583179288343
297,4.95,5.177682349700799,-4.026909740982267,-11.27209472141473,47.703098097440865,3.8833008118359547,-9.61002239074293,8.657706166345806,1.5623935908563644,0.0034329574017309605,39.26959822786364,-2.951572083477794,0.0010400806796990614,4.320613544190608,4.893642875825145,-0.81068024875241,1.9057663293354183,3.597016596832943,-14.588847319076748,10.906939108624732,-17.800690830893352,17.48071995825736,-3.6552801526694876,-12.301971581057805,15.400172688347052,33.88313693366136,-0.005059688943121359,97.59421242987972,18.631650511966306,-0.030185682399753975,89.05202076972833,-6.770453854692103,5.765640302203974,0.025371836526160506,4.1174674822542405,7.771287281448544,0.041727981941935034,-0.1682472266552254,-1.522721443830468,8.122264911216028,-15.910656403141344,-3.014376773999232,-3.2711559547984654,-4.731125601409988,9.73613293414993,-5.306758729496284
298,4.966666666666667,3.4664699754917954,-4.083755809499639,-10.45067303757746,47.67682961111681,3.5977427026532496,-8.759477732621997,7.872954670298542,1.6318461447187718,-0.003279501327331376,34.28073401844108,-2.7894212340062627,0.013103563382364087,5.047867500514581,5.227682781743624,-0.4528888953642511,0.8088518889082725,4.270356332507269,-14.509693419551594,11.593709853439975,-17.438842320186463,16.403790309049317,-4.020809198838999,-11.969008175160617,15.10411423844426,33.22066573400312,0.01728619309042391,98.82742475834846,18.298321946409505,0.012687312233285423,88.22405225116808,-7.370248159102261,4.556964017961714,-0.011503320570363122,3.481443028026305,8.16878300689979,0.018097935130607628,-0.05237655074863213,-1.5393657483818464,9.059077249941375,-15.079882732917318,-3.303545462563355,-2.9349846329970855,-5.382037673199618,9.560604085079557,-5.238600252590718
299,4.983333333333333,1.8232520164015964,-3.7222370395614446,-9.561735782766956,47.826520504214535,3.271105858834207,-8.17147577243536,7.089095864722361,1.6171291932067609,-0.0005694868986646943,29.81100137472323,-2.8395683790337602,-0.010877930447736191,7.232088010575896,6.2797597395066775,-0.9018862896149873,-0.8006140773682137,4.302482498748178,-14.999297646301013,12.053337844890393,-17.458048889650772,15.979250330153516,-4.343262759450894,-11.485600345839895,15.115045489019812,33.02482586643714,-0.02380355117941236,105.12727648849625,17.486608371285364,0.00884015338627519,92.73755309578854,-4.70290378135003,3.971975459525032,0.004220828107946267,3.397146476834287,7.300581510318394,0.013472163328793009,-0.01735778766805832,-0.9531303443252233,9.623813246031293,-14.904758632656723,-3.7970880674625467,-2.5073822291886647,-6.060717044608391,9.367372292790458,-4.673945434329693
300,5.0,0.09591728163910346,-3.5619475148827298,-9.864094127536795,47.981932808268354,3.063227607054343,-8.04936743640251,6.185221673191113,2.0397491828154206,0.00856281171666356,26.320885999946345,-2.8541738494092255,-0.005895253838992665,8.625591565998894,6.761986158599926,-1.1710703411869945,-3.0178754576551423,2.775435675879862,-13.97692846914753,12.690123112458094,-17.859107483305184,17.750917152013947,-5.017926823658454,-11.652688652608365,13.878570144938381,33.857305826270895,-0.011966277472518806,109.1301761790888,18.23543518052106,-0.0031244016778093644,94.33132010358536,-4.371725553689573,4.299396934042593,-0.002707068195383462,3.5699477238464077,8.71097534211193,0.0036012307074162727,0.5046788538559982,-0.6743345611307046,9.584349657302058,-16.291470947096936,-4.06409665282399,-2.3259410789016233,-6.477780667701167,9.125148361057565,-4.189146243917355
301,5.016666666666667,-1.4048298989271157,-4.123482880573026,-9.698614968258777,47.83991197891592,2.3111297412380085,-7.742361360082821,4.791059340523356,1.3263406417312433,-0.009783389824120093,23.20786625668463,-1.3706559568100798,0.013253280038428029,8.331167920067662,7.359114132072121,-0.940237013483669,-2.745885534696525,2.506233528030319,-13.492216100628845,13.039477467247702,-17.09148482880854,19.69945136834114,-5.9959645521296645,-12.506812142624074,11.745701619105347,34.41511347029687,0.001471929625603024,106.17002998825176,19.341377358337848,0.0004575196890226016,92.3342353757729,-5.8226627429672595,5.2790817589836205,-0.004932442679981073,3.90302433726222,11.46488753955021,-0.019260899808528457,0.08721432831216537,-3.1057528925141957,10.042025330539502,-14.389651171058686,-2.394154866859623,3.9142133719852223,-7.728464350813745,9.44006425259124,-5.473795480540536
302,5.033333333333333,-3.075066201422118,-5.552809791697487,-9.012206529304372,47.7655671772357,2.631215456127377,-8.1954224010501,3.6546722716603792,0.8662079970245811,-0.005722886081135415,21.365305735638962,-1.1764323660148654,-0.0008710674237161583,7.471473349441718,7.917209370830576,-0.5402162797379785,-1.0448234452104257,4.695285817653723,-13.949233005676641,12.283171230823461,-17.488865611696525,18.290265637473997,-5.982369947187069,-12.114071261802676,13.671386769962279,34.61179701734323,-0.0017496662171837393,103.41456835930634,19.045734588779613,-0.0013809622498082992,91.33726765490465,-4.030342406027511,6.093134446075978,0.007175800016620908,3.0133525416720635,9.869470323408686,0.0016810963781786945,-0.5390099306063659,-4.602261277979655,12.834065409551949,-11.741128422945026,-2.994979159502271,3.7726214042132145,-8.727062872347467,9.71303950093983,-6.947270142264839
303,5.05,-4.4718198671638,-6.076162347084956,-9.891771246273542,49.138878894083305,4.353325288707397,-9.06735657043951,4.082554123598307,3.384700880660201,-0.010075015749243799,22.19413140239505,-4.53382446237412,0.017344699667269425,6.606229195686861,6.920530671525737,-0.22917196528864006,-1.8067650432974933,7.779575259201045,-11.68947751554148,11.473525923180445,-20.606850961438045,15.050797518995854,-5.2907111076075,-10.072837051614124,18.211500491171712,34.416939340724916,-0.0032367992780698318,102.16035637193882,19.296021190876345,-0.00019288962372217915,92.65780598581031,-2.4004976133584575,6.222936625514423,-0.006649093104788179,1.2689540785329423,8.543657577708826,0.004687574469157458,0.3168329605116296,-0.1898375659994048,15.668480149043043,-15.365000261365276,-8.811387972611268,-13.685094591563466,-7.483491931965564,9.37182493135749,-4.926584283640863
304,5.066666666666666,-4.896286909770924,-5.987584455078787,-10.950925052516949,50.498934563345124,5.312533283084472,-9.379489053878956,5.144249832557502,5.084475968607636,0.012003718370214859,23.149837929609152,-6.4383012307902785,-0.013857655438756009,5.577434866368782,5.584862792037741,-0.7287456352600943,-4.709650301301179,8.26145693056108,-9.930480001710778,11.680837204680927,-22.406476879066997,15.388814442423053,-5.236325203308519,-9.161647423220867,19.127901943895125,33.69549379622694,-0.00045519659300348805,101.87156346669161,19.081971343883982,-0.007211962274810592,93.10185238231463,-5.054062362878089,5.339384355381115,0.010377271230458673,1.789181947312234,6.9078186195930575,-0.029165803092104994,0.6352031487769302,3.138543398587212,15.40554361774858,-19.30411393250793,-13.192068046756575,-23.832154659786045,-6.2678933947664985,9.404711203378447,-3.0939832638896987
305,5.083333333333333,-5.8306283046817216,-7.530746016828137,-10.356087635642732,49.214266644672655,5.111886428321154,-8.762917857395232,5.103216046827417,2.9824912513757704,-0.008181137184639352,22.444679221846876,-3.482131564397294,0.007469702804425735,4.669278042591554,5.406449049817854,-1.6449714336991472,-5.856009617179651,6.634865223900256,-13.281369005891202,11.63177094874841,-21.645445099684174,16.747645290211686,-5.187468630130367,-10.047938135675377,18.573093773197076,33.25659649007537,-0.0003389250127920158,104.21626080402922,17.60888873547409,-0.0009559048777023369,91.35879461399125,-7.209246799864719,3.6470482585975135,-0.00738504540264513,3.60405605301996,3.2950207095511286,-0.01259920512687756,0.26000291248528434,-0.8921563078185059,15.803458179250988,-17.118959204861707,-9.132549312292806,-12.511698147043889,-7.510451146957939,9.559198307904245,-6.014984047928284
306,5.1,-7.542251829191002,-8.679842765947773,-9.572230079690213,47.70910326267908,4.886502695738193,-5.6080358998857145,4.577503508013361,0.20298704761916758,-0.0050368535631230525,23.200267493666043,-0.019077910912120757,-0.000574358604649483,4.921699825220763,6.359539245427128,-0.9125130347522248,-4.770665304688604,7.060933678355794,-18.307597872085406,10.71822565257368,-21.140436104135205,16.2416045079123,-4.910170085902604,-10.749490400650656,18.77169636404443,33.36671296144015,-6.492898252936092e-05,104.90685197003143,17.788892844793246,-0.01818747248981246,93.42543028343066,-6.142405149658225,2.8944172491969256,-0.0035666033570997254,3.644858517066261,3.225636791666572,0.005326045407838312,0.310964145716508,-5.319015955570401,18.136134789449105,-11.24457044059863,-5.278999219621271,4.298841605009605,-8.80120797356484,9.371241783369255,-9.09589733779864
307,5.116666666666666,-8.992264804427801,-7.928956622531301,-9.586766717529434,48.16425162208961,5.435737914419935,-1.3355860672969888,4.818937647248879,-0.652698525964719,0.005374009977636515,26.47633370895904,0.4913259672928387,0.009567198105220031,5.75728060360628,9.003631280901379,1.3924884112973044,-3.6360546964155116,8.11722314194709,-21.39093259770285,9.929107987641395,-20.764891686802205,15.719481254381929,-5.102573488588286,-10.556524268027445,16.908832958497044,33.33211146027939,0.0002842186724122298,103.01130277727303,18.78164665626733,0.004576166346014808,98.97554496432203,-4.898688535804785,3.0967192988475785,0.00612897534491405,2.775277942669328,5.441825696209344,0.0010968564213811763,0.574714270089142,-4.99447778513916,17.92469792493572,-8.83730596116846,-3.8763236352343022,9.633886949828733,-8.287803895121836,8.771099725684422,-8.463519084779914
308,5.133333333333334,-10.730223659635119,-8.619412962249772,-8.550038918439094,47.58504252449903,6.5512697039063355,-1.21133606412074,5.922190248691251,-0.4126418650637732,-0.007706162579000924,29.363221792213647,-0.6150319330986345,-0.00721355671003639,5.752845823500489,11.074001739931358,2.5619783773579803,-3.056017124371279,7.053395687774298,-22.005199794841026,9.031729872804377,-19.832510101010246,14.816226530398062,-5.338122942510583,-10.445339305721904,14.849232348885897,32.67671377821426,0.010142764390888051,103.44669644767178,18.410440961783895,0.0015132545970822728,99.84109715576574,-5.442096450445733,2.172167408962462,-0.00294743278601585,1.9297450790593578,6.101812532058712,0.0029352924453537634,1.1753804745021452,-4.768261988932656,17.289941396495465,-8.777906518335444,-2.617915152444625,8.445605359732498,-8.519384820583696,7.503328974299184,-8.027136302607676
309,5.15,-12.546816792605785,-11.138096266113928,-5.853342676307197,44.92774263604079,7.3540816268440015,-3.6330225587984453,7.55816802744809,-1.0796405636671602,0.003194809910524303,30.5426542888909,-1.3037313111418483,0.0019066601329581344,4.434038121526384,12.078894463209526,2.9216524709702707,-2.379086368233959,6.507761870717458,-22.50001830489825,8.011744863435336,-19.50461684758336,14.940340817868389,-5.562997163814373,-10.368946884434305,13.333695634205586,32.06521175533254,-0.01688309165717588,106.55996475144556,17.857881883333672,0.003026813372770839,98.32120616669046,-5.89284961420474,1.858967786045501,-0.016979844265201386,1.6548402785150285,5.665265636348036,-0.0025803232069572996,2.2542878343399404,-6.758416232660535,18.672039148856598,-10.465718292112495,-6.4916598075529715,8.362709981119847,-10.818983823986324,5.9893953604697385,-9.65632859643859
310,5.166666666666667,-13.281344417730427,-12.722716066773708,-4.108638860390974,42.84172757430901,7.854645040808569,-3.568246919696331,9.035753298484307,-2.339469116524004,0.010902389300929564,30.86813851263686,-0.7986235864567924,-0.0076934458224233145,1.2255999143195362,14.328739193576103,3.6899599505318634,-1.4656620669007758,7.59005827244929,-24.642289013210966,7.165103661578264,-18.948266554216747,15.494758947726513,-5.834486856813865,-10.385998137800959,12.73488085156427,31.499225781794674,0.012384877085812958,109.91592692959958,17.537663540114952,0.010296228423823432,98.08744300898647,-2.9769325290383013,5.015926854537097,0.040820354762488464,2.694814851978272,4.885791949864716,-0.002730301657440456,2.3285215268375294,-8.450015565841394,19.55506326518229,-13.93489227583579,-10.910277647487293,4.367520078378666,-12.370581499882702,5.4249925479743055,-10.867992755325758
311,5.183333333333334,-12.05984569031131,-12.41781667806172,-5.079824024823562,43.7421317587906,8.851002594637345,-4.583393415168806,10.828075607498512,-1.7536612722224572,-0.0155126741327825,31.653292652364975,-1.9809904411591297,0.009822598518794898,-1.814172941344845,15.31755288414483,3.5334951404418287,-0.5888617399508177,7.912412096404533,-22.972390727905363,6.25427043233344,-17.844387618021816,14.143630339663464,-5.515901131373328,-10.87436411888041,16.36146622288769,29.932311857967118,0.02840848665953517,110.86496880572992,16.692206628539,-0.018056821729134396,94.1145605823953,0.14844209546765968,7.279893394558408,-0.020662406858163382,3.12427708724083,4.458409096649204,0.002180280723941171,0.7207831127402975,-7.7692231690691465,18.111951444699873,-16.17563315705473,-8.339041237356236,-5.739468766167618,-10.4432122245012,6.533065481827237,-10.02959142455146
312,5.2,-8.90655524985653,-10.683638413850218,-7.803671823091695,46.75868730341589,9.68556094261067,-8.126648064332878,14.134835393543442,-0.23934170355760093,-0.0019095411290998786,33.41181174900094,-5.556890936972303,0.015558455550049984,-3.1944718424835887,13.77135186627676,4.09136075425881,0.3135813434735158,6.950330554634471,-17.205625032773124,5.912835637570068,-18.286035513346224,15.178582423909418,-4.766935168195827,-10.351514478597336,19.622310873998874,27.180174112122025,-0.04105348971761311,106.96795039488786,15.651434482612695,0.007921388609417592,89.85303242318251,-2.141382228729756,4.9625357696304,0.03257883163919801,1.8454391529541752,4.435809341144129,0.00021773205836426508,-1.3984525509172838,-4.280710112500439,14.888455085065589,-18.101395548732366,-7.101824452207921,-13.659899640857677,-6.913541641863569,8.766830807075138,-7.5372898349919355
313,5.216666666666667,-6.018746348097484,-9.73726498769711,-9.848163194547643,47.94507875868933,10.253269583155182,-8.951890479628837,17.903000611928945,0.12094286781664988,0.018094125681997635,34.581283767079896,-7.33422690949458,-0.013142851263831995,-5.695983873038225,10.705451025031943,5.368170366769537,1.9209089585408583,6.411121167961137,-15.359861177719825,5.933859320377504,-18.79101141700613,17.427113737831906,-4.127855927863537,-9.271997719009274,18.572126936904244,24.797013874015533,-0.002648409061658673,102.66687136025554,14.743799821735214,0.015212916457987507,90.41324252664349,-5.063352394644165,3.8709141582056388,-0.005738199937442125,1.4030499013603277,4.45760299145917,0.004771685402055461,-3.0225848980002,-2.0993642817240694,12.629382456903082,-18.88047608043745,-9.320357084363849,-14.409767003699407,-5.206339423368558,10.442479195709815,-6.122957716571149
314,5.233333333333333,-3.5592504341957407,-10.496936074941468,-9.561784010272126,47.68449488974186,12.002840088421786,-6.953069875836153,21.177318537691548,0.5475924856737776,-0.0168073426737315,34.56244433312365,-7.373868888605136,0.006359062533252579,-9.994533672030537,7.568938515717793,4.4330783346932865,3.8323124675585647,6.650118915983287,-17.254399745525852,4.674076320764796,-17.810037855262788,14.51385639195986,-3.395734960928585,-9.026548158087346,18.793768489337836,24.395210287599145,-0.02269201381057353,103.70092505184941,13.300671331763347,-0.018881533696466443,90.0498627123066,-2.615928070665242,6.8968213836052525,0.0381594422366872,2.353121210309056,4.599266834806515,0.005817943521341627,-4.958286784357705,-2.4990935574880555,11.655762317564049,-18.527898381100112,-8.908470059506588,-13.541616607418218,-4.110704301407836,11.858179253691423,-6.5575218346567
315,5.25,-0.01513666445714495,-10.403195049495755,-7.735428328332851,47.75560874247777,13.404892143907515,-2.924386915915551,25.365104802115436,0.9763785077649256,-0.003221139435945924,34.88818969797548,-6.380211405620254,-0.010554064992753702,-13.564434571329933,8.828915827891457,4.025132346260947,5.319196663723542,5.165156086029236,-19.927107180086445,2.6284811788819433,-17.137122963196955,10.602800451555463,-2.639979899525602,-8.596211599475213,20.95602314090324,24.329054694251425,0.04163791646598674,109.53204789809045,11.976684185212545,0.0020022927551125165,87.71444555045115,0.8779864734201199,8.786366488475107,-0.030665559680873512,1.383757561002613,4.850596730517312,-0.002884651796289331,-7.1329889830322895,-1.8263136656858348,10.820315883448014,-18.4155974402421,-8.630937621551693,-14.907612818307356,-2.7048224007785406,13.360608439230042,-6.275390815071835
316,5.266666666666667,2.908887683014881,-8.541255087660314,-5.846062050080201,45.460566227169615,11.976850830641617,0.5298153526098687,31.09160083097187,-0.07355576217991211,0.02187359881626444,34.84928234190014,-3.5820600047946827,-0.0022380755350161503,-15.354835923652223,10.295624465354049,3.950656326711078,6.030579142498712,2.2792697718471078,-21.508184648524143,2.1352035418556907,-16.049276788843734,11.738836619375823,-2.2802932942202743,-8.547086566015857,19.30786771688036,22.247576185885976,0.008202055272965999,112.94768775399595,12.250384863238798,-0.004001923380816871,88.53728810147433,0.46233605693305785,7.609861994710431,0.003905754685225471,-0.05291158093934232,4.538424570060854,-0.01167516701171538,-7.108604960025036,-1.6027924582266848,9.916568368464379,-17.11618150934572,-7.667534240992182,-10.976781523138403,-3.0185258157052277,12.89303653345699,-5.350947889782084
317,5.283333333333333,4.455063187840016,-7.218609908587076,-4.515277334452499,41.379603051073026,9.960881832342993,-0.793496578456833,36.74563843524857,-1.6616680884249329,-0.01619067319341482,33.52118630893024,-2.0032748299587566,5.796031488373867e-05,-16.493101759030107,7.053723852406626,1.428365376520564,6.281887742518716,1.2711126829317596,-19.558109366847614,3.123926875545723,-13.756433180738481,15.389584125695187,-2.1084172504146643,-9.762702167638755,15.23975380038418,19.130434233174974,-0.06359547553228762,110.19419980432093,12.494287951687344,0.0032652825928272725,91.02406762508653,-2.018639889898649,6.240642948359399,0.0005613717180363633,1.5116655713600953,2.9977882025355957,-0.0202766796242384,-5.65315602712762,-3.714157753142039,8.187166381158566,-14.153706844284809,-4.091042084893595,-1.3918176822968686,-3.943857888903273,11.102714882762763,-5.61181969387992
318,5.3,6.8117043486843025,-6.885713508969992,-4.2591188779741564,39.31012228393387,9.914909767228632,-2.2238612107739226,41.57165995660542,-2.892390368888641,0.005073440733252332,32.73788566634469,-2.301001918260281,-0.001645955426419444,-17.538126344696312,5.772491787877489,0.34925321162879064,6.528711534766039,0.898755064823733,-17.536082224504415,3.3295940696605757,-12.397428936770437,16.05850387810254,-2.0291015574124724,-10.536343894082277,13.896704202915023,17.087537071521787,0.03193166385055104,111.7751646034742,11.678154234956445,0.0019193774273202307,91.5846236080106,-1.043998058038381,6.09530459429651,-0.003159268546630813,2.7325531339328757,1.0483278484026042,0.0174945601269266,-5.720039202912892,-4.572920224150942,6.334064206838718,-12.54170954389019,-2.809328039311368,1.8271349493967206,-3.5541602750983134,10.742232504748344,-5.8176202047434185
319,5.316666666666666,10.173834896872375,-6.660908247037265,-4.350225771938971,38.32662195066313,9.9877033367573,-1.277443989746001,46.24428571744817,-3.4222875936755695,0.01236430658485393,32.59689101579175,-2.1183388441508537,0.002456006085273377,-17.39470741889285,6.718190075492737,1.5963357490340064,6.73901797528752,0.07881367309168698,-17.267417885979953,2.6623414682910056,-11.969000204325994,13.343177592287475,-1.9256971311642648,-10.457216213956913,13.907303915077238,16.270801151502297,-0.02059578656703511,117.67547956654566,12.054733992304461,-0.007887253690153568,91.80982272347471,2.2605595356621127,6.623163862081633,0.0008392699124238373,1.6513497812303286,1.2969430388473144,0.0034856981088673454,-6.7092418648066365,-3.753983903421425,5.5493834859262305,-12.490403144735538,-3.9037246612886567,-0.46793605323171805,-2.980513482543944,11.263227613123311,-5.130261240923471
320,5.333333333333333,13.093801079353266,-6.751599423601871,-3.649696734273303,36.70409525772671,9.558583589222078,-1.4165131197321694,50.615668730686956,-2.5380396687902973,-0.02193105003760959,32.09732433069163,-2.1595925847268824,-4.667042476453832e-05,-15.643547694029396,5.7586698510894125,1.2217824670577153,7.353085509072981,1.0430708468782552,-16.97467116547013,1.7566776171976608,-11.670007746013592,11.336715807005117,-1.365215327334616,-10.576475489908303,13.50075889181634,16.464586267223172,-0.005494209244017184,115.96162260531631,14.010225275975476,-0.0011975636275202673,92.9961211756392,2.02486686749654,7.714356498972392,-0.016669401785114137,0.7952889695652734,4.90718976035104,-0.010139125119108182,-7.062475865932541,-3.3290538450828366,4.90392622911293,-12.022980035351924,-3.8524146039622384,-0.7550793839908219,-2.8972603360786167,11.281533571325802,-4.581891594322587
321,5.35,16.0744487736308,-6.693570597482195,-3.078236305184728,35.23182487439956,9.361437918494714,-2.361175638951549,54.841717092215404,-1.9061491740773782,0.009475843686046787,31.367172997419292,-3.0248651201437515,-0.0017679298277081315,-13.203192379742566,5.7371233946066456,-0.9730792910289442,8.79862987168132,2.5699561196550214,-16.970595989770015,0.5830190953941653,-11.997556554309993,11.28777284406969,-1.0915352481759035,-10.819565158227658,13.706034055068091,18.061277356575296,-0.0030906002212564743,113.0021323924202,15.706408556591152,0.004747917887500902,94.0274398351606,1.5100444579329928,8.704190053017628,0.0036329440836678517,-0.12171241111958729,6.528163921962909,0.010163919729875985,-7.451415706757166,-2.9290004037081223,3.8835858002663532,-11.271637769048692,-3.016902079560906,-0.6010191059787745,-3.0256258177269206,11.354989216160828,-4.204932849031619
322,5.366666666666666,19.475629705371258,-6.258161277396082,-4.157014708982564,33.546590389270634,8.69982543623399,-2.694333095706685,58.95837950006703,-2.9916359819918883,0.012432778858362635,30.201968005548956,-3.2403960202391957,0.0034015899827349,-11.819852135297385,6.533236162752136,-1.9500371812334059,10.072305053107037,2.6586893113618584,-16.614205728749255,-0.15194307627760992,-12.368218086420985,11.954356769463484,-1.436286378460309,-10.995920687534694,13.694044957193075,19.33750807406006,-0.0006265930617159415,114.90849893350317,16.17204893811882,-0.005710282404333532,93.93606652426867,2.123554580701008,8.637688089595274,0.006396415423246718,-1.7222364009984172,3.751464363634199,0.019191186152163472,-8.127905762995113,-2.3422110118740376,3.125556598915134,-10.546945471058216,-2.4823664111243913,0.2985632167273197,-3.359665684445078,11.611930305535356,-3.53558971645954
323,5.383333333333334,22.096450501975415,-6.102729998432402,-6.4378758574269925,31.505600145357104,7.713826352237225,-2.9531739724845623,61.671093925114434,-4.261897987939579,-0.011937161273879462,29.152676339851812,-3.299394705777062,-0.00206549689210442,-11.976170215372925,5.545920895364727,-0.12649801823978246,10.8063558130979,3.130815002525373,-15.499049528154869,-0.7023697325275857,-12.237386862669412,11.660897791541503,-1.0121439600390598,-11.196870623515881,12.856680713199705,19.266632015251684,0.0036397664418992637,113.10846580192518,15.976085185292463,-0.0036232845268241633,93.31344997349707,-0.14395877248961064,8.457454919113134,0.00013780836930362534,-2.857938953154983,2.9261236800134904,-0.017162482424931562,-8.411863910712482,-1.6556155282759355,2.4414491711630655,-9.775004756834843,-2.283694354005951,2.1595503407197385,-3.2368436147593225,11.55301576473409,-2.6435556034532937
324,5.4,24.276940561750788,-6.086172914704951,-7.188681656967483,29.76747485677186,7.566591678311967,-2.9515883674951344,62.907178699121154,-4.167829956197467,-0.0008188637347838619,28.13416390074694,-3.7747533327663576,0.0022807667292004154,-11.593265554191921,3.953823875541272,1.6143579044960654,11.356268004491229,4.232671767290731,-14.968852470327832,-1.6951090920805072,-11.763599195642268,9.685747158235571,-0.05471852517181611,-11.474472064332785,11.161624377094336,19.373710849998307,-0.011751130642672214,110.37326309928186,16.378390072525647,-0.0032541793502485965,94.54546134269877,-2.1254308034800933,8.81423881626057,0.002876232789065678,-2.859269644877491,4.682250108483293,-0.0072145731462534,-8.641728029467606,-1.3895159620579645,1.6738940068255257,-8.983636254202908,-2.0122693598628207,1.4270723328872852,-2.7833315922235085,11.605884006334392,-2.212038977536708
325,5.416666666666667,26.649952712140955,-5.467986709244309,-6.188717969243564,28.22542290195385,7.6660450316593085,-2.5012413441016137,63.185084220200594,-3.2738595784619116,-0.0008479402854109624,26.69542181171005,-3.799660022756662,0.0050923846992469825,-8.98751788801896,4.63404025530745,0.7475720395290425,11.38969920014631,3.7834012114169977,-14.481429439369837,-2.4166618073218635,-11.238723150166342,8.582228299672408,0.6643471040334014,-11.654143360184786,9.786594915419885,19.03755152990828,-0.004653622316656011,113.23446527774075,17.399160327060404,0.003745143269903984,96.03051551023965,-1.0282965617338824,9.194708272814932,0.011340149060186036,-1.8136767100503264,5.826464696412351,0.008478029161376964,-9.173942840932613,-1.5421030612706643,1.413516696162384,-8.355927680295599,-1.3466106572824996,0.09109154039965021,-2.668132608843255,11.900918534130103,-2.1630963473224445
326,5.433333333333334,28.809556873236154,-4.291279866614774,-6.931031207967184,26.938867159139754,6.929976930814819,-2.470062326577487,62.86484461975398,-3.441500031692833,-0.0012349250558754586,26.292255927139873,-3.6929475700220107,-0.0022053375634041427,-5.805658097437233,6.896038787093456,-1.0422690377126036,11.597907645941863,2.345633572409531,-13.385261599542682,-2.5663621504464245,-11.25486841965657,9.651636743461502,1.6668153023935965,-11.599624348573634,10.096552479545371,17.5523107307568,-0.018583646285664373,115.02279156815254,18.354700734135058,-0.004335036718260796,94.47454972075265,0.9518585465594146,8.572751443603464,0.0022418985928149035,-1.670632386948884,7.342126826265536,0.0010429798343867401,-9.270449494830165,-0.8506199572845468,1.1997008915814733,-8.208879404915864,-0.9680774979316186,1.1899808647894894,-2.6471109507450423,11.825980167677885,-1.4912843840014374
327,5.45,31.542886718300647,-3.6845036433318072,-8.818459569695406,25.577917134851216,5.954372022885334,-1.8880495324398041,63.37439287677747,-3.5817882019498946,-0.0004314888752544047,26.399281105409095,-3.4628829372137147,0.004099976183516867,-5.078148391272185,5.986397760155405,-2.7449469171368315,13.08720126986414,1.6687209915547283,-13.465557780953391,-2.4133174559370616,-11.74830769719838,11.43760016701287,2.3730305101785967,-11.908246769919296,10.18151002505287,16.678625799058405,-0.00023134926320800031,113.43015012507831,19.57902444818655,0.0124029853057075,91.07635049287941,2.168045284036186,8.032642856752412,0.006220152290204536,-2.1518940823124493,8.765054929570017,0.01059896885309885,-8.927220335177237,0.2268437069855224,0.11416744929154382,-8.705510225187245,-0.7344005694516872,1.8613095593505988,-2.282810240351943,11.577856259549916,-0.49402269066881493
328,5.466666666666667,34.69395286091735,-3.402212198991707,-8.133066907644404,23.402506202885498,5.307569526772442,-1.3832346621213614,64.03737981710326,-1.9780674047276259,0.0027531094036018907,24.707442271626746,-3.2570378484685976,-0.004200719382400824,-6.653490097704705,2.880405677744445,-5.096092107025737,14.930528139270963,1.905335169756722,-13.760220698739182,-2.342660976189494,-12.112313566722564,12.424084821252478,2.575813394060024,-12.189926548836686,8.67724672033769,16.986265579422238,0.012909766496860148,111.52495525667491,21.328145715704384,-0.005727954104726151,90.86205971233817,2.163337677777415,10.355331662902875,-0.007682573581352473,-0.5164483256260323,8.731214437301013,0.004888178173602483,-8.965919540884661,0.8723777801199704,-0.9678618280784534,-8.936485233938923,-0.5854748662204093,1.6483875910960346,-1.916719741349616,11.630541606329587,0.1169560287137492
329,5.483333333333333,36.79083654950896,-2.958890651931938,-6.005021500407389,21.143955735219386,4.777033482818308,-2.2449601967149007,62.42299800533545,-0.748221823166576,-0.010184142064419179,22.563321632215995,-3.1266006649509084,-0.004876264009820357,-7.498015562033064,2.8419012409994187,-5.28625370101002,15.531740434043597,2.4816977413524666,-12.372915754816859,-2.8472884098471747,-12.365794584619032,12.319580725453928,3.6117046605843783,-11.780103204782181,7.657654842616408,17.419492621007773,0.001368516726045014,109.51462136955912,22.335912071262825,0.0031110316399529346,94.58353701922046,1.10896507332189,11.592163951489683,0.011323045140457162,1.1601063383042511,7.055281643213113,0.0009179061338458388,-9.089236399202768,1.3023087825771458,-1.3207121796596952,-8.38952409420211,-1.0218439490201883,2.2109794229023074,-1.9245157172208216,11.646646211256902,0.3404602501771987
330,5.5,37.8869683122051,-3.561825410562789,-5.223692829402385,19.673542984757358,4.6697172354384895,-2.910486516494781,59.05619047318332,-0.22417657117214942,0.0025392465174349406,22.235613346452414,-2.6865014438733823,0.002949163616454338,-4.728349872046324,3.8954218204193194,-2.213128427835764,15.340769901341565,2.9454265396162658,-10.875217639584216,-3.6757555220895846,-12.752859335373108,12.272542060885742,5.424697823485836,-11.834436822702195,9.101278991798559,17.64980785337219,0.00019938897002939312,108.45976840773663,21.897590826861293,0.00472869079519813,95.0580079816831,0.42614288663787453,8.472585432051916,0.0048476259375608895,0.8087042361379042,6.028920640724038,-0.001191147564309474,-8.668244111467326,1.0617168679772164,-1.9140101603659427,-8.636616101659902,-0.9696652477999305,1.300845489270689,-1.697298833157315,11.281508676869764,0.004538217287018237
331,5.516666666666667,38.435187401815,-4.539952878990151,-5.195031416152251,18.377980337713804,5.155866902829986,-4.435695272341309,55.509027337793356,0.7417701307493777,0.011110963290126851,22.318790226645316,-3.0811369077644652,-0.002783166302310735,1.3516653528175393,4.156936931873799,-1.3123697031614698,15.352555616644231,3.006578643560161,-9.535575248536356,-4.394788613055901,-12.978437597315189,12.797062106413437,6.722697316724245,-12.215103054265075,9.886913621909489,18.035956503671002,0.01505618706642697,106.45046582704099,21.77961183610463,-0.029754994924836076,94.73841738534138,0.5071813628710409,6.664803155652977,-0.005538172288245575,0.6826179270943427,7.297422257540149,-0.0022374742438174716,-8.171805845322998,0.30936952037490717,-2.9058169644351928,-9.453898851320007,-0.3922283901981268,-0.09326840012159102,-1.0850891801518696,10.79238820252732,-0.6308514261924603
332,5.533333333333333,38.74209316297291,-4.288708970844908,-4.870217713188524,17.180440114673416,5.0205371404509584,-6.622545899447977,51.48433397267566,0.7368407523472749,-0.018194150357362073,21.29092657087179,-3.494288306689586,0.0004475011103740146,4.407646532222081,5.574433132507004,-5.073156328928315,14.413063600193702,3.1214902810047267,-8.03469295469368,-4.593357171274022,-13.099062861733652,13.59145071430652,7.344567237805012,-11.845861467520772,8.007178597441847,17.8543630224604,-0.015038598932157051,101.9798586714861,23.001182336928537,-0.02269802782032996,97.56599662931507,-0.11867793050328065,7.942468284620691,-0.001567720417881472,0.3851754087723827,8.021432462053083,-0.0013158110637224935,-8.340982375915644,0.3922347634105816,-3.669737954503863,-9.283333569969479,-0.9192525420814506,0.72247888344676,-0.6276364739911495,10.880714385937573,-0.6960053705760452
333,5.55,39.44123881172814,-3.815988115822741,-4.7786966523638235,16.08829836472891,4.248716615152521,-6.695063760965128,46.99960744998279,0.22826932232872005,0.005034016773390363,19.688438235546737,-2.665701036164164,0.0024442150749815145,0.3709095632697715,6.174703657438992,-9.016813424384278,12.439018806357588,4.39810012235964,-6.804597121356362,-4.436151321322416,-13.594480684747927,14.329597772371184,8.162085504770674,-11.497989421094763,7.912492700629066,17.274017496424964,-0.015927160976587577,99.61040704760936,24.111660632025856,0.026237217523507658,96.46794110675506,-0.9788754075193932,9.037650779190484,0.0026207648063740967,-1.1352983388798359,6.970627891340142,0.0004012905943025438,-8.88580410990686,1.0376445608457647,-4.041326396424906,-8.999560141437035,-1.5033845210799346,1.9129333131612092,-0.30747659529623367,11.518888088799587,-0.5083440848601699
334,5.566666666666666,39.4116029952225,-4.351009247229138,-5.1874939139053655,13.776209860361154,4.589961652771298,-5.395067515931589,42.164539180200926,0.7325498306751178,0.00575517336287411,18.03897621137888,-1.9648032916066773,-0.004561480356828347,-3.3031238137820544,4.6365120666212505,-11.20274652429602,11.618990440723145,4.624377133202899,-6.002695814302487,-4.681362712475404,-14.0366891630539,14.21316705698585,9.440654236826253,-11.63253684603615,10.018118038310988,17.43745539784424,-0.007247319437257992,101.40342307459785,24.096288307420767,-0.0040091884190742106,93.81566606701152,-1.308163329621749,9.06932575176028,0.0027062272007861866,-1.3305971975941198,5.328223776964926,-0.007522146797518681,-8.545672294222303,0.7585018903512006,-4.148019817896743,-8.89680776194572,-1.1885793995572906,1.9407797915863625,-0.027260327569559283,11.265570253963705,-1.07898699243538
335,5.583333333333333,37.926123883554546,-4.892443457333732,-5.969934886259985,10.538753231377342,5.258544628644276,-3.7557776984036266,36.128735963432604,1.2736000536333967,-0.0007973065178241588,16.747010737436245,-1.664104624061168,0.0030757655731827424,-2.3565311598597227,3.2310056895597703,-12.897548959698678,12.405110648080436,3.5584080649723813,-7.075427606150488,-5.028899468699316,-13.916431269906894,13.387107637816136,10.656018838237394,-12.030639674003234,11.53452713252055,17.597730965849657,0.0029343364227754254,104.3093623671489,23.896977440871385,-0.01256158147291128,93.53307566895187,-1.6436163173757738,8.295539633220027,0.001269219479543087,-0.5099623997361192,4.816764401532544,0.005440397952061103,-7.409280261024968,0.2321635262771484,-4.5088602501891195,-8.176539451555623,-1.6201339113484594,1.281547362744036,0.0686435898049155,10.056392681485155,-1.61114188946192
336,5.6,37.147850452786976,-5.024100626189091,-7.586523734574068,8.432803903309777,5.354593022994944,-2.9967460892143394,30.0063957235222,0.9030368071337529,7.813743449978096e-05,15.785871117616606,-1.6731769967560408,-0.0013277355859810504,-2.3889215967042117,2.176242432791044,-13.197523833724619,13.76240436730756,4.673163260503232,-8.228244036901065,-5.1081478336114206,-14.11985447998987,14.04112243635157,11.259590977455154,-12.604580344638606,12.391069799008568,17.716099827475457,0.005509047046092737,104.74637080793727,24.995725519801628,0.015603806724672013,91.11644846269931,-1.5495228147988365,8.867725972820631,-0.0039272106353576836,-1.3013645899269717,6.526713066566955,-0.004135782376523815,-6.977958877164649,0.2595916299503242,-5.175269922659804,-7.056204479041924,-2.449062244779184,1.050935307803749,0.1942184324162174,9.582002925074372,-1.6718020907646134
337,5.616666666666666,37.689284504498964,-5.7342261057013255,-8.382669962436816,6.9519559984897334,6.223852285687355,-3.725728741681102,26.086256382776085,0.43691822911088724,0.0007818489325841596,14.838162886698669,-2.0925140633967003,-0.002376901595562518,-3.31291553748234,2.229719150048351,-13.290909454161094,14.954152336153184,5.706956548217173,-7.088025711296052,-4.887567816233416,-14.996578846691481,17.082736398356694,11.53939157271103,-12.819229952859397,11.541786242093009,18.119969993541705,-0.006893854161296209,100.66441574301498,26.617169788683015,-0.005592760770219437,88.28709689207925,-0.4470819882658559,11.108277223803219,-0.0008575873470237883,-1.7362961828403851,7.255226794917314,-0.005470652410140029,-6.788223620707582,-0.20889733360719948,-5.9047506854854035,-6.191602926751182,-2.47542945352906,1.8854223493345015,0.445050625444697,9.469889135819686,-2.411744382996435
338,5.633333333333334,38.19102082255859,-6.379739296475133,-7.4894983111096,4.957924600014009,7.062308981910521,-3.954415572619832,23.659116977121652,0.8028444614553432,0.006818017825146789,14.05851574424082,-1.9253665085277731,0.0021660422959789995,-2.991192017731615,3.3301543504959126,-14.964054899450426,16.113535645259457,4.791065384141867,-6.090642878772268,-4.644672121033464,-15.18089529948361,18.29899582438623,12.331399509878132,-12.659197715804094,9.89190502921505,17.947375546429605,-0.00020959624595241327,98.74287337833074,26.87697270559295,-0.005568881335805241,89.48632045060444,0.2599105524665456,11.498046981552552,-0.003276911321997045,-0.2531005557949739,5.610207770945271,-0.010874871097726977,-6.079826873542112,-0.8127914358374316,-6.355034280839637,-6.115001482168686,-2.2318605765477497,2.5749610015359377,0.4831952912248273,8.908902072305779,-3.1996103407436864
339,5.65,38.31360700758856,-6.410230627158276,-7.708527112753479,3.376336222543416,6.979884915962559,-3.822483581819819,19.977307253262484,1.191594807197242,-0.010833776370116604,13.27740083816753,-1.3790537263082856,-0.000941841893961495,-3.3728259935504052,3.4437366855735907,-15.4555760797448,17.556140365257132,4.227869228647201,-6.009145116643121,-5.277032559168943,-14.399546721623006,14.21376094359259,13.453693202943626,-12.639779955576097,10.802082435325774,18.164460565785365,-0.0017802496026824756,104.48688819790927,26.62958904846682,0.003721255955805508,91.82446981435857,-0.6058511920098831,10.47091956318969,-0.003093473911559107,0.35493953752843527,5.336707085853316,0.004889946488831275,-5.94342366137803,-0.938217663403063,-6.225290664343741,-6.460968234317449,-2.0839512274893615,2.055074788252942,0.622565884151691,8.91744336202391,-3.420982540699377
340,5.666666666666667,37.84328684869487,-6.799977770075195,-7.426713613642173,2.2203356932067835,7.133004201707136,-3.3680427705355926,14.4455060538477,1.2952929607266601,0.003580578030533327,12.279558623030573,-1.1223890048085918,0.0002860293396494105,-5.792398831128464,3.338357838313174,-14.920348795717318,18.20109487481982,3.7418824768558006,-5.914223142637141,-6.155886351360042,-13.888201244394038,9.063109040090621,13.95985226063132,-12.908733273763778,12.830061119090013,19.546747845133485,-0.003412031965839556,111.75558898166096,27.700762784075955,-0.004860289941418946,92.77099380835386,0.031202202266309376,11.078090556168855,0.012531173849919438,0.07099173485230663,6.166351105137799,-0.00014935361581207965,-6.145133010166017,-1.2238635980274024,-6.570121623857902,-6.874628087214677,-1.8153847896666084,1.3393417695807592,1.4089956571201798,9.293990466961757,-3.9785628276757383
341,5.683333333333334,37.22300794759775,-7.370203797564416,-5.252388220493553,0.8321518135744577,7.3254553482332145,-1.825521238792453,9.444980138480556,1.4963608999354328,0.008598115864996975,11.384964544229621,-0.8721858816727447,0.0007562117939825664,-8.723303299713065,3.693984990709313,-15.286173372009648,18.487951436617994,3.6674729990103474,-6.3186278685311175,-6.159478371511754,-14.23750644350595,7.885662266047541,14.02620053137032,-12.738997122854688,12.470354007967957,20.054941821235637,0.005119868223452718,114.8213773456661,29.107492085101647,-0.008686166590082534,95.4329022665404,2.4499850802238146,11.62491730566734,0.0037696377427526226,1.089803225130942,5.249066084683592,-0.0055962229305328536,-6.02757584618088,-1.2783567950752093,-7.544321120873372,-7.533362011885856,-1.4751883313028247,1.1587376187315162,2.4320940875012185,9.352383238213099,-4.51356090536937
342,5.7,37.04584187235398,-7.447499190193739,-4.8277291433762475,-0.5552897816663751,7.216052143526495,-1.6869302984800927,6.299019729705742,1.0698018004592666,-0.010613458163681042,10.825174144193568,-0.5648427872657688,-0.0003430127130862749,-8.730910144330373,3.9131619694977124,-13.879553547006854,19.720250421680767,4.573119356184811,-5.856750455085743,-5.6976918945830075,-14.801841918043252,9.274864064025712,14.617229525431101,-11.987761168072959,11.55787113318624,19.18087641755247,-0.00850203516281795,113.16341719298036,29.140709847586116,0.0092135994540685,97.1181227975957,2.8113373625189064,10.487578358179984,0.0021483189958149663,1.7325214747725382,4.8498586890630895,0.0018193370325681982,-6.035376438465681,-1.1030507707388357,-7.698994821295222,-8.011447979334344,-1.8677485846691912,1.0392979603300168,2.947508382405439,9.43498516482412,-4.736340719498287
343,5.716666666666667,36.47889451225478,-7.910929798804591,-5.31889883981083,-2.0775835783907417,7.546799996990261,-2.972411364910718,3.8280904678458922,0.8682484050443668,0.003623956620052628,10.818962707780411,-0.3429134643467179,0.002028942117372916,-7.535425429565229,4.243573831370414,-10.794007743956458,20.59677442109731,4.510411268058799,-4.25692800955338,-5.675622656706276,-14.728824895099656,8.60050016028346,15.184445353127279,-11.82993199124541,12.029198439027683,19.000169457225848,-0.00037232330017248353,111.82057077352945,28.73298568744989,0.006132573285729682,95.42208553578855,2.6415217428270794,10.482652366993136,0.00618914875248358,0.8214241525462024,6.33470027315083,-0.0011707168769889672,-5.801964422114362,-1.5839314900320165,-7.664273403175247,-8.183449765778397,-3.0263633218250465,1.4275793418454075,3.093428004259578,9.179178917064517,-5.396688861153043
344,5.733333333333333,35.69667824475866,-8.739355680347895,-4.893724502558809,-3.510874598757701,7.767887091642267,-2.1301665786897077,2.437127135835897,1.4847802942166684,-0.0008857555554089359,11.510966890919196,-0.09439566119181732,-0.0004025526947600745,-7.972964953251836,4.878359672183542,-9.606440905330505,20.646257280064024,3.3525764882157953,-4.1367007465155465,-6.1293826032848315,-14.306247370091514,7.094635770685567,15.022110640070398,-12.044063762463189,11.96810140547853,19.71779298982788,0.006290792847283017,110.10319521754141,28.99530974259802,-0.005267297092279038,96.69757433791283,2.855455912660225,11.799652526519303,0.0010442650186517739,0.9121288173803092,6.646718922192981,-0.0058478386391187355,-5.295412525054259,-2.136799467701834,-8.249147457913136,-8.176266068154945,-3.071320132217875,2.2867050673251135,3.4469948394872874,8.576259273519387,-5.954180115907632
345,5.75,35.900985033303606,-8.635154000486022,-4.4314052959148285,-4.275926060395531,7.325227899503276,-0.47501922880360564,3.6995177919229394,1.2891690457822707,0.007795441501462636,12.506051967969551,-0.07515814834101614,-0.0010265526799203843,-7.5856380518760425,5.90185383997906,-10.711133856439835,20.93721111826976,3.346658803809918,-5.258498738234289,-6.487414323446666,-14.478916822846344,9.595865840505983,14.852602644274308,-12.082572993640781,11.961039664157758,19.78149934058257,-0.01479570315710803,102.63154017550615,29.32297602978986,-0.006278767486115928,99.90908646712633,0.8510136506768277,11.862512409224513,0.0027197722128248767,1.8016258212658098,5.040252050923539,-0.0009527937169479367,-5.2715447169673935,-1.9879301743025124,-8.447737240945939,-8.125935257119583,-2.262052024161945,2.319117973353444,3.79636126233337,8.447943581130422,-5.799486605876294
346,5.766666666666667,36.624106852507815,-9.05867828504837,-4.292154153507316,-4.441462692654747,7.5973688404412805,-0.40009747400271706,5.970817594246868,1.0414232470777796,6.601533178687228e-05,13.561016569929423,-0.9638709941005977,0.001934907641270631,-6.982190083096317,5.6158523302134356,-12.065409267991262,21.17731117075508,4.786966784433707,-5.15665327194403,-6.410430166221635,-15.080292947956664,12.227350836695486,14.437003650297765,-12.256330427812548,13.64475590583996,18.616838709845954,0.021887986958780335,98.74469697472227,29.760432836730615,0.006719636914118361,98.52415473966656,-1.7259461134615128,10.978244128515916,0.00011372424137564614,0.9261806062388455,4.124859997839517,0.008605589385358086,-6.066233284809365,-1.687977244076288,-9.134233349261383,-9.004509334006348,-5.263756426059518,0.09399118390107597,4.591683732994342,8.866270008885545,-6.056504267513742
347,5.783333333333333,36.84853481579233,-10.461759261129957,-5.052859869376574,-4.485843669978163,8.266037969645577,0.575675675364339,7.212762650907254,1.7587280953311353,-9.826217225754196e-05,14.755365022064767,-2.4269998669523947,-0.00010640693842162145,-9.05604023375029,3.7556491817893907,-12.852241745225163,21.05273589831305,6.083378162285821,-4.687841032433405,-6.365945674987832,-15.632149749526189,10.832698107738793,13.27295875943598,-11.681048964069387,14.767431721310228,17.37712136142023,0.009820803358127041,102.62267457136697,30.28600651438829,0.0030908655322886714,95.34510929231577,-1.6967034422697014,10.140504076204946,-0.008333419151709223,-1.2889489257850257,5.153619997389374,-0.006790847913286623,-7.322779554403314,-1.2057420434945143,-10.92419858890986,-10.284397865795317,-11.949725912621009,-3.1063576937500996,6.27875594352788,9.297096005740837,-6.514217032797665
348,5.8,36.78511273857491,-10.544201409074178,-5.478177974710007,-4.774577811096397,8.090703773775406,2.55971768385968,8.541067960525202,1.9859594794943725,0.0055134660806216386,16.107986110029977,-3.469993201550196,-0.0005138357718967976,-11.453206418050788,2.835081486960648,-13.3924470447034,20.73426797940764,6.354024670303409,-5.723982915214323,-6.440026745813053,-16.071214338643944,9.3129106702276,12.4380561705579,-10.166362869919473,13.60652619687693,17.253183348501633,-0.011519451036508277,104.58294215312158,30.108083162880874,-0.0003560076201464758,95.24008162111716,-0.005031669309513497,9.548125223695974,-0.0057185782276822205,-2.4522421186364864,6.220630896326356,0.0014501688664646654,-7.954275515805107,-0.29554604649015825,-11.709830619886821,-10.418094131915787,-14.677957935108944,-3.856370682039511,7.373396729459582,9.437791580287714,-6.167310498477268
349,5.816666666666666,37.212972213348685,-9.80436990590982,-5.328615473943231,-4.779670167767515,7.820537425146355,2.920087319893801,10.504766929386024,1.7980402993353473,-0.00456203205754658,17.694698878308365,-3.8556315967000505,6.431823365097311e-06,-12.110832796800805,2.924605337538401,-12.654793180702088,19.43537505484825,5.184435663066494,-7.335679137741564,-6.086916571393136,-15.983024381998494,9.045003900775654,12.12106155829369,-9.612007286044696,12.468539175297064,17.512880511888387,0.0023227122793898916,104.20215176321709,29.734339788717882,0.00042940614108692845,96.45181084611501,-0.030185108329571744,9.323759661913794,0.00405272013263324,-1.2148934369421835,5.722191294948026,-0.006993038875899193,-8.053611065966859,0.4160331467968095,-11.379815444257265,-10.055813399224359,-13.406404361712701,-3.7452818820224594,7.344602595529491,9.766819747329713,-5.6523784804916595
350,5.833333333333333,38.11578695326891,-8.357896184186547,-6.211650908091535,-4.064764966270139,6.78567841854178,2.2591664119885637,11.962466264998838,1.4957569749939443,-0.0004261716787301447,19.436851832571634,-3.886376490113167,-0.0003620291536862958,-12.76261172495119,2.914053662484101,-10.738710727798379,17.721296733800934,4.177206762039519,-7.945571210336701,-5.831302881736758,-15.628491457129694,8.524541464134424,11.272999351074743,-10.067972917308285,13.333564268917089,17.441861538279195,0.0018676446609320694,105.83339361667333,29.09568329736764,0.00583350068540983,96.38893584385957,-1.125489413544548,9.632734765889648,0.006951656934765493,-0.24238375550072774,4.438668323594675,0.011165452307671249,-8.995004535958188,1.5809079017675443,-11.12720958047168,-10.131628059958228,-13.96024913626808,-4.866564307106055,6.803152002817974,10.749664971141495,-4.565372513336449
351,5.85,38.379162822034786,-6.011288726044948,-6.078769621304525,-3.500945510621621,5.024042397006259,2.285016655955961,13.066127893411215,0.7114284127657118,0.004494117488507094,21.26712359878531,-3.89255848564009,0.0009031454855559206,-13.182782236581811,2.744414086607693,-10.541866675553543,15.817996849232966,5.184884022135346,-7.912910340654746,-6.044195076695726,-15.72350906637386,7.940916484262676,9.994897881336243,-9.703867952558792,13.636184220125742,16.90475152128339,-0.004232821263050422,107.63701419708164,27.730000466404306,-0.004524453162797987,94.66523680907353,-1.0066830577753207,10.273807025960336,0.003786343204912908,-1.0549622677488124,3.936309434767227,0.013756828238195549,-10.081457528009691,2.9936622154609713,-10.546581936645298,-9.122869546770398,-12.09650793655999,-3.2997709518737013,6.063199050285364,11.340340795072162,-3.2336372030103564
352,5.866666666666666,37.59155405153606,-4.490970763256695,-3.572591988832442,-3.4358118871071093,4.392208812403011,2.51594839881355,14.509242442247754,0.6135641496444195,-0.004305833423620569,23.413291065035057,-4.111127977677881,-0.0019382315288447032,-11.976318631325737,2.2703874826960058,-12.932200158304271,11.845652833934883,6.8197575833272035,-8.891375649895362,-5.711748215681757,-15.018525170542642,8.639211322349707,9.072443869809517,-9.727935800336748,11.912001770430885,16.055407524093663,-0.009622020967036668,106.52348589715835,26.578906646914977,0.0028764176102754474,92.70201574770387,-1.0992702786649833,9.981197820438458,0.001678127546880228,-0.9253670088036602,5.497591844198286,0.006521376481965229,-9.823467563334479,2.4428422960622296,-9.986238485910992,-6.9751205592710805,-4.26101972872015,0.7028967481717349,5.391582671632566,11.009848034168114,-2.950514221550451
353,5.883333333333334,36.99619024125861,-2.860050124534753,-1.8264991950120935,-2.473900612506055,3.669873051597192,1.3984658145770865,15.705755363579993,1.1681935182533665,-0.00015582422432034037,26.505478187315607,-4.5976486447702065,6.037676575508497e-05,-10.63359493897553,1.4102119195299818,-14.85178583487223,7.493502167996735,8.150766200710255,-9.941255503625625,-5.0099283304643265,-13.243116473610923,11.476789765022293,8.569215231262357,-11.250164220285,11.708059220243584,15.9690219638086,0.013849623456046112,102.64881451378749,25.36237336865618,0.010385231316609931,92.34394275611353,-1.7237271487287835,9.610022097827944,-0.0006083713394419931,-0.14414941557971164,7.519685256002087,-0.009065697185811244,-9.469140861190695,1.4502066013400048,-9.630596409840546,-6.531781150321751,0.8112972331986527,2.275283358157973,4.2848428994258265,11.141217032640643,-2.200031387629845
354,5.9,36.84733845834636,-0.8658470296851094,-1.6432234946499646,-0.08152294349057583,2.4346478506742004,-0.2316492537543041,16.266667185930952,1.2063201901009055,0.0016450500708013545,31.01949354835363,-4.945419570501577,0.00816377052369003,-9.789354511869195,0.8966240803592758,-15.013492902851372,4.93817660328298,8.696462849752304,-9.271530272800602,-4.393959441182141,-12.661195638798995,14.584434425757605,7.575080997919318,-11.907362565827851,13.09487636495669,15.981452286312592,0.005192414509003107,97.85704181229208,23.988090180259654,-0.008549551716113548,91.84377820389423,-2.124182913156508,10.248777447921062,-0.0012853017700185081,-0.657912199423877,7.702368181693987,0.006552324548922596,-10.152641535309339,2.1375701458818437,-8.930846793102369,-7.069067511998662,-0.019091126349524343,2.9071138604749223,3.0490934432978696,11.908954526670222,-0.940376806030948
355,5.916666666666667,35.949423958892424,-0.13867324673422513,-1.0968950467742784,2.294367199951615,2.242371976557636,-0.3547470057476258,16.623233490007916,0.9049214799674694,-0.0015280514023311826,35.753032270281366,-4.578241101953774,-0.011801183695355306,-7.945009857376177,0.9201528245718636,-14.667344981456534,1.984642483184747,8.293620934921652,-8.85888927373302,-3.985349622958658,-12.743061810800308,16.08579243994068,5.82093110600044,-11.47751027226978,12.82727904710336,15.793295731424868,-0.002858593750709257,95.47212471630459,23.03487438129757,0.009166008789854045,91.73943987382135,-2.973393819097587,10.333963022417633,0.00034387231285609276,-2.5716145015178684,7.751709816989657,-0.0009844608330008486,-10.75834510725786,2.403433357173024,-8.619703356239617,-6.455504271426845,-0.5611236818732823,4.87908629733981,2.5451769055088156,12.173778181704105,-0.9136954795382315
356,5.933333333333334,34.58581301158696,0.04329465385574147,-1.651407380087311,4.405285806811819,2.209956023351512,-1.015349137502667,17.019447547546008,0.769102202658038,0.00018724912241748962,39.80563413783434,-4.4804096109284774,-0.005776863402608921,-5.56461034142153,0.18165204496618023,-13.35740267170939,-1.8244616332226742,8.39742571905607,-8.825052455917918,-3.947508949579111,-13.0282844502895,16.0212561106448,4.8730457037837205,-10.522416819519753,12.548433578971757,16.823727360936243,-0.02423676274330152,97.92596535560915,21.63412512325021,0.01699145750310609,94.07724679219609,-3.1714439740275,10.356902030978112,0.005211664327520439,-4.470492531754012,8.310354629893249,-0.004087054613513568,-10.845613100019467,2.4587109355348558,-7.944649615733457,-6.3657264906084015,-0.6181096924417308,4.627517650435409,2.117706062607817,12.183388792721251,-1.144259551811712
357,5.95,33.77491160058867,-0.05229253400159582,-3.3280918844667164,7.159037984582308,2.0202711194663583,-3.8668958626056997,17.323280074088327,1.1217861989155107,0.0031560590703635346,44.10496383062873,-5.507812363134462,0.02492474145449192,-4.096214225042357,-1.5305213875338384,-11.402537098593983,-5.12764767450686,8.007336450354265,-7.013935753896154,-3.736856079654277,-14.51379525874299,13.896663901793984,4.748698576647944,-8.80860079586951,14.725761728649115,18.154328150382252,0.03350023481623823,100.90694248996232,20.495736691749556,-0.01487606501722179,95.45112429607812,-1.8062271230453448,11.157092353795585,0.007868129094895768,-3.5701509263514666,7.827216729029397,-0.006999637788746736,-10.879589768239125,3.6301058754506133,-5.884162843457774,-7.186688771297148,-1.7659928274061696,2.645290524542177,1.342195581703967,12.434628725696648,-1.158081139279486
358,5.966666666666667,32.374472720894516,0.042093441205989436,-3.3350611773233774,9.517129059823324,1.9401791212723891,-3.559516269333526,16.888038084266565,0.8131277646713597,-0.007073275612090297,47.96628738791576,-4.6596994422389235,-0.006707031912928737,-3.2106444812355286,-1.443799293187178,-10.767359858551393,-8.17433867078434,7.206582992810315,-5.8178943077893015,-4.762770562222356,-13.941102006127966,8.253666980057885,3.297379891215316,-9.610072668032057,19.244747130575664,19.533124789305933,-0.03591601171299714,103.71713142793823,20.73236326658197,0.003773528415034627,94.2955407805289,-0.25043042699349716,11.088148631143358,-0.006743454422388958,-0.5316534065203358,7.571086884054582,0.010792042902832966,-11.083555562584136,3.4181578259237995,-4.150093818817041,-6.889501461079891,-1.2520042825648126,3.4783163730708555,0.9899496554865529,12.38091619280861,-1.5902625414865907
359,5.983333333333333,30.105702229353387,1.3345486020863417,-3.44897010851298,11.271328688046703,1.1684136167336365,1.1281087042528575,15.953238418328304,-0.9934334232831926,-0.007001587270739374,50.89611039167226,-1.0880313730701041,-0.004817580714618734,-2.2514518526213627,1.2818783022945528,-10.518529993563051,-10.890029899301842,8.514761607687898,-6.465444494811136,-6.481768171022567,-10.711937323629602,2.4787236176967222,1.5239156654300823,-13.078709168429082,24.397844179924014,21.24274058566656,-0.04932332940741928,108.72033787365659,20.814553385423448,1.9235581292271633e-05,92.92656162528604,-0.5942958018541157,10.254371757295583,-0.000567893712060358,1.7483177557020728,7.656766976826221,-0.003979360293925558,-11.4559036168113,1.8080706060117357,-3.328993686977472,-5.583351493041244,0.3430590755787965,6.0062098200157115,1.020983101440124,12.175302811214586,-1.7645022998873134
360,6.0,28.4839776545892,2.095896837832073,-4.548610598094679,14.165148455821946,0.46069124282815566,2.7364421549832985,15.099782900504435,-2.0517759286464052,0.005660679766342162,54.73159311814171,0.8435939779550398,0.01313061466987561,-1.8087641904619551,3.0987860026377425,-9.495421428440775,-13.125399587020306,9.579791025575759,-7.131242005905455,-6.278630928679058,-9.73852031451362,1.9452492060007065,1.1010296960273742,-14.270351192660819,26.425242226505784,21.966682430662942,0.026210139553654994,110.88261308358703,20.11475198375381,0.0015513194631058649,93.76815551895012,-3.1684694470961126,9.921271353403815,0.0009849953142157166,3.111645224492835,7.575458537252176,-0.01129535371623955,-11.692721156042698,1.201063722449606,-2.501485002767003,-5.519835822894505,0.7681337094986477,7.214657795759841,0.7175692738082559,12.43034029005618,-1.8003956909693581
361,6.016666666666667,27.11354174286355,1.6228180348647812,-4.295638678920581,17.458918419711406,0.3285021680193761,-0.16578742335606442,14.014130433127695,-1.5677224342329164,0.0009473720269908497,58.95748663838751,-0.2673813882209943,-0.0038772860049416853,-2.065614174444053,2.6733221001078245,-9.14496812318415,-14.283788603008972,7.9963451004095,-7.541362798161821,-5.373150198141102,-10.630988966997055,4.518283004792671,0.9241720609054818,-13.55294320667166,25.937760196971134,22.61238705607051,-0.014537003474094798,111.41637295260489,19.66335224335472,0.0013825853674702278,95.26392483189807,-3.7158074297660364,9.854151048926624,0.005908507107660152,3.423789138852342,9.852720957730702,-0.004198294940947407,-11.594319997087025,1.1214671852831806,-1.7303834764274555,-6.804502559848771,0.6741280299260132,7.653713446392381,0.3991162316646866,12.613884879268202,-2.115990391023516
362,6.033333333333333,25.78241042141707,1.1110419070953415,-4.139882406376475,20.13501040244432,0.46771608841703916,-3.0711134164453884,13.467346527756801,-1.043348013876804,-0.0029803129326701474,61.84062220551916,-2.156872886649199,0.0018122808047056232,-1.9529189458965504,2.0001214741534383,-9.37323137031088,-13.319708477849575,6.069625317555469,-7.332710758232541,-5.047470951925456,-10.76560830757342,6.003586299985595,0.45502268361041953,-13.788448641569229,27.022561068142426,23.410468089283476,-0.006142226840593654,115.32100201098393,19.522728150876944,-0.007973691072612855,92.20037811981376,-0.8490749234569313,9.289610418838256,0.0014725818084470185,2.3894964988186698,11.239887959020159,0.028209405187560977,-11.50167737993224,0.6338707851393842,-1.1638179780025197,-7.242358161381749,0.8609511400520914,7.562916033432733,0.5090304601018064,12.545568908185942,-2.4084751265549413
363,6.05,25.250851929481836,0.285760655254578,-5.443874671220643,23.203149983629338,1.1377822450765733,-3.9568601505054932,13.807382401411463,-0.6433223852306574,0.0007977588202561886,63.86811009597925,-2.604034823560438,-0.0008917616749403304,-0.957962163518475,1.9075403980223238,-8.712552444564537,-11.501182880078384,5.966404252153741,-7.638138403886874,-4.491761009881757,-10.60123164487723,5.756367647841364,-0.12196335464904588,-14.193954823473412,28.112034447846497,23.422860416445523,0.008698786696540561,118.70247420899642,19.063130381819256,0.004169779298066686,89.19194299890206,0.1784835299471231,8.169029027074718,0.0070568456175362825,2.658264561829895,7.4606111612792665,-0.04015982312501072,-11.909706171651338,-0.1357316322186693,-0.5947491286953807,-7.197681431528169,1.7071945551173677,7.240997244660835,0.6051845182063524,12.866730044558423,-3.007164893649108
364,6.066666666666666,24.579721754772788,-0.663807625833266,-6.674224031878984,26.187302422321537,2.1470833756445744,-3.8905358536957007,14.081378981651037,-0.18914517770287412,0.0008199413979457431,65.53729883544382,-2.230080886963904,-0.0021860550942729793,-0.10127858739542928,1.6299504201963926,-7.486187701920254,-9.778148713828251,7.492830819958916,-9.770416038751081,-3.976853583944196,-10.642980917695748,3.956545489699889,-0.8638624598859268,-14.030833014994041,27.241047826523477,23.91202302143838,-0.0015014706455115051,118.5700908158285,18.465059217111687,0.00899082735912751,91.80870414553354,-1.236653292343073,7.285899576569767,-0.0025853573561924314,4.579535635727764,5.931982853781649,-0.03448054274898621,-12.09802371900653,-0.7009145986277895,0.13749332779940787,-8.267067822818888,2.4414403411843804,7.276802564881918,0.36344766168148634,13.017572652362524,-3.664776565703326
365,6.083333333333333,23.02142930990338,-0.6627604529993624,-7.392699620091945,28.029520372362583,2.7909746402202265,-5.0178566824996835,13.949614796777777,-0.16916380950233562,-0.0008708365445745989,66.54873340963596,-3.2763907545031405,0.006358891325202686,-0.05188274245679931,0.740795849158731,-6.464823761968141,-7.258336574992906,8.632249938162346,-11.869490991923017,-3.5577079715063245,-11.046276287128793,1.9820384656732435,-1.477419194781793,-13.893999647473517,26.229550522581384,25.149397015325192,-0.004227194568673549,118.01823923760782,19.019858603011524,-0.002382296341634497,94.12544142657671,-0.6680941104969177,7.266222963555787,0.007491710239199733,4.718088096676989,9.258321747634083,-0.015250860345335375,-11.604196034726092,-0.5854583847046083,0.8871702863182123,-8.973827577217069,2.0895224432918216,7.336067234465534,-0.046369748289323845,12.520804828537353,-3.650470742251203
366,6.1,21.276859535085354,-0.17108731205218394,-7.673700326441698,29.556700980688756,2.5950840931914407,-5.648230597861735,13.1067052389473,-0.44636969218649825,9.620831603807381e-05,66.75678917983448,-3.3791394455341845,-0.004315455509462678,0.16695082844258755,0.31889187822535325,-6.036947006769997,-4.228073190222314,8.583455193599955,-12.759450668928789,-3.0353795281977902,-11.527549381593573,2.05081952583862,-1.9377938390114273,-13.842909712084559,25.487440725738974,25.95892666426897,-0.011994726078506397,117.2852960022622,19.225808027514816,0.009814172222992157,94.3799673226931,-0.08408675842797884,7.691635614087994,0.008249531012104119,2.815314239673641,9.061136197748771,0.01704917558476104,-11.295843634170586,-0.49358570541724317,1.6286611292441486,-8.49438162963253,1.7889218965673466,7.517298304216347,-0.46744522806671435,12.175278279275766,-3.459289539668616
367,6.116666666666666,19.878303606276877,-0.36015086820686165,-7.773012011298063,31.053416160510736,2.2419446818660047,-4.389857449528619,12.381273236735185,-0.4227239453745529,0.0008055398523831788,65.79004485006651,-1.0480269252397985,0.0050441315139087995,0.7679443578125756,1.073498819217873,-5.585117350330678,-1.350514491661679,8.445008399998073,-13.757522461258313,-2.503317976642973,-11.794359572066044,3.756958529289766,-2.1177355858604408,-13.758732771499448,25.881972248105782,26.309581460778745,-0.002315470832731513,112.32861349965037,17.82941545332521,-0.00036108977307944604,93.65638589907381,-3.4826910036955425,7.586156979260551,0.005990914504974115,1.3765514465026225,7.936587506655509,-0.044700650823611666,-11.024564996885474,-0.9051759615514484,2.618660579567884,-8.586189171528202,1.9369179407644037,7.570959118773003,-0.951499362348302,12.046321008356,-3.7097180607580627
368,6.133333333333334,18.533422045026718,-1.471905421587305,-8.312368535363698,31.957413002246174,2.863544709798364,-4.192762599515799,12.724847657966645,-0.11798165923711729,-0.0015112141383276019,63.53542410350778,0.24701523745163842,-0.005256691954034499,1.2596585200469586,2.3001399970822134,-4.448112459209388,0.5131947159711984,7.848911576048237,-15.532199604423472,-1.6427222555851166,-12.170573288312328,4.465126692193128,-2.2285451168585566,-13.611896377200718,26.83615796771129,26.638919283248104,0.010476977721654616,105.71235725861719,18.77000298788055,-0.016037633043179615,91.42001655320485,-6.947370052007858,7.226499536374537,-0.004819580164779107,1.7174526745946728,14.748751763899513,0.042924882320140495,-10.224380494438575,-1.3235099563376436,3.3579102516652157,-9.24224068523818,1.693301734848097,8.040925315466236,-1.157766208771401,11.612050893564604,-4.392248251980534
369,6.15,17.069676867109262,-2.5944325791105847,-8.607563754285854,33.133675762235754,3.978137203166881,-5.0629286443653,12.825969527763277,0.5093567566486327,0.0021036066021663195,60.978340985855326,-0.3547997645551918,-0.0012284933984128643,1.7357678292526384,2.943381766386576,-4.240541355123771,1.2301614757060382,6.841718441862586,-16.02899798601054,-0.7967840834343626,-12.435151052664109,4.1077100817360845,-2.6330814334612485,-13.129418122572456,25.49697709026577,27.015090589712557,-0.0016679128995101611,105.57987358702945,19.962319418237307,-0.01917791826606036,91.84122392515879,-7.673488239736418,8.19244340810331,9.264905178832757e-05,3.1570794669134052,18.40676705885395,0.004831938333367054,-9.832496646127938,-1.4682630463479711,3.311242432057429,-8.7419534665773,1.6507720862600381,9.148903481649102,-0.7499688450511939,11.315793784055863,-4.953557601221345
370,6.166666666666667,15.81918411233137,-2.0740514364672125,-8.297647037022895,34.63260701681686,3.5926479210659155,-4.741297016580695,12.356931967557493,1.4084783448491869,4.0362418777468606e-05,58.252856495572594,-0.8848532781493664,0.004641449435160714,0.5447086480977065,2.1766945346470927,-5.107448550943027,2.8536397354891236,6.337123012920315,-14.390607043468199,-0.7099765852515556,-12.40247873343393,3.6170529058640453,-2.906581784281709,-12.7342541126612,22.894623006833044,27.811870794501804,-0.011384471702569976,111.93706730874513,17.766117095794876,0.020629735423875712,95.12579060822254,-8.333529279467927,10.59159232027323,0.007921593574337872,3.686006063528027,7.734549281418023,0.018699543016634245,-10.022643939149912,-0.6972619006049007,3.405254730059532,-7.53840578830412,2.01819724676164,8.953172736366781,-0.5312268120802426,11.356422746016115,-4.140499373146958
371,6.183333333333334,14.110700351492685,-0.4081609971404325,-8.304623208344877,34.514556057275016,1.7808552201139638,-4.328754060981358,12.247782213582447,1.927137804075657,-0.000768230158533662,53.9580843267295,-0.7861194098266833,-0.0056417166935517,-0.6776382731636398,1.2504863530117734,-4.712096554039343,4.884445432330864,6.029848156186968,-13.247386806246048,-0.526235781853301,-12.703736457842641,2.9609628194908213,-3.09219459301645,-12.859799806855294,20.958440135077172,28.51924060751494,0.011965105359775264,115.48149177418799,17.625005824199313,-0.0004331988483241579,96.93088997850325,-7.619744324838808,11.003518767917544,-0.012918396642398,3.226539588451354,2.2343271919936605,-0.014757702895093566,-9.240631028161703,0.7145653933153345,4.321540104796649,-7.494612930995984,1.7663864971067802,8.338183725691119,-1.228887816747021,10.68418473417964,-2.4952485808653417
372,6.2,11.859479743392988,0.2317779879279944,-8.59725238539252,33.10353018088437,0.5554091881950795,-5.137626832684464,11.936483626283621,1.9061768021710954,0.0010685726771147484,48.54175467839264,-0.2387638189032199,0.0034352341137834012,1.2276589515440655,2.3336853224770104,-2.3557024847974044,5.584509473940685,5.3205750998436,-14.046194959608206,0.5108723040568499,-13.444756199258553,3.506703263674773,-3.0932442534560822,-12.925302042473033,20.882209733912898,28.19676105317215,-0.023515195941230676,111.13274482257553,18.269853122102326,-0.02601822739753885,95.3392237696996,-4.398752292683623,8.76532070048574,-0.017331455109764315,2.1134582001121043,7.287476189711791,0.000713458344051336,-7.933563631476979,1.3132743374313072,5.541220547825264,-8.430724533148886,1.0674904456902075,9.563911030283736,-2.5487939001278646,9.562204324334115,-1.8177681244758168
373,6.216666666666667,10.307899618435082,0.5295129057574938,-8.471275112045733,32.97790943283319,-0.2885767240871909,-5.986104562070244,11.070581473693677,1.6191456186361846,-0.0015959252165627684,44.44249725301612,0.259345751328898,0.009505556257495523,1.8957797572383606,3.5904619382552307,-0.46640119363399896,5.763492359238452,4.274998673623002,-15.532381154757223,1.3256854290965292,-13.738354307524006,5.743282917632596,-2.8995124099942724,-12.784048358182945,21.674560222379803,28.070027149054905,0.015946047125234716,104.37578536804651,16.267116753786066,-0.02068871386552059,92.89975548871878,-3.944860407487303,8.928562457241037,-0.014156451782862064,0.6577080937894609,5.316634060990709,0.05932905742555962,-7.736936975104341,1.5816426520392126,6.709430898018129,-8.683184927815487,0.8898782769609934,10.324676669894046,-3.87712488424293,9.362029371301565,-1.3574544229909975
374,6.233333333333333,9.316854763637696,1.1602970142252806,-8.06138618645364,34.05800855813337,-0.9971167665700476,-6.64285200538635,10.185189417852776,1.5125846040251025,0.0011903459836290072,41.05759211190079,-0.11053144054180306,-0.021661136647317475,-0.2620911028764006,2.4609413827666575,-0.8805746868433062,4.988278964131975,4.11904052623947,-16.50737532831689,1.4288844345692884,-13.643301331881991,7.287264410709983,-3.3080818688387286,-12.7905874295034,20.54890867432801,29.082908276526304,0.013984448604593957,102.73579495571043,16.904605821671144,-0.01645231262990242,94.16180516493988,-6.809022722354927,10.08731911330452,0.013748519241555091,0.6088159271535516,2.753375625401099,-0.008329780817209349,-8.00580880939919,2.012518005919989,7.483953593582461,-8.31872854567419,0.8368284142975777,8.859207655090831,-4.37549562277901,9.670618816506105,-0.7368094747976093
375,6.25,7.841076842028619,0.941585716573423,-7.892499312588102,34.07851115308608,-0.6681253419431511,-7.597308189450384,9.289712341036566,1.5174587873093854,0.00035997809201667076,35.56592612532756,-0.30002831507618194,0.005895317639475603,-1.0252770686333639,1.5263619652087372,-1.0510287081665866,2.585124112937256,3.954475030959551,-17.232189437276332,1.6545758251300566,-13.859666643426918,7.261327905400766,-3.9639012353433043,-12.90348668285647,18.646620580154444,29.877442999462993,0.00781401675105982,104.85133207137622,19.560174443379253,0.008281921550817348,97.02608809030367,-7.045569535889618,7.4591793807472975,-0.0021237476011487836,2.015262746756918,5.737143459158029,-0.00922781372600491,-7.635932857859381,1.6735913452661808,7.713433855983226,-8.597467961057433,0.2407789249611853,8.469156564312552,-4.32534323554551,9.45003582547836,-1.1269099026362095
376,6.266666666666667,5.38102329650256,1.0171028840839422,-7.442373614245008,32.62720283236594,-0.5879553701242212,-7.760006289414741,8.280445449408347,1.0973924089582408,-0.0027543888463060578,29.121143225289348,0.6444665357683022,0.02640267111849524,0.6070977649042244,2.5675906554285874,-0.1794902601729529,0.19406491663405767,2.3302169144468965,-18.1516983632215,2.5587578288733033,-14.21799726257606,8.096136898445645,-4.438168697729212,-12.843143993628642,17.17513337520857,28.967931384637165,0.0010996025410157473,104.3363792735207,20.52947717648355,0.011722010693128402,95.84127320977217,-5.180102365795782,5.622711426723267,-0.008446439189359795,3.1732454584867744,8.454494674326781,0.030026623021365644,-6.437019430380653,1.52612472811956,7.97092760791255,-8.750300153287075,0.06540669009417113,10.79838185265965,-4.717365612461212,8.359197725251994,-1.2714726561977967
377,6.283333333333333,2.768200956776675,2.269439459851753,-6.253008344919932,31.172572645538843,-1.5957031069587422,-6.919465045017073,7.330960991600958,0.930389792787736,0.0022194318246728088,23.62033093198219,0.8207921624753426,-0.023151171553724887,3.590522744841531,3.526540972247125,-0.9372181783904583,-1.4309882445716793,2.13324301984668,-18.844982415423715,3.2158335152901714,-14.53674103165867,8.695589446570835,-4.769613341694769,-12.82133975116672,17.8990932664255,28.106524125365663,-0.004461059692274409,103.83292359923966,21.054635338800033,-0.0006791656759588485,90.56931782501363,-3.5699167908938825,8.286439288939599,0.017187439925688865,2.6853541757011006,12.736932226392367,0.01779199922185457,-5.259679547251465,2.722847757517257,8.445061834514375,-8.771308313193806,0.8275875690061687,11.890779584589689,-5.118207721174666,7.197632847198229,-0.024065795900060607
378,6.3,1.3965555367477809,3.12949637753964,-5.308480960418755,30.631569240941545,-2.3700418390768268,-6.610090018566646,6.8999262460693656,1.482439079917973,0.0003971330053708881,18.227210893157828,-0.19689287643484482,-0.0028806619169546572,6.538903554303596,2.3627448818765346,-1.8481344320242217,-3.0814707948847277,4.110225848121328,-19.307574323286985,2.752908323737864,-14.693790238253902,6.116446164168681,-4.721639027563185,-13.252091121719422,21.174397678534923,29.80661195224961,-0.03775363858094803,107.90432610215457,21.820540834381724,-0.0018081150303695048,85.93504511186764,-1.0653648931316113,10.156802276495355,-0.001344752838126279,1.2573994871555432,13.030689037659045,-0.019744131667165227,-4.995261265163281,3.885143768283383,8.865417300319402,-9.849042215572483,1.0268525005384264,10.506180526278996,-5.102129119582044,7.05366939691564,1.1686124191906535
379,6.316666666666666,0.4621821607983274,3.227893170009571,-4.825169046337645,30.58249284739882,-2.3514044332793294,-7.271884674710992,7.157310071119236,2.071611060381604,-0.0008577867347691496,13.38699583699667,-0.7062468171769857,0.009891724968511392,8.236402564475348,0.45950769148492165,-1.9617440599515856,-4.532124751867965,5.359671587898607,-19.342895495362033,2.7524757895187704,-14.578953167587795,4.561928966866721,-4.719764437394131,-13.402879254759368,21.648434100856107,30.843624874621337,0.021853619016597405,110.97211402674367,22.551947816246884,-0.0014646609923774506,85.83827105774168,-0.5753139466558571,8.080045394464369,0.015930217887011686,0.9523790671426621,7.196093328524944,-0.047372231074261355,-4.7970360121512945,4.011408412259312,9.04201704832981,-10.415020394601902,0.14141602870350606,10.61549898249785,-4.878058521059286,7.134272159736932,1.4139353472102387
380,6.333333333333333,-1.0082857064089616,3.178444665044504,-4.420779049147745,30.473133767816634,-2.0214409070000463,-7.6418964219887755,7.159817761728384,2.2767640250221124,0.0006359465542351659,9.524166180318344,-0.382733431184192,-0.0062411209130654585,8.82895949395015,1.1772417528695915,-2.4818277021495803,-4.820916655684985,5.054011380566789,-19.10837301090953,3.668500052633898,-14.386423592946711,6.287540939806401,-5.241233902814817,-13.362366085106872,20.122064267442187,28.888279117131948,-0.014695354830315302,109.82847811447913,23.08770891592073,-0.0019417950554957224,86.58356721502743,-2.7139279635488083,5.592334638225446,-0.0006480524887615536,1.7671134766455376,6.937706404414068,0.04288159099400244,-4.6774526076577505,3.6317338730353255,8.835697145339786,-9.924737041140519,-0.43551301508090934,12.658862182318712,-4.469977687652719,6.857506332753821,1.2355638369838657
381,6.35,-1.9700780432313292,3.13070490845081,-5.152123705981361,30.545851507666065,-1.8266536881552535,-7.367095154446797,6.632874764026469,1.9471647340596043,-0.0005193459962015837,5.890578991823937,0.3518071089485507,0.005541040732956179,9.27852435898336,3.715670386158104,-1.750025487623316,-4.021244181254598,3.9178020513409044,-19.207469889228097,3.9210579411096784,-13.5558879927615,6.038034352013493,-5.949695698294061,-14.065496131654069,20.28798963300874,27.14325259966387,0.0021306086028022152,110.54386941888849,23.20562401542036,-0.007889552254083701,83.59940848614856,-3.8365007922862544,4.418124244380761,-0.010300940283295607,1.164888103936626,11.097931953591521,0.03882296394541519,-5.589364165103694,3.022460260012289,8.39341428170864,-9.51892331359683,0.40097235956529614,13.476793577174162,-4.173252578164216,7.134093264565233,1.1480614018468063
382,6.366666666666666,-2.5382634259764645,3.3067174079733808,-6.665599526324073,30.579548785299117,-1.8065492915867851,-7.440996661483933,6.717106813293943,1.6181109879658495,4.185623262641048e-05,2.809384312665344,0.8413902424819762,-0.0020183261202350268,9.882615097595828,4.836327303408541,-0.44987308822390054,-3.1971701424897905,3.2776747664265065,-18.591950011768507,3.840083480780591,-12.621156242558127,3.57855660080591,-5.782600547466035,-14.334966254341113,19.219099526303143,26.788743268115255,0.003715597787753618,114.9586877122357,22.478561038728174,0.020871889461589358,82.57838079153021,-3.5611477246242997,4.116708515275643,0.010819870225757611,-1.9641712757497247,10.371458342337393,0.03797032660359847,-6.159144586421385,2.722907577486624,8.270049737461937,-9.220994387584238,1.5995114007032019,12.517142738553119,-3.8466166253533487,7.488860012717093,1.4162688804733283
383,6.383333333333334,-3.3741584979743027,3.585796721555035,-6.955037920423863,30.36895689337144,-1.9332681055514682,-7.44957901884616,7.542554922653312,1.94517354219603,-0.0007579910209341934,0.9598283914688902,0.8540586235657097,-0.0017104128020977948,9.585259400845183,4.124553002916135,-0.786356925873671,-2.5910351127026403,3.828670979266043,-17.91606158230474,4.0591140920332744,-12.590622163797354,2.613942881054507,-5.039184756835658,-14.020672617809812,18.56848429899594,26.835085744540677,0.0017599207977891478,116.78417480885238,21.78432025118369,0.020826833987499786,84.88833748518957,-2.652960438710134,5.182924124404972,0.010086790078671354,-2.3343265481385638,8.780709427608343,-0.006577282568986753,-5.7883672142631575,3.14043669857174,8.59261186375555,-9.197790822792802,1.9238384284656942,12.624706739102166,-3.4332322679461806,7.369845594542471,1.9218907849302815
384,6.4,-3.515098257876878,3.839910530953125,-5.981998588311959,31.17960375848514,-2.230752526329522,-6.662342214879943,8.294354910486895,2.3591717128338514,0.0006144449812819777,0.8865437277199102,1.061454899580729,0.00129896084312633,8.772050297658259,2.759429206926901,-1.474018201852033,-1.036507729336945,3.6164217836535597,-18.848323188328585,3.916651456855827,-12.767524284786777,2.6559030712276317,-4.955071174925418,-14.580105186358995,22.41391976737109,26.905153881165106,-0.004647851743488846,114.2229963718371,21.780195387253098,0.004618988505393483,83.30836452380662,-2.1671566639877784,6.63416528587468,-0.009014125887903115,1.8234573596288095,9.629821124720786,0.0054087004950269454,-6.403536724592007,3.6793670132923175,8.459810344167733,-9.312985472803605,2.6992623739605413,14.100957948790043,-3.185140212655232,7.959156468007423,2.388951887142936
385,6.416666666666667,-3.4489966544424537,4.2429459032932995,-4.90011538018586,32.57867416798552,-2.442622857203849,-6.468840145738576,9.028173965205392,2.2612865722525943,-0.00014757974462778953,2.466477338695839,1.3679358046464742,-0.001378976378352656,8.320618663255539,2.6886486389414603,-1.6217502606831884,0.33567493323390296,2.930328263391677,-19.705805001757426,3.614249663714577,-12.713996449766,2.291463700203552,-4.829682069926849,-15.142263033654661,26.581420931038497,26.603348370078127,-0.0023835881659144175,112.60523924216639,21.370020477401383,-0.005086235918810175,81.61085302238995,-2.0534082574441315,7.682590491660949,0.0024090817534011717,3.8469704728004084,9.815374756298656,0.003968553723070556,-7.383605758748123,4.093719315224123,7.853192509843802,-9.458852210237742,3.3083341350994546,14.60944784055743,-2.7319560263493474,8.709341424631715,2.7503391356446247
386,6.433333333333334,-4.222976868143663,4.571177370845735,-5.026697402740095,32.99766431136729,-2.581062293877686,-7.411119165213464,10.085553959539626,1.7755986584593095,0.000836343692509013,4.532934851622021,1.194132067490332,0.0016516676429398707,7.874325518543124,4.515318973875154,-0.6075479124625199,-0.33515425937142074,4.440856559713203,-19.92337738059642,3.5913090374962455,-12.63926888095512,2.3414539300507036,-4.753635192980389,-15.070438811700932,26.06806295283215,26.053173654727438,-0.005128583517866215,112.82245177550409,21.944735066602117,-0.014328983157771948,85.13160456821315,-2.366319524270704,8.09854017535723,0.021866021070692142,2.6382355577315004,10.607471615738072,-0.011292318395315363,-7.12226616913657,4.322129867906652,7.944871260939227,-10.287403638670268,2.1736925870354336,15.017960974548716,-2.2686278248605753,8.41414867875145,3.0448400775604285
387,6.45,-4.6497617628364525,4.746168722165433,-5.737888733243881,33.16454111516474,-2.5356372327138272,-7.706989977898869,11.173213198168689,0.9661027375271815,-0.0012927345716504425,5.88206152680472,0.8408403970799618,-0.00019055432074294463,8.628800537295636,5.819816109859327,1.4756294640086658,-1.4615198005775265,5.520945678814688,-21.178844624321858,3.0127201948668048,-12.241186720243933,2.9844700099622434,-5.212651033134426,-15.547690998828733,23.769540513708037,25.801705092510883,-0.00796925257952277,112.71166914944855,23.334788445216603,0.013241912031296882,83.6786544861295,-3.6182397389439735,8.118549239037238,0.013043120925264837,0.9757374424650469,10.60751839878204,-0.027723700315127546,-7.294821387004858,3.9303082448857327,8.367142760980796,-10.827552064142637,2.162495445573636,16.15215989502267,-2.1714400028636134,8.385945806238865,3.1937827174448543
388,6.466666666666667,-4.3283887408662345,4.478712835165859,-5.185400220995989,33.549919630506835,-1.788076427976103,-7.775121242630163,12.200002476797257,-0.11098479895472894,0.0016136893614223458,6.194771699929483,0.7693462952964745,-0.0010220321675202737,9.908136484725693,5.4423805040851585,1.9846098735717574,-2.8419830701817306,3.992507151658028,-22.252260957257885,1.9738185961663486,-11.78438289171889,3.18321132288134,-5.040152075057788,-16.16436082459132,25.102901390685016,25.59341331891305,0.010129849991229402,113.24292213537352,22.234933435149344,-0.06980741047128927,74.51864873510674,-3.853339452974904,7.779961008162815,-0.010128926577270244,-2.781303538173924,6.535127336382161,0.05142477249777478,-8.593048493918626,2.841258474090912,8.411100461861977,-10.233713794578705,3.8828467654161902,16.64156141224226,-2.080526878884482,9.165013004387221,2.671794009426054
389,6.483333333333333,-4.277048788693168,3.6705759974051264,-5.012053322962095,33.62875288152921,-0.9415380984354373,-9.131300303087512,13.487546941131011,-0.7358160015211196,0.0014637451179979081,6.66008385524529,0.713898202157595,0.0020562029893007806,8.665462914231904,5.891463000505936,1.1308634243372324,-5.773894973310461,3.703829063234706,-21.318585205174873,1.8350532934360921,-11.554149106419352,2.741966721411934,-4.2908522157493545,-15.105627732925354,26.655821703712338,24.29081020247537,-0.016622987772947167,112.55948167450882,19.833839453271032,0.05172743179741506,72.32538135520026,-4.842479278685319,6.084578811313433,0.007228587174204219,-6.859086106265347,3.314790088968391,-0.013854707162580254,-9.337120448564596,1.764583934388911,8.845036874444245,-9.96120308380145,4.559674440045025,16.100184456211768,-1.9626471185088108,9.537076748506873,1.8375622802117373
390,6.5,-4.538398972422611,3.0232697626566987,-5.958011920800151,33.70703260206832,-0.8455501078010945,-9.63384403494363,14.905438248638326,-0.5349312900540294,-0.006605939769075687,8.26732957124657,0.6890828162831546,-2.3367553368308172e-05,6.407373572647211,7.646606152853409,1.1474740862543713,-7.7624403925297765,5.1140337130539795,-20.612580513259562,1.9471394485078486,-11.127141492205824,0.751501010736024,-3.9776703346739777,-13.034458701460967,23.455982488968928,22.441968315982663,-0.004233891010850152,111.44070391147801,19.16556846054184,-0.00370123488344483,77.29353161716494,-7.750248722278997,4.606327515053528,-0.00875509872335674,-7.7887524558111725,5.056757728263951,-0.0026087049268548788,-9.530139571928878,1.4362019958559988,9.517561725568777,-10.071532250206616,4.328911711969041,15.719684512481207,-1.8899831067620683,9.486000355630622,1.649228899204997
391,6.516666666666667,-4.44815427615309,2.6696750789950543,-6.5248675384224715,33.81188116998203,-0.6495998287280528,-8.549329975047156,16.583531143889672,-0.8343810564155153,0.006098177758298618,10.110473848167933,1.045597493610413,-0.0018573284423783886,5.886023245956329,7.697324167776685,1.882557819160613,-6.939555217501575,5.222984249528813,-21.181242343955557,1.4775445044684559,-10.738639184990493,-1.5265128076293595,-3.650000112993116,-11.954351173195452,19.26252440976732,21.441498021091643,0.018986220171223055,113.85281118933797,19.315691564756424,-0.02065871740736944,78.41010788899439,-8.799331812208338,4.762970379182953,-0.005917434952218875,-7.569569366818786,6.0208854384562,0.008719790765570015,-9.99247343116877,1.1618774232827165,9.45440759210129,-9.93420393213609,3.753065450699614,16.539387140004433,-1.529415624120032,9.620754484930385,1.4670286638162486
392,6.533333333333333,-4.228325880864927,2.54592372834704,-6.725005973350726,33.26890755211254,0.02053288301199239,-7.820872149403845,18.663293792472114,-1.8514003031212891,0.004370305487750266,11.245190356593538,1.4037923778477803,0.0009846701702926623,5.6578604978297244,6.8282743690127905,1.315902259285071,-5.944576964102545,4.7052120186965585,-21.087884443933575,1.3379187517776716,-10.713161912240894,-1.2605732030124748,-3.0487572353946173,-11.857499044476771,18.004990897256175,20.50860914020907,-0.019152890623137384,114.38344688232624,18.451892886386503,0.021909137021949632,79.20023326153552,-7.93511719407472,5.58872970179291,0.0026462696243921757,-6.936573067054131,2.951786674775103,0.008507705933737057,-10.322351697214865,0.4318992135850747,8.972902006804757,-10.30756155775463,3.53862401284537,17.914453464870636,-0.8397376645126526,9.592504440316466,0.9728686806244345
393,6.55,-3.735622917617509,2.419688804698377,-5.876153316427386,32.72928398923674,0.8385044777492733,-7.265714836761815,20.879236267917605,-2.082230753347084,-0.008513959475398066,12.257728845373986,1.2666347230750448,0.00021032539680241417,4.408700267803276,6.808537616360761,-0.9821977630591928,-5.954449801442932,4.519633621933395,-21.166109144084846,1.2270901589605157,-10.646149881718713,-0.259401281676967,-2.638710927249417,-12.099881466971313,20.39855735459162,19.150442967664397,-0.013597782506116325,110.91115323344093,17.740700554380716,0.015425853558908107,82.83534633247783,-6.72972345386876,6.39639964229057,-0.00015588251394285223,-6.823328260870198,3.8701033200802866,-0.038615695501383884,-10.767021507871846,-0.2322627980614461,8.941335084920956,-10.773550621806026,4.479627791997073,19.469131847582005,-0.24105669451855255,9.61150336313487,0.5754827250443953
394,6.566666666666666,-2.2275834135561765,1.335383945845151,-4.665479236964819,32.8493591334634,2.3684912060249137,-7.570467997393903,23.72201736369592,-1.771474623778863,0.005825130546507865,13.20606729815056,0.915571160610925,-0.0014070860991718065,4.013254684750178,6.258729508405869,-2.616871337640479,-5.5610472444241745,3.81408674309681,-21.412670443794354,0.2201244659353162,-10.378335072162775,0.04614172092206513,-2.6087341175586953,-12.496717263825198,23.425350876550947,18.33615662117297,0.014814186460681267,109.91468679896913,18.37905757373096,-0.0322792933705873,86.76324421421216,-5.861914306023407,6.820171646033311,0.0003778582429141535,-8.551753206588833,11.016636868316269,0.06809861240871161,-12.082571144407618,-1.4423928326995503,9.448427543780547,-10.31758826415473,5.32005331407903,20.06243205276642,0.3016166323308187,10.311181206644068,-0.49966856535994414
395,6.583333333333333,-0.8201350788703531,-0.42925071062180103,-4.619378748822008,32.17654368665142,4.05736937374976,-8.180775646547204,26.997920881636915,-1.2372512570747893,0.003821702164922349,13.033466933253838,1.2519878278689753,0.002814335476708521,4.462515558406079,5.500344149550775,-3.2663871634393917,-4.80477287801184,2.851149505666162,-21.090941748899407,-1.029940318996062,-9.97311655181294,1.015478870594154,-2.571250969557866,-12.90964635997491,22.380570216724404,18.00655373583727,-0.004776271536985256,108.37160241371683,18.243113443213606,0.017714542343138965,94.31987545912098,-6.153792987108217,7.146494235770885,0.0001307838410224427,-4.932634687842391,11.950110790020391,-0.10025909843847798,-13.279178419782388,-3.209599767702133,9.760331081191067,-9.33529400816966,6.142729138182215,18.850166469558218,1.2289259501626812,10.789096073747704,-1.9286689244096238
396,6.6,0.29053232279380825,-1.3107093429056123,-4.424696673280043,30.868093216156424,4.482730448486549,-6.397809971713401,30.33206531028529,0.15415635840133773,-0.002946261273840943,12.761917615424599,1.9827569664684193,0.001708692059441884,2.602488514395907,5.194154599527441,-2.995001538329196,-4.075037495514272,2.1686260574458474,-21.681294769440967,-1.6456687058700883,-9.77506877287516,1.5660774126907648,-2.0665857635157248,-13.217903089029777,19.826857032837868,17.63881039771719,-0.0023489164029884867,103.59910508981685,16.577265494782594,0.0007554472002453721,102.17182075064396,-5.49424361546513,7.379247771946522,-0.0023549694771400845,2.9069478919804763,5.284125472673175,-0.10122897464214134,-13.483409395868613,-3.5533444228644773,9.421054819069093,-9.182796980457965,6.937838890390534,18.685976408674946,2.156385181551227,10.681622240536418,-1.9987546426410905
397,6.616666666666666,2.5402926031817787,-1.4028800441936704,-4.008484848265163,30.469561725081554,4.145166302675162,-4.531966565427789,34.647045789431616,1.6815469367764326,0.0007204804717145744,13.587881255714075,1.9083215134536062,0.001949880977682512,-1.4706270145273348,4.368378080310653,-1.4458539844929439,-3.077233362782735,1.7879129301534622,-22.003130455922136,-1.8693424073057876,-9.682124095008,0.6185646232317121,-1.5073509657964732,-13.057682537823665,19.034123905855086,17.488339022271276,0.0008512652727953989,102.56697550434413,16.013581993531222,0.001396587927719436,102.36933083065385,-3.5950862779134334,7.409147467093089,-0.003956113203510108,4.220010081484177,4.157905176212393,0.051480088211315826,-13.554879692392943,-2.678411644532702,9.056057998190557,-10.031914824859193,6.575316415815682,19.784764734355463,2.6771963495523576,10.84271687980846,-1.075299304272793
398,6.633333333333334,4.999963418027188,-1.946494204361526,-4.082460213158885,29.870628070924386,4.403635087956805,-4.8423953969892315,39.43895843199076,2.5238406056596205,-0.0010311803134713435,13.95692229330237,1.459063117982417,-0.0014428961555461464,-4.873806536842446,4.619942626598704,-0.33271415083602834,-1.6832414748549192,1.6863895572231864,-20.95530784878917,-2.410001757835545,-9.167709302084162,-0.23886963393959493,-1.5267166902217162,-12.967774478341427,19.223947067503524,17.88013208699515,-0.0014001896660187593,104.5532300101822,16.398657425201566,0.02446113046054355,98.85997023748504,-2.8478056050126797,8.218138024135781,-0.0020469781965867344,3.370090972172787,5.253696123359417,-0.1304393724208059,-13.985439789038063,-2.7872608203636724,8.795198154923325,-10.723528573931977,5.733038902112241,19.828265196141903,3.3072434080741564,11.081159379181837,-0.809339579211742
399,6.65,6.511338816962449,-2.1016363333936066,-3.9117737220695825,28.300210490191155,4.651256197760066,-5.023920481816758,43.50423109484795,2.7237604933511705,-0.0003189198885149273,13.489765125865777,1.3761176622050775,0.0006350616852635382,-7.120435866950419,6.359223641076322,0.7237620007169342,0.032675434820943934,1.9982188296270582,-20.063287157878403,-3.0375894772287366,-8.569530238277006,-0.9136631023150569,-1.6130989358144174,-13.633914233706355,21.487657790035932,18.3706248439823,0.0043352071675957305,105.37584318911928,15.961636689685376,-0.006574449902985537,95.91570539119766,-1.947464906951755,9.221668850644633,0.000882359542098175,3.7036920228728905,2.208171923707832,-0.13411884857714151,-14.230319813814642,-3.276857810741532,8.085705458782941,-11.421276786925324,5.3225078510879875,20.050362160305266,4.3602951840234345,10.876224686490264,-0.7398073358254227
400,6.666666666666667,7.97793612636107,-1.1880762814135726,-3.952100491477518,26.84427863906668,3.7709263442653933,-4.252948395570382,47.25521524858816,2.6722572397408406,0.006602292270509306,13.516961219891272,1.7820874619259375,1.9040069156232184e-05,-8.884506469717667,6.456677851791456,1.1806313271601785,1.0855505995371864,1.3065727885476475,-19.502341411206615,-3.059605766110343,-8.388917558357269,-1.5309002171768822,-0.8329858646284934,-13.945900001582803,22.778378960109144,18.17740098904914,-0.00038326247508469374,106.23650072150149,15.871497492737582,-0.011685502581246532,93.16995930664936,-0.6889339656168002,8.88730742384977,0.0029967735555832572,0.8557640266461614,3.7972077611843074,-0.045231137223145555,-13.897637279526439,-2.6494116774842276,7.631393782025218,-12.9083988080939,5.430364921862497,20.88828500737916,5.222592608559104,10.470242603769009,0.17382608469242655
401,6.683333333333334,10.28856034665855,-1.088178866244263,-3.934613483678249,26.14272496191776,2.9765778252929316,-3.962507492662374,50.95450508970612,3.214848348495349,-0.0066411076836294354,14.046537086345657,2.573981545555503,-0.001055890818784955,-10.046722487417876,5.598431673263924,-0.20688215749030295,1.2525064859997805,-1.3775765708932157,-18.916192153219843,-2.602637164830073,-8.851037697564559,0.6079649304298158,0.3408856869327749,-13.249290801179187,20.230627064308397,17.49031858005455,-0.007041670885738381,106.38118871106558,16.327247208205502,-0.013414608942053053,94.19109092291664,-1.7666797361492252,8.1229779313491,0.005017951068414091,-0.0363014748486237,7.794252303891675,0.08405825687835825,-13.596034818790113,-1.8902338659830218,7.7020061279903365,-14.315957766597359,5.260010524088815,21.349947393701687,5.527606092610372,10.451806861991413,0.7873458756935143
402,6.7,12.888980186679357,-2.4103652464873093,-3.8165707588724107,25.654644641272874,3.52930042889541,-3.4997410576846995,54.285221334972256,3.973637760802483,-0.002957266534531422,14.293766972353861,2.8692167126562556,0.0012795325709382321,-10.118955829474116,6.116653826044882,-1.2464660405739747,2.3353186783712627,-1.5286342041354162,-19.223486274024765,-2.190960434868962,-9.435644134204942,4.812045018863862,0.7790336163706141,-13.387794934727031,18.885717098597095,17.07788034420029,-0.0011287487834672225,104.83305017068652,16.476476562785514,-0.0028915759467180208,96.72455984721013,-3.615908562480358,7.957804746454754,-0.002636675464648308,1.0455183862133408,5.793385722585138,0.0019831693632587277,-13.960727877868319,-2.567528351229813,7.03667789915146,-14.458398818517006,5.057589442733364,22.045487027573234,6.116174665622563,10.795538688076155,0.2033151584953839
403,6.716666666666667,15.17686052067137,-3.4426884132440834,-4.629707003645613,24.95107013168483,4.002381728835713,-1.739154458074812,57.24653570406441,3.8849700399240357,0.01032548105163385,14.216330838282595,3.0197196131451673,-0.0018801505719716026,-9.57016578811707,6.226075687459041,-2.2108548994128436,4.442546496729809,1.6768468705956958,-20.572597646147837,-2.120961250480959,-9.543126850980522,6.570442496725499,0.9191219211173808,-14.404882190512362,19.023179072152296,17.383714490484678,0.010848100982350398,102.47456316217537,16.927131674516918,0.0010573565271460117,96.28733986489362,-3.958981790203096,7.7841079997575875,0.005464388078746037,-0.6759255412292127,2.0492305161652813,-0.0005735377396762878,-14.404727526286862,-3.76847289658831,5.964770464969818,-14.169582371029312,5.239849594205238,22.7111769744046,7.266056563836353,10.99562944173207,-0.3350178705763607
404,6.733333333333333,17.492034635685012,-3.9752326431945235,-5.02314866180336,24.657162704005884,3.6214519223755044,-2.019697037080068,59.65201837674985,4.01036397593579,-0.0062803692907473525,14.853345756412606,3.28936951036918,-0.0003641323541395155,-8.996527365233725,5.125734776024708,-4.881242785865194,5.514400245748078,2.0577125317410068,-19.6322951488314,-2.047708892992641,-10.183767314558258,7.101763346951496,1.224213300720773,-13.595857783477648,16.082882604004997,18.232070253848537,-0.006429097751117986,102.94977919902142,17.681011771666327,-0.00364945470371381,96.31713770144235,-5.38020757634179,7.829044338593094,-0.00010936180168475269,-3.0055318980078245,1.8157469347030635,-0.011165169635770467,-14.25905289837267,-2.828986003192857,4.68508152516182,-14.989085884011212,3.589391552406245,22.571250146983136,7.7550146582518895,11.045092764298888,0.04740310431584113
405,6.75,19.337364073076046,-5.196856581167216,-4.939687771091688,24.32394001570203,3.9165378940224023,-5.317025145742132,61.142557108478755,5.082696495599833,-0.0005115250992832976,16.0285933763925,2.248521741742861,0.0044906111070132345,-7.563046946577952,3.4059089920532806,-7.48758966066914,5.377139116888202,0.7758431816617725,-15.482769726617484,-1.3520743816662546,-11.201418837025887,8.855365515107302,1.0362249948026998,-11.834046801113175,12.202745180399951,18.54594232849875,0.0033551377482675506,107.07841205777983,18.731578343393203,-0.0008533357128786151,97.977496800294,-8.159042077207848,8.627852776371403,0.0002604202650322472,-4.109107213996275,4.089348750183608,-0.011573919781725802,-13.707909924993054,-0.7524540365145873,2.5258495707983473,-16.038425272271354,1.0059262473988593,21.96351927944753,7.858425243992141,10.795035754043603,0.4015384549234943
406,6.766666666666667,20.699713622814276,-6.523526965064155,-4.984571753175333,23.36398445912012,4.724860629659809,-6.7685157099012,61.96751541395406,6.773170364817816,0.0023688475113371665,16.07056640383902,0.9488272896653764,-0.0016864726996297715,-5.45077184413369,0.18662032997545663,-8.840915512674394,5.013052181499214,1.2084307917340409,-12.633843967732462,-0.49363054953079566,-11.20017781616139,8.218682765490652,0.7682637341066005,-11.557136919163018,12.114498736149876,18.04461108576697,-0.005104782421531601,109.26036677058092,19.597217716101063,-0.0023780165253360817,97.1981886506494,-7.739176003128407,9.22823851181289,0.0055051616949144955,-5.063092803920979,4.145634048984166,0.018770239814030903,-13.406309543029975,-0.26611279216966466,1.0946864764881952,-16.021678159110184,0.6102819342257559,21.346125969870794,8.922468661921732,10.509240579108734,0.3254991027224159
407,6.783333333333333,22.808469248623485,-6.660983417789903,-3.6786387207029767,22.588675259466957,4.469369954562244,-6.428685871943584,62.868586027789135,8.667602196613752,-0.0016137885853004484,15.589100581732689,1.181078659908346,0.0013706963522534105,-3.9852857886019226,-1.864981085344116,-9.901243640377634,5.225130154535055,1.0865973699692963,-11.982998932164163,-0.19269455794809986,-11.12879271522861,6.492556683426242,1.4333102518440564,-11.92594666507221,14.202259937711254,18.119865818249853,-0.0040789128022656815,107.70367993187989,19.36244745790135,-0.0009857842896600973,95.21017152259166,-4.205022309878452,9.116910926443584,-0.007705587744058228,-6.741489883933716,1.8151396935227768,-0.02122547775777045,-13.40454208057513,-0.37357419787808194,1.231328189081966,-15.717206968861804,1.2484482422875507,21.029183599132597,10.10670168137856,10.639358316157102,0.5744415471311599
408,6.8,25.091548500114882,-6.334983081064015,-2.5958277896061843,21.929725514976813,3.985016246452512,-7.058069580814499,63.60344384116932,8.70014583481644,0.006380529499314252,15.58494077702169,1.909948998767011,-0.00217940042680559,-2.85819360967716,-0.1778354828805169,-10.10204754300377,5.941131661106692,1.0482371438152165,-10.794987518864033,-0.16346879226688624,-11.676497584703315,8.090073667128983,2.6184845729303836,-12.124946680624578,13.682456101642481,19.077294119191606,0.00518094746376608,104.30479587312234,19.323026081166432,0.0007931691802994754,97.37632255997752,-2.091908739167637,8.83748706145802,0.0021546588315234515,-5.231504615852112,3.1747341911981133,0.029132818387155725,-13.173967653521723,-0.4989442872770796,1.1919192978627184,-15.249893735628886,1.5507958658177898,20.696865424182157,10.97118717726133,10.647338569606513,0.6486165254866214
409,6.816666666666666,26.734468472694164,-6.63023709581588,-3.519678369208173,20.86530842766874,4.16951911974473,-6.963252309757398,63.240792835616126,7.074444225627934,-0.0069998779963023105,14.673418665063675,2.5222765712930393,0.0026600316298239037,-0.7572668029799917,2.309038417379518,-9.329343428570578,6.002412440889107,1.8167112556141685,-9.170079714008109,0.1616634020457378,-11.868798267194485,9.641202557844153,3.1953199266383834,-11.981555202711096,10.658651720974524,19.346130093925304,0.011168385217917732,103.67579854656607,21.024686653406533,-0.011524655564603116,101.45405823847094,-2.847826814281259,8.519960842352235,0.00659984785814273,-0.604739354295758,7.786916234989843,0.016970781232162484,-13.14270440635826,-1.0942650626164478,0.5921320503549032,-14.42046916830623,1.6889316205685514,19.951611629452874,12.774389352834472,10.715373058761848,0.1766877210406481
410,6.833333333333333,28.193594610485615,-6.730273641851811,-4.457074083208605,19.879316309095497,3.8338487836828747,-5.913448751686411,61.984469744676545,6.364623284687999,0.008305347319034916,13.396615910551088,3.1992643995459438,0.00010353768451961202,0.9862179986946175,2.762314969213032,-9.515983459005254,6.294844108636757,1.4934777480272814,-7.711808254930505,0.5115200875959679,-11.62526679114481,9.02383292216266,3.598590879697273,-11.289511032468932,8.961686346898713,18.85059817939599,0.014669934640343819,106.9591939752778,23.33323816705691,0.010483471052642373,102.24072237233436,-4.682961477235477,8.527539368447163,-0.0010376285669481998,-0.08208405714798525,8.73574114125531,-0.004633112011498297,-13.433474487350969,-0.9271611351988035,0.13763087971601365,-14.358473781055345,1.213160885223177,19.537431713132634,14.892686144017816,11.126590443152928,0.3389528171135759
411,6.85,29.189085245913414,-6.083566075079659,-4.862456875947192,18.874682514747285,2.978291301163673,-6.22153860399027,60.18318212791024,5.799605357535679,0.0035794279373900523,13.340948299614919,3.2192211413802245,-0.0017644099063186703,-0.08224576330678895,2.0656520386045747,-10.307847874867157,7.656613180713806,1.970297281059392,-5.746664986868174,0.5556904741295767,-11.625947647668493,8.431148165796081,5.214501979061878,-10.86388108009358,9.417068323271934,19.046036139714253,0.0008565067273463671,108.3291018796484,23.856683816842704,0.005015582878051588,102.88699129684086,-5.80556224676132,8.530245490649214,0.005676499595965118,-1.7745150034574457,5.810898688316328,0.010649258099533567,-12.979621536849457,-0.08057189015027445,-0.25093075512924856,-14.707575525778454,0.5615027605072399,19.86383098669684,16.25766958373429,10.993235985480819,1.0740944635468335
412,6.866666666666666,29.209919734657408,-5.659276738942153,-6.075354210395026,17.540785439186713,2.7708013952895825,-7.56351231452137,57.15641897378641,4.109187551407921,-0.015477062730686527,13.066899586631271,2.7774206961100973,-0.000864016774411122,-1.230310907982706,2.688666753330842,-10.024926185265084,7.681382012091448,4.0745452081148334,-3.8949526182291767,0.6122118865751742,-11.908038843953888,8.010660247643012,6.985368625529408,-10.753546329118423,10.65642318395659,19.805867499527448,-0.004462280624878423,108.93529388004112,23.341325755926118,-0.0012690295732605042,104.4660342330623,-6.034482406480067,8.011445129516575,0.007598762587747633,-1.5860548975371693,4.232524034888837,-0.01609348552003749,-12.07961056926277,0.33181583667097014,-0.4845996240836338,-14.408794896591997,0.6940994868853991,19.878669088909135,17.75103387031381,10.482028697117373,1.3526352399408095
413,6.883333333333334,28.970567383568717,-6.00062870018873,-7.183929424641476,16.316662312578885,2.9684721792935234,-8.19703609785722,53.236126045553476,2.997851858597039,0.01252291907841739,11.802148326613295,2.799386045819904,0.0016038442774603805,0.055929704983589214,3.731190015623796,-8.76014080102119,6.342300919489342,4.476277233898462,-2.445224326351538,0.9561435960981344,-12.054776286983591,8.409724989306167,7.181101013986226,-11.11979082618711,12.989272293514585,20.11103459784396,0.00017492295052073693,110.2292267103369,24.486165974672463,0.02910757492029965,101.89102938015903,-6.350971672992814,7.902208318635278,0.003663258491255505,-2.7710487821844727,3.9955217315217166,-0.0021361859591281364,-11.796118683333592,0.19795599691279786,-0.7694692371835967,-14.431577715572551,1.4920562924294556,19.377062726679544,19.602625868457093,10.413624384977906,1.2313068308691124
414,6.9,29.583968229831303,-6.481950556711804,-6.93689948542273,15.430870957631923,3.0147689597970824,-8.165267962045537,50.39976792888968,2.5271382680102437,0.0019209271982106502,11.046637701472003,2.960226046616051,-0.00014039931388149676,1.6959405133239274,4.074713066696497,-7.423294328989316,6.4923308419415395,4.197355639503346,-1.3592205071240042,1.3896825685536194,-11.944721632342791,9.57017117278203,6.740844934285564,-12.073834188684343,15.251308574892526,19.923782374376604,0.0004488333122886022,109.25615232473311,26.345466385279316,-0.01271996420536733,99.27923605968205,-6.5639669858803895,8.229191070228827,0.006603077840654253,-3.5135705307839955,4.097140838567186,0.012308412337936912,-11.863996658661287,-0.3207880141124308,-1.3461386573206844,-15.002554286051547,1.8422794901297015,19.474922900241648,21.131088221785987,10.541657542107256,0.9628065393576553
415,6.916666666666667,30.809222127190637,-6.5164695530254555,-6.227552413059536,14.907165086868817,2.9703873576812834,-8.049012049160712,48.62457632465448,1.532116666883301,-0.012563150518596,11.12908013139013,2.9012009136666177,-0.0004546558175883872,2.7208838081449915,6.031341644709443,-7.078336846408937,7.009432679093301,5.21532403286484,-0.8237192676780949,1.574780677359545,-11.970648407070541,9.11393137965409,6.974565237812125,-12.52234063920339,15.992344459192601,19.9219390567678,-0.0012755772089752804,108.9795194421506,26.558460991126505,-0.0075019799160005165,100.85593394184419,-5.540452964779155,7.683573381668914,-8.231650739299982e-05,-1.046992705582614,4.3144936392680355,0.03563946567779234,-11.831867673867286,-0.6024497338442953,-1.7857361488510963,-15.386428675889528,1.4399154991527727,19.888820683390712,22.922849772465458,10.674540257683894,0.7612804153748067
416,6.933333333333334,30.825042680155676,-6.647248658319263,-5.622006775967597,14.296406062598617,3.0343242902071053,-8.391133078956846,45.17848675857373,1.2901651552078366,0.012101389302283919,11.376874018510724,2.772596279215365,9.954304841066911e-06,2.704267226045331,7.579891248939281,-7.005169833253944,5.985739815132307,5.3866749134897045,0.5903598493395423,1.626255427291229,-12.225240232561495,8.49519390068878,7.61840048095915,-12.508764015438956,15.667183331000649,20.28584358703091,-0.003198466408178337,110.3238187699529,26.1070281826584,0.008058330232646503,100.77190601407695,-5.029038809312414,6.741698023256365,0.002433674386907842,1.7090197169280665,0.9518389266583671,-0.027513839777230324,-11.383281413212211,-0.5135129312074816,-2.4877240664318143,-15.656046341469652,1.3032802521846674,19.96207986412605,25.199143046213095,10.528083907100083,0.6004654269163795
417,6.95,29.771464811359753,-7.047675020525709,-4.835540358274698,13.626668205159984,3.2829947336790375,-8.32045374936951,40.40059622499181,1.3532820334796691,0.0002762633819084772,11.810423727793438,2.4750564077652557,0.0015756540206619972,1.9558516410109834,7.062434246053053,-5.927453253695481,5.247128043787883,5.159739060308262,1.8168692850017656,1.7260990789765223,-12.376472831770139,8.885197540136346,7.978867411381259,-12.576668690736723,15.629861540177524,20.64455367902071,0.0026422903599501264,109.52028126482763,26.414470023608573,-0.0008772388465853546,98.65096162176829,-5.998288679516893,7.639571729502916,-0.001042377707886042,2.6702865871327153,-5.365961781888434,-0.01200618525047015,-10.665692798455002,-0.6662350076993415,-2.9522940951597483,-15.288822976867001,1.3335412260335358,19.896928749317293,27.43543468948725,10.052159551402127,0.16317359988980787
418,6.966666666666667,29.783507862308422,-7.442121513519799,-5.283228789505378,13.769614530337103,3.643822315769693,-5.767509771101762,37.4519138711887,-0.7148909860493445,-0.005319140636518464,12.524309188381539,2.4657398585971944,-0.0017656176125844514,2.66225217675356,8.25115105080424,-4.335007217735268,5.626747710641789,5.6376511977030805,0.761217385844588,1.682792413374403,-12.44955781691414,6.998906472022118,8.003206652009005,-12.384149938172362,18.606636360283243,20.499039168801918,0.002920206118651658,107.91003782295168,26.805873303347777,-0.015384347430514866,96.93571879620372,-5.669376684517537,8.460633288781812,-0.006325472288148259,-0.694875597669934,-9.30813634834388,0.0301602903315652,-10.509161825953216,-1.3018349182292492,-1.981463905535291,-14.782159911505252,0.6758283025999321,18.91118112687208,30.48958120011941,10.12620282834454,-0.5623569640136815
419,6.983333333333333,30.04711859417873,-8.561801991187512,-6.750618511631571,13.771554657063763,4.716729918435803,-4.378228506113858,34.95288353701451,-3.3975955805097504,0.009035986476308145,13.12169833682069,2.2504601062049923,-6.16802283270569e-05,3.197446594557891,9.664899411428264,-1.4678339950612094,6.416940554012199,6.076367188913182,1.0751283991614393,1.946995627822791,-12.495319534380373,5.145740563464713,7.836114543621839,-12.25410754787569,21.337671539751923,19.792793005629953,-0.005340952484280896,108.30531385149057,28.3062886091552,0.031444109576567104,94.08159104263231,-4.8955058287265665,6.915863891515513,-0.0035349770226504895,-5.771079842543671,-6.897259548169393,-0.015221901343209844,-10.409770709735326,-2.6291875618017984,-1.5047069058086462,-15.385664098410187,-0.04605075763047953,18.126975688682265,33.70816297959665,10.318365841014563,-1.8314913995078954
420,7.0,29.08523326701104,-9.69077756834394,-6.839326979594512,13.051036657804211,5.858865624406795,-5.5914379220550945,30.337803597731167,-4.291155259447858,0.010742098119979117,13.316458877928973,1.140227768674674,0.002839023220047801,1.4215672306304883,9.034195368939008,2.266835699905838,7.3894934336885525,6.560481264862732,4.275396006068311,1.8632511582512739,-12.67098930279076,5.025435342372144,7.825944463103407,-11.964114530455952,20.561907227204966,20.052530094497182,0.007095736006180556,107.64431440278008,31.787939482893133,-0.04299332794914344,94.96257950928329,-5.963395277310965,6.697493367955764,-0.004301365925051775,-4.557073120276045,0.2931530286505195,0.11309870265239533,-10.017115297560341,-3.4758270046209265,-1.682468245206314,-15.603920095799891,-0.06847888154661394,17.525512923289877,36.20694594474202,10.078782626657008,-2.9093402147055434
421,7.016666666666667,27.776066469874305,-9.756210345790024,-6.347489763596103,12.808340218353669,5.389496515254057,-2.6938571366389765,25.409328276624542,-4.356812049881554,-0.01918769849170678,13.552155851416007,1.0535624765150906,-0.005473679048702557,0.3619828702111061,9.250582889825687,4.066494604363668,7.726729318003965,6.447852846182907,5.711196963892221,0.46421819281666643,-13.285245252411901,2.956526172142311,8.324088922512804,-11.214750433431863,21.923114539739217,21.26077460298802,0.010385231513982433,103.51402470391075,33.84235838901442,0.0349315663611989,101.86787072376285,-6.182292577948554,8.18790008773624,-0.0018586972167891507,-0.16283270868557645,4.978576713446099,-0.06512482185727933,-10.117816189062081,-2.8372121263890424,-0.6399014260193584,-14.652431803836631,-0.22833693196532762,14.292408136393954,40.00513834365101,10.128996173345948,-2.72652743108507
422,7.033333333333333,27.07236717446246,-9.803593126144905,-4.116124093767642,13.020279174221557,4.260300170698314,1.0083084602481225,21.596547035850502,-3.8233944590203763,0.015005652004490616,14.368301798026092,2.4322932977477,-0.003062666502124213,0.8913709879329373,9.644311219089198,4.326682662251926,7.439554122251362,5.644566545715838,5.583253938067707,-0.17895089444501563,-13.801316722241827,1.7848070933708542,9.16598488724935,-10.724653353461669,25.29602501884352,21.211563185916507,-0.007547563633468527,100.68000989557062,32.69431736897561,-0.0059010520946359305,103.58721193883889,-5.329307463609651,7.778114636997126,-0.00634174968548867,-0.4880777689941274,5.046063742548411,-0.001817305738479766,-10.181895175046563,-2.262243813752613,0.6018381389480201,-14.314857361758213,-1.3067281324478217,11.924240908106004,42.89936264842552,10.279662230748233,-2.3609726597722442
423,7.05,27.03979098489488,-10.221271502392302,-0.23094893354651552,12.802809038274368,3.8883168163733206,-0.26587840233022186,18.65637845426997,-3.098546906369308,0.0032320572096372104,14.756946832849383,2.847731056333016,0.010383159608410939,-0.16497696113076862,8.7599706425382,6.0301755619867885,6.91464177733025,5.997584561826331,7.657916863006399,0.15966905899068495,-13.963517040005284,2.5862831180375556,9.554788019914412,-9.975111339028182,26.075372709928768,20.631609050829923,0.0006243239910820917,102.28988379012297,31.326893738419116,-0.012597059208469156,97.97906719094547,-6.099883988276684,6.719233726173899,-0.00037619957418323467,-3.5446662474413304,4.762505534472639,0.019611360717599266,-10.024892865455213,-2.2537812110109376,1.3478896662870157,-14.128954047405758,-1.8371039333082968,13.06163610593613,43.53312142602775,10.241741699649564,-2.590985996196362
424,7.066666666666666,25.369467716626442,-11.6934103130559,-2.2404534856781355,12.024551481411741,4.065138563375722,2.3857728239583094,15.960631685067584,-3.1862452398511927,-0.013251868345428719,13.543898254014653,1.2676704767892126,-0.014103445572086743,-2.5991532927222405,8.63584105575384,8.997103827344507,5.626675578369752,9.44315630872074,11.02862530764362,-1.4309890910008352,-13.962234396576557,1.2546105960924725,8.322513696990484,-8.915092220565603,26.69303486302247,20.94667894351054,-0.004210271308546241,102.93387294119847,31.777065722243364,-0.0005920002284018745,97.0060070990363,-6.54152158236674,7.498663000044436,0.00406971072904787,-4.637143501890514,6.036271532342229,-0.001423911472375521,-11.085889483667813,-2.145355337371751,-1.140423803949164,-13.155223934408472,-1.7021289215644093,12.602519249201723,49.78790520642205,10.37028092649795,-2.6555650767110874
425,7.083333333333333,21.531484820431828,-14.412951134565525,-8.07568640773044,11.628533396832886,4.3827929877564005,9.228367917600444,12.89410380453162,-2.63004506602235,0.015685710448043587,12.953868843413101,-0.6894349749291637,-0.0036656485716307493,-4.848780638327337,9.243074036345194,10.713684896125606,5.124529360879098,13.121801946246181,14.97298687809048,-4.190026584577515,-13.693897217632472,-1.4149274131310294,6.502596728452317,-8.682659515278788,28.666456249742527,21.092413402231333,-0.003699720482256246,99.83102146131573,32.5879902880411,-0.0011155355563201425,100.27013451077111,-5.928380919699206,8.309695781190571,0.004307713303307334,-3.7339864027057588,5.482681497349435,-0.0028545202609293616,-12.786160398835571,-2.654220182136825,-6.442548574074401,-12.295583119593237,-3.4938432180015577,9.58464927544094,61.01313323170358,10.496379224425437,-2.657349807004424
426,7.1,20.070284140132976,-16.161036879041994,-9.2148388513227,13.048554472281275,4.209024163706038,10.337848854796874,11.244903419620567,-1.9980342279242633,-0.0011092467392285422,14.816184979281807,-0.7335740106619599,-0.00620696571836567,-6.083338065587749,9.447002661479651,11.86204190037205,6.411059240934075,12.842256872156277,19.544437899811033,-6.101335298382048,-13.719744721356959,-3.9962047470810065,6.31252153815785,-8.121876017710427,31.060120506414652,21.142117020553343,-0.00032840319553210576,98.17219596696523,32.18064021830845,-0.0003351494506910189,99.54099928887938,-6.620355456721149,7.509039800397623,0.0026729134553952517,-2.7005364954076803,1.9000006965430365,-0.007990785745962469,-13.689522154353416,-3.0406459226336295,-6.909683177083985,-10.745370961623461,-6.130850538741056,7.05657586918514,67.12422972995958,10.767652106923654,-2.9918065687645314
427,7.116666666666666,21.707698690894954,-16.597119343728007,-7.477378218787577,15.558501005410392,3.475068021369093,9.948770181804136,11.895131485835021,-2.3739182710809796,-0.0011440518831829245,16.693662050607664,0.42523284818492857,0.004672783068887215,-4.700905331332106,10.331951287310343,12.55256853678578,6.6142017062146055,11.631739333518645,21.886958317856905,-7.475347178939389,-14.086511656781168,-6.446000752388066,7.228528693384801,-6.736303466425571,34.05883788990728,21.60424471389949,-0.0026013436534421436,99.673223985854,31.055369057187402,0.0015094415340406375,96.10924225661498,-6.395004784373654,7.13583084945808,-0.004506373348083469,-1.9132059572781774,1.959149712087453,0.005614621906022973,-14.729150179001278,-2.827953752064113,-3.620320721883074,-8.733518389091769,-6.744433446590077,4.972077795940471,69.37210166573895,11.771226521555938,-3.379940600546048
428,7.133333333333334,22.840029844435644,-17.210939655712195,-5.112925033036407,17.215184830958247,3.234166960504041,12.556099800560125,12.761386584125523,-1.844099043780907,-0.00043578380596929524,17.10893458801721,0.5339588619091176,0.0015848907148623742,-1.9504678999832301,11.362714229411512,10.577254115064823,5.420374159006753,12.363098602172988,22.095944959517013,-7.9390974031392245,-13.960132031739477,-7.626983479140481,7.739667434829513,-6.16066137681818,34.69807592390656,21.559962463288983,0.009110758669391535,101.23337936015207,30.37080793277013,-0.00018526828288520475,94.70805183617522,-4.00513385952509,7.817389336308497,-0.004870702299630278,-0.3427042530642028,5.303429485606755,-0.021922075499949113,-15.742718943445642,-3.0680526671808788,-2.6293286032070027,-8.799628654805893,-5.852665847532007,2.5659183489020316,72.19717947581987,12.811601923989887,-3.696060194928511
429,7.15,22.68276319796204,-17.914778481237366,-3.280599974498291,17.564518865398654,3.2256186021681623,12.621752705569675,13.396832916232313,-0.78541273992918,-9.678167702386864e-05,17.149051685267366,-0.37018890456198533,-0.0034377821067970065,-0.4821740906008697,11.118395654723642,8.605150589675144,5.065347169239058,13.09724775282001,24.252863954156936,-8.060636150063868,-13.432120466465088,-7.892215231691194,7.436784708542284,-7.098505026690599,32.95543825513552,21.37570896046005,-0.00916613591460183,101.84092867563163,29.520484496993525,-0.0014543893528415634,96.11895119631063,-3.6199673851307836,7.654383672665023,0.00498023872413088,-0.016475127855165143,2.522707226519359,0.03727316309703782,-15.535210530329785,-3.6524902623835866,-2.4579130174218973,-10.37972182527779,-4.836827908470322,0.20212456702945752,74.5508170552451,12.935757656773308,-4.026071766263797
430,7.166666666666667,22.49569576168526,-18.07983935663479,-4.449257272113596,18.1538487769576,2.824763710283247,9.58826534094132,14.515630702126625,-0.7432177887915709,0.0014588631846707842,17.719735118177617,-1.3331546910461605,0.0018616539855774562,0.22331054415693274,11.591055376147805,8.994824398613375,4.937520406024826,13.893209783287165,28.569331234115865,-7.60110193776405,-13.293279882938316,-7.459356968043193,7.595516911260264,-8.352080939758055,33.76627397108076,20.450620502678017,-0.00035551535647481715,102.28119312182847,26.939416753770733,0.004332308680558859,97.82931851603209,-4.794652759524432,6.750537905676964,0.005392741312849336,-2.214438851954407,-1.7912953521358588,0.01253890086440293,-15.268368706836334,-3.930512443245992,-1.4521154809079415,-11.370467082248242,-4.182076198518503,0.12280231111237785,76.66473258766516,12.99372378848104,-4.169906825942309
431,7.183333333333334,22.738677676094817,-17.78902437462631,-5.848676992491574,19.33566458445309,2.2412490836281593,8.772157802033025,15.500226206493384,-0.7364062882848579,-0.0016704664487269757,18.50706143688255,-1.6574913739992507,-1.0809780806854139e-05,1.2947977197049367,12.38796373419463,8.838966032017826,4.763273358082577,14.723883139756955,30.691457106270732,-6.4106635918439,-13.563533898635482,-7.089446693406177,8.759694907955378,-8.036563504719354,34.67373166767997,19.26394416667172,0.028261589561233372,103.28923616824036,25.190071400972617,-0.0136584053218334,99.18441531102549,-4.043419673842367,6.398856393354326,-0.0024429834524342204,-2.021610491003788,1.9708651991515662,0.02910639299143902,-15.277587877493934,-3.6547170782083533,-0.6206007456786685,-12.299362507216417,-4.211994823905059,1.5856939318011256,78.67388229179005,13.547032639961472,-4.110131262300327
432,7.2,22.5654110515947,-17.071786355919116,-5.667860537048935,19.696197981314803,1.617854443940806,11.53548821855616,15.964795113202921,-0.42091148786356614,-0.00014606965765091886,18.522713699618336,-1.1228563048071494,4.167174297336436e-05,2.247610003610102,12.163732924628611,6.923206474620973,5.0244582414863075,13.830462767484065,29.369739353188503,-8.66612785330284,-12.74583633551644,-9.39700675402932,8.974865888872708,-7.110052927387678,31.8440003701688,21.90845832806128,-0.029124064632351884,105.00111909019287,26.139141145610107,-0.013541846613714837,100.91004337146576,-3.531755722709829,6.158356389885243,0.002670035843937381,1.2696340133916735,6.407460348548276,-0.014952765962679346,-14.55909418969864,-3.1286404180430876,0.07962727553285223,-13.18358502576092,-5.068710460627334,0.09341194353889976,80.19905183492371,13.717499782702417,-3.961687333407235
433,7.216666666666667,22.3472267856747,-15.438445371743896,-5.584261678365206,20.331280959794274,0.3456269262032459,13.164223523291467,16.030590129595637,-0.5933568604829009,9.362363518865903e-05,18.41215316728858,-1.0731162635072786,-0.00023252095261176305,2.6508357439548984,12.47156961488933,5.251922101631966,4.7771620066863845,13.11589566598062,29.43596787485449,-11.046705772891833,-11.435611354736258,-10.087638443748862,8.245214266837527,-7.786158028953503,30.62652725584218,23.767072275751207,-0.11926618728393822,104.50015539392938,26.046660569235737,0.0008169334610266526,102.09987219553865,-4.814221994217877,5.646090739092923,-0.0002877878020850182,2.202630606469544,5.359648004943261,-0.0022737969233843545,-14.884910666623016,-2.662838201740256,0.6904990797959142,-12.769784386145735,-5.076213730739107,-3.692395471565961,81.71024165449018,14.056295110992412,-3.148706934401031
434,7.233333333333333,22.663670918073727,-13.713039831883128,-6.592850544021164,21.785822664255253,-0.8065811151212509,10.867532227705961,16.0799931606259,-0.887502783343358,-0.0003380619463044639,18.980558751737988,-2.6247233166077826,0.0030659701319169846,2.80833821235477,11.82870205993395,5.286273664347213,4.1569994829174615,14.44707339714161,32.661359193516454,-9.384309919341245,-11.49778705350557,-7.6391745478964435,8.392571385232596,-8.776882389134478,31.844951192884,21.23041265899534,-0.09402726225304504,101.89388155714818,24.123616760912313,0.006276221701118126,104.06834294796417,-5.292255824486531,5.960597613030445,-0.0007609907151476498,0.6052763331410033,4.763441421693234,0.0035532434769526547,-16.156775706563465,-2.2758807589032264,1.3601979464581722,-12.024219566801921,-3.7061831827267158,-5.404532201058993,83.10559407245026,14.852824859187116,-2.1969762797415
435,7.25,22.53726239909646,-13.334154255702817,-8.139513383979457,22.199830575330406,-0.5525061031701096,8.714903503605269,16.35495989401948,-0.8107098334475786,-0.0006789575094310022,19.492985791297922,-4.540597196267365,-0.002041274162760242,2.636711589813699,9.850437616962962,5.62540977099671,3.227171706180769,15.936290864681805,34.24739305250187,-9.812435222603932,-11.040957056334893,-9.023319355180773,8.956207351953516,-8.675965563113294,29.533091316258673,21.980539966889005,-0.030276399397767786,103.3977900528704,22.576818464327022,-0.004021901533055178,105.70388430745048,-4.5177040475223755,6.614402419779031,0.001979814144353972,-0.1758710381231037,6.306455752914815,-0.004111414635677509,-15.78055012676736,-2.1892167821765187,2.3078945152308377,-11.907373109958208,-3.4948952060358143,-5.087463585795196,84.3178619546056,14.841712832061749,-2.3537913727279403
436,7.266666666666667,22.441326937171937,-13.135427515331719,-8.348484084999791,22.671790060974775,-0.10034851010820764,9.731646460072046,16.239864361490902,-0.4514634181476066,0.0007591664392154938,19.92167426524815,-5.51949272913533,-0.0014080605876437124,1.9840028186518177,9.326638319733929,4.508424248817856,2.027946369750629,16.61523564549258,32.664454076590786,-11.359993968131754,-10.105524725183457,-11.109508950362233,8.492297718944148,-9.390129567073336,25.93566660403811,24.04900326978548,0.016879613745758082,106.4614854854613,21.60584107842319,-0.011168174971994124,102.81861093853809,-3.9603187496511683,5.897088456698431,-0.002589565407267249,-0.08554170830249351,6.930250857562779,-0.0025198954191400992,-15.525433262394548,-2.1503194267889465,2.9475850901488343,-11.545671722617247,-4.606824941745669,-4.670239102841309,85.56639631749958,14.94120972035618,-2.5432115086625484
437,7.283333333333333,22.687382518957214,-12.130795158473589,-7.710920559568627,24.086586782708796,-0.3348286730288546,10.52710798918199,15.60959580974563,-0.14048075132556906,-2.0153145514033726e-05,20.885765336161075,-6.273443910889544,0.002001837726673187,2.032870987620518,9.517919211228278,3.0280480590967986,2.173401679092643,16.623492090936487,31.305572805714455,-9.534835933566583,-10.494055622247902,-9.258311433377843,7.861187800889836,-11.108129845695396,25.595756351463763,22.280316287623364,-0.010393714945717931,106.20147593677312,20.385910245660487,0.0319700868081145,100.48886223187733,-3.7489054887326323,5.233893295191903,-0.0018270916348727966,-0.47314150463317156,5.880541473646363,0.0046939031174625424,-16.32554311634961,-1.9054853716961262,3.419202107212313,-11.326084364977858,-5.4176371627289726,-4.201760933679999,86.96921821350668,15.710519742313048,-2.0145998526102695
438,7.3,22.538783808537733,-11.157703298202707,-8.563925739995769,25.1268196645496,-0.37843500383611467,9.516901523271285,15.139427541544006,-0.23992632339845432,-0.0005161224387665408,22.361043932094557,-7.345489201143266,6.65307299139821e-05,3.434822306853823,9.202235643751832,1.8329641524423868,2.525981935169669,17.286757249190703,29.60103679078001,-7.44891707428194,-11.157540460411534,-6.688288505230601,7.770074646747621,-11.876171876799335,25.268771011336845,20.602360399652863,-0.0006677457302584321,106.74747139649176,18.889909463617208,0.030294923036512107,104.32131624278165,-3.536988367489145,5.459209643736933,-0.0012112388315607236,-1.3115250675385786,4.504367952848576,0.003654499508975084,-16.175056878840984,-1.750252993822957,4.137842781166964,-11.82422709939737,-5.453212443924668,-3.9430875849941773,88.43018414746548,15.988636618004852,-1.6211525137587204
439,7.316666666666666,22.709014956042008,-9.909466552986041,-9.7473510928875,26.43725737348784,-0.7565291595240343,9.045991814264216,14.895837279326605,-0.1683210340755894,-0.0006076546353379076,24.427196560280173,-8.091746394723758,-0.0012307133023833306,3.738684645701193,8.856850534545352,0.789849088543528,2.4125585456355467,18.92288201397176,25.38915863134309,-6.4880272676667525,-11.719891319398693,-3.832443176428699,7.243904761443687,-12.127421335762063,23.175638352295397,20.303533375400715,-0.001467263920620104,107.13855174251114,18.356003960001296,-0.015239996920148264,107.60793632615108,-3.481676288880619,4.848582259510816,0.0002761017038148086,-2.3042198104098675,4.746668136711694,-0.0036081694981000712,-16.030705458977472,-1.1300130430657729,4.686411132803616,-11.876760791651167,-4.166749713649745,-4.329250633158747,89.52945779813702,16.342484053050164,-0.8168467528937255
440,7.333333333333333,22.734687970711697,-8.697542006701385,-9.246222730690175,27.583665928016703,-1.2341688599647154,9.16971077732507,14.198316537188099,0.6137170084785858,0.0003990780997861563,26.28964157264207,-8.444621865914892,0.0011512263435804171,2.0021310295776304,8.402338865475524,0.11084724134610552,5.137504591646861,17.565882828827597,20.76286602433599,-5.4506901266566326,-12.524361179161271,-0.43531676560245836,6.736478966030222,-12.914275404617642,21.23642865861636,20.27188918571955,0.009478664037602228,103.92708814717098,18.108033791310632,-0.01142995466473473,103.61979923974529,-3.885652645867067,4.352848974833634,-0.0006884993155030619,-3.2662841881433873,5.707540753472075,0.002025342950072186,-16.222905489241107,-0.3076001088691727,5.329658838897842,-11.637392107702924,-2.655637250781139,-4.9568295223310725,90.23859282265678,16.794290986451404,0.15894552151901575
441,7.35,22.139598969897555,-8.878359383171214,-8.087467253349086,27.637293978465923,-0.3257724545858711,8.819199445970357,13.006327752398722,1.5906289690260123,0.0013755691138849716,26.68578396841561,-8.947308281061643,-0.0018582310140132328,0.7809468304417698,7.929941576132862,-0.6695820080661583,7.803223008555072,13.464723850754092,17.528747047144083,-4.2925437542538,-13.813058513145233,3.3518834144140652,6.569343363034142,-13.539078602054069,19.028033656867276,19.753285562141944,-0.004102955521102948,100.45888079083286,17.412018347661242,0.018660288393875187,97.03630469185045,-4.270798240176934,3.8068870448471426,-0.0030667421621691127,-3.827830973884046,5.239677914531553,0.0014730905776378595,-15.878463984803506,-0.45754784733571213,6.44767051363889,-11.942835689298498,-2.534853772624324,-5.1018863753190535,91.32123784712341,16.882598967791225,-0.1345683182112209
442,7.366666666666666,21.747479234399023,-9.020332089080176,-8.400526019650837,28.10066659347314,0.5356677743018475,7.647444518904547,12.215423220959359,2.0496972853828996,-0.0014133028992452331,26.593179619408016,-9.828477376827978,0.0015504506109587572,-0.4910099243741083,6.834351877164907,-0.8800369847458187,6.212772308202541,11.649323923438985,15.09779521833073,-3.3993533653711494,-15.092675180471728,5.736092736478619,5.792992885722724,-13.785957041420733,17.066388384911427,19.13856899836084,0.009160555085540964,97.87586222383557,17.864044713667077,-0.017209291991464662,97.77344237974933,-3.8508352884484296,3.4525354062928586,0.002362411776360136,-4.313901640213678,3.9085770415946532,-0.000735975137604789,-15.637017589250016,-0.5208967399255124,6.855923621793844,-11.903537834986732,-2.8960801598639216,-4.777005684922087,93.40575264387127,17.062440336556193,-0.5063372403080947
443,7.383333333333334,20.420711617911195,-8.317465526030075,-10.42942052158014,27.95558303229274,0.49129476646628506,6.199985926507637,11.61576479654875,2.0788958808757303,-0.0019162792049599007,26.31948055816648,-10.59591665539577,0.0025127321601965983,-1.2810508197268302,5.8159621775767745,-1.7463335806496858,4.132306555483895,11.482012765765079,13.519357903464941,-3.228810967941349,-15.783835226821024,4.863707459250121,4.473755690010553,-14.282254771939396,16.227425637228798,20.297834306460018,0.01704260953927935,95.15442638911425,19.501660072948095,-0.019740548628457883,104.69702530278144,-3.464784540586237,5.407644119118761,-0.0011344168193915792,-4.379156529444483,3.930723088379097,0.0009639773998691509,-14.867485890382481,-0.022082981837433444,6.058234493468729,-11.287698662358476,-3.2095198946068133,-4.445618067954745,96.11309081832331,16.486626537633313,-0.2363761912185797
444,7.4,18.03845091383014,-8.544416329631972,-12.248480163856906,26.29239494427469,1.3564940529300875,5.256307033934661,10.29440403843069,2.507619166893293,0.004087148174911419,25.069265218389447,-10.85816184440039,0.0011227946937532214,0.8222427678958619,6.592607402539424,-5.103603534708236,4.084128881547627,10.137088762096198,12.307774155195805,-3.03967039560122,-16.62105052559483,4.241853538798144,3.2454810057602277,-14.81484491474399,15.513505085698945,21.375720100531815,-0.012395143990431649,94.31148248569508,20.348547713736508,0.029236553746228758,106.01112047414124,-4.093398500204819,5.46013971627793,0.005552965428299353,-3.879864137515046,5.54260947377658,-0.002184861023068574,-13.479364682085885,-0.22643891548813472,5.482888934161057,-11.46877848772985,-3.5690075591968156,-4.295128088825363,98.75574164662657,15.276594223399664,-0.6924384466391534
445,7.416666666666667,17.251922132188913,-9.188244428122092,-12.71109448185053,26.022121169311447,2.4162324887931024,3.8810706460615907,9.385864678422594,3.32748588034993,9.206801512062138e-05,24.337412375411127,-10.952496237495163,-0.0022451465532422,3.2653593426701066,6.990116190971366,-9.028184729217074,4.287450972583775,8.765091531407794,11.275599374832456,-2.143332388726334,-17.766027436498096,4.880238024433308,2.2898603941827056,-14.975031862394978,15.479475729634999,20.687815926254647,-0.0014296328021050856,95.61199175762964,19.56355908855296,-0.020188735946427352,100.0279567779969,-4.3132312427824395,3.263807234473077,0.0043439206446716895,-4.333366210935952,5.56912249183128,0.006078009287678626,-13.197706343101837,-0.4268162056713487,5.652679752932881,-12.243620477303388,-3.18983264020617,-5.07993883414972,101.0995342253199,15.295083575379415,-1.2804055712118276
446,7.433333333333334,17.474001522497975,-8.324456854829606,-11.0617454299277,26.48521448807154,1.812458037324281,1.944239536867018,8.655957424487687,3.468128273885531,0.00010889446439305268,24.367331370239537,-10.328778052635059,0.0017046422294182486,3.76729404865416,6.107180466966452,-12.998992797439527,4.804128329907132,8.042813407524166,9.719048759428436,-0.5194351421296702,-18.877373990422683,5.334487418261591,1.9253686964437235,-14.73319039141489,14.843865464457611,20.4053079290761,-0.0019370361071072058,98.44987907221825,18.750642239393887,-0.00369804537643066,97.42670249351389,-3.27618174679717,4.4819757089554475,0.008233149246825857,-4.8906698734629765,3.9602695117644826,0.005980547653595887,-12.849025856633046,0.49051744576888934,5.782209706336535,-12.741008778644202,-2.8776877148419424,-4.577606355449117,102.18066507507396,15.926230546250425,-0.9640085488569092
447,7.45,16.255978475471935,-7.188034944706911,-8.6922722527405,25.72165081310362,1.1869927228783295,-0.087302890504028,6.7637093366078,3.0640949564318807,0.006553457195151849,24.39854427989661,-9.49040352332213,0.005106815566042593,2.8020059033126032,6.835856553345011,-16.894366035683944,5.706068567115425,6.345142453895612,7.2723676582202215,1.9566067815809427,-20.81757352490242,7.816400145124881,2.640246478802178,-14.05542349840789,13.440758925490623,20.34552690561029,0.013494083347833209,99.62718188424435,19.48849186538529,-0.008218516534307775,100.19052871836642,-3.1699717564262784,5.8824974566025965,-0.004309250050797594,-4.306317489227414,6.004777991324511,-0.0027353093468608634,-10.547929394272044,1.8460105157589493,5.529900466653698,-13.814045260368541,-3.940103914042864,-1.90366082093618,103.00877662206408,15.562186977147519,-0.6815761601820336
448,7.466666666666667,15.88697680377117,-8.398806197594121,-9.125642635925674,25.944476866004926,2.5981529994271853,-3.042544190576385,6.964392254911928,3.6874089716946243,-0.016415518817718546,25.044584196002347,-9.958453125711278,-0.012223993057442742,3.2242043355328103,8.383634204552813,-18.660604977061862,6.946123620810212,4.5152115891392,5.211355245416641,4.263706683066081,-23.182118590435334,12.64210603613118,3.3812486302148037,-13.59798126684233,14.580802262550352,18.763096656647026,0.010161332498646706,94.49361770797175,20.517512514610267,0.009570360066375646,99.85740185202819,-5.070781704283121,4.424774748986674,-0.0001075799423192139,-3.9106541072473164,9.101028217740023,-0.01954324930348766,-8.891872996773241,2.1917456560660877,4.96789143827131,-14.857224769036577,-4.476747592142288,-1.061252809544702,105.8682934008557,15.295527274639268,-1.5874969341430951
449,7.483333333333333,17.057880434980618,-9.833072687269391,-8.856235677837546,25.480010270276154,3.3290415815545598,-6.560299250973004,9.25658162299504,4.146841261123055,-0.015150617357228753,24.63909475821115,-8.908457566573615,0.014224729630278857,6.783722136642506,7.451286222388674,-19.578253749587578,9.46689983289812,4.565903377561208,1.893211562702654,3.3130690808572356,-22.30637993531239,12.347661761868084,1.950818783142124,-14.426145186982893,14.998390259882637,18.727964605895618,-0.06466798631652221,92.92961892149039,20.40102672702222,-0.008046944921990677,97.45629012578746,-5.928592091066532,5.012770162832268,0.0025058342912409807,-3.9749603511073146,6.811162336624371,0.0004143461632127997,-9.81420218632294,0.28768565269381524,5.718893069046667,-14.091327022023219,-2.383067018862236,1.5473629652489953,106.67357276539914,15.696834924251993,-3.281106498768939
450,7.5,16.68716808743941,-7.881760520712696,-4.959038805596758,22.196266063417358,1.0485901185327546,-7.70160939866269,9.11551776244419,2.565092014921815,-0.012315948005871248,22.895132208801446,-4.364344466129458,0.022967205771036236,9.303716535101652,5.259106620401915,-21.601941888946275,11.831911442698456,4.34210528947868,-5.3742943792327775,-1.5321563132657716,-18.19171901820896,4.634029990977528,-0.40507615145493453,-15.730264007734043,11.837274778902907,22.624546591555987,-0.13963528432812683,101.28044967475415,19.353422450794223,0.005101329047991391,99.05237871938685,-4.662257152982262,7.297110139613388,0.0070250482176815775,-4.202023273107044,6.78435940142817,-0.00828565687434866,-11.20873459444282,-1.7428654185590358,7.9290616367058835,-12.636120183742147,-0.21979571347274093,8.719846236699329,103.96052228057967,15.61368705865558,-3.720527246024894
451,7.516666666666667,15.145529264991003,-5.334689523412195,-5.356206463817893,20.9562400828624,-1.1141734180104996,-4.948841474480854,8.030679777915344,1.4216711078082391,0.007504621014411475,23.067461504139555,-0.8025347188084195,-0.020020894025621887,9.107946441394803,3.7291183310153206,-23.16445160910446,12.499574145909754,2.6704060022880927,-13.376494822614383,-5.706076150878073,-16.148394382596607,-0.17687333650818785,-0.5237722124376982,-15.889869082053242,9.56825734609749,25.865843723824014,0.11544006311274127,106.61082482658053,18.183426895801443,-0.003935704902504395,101.03448895304712,-4.920062467186077,6.920555821304873,0.005191629399776591,-4.110854098680965,12.254269620123342,-0.0018753737059851402,-11.22019882368979,-1.314336403603817,7.104667389846505,-12.627258176753049,-0.010444428740907683,12.417550931516928,105.63679263599265,15.062963332072023,-2.6881828026079972
452,7.533333333333333,14.091156022887,-5.566702372635017,-11.57788014225065,21.839789389916483,-0.3174268532341027,-2.2387448314871348,8.199996885334517,2.076213334927355,-3.615617436545151e-05,23.68785358229566,-0.47137162912909464,0.0009713933052645265,8.990091990107599,2.7303656197816135,-23.28138717066932,11.768897112202342,1.622532388275424,-16.591843997753536,-6.2147206626075855,-17.0080052244113,0.6508075697580806,0.42929037792060126,-15.54034026767039,10.378784859805222,25.301529509633756,0.005176581472946624,105.61365480123764,17.711884259819193,0.012385759729608498,98.67287730543825,-6.347642370474148,6.173654527881475,0.006206766558268187,-3.638110495461596,11.20126821506691,-0.005295959117354502,-10.55311031331527,-0.7441928886717512,3.2335281265100164,-13.198411748480343,0.17985616030081297,12.070638442014545,112.2390794077276,14.715601484237972,-2.6900686110884244
453,7.55,13.065665990314312,-7.002337192861764,-15.074870626604957,20.994419885559036,1.2938539944982828,-2.7852246965042657,8.167926237529384,2.7481280525044407,-0.0009758957172130247,21.781998184482138,-0.33718147260092546,0.009157999308064116,9.530883385146486,2.353741969732398,-24.50385283850812,9.61262940503286,0.7580785188998496,-17.151887167085206,-5.153833610354483,-17.39040562324157,1.2709665461349764,0.20539187704307674,-15.886784364723923,12.740366481734705,23.383996845878716,-0.03220741337573496,103.02360904082809,17.336489886835842,-0.006143849937963644,95.22390496373926,-5.745293138177264,6.872212675000276,0.004211991066389314,-3.297899523847049,6.031782437618884,0.0012642727521275435,-10.09791750776872,-2.014689570952,1.3685363457409114,-13.310783692576551,1.3722922203423609,12.26229218172763,116.92429032999242,14.334469725082117,-4.073610164723364
454,7.566666666666666,12.727898095610652,-7.328134660649682,-14.698637365002163,20.123150713850627,1.5391136675421038,-4.311277850498636,7.9164160635335215,3.0478641811370193,0.0007648645268234579,20.433265323760732,0.7846018360648541,-0.0035225810258648934,9.380377532704856,1.9995959867885822,-25.587057182457713,8.247346731255611,0.22531583770780964,-20.44501657434805,-5.238795455680051,-17.268340031557013,1.5410525451741133,-1.381762072188644,-16.33813357202198,11.817733753535459,22.194636870523706,0.004460551069165302,99.93406776040062,17.241064113520924,0.003824438178319969,95.9158065906978,-5.093232277015887,6.289985117438414,-0.001863124502850521,-1.8395182874118978,7.88335531062483,0.021604411678998674,-10.186167186325985,-2.947406182885996,1.6021887991522459,-13.378098759134732,2.37953721452861,11.880656391993545,119.32171063337933,14.259996614263986,-4.6936219779775055
455,7.583333333333333,12.792070364135899,-7.242661350765471,-14.464720300082606,20.040842313896,1.4610300171024149,-5.027168574701257,8.227723861238443,3.1626123096765557,-0.00029309092684541994,20.938010352889968,1.639942846691161,0.0005813302931191502,8.603146760268029,2.655931101998816,-24.185434179423428,8.613299945667665,1.0551288947160822,-24.457994584076182,-5.569890922510752,-17.335241783099896,3.4345205220173054,-2.63730346140312,-15.943778950533234,8.215880437942907,21.32273269452558,0.001825832631751231,100.4378221447617,17.19718090960235,0.04352290225164067,97.35219062219947,-6.149306344148509,5.272039225125448,-0.0005249592327097576,-1.1009266123670258,10.322629928309114,0.01287314400156306,-10.213594504184698,-2.7813185226685917,1.4024251571011443,-13.847215053654043,1.7111026779386924,11.724930692955292,121.67617015283834,14.322406625392171,-4.790961083375102
456,7.6,12.93805884735588,-7.992788066554193,-15.317688051535264,19.619757182274427,2.35746545337706,-5.011095757967215,8.951617818893384,2.907985931937107,-0.0007184891512909059,20.748779210611097,2.1220317520273566,0.002986633190144308,9.043920707265126,4.561414217185298,-24.40671437343902,8.247878639068405,0.9499584800126496,-26.663285467944384,-5.018215880542905,-17.144429919808864,3.773556974334386,-1.1779426760205156,-15.377879544679653,10.617265773355374,20.28649817212282,-0.0016798298173753866,104.55152702069472,14.407944123174595,-0.08343163932744328,93.17231186163227,-6.710495927805488,5.748967842462205,-0.001465081096069774,-2.7664840865201854,6.775927959432678,0.040172682835134796,-9.9411194116115,-2.989101818293935,1.2908937409187144,-14.306274266064461,0.8469027698801427,12.691451618783184,124.0373170831875,14.33848547198551,-5.614459191629188
457,7.616666666666666,13.09006014028935,-8.059708610661497,-15.98745608937767,19.408400743748878,2.760044655912741,-5.382208698953359,9.010114319947228,2.829839167734275,0.002337530895671015,19.963342734608148,2.6031977683506127,-0.0017604297990773386,9.954393370820192,4.055402184194307,-27.705472267666973,7.874300732339936,-0.9334771526409142,-28.173233222805916,-4.6856628030587855,-16.624028132448814,1.5504673655200814,0.7870174329079253,-15.178408065835752,14.78078645876018,19.897836770448027,-0.00047802451018844484,107.13294352152187,11.26976891277757,-0.02074964462204576,89.82558231456146,-5.84363298401867,7.670233364744445,-0.00018457682048941913,-3.2572178063860715,3.150869396205878,-0.030975517699369588,-10.024291658657118,-3.262841465613639,1.7729016829190731,-14.459436396169972,1.3166935010727108,13.051757082625587,126.33428975850262,14.587198879379132,-5.9388653248018475
458,7.633333333333334,12.649893062235835,-7.232025767187816,-16.119927188389024,19.153963560976585,2.2077891296602608,-6.2829336683786945,8.509733931356381,3.5174017767435637,0.00079006193892611,19.45158183754985,2.7490554435001053,0.00022388326362753587,9.020226813064436,1.9750569627672063,-28.267288123319364,8.84408663226321,-1.532656669584328,-28.693816226969798,-5.039307124135883,-16.662798137531333,1.5135892591383395,0.6619183071529832,-14.503753766649494,11.947746272544846,20.202880522334613,0.0013242011376482137,105.80436430930725,11.65983254351317,-0.0189861700671691,93.23463412114626,-4.891303549369548,10.62971125114945,-0.007567471852572185,-2.7162970732691054,2.3210214651080956,-0.009269021143545629,-10.01605465028201,-2.5557275279153164,1.7597197928418964,-14.783156593989949,0.12185086248287497,13.152626905518092,128.67382466794655,14.634996575077201,-5.170034811262267
459,7.65,12.344233635538615,-6.93779502992534,-17.727183993202154,18.797150311531347,2.11560976710409,-6.669843939811208,8.886418809022588,3.665622661127238,-0.003474496775189269,19.355859988963495,2.5505617645424707,-0.0021509799324463427,8.73494236967664,1.6016215942931429,-25.763464668501026,9.737690546808645,0.09814600251326537,-28.4660535777929,-5.140512949691222,-16.81030742584275,4.7143509030936235,0.15977949689945772,-13.558978395164493,7.787592624069307,19.441176138015372,0.00016931205468413338,104.34107500364533,12.83649331150479,0.008791452561242667,96.07667579176406,-5.418034908359439,11.595309569064122,0.016134405891483832,-3.017092783429157,2.766648526291188,0.005243083266707255,-9.896639425110143,-2.206758270828666,1.0959280522461703,-14.665444528358785,-0.777873499171571,13.980161815246994,131.12271795151855,14.480446110123548,-4.941661422333975
460,7.666666666666667,12.727651939296855,-6.212195306265646,-18.542471987123594,18.727933575722435,1.8000793179877446,-8.101844154724173,9.259195506696278,2.748860374740411,0.007112491082105929,18.98905237273241,2.732791926116394,0.00506387148770014,10.18085764530737,1.576800673510592,-28.196441111351437,9.985475934249873,0.2628093626910641,-28.260862573360296,-5.197657591705622,-15.78178247134479,5.747899313896658,-0.3294376214548167,-13.754381603189795,7.987151093684578,17.974946284593912,0.005738313113692026,106.48257248881569,13.69874221727336,0.009098863271540952,95.07023056489001,-6.567924928643936,9.078006204271647,0.012516399490748887,-3.132658088117137,4.230342084165487,-0.009227023130288569,-10.295262585385178,-2.797792489087787,0.9852599382695079,-14.228275809164252,1.27015640684292,14.443622609801103,133.2268612099041,14.68215497871261,-5.076888197794815
461,7.683333333333334,13.200967850323075,-7.042839692898607,-16.766688852478833,18.884656249307955,2.350409093574395,-10.68154347929997,9.373762661317988,4.320422674911745,-0.0034650516766891386,17.489996288976506,2.3648173708118065,0.002274482226610754,9.552332897881845,1.977259787242262,-33.386997794018654,9.73967030886872,-1.7528498955191758,-27.391100451371006,-5.2625325135795995,-16.1925884895838,1.8992405069133194,-0.3675559658264656,-12.397953631030449,10.809475149842413,18.015898904781317,-0.007167030372382114,108.48823542007032,15.817832797037548,0.010092383867652484,94.06462548286662,-6.267583450159023,7.152161979443389,-0.008586033489659495,-2.875866568987947,5.789618068631624,-0.004263366032166525,-10.199301860275998,-1.2240383313326557,1.3511917608432604,-15.558906550748674,-0.6255385793459377,10.751011805658713,135.64777503224477,15.207486846612452,-4.708133840457983
462,7.7,13.608145408769795,-11.468141567946867,-17.459253312977193,19.372032521707915,5.736026459075815,-11.706764761710998,10.698944793814997,8.364436918530373,-0.01785808658258769,15.937904279673242,0.15246680972466473,-0.005206758349405864,8.149284928170017,2.981112470971983,-32.17883764165646,9.252843191757115,-1.233732126476193,-25.658579416726056,-4.70844312990474,-19.29728685152949,-0.005710317290063879,0.32680915487015927,-8.704895965794128,12.638527542750467,18.58934120356563,0.002944345928258853,106.44492104666303,18.019166357926096,-0.008445767735884797,94.7211216239203,-6.178193428168376,8.112140181343122,-0.002202911775970001,-2.063145334059775,7.198755655361318,0.0015104876715461063,-9.481060916009673,1.8783072982298574,1.1221405159604858,-17.39337798643552,-6.117152329189113,3.895091388437164,139.22970436123828,15.636694927243799,-5.129233432090968
463,7.716666666666667,13.548956342903809,-14.415426386050306,-19.672706199098943,19.340442489122086,8.177044474289904,-11.036220220058125,11.690036577556022,10.248347612907073,0.012612708651684451,15.039161162815189,-1.1259517144623497,0.0036710383556819983,9.209618304588707,1.335750048571161,-30.64144062628639,9.63988955915369,1.0109535189389742,-24.54370867292842,-4.473702367649868,-20.614266218039518,2.439591003197335,-0.24078389780004178,-7.006208567085294,11.766351859754035,18.263270120966652,0.00993367199518989,105.00839977854308,19.30631560148666,-0.005794031025213586,96.34091104590713,-7.665986968193178,8.336291020984607,-0.0064471242883833,-2.038100798236943,10.297470685363356,-0.013922833179664404,-9.541389934608032,2.3562906823874523,0.9454017867817781,-16.973912273372566,-7.661334438644916,1.270024730264062,141.88786101969842,15.798967867019966,-6.1426069796114895
464,7.733333333333333,13.486675047899654,-14.11078949120535,-18.686298227157373,19.233390839519544,7.970314980749017,-9.270497596913556,11.12468796422973,10.376863320016094,0.0018962414699738093,14.561471107984264,-0.2462148890141426,0.0025703896394950634,7.8268997465899135,-0.6816295404932716,-32.82404239212183,10.585035595777208,0.6466625585237142,-25.36775062255895,-4.927714088926631,-19.143508751109433,1.5949682976133237,-1.499961263597234,-7.414196864352933,11.169744719998691,18.61880346987924,-0.013773243503757249,108.98894934659128,19.656787683450304,0.010573818334812347,97.69821298900821,-7.387009413993208,7.893480106357265,0.003084398653551983,-2.8626131170893263,11.973448809464424,0.042965298593403575,-10.153529418628427,1.2936396722064747,1.5036963658856775,-15.838398988629017,-8.142941538318526,2.739883298247724,142.95961096967076,16.116070035434365,-6.437486679917456
465,7.75,13.555386252392728,-13.903246999192612,-17.48623319841907,19.76084762522428,8.49226530583306,-7.892002598040648,10.356057422316203,10.398175142470707,-0.005615061483350123,14.231852020860726,-0.5354486629090893,-0.0029309105543357584,4.086797239968484,0.33976236748804806,-33.263965096364,10.232538850090855,0.36970668468372897,-25.81699670615441,-3.8929973097780786,-19.18759298910169,2.3660745490807127,-1.9484973840683428,-7.762978022194962,13.299545737298935,18.867089074479686,-0.02835545247083089,111.53688026147974,18.922676119219346,-0.010983758307713096,97.41913640370896,-4.774947911762028,10.758332044614239,0.03104968282549144,-0.985807428850659,6.622690517248197,-0.0694743372724664,-10.36455750222769,1.0986727229912845,2.0235086221677823,-16.921398230375996,-10.314590243843307,2.3461008318307885,144.33709452573095,16.51602341592354,-6.571704049668044
466,7.766666666666667,13.283950936978215,-13.752877744837347,-17.668940131947195,19.69605795287545,9.226466458391522,-9.172062310943586,9.753022428656756,9.601751943694037,-0.0038128027076605826,13.605309090786177,-1.7755230225504872,-0.0003965503559027432,4.771789771969235,2.5977447511670455,-35.64734746804253,9.202596775700998,1.6970756439015728,-23.079616788257173,-1.360304666888769,-20.609434992709577,9.8518675359498,-2.4525013372472038,-8.043780590458686,14.604363882527402,17.185108583232466,-0.04437606197900909,107.87981868920033,17.757401838999687,-0.01063450016344426,95.75199090987633,-4.4450709932749035,13.14635344608571,-0.002963359534187924,1.7633991326957728,1.0979184552065908,-0.006947434542473506,-10.148078144155772,1.2471427865712947,2.331773845462551,-17.494689785935172,-10.887448432118665,1.2257343045053735,145.74638064349,16.426767058769357,-6.66003156415132
467,7.783333333333333,12.633134410420189,-13.336845283855208,-16.964758157459855,19.072488199706267,8.879643916060747,-9.540660976577136,9.184991036347531,9.443072119145393,0.002922846177205708,13.080198467707085,-1.5565857793733733,0.001547091784205912,6.829410240510985,4.391307840210091,-39.890767222634175,9.07017411686037,1.1160016877230776,-20.659058836582084,-0.21304234339630826,-20.46113587790019,12.904043310170733,-3.689404717001405,-7.820006886115189,11.8725888303252,16.05687641722096,0.028406888691396938,102.56694028828367,17.17218807811684,0.010075099426877936,94.92247600167335,-5.7534562173730475,11.305466605896424,0.0017710838602625367,2.1973227647378235,2.589393177095507,0.006286712576275881,-10.108034578469232,1.3167397014092257,2.37955178284728,-15.854702251065854,-10.451362120466106,2.3296631467830022,146.9640314954539,16.142503107303927,-6.4298211534656176
468,7.8,12.190683713623342,-13.473832763997695,-16.4846086087662,19.013524331175024,8.84718964178441,-6.682438518575051,9.058834096686114,10.363651200750441,-0.001357236453881028,12.875682127188165,-0.7590381720376315,-0.0012956794834676597,5.2751039805974305,3.777997500924691,-39.82475109376605,9.244015201208809,-0.6527687249872508,-21.811061880082715,-0.31804634451843633,-20.065616462724044,11.591577980974613,-4.609274814650442,-7.122838242645054,9.686156236515254,16.831264498070404,0.015510026675215834,96.37623266218691,17.435095311292315,-0.00657032171418645,95.07571402457148,-4.876824006518673,9.35836575625849,-0.011343635281106188,2.7366198328723623,4.426528980767308,-0.006611899228725698,-10.290602272745566,1.4628166106087916,2.267816035415598,-15.691171370492881,-11.100220276779378,3.492863671626271,148.73627004176518,16.256752344353327,-6.287956113593243
469,7.816666666666666,12.427947951037561,-13.69717200940737,-17.544937480177325,19.21669552685523,9.160559452562245,-5.849639564598048,9.895604111264248,10.38049479471213,0.0010423471457488528,12.91330438268562,-0.7727286937499925,0.00031166609414972723,3.389347785830669,1.1326981562844547,-38.21558650853728,9.02263033545053,-0.4405368580582533,-22.307875763720208,0.2664566140165982,-20.517336881881718,13.105032260007672,-4.071995731815099,-6.437690030749636,11.340197405705144,17.685700090803273,-0.019750105721792865,92.54153675030201,17.769798186586506,0.00010589438491026112,96.8138757343731,-3.724243190460473,8.344727419433172,0.010821582832769731,2.923881082644377,4.699707731695013,-0.029931211250228306,-9.66082808766353,1.700793206329136,2.2536780000163614,-16.616336461742673,-11.356553513063025,2.697524438386459,149.9944244924918,16.162064844459245,-6.083821593778413
470,7.833333333333333,13.158622972022632,-14.81299542537043,-18.35165139679906,19.326191587858094,10.094010146377729,-8.250079884098724,11.608301079257345,10.16222188936097,0.0011135325706937494,13.196214146664758,-1.8233393401612628,-0.0008719118295363524,2.8034234149790453,1.3040985931408955,-36.828514020287784,8.898809121698612,1.6059013364507682,-19.87310629818871,1.2969412238017162,-20.88652066674145,14.291641047847655,-2.9160134478510757,-5.242340378896536,11.103275403641534,18.076436580317246,-0.00736978060123592,94.35980663573459,16.87019520421113,0.01138096541052842,98.46442983449762,-4.327357111595319,6.778163715373615,0.007774131449352708,2.0936508727392207,5.792936937278437,-0.04698620978341236,-8.52358456867373,1.7928938039974869,2.0112442970837274,-15.469395231625791,-10.963946302345471,0.43973654555913294,150.37916710650177,15.642792364312161,-6.1805157799515325
471,7.85,14.13831355138916,-17.258307237960405,-18.19710095062038,19.461675302583448,11.82495383624722,-9.835026828750664,13.369104804306566,11.143752461254035,0.013163653530020013,12.62713487121756,-2.5554013690932456,0.004714195170573418,2.138033637583081,3.190232807562636,-34.05238675253989,8.653968377120005,2.6560652954432005,-17.791890447695884,1.9588480553525274,-21.263096992591784,14.746537467357452,-2.592496102874142,-3.674804419860407,8.17563483628968,18.031576905880193,0.0011108859439642998,98.09766535874785,15.247382170601592,-0.010570596007336364,94.3188531830447,-6.313291916516207,6.197888386140728,-0.014523799581047967,2.816837194662475,4.977020392973491,-0.02258604982195656,-8.472267351292455,1.7803121685173295,2.19284595772871,-13.518049357750426,-11.392737409862827,-1.7338182189564408,150.9523235129423,15.782904561142303,-7.000467400273582
472,7.866666666666666,13.481552886495846,-14.94151493294757,-18.96643275143632,18.413546636758248,9.876805050658765,-7.075151189345653,13.089688837304546,9.561705791048022,-0.027213011748283326,11.811754257931288,-0.39708285732279086,4.433106475562715e-05,3.8109590886681164,2.852599428600262,-34.55234248111197,9.465365016199021,1.3684366841754432,-18.411827072416457,2.2259331563126286,-18.94056108258894,14.661415811716772,-3.586173401579375,-5.908168650906491,10.602841081313102,16.944217932609188,0.003981615136962782,101.23297288546475,15.351155948474577,0.014969425947723543,89.08171280451467,-7.408104788152277,6.422270393358079,-0.016947402893224092,3.7954766634695485,3.669519000064471,0.017097908358158418,-8.633872951213496,0.2920413211881226,2.7805635495349184,-14.77044381984195,-8.407036156644413,3.0027651642896793,152.16054257424037,15.687518104314979,-6.630442593275416
473,7.883333333333334,11.139668286624373,-7.648609840102176,-20.054495199428622,16.583308927344767,4.54885718028522,-1.844976097731706,11.28693890440838,4.983963814716554,0.005915635652867758,12.07390447052072,2.7293684331049377,-0.011571087318356136,8.32086228289402,1.389755988711211,-41.237816936189006,12.082870648947887,0.7184213687714065,-20.16346450690555,2.2090810834659513,-13.488362845443836,12.525545464940723,-5.432819808692982,-12.232202909538458,15.715479140707084,15.527789840352238,-0.011530351889413298,101.94385069920682,17.027861893731124,-0.03847007501076505,89.01894206071941,-6.800664230376535,6.065467016099287,-0.016880934078500574,4.209542335506043,3.1303923332305756,-0.00035677790095278955,-8.082573100493205,-3.0398291279772,2.731131291685648,-18.877877478326894,-0.8049908669853263,12.613351788412293,154.00415618101246,14.46374758489291,-4.874935718942096
474,7.9,11.339149023562921,-9.098403005061906,-21.314749205656156,16.049618583090542,5.408779607407627,-3.2771890319089976,12.979623515968475,5.308209087145995,-0.05095750877240195,12.057959608401244,2.6505068296378966,-0.005018188964866519,8.921268175226894,0.8000240801655569,-42.917321254866444,12.698406325656912,1.1997745530224424,-17.902545828647373,2.2180085923641295,-13.4084080120823,12.085761724753693,-6.131337070622763,-11.886323961135929,13.767242026388114,15.137159141625144,0.007205944490893478,101.9628707037686,17.229972806617127,0.0004987259911187413,91.95463164212646,-6.86108389490152,4.520265436204261,-0.01776077562774416,4.295535578561512,2.8181556662410023,-0.017387013837410027,-8.003080037338197,-3.8103149775980465,2.699841154681172,-19.0481686144364,-0.8808365373291993,10.904197253004796,155.64463549941976,14.229655676127088,-5.581571073855202
475,7.916666666666667,13.416624228057902,-18.31675817482154,-23.390676994043826,17.358584746383542,11.102835373919937,-10.501865485862028,16.92290527219316,9.726583437476803,-0.0264549759127572,12.017305251685974,1.1260999074009668,0.007207137444462498,4.740051107417194,1.5301548910393707,-37.23382703598565,10.333653561653598,0.0748508522960625,-12.550627905957134,2.726477111618603,-18.77359783906599,12.628212779002105,-5.105136465885709,-4.9964360459477035,8.792310097640044,15.238656410425758,0.010805382122477001,102.79080465239848,15.50060426945967,0.0463977069433516,98.28524636629214,-5.694368203766424,2.7785052077357126,-0.00924805518605493,2.749837037036064,3.544095423317635,-0.00971885748804961,-8.196520011002939,-1.4380718712070735,3.4051442060854153,-14.287083693767412,-8.410313072711922,-0.34009838407404747,156.39212567529543,15.028463539762136,-8.240295592720631
476,7.933333333333334,14.358576776885439,-20.271530971181907,-23.578238129656253,18.1279762884838,12.66304515729108,-12.215258235620649,18.225706169226072,10.448438738319886,0.035556558123557465,12.096041641385614,-0.4912894527340997,-0.009276489406312198,4.093690898217295,3.6787064440925024,-38.40588223241502,9.481135207874443,0.33377774749178907,-11.466947446120678,1.830323502145842,-20.176983293549622,9.35735960460561,-5.6770028775899295,-3.2235651629031157,9.5822325768217,15.01422222424638,0.0009555424786100438,102.88186603417252,14.287279519470005,-0.010452445388484131,102.07202840239889,-3.014885090320337,2.3462357028529732,0.02439920500582713,0.8404350329480383,4.012081743590392,0.002061064566706713,-9.543621805274386,-0.1937972624914089,5.108122972451064,-12.419937979561071,-10.568923259261497,-2.804297078772487,156.7087422934571,15.733490876918273,-8.220713590873379
477,7.95,15.807871575001403,-16.99783756310547,-21.249590675832604,17.856561208968902,11.719734637357002,-9.07378220942517,19.210272539139545,9.227890194078364,-0.017821490028811084,10.512855536833856,-2.7615146862981943,-0.014491239243963566,5.588369760497713,5.276959262567639,-41.84123560530295,10.79464979410201,1.95498542690369,-13.249191017373718,-0.9579389312721899,-18.411116194757028,7.094862593331755,-7.790236310162936,-5.331285617624068,12.17932225980594,15.440255114860596,0.011626594375599852,102.96118941652271,14.011328781231583,0.012236567603300986,99.43779212952006,-2.3351779354975735,2.924730109141927,0.00029055353909044013,0.5986868894613969,4.372535975894293,-0.007933839979534412,-13.014162364887898,-0.1048579851242322,6.7921576149720835,-14.285899192890325,-8.293192053621462,2.2583822804119125,157.38194797521535,17.123137588452845,-6.292300782252794
478,7.966666666666667,17.728581250743474,-15.335902754228421,-18.61843239220317,17.437476910576606,10.007112776998994,-6.882291312604483,22.342990717509167,8.69810827641719,-0.003467606418186174,9.405037333681397,-1.6200502343781358,-0.0036446116974085297,2.281383478077627,4.7071372965348575,-37.91465534248548,11.387738986158084,0.18643350099909645,-12.952224241972184,-1.0839875575641749,-17.134815976137673,11.038294922404706,-7.719522098575713,-6.958022182899975,12.224803988729937,16.32064722507387,0.01390426104284607,101.02233134117665,13.479310577539593,0.020771145149008737,97.90216223007101,-2.651543002088494,4.128781048118051,0.010485425305448546,1.1843204754037173,4.693705635845838,-0.002516598089212023,-13.414706323513167,-1.0080422977620855,5.781700538457048,-15.395362177858415,-5.915301370163637,4.339592710587964,158.98328074891475,17.42116376763886,-5.298694894330517
479,7.983333333333333,18.419688559947424,-13.350090352678105,-17.170593994800242,16.622916387590568,6.915812188059132,-6.023040641911764,26.185926866476212,6.873961612980333,0.0297211649724009,10.811536725399801,1.310154178642157,-0.007123775436858529,-0.5414033444381394,4.739657318463498,-36.95174288121142,11.199058263390906,-1.5136588036309995,-10.72483611021437,1.37567171945254,-14.99330768875818,13.716635698387293,-5.777319221482796,-9.617231519093666,12.92695903820349,16.05201584259861,-0.0024953778304748486,97.85989389967314,12.95084707414247,-0.0036248178143500017,96.24983028440953,-2.2520418976048266,3.438974309126955,-0.0018466845032929589,1.3276283904443904,4.373202531064846,0.0035033113826121996,-9.367248679769203,-2.8030762998277132,2.936337665599297,-15.895840273527533,-3.027391059235723,5.297158120736222,161.21471017664084,15.319310661780476,-4.517102711106218
480,8.0,18.902607580288446,-12.153767314230588,-17.026946352576612,16.157347337089405,5.597320804466724,-6.580058441152847,29.464545636935323,5.614441054299649,-0.011902754340697836,12.389935898672107,0.8992124594700116,0.01331070424096116,0.2985852822145609,5.985135474994312,-41.66164292128803,12.090334892377399,0.2330454607668326,-8.259616982138324,1.5116237774950494,-13.76526191544404,11.761686863046949,-4.863943539317641,-10.975125240029097,13.475322259902407,15.953237121113768,-0.007250105445810553,98.71529180113009,12.90468278247159,-0.0019198908614890158,92.95858039352358,-2.2247866469396063,2.5560755894579956,-0.05416664491178172,1.6729589332086845,5.0355313669581685,-0.00021417259665485047,-7.160238729667977,-2.846971932782246,1.5641077701682264,-16.628162523514316,-1.7350297574601217,5.9421253694723095,163.18195138945254,13.999018086389963,-3.5181774936175603
481,8.016666666666667,20.470951991766007,-13.332632388606479,-16.249421989191593,16.232463152892823,5.918339536600666,-6.234320319879611,32.305312857806065,6.358365709222763,-0.016341486468216985,12.50577326500173,0.4603526125398093,-0.0008627451539726804,1.0345267313157374,4.9436043210396035,-43.523785361289264,12.766178086206073,1.6919021801374554,-7.978856744622945,0.7469897445256183,-14.460350870970753,11.306756631491016,-4.840242282116173,-10.316327439458831,12.191017502697433,17.08558611195092,-0.003094100754153167,100.40674473699632,12.754226879712508,0.015180721712497833,94.34733297239258,-1.7872940969384001,6.897149847344425,0.014016858041214171,2.7925290914714775,6.007514732601051,-0.009322962438655607,-7.896129895025577,-2.052944762480518,1.5325154289363718,-17.321125440443232,-2.3915996650908946,5.570254119963407,164.23743432104473,14.555869731055594,-3.2942184851368226
482,8.033333333333333,22.33722271079933,-14.060076061502485,-15.619611615059831,15.861946470076804,5.607900556159449,-5.435298187295811,35.652116378704704,6.223387749222252,0.018272336538327844,12.105934711319167,1.1631961180942072,0.0007521184982386439,1.5653607150802826,2.8573102059650113,-38.24760769086637,11.91852779517068,1.5475099235698784,-7.612293189264476,1.6770221811600794,-14.897675449293672,11.46142007035987,-4.449949329477712,-9.921906016827307,10.796005171104344,17.540207516185966,0.003500465292819642,98.47504845101975,12.253890440664822,0.011767617386618098,98.29026676035676,0.36879543129612524,11.25863838290289,0.02458865351330458,3.659905974276153,5.863980750979217,-0.005810504234121371,-7.936719242061276,-1.84266534817479,1.580714067444371,-17.42107223468615,-2.5804997155656126,5.99605206258244,164.5319994546543,14.818818295526533,-3.108992767466808
483,8.05,23.72501111997206,-13.478980293739149,-16.157490910856957,14.940072400970557,4.827785117448457,-6.063567480728636,39.22473144045022,5.0990837074069635,0.00549803131870569,11.698220341911403,1.05986058627619,0.005428059085025115,2.714393231036738,2.519054904051787,-29.800573426775344,11.34951410806618,1.7683895419838283,-5.165301833593475,1.748552319280293,-14.61603408311227,8.759518620417767,-4.124351804762946,-9.579433550930363,10.437933518914502,17.32771901591981,-0.011114483432240446,101.2383149402982,11.800165347639965,-0.005564178010165604,98.98303679980096,1.737404227241392,10.627824652612833,-0.006734534422830665,2.905407157337018,5.556002365005446,0.0031218923797001253,-7.3721281149511855,-1.0343825602988896,1.5994726032296795,-16.777575111522147,-2.6311900961102554,6.302318869421165,165.10015044180795,14.406005101028054,-2.224735680717513
484,8.066666666666666,25.460904680638702,-13.629355218928493,-15.353587147809451,14.253830723836764,4.402290984588782,-5.2176478984338415,42.445753781862294,5.446763817349595,-0.019876374243333068,10.761937731411352,1.808333733069116,0.007763452582714625,4.655471730366,2.59786209838664,-26.124456599425752,10.849999952969712,2.1479679003585264,-4.243418030006785,0.624018401284458,-14.588888773779237,7.235950379629248,-4.092644503158909,-9.379557916253919,11.468022263529793,17.6969426241573,-0.008244623870841248,109.01610570646456,11.406245589182324,-0.0014980361294163918,98.11181285673192,1.3513492923827861,10.65591896444979,0.005849474717717313,1.9250907173821186,4.978942928407026,-0.001802957199094016,-7.45485863824107,-0.36072439900256,1.0902377029166004,-16.607052145989023,-2.9918981207118245,5.381384747070335,166.54883629087973,14.379987844310104,-1.9023120292935736
485,8.083333333333334,27.7048564048334,-14.355199557753298,-14.142459154500038,14.06131616992794,4.461018678145652,-3.7062293995771562,45.526549267783814,6.001173281913874,0.007963343720080914,10.120878660120399,2.6413317440282094,-0.004475728091085944,7.084436175955566,2.206113803306642,-26.349955170143957,10.233709921722841,1.425141273948717,-4.093749947468929,0.5535764801264305,-14.885196546352518,9.2930396269875,-4.124823278357719,-9.686940181867547,12.571928279813484,17.890911586140767,0.01290851598587365,106.47476738663966,11.607719842879156,0.009327472756054852,97.17012810795012,0.11383350566750608,12.751001219876922,-0.008901102431714955,1.6393205516297753,4.5062803218357965,-0.005491028449021855,-7.5557155979760005,-0.5418933005308115,0.15001721180551322,-16.98521427361294,-2.9675266921771253,4.710318113687959,168.0555977757761,14.61439481759582,-2.1899361631816707
486,8.1,29.777192256427206,-14.163680886765356,-13.95587224915975,13.959515809021836,4.354468457700461,-4.68768451269007,48.30500316989892,5.181413054988378,0.005817137670705624,10.611694660103865,2.286045063577311,6.153892051269721e-05,7.413629970509633,3.204313909001711,-25.859240298383877,11.45930174082543,-0.033090185462700705,-2.4762697545051227,1.1407942141304377,-14.789571386875538,11.694409900139187,-4.207510741691241,-9.66484193111614,11.698898960453455,17.39396246737211,0.0032553569649955154,96.91282686519614,12.486040570401926,0.004874179521572203,95.74964135427572,-1.8281005266218988,13.083257896125776,0.00020755661254949555,1.2610952364688657,5.188889474305959,0.0025552150141181984,-7.368578814393666,-0.3642356182883859,-0.4689083867547432,-16.87493123120683,-3.024820370094015,4.337133508050973,169.11854698679252,14.661125366191763,-1.9693107711074413
487,8.116666666666667,31.391246572490292,-13.476361492215277,-13.814742520361458,13.512019901426784,4.036597387428246,-6.86193734184329,49.85069373569626,4.304058813948778,-0.009160912243050516,11.075226078931099,1.8559737522716293,0.00046268399826003846,6.63671761087892,4.609742508133803,-25.52980720765409,12.8473373430694,-0.323156269953221,-1.004470744483213,0.8367781358148701,-14.611004462142898,12.08614561747155,-3.9615186322417446,-9.46904520487824,10.097556186875874,17.61408696272249,-0.01681047076353505,95.56034403910877,12.636272873695235,-0.0018283281682978983,95.66414040847536,-1.5193460288591083,12.734524840455554,0.029206010993150375,3.202430235727348,5.409595093558175,-0.0060423535502619405,-7.3386041980944805,0.16495546777375947,-0.8567026750590895,-16.57126843211806,-3.113702465139105,3.5442663515807684,170.17085390713729,14.655190221395465,-1.6018604862239925
488,8.133333333333333,32.33441900557582,-13.104821536401403,-14.110818748158076,12.686311790188455,3.6233995631143783,-8.308425684121358,49.83601537507387,4.6244705947865326,0.0010342946537529071,10.84959221467698,1.7835189502357054,-0.00031449028360098943,6.966840237228923,3.0816165802371556,-25.675939706035273,12.093401688603343,0.7987983229657931,0.039029701894154244,-0.33808794746069437,-14.655599472191426,10.696016470737414,-3.6211471800609023,-9.84202306399577,9.734568874938367,18.341949553104808,-0.009915411096228309,99.57894997514389,12.295044216511114,-0.014092296797387764,97.78494741903944,0.614090164187793,11.559155244519006,0.040186083044705785,6.504330301013162,5.083394391030078,0.0009122963889930349,-7.399480787890882,0.4197371091654049,-1.1853147689813293,-16.382525148597303,-2.7709967817640435,3.176827755561231,170.986072753847,14.590452272321281,-1.3248244525653854
489,8.15,33.113927474814616,-12.929797596183597,-13.710846775269458,12.094739749196007,3.020516990449722,-8.711772271984954,49.21147470347005,6.607220407317324,0.0031988737673212604,10.567185580607893,1.7109934878625253,0.0002036785548552528,7.0324822496430315,-0.24848546787440132,-24.388219680795547,10.956798602645632,2.239045951351095,0.8608943052707765,-0.9577467064530325,-14.566707738430924,9.607981178914441,-3.5798068667035503,-10.057700771695476,9.115287269745922,17.44164164736654,0.006875257955283444,101.41272675672084,12.792865214357603,-0.011277239044432003,98.94785355705348,0.07482706963077504,8.413549500006997,0.02647123941765168,5.661602048581655,5.687101061313832,-0.0007664595552505332,-7.405419734925838,0.6576626580956316,-1.5497088601081899,-15.673782016564065,-3.2529122150650256,3.3225385328380206,171.72526256849204,14.589681323348593,-0.8136202302756718
490,8.166666666666666,33.75941975766955,-12.14073775785819,-12.470433602820961,11.855172353936952,2.3201243479841467,-8.940776335333059,47.68733852681194,8.313265646713788,-0.0016330271241936987,10.512426664471883,1.3739547721429444,-0.00016693132480211594,6.532426330985155,-1.6172869394016662,-22.456174747353668,10.623574461947964,3.60638194215623,1.0728972084996728,-0.7316545932156093,-14.510065276588392,9.809239604599348,-3.3368993310470163,-9.879563349634406,8.99988838623801,16.03166612400814,-0.007775156290388822,101.40956177703802,13.588235174340234,0.008105543057918628,94.18607799227253,-1.8969169516944142,6.193303598468555,-0.023236001767874673,1.7135988848599033,6.095473380655072,0.00838017066943819,-7.32139104585081,1.3356620068697338,-1.982598343189569,-15.329054963030668,-3.5577823534134305,2.812220192576913,172.69610742509272,14.738906371174458,-0.05773454872250497
491,8.183333333333334,34.128948182942544,-10.551506020607825,-13.181293769358529,11.61452895993975,1.278874460890296,-10.011818721886804,45.03059443328393,7.718410675671885,-0.009781072622338313,10.793660864231596,1.158816256294355,0.0002952612929634829,5.806264302532756,-0.9836250002278656,-20.680546088553996,10.632371489446635,3.5967813687609134,1.943595902879131,-1.0108148175537415,-14.718047165981064,9.832898680217289,-2.4957437027176788,-10.202927493137368,11.509592966688995,16.736903946171427,0.013612886052123012,99.97328537292096,13.599653600899737,-0.0011451965997265274,88.57874716735911,-1.9942048113483504,5.0930328127716455,0.008987410633772926,-0.26833091912356904,6.110702643097779,-0.005245596349207408,-7.135668635503507,2.51296269815444,-2.1655177603095916,-15.921574259192328,-2.295864716635333,2.711044292605306,172.97341989783297,14.845993713490346,1.078888924259116
492,8.2,35.45420995833234,-9.24670649464648,-14.484697415246254,11.419489851793701,0.40462200472745613,-11.167473448088884,43.01429651264046,6.477880727546178,0.010652844212750532,10.788538979551609,1.124162169180396,-0.0005601467304324626,3.9569052774950157,0.37554768202503147,-17.888562682429093,11.024411490444978,2.451146496810468,3.692387254481751,-1.6323214224206455,-14.982336132473904,8.897715262253328,-1.5457152369914176,-10.205580756851832,10.946582603915935,18.35596522507672,0.0035309349702443505,100.71396032737269,13.431182216028054,-0.029109669865233577,93.61665380224953,-1.0382004877560713,4.506338851969137,0.008220032598395802,1.5817322709705781,6.693800658634369,-0.003682070865972402,-7.084962892468881,3.5855459319372005,-2.2680814352992646,-15.653022265524733,-2.077029270806655,4.534643533369827,172.86607475398725,15.103946019761416,2.1349810310601094
493,8.216666666666667,37.14960306534744,-8.196758342158224,-13.64128958582758,10.618742882899822,0.23854708627640364,-11.442179900355816,41.54682501319869,5.650899506510162,-0.0016827332846329171,9.729772943263407,1.1806353307834194,0.0002734024159729852,2.2041356558215166,1.6406768258674351,-14.957695176675188,11.230941797487372,2.311574939215862,4.905782552797724,-2.130836648370141,-15.072417814372356,7.342771886129557,-0.8670340081593348,-9.491238316284832,7.194948863033332,18.481371393647283,0.01890380529902812,105.7281433168293,13.795499295768709,-0.029354858368543724,100.82326134194574,-0.6713743323195434,4.607571969015085,-0.010373126002860777,3.893879060313266,7.272027464904712,-0.008169898475201009,-6.994884568813608,4.009867623584653,-2.3545733835392193,-14.828905300892417,-3.150360366833364,5.779570544245796,173.30120625945335,15.217726551248036,2.4356095864719096
494,8.233333333333333,37.35926337690151,-7.05522166208088,-12.540426627436188,9.010320232699891,0.3707389998039362,-11.211448159846615,38.91094128216429,4.6752607033170355,-0.007542390228084038,8.714596572522975,1.4356028906679161,0.0004342620934337237,2.990024876905017,2.4420404843616486,-14.115886870581678,10.828839893229533,3.0859006529622226,5.428403396076812,-2.6505180850172265,-14.923434471856805,6.703616838321173,-0.3764733798001522,-9.592047813601285,8.384036583007322,17.813405519325215,-0.007230343676656001,107.17734551098319,14.09974935131032,0.010696849106809011,98.34508185438798,-1.5040252855490424,3.6613270182661104,0.01944990178077618,2.013053067367358,6.985138640782024,0.011915006715910559,-6.4580992044237835,3.838893275985205,-2.6487658426085767,-14.648779953155309,-3.085039557031813,5.052062561971601,173.7176823135093,14.635897318389734,2.2658329229111
495,8.25,36.76819554666102,-6.430482152457628,-12.08615190393014,7.785524144404393,0.5150844934638297,-10.926437034541681,35.28036261542902,4.23358589582799,0.010322713535042485,8.476915406192782,1.2712389045746686,-0.0008053743442077165,4.099913207421452,3.5541574462560908,-14.470283854610125,10.79792920405888,4.285650467159745,5.47230480789786,-2.350429567521739,-14.540835407995619,8.052575749154448,0.011835376191175796,-10.015864363601477,9.767618718488132,17.626102813131606,-0.003899895090448338,104.16791041034446,14.404053507086001,-0.0020533735640613513,97.89249428258043,-3.3989666260319753,4.6949001866462075,-0.030745895568229025,0.6745280502919893,5.976151530226321,-0.008667739899782246,-5.7675940614971895,3.5469019368263446,-3.6550879371615377,-15.285947333664277,-1.8053716337070664,4.636088414613603,174.25474746537068,13.99516618448094,2.160159741511145
496,8.266666666666667,36.76744838490693,-5.764867933140043,-10.47171179946333,6.957752104147046,0.3332638628960942,-10.358952826170201,31.946234578555966,4.511232026733833,-0.005755124426700753,8.328842882302453,1.0141392064267956,-0.0003426389469420189,2.25813687274475,4.635033680061999,-13.160274062496411,11.444948492908598,4.7513262086552634,4.762348241918497,-1.5673427131155608,-14.35987908589989,9.835330511710547,1.1809186896008257,-9.65512550974846,9.258995782541472,18.037427019450423,0.0025635263357780195,102.62291604782995,14.26528028338156,-0.02927010248962121,98.82524953433186,-4.5717880850161166,10.984901588021426,0.015072108962903804,2.813740542719913,5.2804011792700924,-0.010322422777546227,-5.08649933930007,3.9253607831696793,-4.421625725358838,-16.79872487051126,-0.390347221387673,4.725978516405006,175.26717578509874,13.625121757712206,2.3616573831846717
497,8.283333333333333,36.97576126908185,-5.413044512223034,-8.375817630736531,5.714923113085438,0.33847444679743977,-9.478424111531268,29.161196948438494,5.252909322795887,-0.0014657386331466365,8.081834692859434,1.3983755550488912,0.00021279270447436023,-0.7522591300455272,5.308903869066658,-11.023385326526505,11.786498983131931,3.3890695522985377,4.354752022576755,-1.7393979125429484,-14.61683453554842,10.360276621146266,2.9448859566953236,-9.488845727403067,13.428543253971098,18.871086135985603,0.0025301123669525835,102.44197936708355,13.319237543589438,-0.00835723465592146,95.30994633912648,-3.7485456336844667,15.422864997420964,0.031494295287290856,3.0400170407078795,3.9288018522235855,0.017559959486997342,-4.404986620704162,4.200827261660194,-4.313030422921753,-17.865483562820078,-0.27367559314002493,3.9273667279764766,175.91471798424405,13.110670293025153,2.2521019336972956
498,8.3,36.79886050576433,-6.594222524799791,-7.594659696275302,4.143717082704745,1.6672375181429686,-8.672607695084725,26.210307181014706,6.154084480172108,0.009820035978075256,7.6009014033697015,1.602533653982453,-0.0005917668843693989,-1.9670075031916707,5.52851317417562,-11.311473410595424,11.6169621094401,2.515063622504349,5.013983682763369,-2.999020016783604,-14.559594543726288,9.914045680362106,3.5251048016637805,-9.68751023021553,14.773063525808878,18.909781569332576,0.0033802307357119013,103.07937083382339,13.66988366802962,-0.036717730071321154,99.38536496483023,-3.4553240297514165,12.374972342444162,-0.016273592139892143,2.5298083145198094,1.762841696024398,0.008862895977787805,-3.973707952293408,2.9091968400873363,-4.665262521157494,-17.714875182109967,-0.8642767322715817,2.802801363088229,176.47014041963158,12.550556963163435,0.9199930215338733
499,8.316666666666666,36.59480352941489,-7.470367220931589,-7.7113628620983325,2.509282114135522,3.3027058283507675,-8.024703318908024,23.229453812293315,5.703615066480636,-0.00831000055116891,6.771573106235482,1.295453557304494,7.157953503764314e-05,-0.41875786309328533,5.053113498313835,-14.021221200606888,11.538765601442316,3.19508568178693,5.315346103805814,-4.274806514766944,-14.211842791974693,10.025250920083112,3.6615633475638107,-9.733497400122383,11.57163891245671,18.219520153450063,0.005080435875984609,100.34768871862359,15.002789633897162,0.006342354827235615,101.85221037342197,-5.537624988011866,7.757219579470648,0.0014567299203452765,1.5801715819565527,2.0766237816693045,-0.029734384551269637,-3.4274579150812454,1.2850200302515777,-5.766999703237369,-17.492911587083007,-0.8192984354476399,2.3986897317962024,177.56573009291805,11.991364671305483,-0.7077353917929463
500,8.333333333333334,36.808665502051014,-6.567001387203269,-7.155645498509991,1.1443073893428335,3.6496958329963594,-8.09415574277152,20.569477595467358,4.329229827832447,-0.0015176454381241,6.1473058535800265,1.0550131491168444,0.0003216026722611155,1.0353674268730833,5.427420164958687,-16.854915630289057,12.002891400184076,4.089152778943368,4.973422861233729,-4.594614716555399,-14.1513960618648,10.570641616412196,4.837584199335454,-9.940448721436349,12.927242083099825,18.118053768102204,0.014332974977401124,95.74886705217666,15.157366966153345,0.01092694507996361,95.7304023977846,-5.760228115460457,7.51189583172219,0.09251900014569504,-1.040394621234426,4.116863996103645,-0.021699150684647124,-2.7483538504735203,0.9893737287916164,-6.217466172860712,-17.949188350157637,-0.7192939315907733,2.1143366303096003,178.18628789889937,11.560426407001206,-1.1184814517678625
501,8.35,37.12759431558973,-5.403355507256748,-5.985034455280463,0.16925550704773587,3.2493595699582727,-8.626141318510596,17.65104659607609,4.082440863408493,0.009817413638679972,5.831396510838981,0.9846717068095516,-0.0002012020645991151,-1.0035608952451347,5.736449446111232,-17.14086306239972,12.67653596022283,4.363401612331159,4.9045968044830905,-4.683894294280521,-14.234845185169975,9.887952418770775,5.716041572840909,-9.881219650487816,13.648330974727836,18.20598856926003,0.0076878757547278655,100.46690722736635,15.503686472963949,-0.04359673301797733,99.49889319644784,-1.8121604054959664,8.341217202224838,0.0746614269997345,0.35336213397955907,4.709770370035686,0.006294278872348809,-2.5690778216390164,1.4609589420841083,-5.724745282966118,-18.099272957742247,-0.34188543603466054,2.170553591527268,177.84844220238827,11.457461386754531,-0.646784123218318
502,8.366666666666667,37.294678325658595,-4.922450273777457,-5.954742492870008,-0.7765889880160366,3.252428350313668,-8.213802505886608,14.535452628554447,4.306241119318377,-0.001973517720142087,5.315526940926276,0.9795520971353991,0.00018951176926835145,-3.953408452475253,4.504900262707899,-15.0566400306732,12.812323742858036,3.7865787181817523,4.328750248071741,-5.370379764466824,-14.379080419635118,8.471145705007366,5.767693158788316,-9.500979636400187,11.858810501831393,17.839678594998222,0.0008333880735588116,107.02733930712567,16.869390175329706,-0.0036004560740210763,106.83456168669949,1.0026513128460972,6.936974671802289,0.028135916440966757,3.322049384985821,3.802609952874149,0.005235949146760963,-2.723076414906117,1.7215185497797714,-5.349949082576573,-16.97385142271446,0.24560441241577669,3.878075014713261,177.58852425661286,11.425637358029558,-0.49091368580026323
503,8.383333333333333,37.518694690806974,-4.796679495034576,-7.107777635377161,-1.4626588696315506,3.5710732368273335,-7.525619236374137,11.69767027777826,3.7328562131241525,-0.007428992417659696,4.824077711059308,0.8971592589641288,-0.0001378460150502717,-4.85660821951384,4.498371663449645,-14.79303895551624,12.83696302269487,3.479652285318233,3.6810915389100916,-5.8394600410804784,-14.62864236935314,8.449290372012609,6.137726628773239,-9.641126191761874,13.924952958042178,17.044128490701546,-0.01263371452535268,103.87782013222139,17.786886268467835,0.0183896522056525,102.96319629721741,0.13422677117233384,7.391741218609154,-0.03533688532679021,2.2317993489264314,1.9285009275485123,0.008587192873995945,-2.966404251433578,1.7751896224121226,-5.525947139502739,-15.842191275603058,-0.21108740799900766,5.135120459741946,178.00597979395292,11.589673242890077,-0.7979546947482302
504,8.4,37.70183370809675,-4.570552175504435,-8.117218718225548,-1.9409789030195537,3.3811410636805714,-7.268415247887144,9.129145658021553,3.4385830023658337,0.004722743956721019,4.773752770888838,1.0067298060665149,-0.00018908515085183766,-4.103415702194034,5.631923484244706,-15.974973366439713,13.652168406999241,3.686559973053804,3.751808233216093,-5.668922905682687,-15.028373266165925,8.452682039482083,6.722476663606175,-9.859589653046742,15.109084265471838,16.870707975424537,-0.003722889496348683,101.97700824398032,18.66658096859948,-0.010548206619496722,100.32886891868395,2.729949785427178,10.988033718786324,-0.012026315546558315,1.8534408110578928,1.1597547052779484,0.008139316975775175,-3.1003782245548863,2.156581224999522,-5.778810645250811,-16.130650549083494,-0.6273602420212605,3.5005638743645844,178.42511433875572,11.851161467575963,-0.7671959099928821
505,8.416666666666666,37.54578573184178,-4.108852858162355,-8.717229494013436,-2.8451884834269765,2.757133238572077,-6.645482839906737,6.632884300456961,3.826144003380648,0.003146644778200799,4.78421110744386,1.3224092441202973,0.00032341489437129247,-2.993656831029166,6.057714111850209,-14.766262777227022,14.717148617864671,3.3299549982153365,3.2183261763437723,-5.448326535903697,-15.24806076645038,6.962003929484367,7.055550813796641,-9.855700531419448,13.582698824810624,17.880338603139844,0.00562895796037559,105.12188278121661,20.195652987603932,-0.009282529173700862,105.33086796986976,10.320541366824225,14.011785697943735,-0.055723761881899245,3.062776228235952,2.8051000811343645,-0.0027789303438940046,-2.7768566994328494,2.6321252987822557,-6.188241480355686,-17.173845429756554,0.012856122914807623,1.9596733697320636,178.6585623870563,11.730231149937447,-0.35951751979282437
506,8.433333333333334,36.90040244209042,-4.175727836069795,-8.556776415797016,-4.101427087066398,2.6335195578654087,-5.741100347447698,4.345121284923722,3.7497360535099653,-0.007129803477416453,4.6513467970541855,0.8899107392650097,0.00010829216896226181,-2.9850706773158113,5.743466769329871,-13.18630916813566,15.066288302876146,3.453911858238568,2.8122950823417154,-5.808533665760266,-15.262365153113917,8.531889439592835,7.263753387552597,-10.0539254195061,15.26813463364856,17.64876784810044,-0.027067795889793866,102.67947412267425,21.823507197362694,-0.01065490539774086,107.03923942806935,10.234952114704743,12.829156609046247,0.15218137489257727,1.0535950386733859,3.141186643113783,-0.005560652385103734,-2.2854773559104857,2.969352363003144,-7.248129492964794,-18.16893829253683,-0.1888782325969327,2.334137999623835,179.88300434179007,11.294815367309962,-0.3554983817177438
507,8.45,36.99768567009978,-4.770765496348222,-8.59513094518251,-5.0107912212278345,2.9947677842524585,-5.504537753521783,3.982885691555124,3.046034637268677,0.0005401479227003953,4.575289381795559,0.358701967560083,0.00041305828916708356,-2.851923899790858,5.185506526294779,-11.850629529644843,14.933387110057028,4.9237013542105785,3.8520802768709905,-6.275387282405503,-15.325356155661927,13.567352654732481,7.404346344058301,-10.569314345325889,18.826949016837084,15.7299043908613,-0.0016203180660846863,99.41953163859566,23.649728827092453,0.0319467554437279,101.2539708078393,3.2877374317367583,8.49088937022665,0.12635440401301695,-2.080060987333172,0.07677041915116378,0.005493038750734361,-2.128483022589639,2.7839848619794476,-7.826113773507976,-19.66733334041523,-0.992904490359559,3.164482420531474,181.24680064611533,11.150160238753976,-0.9217688235781215
508,8.466666666666667,38.37198844810924,-4.741375539743465,-9.330761023360107,-5.395943477004824,2.9745232675418887,-6.172411783055605,5.668890375303532,2.2153788717997283,-0.00043954417111325507,4.640871993227185,0.8428637556010768,0.0017887647982629434,-1.775183340388843,6.2022803935049975,-9.184989077867252,14.940118869897285,5.833410592068629,4.780276304259128,-6.173043775110503,-15.013379720342556,15.085799006716133,7.952249582454691,-11.258604915168721,20.119187805631913,14.740079189079166,0.001830957506887016,101.62637968436844,25.16065017353993,0.008223744760651934,98.05882942382742,2.0440548121678086,5.91374513676389,-0.0625225805849552,-2.4185198790041182,-1.8438201021998888,-0.0002086104802313069,-2.3466187535583733,1.9994292336008734,-7.314849363293936,-20.295614468507424,-0.6380095122801754,4.212798703843102,181.26079340175488,11.53499762041763,-1.4110884512497353
509,8.483333333333333,37.80121756030853,-4.506770507993144,-6.998925935021569,-6.5546189761126294,2.2384934686713307,-4.837199366146598,6.138893769022605,2.5382198698884872,0.007639106261651366,4.566686834440802,0.4985716534729155,-0.0016159146501331136,-2.018376854676319,6.800061538175484,-12.518338289551137,14.869808937734659,5.098894181684521,4.057461692341954,-6.575932810428185,-16.68564578789909,12.544942296358178,8.334492548699464,-9.723080667605473,19.438892290908047,14.924897238881615,-0.0008693728133616275,100.79126297325358,25.921804933517382,-0.0394506549083181,102.39190699895904,3.380522131417906,6.612155445617624,0.0025858976509142016,-1.526274414309809,-0.5457717328639944,0.017051190862077632,-2.8967616356097134,4.729787071549868,-8.356413214566807,-17.751620181852264,-3.0065980054242707,1.6623039369557346,182.39294560352212,11.455853981014943,-0.5749544508910023
510,8.5,35.24398178541956,-4.875150105693977,-2.0088150760580783,-8.28224708450351,0.9894432076734025,-1.0486756594204296,5.235307369741529,4.38211771816073,0.007175333294369367,4.186839060387755,-1.3796335584944126,-0.003258253651407472,-4.940683726246962,5.126900017795603,-22.1376733000376,14.108175745971392,4.5688666822843995,2.7588075323477734,-7.417285916908928,-21.454131446988335,11.916034130875316,7.672214957185042,-5.086161945696753,18.17642245739327,14.96253098469477,0.01561459625890107,97.3418551013791,27.421931208480576,0.05374183598655246,101.18438755088081,2.5368695970737094,10.259607647640214,-0.011272741394738167,-2.5272098202772413,1.4435450126379432,-0.0034673341470414076,-4.419579821913268,11.656671889096865,-11.751463130561643,-14.620342793558788,-8.974734455149266,-4.362222234258023,185.37157793221567,11.037806792226672,1.5431923108150059
511,8.516666666666667,34.45407595450664,-4.669876360995788,0.3090723324945448,-8.951617684325923,-0.1424081532102287,0.39518493324745346,5.556882619665029,5.60550243665705,-0.004264072063602315,4.29150900547863,-2.681926944857767,0.0025959968467048075,-8.80181833702433,4.299045377891894,-26.613063569177204,13.421068790777234,5.420908826072016,2.863223952636243,-7.499800702230129,-24.128315192543788,14.216583818572012,7.160881824936963,-2.0243657376005757,16.83550287041946,14.239496978397177,0.00046097203657948107,95.7268980709183,29.298906907668485,0.01173132405822998,95.63607612953123,1.8371295842127635,11.346463367070287,0.0157106422409497,-4.208019318937518,3.7083684740365572,-0.0031249324189553166,-5.899537179930216,15.609768929476516,-13.840918697219717,-13.273151532338844,-13.085971198080147,-6.470264841107076,186.8600922291214,11.216813853984817,3.009182031384086
512,8.533333333333333,34.94794941720862,-3.8199963906156893,0.29727931335481644,-8.980017729668416,-0.8798580877657216,-0.405516125325936,6.537057857648103,5.759601338656631,0.002518384037945827,5.154628338579612,-2.9509601167815704,-0.0005587247308099251,-11.072103225631206,4.623196528615003,-25.885986374489764,13.896844041590938,5.746441611997482,3.5155189042548716,-7.841617148617534,-22.520126886158156,13.668582999347157,7.505507933552168,-2.922449829540235,16.417495735119118,13.405414720785394,-0.008827517321244103,93.81395974871181,29.471362078943773,-0.00918237116818333,99.48323938563001,0.9035184101135338,6.6221989029671935,0.028945809098030583,-3.515201355236617,6.0034413874367,-0.0015694397925202592,-5.893332743391675,14.84101751655421,-12.877235319763786,-12.259359886597247,-12.643129009660663,-8.134786535000197,186.73444993211749,11.60448757768721,3.506513945876341
513,8.55,34.901922580540194,-3.4636831511437465,0.20570451444501328,-9.098932453456706,-1.3746666064970268,0.5439330035795668,7.1183149171034765,5.992896359752881,-0.003515188398402176,6.078960585539195,-3.160387978366556,0.0013514864523662148,-11.446705728920422,5.156068825885394,-25.79926771517023,14.148980265020574,5.246296135932609,2.7198993069525423,-8.195238551158464,-20.515229297405373,10.040363547827276,8.286800289053748,-4.6260601042626135,18.149782907335833,13.361009999499617,-0.01041629821855523,97.05263124361335,28.937248517459658,-0.004575904157651197,103.43796594288932,-0.08533021035291116,4.801167552132553,-0.024662056947814245,-2.0399866735943717,8.849226803761487,-0.03965713920904643,-5.762263970105112,13.75806311902522,-11.85256307496777,-14.673031326514806,-7.25884530831205,-9.941189467710748,186.94569384056402,11.939998233035794,3.8842113378996967
514,8.566666666666666,34.74307922223285,-3.060142867248476,-1.0907007983563672,-9.246640075300796,-1.7277873648326334,2.2764601812466254,8.127696262686367,5.955430530410882,0.0035753833451635016,6.916183924786755,-3.46819889465745,-0.00081121056604952,-11.231845771305139,5.219382396158688,-25.08525765198407,12.567904300269594,5.234221063870135,1.3127000316542135,-7.234519598776636,-20.138778645960056,9.145549440258401,8.707270356358901,-5.456000463886586,20.292223879095875,13.052717250099484,0.006427498073787837,104.24793850158697,29.611549426765485,0.004115763387599098,100.3775532399911,-1.263467698982662,7.849114110927662,-0.012956086343309465,-2.1871130736690447,9.003606964033105,-0.03432475279757032,-5.897607841376071,13.895353898617849,-11.954646717099338,-20.50217301955095,-3.1299818494750475,-4.288367744527397,187.07112469734184,12.179431438867026,4.110755660795788
515,8.583333333333334,34.71735346827359,-2.24200201044581,-2.3996705825764657,-9.337764161879402,-2.141474194414085,3.1873541996133197,9.65316674521746,5.851324039131292,0.0032920797864510686,7.984181396945777,-3.766702425403852,-0.002159737460665423,-10.717546131303305,4.179021667466693,-23.7576250472716,10.624113686082449,4.7343416554658075,0.020520367046200142,-7.141586958319583,-20.353142833052715,9.303215764378157,7.763612063082233,-5.482217999435446,20.96385840541903,12.273361539474053,0.013209559926668453,102.20642118376271,30.288273794709692,0.003291213366618046,101.10606905081544,-2.710959231053648,8.330643562269831,0.01091912747624114,-1.6741779679650113,3.0602394122106027,-0.030707089043708058,-6.622653288117848,14.718989477310851,-10.695870144056444,-22.875839434450658,-6.822883691530584,2.0676261439794477,186.77403381399932,12.355381279877273,4.597896818620421
516,8.6,34.71716933896996,-1.9163802630325024,-0.29114648849024255,-8.781441033256474,-2.1904904908985596,4.451271048637885,11.169174468161895,6.16452720164728,-0.015161902520764603,9.887169527968675,-4.009747745351753,0.008528001890252445,-8.135329893057055,4.221364478818771,-24.930980469500405,8.871125656464603,3.5746896763729654,-1.3424910855118997,-8.84457267149949,-20.58270991729069,6.842681937115058,6.3570685018990325,-4.262549348692217,20.42061667256972,12.136884097952448,0.033994872084114426,95.56074863111056,29.120572139357982,0.021072063647378347,106.23769739683351,-1.66908713590262,7.490752992989897,0.009365620438488152,0.5943918518635803,-1.5993528214927055,0.01627839623912854,-8.323465424066365,15.309762106381312,-8.172285731906378,-20.413180535011424,-10.8619642555748,0.3940543847365516,186.76248466375952,12.765273462378536,4.936480753427233
517,8.616666666666667,35.62856543467413,-1.4471484419365024,0.7979235803260213,-6.904733557079866,-1.5579592502682558,3.4457938359853273,13.156384882556011,4.873301226317281,0.015090246915752208,13.145309636189772,-3.5370237115513707,-0.006424760347682195,-5.273106170573703,5.059803401908108,-24.31212337490148,6.230328651498426,2.9311639906417577,-0.2721845370596818,-8.481594441124553,-19.84762341884061,5.927967640737877,6.678866552332379,-4.426371068306081,19.28052894369318,12.283081675240869,-0.009828914977804165,97.94561140954963,27.05472526957019,-0.02876696022207028,107.85942388886579,-0.16303376557289934,8.550529982502292,0.013774384609096234,0.3727782658569794,-2.2596000725404326,-0.020156700967106672,-8.786360766701534,13.112385455828843,-7.1341178830706955,-19.054063422277128,-7.817582437125439,-1.5508113236664498,185.79307957022905,13.414746492265879,3.649184443435409
518,8.633333333333333,37.096463781732574,-0.059591502065423546,-3.9844908738389866,-4.458345500646646,-1.1786722608735158,-0.5716780335635723,15.525048402288853,2.1505513829610186,0.011339670068433437,17.04956571537289,-2.543580245741769,-0.010178944024535027,-5.034673511194826,4.157851518117177,-17.455922743631923,3.6496042408007106,2.8817142007549528,2.641165803739561,-5.924817963700212,-17.69933728723212,8.809453991163837,7.5593274597644795,-7.427926446685281,18.041916637534904,12.424473431868703,-0.007209121291413584,100.47284498831934,26.45810985579958,0.014230491535116175,104.47672366133841,-1.8866211500692787,8.039731044495324,0.007616352113410036,-2.0136344563665682,-1.7457948054810615,-0.024886452257311016,-7.546356688864471,9.015112462451604,-7.26327937655409,-20.881832053846047,-3.461683307458994,0.2325291955066337,183.1620321394327,14.013226540196007,1.9562078219351815
519,8.65,37.42200245368321,1.162813527566602,-8.0705502254706,-2.368461285752211,-1.4887499603761056,-2.4105818890003072,16.927335236370407,1.157353998578597,-0.012266280518335504,20.810021176641687,-2.4725822732826397,0.014226230098863188,-5.000599584250634,3.3710316752723295,-12.087612489931313,0.9364583071846092,3.1568740240932995,3.3305965422757384,-4.948283782623892,-16.55732920751337,10.758910879679743,6.785619970858981,-8.876804596344337,16.452590819837912,12.857913275110665,0.0010915021411269296,95.97208345931922,27.35231247945013,0.02317995674723271,99.65503872276777,-2.591884057816953,6.392981380497253,-0.000635360503424197,-1.6241702411762164,2.3360949651069602,0.041957441389838486,-7.499348627937222,7.777054403446305,-6.88678078170213,-22.666042685735412,-1.9590952076971306,1.4274657687872407,181.29070519952683,14.491667620417255,2.0213412788898113
520,8.666666666666666,36.761807184917195,2.0464160224458245,-8.276342810771196,0.03348100489970676,-1.9939638863940379,-1.5777659875598498,17.28365137074029,1.1334811493030654,0.003085360774769378,25.136995870317087,-2.9094377548568415,-0.002937734886518301,-4.301404627128133,3.9423108682820347,-11.663383111262037,-3.0235767602929196,3.4368984416008597,2.6338626627041646,-4.973611762471397,-17.020964217232372,11.355991035182495,6.019018324920139,-7.919993987301221,16.180478377441577,13.201585965310617,-0.012519973344867295,94.1111535100312,27.34243783702044,-0.007519810460571037,96.34993233819489,-1.940319788271539,6.722992719450999,0.007732148173041707,-0.5406262280584299,6.253299948719154,-0.018820580002047182,-8.62853724080513,9.011535820590462,-6.416632819783355,-23.29176933004034,-2.358640370336151,2.385266558020697,180.89684709965584,15.014372629305408,2.816063738678286
521,8.683333333333334,35.84396658775424,2.7601380832875493,-7.939596276742875,2.6697075792291813,-2.3061043331600986,-0.7412984986998351,17.241775589464908,0.6840984474989588,0.0012435971778674937,29.978536255972962,-2.766890260698056,-0.010664771027938967,-4.08899485678357,3.732597105155345,-12.16015059076253,-6.44457022523796,3.83498603228829,2.7225154828445093,-4.171731771052926,-17.03723218256322,13.06284662742859,5.932499653583177,-7.765114888996082,17.472044135293398,13.118124509866913,0.026966964878803956,95.37041824378308,25.96150770605059,-0.011112246079115658,93.59600377964074,-4.016245757156549,7.306725169371793,-0.07368207260389419,-0.640341154022443,4.41592642435471,-0.012956946137753729,-9.151282592883215,9.281199991489785,-6.448012517790326,-22.98870232975175,-2.6707661600932457,3.0634582859658295,180.75718025762828,15.299262707919285,2.8550168874399193
522,8.7,34.51799290269526,2.8566145481945484,-7.409894360529945,4.977783948470848,-2.29862571770839,-1.3009026408088908,16.921760148118533,0.6671629872931369,-0.001207096546502339,34.24365164758458,-2.7150375765264916,0.015247998363140305,-3.5126995955989995,2.893186977847785,-12.473634553561729,-9.126645249876542,4.057266981901725,3.2371013933768933,-3.5347707005688944,-16.822079266886856,10.787667450405907,5.189045171696456,-8.18974581795332,16.7994068566224,14.196062131101035,0.0007615826355899864,97.51234208903298,24.954277765932925,0.002377614751816498,93.50061575120826,-1.3540356269891394,8.889507364979861,0.0847426528038723,0.36639310787118545,2.1912357264944524,0.007057587284453978,-9.434334281263293,8.671720528005602,-6.459697790372085,-22.108762063704535,-1.9804401760495929,2.177550291436678,180.564715106226,15.273910888990942,2.4228177542942757
523,8.716666666666667,33.12445429924156,2.729260395070458,-6.6997198308616825,7.230464908606932,-2.139263450633741,-2.470627291885406,17.1664628517448,0.7160888845728993,0.001239373068871414,38.77336810741975,-2.7806110267860253,-0.013663860199837952,-1.979642506037768,2.4078900964090555,-11.969752334972357,-11.95317065535683,3.9334734015774595,3.0907292595491676,-3.419347807302431,-17.068233291748594,4.767728166955123,4.429673023085249,-8.03351503577249,15.031200645183343,16.546001577838872,-0.019000064528328794,103.35630663662933,24.700958859120373,0.0006507780678957158,96.16346731552315,7.865418241480936,12.463821560041058,0.1078465473210222,0.9902757085612546,2.9439961321079715,0.0038888811242760524,-9.460726873998825,8.018182222181322,-5.931021594764682,-22.19519434539274,-1.0604785527317333,1.6614727921389334,180.13817306950867,14.976489680869376,1.942040609677175
524,8.733333333333333,31.771513098129493,2.5760636797553063,-5.425345329132487,9.448589576420861,-1.6802931110774992,-2.2793100392000345,17.878147428435035,1.1426585265190028,-4.300220587038124e-05,43.57235429904757,-3.221985104248407,-0.010186171129184973,-0.5612050347318969,1.7982333168902023,-12.119724585824839,-13.943070467479458,4.809720858085607,1.8419104890372502,-3.0062244016824464,-16.867469186532723,2.641105122884198,4.516096068201515,-7.884397409663115,15.551861228965954,17.344167353482145,0.02620518826325767,107.6835570963413,24.121462982141043,-0.014890541310658584,94.95306904407322,11.20748491693181,13.370693161367987,-0.040707554863769195,0.9946427858952822,2.7142177268139993,-0.0021260499462104833,-9.047605287831205,7.2984711789655,-5.314832244162996,-22.69551181231324,-0.6465230215793535,1.919698326956551,180.06409396224757,14.507764684489414,1.4839458589268555
525,8.75,30.580536549646617,1.9093605191164047,-4.210182011071544,11.999472385715423,-0.8877673122267029,-3.0551540819546945,18.04229926790319,2.1339277436956166,0.0009869512635130588,47.191780062627416,-4.965140480229575,0.009924383196269659,0.3636590173290757,1.1582301622380233,-13.241754266485998,-16.327227434009036,6.027239833029133,1.1977354338304915,-2.719995534756484,-16.304138995866243,2.80437775571811,4.811549049699087,-7.99510616022418,16.7727052925384,17.464601259169896,-0.0006045598842707381,106.60131553046357,22.67961425784369,0.00934790649873173,92.23673002217463,8.685201676132857,12.194859649350256,-0.009395511363703004,1.991191178609921,2.040111083638099,0.003644666655587268,-9.226966158412067,6.5997203816712275,-4.9659959162652925,-21.954877435553342,-0.4195322553994505,0.7356339901460033,180.58443443094563,14.510147143267853,0.916916864931223
526,8.766666666666667,30.073377664679334,1.1643162000270142,-4.535808706693484,15.226312429812607,-0.26173567226007705,-5.304320000915692,18.746063999713,2.2307641053986655,0.0015769832480995827,50.7364990934922,-6.501766947968166,-0.006602077427440586,1.865020149231794,2.0789998873722846,-12.808637741574813,-18.133105160454644,5.430214842436393,2.097760848993292,-2.687711607104419,-16.063924531607032,2.3965043891205076,4.749065420285414,-8.315466965852922,17.537448592419402,18.397949289438955,-0.003675553673289304,107.62566799305947,21.366353252381927,0.010866732233215865,93.22888378176857,6.518452454042983,11.01208940629336,0.012859068320086707,1.6563971559577688,2.6314918443512343,0.001389962841019448,-9.71307906862065,5.867517704520669,-4.556079961416987,-21.215215752294515,-0.50693625615862,-0.8315866288349338,180.84146667468318,14.816126253746326,0.18902847967660077
527,8.783333333333333,29.776506039301477,0.7000861619631354,-4.934717315424442,18.268875824481547,0.3505864401497923,-6.041970791310844,20.076392722248944,1.6961353277621456,-0.0005727238319816879,54.51711821224716,-7.052854863362923,-0.0022387384627960594,3.5226054190479195,3.292879672482318,-12.108739168833653,-16.2674137241308,5.612033032964419,2.7646136732032933,-2.496829992753188,-16.071053501808002,2.9233433237105104,4.384380685150204,-8.880968397196732,19.489069618852998,18.75238446453493,0.008975524686327327,111.2033945619494,21.176984278646067,-0.01437796438316413,96.17039797696023,2.5021507427398255,7.700543066104764,0.06509227573415012,-0.4714804498402112,3.35393157214276,0.0017165761703654238,-9.72565092588432,5.064002002734705,-4.081671310592509,-21.64911749673946,-1.2624755237383651,-0.9944793600758985,181.04206722702736,14.850744469507472,-0.5958054056772469
528,8.8,28.80732417853075,0.5816916086644506,-4.516358410575002,21.07388541752512,0.8026389990048588,-6.598526818846245,19.856810787377544,1.4505027492585958,-0.0002150869008827077,57.29907853985454,-7.802576619845179,0.006434031535825037,4.004682807346357,3.0150957572450685,-12.120391881472393,-12.998280723015132,8.097251373819281,1.149341340105888,-2.4983447764483806,-16.338855390084614,4.04324633663901,4.106399602303521,-8.949998170385095,20.502818526738494,19.20314717471373,0.016338793187397154,108.36760826021079,20.928210099675546,-0.011662630247640892,97.80511248542851,-1.0399222258180134,4.925612871026605,-0.037897700383403295,-1.0306731762757295,3.9428644180949792,-0.0014322366697357954,-9.819468172757214,4.594130163949734,-3.1823034972297144,-22.17714226854363,-1.8330359227479733,-0.8422459743347757,181.04137704280123,14.956796022284188,-1.12474554069421
529,8.816666666666666,27.251200419256776,0.8269446206181001,-4.676325221690403,23.929492528120967,0.5826189551227187,-8.741062354659272,18.42390582695553,1.0143126775581974,-0.0005418305961747864,59.58165760357966,-8.718100448597593,-0.0001700597025015231,3.8886259022690903,3.012751559678496,-11.072032115426534,-10.153820140902832,8.527763219314716,-2.3735892037127124,-2.2741146930146376,-16.658885263317384,6.375289159508251,3.7498808636514345,-8.603369912038774,19.511413962914332,20.182064772818297,-0.0043631003205723065,102.90381420345702,20.32935315627594,-0.009189128066852207,96.20366174267949,-1.927966992961851,4.628636274450476,-0.006598656747830582,0.5562982483992126,4.550763181671756,-0.0013840248848355013,-10.110168953941447,4.4536910569120485,-1.8436828137705525,-21.77055126472163,-1.9550877732933802,-0.9920875416223504,180.35855890809225,15.160405534446703,-1.2217708761292962
530,8.833333333333334,25.290931058381503,0.8077342411913438,-5.7148140973546475,25.73759306982824,0.49003687669219903,-9.722088807720446,17.533671006939297,0.5726718398346662,0.0006122625063994439,61.11110754208421,-8.47433354332874,-0.0039889149350760406,4.469227567144103,2.9178406061117332,-9.27497717713854,-6.954108992579459,7.705275711184225,-6.311857893860066,-1.4189146675483228,-16.61099555103961,8.449689288488916,3.193658429790907,-8.833010169781474,20.086323677188183,20.551844031171594,-0.007524656963561436,103.0188902191358,20.73343562814118,-0.0024663538399959982,96.25895609141546,-2.97841529789774,4.357617342886759,0.01426796780833746,2.388126049004952,5.461491760322241,0.003260070325126542,-9.7858017995267,4.091269044872327,-0.5659217161239355,-20.65826386556275,-2.5430820408743826,-1.4788920740718319,179.79202178895915,14.774859451991526,-1.4411728583647032
531,8.85,23.23669451767956,0.23726625690274117,-6.400934513210875,26.74411660286606,0.8043099004253647,-7.9534955330982,17.02530797534709,0.7774541619097352,0.0006474780937641133,61.22363288154426,-5.646453479408518,0.007217580339541114,4.842904172895603,1.6089363760020885,-7.782686702913042,-5.072649710180114,6.983940867346923,-9.308718512527141,-0.2996896684884073,-16.282343164589463,8.109852978351825,2.598780709736334,-9.258850553220775,21.077852046283304,20.54523281177612,1.020623747191664e-05,103.60514596014796,21.099315869799753,0.013948553575987207,99.7233049068223,-3.7634748117161436,4.657820039558476,-0.007618500328762949,3.0194941582491968,5.367764528111141,-0.003401445653114698,-9.049234190443878,3.3303287620888735,0.7083637850432504,-20.24427522840073,-3.3097304694267407,-2.143900793061134,179.31524381976715,14.135229700962244,-2.036628177206996
532,8.866666666666667,21.70316747361344,-0.6616410021250404,-6.601825087372718,28.58632029121078,1.1949856768896103,-6.508358739105265,16.136977362440255,1.0806082449314969,-0.0008707220320452606,60.91537809877502,-2.492516344300932,-0.00040713626478402543,3.698311275874657,0.8242207015005014,-6.710376265726446,-6.881863775762881,3.3012323616279704,-8.891630099146683,1.1723188947223275,-15.939037979014447,8.343671120742053,1.7830584060716475,-9.437616829129295,20.078451043112448,20.634795417003374,-0.006199567457908034,101.17544770063932,20.20110446107568,-0.01022154606478503,99.8335971106943,-4.65857750716369,5.4600396845710435,0.0031552555839198986,2.5630597283870036,3.3797489223121087,0.0017912608084904144,-8.799987966328235,2.2132561762664693,1.217998294000449,-20.549008091356814,-3.407253839548572,-2.36864436081217,178.82254378039696,14.062197384087753,-2.828358597244683
533,8.883333333333333,20.529584775164594,-1.2643202115567762,-6.951378249370899,30.881683557202102,1.7345058442626131,-6.662079068005762,15.138251230340439,1.0742284690401367,9.094084255162784e-05,60.483092741713534,-1.820986687966007,-0.00017474341843127104,3.1380645856533813,1.7607463924851836,-6.568188719878016,-7.1056215186237,1.286423892821265,-7.280389743736469,2.7046165555205413,-16.010475792627627,10.53605795600655,1.2595826151094338,-9.351121959768655,18.874445572863472,20.872375479056355,-0.006264977741016955,100.57438162412278,19.022767921234472,-0.0016408678275976235,97.28680382075818,-5.5871510289317845,4.423000578306108,-0.004974593254905929,2.66378523479811,2.8350443873703117,0.010346182390203315,-8.799073767681792,1.5544239069249142,1.3081254012163712,-20.137919834874882,-3.5396031872603895,-2.4161754805752733,178.54557296159413,14.308289809736491,-3.4050905123576696
534,8.9,19.211590224233884,-0.7738094719200178,-7.3756390719508556,32.22954919200017,1.461797771434001,-6.758481774092453,14.582320078376796,1.1305200224435088,-0.00041669702662961886,58.971539047781675,-1.7918927323468148,0.006884793658688473,4.10404851657089,3.9621241890649914,-6.518359510758874,-0.7006427644413814,3.9137993664129853,-8.8541241268635,3.7318320540429517,-16.359797815907424,11.804603240164582,1.2731021165334642,-8.956572559379033,18.208287301194943,21.65518490282714,0.012333392380769569,100.95271032316646,18.276504713242698,0.00990522870986317,96.10184050872216,-4.289231763320037,3.8934325488700723,-0.002887763763696109,2.3753670099609234,4.754758973783678,-0.005285122451129088,-8.45055258806577,2.097255682599114,2.5805926338662823,-19.55386857501841,-3.7851833812036304,-2.6561049151317815,177.64172053445398,14.319507358235832,-2.9965873338274265
535,8.916666666666666,17.372698953999468,0.38366025206757975,-7.827135665651258,33.174272745418946,-0.007599829943833058,-7.09926723586345,13.888656631810724,1.2683903968286656,0.0001896136553200209,56.77002820909265,-1.3509803803789076,-0.006615904479816223,4.690266815787175,5.06688016852545,-5.2024074194650805,6.043730957419603,5.087197852829275,-10.937677046802385,4.1961109622573565,-16.262919110001846,11.711404713073552,1.2539559009170977,-8.919832304817836,18.53334225486073,22.977500178969812,-0.0032194921848505095,100.61403444614483,17.634332692281518,-0.009446523125697649,94.14723711807606,-3.4006679270575675,4.729371311504561,0.004346862185793113,0.24929018351511315,5.221091621552755,0.0018938865582744599,-7.794906398679309,2.9562015976926577,4.0532903432880705,-19.86747344375667,-3.3482219481374056,-3.2376587121157088,176.52866050714616,13.906284492252476,-1.8882946755396817
536,8.933333333333334,14.92308632783094,1.4505946240544016,-7.9216811439050865,34.35966993892525,-1.437742473791941,-7.137060083814975,12.280189935228726,1.1293446141583101,0.0016523886040575684,54.58654773872347,-0.7670294614171621,-0.003432701538468858,5.152798722163395,4.056042942051278,-4.015519076988238,7.523975131042337,5.074303783062798,-10.51629343974368,4.349143622212958,-16.069054362837658,12.64983133003758,0.9812698333891388,-9.313916998711925,19.665079527467697,23.99372647796031,-0.013549129290030774,100.14208160713737,17.13169707256435,-0.0060252781175679435,92.11370932716392,-4.811094784785165,3.462123634951979,0.005608343252593636,-1.2947477992799816,4.559222312359144,-0.00799813955731336,-7.0333367948449474,3.360502724640373,4.811006565254759,-20.14659129857656,-3.015246962543524,-3.9929328715362904,176.0188968051226,13.173961954972556,-0.9981388715230041
537,8.95,12.79992924424137,2.1172846856176757,-8.36655875050608,35.09874418702705,-1.9673504485615878,-6.234439505803893,10.424850491111528,0.37289195626559213,-0.002253423186660067,51.31356777506518,0.21306018473450375,0.01075084967115433,5.195862581214884,3.5978771669931606,-3.388997300082211,6.611156886738521,5.48535952991248,-10.861814206654737,4.818250080958899,-16.12263786848142,13.687848590602425,0.27157696881773763,-9.757079637705036,20.200124659977774,24.81731067283362,0.018217106717796937,97.78785031065343,17.22826685260418,0.005475967471117624,91.09713359110657,-5.203640629178254,3.290514924929202,0.0039780764546751566,-1.1129871555820565,5.542651371858734,0.0005351197911183539,-6.529463006867477,3.2461321334011264,5.480040531284409,-19.470788186894534,-3.06807512900636,-3.304415921527927,175.41466228698403,12.776795249410833,-0.7072614098376794
538,8.966666666666667,11.604058005707998,1.9324290452170616,-9.486934690276145,35.51292663607212,-1.7061020570737455,-6.860881440288151,9.393295237341466,-0.266126866135173,-0.0003962384654778713,47.11433566112281,-0.1438827372822793,-0.0002514572878657399,4.079644028604068,3.480238007789585,-2.3770209116803875,6.888088584166528,5.826942343181279,-12.018428230251427,5.8235699247616255,-15.813962847129964,13.26976474222585,-0.7698322743002342,-9.985216233312125,18.56687516654983,25.990153773174498,-0.01125123073820887,97.11585204606077,17.68149894133482,-0.0004443141129033634,91.74669974540542,-3.902481413871618,5.88993333521318,0.009859969460964799,-0.6388328054466118,6.032659314434202,0.007736253697737845,-6.428777898450189,2.5495760441322797,5.838794548713876,-19.046954176681194,-3.1042031451877934,-0.832078007168977,174.66981297076956,12.968776347855652,-1.1257432221354022
539,8.983333333333333,10.460007880730108,1.3657928871362714,-9.193351294836662,36.28410438257594,-1.182647883601294,-9.287340880637146,8.958518319229482,0.15571030326387758,0.0008725838732861206,43.18644639240384,-2.4390809672548213,-0.016241638819259687,3.8466722057746487,2.0503714063468044,-2.411549603532569,8.595311875460004,7.787997744808599,-12.362588042267237,6.450664437726359,-15.471408803362007,13.429538736521069,-1.7850406490278656,-9.56179008798537,14.733752099548525,27.052095469598196,-0.006105346140877959,97.31294876306907,17.914926235094814,0.011440130238835186,96.95638729557913,-2.718397045207523,6.277701586592166,-0.013442501434358649,0.21626463060050277,5.619990454737304,0.004271142448041457,-6.479371461166693,2.1056504363468833,6.013929910731121,-19.70255546623156,-3.1104922771727423,-0.031009507786519164,174.3588806583969,13.061007415096013,-1.5478880357806806
540,9.0,9.141707455279668,1.4851522543419096,-8.10437610938961,36.97837631617204,-1.121974943674798,-10.59410212527575,8.569426731310738,0.6015952966943003,3.5207064060164586e-05,38.35225479376863,-3.529421045386818,0.0020860689352030946,4.5644900517251275,1.5954676063353765,-2.7219579744576827,7.5040473646780566,8.751149860612367,-12.265870932999167,6.581131681871148,-15.912999874419572,14.592502375202857,-2.2605713380639294,-9.251893611905212,14.84851448090489,27.88948347520677,0.0306402766075579,91.52281826827013,17.36572783713656,-0.016629948121317684,98.23780540102412,-1.8593437182434067,5.226412201599615,0.0021611144062457775,-0.4081582127072874,5.71387006911994,0.014156745123164999,-6.385640598395017,2.7018920469502516,6.562241226014193,-20.03695566461856,-2.9999508149712453,-1.26490459558226,174.28702452373153,12.940828180231742,-1.187434139900943
541,9.016666666666667,7.702957195898238,2.242085265488877,-7.8295524188769985,36.61142925689943,-1.7867205763058451,-9.35384989398035,8.272275988064328,0.27551312617555695,-0.0002012515655038097,32.23124844993723,-1.533742353845506,0.02493766521544854,3.621915063640612,2.3655855324915085,-1.245478015569163,3.4318391467982163,5.753301569445948,-12.026381683544226,6.924708190729716,-16.311272196952267,15.57402314485215,-2.187872293306175,-9.810301443570099,19.254163855693463,28.764281086895267,-0.016001078638985915,88.05685018690217,16.44217713637173,-0.015982843305679083,90.68230418929564,-1.718436299488308,4.450849399517732,0.012823030272712746,-3.836855305049945,4.687069619093087,0.02578079022218267,-5.653855944932912,3.364979938552222,7.152294934443037,-19.032375959551008,-2.811493098450842,-1.1276657949502975,173.99447300205645,12.603162671229516,-0.4008470742250917
542,9.033333333333333,5.740995393053225,3.119643835967461,-6.987641569079159,35.34191459732395,-2.8574575339141632,-6.834293982799607,7.827509713262215,0.16111178618975372,0.00012943250778996705,26.479572662319132,0.8441500555921353,-0.006591788404494032,3.22949696998455,2.3297447826456175,-0.8656236786170537,1.3751335394178326,3.193469321890117,-12.130865086283514,6.829499420747912,-15.982612747556296,16.055559277724967,-2.7534873336940016,-10.354044953995993,20.007538383787153,29.83598569552603,-0.014411130750769281,92.48791700725357,16.312480857656226,0.00957113275588957,87.03693192636317,-2.346107875927804,2.8974166517655466,-0.001022103314351806,-4.8085614721496945,3.8749133389245505,-0.004527259976630544,-4.7790611391622235,3.531097349795555,7.691813671925732,-17.665796765236415,-2.5089182964266077,-0.3405650589785227,173.2623494085086,11.802096300429097,0.4527999540984387
543,9.05,4.224749337712982,3.6090149124635555,-5.495237375303647,34.90666861702088,-3.4941416051359715,-5.979257516214643,7.2111313692079255,0.8617971754632542,0.00025794113495230023,21.28949709042345,0.9713136231696706,-0.011575804493325154,7.019180375339892,2.454496129104915,-3.6212482198116143,0.7327037337630535,4.1353516760963975,-11.884024050720612,6.511979608866606,-15.843553909151439,15.015212290448822,-3.533773164216758,-10.013632427633972,18.986366137440115,30.313680721737157,0.013499599253490861,93.60796330372278,16.027306290009722,-0.006455825866049631,90.36968841562044,-2.5491226116588885,1.2287324541329798,-0.005078907135239202,-3.296826335318913,4.939007449869158,0.0022113628866766433,-4.903258451719243,4.124534218659598,8.689178247202856,-17.323497546257528,-2.5151319201306324,-0.8121477345421566,172.43154628182668,11.597412332607115,1.222038532963518
544,9.066666666666666,3.4680356247145046,2.921248206103462,-4.8720392954997855,35.78061846521233,-2.3320860710409703,-5.991241293774438,6.680501832746958,1.7374350913239829,-0.00014020761033683944,16.229988805227528,-0.1304032934814673,-0.0015303934149123613,10.539566115854056,3.6536680063374227,-5.782034916208092,-1.4945272693623153,5.5771326745002625,-12.53259424610591,7.886376098124626,-15.025566772147732,13.87543445179219,-3.343359636150897,-10.254779653353157,18.969617208534203,29.607879999941463,-0.0049005821911313995,90.76265143539817,15.075683524799137,-0.01166041375284815,92.32433138898581,-1.410108444587271,0.14996898269885925,0.020235390628202295,-3.439490750298434,5.439942141101802,-0.007164859252863402,-5.232792160678113,3.527732207216571,8.29393409664401,-17.776592214687245,-2.54216975576901,-2.074667070616572,172.6234631534491,12.232724379101123,0.92361808742285
545,9.083333333333334,2.437301648615977,1.0576058248411004,-4.197365803331456,36.343583371147794,0.09620266797926867,-5.597099063994207,6.130647974597482,2.160356319293061,0.0004959136016569426,11.618231088028681,-0.7396954144930614,0.01674754183360407,9.974709021445227,4.2335874701042275,-5.659033905941377,-3.302532878671025,5.627328886149887,-14.144799868248613,9.280657232851304,-13.977595104012233,14.337435642688078,-3.378247232578376,-11.043595034483795,17.559083009060224,29.716538479739732,0.005027152164610629,90.12410423336186,14.960406214695952,0.0079927954340278,90.30575049527839,-0.8967218835624496,2.4224375026223512,-0.05449447833009256,-1.8733507674079928,5.2289242933993,0.003496966690591601,-5.115044245658894,1.4233892610530625,6.895831944049507,-17.168173269177228,-3.3678921656030267,-3.5352147618470458,173.45086462953662,12.523595305279729,-0.6957728632799748
546,9.1,1.9207225571389785,-0.4495592772508057,-2.4593887310608458,36.58753341191985,1.2221772110652553,-9.017987421206366,6.029102971447484,2.568981943643294,-0.0017652064763825628,7.566747472677035,-1.4156964397485332,-0.016332226281177052,9.730202130156862,2.815922485795871,-6.230839198404285,-2.677088488385562,5.9865772269580955,-11.58832066258347,7.9126038804872865,-15.846359672424931,13.256653675442658,-4.0462722289260995,-9.425880614186207,18.292047204213134,30.69761606192843,0.0027789727155187885,90.88532058712515,14.889871531508136,0.009614724574222447,87.62442109284378,-2.9277974510488662,5.809047805954114,-0.06458149189600995,0.3943179869635352,5.67148077011996,0.0034331030975050026,-6.0650819153478865,2.090715736410861,8.9769666644109,-16.13176265044051,-4.9676177130072965,-3.6180735116665153,173.21374044606512,12.925279471489365,-1.7572813860061913
547,9.116666666666667,1.4339823512890695,-0.5429160417519254,-2.4260324686043853,36.771960215788155,0.952556993168322,-11.454884534547439,6.3605344620593876,3.0382577101582875,-0.0019644202930768026,4.098384798153404,-1.5965690426029044,-0.0045035992144975764,12.13687929977683,2.223894074318919,-7.321234142752923,-0.7026270728081204,7.429365477665604,-8.659350170129631,6.8434775145310125,-17.410247126330827,11.167994798644717,-4.225632242691361,-7.892062442730824,19.85476624812329,30.028992983749237,0.020068771139782757,93.94867292132314,14.08393085124428,0.010551311749944694,89.54658897012266,-4.186766413963354,3.95030758308431,0.003889535444361302,-0.6101019026910403,5.58710047668004,-0.0010521481864651633,-6.8673648498368,3.8068974699142824,10.932946780510276,-16.378495432556523,-5.199052642830608,-3.538123287962698,173.26258089277857,13.320462020093759,-1.5393308133745491
548,9.133333333333333,-0.7477905204957258,-0.6148424577999939,-4.704746384122874,35.93604857289886,1.1173281271651674,-8.420634967132592,6.281315256079701,3.245792247182701,0.0008060370978633886,1.6531753050245899,0.018002833468106487,0.01351237860414903,13.554844755573903,3.2530887903532824,-6.818664095264746,0.6053899180305953,9.905978895549005,-10.177530972637555,7.462028659789573,-16.847528418109604,11.96462642750355,-4.351260061018955,-8.979864468079393,19.111976079182703,29.05964165127749,-0.011312385537458577,97.8828689135751,14.181190058569259,-0.007709669627747724,91.4893628301129,-3.096425022308588,0.8844728663165907,0.008806189459194626,-1.121244989664803,5.4986504966691285,0.007436162585605041,-6.009596523753362,2.8747864624773882,9.340402148621491,-14.18688568595497,-10.31190147571791,-8.569441114423965,174.7135451683076,12.456612969350056,-1.7559986936809937
549,9.15,-2.925002976163332,-1.9510370309344025,-5.704358556298571,35.15167042137458,1.7800848002568623,-10.159665064343171,6.484599296511917,3.6789050366558125,-0.000715324609078193,0.8783534386922465,1.228036716769645,-0.00832751060821706,12.686477638457816,3.213980388686202,-5.727742241164731,-0.6762075660562562,12.572552076721463,-6.907022849518025,6.0105562333596305,-18.442037514866854,12.535606603922986,-5.43957916400237,-8.487608863445535,20.019681189861814,29.662032454661297,0.0008156173015213646,97.71858078160669,15.042233303643153,0.0005293585363901896,87.94202485560673,-2.7142305088459566,1.4536323396220552,0.0031378233731533416,-0.9432056396994872,6.9087240687085645,-0.006924737500724127,-5.544076448448585,2.7699973339853337,9.816662482686201,-10.47065845656257,-17.20324068023178,-13.968375463514223,175.42609212605282,11.478695413661953,-2.8629465804532983
550,9.166666666666666,-3.516457342480278,-3.4371037947208323,-5.441758247045371,35.44775204721056,2.5200543151401393,-14.113067987284008,7.687735961951308,4.09851143820315,-0.00024097810245942263,1.1924296481331154,0.9210586792613604,-0.002419306848345119,12.905796203397067,2.9892559257790356,-5.267728411572085,-1.913232362333797,12.25664658565515,-1.0977209105153731,4.474934126944219,-19.94119575842007,10.829460121205845,-6.196959678538056,-6.5423685786376895,20.546243672463568,29.890026154958857,0.004061421389668682,96.27560665592823,15.12299186647882,0.010173708038095447,87.88393712068452,-3.8441206162226234,2.8745783658403097,-0.010290605221632386,-2.801847476378456,7.481138897321573,-0.0006962086718949377,-5.914657889561864,3.512070366303467,11.785536631392954,-13.604078020846702,-13.22992680477657,-10.290646900070179,175.12236334513221,11.558281514151235,-3.7250704551584626
551,9.183333333333334,-3.3650087490891862,-3.1767765349410726,-5.524103649392038,36.17723937193633,2.830411005260229,-10.229308929505239,9.126230339411343,3.7379836887306923,0.0005768747935499085,1.8989191542811934,0.48541718744709994,-0.0008251746441663134,14.512675626563572,3.5714183420848546,-5.375452604808897,-0.0937367586651336,11.1269990120192,-5.0130574515855315,5.789251831652932,-17.635561943968977,10.311010980281443,-5.544764318541322,-7.330895266162331,17.66063614118473,29.359539116115325,-0.003451036884492577,99.18022591926513,14.585763158492126,0.008633197872523873,92.05002233194116,-4.308897276790933,3.616038558149586,0.007852311937541458,-4.361915847301244,6.604435828071241,-0.0010734647384554846,-6.005132605858194,2.1022869558339847,10.484973956185712,-16.884589628496443,-5.232391960128654,-5.730715508736159,175.07566806050053,12.095573603727571,-3.476535866325274
552,9.2,-2.976148741619523,-1.4953595507854995,-5.1912154239580905,37.43917298461189,2.2970519858564744,-5.325576061750927,10.573797851620352,2.8091943866299034,0.0003323463818761223,3.9878906251534207,0.06643509449570031,-4.7531438554699455e-05,13.749369828425364,3.8047375541957718,-4.744108598735792,1.9262341252785589,10.791498719314358,-11.667747750044496,7.15165165928681,-14.501288185389894,13.065577133661662,-4.859055940695951,-10.091319114978395,15.295224649067306,29.4053337710248,-0.015036210880547511,99.98893037697968,14.171092259333957,-0.01030349381265423,91.11067606520743,-4.652258894380898,4.872941813214071,0.007793111605918154,-4.628885131397048,7.295976823129838,-0.0004401643568627716,-6.215241301614134,0.10681214044577142,7.788913827447884,-16.861954238801694,-2.871519752410846,-4.462463738477999,174.90568454289254,12.702415640132473,-2.2942642945642353
553,9.216666666666667,-2.7691653712531634,-0.8631675782802983,-4.699071329017625,38.46279006530971,2.156921011951653,-4.8167368567077045,12.314938180056998,1.992993839283834,0.0008398208177899059,6.891591140617165,-0.4197308926531542,0.0019561595605232145,11.186957062795582,3.983243936063202,-2.8131494754530837,1.964483787189446,9.022422911342101,-11.93819863809624,7.375113161440926,-13.5467235379398,16.29501863126815,-4.521030258807662,-11.303829504688073,15.690909062168608,29.3108962021746,-0.013714272290050109,94.2300778335766,13.245921703652444,0.002556216084014828,89.92850504804603,-7.4164339258840135,6.737173233273437,-0.017227269898516435,-4.61434480903787,8.340620772030668,-0.001874822263438891,-6.654169010636401,-0.894935384426678,7.226176221687244,-17.929663544217114,-2.145094291449298,-3.693092662183231,174.53698299176781,13.098821788603058,-1.731926228247267
554,9.233333333333333,-3.0505832142976907,-1.6190379710953493,-4.557670622356839,38.25531251971305,3.059930958373621,-4.379472460767634,14.070056064724639,1.5014624350694623,-0.0023237134526956967,8.49016863260154,-0.3844077521594255,-0.0010668501190552768,10.354596774712299,4.14811827610087,-2.3438547857130247,-0.3221539310703004,6.889547659350405,-11.435819160106902,6.842108532853296,-13.727873911272628,15.660735555108257,-4.317101388478008,-10.703911709618621,16.173053077397785,28.805855726119507,0.006635887722532297,92.134897239379,12.159939119269524,-0.005008736260616924,93.44231435601122,-9.215373538597424,7.171141452207964,-0.016175467867653785,-5.096821489818894,6.917077686775528,0.000781799302523898,-6.788171796685742,-1.314851462813329,7.855217198028777,-19.14197293758357,-1.6378604823434946,-4.138479584518371,174.7356872753341,13.056036638435376,-2.2729576274064316
555,9.25,-3.576005287315217,-1.9965224505694277,-4.1152823598289,37.27941144123742,3.5651412439618437,-3.713488458921162,15.921342301675185,0.8679597656782535,-0.001473367356604443,9.265872117444408,0.035861744326388605,-0.0027966774966483466,9.986452371080539,4.534407040750279,-3.364568326691357,-3.572474799893757,6.2415224072688,-11.904564480312114,5.981332373939271,-13.350807784988929,13.724990636150661,-4.689366709049775,-10.308636088506882,14.39928129565385,28.520414968209238,-0.0033069782262890434,96.57886546186441,12.142268066298351,0.008623457277824431,92.95785708866421,-7.310179296416662,6.653255746668685,-0.009041316159888867,-6.424920557117395,4.441957384282829,0.005359365773614943,-6.417628943136743,-1.515726417683344,7.315152108150278,-18.911188817240916,-0.6475099485263984,-3.9455454532135796,174.8336150909879,12.55449109133401,-2.5514782452296063
556,9.266666666666667,-3.3294777672592675,-1.8427029941457067,-4.08518045338422,36.8618254641571,3.69048532113947,-4.192101601270345,18.55525672710068,-0.11226481883424932,0.0076296981891130055,10.820033062582883,-0.0388682605319687,0.005055671712259725,7.825089410152213,5.496458843168256,-3.2449666280278704,-4.443804079016115,6.0913090998183765,-10.80766704430124,5.230924984126747,-12.738499129762676,13.428552040601897,-4.504802567657322,-10.636027396628542,15.036192547791996,27.663489572989306,0.010972384389765975,100.15924890873987,11.356962706675858,-0.006946662321833771,87.06679584679789,-5.7196794730705305,6.409105934556942,0.0003981591554537336,-6.371760337669934,3.112373337420699,-0.0054136742472613835,-6.679190736690107,-1.7592623700630463,6.879915933052028,-17.94018305723793,0.1085035408948133,-2.7526518547344185,174.511960678523,12.340751915314899,-2.292055018228121
557,9.283333333333333,-1.720426845948629,-1.9326101215664835,-4.313542450949671,37.419552886359966,4.067223974359899,-4.851204256274488,21.853121311575947,-0.9942585902968466,-0.0082142311679478,12.73145969412099,-0.006291376145973935,-0.0012135170148999909,4.949986306086105,6.226102228662265,-2.8430411383421923,-2.962353291029031,5.43369548164909,-10.353327481753645,4.845236475411781,-13.056431920479788,13.864960099586517,-3.7500512067158374,-10.55351399495117,17.698065069616757,25.810433753187255,-0.01268576412775888,100.07094308627012,9.627688227372044,0.020518184764552208,84.93154939492108,-4.884626929067136,5.707222759693128,-0.009146118966452095,-4.294623479042308,3.8022503216799737,0.0077584942576944755,-8.027008572613044,-1.9912390933592459,7.67754199429287,-17.064925274337565,-1.4782743298896803,-2.791154801670803,174.54706906662238,13.06721795432387,-2.3951644282569204
558,9.3,-0.22003623965608998,-2.819662424005268,-3.8141291312493615,36.95286369120658,4.392909746259533,-6.351044966795875,25.560611315554418,-1.8721525281938851,-0.003141627570095258,14.309086429422885,0.7903388537190703,-0.005417236740812582,1.612221577303466,6.9379256502160365,-2.4115457980909376,-2.0117416729947157,4.009584903738203,-10.006167973334772,5.5471927901577915,-13.275592637319665,16.565993119025023,-3.9150775584711743,-10.04291354147201,13.834284235837842,24.102880958950394,-0.004532939662725529,98.88039023687469,9.84110409108687,0.0009045786825987176,85.84098108090251,-3.6358441637257686,6.117137134675566,0.0038331559273555634,-2.6283776449648495,5.268631218366309,-0.005124467065061048,-7.95509180278821,-2.654972610880516,6.440290348687889,-17.307356086847616,-1.781634423131722,-0.7292689174685323,174.38448215152727,13.18763433318977,-3.237205453329083
559,9.316666666666666,1.2985712176050244,-4.241625314462565,-3.9999260709773607,35.514246639139245,4.814455489070268,-8.451047357868262,30.41865170079773,-2.8647250113031766,0.023333974004459482,16.158863886951025,0.8981692399339275,0.005507382907971053,-3.1674982913588408,7.548322507405371,-0.6780053326664109,-1.8116046179053547,3.4144448123495867,-8.513070881394725,5.720610105607237,-11.112251398723359,20.628518818377795,-4.767300400683997,-10.977721608031041,9.272779395704408,22.653665671884223,0.013604654169948384,98.74832915940112,10.48802980635722,-0.0025002482150035736,85.34275428873374,-4.996378032050938,7.262377810955254,0.009813563052060895,-1.647015407737562,5.713928227930417,-0.006765383597656393,-7.450105564733408,-4.936312310298294,2.921491281469163,-17.387876733094018,1.3296531945475665,2.8499935172018014,173.5331656864258,12.429908323621179,-4.079875474591202
560,9.333333333333334,4.696217552910581,-4.6962706496908835,-3.5323280077157073,35.29231889028596,4.6503073338821075,-9.653929716989852,36.40500594892689,-2.996346829689999,-0.02548211475374093,17.984850607640176,0.17447866771806622,9.179710311970291e-05,-7.725306596710322,8.158007879733876,-0.25265926446832665,-0.8461812842575719,3.7910389462114185,-7.710587333488311,4.18332820114241,-8.906790896037707,21.933101359051278,-5.320403889358257,-12.61514192229796,11.02924637528504,21.039924865141725,-0.01730372890268643,96.98955777728105,9.829859005785927,0.006362042100128028,85.28799056360982,-6.494341744812223,7.87253851399881,0.037594020628001455,-0.14599953403438318,6.287823572004842,0.016505436494719902,-9.270194163044549,-6.681173992945634,2.072445975250053,-16.68286677943232,3.044924963565993,3.011504206673693,172.57853739412317,12.830295952537234,-3.797280701251623
561,9.35,8.408948884749064,-3.7803891273049635,-1.74969361135277,34.75885001838568,3.8327620308971766,-9.795409644037123,42.23104516661135,-3.124802599652762,-0.0072873583949935854,18.66846730331609,0.005750943338524996,-0.002379134421646391,-10.486529385646561,9.367335579924134,-1.7658078257311107,0.6161466591776623,2.8101168283665654,-7.740336569542497,3.6939581283206153,-9.539681168422549,21.732497865028193,-4.697263024731123,-12.090395226685379,9.426884311113666,19.683450364502374,0.007285490757846218,95.00981131162239,10.040404730403989,0.0007308688010531561,86.87039043288904,-4.508447649692316,7.905524551295939,0.01345662357856165,0.5022724421859497,7.465126829699197,0.0132803406474377,-10.06487243070609,-5.3690183795551,2.419691536215027,-17.074094304416093,2.029671098291478,3.5701774207753063,171.9030892825501,13.478124478563,-2.791216207340745
562,9.366666666666667,11.421671480382424,-3.724032014140898,-2.304831571609065,32.99535717261819,3.9910689674913944,-9.410360879386014,47.553954436880495,-4.547148716839284,0.03609255699088194,18.628753270577693,-0.12007766317676129,0.0017219329985170009,-13.162866007668647,9.369800102763149,-1.4821426386655727,1.9650463239775633,1.8034010127080362,-7.7156679204686975,3.8761058138387017,-10.210335084374787,22.426788291471755,-4.09489478018114,-11.269890382610878,3.659020874694654,18.167937591704202,0.01709600333953602,96.89004757593452,11.123183139654659,-0.005708683564774209,91.8043570664977,-3.735901849314798,6.2196216201566985,0.004004098143347686,-0.12751650605748774,8.445711216423282,0.0070802029774931835,-9.316680115817773,-4.494747010350153,1.0319891240705774,-17.36669966546044,1.8768240048326967,5.961190392533182,171.58349434039084,13.266187137872377,-2.5465515667667606
563,9.383333333333333,14.853787603115759,-5.587321847542177,-4.0364079976159655,31.603736933787175,5.223032484259027,-8.530863531673978,52.62909284882057,-4.558023230965701,-0.02390637838093261,18.430710590356654,-0.5106578292033868,-8.322618330044545e-05,-16.526731778558542,7.193176715713018,-0.22915223490362313,2.859845258519687,2.4398337464742395,-8.340968124122776,2.76957830565409,-10.44130166684403,21.091165917288833,-4.147224165777219,-11.297581898516086,4.057353302713728,16.95521329648841,-0.0140140217760936,98.2011325924763,11.825134714678498,0.01031870935155086,95.60230570613656,-4.3826167050077744,5.51660884072851,0.005630658946281984,-0.0891891758756855,9.018979575667798,0.004836770088591316,-9.845223033538009,-4.847688930136916,1.7631493502469509,-16.45428650961453,1.1076349485407695,4.626292145768301,171.84005453097174,13.222168404372939,-3.0175617637740784
564,9.4,17.581823745112096,-7.150736557422662,-4.271653095769994,30.029408266623253,6.061968692884588,-7.032015865327235,57.06209890503925,-2.6155193492720974,-0.016109477720446685,18.209489649169043,-0.28732884911703604,-0.0014104573268063718,-17.745366620835373,4.048375041570819,-0.9061425859937594,3.1273681440718044,1.7164143345648761,-9.71898956870525,1.8239981943978132,-12.762177218128421,17.645593023978304,-3.0067771574588775,-10.052482151248826,9.562413706918596,17.29398020312491,0.002730465185045755,96.3694821221673,12.411689591648184,0.01315858567090689,91.77433815016573,-2.226883379596642,7.031873471359562,0.008259900924766259,-0.8145000376020091,8.356608445350782,0.006200725034033848,-9.355757832518288,-3.0444588857446795,4.53302242662104,-16.157012598686325,-1.7261177726612036,1.6201510026023809,172.68178582915752,12.840058010782503,-2.9910367422438244
565,9.416666666666666,20.287465428124566,-6.7448326654816135,-4.6200537407772595,28.863255409898827,5.90198768577649,-6.14429570475253,61.101782194211935,-2.491685422678345,0.028583632728950172,18.80764417516387,-0.42772096190811987,0.0036625425239958896,-15.430529143196395,2.289919601329963,-1.7938293472077713,4.09285041106523,0.32733971868207157,-10.186158741685652,1.551999690346034,-14.49658983037096,15.36980807435594,-1.4880499403274299,-8.953088572370534,12.327105628336184,17.93944260324896,-0.0031179880416367612,96.7710110388247,12.971301977531356,-0.00560581695983273,89.02039142937639,0.3867233770682489,7.871799352144166,-0.009242618154811583,-2.3557703105530856,7.54758358477238,-0.002410853459900045,-8.65882812599527,-0.9109881344876379,4.976489510070476,-15.95004725678296,-2.275580794058848,1.2075518107117627,173.20776312765582,12.648835583422784,-2.1951789796810885
566,9.433333333333334,24.205934071163156,-5.846817667774632,-5.160514684496931,28.837768964765065,5.680930400828618,-6.205748656078296,64.82847160952245,-3.694538898320754,-0.004277413255567149,19.81884458589215,-1.4822253463519761,0.0016612880615650325,-12.963988488929395,3.3672828500949636,-1.969522798176244,5.861733692100567,1.4176485741442033,-9.636267653914803,0.9238856088476335,-14.050087819343917,13.91278581907773,-1.3415297926229315,-9.422125617955215,11.480232279669998,17.533096968615354,0.012543048644692098,102.75843181340326,13.749598933153113,-0.014316827493096224,94.72278074856055,1.4058043079468183,7.23755481712487,0.0033095563275659383,-1.3304235705621696,7.460623523140855,-0.003035813908416008,-9.894377512132206,-0.755231251967029,3.9433106262723503,-14.869682871600734,-0.405110867251402,1.840880801499779,173.2234473657639,13.440300629877845,-1.5877637115009848
567,9.45,27.369971417225738,-5.978753272313776,-4.8703352103126045,28.024354252669365,5.963718634450145,-6.499908524993441,67.3874230655823,-3.2455438227487208,-0.012097063216872634,20.23801136063952,-2.499540159157791,-0.0013004297492066768,-12.09443967917844,4.751033439140506,-2.952079553516448,7.616968076700267,3.5914078789485857,-9.38493185641661,-0.19680145326450021,-13.903577147631792,13.30098548530919,-1.4826055089973524,-9.82368777870001,10.332465897771874,17.443911769394177,-0.024845528251860403,109.43671923976041,14.602056624162147,0.00918231098850109,99.84066749012848,1.9389411053027468,6.247804899790419,0.006592650478949286,-0.17513419317589635,7.013961428952718,0.0024901142855408777,-10.507637401826155,-1.051767471714261,3.4209782998021163,-14.352975300846907,0.040391455503193736,2.675552915476887,173.34710383024313,13.688840191023116,-1.478159822885964
568,9.466666666666667,29.81495006389679,-6.014388668321741,-5.278832467267919,26.751244480922086,6.03210460291352,-7.057610519316004,69.02543258186397,-2.526071273032166,0.009357166737400018,20.077342504318896,-3.456248676415294,-0.0008696053885633908,-10.388117308938225,4.748251391640771,-4.0136810344273455,8.618614315259606,4.428271823511839,-9.349392086220169,-1.3124872227467397,-14.263629752920256,13.476184499966545,-0.5533120252028851,-9.785110402347016,10.65765281423725,18.571280961543497,0.019011761233277153,107.70806041829697,14.846054009661367,-4.498718872556216e-05,96.3594466630969,1.0397586613022045,6.885918459771528,-0.007210428341016915,-2.1394236618725277,6.720159056446189,0.0025906370915860623,-10.380893715390496,-0.603937354202735,2.5144565931217886,-14.312635861641509,-0.6376504310755946,3.7588188124243294,173.59006750919448,13.631488149242818,-1.0596381289796895
569,9.483333333333333,32.63449009083592,-5.413105036101415,-7.1787979460269264,26.114964075526125,5.674378715106919,-7.459811613641717,69.93584366111419,-3.4348458871891268,-0.0024670050201141217,19.28574441827403,-3.5879005347694033,0.0029057481312487862,-8.096593744837076,5.4052085499672184,-4.426304446854874,7.28880318467579,2.3994786457289976,-8.774860014370473,-1.8541410289735931,-14.579509372140688,12.71021115020517,1.224706702207489,-9.720794341195877,12.374673536339051,19.15363655286311,0.005852719434596061,101.78538231362029,14.983290228660398,-0.0019289972296163138,91.83388684613429,-0.4893965262055615,8.980221915240751,-0.005744965960105201,-2.991737911102769,6.27963319498691,-0.014373831863645457,-10.771385653196797,0.21197125940240827,1.2698116841018374,-14.05656893042158,-1.127561513302843,3.3812120302546282,174.10467695134744,14.133586425690392,-0.493087208975814
570,9.5,35.028030704646156,-5.255680340085258,-8.69464788427238,25.280267148459075,5.205445129418193,-7.511439924938317,69.48996849040323,-3.9714895988727394,-0.002461391083012049,18.5643698068313,-2.6689362514903423,-5.988153134198577e-05,-7.453568339183302,6.405684560958212,-5.229926266621498,6.343263620826415,0.46825447455097247,-7.788103742061473,-2.08224888773793,-14.784907173606694,11.258375352068551,3.0196544943624235,-9.798910312483535,12.996721475462428,18.577962016884417,0.01583243335606509,102.74970279918844,15.625589620595308,-0.008627633303298205,94.61943783104958,0.6359035906468582,10.051553559314694,0.005080751169378662,-1.043313072072535,5.04625423660042,-0.013468048012544444,-10.914974182970935,0.6569925812704118,0.5765974936505155,-14.411458839265727,-1.2679943742433804,1.8721313489527094,175.04003673930885,14.3818098250741,-0.25213746838229806
571,9.516666666666667,37.01953959217061,-5.31192644516455,-9.049525344019033,23.904788889273988,4.535608423962364,-7.794548954853379,68.80313319596893,-2.687334222900769,0.004990331847044922,18.16771098240512,-2.0561256032905586,-0.0016245164575227225,-7.461897608187369,4.436736323635622,-5.230531986211904,8.098974810551818,1.511104698585169,-6.990632556953312,-2.684034972935122,-14.692326279291542,10.169559649907665,4.530695029900742,-9.763204831709732,12.274938359443015,17.97906779175112,-0.013757135771805873,103.74175157312436,16.208154995732475,0.006455752424433981,98.67723036373607,1.6307040940267996,8.48264820206221,0.06877249804646714,-1.0397056253596637,4.592048310125048,0.005024398761718935,-10.664229349988407,1.1746870870664246,0.20730700452590708,-14.960754717581343,-1.046204152637632,1.510110915804765,175.8546380984785,14.212802836638426,0.2036406128173466
572,9.533333333333333,38.678758133036,-5.537653707014654,-9.540661897216562,21.94881395618465,4.371057667774315,-8.247768618790102,68.23367842327202,-1.997816054747555,-0.004704199198050394,17.06892394140446,-1.5079650163124434,0.0036033124222261113,-6.377290648052617,1.9905768366723036,-3.9609190861050942,8.67194866460043,2.4412020742236713,-5.734070658796937,-2.9200439711337323,-15.080143117276195,9.97389996845153,5.849919580069734,-9.38526277287828,12.036583106018732,17.633436320906487,-0.01079368970636669,99.42233137685844,16.666020196887754,-0.00032252679606163556,97.98337708717071,0.2236518242516652,6.91288112745304,0.06882752876670992,-2.8659963935412796,4.5964219370640675,-0.00040035330248810655,-10.20926327402546,1.873677844757609,-0.5722583991260647,-14.647051740561976,-0.813261780689481,2.1914701231716003,176.51797039171555,13.862382117998242,0.4237344063667934
573,9.55,39.81347575275897,-6.558553042493028,-9.98912394400924,19.818779308936804,5.194518810845901,-8.542043363625243,66.12165552310474,-2.511635778487053,-0.002627676342821517,15.848668223755574,-0.6040541897757469,-0.0009210416183212421,-4.536287981734552,2.8779608477800678,-4.003559241827254,7.121488093358383,2.1254061733533822,-3.5643355305338944,-2.8351977802974124,-15.563859543900463,10.044404807179736,6.78518671856643,-9.516733828811802,12.200815574057607,17.65249436233328,-0.0008253202746353679,99.07504897959441,17.834168421759617,0.010500006389344401,94.35314090039985,-0.31612341601067706,7.314283726018365,0.02097476002893971,-3.2524026202154386,4.348762198329911,-0.0021222853838669194,-9.74028741105776,1.5936645042090205,-1.6917040033237856,-14.337284180317646,-0.4059976884588701,2.935371306638848,177.36223336469783,13.478504975026265,-0.30223980118330696
574,9.566666666666666,40.931671741729886,-7.46683877253131,-9.120263691727695,17.916643227587613,5.933299631549745,-9.199209851085573,63.48123495927912,-1.7175348976594762,0.00768381554739079,15.151950082008897,-0.10254037043197665,-0.00023083571127122687,-2.7373134653729405,3.671575669117595,-5.6906814609665215,6.823940496312894,1.6516679448129281,-1.7861708393335285,-3.5167695254844196,-15.342411328903237,9.222351609482072,7.599807057782561,-9.978481152878606,13.094912332109809,17.641585833578052,0.005749786516196307,103.3383699059714,19.304749657152616,-0.0068858060410625236,92.37140652043514,-0.7074538580356831,6.680300566835269,0.015243646221416609,-2.7733595134829425,4.802216625166002,0.005997257432958402,-9.344623178616416,0.6561412568216154,-2.217846630704014,-14.335793016290882,-0.10544628886894401,3.685407239732613,177.94603715495,13.071149239845454,-1.140376622496461
575,9.583333333333334,41.01854432946506,-7.629048615051935,-7.808642478609401,15.358142068218124,6.207389220072237,-10.286598799883926,60.30400758115839,-0.2151024587273516,-0.002690686201409771,13.863483725734822,-0.21621390062198192,-0.0004452717101117068,-2.5705167421174107,3.591415877957315,-7.211022367734493,8.39483368610113,2.687110169647386,-0.6620332922008225,-4.189680572784051,-15.46230319456695,8.857881424424944,8.834591198128765,-9.795012683143858,14.158819307942078,17.172486920018763,0.0009909365317641388,104.95041915692542,19.85307684004501,0.0008680841881344945,95.81547516097962,-1.5454392607604959,5.802842173504664,-0.006921424742746874,-2.058141594762218,3.9197336237941856,-0.006473336112830144,-8.47536992079243,0.3573464904909118,-2.220615629843277,-13.548504633597688,-0.6525425455828067,4.419051409983623,178.1316748241474,12.149310013364374,-1.5548182738506666
576,9.6,39.98935234523466,-7.372955448706438,-7.979870046436039,12.733420435469347,6.316470182113167,-11.280292002416223,54.18870866610691,-0.10649142979406488,-0.009031433704861033,12.35452738279622,-0.4867688386329988,-0.0004739338893204294,-3.346767342424301,4.334738984966112,-7.263419007505971,9.731570781558071,4.808167934821823,-0.3723650120116061,-4.316243833595792,-15.99914125139964,10.71701647501911,9.876852475842853,-9.870127525432636,14.825474708911372,16.825976127718455,-0.0008690099248710245,103.83183917628423,20.274242983894606,0.018197625183714983,98.99268225866604,-2.041085239450134,5.1306331327958254,0.009451064695434924,-1.296118646027063,1.7857797833568956,-0.005750251430487779,-7.832271128953105,0.61954993060054,-2.394525645922769,-12.84282755526546,-0.8913531214049801,5.1773802554586315,178.16841893982215,11.438451804039996,-1.6097058605130183
577,9.616666666666667,40.09022160376431,-6.927603126153917,-9.310929101284273,11.473495348669204,6.38265280200246,-11.336864086211168,48.39704112726341,-0.6618550751204945,0.0003356501556661216,12.21013638616316,-0.42062284561270247,0.00016315986941503556,-3.1486904965541194,3.6131217055716216,-5.749072518307116,9.733845775496926,3.7691549460641274,-0.7265365810288033,-4.485385004065399,-16.048790406303386,11.797824594909528,10.178067096995031,-10.736488626361021,16.220162216626377,16.646480998622323,0.004755183897163252,104.71073918306348,21.919370011383474,0.027922090932465723,96.34182742086894,-2.2326055523816715,4.340533687002768,0.03430887622442986,-1.8786616860935936,1.760412914047822,-0.006792782635273386,-8.047101006728449,0.7102639711526436,-2.6436534532996117,-13.628663816771029,-0.5205666020472385,5.986414469526965,178.09099379318593,11.60133360422727,-1.4959540535883666
578,9.633333333333333,40.52929932313598,-7.186420802340327,-9.0328125772082,10.152823493651544,7.0631139330861075,-9.739706470005476,45.22220407154722,-0.2677616605242482,-0.004295021485389405,12.850268846286083,0.05382488639536458,0.00036479333863152443,-4.112011612075492,2.853761048194919,-6.045479788105402,9.635644075599501,0.9742373382953998,-0.8932610084824427,-4.382578736507846,-16.162110756780237,10.725826831648012,10.682929648178623,-11.097915735737597,17.620134054606293,16.173931092090164,-0.008704093904670402,104.6603309623133,23.891556947407583,-0.020327033673811404,94.12701871454279,-0.5925698331620628,6.730353449456419,0.03966774091374208,-3.6105491134655097,2.1435247314264703,0.006936622143579548,-7.558914881001264,0.28960654674671493,-3.0894659311228168,-14.193148568889258,-0.6298637210998527,6.519591883173546,178.40451942452083,11.205171021121203,-2.058419592782552
579,9.65,39.68139563089608,-8.147184105823618,-6.688130441818905,7.977163904765781,7.870644344402556,-8.036541319743717,40.87615346636063,1.1701103510102318,0.02110334412453103,13.204552027908454,0.5236362002109238,0.0021414959298672997,-6.042446450252852,4.05216546213368,-9.10494713859398,10.347602656708446,0.6520452049029785,-1.4544232176210994,-4.169708019662624,-16.749072914563786,10.973604861239052,11.792180965774584,-10.66407159466027,16.731382450164645,15.914496096464926,0.004349167952684085,100.49655888858274,24.921774511159352,-0.002618677276087897,95.88544567449557,1.4697841540024388,8.79714094852171,-0.027003783351511185,-4.476940988959218,1.9483059626952484,0.005992778319071497,-6.24861448881262,-0.1911503188800013,-3.8667239250362604,-13.194620929560914,-0.37165133661941563,5.982687757864706,179.21519935585428,10.11312628093159,-2.973297726970569
580,9.666666666666666,38.65944849701007,-8.706129371367409,-5.543129506772461,6.313060640907197,7.901061105257495,-7.456939653670414,35.082650574546975,2.0005251040871808,-0.008897079319501993,13.476132324425931,0.6196320091775872,-0.0019663644578664283,-6.2979844252943735,4.647841245925974,-10.597576013542845,11.848488527090668,1.6095950862346748,-2.489134666688407,-4.494281986126741,-17.02594297033344,11.604156881916282,12.767636266896364,-10.672376182667032,15.439689699309758,16.618963596587072,-0.010889009559262027,100.22355315276177,25.5019133212603,0.007790982771856439,96.85461251432973,1.7352599287942982,7.286342206187758,-0.003310947940776038,-3.875851440041342,2.282521705076155,-0.002777563455311838,-5.480062625134608,-0.2676926431159345,-4.562364796285757,-12.688182458101476,0.01446392968084099,5.095737585098977,179.95371639737817,9.53243097328488,-3.281880137352575
581,9.683333333333334,37.488422127955374,-8.942530695894762,-6.049146696962063,4.9262714432325865,8.489485192313708,-6.603320875510414,29.507991435828078,1.5006005909126099,-0.009877834691717267,14.14852197940687,0.20793160949339498,-8.510736311765389e-05,-6.809178410902083,4.545878284414037,-11.04470182496952,13.606026154026319,1.6429123356672937,-2.780208867356518,-4.672598550470109,-16.855615150486745,10.936063912440778,13.428571332344177,-11.032069719969964,16.960812381883272,17.26518191572883,-0.0032262904034538087,104.87598257763673,26.837769250558853,0.003668465781152003,95.97256446403219,0.18098894706237337,6.137241467164878,0.004034903908856737,-3.281705894707378,1.734462280672581,-0.005091105273936077,-4.805921800295124,-0.7249093752158393,-5.099021487163953,-13.229411811604363,-0.7498407107671117,5.4216294285279,180.58697472048857,8.965077164843164,-3.925834492537492
582,9.7,36.28822179290781,-9.370934813893058,-5.868118746625271,3.8210628033176226,10.257809650403521,-5.540952058269448,24.27818951695773,0.8540625267759506,0.01189124283107736,15.544202761934978,-0.5034951661075443,0.003329864836555439,-6.991509250575122,4.710353232364464,-13.146429630881705,14.321308604307479,1.093544778304785,-2.3251949721214658,-4.543685841154778,-16.90848517813331,10.808380283436682,14.136158912737091,-10.707200152585246,17.984744508663653,16.861462890954712,-0.00020620702127401944,106.64226912087331,28.347725955007448,-0.006657309013735939,96.72418187624837,-1.2445136108511916,5.708289087892355,-0.008883575756309681,-3.179461942615052,1.3657745041885874,-0.0010628291495217836,-4.215851794860053,-1.9221514999074623,-5.312455788609245,-13.060962193769003,-0.940595844650102,6.223507017131277,181.07394870369308,8.500753091359327,-5.394602380594752
583,9.716666666666667,36.23909348163264,-9.239248558444336,-5.328416215797472,3.8192277399674093,11.232834356768885,-6.008614426060865,20.168859939724012,0.3913909947117478,-0.004910292037839132,16.792185506127996,-1.0775118559821744,-0.0021861422940760355,-5.868346257125812,4.827200346313286,-13.252448845149074,14.382237063847832,0.8024938934561153,-1.9587989948677944,-5.135940165729839,-17.003884771815155,11.24006041781086,14.701628167933496,-10.846379719872887,17.500119434014028,16.642564672037548,0.006288155759196085,105.1089415418725,29.05639826593659,0.004229670970977808,97.60639137867346,-0.5370685362573261,4.402092217383568,-0.008821039545967677,-2.7714367034793854,2.845088040769653,0.00048431098305241584,-4.655852715242234,-2.798995675807375,-4.773386002945897,-12.16923281457116,-0.09947718331993245,6.119514274104401,180.8326052545159,9.030581499074287,-6.145312987203143
584,9.733333333333333,36.28660500907258,-8.45800785051012,-5.780181246810484,4.043007115848879,10.905929333542867,-6.7344600550805245,16.300549407358673,0.0032221687886322486,0.0005080292875113284,17.77764271377465,-1.6380985726087174,0.0056661584896171725,-7.300656610548342,5.341039866623721,-10.059195784835229,14.411628265492777,0.906735152474644,-1.7619591696298251,-6.041749894087929,-16.704917486239047,11.105392966343862,14.911422996011058,-11.808653126092423,18.04583501546266,17.18584004535331,0.006022062753522047,103.7355726607616,29.596558648170397,0.008743523070502442,96.16371102525947,0.3633733114072525,3.9584289118806764,0.0032983036823445245,-1.831257936684629,4.304095884680059,-0.0006980268795042883,-5.438077626113558,-2.7324280437786084,-4.2687160172006715,-11.844965797376782,-0.3451761557380102,5.66086414959715,180.29799190435526,9.661588789340968,-5.746906366222912
585,9.75,35.20247779632385,-7.7943193391218495,-6.032493193561387,3.3468133389264727,10.28741414049244,-6.005402087935269,12.114405067188274,-0.013332140761128158,0.0034417917628869854,19.384345287156535,-1.8151549429421379,0.003917644739447305,-9.490687534806922,5.372275733136503,-8.190782356048414,14.172607617819251,1.0276463385616155,-1.9821477196455561,-6.195923025330927,-16.33720426936956,11.184702397967651,15.157031098348591,-11.950363138330381,17.983150727652557,17.454232154091365,-0.0011950554650875145,103.22306477083177,30.255243149817325,-0.007971049634659395,96.88858020038289,0.4683929910735307,5.508010700749369,8.866045010950359e-05,-1.0146600686664806,4.245311319005207,0.002619452552012488,-5.4547600787409785,-2.1701290733297554,-4.476947597955031,-12.107398419850364,-0.8925963554703236,5.930631642966466,180.47142045086989,9.41333436430557,-5.228329892319718
586,9.766666666666667,33.99429353323577,-7.537665428798723,-4.7083930440734045,2.2448397150314046,9.872182330319788,-4.9181753127152525,9.084180924254373,0.382890964818608,-0.002776794829699577,20.923806745256446,-1.1640700459991826,0.0009910614464430732,-8.908324417364796,4.889485547607257,-9.146845780481726,14.58965398751357,0.7929405923246073,-2.786925740382502,-6.3203324260724605,-16.241244972678814,11.066600354653648,15.306946790485442,-11.770911685247842,18.819496391894045,17.24600931441431,0.0006914350883764778,102.27215470838306,31.283881984360445,0.008821897598197815,98.45695714024056,1.3585367480278632,6.924745763984157,-0.00552469912253577,-1.4704511411373864,4.534791844049137,-0.008449503849990088,-5.306739326341617,-1.7210813983283118,-4.117281878838978,-11.700517525610062,-0.1853852180228728,7.143471390332924,180.82755597087402,8.991650523863079,-5.055220863294289
587,9.783333333333333,33.821595042746075,-7.470559696828466,-4.2998227720636555,2.0681895414513134,9.803989010423642,-4.890286280134062,7.56582602311858,0.7402812195118427,0.0021381403110815418,22.436052387992103,-0.7329321373380138,-0.0020247004680010246,-8.989921152163198,4.872016159642303,-9.224400884661206,15.205025473950284,0.8442179795052286,-2.155409139970108,-6.845360167547675,-16.043398110991394,9.733096776634206,15.180659880870737,-12.2328320908518,20.56398627511143,17.18671756405888,-0.00591855146307241,102.30053072230598,32.256163674407915,-0.0010330995651912347,96.58963210499348,2.0950013583029974,6.417963258345269,-0.003943515025675165,-2.1894866392914007,5.3102729178973,-0.015501408364772817,-5.790783666521042,-1.960075415581856,-3.4824792992091655,-11.112289727884663,0.7732774440514206,9.795845030665703,180.68658704238644,9.24887628549994,-5.262795663554237
588,9.8,34.109508067223075,-7.361416321029543,-5.063686808346873,2.7560687616920316,9.831474974738859,-4.855275026083468,6.901667374117706,0.8972976977686671,0.0012007536146240588,24.726207205011523,-1.153367932100388,0.0016775609931152537,-10.259718254078098,5.8000789710184195,-7.552964870175013,14.549606082690007,1.2729778045330877,-0.4853107148003102,-7.008306882366186,-15.86003519763723,10.330552185396344,15.129829065177903,-12.103024686337386,19.07485772563809,17.471460394377424,-0.007497721076770614,104.76421741569048,31.887826491990875,0.010255168917188005,98.3829272085542,1.7225221005746112,5.938547468987779,-0.0021173262890631823,-1.9713383462121326,4.633851825659416,-0.004749668188706748,-6.6082264340163634,-2.3931688156319124,-3.9694147028293947,-11.303398854048865,1.5669531688262512,12.074467168273685,180.8392182339085,9.837694497488677,-5.38083503062779
589,9.816666666666666,33.87886526384231,-8.038319592944044,-2.883276820125958,3.264469699457978,10.578744727307692,-1.8064034146316597,6.855711083348515,1.9074792794185116,-0.0064929800253106336,27.228189224132784,-1.6432321801977539,0.0023146856986358422,-10.51201083449258,7.936270667533441,-8.448065334746062,13.795273067072149,0.47877102982222525,-1.5710647114608451,-7.624331819583594,-16.46818633062541,10.519185543515754,15.36355108709217,-9.857913415302532,17.551010840239012,17.60693430567934,0.0063721244550078255,105.97141796787827,30.673025371235198,-0.002416835525695697,104.49968015826798,1.8182505338058126,6.373074241982748,0.0011508562736625221,-1.4343940103370312,3.4363010467305486,0.0037525151559209347,-7.653399279996192,-1.378468347464672,-3.3831855990544213,-10.62077216375705,1.9095154109923183,11.007229983536137,181.88289861533642,10.225372453900592,-4.9676289405646665
590,9.833333333333334,33.581714264795025,-8.394777021380053,-0.7871403308330415,3.314983921093634,11.119749846982,0.9174225430756658,7.6687627006154075,2.3980002284614015,0.007863484841505806,29.32208963024219,-1.5728531508054153,-0.009018441232902673,-11.534143246310489,9.156410734487713,-11.066238950575071,13.640052152693391,-0.8783142402812462,-3.2247163064156306,-8.6436785873463,-17.045854706647855,9.488527749836182,15.62992901528862,-7.718322917286165,17.991805399763525,17.07599443823417,-0.003376050438435135,102.9431717946989,29.799019594325372,-0.04765071218292648,105.95319851527998,0.8886557638220215,6.336239880147062,0.009452324843838747,-0.2008889098643673,2.2983287419334117,-0.003579969658984899,-8.387768067676262,-0.04431402635273485,-1.5856277074236103,-9.189386660932291,1.7341537606739288,9.306028426319928,182.5856253779074,10.37679953108194,-4.595499599112366
591,9.85,33.74212164132827,-6.787580733294816,-2.5034195224194766,3.4102807219267923,9.955661690447112,-1.2822211943320854,9.077602597304093,0.9621452138529775,0.00989141023512784,31.556165817494254,-1.862490584953518,0.011837169676118323,-13.522431640702536,7.439928417172674,-11.27596145625784,13.108696153158267,-0.27418356198192306,-1.7496824306732919,-8.324256488064606,-16.813213862867606,13.6327349606716,15.234273275517573,-8.840523357002661,18.356386298015316,16.882107499329635,-0.015336184329738066,100.98080197050915,30.584407715961373,0.045070197318375096,100.80257339769774,-2.5911292860555704,6.710098471266968,-0.016782685351554503,-0.046682357984162995,1.9617725192590894,-0.008444959062966184,-8.234086323909198,-0.4473659840056542,-1.9046224154548774,-8.934996489989663,1.7514600894781915,9.616406513895175,182.36357128434014,10.400628620803452,-4.649862860374829
592,9.866666666666667,33.950844579247715,-5.05732188362559,-3.649473480199839,3.3984514519434947,8.536558204032907,-3.1319771842629165,10.695717809818904,0.15184091815334166,-0.009703658311290917,34.27086864410946,-2.444014447970079,0.006067827178571186,-14.46116017382301,5.512516364001443,-10.648208127933485,12.704207341374591,0.8325996364158331,-0.7443073487555135,-7.687441053730959,-16.47508385763333,15.166270715274043,14.153809756797576,-10.42800090786663,19.664520818676984,18.179384958418566,-0.018989187188742925,104.82587418460055,32.233233609900104,0.017210190957179825,94.0829165241617,-3.6272641325103225,7.911946549800225,0.004807361246297763,-2.3802137115799558,2.3308810206019848,-0.00479576002488109,-7.854083307163465,-0.48354097204584,-2.7395506293400045,-9.809118255432702,1.294350680532823,10.061337973636423,182.15703358045965,10.393023645407007,-4.2956471206746345
593,9.883333333333333,33.93685426492367,-3.9860766832457633,-3.3622043615250035,3.0911678496403314,7.403667012929304,-1.961611828461324,13.126232076721223,0.35522762644774725,0.006182055858270041,36.637337555727555,-2.281220433894196,-0.012086196256976078,-15.015288401830052,5.300364507246949,-10.395539924322396,12.686721728566832,0.36919527166078064,-1.6065122350551702,-7.484459502510522,-16.35231357823358,11.932602828413726,13.861667379239769,-9.76431929073535,20.1386561098796,19.04271777623301,0.010771076362020985,104.99791776378483,31.49873108396198,0.01290478198518751,93.68268969964218,-2.1284869187061193,9.15692626400984,-0.00011514764082202159,-3.718896843639934,1.2441262499440457,-0.0016482199122578789,-7.690184516349463,0.8924191821080838,-2.1319441828920636,-10.721351404342009,0.2879512346047711,9.8029516045872,182.23252605909306,10.30711098637394,-3.1947117206942712
594,9.9,34.47430770497159,-3.219731212450756,-3.1871077713457012,3.2788572805403926,6.493515165682685,-1.3385855275975218,16.607568488041274,0.39201952193947565,0.00483769594422357,38.87784928844485,-2.8267107023221034,0.009534466645065387,-14.251583478544152,4.9050438559489855,-10.621844447750188,11.089816302488305,0.9142325922452583,-0.9955470068272111,-6.675217009579879,-16.47665698478778,14.182898516803455,13.702651861136383,-8.896248633132364,18.69347105892344,17.784749912865777,-0.02924043015904965,98.92857078135539,29.58537737392637,0.01272920460187807,96.61849392976805,-3.7813013260411794,10.124039446129876,-0.008308964746805736,-3.1773289690484052,1.3174566602164477,0.0016063482097627621,-8.026765228129634,1.7444360805129324,-2.1955466261416827,-11.277722778638001,-0.43917651197205193,8.14388628767256,182.68848541627258,10.409325890981624,-2.410098319986404
595,9.916666666666666,35.69030005251033,-3.028114661175412,-2.250174126295155,4.448226787498838,6.372028433042941,-1.13047164824548,20.222914569311556,0.910689935228958,-0.01105357727575522,41.71234141630679,-4.1527873159213655,0.0037432093929981535,-11.171470947298266,3.737811685881317,-11.926535581097873,8.114048622588289,2.741154473587535,0.018667240355394157,-6.01146851365717,-16.51340214510247,14.470603648874453,12.647897367049257,-8.832358000149814,17.89035820573988,16.41438176973977,0.01772671111803564,99.79675674224535,28.886776090732887,-0.009447841969489309,94.12135420872428,-5.67426396692359,8.978662687658966,-0.016908352955077862,-2.9830065631541935,2.803988599957772,0.0022331511037759467,-8.791837562205574,2.0712892375269596,-2.6536540215503455,-11.916641088645315,-1.0708704356783363,5.759932534338258,183.08391831733832,10.95312397438668,-2.1777445299958664
596,9.933333333333334,36.31204921366691,-2.3436971075789614,-2.7606826167778578,5.6387445140112815,5.654400659728716,-0.5504820450005803,23.112027610088486,0.9633760533714193,0.0008147980990096397,44.80228506961145,-4.181409038118559,-0.005515986470459118,-9.029125359257696,2.8362734088979593,-11.984754975744655,5.486644550416287,2.9200864442181045,-0.8137872937656255,-6.03174574310978,-16.04903089089418,9.479593750440731,11.678034127918512,-8.726055694191201,17.33384787332655,16.358191308779187,-0.002135605878575123,104.33096219286844,27.768714148599873,0.0035813245614957595,90.80445441590103,-3.7268537388550174,7.425470545406527,-0.0045131243129839,-2.8341735725757924,1.737420608676294,-0.002919174080827565,-9.180395913222197,2.613323483516167,-2.455914599997209,-12.23706670577351,-0.9591032776003968,4.6607839288356505,182.82828043767424,11.363011605744314,-1.4755317423195144
597,9.95,36.02138667421017,-1.0156982593207624,-5.236768114903628,6.529231950923011,4.104457241884366,-0.22002710752615598,25.79152768640708,-0.4403117103505342,0.01078014540521318,48.159946854797454,-3.631718369353823,-0.0071398559811963105,-8.726228451687977,3.0068230695906366,-9.891036708717154,2.268645583342497,2.8876281100698593,-1.5833988620107526,-5.533447411797533,-15.647405146944196,8.495171244016229,10.783936943418608,-8.547549176566527,16.177284495484024,16.52898815166656,0.00028142469214285974,102.98793869138049,25.870237912445123,0.010439157195434206,90.86422007258076,-1.2050445725883623,7.866484926381763,0.014983549141408111,-2.0179443141721753,0.6341679108053682,0.002947092531816409,-9.21867525492646,3.1673426483678577,-2.797210172838232,-12.043630815426672,-0.1918396733618551,4.687749872491414,182.7187582774326,11.262296108164858,-0.4514291709321549
598,9.966666666666667,35.948672107784006,-0.7489910392293143,-5.92181434916859,8.37365332206971,3.907466602208047,-0.5400403843667196,28.61166768460271,-1.2080016456558038,-0.005593305027170675,51.89826882735783,-4.6351611391819185,0.005520001778331949,-7.249566459664495,4.327832002642507,-8.263431222346489,-2.198846723429076,4.863453562274824,-1.9255227009905016,-4.705827384300806,-15.739153561152932,9.526774458505269,9.564162872149454,-7.968723071311167,14.13692882222827,16.288682117858446,0.0007619159197447808,103.2728110959046,23.864417866177504,-0.016827553395532446,90.27141336428872,-0.5273115429948114,7.2058484630810815,-0.0171804998333324,-1.275858779748328,1.5737249235810167,0.002483745265099696,-9.594830883322532,3.227540757397683,-3.288534486300433,-11.90758613365447,-0.12188403078177654,4.812950937951171,183.074109723656,11.361187818803744,-0.40606637055599787
599,9.983333333333333,35.80245732962841,-1.5275545344849157,-4.849932922730723,11.310797324111373,4.843572085071816,-1.440819371779999,30.539605861352374,-0.08784830124929928,-0.002539455903645077,56.296757009114124,-6.48484316989338,0.019952911022008232,-4.55664271300164,4.907215834882111,-8.13790032181271,-6.946599216954312,7.427796378834427,-3.888878075878238,-4.384784697147827,-15.812454033347587,9.573856793949295,8.473607753436017,-6.975071858968013,11.650899546676357,16.350851522364866,-0.0013855353871389923,105.9808588310592,21.83557250521387,0.00725745900356101,90.55317603883722,0.3407119561953562,6.859207525903279,0.02275397606195693,-1.4049305328783033,2.656759307224149,-0.006425116900402716,-10.02964305673011,2.723476983894337,-2.694031199626805,-11.598092065532525,-0.4252328623452542,4.222193071978852,183.10056528794618,11.638033159312123,-1.0463721269218704
600,10.0,35.020735883418496,-1.3829141067659907,-4.594804109356708,14.186236587080272,4.4736587100092295,-1.5347563502858828,31.72468747727302,1.1706755495178425,0.0035813559041828124,61.70882917018909,-6.608501857952231,-0.027325316702275417,-3.762878329146127,3.2059337140646686,-8.262567740308379,-8.95956232506596,9.688501856217364,-6.506177634716793,-4.235471912013537,-15.52855141341815,9.38512184726696,7.2714639137301855,-6.783473457231773,10.878731437661708,17.701629494109834,0.001581396667970656,105.74272019793248,20.922450503566015,-0.009295700532916671,94.51298488439554,2.121651770266844,8.88391890262711,0.02339509414853109,-2.0512772611779573,3.7181881541557815,-0.004284265371346758,-9.977836172859698,2.8404378316229524,-2.061067944242307,-11.667314229798366,-0.2753165807497418,3.530115839155158,182.8000688273677,11.569680983938929,-0.7104179238239272
601,10.016666666666667,34.24083520318238,-0.13904073131050962,-4.227671645626723,16.9207942097425,2.8894798354696807,-1.5270907334985566,32.58980004915391,1.6351672653423022,-0.0012686502624465257,66.92416975910432,-5.756482169506064,-0.0011003499812828606,-4.8939169824042885,1.7231666601509625,-8.382647446915367,-6.554582216116625,10.813369966538739,-7.801044380034871,-4.040661999122645,-15.32084113213283,10.155799813454191,6.289522983513213,-7.006020646998023,11.715056272124055,19.173374490926687,-0.010629077584331903,104.4441627974684,19.99165729680088,-0.0006459388831071943,97.89937147622022,1.0673759998035897,9.26965903989681,-0.0031296317202220186,-1.6796308002426497,4.19902520677784,0.0012005073219096113,-9.855945736567744,3.7888782496796587,-1.6133207894609887,-12.289663694477849,0.04384413223389542,2.9073045530342307,182.46664066057133,11.605844092979682,0.437510523757511
602,10.033333333333333,32.90605492293994,0.7812167975522294,-3.665604839553931,19.366308910977562,1.6897773348311311,-2.9355901568847322,32.43016222071243,1.4172608930283126,-0.0015152240660234325,70.68254176599564,-5.985765269728765,0.016702519428253588,-4.3522406269913185,2.1643255887911987,-8.364839911878411,-4.609191680652687,9.359149782598873,-7.678978387832995,-3.597478573896893,-15.378768209900679,12.230371839884265,5.768266150419584,-6.500946448727632,12.993252187420396,18.73150369364766,-0.03621618718070334,99.47963244713057,17.758376640048798,0.0006620110252369099,97.63874051634838,-1.8936917351719131,7.501373960747711,-0.00409810933599587,-0.0937089501638699,3.695108486778137,0.0012507904671991796,-9.6310125191913,4.249103344087423,-0.3314502070346573,-12.613289379053388,-0.1386977561523388,2.1717598426140587,182.0795839588655,11.548067134814575,0.8370534095438434
603,10.05,31.125198671572548,0.632169027084879,-4.216023809673687,21.446480545485674,1.5338092916835597,-3.6050224491592484,32.30465845602633,0.7095057210725679,0.0025344520334277735,73.10201007062115,-6.089057661289583,-0.013566971784765815,-1.428382325377899,2.62071394889378,-8.587488374724828,-3.716194402572355,7.322605308460216,-7.491105423368755,-3.2981288876773944,-15.156579759995827,11.28466582639116,4.871928661101869,-6.1070041193988365,14.551328254811793,18.398574949897494,0.022884193917976643,92.47821424585645,16.128154156342983,-0.010554370022908982,96.08098715242001,-1.7402474524966745,5.787510722444483,-0.008658637939845941,0.7173750385975602,2.9971056504577387,-0.004842000043007893,-9.268717252824272,3.456484424463995,0.5756844860227717,-12.708847848167037,-0.8495822268525021,1.974219462738794,182.60467962270448,11.227128488255238,-0.03401747871849481
604,10.066666666666666,30.224361507309396,-0.6813821805397362,-4.574456936554901,23.91984868198342,2.7808647679431076,-2.9623759775512344,33.169128265392146,0.5929461898759049,-0.0015224036668055713,74.84019214960026,-5.92844274558658,-0.0006321060124220183,1.351904571015615,2.951291259149405,-9.697807087597896,0.40735445038840296,7.4464098252591535,-8.29176313923981,-3.250225487736618,-14.886743798288386,10.093181945181295,4.263109991768537,-6.392730159598825,14.933983225096476,19.948683834989737,-0.011068762613146226,91.85340415412648,15.024779094653127,0.02204276425121669,97.6460740646975,-0.9547953796572782,5.903196950050289,-0.007636774489987527,0.8844146755293886,3.2412476658248583,-0.00883431068730559,-9.26403545408191,1.5241030367223378,0.22485589682775214,-12.7458781069164,-1.2094756416745904,1.3302276831172142,184.23596325938755,11.31394044954137,-1.659286718455891
605,10.083333333333334,29.199220983585782,-1.850269419862397,-4.734391876828747,26.459512895883307,3.955707150322281,-3.7108075367994733,33.13763361417169,0.9235655594814187,-0.002514620483549163,76.34622373035654,-6.834600231333081,0.004000139646835584,2.9204317516663676,3.5412142066921115,-9.658466902476636,3.5718722572271644,7.847153471823733,-9.747012616157935,-2.1786080511219,-14.863706799395615,11.323060834961202,4.381025128788781,-6.8441522454198305,14.89807964527453,20.889663772391593,0.005009733426873879,95.57342454869716,13.478193421809646,0.03315180962210431,100.74686349415971,-2.1644149279179015,7.5900013322620925,-0.01608068212638471,2.1918815773666904,5.672119839954134,0.01633209395579557,-8.972426536470381,-0.014816031679186435,0.07816953964103344,-12.847341868532244,-0.4340701560191562,0.15242391871236396,184.99443062918715,11.416150599135316,-2.665036592367383
606,10.1,27.22884339363946,-1.078236576251364,-5.256317369599697,28.34991586382554,2.901332806768277,-5.138706182429525,31.792864025940613,0.5873406143484667,-0.001533395759993308,77.14713799952548,-6.910311281740287,-0.0018328139620628734,2.621872008102813,2.287548098160947,-7.667041005933899,1.4679838132168708,6.950910601764519,-10.197651475585525,-0.6424288653762594,-14.517251180593314,10.421144109160922,3.604883590905872,-7.357484661317672,17.92685851184569,20.6415764802755,0.002803554092130019,97.17221989796255,12.535015868929465,-0.01835991576109073,97.79934312586315,-2.6446963951673856,8.019892833937776,0.002622015796865291,2.591175282490577,8.152309721682446,0.0024573865557986742,-8.363256789353201,0.3600897555266289,1.2517421778294953,-12.977426613955533,0.6854859538903117,-0.4125573527997212,183.7009421476472,11.188036463036001,-1.9689379088455738
607,10.116666666666667,25.270378985624106,0.5461500005329178,-5.3197992158429495,29.58035516233616,1.080819727211173,-5.500620422771838,30.821984882982708,-0.36224525989375855,0.0015392043758068233,76.52087761943966,-5.478262243595274,0.00532025612062136,1.0968919618838595,0.12271318563301802,-5.944689788902892,0.7323663288214561,6.338539689319808,-8.342184071213758,0.009964172190095608,-14.27247097915344,10.041224673016131,2.1118693350519715,-7.487324049951879,20.46039288865504,20.56495659100393,-0.0013497769616383135,96.70692903735814,11.595307525042184,-0.001183371135639257,93.89098186434016,-2.975717514623856,6.922076050082723,0.006498312592509256,1.4212002604055813,7.746813891533746,0.007575034611807653,-8.157214691133433,1.336367189328361,3.046864122942116,-12.558649332114738,0.5082383721923622,-0.6961594068403276,181.93898940483655,10.942246202710866,-0.8413448146364196
608,10.133333333333333,23.26339497738797,0.7166396772014242,-5.664595307113066,30.607756004625784,1.0001251274311365,-6.373564560025216,29.847223352601866,-1.1844804982118253,-0.0027569629663287986,74.80857839254824,-5.437981854400279,-0.011509082261687419,0.90582988003143,0.06878583396489778,-5.063442190953738,4.969531126526576,6.507323101628991,-7.104950097348106,0.24826913081544646,-14.926518951251703,12.880393693774547,1.2270886476796437,-7.316035144799573,18.50633097018377,20.519901006583975,0.001187871379249372,95.57327396868882,10.294103675566033,0.019766254745231786,96.30201534529202,-3.8863923055688825,4.979208626068621,-0.014990025648317447,1.6036454894238958,6.874790614272257,-0.0001445729042588955,-8.097272569146913,0.8971651340435546,4.04931121586127,-11.989103589562028,-0.19081939316937635,-1.3358065622295274,181.42082415677052,10.736099322645265,-1.0209225604019614
609,10.15,21.334213331810293,-0.04451179402927764,-5.762111728310184,32.36183293729384,1.9546129568815531,-7.834730799204759,28.26352232073249,-1.373832750053726,0.0003089690677814758,72.92900155532638,-6.588533695261721,0.006001124067179829,1.8169614614845797,1.2870855939711785,-5.826627373478239,6.18247891426552,7.013011321931324,-8.687626865081308,0.625717576064787,-15.671640931338954,14.984303249940453,0.14778759761949112,-7.914862058964054,17.34980579260273,21.04209602022172,-0.001243378692212865,94.29312658446841,9.745460243103755,-0.013885770626293066,96.70847635879096,-2.759503703938788,5.077992223182488,0.00991548757911241,2.0106309566367533,8.076546638072537,-0.0012133586389665306,-8.227288053079093,-0.45105249386215174,4.240766331216525,-11.696691030259533,0.45368400593472125,-1.58601053215437,181.48365580219053,10.704666148028853,-1.9655010467617249
610,10.166666666666666,20.024161203487928,0.2363986138824511,-5.402861297871546,34.21607036689341,1.8133049914956716,-8.579043944178595,27.59164223557258,-1.8502884442218825,0.0035456035653923215,70.39748066526492,-6.934240541184825,0.0027121367528386495,2.3801814857422072,2.2398595973600153,-6.385287125239936,2.491756660153439,8.235898049013809,-8.748968608324182,1.2778256602918723,-15.367878589554923,13.943128037184103,-1.1569496416303227,-8.724800181630084,18.31331441893813,22.22334251675748,-0.0010861290517889157,95.02149022411088,9.494337274511327,-0.0007731737842005188,93.72639981628845,-0.38779178609950193,8.747962955142095,0.004534426747588065,1.818612559460817,8.472278913071317,-0.0072780712691878436,-8.411175702487007,-0.7788013296234069,4.79161758523554,-11.055784346939458,1.1166589280963881,-0.6321682988165302,180.9711073610834,10.666523283244072,-1.9544558376937422
611,10.183333333333334,18.76935315586318,1.3630035479930158,-6.633972502773085,34.58079776338221,0.4901184953716878,-8.850270212198014,28.09285092176858,-2.903838201274109,-0.0010488549288741335,66.2477558736128,-6.441817555597322,-0.013876046330657784,2.635986801938916,3.218032316440454,-3.688839871093104,1.3202465545225055,8.370775171359265,-7.430318003692265,1.7741249781601385,-14.657961152285488,11.296373999973026,-1.742146010406477,-8.964211343738663,17.977065934677114,23.1111326094967,0.0003313865365109905,99.41403492956184,9.221000871470377,0.00874599457359477,93.94294183666914,-0.6780243603209999,9.403789799318131,0.010892220604443507,2.473264571441688,6.201100302362275,-0.007152590493396553,-7.901836488650875,0.14350579488400528,5.812712620509491,-10.584912596200965,0.4042656052600849,-0.49667310565432965,180.18892530759348,10.298882395015136,-0.8228951431225148
612,10.2,17.14761555278524,1.9430982316579566,-7.161605302094246,34.32724453743545,-0.6173841893172114,-8.042666001160091,27.88870639218686,-2.2704150814830997,0.0024165985946749988,61.66132648156866,-4.597280654149645,0.013908356614980565,2.9311571680438124,3.6667199137909083,-3.26904591277271,3.0191687139366525,6.9094791867094285,-8.53501408968322,1.5004401748847922,-14.744928109269287,11.345503862344174,-2.315683634066383,-9.07207636235941,16.54044125973644,24.100036914521773,0.012296671961621156,103.04335802020395,9.48228863653999,-0.002243767718740956,95.60716832932603,-3.587849061391907,6.384405712106815,0.018484664887591814,2.4563805137207333,4.747291141800907,0.006535293516823436,-7.321104017487036,0.9505397738249195,6.606920231507308,-10.86670863401979,-0.2208638094090704,-2.1359827083673406,179.70639975942538,10.056336414199757,0.13969610699944243
613,10.216666666666667,15.31558418017456,2.3580006412055345,-5.04218577466114,34.57242772312413,-1.3262815875183285,-6.45009002682637,26.573846281216717,-0.3727225403822093,0.002743617766258773,57.737224574553196,-2.2810316140740725,0.00703364592041986,3.2347678550026524,3.2690946863332613,-6.9748909738070175,3.862180956382232,5.326744591770582,-9.443739363045093,1.777729639710016,-15.283618350408652,13.335136019019528,-3.0046088169827936,-9.135427234349528,15.202267438629196,24.839843385437273,0.003115297060081252,100.55649865496432,9.986282743553783,-0.004341390338333448,96.58950652252216,-4.863164678078422,5.24214355400823,-0.020975448659663908,1.4398477472168096,5.2471738937952495,-0.0022594371829700055,-7.101327406548155,1.3681851099641058,7.232343629980899,-11.094990671248334,-0.3326571334863046,-2.6524862063971715,179.42051678752512,10.09236978420816,0.642793408400624
614,10.233333333333333,13.57675082152862,3.234491909193221,-4.821914947135247,34.440330161840784,-2.0994758470002806,-5.843476399056159,25.643869723371452,-0.5732580359142736,-0.003244946615605027,53.22207583225176,-1.6749347761241478,-0.026747074253326116,1.7639359138406008,3.4910770386231893,-6.18222285325206,4.678772867782897,3.9500648819249977,-9.472409246883258,2.748757897895968,-15.240556655641136,12.740876536563757,-3.674163176985301,-9.482570518850391,15.929371561731106,24.714344285442326,-0.010664323099793763,96.7454896599386,10.38600340379611,0.004946239485426801,95.93964057495435,-4.243355645574433,4.472468245865365,0.004794492598076552,1.1114520937898258,4.452563039603234,-0.0020526476432675884,-6.786125883343803,2.0019631243354437,7.819540548912879,-11.02378420997931,-0.5722301779022687,-1.5797894394966403,179.12158213775177,9.954934296249494,1.2642159907325399
615,10.25,12.289968427437714,3.7565044842545143,-6.631422110484482,33.48451333775129,-2.8383598563751375,-5.397645859880116,25.91159817591988,-1.7558291195111113,0.000715598511870371,46.8031028698915,-1.6274945318562108,0.014416464287428998,0.2911135006007485,3.9501005631660187,-2.231266165901101,5.930542903328365,3.843326258185482,-10.935348339066506,2.9034526725534335,-15.077015890520713,11.350301163070402,-4.79896505990617,-10.187787856583354,17.04059032867479,24.838379555685556,0.0028330197520267664,97.65149556932309,10.854443211142264,0.00022997371331964523,95.08491408840713,-4.830289143919327,4.443867307681531,-0.012606961136443821,1.7540615489617981,3.696321124856586,0.0067238405229733825,-6.53488035270651,2.7107505482737464,8.64751607858332,-10.81085950135527,-0.4691656200425474,-1.2342155269766524,178.44259464787515,9.541894333264995,1.9588167225845623
616,10.266666666666667,11.301672221889305,3.2810444289446474,-6.661310539731385,32.35401450552743,-3.156863896900347,-4.265742992292739,26.566860403180556,-1.3555534475873392,-0.0032824590692612753,39.35499199632908,-0.7441047004359358,0.01635646442390269,2.954572755036254,4.100932305727493,-3.1789409727792317,5.1498154925720385,5.687384773357623,-11.352828634216118,2.9608052796739215,-15.28571598579255,11.182905880030722,-5.773056646338385,-10.262488415400378,14.470971416795244,25.58670287016695,-0.011508860897358865,100.72873110833041,11.367085422703916,-0.005529433869214231,97.1746467125037,-4.82679462614441,6.885001663922339,0.00039466622129378083,2.3279275478282275,5.711737968634136,-0.0017731802607037625,-6.369167832867469,2.9606745789961764,9.745342155459074,-10.364325973316936,-0.13204480881950356,-1.1307530295592014,177.5036476381258,9.183217225416481,2.2251034712947724
617,10.283333333333333,10.469466914340824,2.378843845772958,-6.343170017728063,31.54839568956185,-2.7212238085870326,-3.739585495434637,26.828030846072252,-0.9848701964270087,0.0019161666524505655,32.709151150020396,-0.2150396276722895,-0.02253581512824049,6.343195558255059,4.847863818909807,-5.667223447689183,1.4316459825133971,6.57087902144858,-10.091946889366943,3.4844412470464774,-15.361253711123153,11.000792920857688,-6.454696616754398,-9.72259150739924,11.445284044586817,26.83568958360784,0.01029823640036987,100.79193325979585,11.5443895776416,0.006128003143616387,98.22276712200656,-3.726775501226723,7.994335135655494,0.002182986684590692,1.6694041036989529,6.935420745829419,-0.002840413480828006,-6.2771657841936825,2.6733862056470996,9.981655735355876,-10.239281556777838,-0.37888676224393525,-0.10829609942538682,177.04895079457003,9.248528623309182,1.8156147677966625
618,10.3,9.78705336839425,2.098693766856867,-5.756365822524663,31.028561605507406,-2.3813502591062528,-3.7618445886562855,27.07655597089257,-1.0854954618550186,-0.0007413993863437606,26.98477784510237,-0.06746820862690327,0.009351232760127101,6.4084280807588945,5.670568411827823,-5.7503822315092625,-1.9977067838642038,5.349762347837875,-10.543889408347678,4.022750099907419,-15.300689267778052,11.313640144782926,-7.195998294623945,-9.459101607320166,12.747648766088073,27.968530223584295,0.01374671550816844,98.22348013993874,11.081262742591912,-0.004047418553309161,95.29027917860746,-4.833002144625776,8.233525048618358,0.0040632822050450865,0.6464553977486692,5.415157417167625,0.0035835360034705897,-6.2963546462612845,2.4206063202963026,9.578401996306443,-10.841169359745896,-0.6896528860381785,0.38015225885158577,176.89848795180004,9.530116836345051,1.4537886618262068
619,10.316666666666666,8.859674389735437,2.6095072819817196,-4.083003194811684,30.452996377496234,-2.83374768238495,-3.637570403828261,27.412791725244382,-0.5104293461223345,7.197404159766258e-05,21.66862823607037,0.3264809468915012,0.0036598855082358365,5.781625462648492,5.359360010445805,-5.414707175810535,-2.610005011695798,4.3926840152238995,-12.408461364321054,4.68629587314635,-15.497676742816942,11.565555005425882,-7.391912144483988,-9.535300181293469,15.396633240502126,27.77276736725372,-0.004700365480041379,97.42525631725164,10.336551070303686,-0.0029151510364755257,93.74982287646517,-4.681485290543387,8.805592587704712,-0.0011409295835732097,0.11061170750018433,4.471385833422645,-0.0040409604543486695,-6.181902002211205,2.7664241664882603,9.731158386553965,-11.3817841893836,-0.6057086672728926,-0.37761143539394454,176.67969101311883,9.60589839842871,1.9483502705075197
620,10.333333333333334,7.788314322467202,3.02320427172256,-3.2906541068489563,29.86215641792347,-3.1703004175937224,-3.6160977790924016,27.715381180925323,-0.14204105577725576,0.0007075612536014575,17.087502144841807,0.663366212674963,-0.00867424277495071,5.927470064975475,4.603557930880342,-5.3462338444247175,-2.626627434698206,4.704735384859987,-14.459479116608087,4.6568826166104,-15.578208350044747,10.64868797306394,-7.41176312754264,-9.514487140120979,14.810193853455525,27.249457185509364,-0.0068652810691235515,97.1592495513179,9.67236749081964,0.008493562409642129,96.52298968338364,-1.8006702118402438,7.072545452347448,-0.014285197164865326,-0.8378448242348828,5.093721490441145,0.0013562363900147165,-6.352562627247352,3.2365762014928463,9.86244834808353,-10.923315971714398,-0.6528816933315351,-0.7314269314662466,176.5943733707085,9.652808147891168,2.5681408798931544
621,10.35,7.358785080308195,3.2721178711307726,-3.243452994843335,29.53504743306667,-3.3501379086422753,-3.145668878933869,28.58383410138177,-0.4395439293370076,-0.003420571425804897,12.869923967580371,1.1240177147773762,0.0034152145857967095,6.117117674359802,4.17939209082123,-5.8132481157359175,-5.035507721147437,5.125436461050364,-15.391353149533966,4.22681468519913,-14.825568760022955,9.76164489808727,-7.832054491600384,-9.497844102816755,12.034994927649135,27.38548304800994,0.003100126528374252,94.44976325948113,8.868252970401805,0.0035550178497165802,98.24333213297552,-3.232368396831126,5.622539318425972,-0.010444858739331065,-0.8277004394270429,5.3551322509030665,0.0040108702166683705,-7.075348788170633,3.2801235117529046,8.91058393257383,-10.034571355084397,-0.3094171062480486,0.08581587827602179,176.57374032026254,9.961504806091327,2.7948189527408642
622,10.366666666666667,7.500696501801647,3.9411494456286085,-3.7272354956027267,29.349947141121632,-4.201964795245751,-2.4728753204053873,30.36064970671377,-1.1737941321679426,0.0043709538553452325,8.971892760562973,1.8688678913225971,0.0008350704302761961,7.186498231006071,4.330155206839002,-5.742445454705858,-5.9948787695567685,3.0442887831410688,-13.637480303761588,4.616208326644291,-13.95371782195379,10.53451730365956,-8.288526879042422,-9.962166706598127,10.050972097477288,27.508731447938548,0.0030201768849787035,93.53951291100537,8.713896004736739,-0.022101290770722096,98.11130553483287,-7.06570147126971,6.85224394859235,-0.01883797753005437,1.8752611692964933,4.339494042409766,-0.009222366397858534,-7.5790114741291275,3.2980933227322597,7.798479590581986,-9.849341979817911,0.33924763556294335,0.6771343488080455,176.42509052574204,10.289123034238443,3.3172266121369915
623,10.383333333333333,7.16662652289423,4.43881596021442,-4.373122034507488,28.936640900128808,-5.0692078251853685,-2.4680728835267107,32.38902060006129,-1.801135125009602,0.00028371205215565554,6.136019108940008,2.347202228333368,-0.002641792703006726,8.320696416688227,4.179709981992201,-4.88693155584117,-3.6180639672982204,0.9142284079699855,-11.862075536515665,5.150723960576669,-14.352724642689168,12.487133467109206,-8.867199722476174,-10.577834151782914,10.90114455274518,27.792181235564136,-0.0073381356398510966,97.06046722687022,9.98870949702683,-0.0105518796746485,99.78287406575028,-6.857677695907112,7.641285904733511,0.010942662306829899,3.853671040341614,3.9592003444437798,0.0018577601206594336,-7.262402711323821,3.5710219262126732,7.866486500592094,-10.08717110543754,0.021165077442396943,0.15410806458113513,176.16797021828629,10.208576838658296,3.8996040424744614
624,10.4,5.988236890107439,4.75484945749611,-3.749924718048517,28.594737814538306,-5.2655705197397,-1.874656938676078,33.80835758516475,-1.57846797107446,-0.0022213986653610174,4.352352428650951,2.075957971777852,-0.0032634046811202476,7.994254955097527,3.564657390629644,-5.53292209671307,-3.615016648235321,3.092819592914564,-11.587235249949797,5.601564887737442,-15.131428437711635,12.48741128663807,-8.932471645151018,-10.62506835282635,14.805633119741518,27.855251096724693,0.002808740156710543,99.68975424407913,10.690030772909303,0.018629867290708518,98.70003837398566,-5.651471115972155,7.579780164716672,-0.0019724461957338103,2.269817969008566,5.06694051166535,-0.009158295842617525,-6.512742446123093,4.258478549551875,8.079780875240871,-10.286905713322279,-0.4110619482552386,-0.41943589733846354,176.36424406802445,9.892146873163206,4.315001961713584
625,10.416666666666666,4.958486368672997,5.475535872168073,-2.624817550237204,29.089150432368477,-4.976798128670402,-1.1641049273152533,34.990556371795286,-1.1744456813349862,0.0015171476330054156,4.191555799119764,1.3955818910404694,0.004008374213217071,7.12035068005845,3.8783094654345796,-6.627970693207621,-4.210614196839511,5.922850009217386,-10.647587786518155,6.122878173858197,-14.979230553653421,10.053749440512899,-7.733267214433562,-10.390688945176707,16.480817453134666,27.51568249581277,0.001567602134279444,100.99371370996727,9.377748328643792,-0.008618730526979734,95.73005107861687,-5.214347608635584,7.768168980120808,-0.001535151490473979,0.37711934926656104,4.355609847328367,0.0032898991433312043,-6.200856470499632,4.876903493586459,7.659415302735202,-10.442775722141366,-0.04622304843262008,-0.4269015641174605,177.24942834205766,9.879431318092042,4.756164459217537
626,10.433333333333334,4.688028890190361,5.422497056556172,-1.8881808256386725,30.01996024322164,-4.367886613936066,-1.4983420657679087,36.892102055122,-1.0741176282622473,-0.0009001168125430428,6.087832373714088,1.1058021348091314,-0.0003169951757981532,7.532652854688281,4.661386312008877,-6.4994192645815625,-2.688165862889902,5.918362713144352,-9.495172561780333,5.907345319749001,-14.87701779542421,8.955506299032203,-6.540260986290854,-10.25154888791012,13.765431365218083,28.115125038110545,-0.0049584994673853,103.50005195015768,7.930918490097479,-0.015053161942094124,101.14670088245374,-4.849880246044431,7.203657831042277,0.003540273678069638,0.7403358502106083,1.9839767672577377,-0.005873313431103983,-6.278291822773067,4.515708355364672,7.704054549413128,-10.209695130155588,-0.04315372729939494,-0.857823453681007,177.54518499919345,10.032982966698741,4.522034219205993
627,10.45,5.000216763605907,4.294120280377339,-1.2696035038618056,30.756797993932512,-3.896519302209691,-0.5270285589042497,39.563739082352114,-0.8181800270513471,0.002238913927957962,8.819193189957913,1.2883623441223606,-0.0020720054574656557,9.026183057434157,4.934263706757936,-6.864825947624146,-3.6446423657450078,5.59290489667021,-9.512444280002633,5.791845378612458,-15.218016326957358,10.299640071665399,-6.185258557597125,-10.117164513933467,11.731726078095882,28.7362160027632,-0.006378894649158603,102.33022222820885,7.538505748484163,-0.023083629007219362,112.21756492998658,-5.841949778174571,7.492480513447758,0.0013324293227659576,1.7047574774186414,1.1817626274051838,0.004981241719554596,-6.271663812454003,3.7271187066058706,8.059249031027143,-10.174465501867509,-0.4459490338063545,-1.9426017104917437,176.66395768419528,10.13021085072026,3.8660607361665247
628,10.466666666666667,5.776142769933021,2.8724160830992025,-0.9336372074877856,31.52758893845743,-3.353956443660027,0.6175674862062265,42.72624990678035,-0.3083481218737926,-0.0020326788707432587,11.054555886880884,1.3966006857233204,0.0026365431166715707,8.688370472691552,4.1406115157850145,-7.594705859419103,-6.208494763234407,6.927109272131459,-11.821191772318993,6.3206843494627005,-15.024581320440062,10.803593426359827,-5.956111964305185,-10.270977001465338,10.425448025346034,28.21916326735857,-0.010369842266611041,97.72875041238471,7.6797716477183995,0.024948568041057613,117.93046400822104,-5.827045849750482,9.025583618255851,0.009791501295526516,2.1648296066089894,1.767743228612951,-0.0023916471804972823,-6.422879461724451,2.9160507015563204,8.09661499560882,-10.942256549229953,-0.43418079809933446,-2.7478966693511726,175.77323279661627,10.357470339937201,3.3415864599010137
629,10.483333333333333,6.317494253953975,1.2172088365596485,-0.8392548510587945,32.121095058972294,-2.4285514480642383,-0.759565081069646,45.907539464187984,-0.18489255698898394,-0.00471378970096225,12.942758659574826,1.3933343878832536,-0.0037690430541526855,6.571062062198931,3.5573246838541652,-7.470903800358797,-7.7765414673121045,8.362140468488635,-15.275312021860868,6.054207252346772,-14.486620320749406,8.956759268855883,-5.464732423306053,-10.472504454287378,10.116705814522042,27.72106456421278,0.010770194674770904,95.7711409674657,7.618831168162051,-0.02349403067822873,113.99632359899643,-4.232342543332184,7.909377586539227,-0.010338289028024921,1.8758759899678903,2.3963941147660988,0.0034735204367191074,-6.507906041791864,2.0169706149354827,8.350642840953961,-11.516229425561853,-0.473890445589295,-2.973794724395576,175.22809432413737,10.34620661289345,2.5820928166857144
630,10.5,6.093864322444166,0.6717627599075308,-0.27108461251499333,32.550392282277315,-1.8584612408534775,-1.3982768308467877,48.53116785121399,-0.8918790834564018,0.009159126087579367,15.908844252668027,1.4070006960273413,0.003664883780659408,5.617972484332937,5.852226174382819,-7.642415343533587,-9.331019847547456,7.143093552419048,-16.07816244496598,5.189019004046626,-14.187762554783797,7.467291603265718,-4.758509643658205,-10.467355744684346,13.796638820825443,27.538497289857666,-0.005842359923267934,95.51731317315372,6.953171952892727,-0.02509922537346412,101.1541028120383,-4.199145184839701,5.925837363175748,-0.0019330463839195777,0.27800468781489607,2.247609943277354,-0.009568825888105129,-6.105217553974145,1.7662906335448558,8.659048256178929,-11.40015064270349,-0.8057604974041257,-2.3889005545690027,174.7964172611316,9.825713433648728,2.165066577612965
631,10.516666666666667,6.290181691763969,0.7981954737739,0.7768136579798951,33.226870808649466,-1.6460180226835806,-0.7489083899554875,51.6189503895594,-1.0900482976638581,0.002917571426199859,19.958201831470642,1.488926062282028,0.00017733376131764714,4.359152356932988,7.950879711628555,-7.771176723165643,-8.875397042348373,4.216302512095741,-14.840751121412149,4.796790102355509,-14.061865954090454,7.813710285922975,-4.123953905736472,-10.67079686605049,15.00892290638559,26.840078121178447,0.00799348657359808,95.52257066424089,7.221999072843023,0.023170921695830647,93.96950220731347,-4.895567452826609,6.189008421951142,-0.004675988331936325,-0.24732117163984027,4.005667905619966,0.0038328849887351913,-5.683673605104875,1.80476894893008,8.73606820829986,-11.355553876480212,-0.544018090308366,-1.4129410636151651,174.67341587680357,9.317635492662493,2.1468607800201784
632,10.533333333333333,8.004051280180521,-0.7133500683735505,1.527068915760609,33.9563143407775,-0.8939828707964613,-2.008618290859469,55.969756382488306,0.08729202006753072,-0.017393617139031422,23.6804879449884,1.5518597086821386,-0.006474499938740837,0.5557090435742784,6.935939806004055,-7.101741446911594,-6.180905548613044,3.302202715251931,-14.05611080460674,4.648524222053432,-14.09213039764862,8.095111326768102,-3.6168541050025356,-10.825312749928868,10.444906280505723,25.339350530325746,0.011079223572604194,96.6292131533291,8.74173388785456,-0.04253386015942461,101.4572075803364,-4.650831786591264,6.534323954575941,0.0025986542215371594,2.5968099425289353,8.616617182361104,0.023076004569870287,-5.68549404583611,1.1720292177689644,8.950141538551263,-11.635710124476205,-0.22283829593716523,-2.0427023287034514,174.5681399686896,9.204979547032243,1.5229820594510217
633,10.55,10.210477097768882,-2.24649767621477,1.4064289732123063,34.41886996787465,0.012750068700065566,-3.7475548849749636,60.14620053045156,0.7067084746432256,0.005749417201344082,26.747551613227852,0.9507744238513388,0.007638522635451179,-3.4227661426959117,6.181099782515194,-6.301850910360025,-3.502272799629173,3.775924500021588,-13.660140863759874,4.3821033629344255,-13.940115668717354,7.142821983947532,-3.0695660734745154,-10.612128288877068,8.270366568989013,23.440433450117993,-0.014444117174345883,96.97897342599344,9.421509193755917,0.019393686968466824,106.38798848175554,-4.491273271314041,7.9089007430167255,-0.004014219511691634,4.528967393928934,8.3351712332877,-0.004299503874782873,-5.935836454765672,0.6838748139463677,9.001321295230731,-11.871403022726069,-1.2030232243670733,-3.5640714582166844,174.38092004993243,9.373595401463652,1.0493495106097668
634,10.566666666666666,12.326330893414292,-2.3854821442924043,0.5831954396298621,34.33254426846713,0.4954362999831377,-4.335620037193362,64.13097668590746,-0.06844176120993954,0.0035034249201998493,29.08336871914797,0.11351134126470927,-0.0004192170607801022,-5.159901507587121,6.24380725072068,-5.420492709070252,-1.1314569591279393,2.2733848454426875,-13.631367835397858,3.9414472470202213,-13.422441396131381,6.938489282417914,-2.7456136360894265,-10.531336812678752,10.454752645821301,21.4707867802056,0.0112974747681153,96.4882223273621,9.743620593069984,-0.011485254205877213,103.92345001887611,-4.90433634788131,8.372058657276787,0.009299937741516216,3.0415039754086677,4.071034537479219,0.024659510839825392,-6.208260831421382,0.6096236204298074,8.47624025976453,-11.592546381142796,-2.0064756628120186,-3.626227466429264,174.5187457292055,9.579674325832228,1.165403326135916
635,10.583333333333334,15.080061308577317,-2.6916592303651767,0.3225727802525953,33.94166864396297,1.1628394705942813,-5.033585517805776,68.83447525163083,-0.5161116588168497,-0.01329804744346848,30.563368274430992,-0.2838313200924135,-0.00409171114145481,-5.2748940506425965,5.104266196183036,-6.44326784113509,0.6575607241341325,1.19435807960218,-13.386242804536618,3.082849712814684,-13.271562467522704,9.060213322722,-2.235834477514669,-10.675254146644498,11.488427511485746,20.029709516565898,-0.002347011590659252,95.24391586265044,10.987161871069679,-0.021786650510235834,103.34692564846051,-6.073858121339041,5.188502396564891,0.015756720461678142,2.34351930805679,5.609705801808979,-0.0065834819772299874,-6.649167859359126,0.07001423250387794,7.712301666994906,-10.721016411408204,-1.3226562895176235,-3.2848411246792577,174.92873459011412,9.76972798840316,0.8207247022126969
636,10.6,17.995855623963077,-2.947873653109303,0.705791529404033,33.672049298326385,1.857422781685836,-6.114059882854166,73.1273437012329,-0.3286090206362157,0.002639689517464344,32.01150192899136,-0.9714951723599436,0.004300002068075137,-5.728755139221004,3.057305170689091,-8.623763022103565,1.8351344711460225,2.9110291785202924,-12.794935974917616,2.199971803131543,-13.414538452314007,10.63402400060154,-1.1225205169579098,-10.69559820189237,10.807062967762011,19.246912457037922,-0.013904720516054908,94.92260873977067,11.886596453060243,0.0063812555854453725,98.26808570408156,-6.373377920306561,4.38575654243072,-0.006444841589973531,2.371550901735448,7.385397123341914,0.0551792485519265,-7.078962480856791,-0.3305054098880603,7.314613124704673,-10.203685212453301,-1.096250985085049,-3.0647268352843486,174.94449093482453,9.92574540660776,0.42811551392785513
637,10.616666666666667,20.583501475050905,-2.974108968800763,0.8979555655276282,33.27864605148389,2.432674802341357,-6.4690156282238185,76.19769679326569,-0.25869826855999517,0.0006438334476925125,33.51547671037611,-2.0442473266415666,-0.0002545613383945341,-5.710507945911422,2.5985735225138864,-8.965137479852288,2.3259772859191106,3.9586349841562245,-13.30240354293923,1.8323362834156305,-13.002716404768098,9.82268863916751,-0.26671720143132677,-10.865156685285967,10.613850700013364,18.08403214493711,0.0323603560491954,99.98348695814342,12.70418676626665,-0.005746740619635392,90.15747227747863,-3.594633472222491,6.604636662925018,-0.0018829261078604773,1.3299918900572476,3.102634749073189,0.05428429868894247,-7.108042236922404,-0.13717579672546587,7.300392239191627,-10.254457501651816,-1.9722885853094945,-2.346911795836983,174.59905834344286,9.974649042332294,0.5214231995610247
638,10.633333333333333,23.10351934277414,-3.697009121281615,0.6309459820961368,32.51825197337504,3.423998132928113,-5.533369805554889,78.22332498825146,-0.1255443251358722,-0.0028891860312525485,34.120976088883516,-2.5784138121860383,-0.0027085866455775817,-3.543565355678805,4.131451535637669,-9.929588565117948,2.6351313543811417,4.241022650159941,-14.114081991284763,1.5774783601986395,-12.22720874676272,9.427361985015539,0.06741850095244767,-11.211289040475584,10.295458288021416,16.833496334056505,-0.0057480996164541295,105.45651907141249,14.354903305580711,-0.022591968678208976,89.49126169351698,-0.6213781579698923,7.853292713196587,-0.010077681251032105,0.6661187025913698,2.0134948650887,-0.03811730499029482,-7.175465451538459,-0.1833785344797081,6.674532061532072,-9.722024649693012,-2.2569439486632548,-2.1625698728859466,174.79026141640605,10.099004710573372,0.4378118217484315
639,10.65,25.26223908934285,-4.473401027586098,-1.0251391005527635,31.42971501978285,4.03321194877566,-4.465279033863751,79.230679490535,-0.5267592230232438,0.001280300371200132,33.78791249819381,-2.0802713508930037,0.002300602626143483,-1.0860636915904298,3.9459750379265084,-12.332198373681498,3.9569229165223994,4.562616273902292,-13.943647372201578,1.0329443820445796,-11.840899485646203,10.78789934500074,0.3640095986938824,-11.594356543061979,10.0583253623696,16.01938179075264,-0.0032454952890474606,105.87810910308653,15.667839472112195,0.02625118156034423,91.82838092440164,0.0539130441045075,8.149017220547735,0.001712662758612168,1.1699178338976004,5.193009542043523,-0.01746274927985306,-7.739953888033073,-0.6095597884135523,5.190112839308107,-8.840013436863805,-2.0946324077886658,-1.8137353452864406,175.30938088181603,10.454231866474439,0.06291031020808711
640,10.666666666666666,26.84430498723156,-4.758360148919028,-3.3257257401442057,29.911515132978973,4.051972760402778,-4.178102105383988,79.15955250464773,-1.6402177428558273,-0.005015646036145175,33.009849945933624,-1.3552385225408012,0.0004502909537754243,-0.656235770028681,2.8018148069134923,-12.358726537402504,4.988016197565323,3.2299109542060753,-14.014256729284881,0.3231842483399885,-11.92310080912043,11.925622361182647,0.5108760065666871,-12.08677189049373,11.016480066385153,14.908068522053766,0.009244329002555566,104.42957225307124,16.819971596273277,-0.018491121656419005,93.2931912746115,0.9798623045725924,6.8850155190284985,-0.01128351652775853,3.2613017752095548,5.657520636064126,-0.006587083167749733,-8.37718885736967,-0.8928162326766563,4.0178553625493185,-8.265319964356692,-2.178628214375237,-0.4529470314951926,175.63622442343237,10.685889005641606,-0.22350273069740526
641,10.683333333333334,28.18819565217567,-4.949246402233027,-4.1294546675147705,27.938839028413422,4.305036669747123,-4.444642833067868,78.18908341610042,-1.9517697735813957,0.0073002312538919005,32.00524738222644,-1.5009257085974714,-0.002859252434302929,-1.0966737272848406,2.338595956704104,-11.228766084818039,5.12777203022753,2.1443170248015995,-14.33779741730148,-0.6050646428162436,-11.889992599196889,11.329943571633141,0.7001743470138941,-12.126535933874704,12.041190850196173,14.216691350075143,0.0007171727809975369,102.51276215144833,18.36712440473938,-0.013486645940712574,94.85729602289821,2.4417927313013466,6.489824503148886,0.014203514427563608,4.277585810382471,4.8042452216108575,-0.002074647170331154,-8.69362063762619,-0.8729641684986619,3.5673086557155,-7.452757713726103,-2.031276937685338,0.5089530503071603,175.89935993654333,10.527652976659475,-0.30260823210409593
642,10.7,29.779056768601514,-4.56000006433847,-4.750679758433494,26.021926811704276,4.054709310901735,-5.434861494614637,76.77826395040151,-2.41341552981874,0.0008000543665905402,31.057207757857984,-1.9571877481896904,0.002304547170993845,0.12093278409933098,2.0531535138285184,-12.012525875071642,5.598226811366773,2.808065568571767,-13.144349545443632,-1.5104595358055133,-11.825685223704022,11.232115084197117,1.1569432704783686,-11.607437913354604,12.355816731451752,14.813513105266404,-0.0052815171656758015,102.25391627001163,19.816089539638167,0.01531084349538194,94.80471488203516,1.7967287435457875,8.936727007020579,-0.014293572797902172,2.158640794680889,3.4407419053319703,0.011746812643215908,-8.916662370756555,-0.3975967312868583,3.3229247373425346,-6.620285209599173,-2.4026399785929047,1.2321529887935343,175.70337185115358,10.39083225084214,-0.04132742554217658
643,10.716666666666667,31.419867155275693,-3.628991007864553,-6.655862326609726,24.26804293383153,3.27078898698427,-6.304217231773055,74.91518820208196,-4.124539208197424,-0.014293290285869587,30.048691600488294,-2.1891091910003793,-2.1142105644118974e-05,1.351625797379132,3.798706925372541,-12.3321218516103,6.190596521529209,3.775189042460281,-11.388319416356872,-2.2428348939308957,-12.219909744030872,13.504777857176196,1.6814136732630012,-10.945082145452567,11.327579569216242,15.419149559681903,-0.005004594788091265,101.84507478851255,21.270808792565973,-0.025226852683213657,96.16830570046065,-0.3016451916949837,10.086444194304798,-0.00017951643603567405,0.7025161699974212,0.6476060292042192,-0.012212558508233308,-9.150494062617573,0.49199692063269623,2.9050923996486375,-6.3149255025446625,-3.088337602827259,2.3071306834862404,175.4536021458567,10.450007638823148,0.542022909220584
644,10.733333333333333,32.43409360621111,-3.312659824214757,-7.556087072649669,22.27286689370928,3.2075083457178057,-6.012443184333516,72.40790429624803,-4.187396277213853,0.009453150699406427,28.697188606426053,-2.3571556087049776,-0.0028745514308907904,-0.38479255751875785,5.094738325276811,-9.178522144843676,6.720256869715031,4.0666182091235825,-11.52310019625691,-2.9778987534210315,-12.770757618556893,15.965240381382854,2.578607989515076,-10.491019748382856,9.345804023032668,15.268878558826309,-0.006247830902844148,96.16547920697523,22.182423592325417,0.008740025634829899,99.49243479180848,-1.5130309362560301,8.962295094616877,-0.001835440481296306,2.2323932841964234,0.05185895086742133,0.017828301049271012,-9.237460293764663,1.2176844802221074,2.2150042566391583,-5.737716797693361,-2.523362856623647,2.6038948386389054,175.78763092364505,10.31124270332025,1.0478211885093722
645,10.75,32.91162642527792,-3.501200932785874,-6.7461517439688174,20.064807550010894,3.3730333813922093,-5.7950119730775915,69.14603275481024,-2.2464889895878537,0.012918771600477387,27.574694929752347,-1.9015187335455306,0.0030958062713755405,-1.9846253394242832,3.2429127411246483,-6.266763902645424,6.726755661956397,3.137807237367621,-12.473722750760434,-3.2089989284945974,-13.354170068788438,18.1921852698554,3.915076281544466,-10.375436806200623,8.273808441587711,14.896337503140655,0.008670929160204085,94.26502755991105,22.339148526930227,0.020924577184228188,100.62390049257083,-0.31303454689309945,8.521627996026881,-0.0034340721720885633,3.0022212421948837,2.5398273006861896,0.0014174833432670274,-8.982393875765554,1.5269646978731473,1.4885725939662662,-4.618187731877222,-1.8687825005654577,2.730445672998244,175.8535399263207,9.809820213508537,1.1693379223434184
646,10.766666666666667,33.18651496950924,-3.51855662572799,-6.349197116333419,17.933836831905808,3.359954455385258,-6.50298956114271,64.77133325608602,-1.5983745349861394,-0.017949585017385843,26.851149402897562,-1.664817729991585,-0.0002401861690956099,-1.739486575104417,2.1081484732588662,-7.484569601709344,6.038225990315684,1.5242415975089723,-11.512573694664791,-2.8944880810688702,-13.795122962243989,18.795982650572743,5.043905894156972,-10.177877160785505,8.129491636541541,14.79744828919951,-0.01743504337708809,101.23520601706439,23.24406472925276,-0.03828502214401137,100.54340508168995,2.5385825290470247,9.103760179348006,0.00229190522894495,0.14063864297742742,4.858784505512543,-0.016840444681069714,-8.399886783307872,1.5098381636386513,0.7265626766874365,-4.340579715772198,-2.1356501464554287,3.524767963744813,175.6670737592257,9.29137253659736,0.8632538297809896
647,10.783333333333333,33.314059203832,-3.7877846505272297,-6.538277038607909,16.15195721258092,3.9706870992802776,-7.261065840445084,59.45967570576935,-2.041124721514877,-0.004915312065129502,25.82416127247742,-2.6376480750734705,-0.0034974865452057796,-2.5555172710191756,3.4322855137705877,-9.198822641889048,5.376558129776462,0.9654341565083934,-9.803830359019576,-3.2584077421126483,-13.664191488449204,15.479565935152738,5.449227939110263,-10.32851319593034,9.352220629001895,15.722325424522834,0.02996770657918619,104.00416464784486,25.639646995933767,0.024589910495876513,98.03838459970333,3.723416714567353,10.259169314690219,-0.006208241399656815,-3.1448373247132997,5.771419294237628,0.010054460930148574,-8.097901016539433,1.134994056152395,-0.12266774291350041,-4.930549729594038,-2.205605437160883,3.663763154101924,175.91227315227806,9.142959468119534,0.2646850270137588
648,10.8,33.35183825495677,-5.07015725949778,-5.907421833477381,14.713472577801769,5.239402514358266,-7.814454914878143,54.3217436316578,-1.282950127192692,0.015230658409686333,25.139649258056245,-3.2222880672663443,0.0005727294619387796,-3.780568966214737,5.651736559767826,-9.242562059841873,4.890078922432337,1.876247740088541,-9.560318532027866,-4.444141541311916,-13.325262734272425,12.322604160040894,5.409321223908052,-11.025332262928291,10.6582739921512,17.1250375313596,0.024051940215778313,102.0221838524719,27.935985356553964,0.048427281148360916,91.89989292717745,3.917473308456025,11.12701536501384,-0.011373881355445682,-3.3572686765343556,5.571290625738469,0.005768360483644114,-7.968240723472407,0.08898800549966293,-0.6270755598084383,-5.191475321264942,-2.123992896850892,3.580490231577624,176.10086935322676,8.90688827379528,-0.7927277558048356
649,10.816666666666666,33.74968551370707,-6.3338967743571155,-4.571940870462193,13.847555590424626,6.299318433469112,-8.87816388435882,49.82978658042815,-0.14044132944302914,0.0026529894399196677,25.98512866814204,-3.2103693430106723,-0.0004188922137972112,-3.477631192319372,6.702009836117404,-10.284865094014174,6.046738664088941,2.9485778459269927,-8.805816416230552,-5.22475796854511,-13.156807974922987,11.368780063151831,5.646218933588827,-11.352745839097938,9.510203777142543,17.459015632082057,-0.00869331687607702,103.80839112418035,29.394137183314577,-0.04064069256944224,91.14598811859672,2.905635021400581,10.218152053475082,0.0027983609635616005,-1.3818363875400304,4.0978402976599275,-0.01313160725910685,-7.698065603237214,-1.069006309485347,-0.8239505871346152,-5.718864917236787,-2.040018769865622,4.003084059846439,176.03741648545295,8.62498482814733,-2.003683549258294
650,10.833333333333334,34.56341434158514,-6.038884354668648,-4.378640039712856,13.934890338042818,6.455173045201028,-10.038897784483481,44.81947259428833,-0.37733474245991366,-0.014792674288813866,27.59566765706474,-3.843887281963313,0.0015082112323478857,-3.526719044413254,5.930744191760824,-11.650867468068315,8.735255597219568,4.6690837961417175,-7.086011358628832,-5.334751183013151,-13.42653551515362,11.03550026758451,6.265434912970569,-11.292724920738284,8.482058282513405,17.233851315685595,-0.0014311348280225708,103.01571759477515,31.20290228093312,-0.03123112337275483,96.00829423041623,-0.4728350487333672,9.023467754288992,-0.015418965173891503,-0.8956096725837462,2.4592354221008037,-0.0024335019870225095,-8.000921717315327,-1.0477254598587913,-1.2408103777516992,-6.4972570925896544,-1.5151511224925818,3.6295278853068296,176.31986551943132,9.18351391668031,-2.326905248059522
651,10.85,34.33983559234462,-5.233453798167533,-5.189201967946203,13.419511504327378,6.284023983138327,-10.190038246613053,38.66158591691423,-1.0582490664991977,-0.002323078700538482,28.17784968882956,-4.269283615577508,-0.00040093073761416715,-4.819175271963243,5.500656357986925,-12.768326342700584,10.307486770936983,6.769598697756587,-6.964187280529578,-5.786871012969329,-14.226266476683545,11.25258678355167,7.081884560269353,-11.418586182403995,10.266427600780558,17.54681505224737,0.004332151136299102,98.78129593894013,32.84165026733387,0.03229030496413427,94.99264075800312,0.045136738532624045,10.086329559903456,0.03388901296367128,-2.6386321304580704,2.6466623554205815,-0.0011877820516898224,-8.375805833644636,-0.4577632176795606,-1.6389683630700107,-6.366885097475392,-1.262281625616426,3.042473509625527,176.83155301260285,9.600215333209487,-2.141773195315224
652,10.866666666666667,32.904757534755475,-5.43950411579704,-4.77996260985417,11.673340754902515,6.617110254155306,-9.697505628496629,32.057427764691695,-0.7019184692373678,0.013329363501537279,28.046319656777484,-3.7202089450781535,0.0016988528277347237,-5.530036719555448,6.300462558968259,-14.600531060763068,11.309131786834316,5.885786673335137,-7.297407158358336,-6.5180012104340594,-14.557929196373491,9.737904021577597,7.931238841717796,-11.793063867813483,13.023407499789352,17.992805654577285,-0.00503281286865871,99.13457316337782,33.862724531955045,-0.000129103568683159,91.09113357398873,3.498594173503475,11.810557883443977,0.022183590674026202,-4.128864259390012,4.633324953086217,0.006168291697914316,-8.071618150928728,-0.7285119612763138,-1.7361073412798225,-6.20240464803601,-1.6912671652730396,3.2201417297740837,177.23605057570074,9.140517051142186,-2.6594310324264057
653,10.883333333333333,31.895187633289506,-6.4309447181406725,-4.227590071547404,10.53939846041972,7.353644875502873,-9.120224293570868,26.04899122653776,0.0950765407917373,-0.006419601650526337,28.970144938623232,-2.9206051259748094,-0.002433545431346112,-5.72263167138999,6.943803191632071,-15.243971599920739,13.563847579875528,3.0445239932737143,-7.0554475476154845,-6.603329613382626,-14.265003517095753,6.67517573806849,8.385888225269875,-12.034074514073936,13.689093074689922,18.126531739065552,0.0009719701906340958,101.11764653301651,35.148163956282126,-0.026216236589908494,93.82513018069687,2.9158292599537736,11.880898395161655,-0.0027756410376857076,-5.10644835945158,6.121625733687124,-0.0008141133645405641,-7.7860685475592115,-1.5913365613896875,-2.227398558028027,-6.8595291562279925,-1.8723222460821431,3.5107562280875704,177.86265275097952,8.888235689286287,-3.6804279769524673
654,10.9,31.238021457959128,-6.653033261658268,-4.798914511891056,9.62930014349806,7.70921829377083,-8.370971454156605,21.541689622449287,0.49073171327379833,1.6233611171687168e-05,30.359922155809883,-2.66282193220088,-0.0009821517464737122,-5.969241875597224,6.697480370401534,-14.337099096906922,15.759904029955146,3.7197054134562584,-8.288583763325175,-6.651159999694674,-14.184355202765884,6.194147514952715,8.297057819067701,-11.932403868945089,12.127382804957291,18.216062327281456,-0.003467241392924193,100.53772889383184,36.76841747590107,0.035818783789994015,97.13902049777228,1.2249466852483024,11.113589078622715,0.0004646850473458795,-4.736035804218928,6.000266712524365,-0.0041895767051587296,-7.5583766318496775,-1.659943824530051,-2.8934610136041874,-6.968443071234734,-1.48881602908407,4.36705539982698,178.23603076813708,8.628123255108315,-3.889198222883905
655,10.916666666666666,30.593331386184563,-5.650476340813384,-4.915760384913926,8.162998589424388,7.272436887928727,-8.193523862971906,17.466111907077412,0.3854957467287193,0.00478037968605551,31.15822558160668,-3.220718885264794,0.0005487109297743029,-5.2464615451440135,6.770971714063134,-13.437315670920599,16.816686684086356,7.759371981297574,-10.060643596037119,-7.1269555881084266,-14.509440707442687,7.713468879039865,8.204152805669127,-11.779802027598297,11.274890096781148,18.063463511150506,0.004543213653912658,101.22346879062637,38.64374353941236,0.021744443139851032,95.9680679488537,1.6762656689351834,9.494844829594333,-0.001366265851203183,-3.473834755557631,6.188169772147467,-0.010243938391265967,-7.260723825483887,-0.743659695938742,-2.7501948119078987,-6.184280351698076,-1.2640241712425713,5.2391256441868945,177.83433034311167,8.182411311670942,-3.1992734388527113
656,10.933333333333334,30.714399689345743,-4.811175633716751,-4.884483727247053,7.507528835586171,7.000127160273281,-8.224592578626206,12.911393640245025,-0.2962522194985347,-0.010092768661849282,32.26134220559327,-3.8479151002153107,0.004133734577210451,-5.131318674859725,8.261345736096922,-11.564578088288071,18.095408786973547,9.843507557993508,-9.720123246478126,-7.201303141451677,-15.021124959161273,7.499791874868012,8.7435641486611,-11.797710732127424,11.751630682268432,17.590011526181527,0.00641944827525178,103.38115063409415,40.21564692073178,-0.023128037890610357,95.3108809428166,2.9221785784248193,7.998761192900003,0.004667623449104328,-3.356509293873408,7.220687073449914,-0.017919367977649,-7.164724253356745,-0.15824837326280738,-2.282834239242283,-5.900932026602359,-1.6926489095076223,4.423920617469404,177.4283582994586,8.327769074285834,-2.8580778618699054
657,10.95,31.236811809433963,-4.681631945758545,-5.285032075423231,7.800622493442866,7.521827985590285,-6.409031489668056,9.290656011804327,-0.5729028202152084,0.004161415732040981,34.32091555614625,-3.585112925985841,-0.004504716605022563,-6.248202650378088,8.882354178972829,-8.943397195112842,19.604616120596628,8.997706218407634,-8.973268456178568,-7.248603312865957,-15.03641660038567,6.855014044308296,9.63142171855441,-12.003346092161385,11.595581604187249,17.748019440430152,-0.004414603889841735,104.39178509972179,40.67985518162202,0.0054267343588349426,94.21899662969527,2.4406433178963143,8.275915147980598,-0.001980699385848265,-2.7664409863410806,7.491904928369004,-0.0018901651261937825,-7.223657492209306,-0.388098720857973,-2.2457631503639877,-6.168247189171612,-2.476120630428875,3.973585029677388,177.41188258830465,8.6820028611966,-3.0687878383066853
658,10.966666666666667,31.337236861487238,-5.546054724314365,-4.635273447000081,7.985337804875833,8.844841180055301,-4.5440192625223,7.2244715611303265,0.49087405330950906,0.0055234907684271785,36.645929483513385,-3.2135842923821096,-0.0022495181158400405,-5.6608264720710615,7.577134825579965,-8.613063321466143,19.554298507546353,7.648495656814793,-9.427121409517525,-7.4666975537345035,-14.704760970373181,8.777779740423673,10.001828634805047,-12.216077244037397,10.548030245878111,18.014580276021434,-0.005686836388278666,104.43377656639818,40.66960795504433,0.0010661997458987404,91.46843263541902,0.09012650768151806,8.446778830702632,-0.002708751578783817,-1.5982248363293905,6.605603025759862,0.0009744870338385286,-7.47598997257581,-1.2791371661268407,-2.579914901410568,-6.584356267295308,-2.7898844031857406,5.2253292177226065,177.86869245605155,8.726598059289406,-3.866958079269914
659,10.983333333333333,31.48018521830471,-7.030405290554503,-3.1196474772951945,7.805476669824863,10.536695547455611,-4.82982910998248,6.543298933877133,1.6762583571511107,-0.0059290428556825585,38.43229575684566,-4.019075519677303,0.0027658107741003217,-4.766053178080567,6.35352137111781,-10.118407192460719,19.626179552545153,7.725882995297889,-9.617448083157212,-7.160215115466138,-15.032207213569151,10.36987297112666,9.832634560117334,-12.293307696658058,9.489965372926948,17.787733213888217,0.003006459059676299,103.82538502379273,41.00939131393638,-0.010451312913250637,89.55738966212405,0.8829122312283718,8.981913576403104,0.014223428985585502,-1.3946187800971501,5.2406421797548735,0.0005841309768980125,-7.718153169830157,-2.3171919547804505,-3.070382958076153,-7.348906513295465,-2.5790619262283556,5.937256032918397,178.65399292582023,8.791547597941351,-5.137179364764269
660,11.0,32.22905762855622,-7.205247831599118,-2.3189246430713575,7.48462739496776,11.036230937978823,-4.879002366628741,7.557586732193367,1.6582445898970968,0.002446658685410785,39.98440884468293,-4.860524890738219,0.0008780016169670048,-5.303694051191668,6.080292806615016,-10.724405046647368,21.62370027832057,9.019529913637799,-9.3070245270361,-7.149486849624409,-15.617460075105036,9.827141887657278,10.19741175122589,-11.961810852659461,9.078731164849982,18.364188904526486,0.0011543103322119122,103.71009912384604,41.06006376377203,0.023551158017596722,90.98136051517774,2.789187592227538,10.390151806961038,0.007576932321479113,-1.9144388426717536,5.32884230770714,-0.004165249525050258,-7.8339529994603545,-2.2916121835222136,-3.3171564754851954,-7.7690407844882285,-2.818179741075974,5.6058152305159465,179.0373588901477,9.143863062601508,-5.530480025918978
661,11.016666666666667,33.067615061471294,-6.213719081021011,-2.4475732275911417,7.036371217783879,9.962927937385404,-3.8537777133428577,9.661513094083189,1.0588125396907748,0.002353664524910402,41.565525729670235,-4.008905599468581,-0.0012088184601058939,-6.068595260273095,6.824941794288219,-10.09961295256076,22.160557384901008,7.723442340811803,-9.138451845958256,-7.423843896641307,-15.753996643095535,10.381977349656928,11.091766429095937,-11.448286705447783,10.197386942186736,18.773905225474017,-0.033837228313845294,101.98987592354732,40.30258536041481,0.02969312135040546,93.85908330384854,1.2221167149609722,9.3886326380898,0.02022332022993047,-2.372359070240928,5.533048397195407,-0.0032732172561249187,-7.956146234716143,-1.4190662610322928,-3.2373294529621126,-7.204885284438005,-3.213124648323468,4.725082791983483,179.1774734714332,9.4030723631689,-4.9273076213458085
662,11.033333333333333,33.349347320971255,-5.493793108781256,-2.6989626628180563,6.452453346786055,8.791534793924077,-3.1386578035384,11.78488860041489,0.9255537917628849,-0.003618191054107839,43.52056729633334,-2.562931246902458,-0.004501580020469529,-7.997666631173618,7.416192693040336,-9.281597993108543,20.919275047402383,5.488360121935093,-9.205672645939735,-6.713310321476992,-15.730608987717416,10.589897642918706,11.30614175107598,-11.98991554929421,12.636466795625857,17.9670675594867,-0.023866261096879126,100.38240728753658,39.269099924148406,-0.01944524456761246,90.61272827096002,0.4513600551510829,7.2936297033050295,-0.007440400475814153,-2.4652485523825085,3.0942598403026813,0.008370531348155156,-7.757168883785795,-0.7704639922779369,-3.3293156066403897,-6.350785842935606,-2.5587050840588415,4.39430802396479,179.39592224171736,9.077906765837389,-4.378536295171525
663,11.05,33.506776641303254,-4.950778871938781,-2.520196709437051,6.026640107239433,8.202843925581965,-3.440009643193484,13.748088124446479,1.0386547374978035,0.0022518196803698667,46.14073970599347,-2.747963905757821,0.004607061570899261,-10.77791618596135,6.844543164218368,-9.060227509519892,20.55639729355769,6.5426833942698135,-9.352699388667038,-5.809200907034147,-15.771456242062518,9.044207450552003,10.974626887873844,-12.778664771533755,13.990418375300235,17.543459187458826,-0.0009583183759375501,102.25754343360113,38.668049918634956,-0.008388755561208543,88.17039885814941,-0.11270498842917356,6.934211969698516,0.011136499049175195,-3.1404621796200183,2.7622975635790787,-0.007420260774037613,-7.473538374993357,-0.3746656320956648,-3.4096395627141827,-5.989544571620529,-2.1791380431239507,4.91152009857358,179.41120445834227,8.683666829422403,-3.994613588225627
664,11.066666666666666,34.199771596309645,-4.386986088363847,-2.122447910933581,6.23860561504092,7.9572830011932885,-4.208380884247236,15.717183858836085,0.8657988385722206,-0.0016652271386999873,48.56335125080223,-4.1015108606986335,0.003197113071837294,-12.171180417300016,6.591671330234234,-9.698494808179426,17.752217567157818,6.90874276908675,-10.898450318026994,-5.280090718983566,-16.00414263173522,11.237756949161467,10.618709486271069,-12.15435172240642,13.000008084431286,17.038534885496162,-0.006794040197192794,101.7125730044794,38.247029067839534,0.0021568440115707125,95.00854974495566,-2.3554299778203913,7.548640584816851,0.02424231194938935,-4.144543746932969,5.449689433670955,-0.008031519657115193,-7.918375261236513,-0.051311136461548584,-3.220380674652939,-5.670061519048809,-2.9101539737609916,4.21017794435293,179.56112642455642,8.953307484169848,-3.619969562047658
665,11.083333333333334,35.441668595348126,-4.008349602074501,-2.135451067364005,7.161883099770836,7.809384745598355,-3.5176725875509844,18.699379123506844,0.5257682724442292,0.00011934684282421976,51.295487688474125,-4.409860509571766,-0.005357563211286263,-12.00466644764543,6.7844483757968135,-10.60402507498025,11.60624068134199,5.99201152724538,-14.174801117732555,-4.51722309564451,-16.17879648184071,16.65204522904737,10.290731298694766,-11.373961260603856,11.676540767754187,15.610800371272303,0.005471806135633591,98.35058869380525,36.513275761689926,-0.01007099601621554,100.5438948948866,-2.322556336463609,8.345070378338912,0.014698496096421194,-3.9904267737042813,5.606493575259058,-0.00031452420908967456,-8.704932215151802,0.15901550598907657,-3.3314167255195732,-4.784819518827828,-2.968584229626028,3.3497551606845968,179.99319754139438,9.413726653605222,-3.3839552009105334
666,11.1,36.6718294761693,-3.9360272671460463,-3.0801909621835013,7.920714856962568,7.4167120281604,-1.8984260736279177,23.689714640188544,0.3433147561478601,0.004710366069113284,54.92426802774337,-3.526064626143198,-0.0008102401678917954,-10.84499422654119,6.232676076918041,-10.344658222546718,7.579640016513825,7.250943124916916,-14.922545096079165,-3.820468184240795,-15.906821572118165,17.857992124571556,9.778216688489428,-11.311728212453644,10.9798731159694,14.530900413889787,0.01231998498984285,97.07951586492457,33.96215838861439,0.004456432225484703,98.47953787543277,-1.8860919948176127,8.234072199322503,-0.0033806198844337446,-2.8163351730624373,4.919391502429064,0.0014137641248061163,-8.8128209329912,0.3469077277333658,-3.9451144048563767,-4.2783005623690515,-2.8562083084463823,3.9634328790450675,180.3569953184076,9.190371410712258,-3.2675762477862476
667,11.116666666666667,37.17433961751594,-3.884779490254354,-3.9523073048833814,8.464304139492507,6.653060636521883,-1.259459321071194,28.62860331729674,0.7472608594278297,-0.00434676915738347,58.39024485029089,-2.72882539005981,0.00827790364448859,-8.701476693984963,5.036745865253728,-9.36641590620416,6.124613687775789,7.242406560925058,-13.013743416358631,-3.297954074553774,-15.461646095199459,13.328147900183048,8.791902127658222,-11.091470465397636,10.68040535207182,14.531420571684155,-0.010785060807408282,100.55518010429437,32.13374109737278,-0.0072145299465409905,92.99094518172328,-1.9710002239352955,7.912262283290407,0.002309151837783304,-2.7352262710526687,4.79502683611566,0.009775191813983937,-8.53904002463214,0.7451310431700767,-4.589983090726425,-4.435044938502117,-3.403089329048005,4.507212529549969,180.56265276856354,8.674619995145475,-3.0266685123229924
668,11.133333333333333,37.26461174628211,-3.3017853234044185,-3.1649941308630627,9.823545927640929,5.913613263037063,-1.1631510501151432,31.758415880643152,1.4569809074734732,0.0011520362069928542,61.806723723866575,-2.1925593380877673,-0.005342937506172615,-6.231735880859369,3.963427115073445,-9.791934292923804,3.737409127151247,4.727758198253477,-11.964026086498018,-2.9774176132029857,-15.289109406912269,8.133064958154636,8.011050030510024,-10.678107114978623,11.667859944324379,15.423099559159926,-0.0008670311962601595,105.73222901797553,30.13986634051432,-0.0092137720074803,89.87079860802683,-0.27470231419264046,8.925678472907618,0.00880119067788566,-3.4672690736474854,3.61520579850483,0.011612947292403397,-8.515809658106864,1.3508167440197778,-4.554610353453669,-4.29198442162895,-3.2274906996960016,4.433052340932659,180.41783065420296,8.60887054999384,-2.6584734938082306
669,11.15,36.9792253840968,-2.715487457205436,-2.3309003279018654,11.27787352002926,5.597418405581587,-1.1188638671522364,34.148439465978626,1.6085239381479617,0.0031561729257767583,65.14429307516717,-2.14037526685247,-0.0018771060316636098,-4.346856914614862,3.3009819871680786,-10.598789458773561,-0.10463615934298089,3.7733420806215303,-10.788913469221978,-2.7124215490179515,-15.627268163330433,7.414753737340735,7.664668014725978,-10.273093237043675,13.441919489916863,16.129480483285743,0.005565173129773788,104.44448145713001,27.633483462183847,0.03920858331998352,93.40991549231062,0.8376646010479357,10.053665793214993,-0.007938578752744906,-2.7509386102569233,3.2520103977548738,0.0031734544180210696,-8.241543204506824,1.7196952682862094,-3.8312822178455104,-4.3210929379316765,-2.8014601011492224,3.909069257391763,180.10070924600078,8.392957640959285,-2.4709305830062958
670,11.166666666666666,35.88714153497673,-1.9441611165220092,-3.357860329952724,12.342646761305978,4.796823178102909,-1.7063127690543671,35.75818309841494,1.1634623828116797,-0.002452142793973948,67.93880869367204,-3.083588933514403,0.00471109353751347,-2.875645113224681,2.552531408024711,-10.351274580960409,-2.9383052918698134,4.984009698704413,-8.207205201013773,-2.2542029723680064,-15.756858076102702,8.655398738176416,6.976764073152075,-9.7440204918131,14.501410800999826,16.181082222885234,-0.015012046097186791,101.30587734916612,25.38689312979643,-0.026984697865215682,97.77910205337865,0.24800907800588726,10.258017007576901,9.404307258168703e-05,-2.370479997039797,4.316005555483383,-0.00797189998278544,-8.004941863271705,2.2051686756403384,-3.1861708439701633,-4.658678874307556,-3.02455295134772,3.3021735408540627,179.79970834245947,7.942300506900546,-1.860471993075126
671,11.183333333333334,35.027091004287,-0.38172277583661346,-4.336524098294431,14.519200360578354,3.050174780219721,-2.6126739082834165,36.46129872757027,0.6904022643575473,-0.00038791423796940373,71.18194207360021,-4.174070055654065,-0.0029169567941758996,-1.4766032700813227,2.294322963025675,-10.485376979169013,-4.538914795760213,6.424049671889047,-6.341596982421632,-1.85101116292673,-15.068523623888641,7.823609517814235,6.1952879026702155,-9.30619726794015,14.27014545308472,16.0083165761358,-0.01276506199065572,102.14058929987704,22.774961598999695,0.0009432427188917547,97.95314751591113,-0.48553558206966235,9.699891404858272,0.0021463466357718648,-2.4686974545703557,4.811042071718739,-0.011202863241628317,-8.629254361573798,3.091193476346378,-2.9013641762064353,-4.420620904907671,-2.846864107852882,3.2197982920583583,179.51102597580936,8.22641988116692,-0.6580243419731966
672,11.2,34.45761432697137,0.3512790420435589,-4.347959797405439,17.337068477647307,2.3137592711651993,-2.9612294194619007,37.36466772090347,0.28050854334016767,0.0012694706719978354,74.55051644779294,-4.860443535889036,0.0006999503816301894,-0.6751855571802217,3.1882036929702964,-10.936774498863763,-7.3026771730812925,7.35997069662928,-6.526222497742462,-1.3373714819926892,-14.739778301610714,8.494204244860365,5.731081195906024,-9.058626616886107,14.338231322918842,15.633475881551359,-0.008991056982237016,101.20363450853752,19.532730980288566,0.012976272487392498,96.68595790959489,-0.5237787395239071,9.481429340048988,0.0024526420763563176,-0.8007474335551996,3.72986002984143,-0.012707603639993983,-9.159641550346292,3.324123218124376,-2.7977076443778053,-4.295648040591895,-2.398246096095309,2.7034505769668202,179.97360000646304,8.631501853937639,-0.30604799734342547
673,11.216666666666667,33.164134424787655,-0.1986112428969551,-4.6182987921577245,19.602638182481044,2.9944199187351885,-2.987931794168464,37.977244868876426,-0.17285330443102614,-0.0033885801213355414,76.85077882904592,-5.377726517492442,-0.00022466453196731781,-0.26380569019775946,3.4263462251654806,-10.840570631174952,-9.722348766921742,7.246410490240786,-6.449342003979603,-1.076454264076263,-14.82262090719457,9.699533049773526,5.333062395217427,-8.590033263153526,15.788527970155586,15.847235574754425,0.007215102596111446,99.05747065483476,16.76857651551076,-0.018466382598402498,96.20299573037975,-0.3675163374051585,9.820812877943844,0.004683880545140704,0.6398895001624788,3.7516736186607926,0.0020726723574004003,-8.915661334979601,2.6887312608847234,-2.4112890387316726,-4.635005281375016,-2.4924943114816043,1.659626585073281,180.88868961802945,8.397546105787491,-1.0114310371908215
674,11.233333333333333,31.822676199160846,-0.6032379952752023,-3.9623295923087074,22.39603553144636,3.2828925031685956,-3.8514657621963915,37.33663035058147,0.13462611336967703,0.003470210857540572,78.72787742758064,-5.660319014382474,0.0013246793952384438,0.7151785716167348,2.0526943095502355,-11.279986298242877,-7.540606049526896,6.48441531544504,-5.536181731282949,-1.270223271121776,-14.12041386925883,7.16679849532315,4.574119629741408,-8.215189523357024,16.408999051044383,16.897346038122766,-0.0045997724649966204,100.20034813542131,15.590064529842952,0.009468869865097899,97.94755763684913,-0.7523997192145476,9.15840746323671,0.0005008926583337581,1.709917435356364,7.554806736070513,0.011973994363730497,-8.942320358195389,1.9220674747471997,-1.5804220828785391,-4.801854645865055,-2.4340769746203095,1.2011610898525287,180.9084482877506,8.515387104550069,-1.7041373709682757
675,11.25,30.470479307430335,-0.34869554653545703,-2.2433064635323667,25.129873902457163,2.753386408813447,-5.604600258035186,35.93997431441773,0.9405645492075809,0.0016710580645795173,80.20163410070616,-6.094361763697737,-0.0028419548277940285,1.6730894150696733,1.2030856753236634,-11.865971433814908,-1.8537498531475274,7.570389023711174,-7.037562660545187,-1.2798642462806007,-13.28033393629004,5.218230818610173,3.0458951642788668,-8.710776310759181,16.69807789162751,18.182753413577814,0.003579717024556993,102.39044528945337,15.4404320896557,0.012441071134054554,97.81599523387167,-1.0485575091260746,8.70790657581876,-0.005398197709709984,3.367716974158802,12.23775755335195,-0.011916101146674846,-9.364924763732745,1.5438957714871882,-0.9590021120581527,-5.043667312499986,-1.8697412461692373,1.4126861749186377,180.22809260744532,8.942707512401807,-1.7680337651625788
676,11.266666666666667,28.587325384016353,0.19977075821271725,-1.9288411851341003,26.572006769281753,2.023471437336305,-5.748084100154506,34.716548679937965,0.764994386015212,-0.004338702606993128,80.51687143456562,-5.162218948957917,-0.006919452669224937,2.4076790185103087,1.7840504232044916,-11.426433845230598,1.577575570815714,8.548432790260996,-9.850150491682596,-0.9171291858648838,-13.306835700395917,6.911023947744032,1.5360535275331495,-9.044182978926292,18.450727603757198,19.31202470344944,0.009861607191167179,103.39954342507141,14.410921210623911,-0.023334373725226808,93.09047373917483,-0.4002416475984318,9.127255812179207,-0.007774784564481437,2.600192933459859,13.34181039727814,0.029825206445522893,-9.39718634646136,1.7159560837983252,-0.7425763689320168,-5.303253380611638,-1.5770691706268778,1.7229237226337555,179.70644895012074,8.969356780906311,-1.409749972156997
677,11.283333333333333,26.954641752421118,0.24709668601382942,-2.5073724762402514,28.053913685176553,1.4973616295021186,-3.907448329387256,33.82569997744992,0.24609113643269043,0.0023835319958715904,79.67583287400059,-2.1600540382392395,0.03186346256565407,3.6710043265063703,1.7113898208635097,-10.981695339591948,1.3441578754956212,7.136971699191128,-10.633833484111761,-0.0010062210233703541,-13.555572449915891,8.9476597789573,0.7502759346524236,-8.58882594792357,20.29792503588605,19.44303183279003,-0.005303164637356562,102.61770078300746,12.825299327096337,0.01848859897438519,90.2837628400047,0.4347122064384812,8.281725869603378,-0.004257737459669627,0.38910292336122,11.64413845347854,0.04116702666770281,-9.227725680534611,1.624101856475892,-0.24357038454552024,-5.406234384303269,-1.727241985959675,1.0679050470796585,179.64629031067264,9.104871414604098,-1.5727908836502178
678,11.3,25.398704561205108,-0.044463541173336785,-2.3199730630620237,29.547564627166096,1.5089162735964374,-4.663233919153089,32.936835489595,0.06276257369086018,-0.0002641517874532396,77.06467648275586,-2.0972930035974926,-0.03568520863770442,4.418837267902319,0.6625161260370838,-11.273790132623997,0.08754690057344414,7.618057657658938,-10.5818995513909,1.0891846942130134,-13.001059180553787,9.938247045412842,-0.1834315377254813,-8.884685799095696,21.750291640615558,19.257378268938364,-0.007452809738740039,100.4544695312233,11.490910439482972,-0.01190431411536781,89.27784903582852,-0.5296054241682093,7.40521694660134,0.00010711452608651718,0.4958174600760002,8.647041702440056,-0.01596318024305381,-9.21403800401295,0.6832333604038473,0.6363097800175435,-5.259023024820072,-1.2807833696103397,0.20853696484955606,179.53535903689092,9.23046842415132,-2.224938498702474
679,11.316666666666666,23.83956112133428,0.015209669312007233,-2.1205363863070144,30.445817463878658,1.8666017199866092,-7.80012131463296,32.37071803047581,-0.6203380555456397,0.0002814508214300677,73.30012633902857,-5.054267278874997,-0.02320719478372219,4.137298233194164,0.5203216954275842,-11.620711663779792,-2.4225224466429096,8.91350251559482,-8.702976359719043,1.8317667328001386,-12.225934324688192,10.871527876294765,-1.5892422990591077,-9.519326069939392,21.18802968730158,20.300317458530987,-0.003906429331880462,99.48475979910366,10.19806979833838,-0.01886268112422263,88.07949092422123,-1.8231784214663374,8.05156739786894,-0.0027317081073577926,1.293807620964822,4.387244769891707,0.013972175207076882,-9.33414010242991,-0.23946827254319986,1.4625465599918885,-4.609656288356923,-0.47563507549681416,0.984281240030313,178.67049359439048,9.13360994133816,-2.6178047708625356
680,11.333333333333334,22.99249624454534,0.03513259467459171,-2.2591225694242154,31.60794647590829,1.9270501082427325,-8.070919661391459,32.68594434377765,-1.4429172093829952,-8.146162311971491e-05,70.24095722040377,-4.858170512753167,0.039423338054013254,4.831702855680126,1.1361790776031537,-11.78776788170672,-3.0920670282071083,7.131388968193828,-5.672297340866581,2.54057417232332,-12.393867376289341,11.248581626229292,-2.7838879248230377,-9.21220576816084,18.10851089180558,21.94105246160856,0.005890746910222373,98.97523873670455,10.399378257110765,-0.008420500400152584,89.42636724699638,-1.1376939792407759,8.813091185060086,0.00012510688503896498,0.5062870914463106,2.9168047408304507,-0.0009696887472789081,-9.195313645545706,-0.49276391601685116,2.2959720643677866,-4.743249119363692,-0.8587395470180894,1.8578363532924909,177.90120835256639,9.16410607640577,-2.7917282416505094
681,11.35,22.161180763353677,-0.055390220918363146,-1.9302395060678113,32.685667175827504,1.3799919367199356,-6.665613023949439,33.41971088180438,-1.4233335845796016,-0.0038577254669310253,67.16319103149456,-2.6930171339345126,-0.027102251327573025,6.684498780228932,1.6832025188459583,-11.50825446600986,1.0546844694019628,6.711815340349086,-5.97586442924149,3.240759011587462,-12.691824046185646,10.892068322339036,-3.719057456758331,-9.13415165237551,17.440113600695888,23.102223205117838,0.0003596274473034946,97.86624673414249,11.685160710483528,-0.0030924302418118745,87.8814256524241,-0.9330455626276393,8.709260118527421,0.0034626602380416183,-0.48218868288229316,4.837831911745607,-0.0036890141565659906,-8.645643917335182,-0.36959016267539474,3.0014005151422674,-5.909448803559079,-1.4399859021929005,1.851147667864109,177.83200495103875,9.097070508164077,-2.657295450662885
682,11.366666666666667,20.80534589330065,0.3254273733288919,-2.0617778360891306,33.05388834832997,0.07371934226720536,-6.2177780868730945,33.03567927977044,-0.8065262722130055,0.009444477412633247,62.78702641706798,-1.5611374267434788,0.0005317615670573629,6.7842927628845215,2.6432289088430467,-10.463589184407635,3.6432204961970425,7.3651484731192385,-8.795458767026492,3.7114641433203674,-12.390586736299854,11.018083974850464,-4.529578243283252,-9.535165155282575,19.182302577053242,24.13580256227388,-0.0017486641767649016,98.09440636824445,11.705006461122322,-0.006199891219711112,85.05076036037224,-2.0319964187392574,7.700460969759294,0.002853820352190344,1.084742568782438,5.869509627869555,-0.0025373314010769176,-8.413634722409197,0.3717763327853823,3.422394377077587,-6.2304007174384965,-1.086416770744093,1.9225289036592417,177.49624101726218,9.102726886716441,-1.6873930703860631
683,11.383333333333333,19.38416263524901,1.195801292937904,-4.321758923972931,33.08623411004878,-1.5678019957042564,-6.043141951363903,30.96653434445648,-1.0774741099025105,-0.005119771346288843,57.59417854595764,-0.48923682448053607,0.025852646042761208,5.004181168412963,3.6853794505660624,-8.940267985792033,1.6345542439117193,5.90656719247955,-10.517007306793797,4.172541521524628,-12.53074392732187,11.841143772527385,-5.0820362864382735,-9.57406882411726,18.058257981670042,25.52522816084997,-0.0016147067528956974,99.43113831558611,11.491559607465364,0.009547912806091742,89.29014819043587,-2.6876222434539434,7.13199952854163,-0.0027863999098767505,4.831654045334349,6.971093525412693,0.0030989423433205637,-8.319539135895468,1.6198674431755982,4.163635046954497,-5.947148061907469,-1.2651984116158268,1.350807501681296,176.8209368044034,9.308563928368873,-0.32669921976582567
684,11.4,17.877316656426014,2.2228662674492794,-6.549630938077164,32.813414166096514,-2.624946504832834,-6.292750167918885,29.11382113138711,-2.276575939412961,-0.004714496748439353,52.06482268093424,-0.12409268716256892,-0.038957723518092686,4.374959494945223,3.6776546065724744,-7.544483962690697,0.20112654539105962,3.7367303013417605,-11.031154758864846,4.618182711013883,-13.302393080931513,12.41852286912834,-6.058007088627805,-9.778042972790391,14.305511851811701,26.789460673730172,-0.0006746792054481705,100.01079300514631,13.335976356089967,0.0011400440061330268,94.22950263929256,-3.0923865788106992,7.372114138845486,0.0062153237474402625,6.9834719978947914,10.180845678852437,-0.0073924457195965465,-7.59707377763669,2.4279357029145605,5.285823237163627,-6.103371879870044,-1.7670056772711624,0.5271188811871849,176.39612784279836,9.124594729730388,0.560392386547633
685,11.416666666666666,16.321552807409958,2.7744905622021854,-5.846437901715463,32.309573736260056,-2.896877122201519,-5.86441009942877,28.810889141235144,-2.3771303494368103,0.0023117548566717657,46.39267349548683,0.19181638382202973,0.018292973132991084,5.016057517377156,3.201761198597634,-7.32038560112122,1.697992265418368,2.2185443677073695,-12.342096143843353,4.866817929945739,-13.536019025516502,11.367052905402765,-7.381228567276732,-10.229131726947895,11.715797659036204,27.533582149809146,-0.00019716087613539296,99.78166036063821,15.460931182864945,-0.00861467848880194,94.48040019553082,-2.0103130301108103,6.6832852510656,-0.01132701003437611,7.155188209708983,12.480713738366171,0.0034548593834058516,-6.914541217109764,2.4985666253849366,6.011016896370445,-6.393367781169774,-1.2058361604664638,0.19399134588613962,176.27841845683054,8.80890520158401,0.8287289598859655
686,11.433333333333334,15.135509087818654,2.3751934842230433,-4.739127540118596,32.036991431922445,-2.5508386569125525,-5.120653216845642,28.89972898726191,-1.472904187279003,0.00015365239994101493,40.55830372684747,1.116096236645344,0.020659181073812028,5.404572524744989,3.8058924473431666,-7.260886550564139,3.167328990820598,1.56458808215209,-14.4384998374782,4.8405424532340025,-13.366638922444439,9.98187721379423,-8.252377215489396,-10.567086093043194,11.476311309195523,28.588814539401714,-0.00374191127022127,99.91479461574367,15.453466595558911,-0.006097259616973161,95.11258204939836,-0.21466003884327767,6.388205089392363,-0.013108958813021935,7.033133340807534,12.308417737115834,-0.00576407637089599,-7.022015307339654,2.1023320428943535,6.1388054260012925,-6.8410674333106485,-0.6791025195232336,-0.3316258698002127,176.6724060861819,8.911461608865077,0.6526873396450088
687,11.45,14.363534850869378,1.9619873917741988,-5.696940351271394,31.9463543139819,-2.3518013252956353,-6.1693681760004795,28.85765736387553,-1.0553669130850318,-0.0003289540521390784,34.57803286193004,0.7520529454232769,-0.03736953001729277,5.610509324680877,4.661379921840924,-5.8430787283348495,1.5247871466542389,1.8556278374536705,-14.179327595621327,4.696094129338128,-13.798326597997233,11.127595371269267,-9.108711366513196,-10.832774074161785,12.55799311835669,30.281288918030096,0.005246239926191104,99.65837994543676,14.879899106279785,0.008440232019175422,97.28803671151927,-1.000124032641775,7.974711193774037,-0.015149670922382012,5.997785959852653,11.022633721029386,0.002727697448390221,-7.426702439357884,2.0616304280415876,5.98979967284667,-7.173142315141698,-0.8989450668786518,-0.06388981817966857,177.1056048948863,9.112631542540305,0.7882828882604412
688,11.466666666666667,13.730028517002822,2.261514241513454,-6.571308953244091,31.525316347133927,-2.8741881469654884,-7.031392379770579,29.29685380848061,-0.9749295288105753,0.0007372375156502986,28.58486764536558,0.14723397628180998,0.012190318535483404,5.951644860965422,4.093509413065577,-5.194093407432287,-1.5118461865326087,2.840136460933177,-12.425965421113126,5.349908963691505,-14.40226465323119,13.579000749779166,-9.630288771264166,-10.79336141548616,14.04712126651294,31.276464288736644,-0.004307574755804941,98.61188862787697,14.528134405720245,-0.0065291693930750305,97.53170868428593,-2.429889590672373,8.863449346455374,0.008788927900421586,4.724343242730073,9.00707673495609,0.011101596039423005,-7.4209908592512885,2.6949574365210727,5.640785628788886,-7.196646763447917,-1.1114993148254935,1.0826236505484101,176.95080951157425,9.244132060596565,1.4589947365300702
689,11.483333333333333,13.12140196491881,2.570379611206382,-5.303175672791651,30.74127005588159,-3.097104342200366,-6.116536708432116,29.969131304428252,-0.6796512735244993,-0.0010016484147353142,22.419695912675465,0.8578443061324302,0.0198637125355649,6.648486564888544,3.086260242747255,-6.741477019646626,-4.205884101142922,3.4386834732913814,-12.434106869437525,6.679274232151423,-14.362918201720023,14.884946410865167,-9.514430171656613,-10.57710654098595,14.874921943265262,31.088678769700024,-4.150723792337981e-06,98.93729116206535,13.92609675436282,-0.01397053999885876,97.11028724554616,-2.889731337767003,8.121300346212948,0.0003093772762328851,5.073924966955728,8.211712826565362,-0.003971496426848912,-7.163116383712106,3.033390771110989,5.32832682203525,-7.464141075125818,-1.4771218246584923,1.415251092529257,176.78186952967252,9.472291322998938,1.6840669858236925
690,11.5,12.617497422128118,3.0360754561762238,-3.2768536991444215,29.970353566921666,-3.205744133248442,-4.4293213846311055,30.7902303170537,-0.3665930711437452,0.0005373513405758825,16.83851361631178,1.2066045893692963,-0.020193878672256128,7.707795438018168,3.1575599842774524,-8.10531597090796,-5.6247995615261095,3.895515873726475,-13.440141278221098,7.219350635295309,-13.888225745627299,14.383294211756972,-9.8426957484427,-10.840744215918917,14.881383443200964,31.31713431948004,0.002762050674256367,100.85010342195602,14.188621590168486,0.020780561143918,94.0395726825741,-3.370533234874243,7.7181233227526755,-0.002980403438562589,5.095946246452949,9.7446693129416,-0.0020574478577017933,-7.181464498702756,3.2617263259219147,5.568964049621801,-7.508737607404961,-1.4836700123527575,1.2689325786209062,176.58426923944424,9.60719098803759,2.0119525943650856
691,11.516666666666667,11.893084286525523,4.25685323995742,-2.9264480833792392,29.163202998914095,-4.613245431762881,-2.1507145720245773,32.00797087332263,-0.17115308828902395,0.0014875729620459882,12.426095291619658,0.8539530443582982,6.493012336013419e-05,8.624612033230745,3.3953015652635337,-7.663737359450363,-2.4382778568412875,5.562377875869845,-13.744105515612308,6.831816284244061,-13.696975535552342,12.9974595104537,-10.607488774035293,-11.145523800481826,15.997774426434166,32.771402090407975,0.0009720690185848244,102.10182422884893,14.677794609345234,0.003530332258630823,86.71614462948449,-2.812063290574944,8.483693995426446,0.005671943691159578,3.391130893861478,10.722962498392679,0.013185802688044567,-7.170026372556337,4.383287858889634,6.2977782882591,-6.877779867911539,-0.6207696950394898,0.9908272003397107,175.80625825904008,9.40686109883176,3.503180510565871
692,11.533333333333333,11.229966175791395,4.789849152953367,-3.4242827219704406,28.557992240543108,-5.813992520515066,-0.7988349921562704,33.27346228187331,0.2751004997363052,-0.0037061218775870735,8.192953476871242,1.0698693160742887,0.011304791224696987,9.562800440267806,2.8171038250025884,-6.9458740805532795,1.785901807656349,6.172658634087225,-13.122240431417861,6.646934566231544,-13.955242683763176,13.646242053273015,-11.190536817668901,-10.793331177155478,16.704349587726238,33.751521167897415,-0.009665790124561974,100.90769043881295,13.925928097624789,0.023363799021238432,85.86535012567951,-2.817138305043681,9.443014991545562,0.0010486624365580776,2.542637461366011,8.88101367806906,-0.023307357080354845,-7.1716960233416875,5.112368192953337,6.461437600877253,-6.4027139918346565,-0.24790921996326756,0.7283823470336224,175.27414276073094,9.38754817598495,4.423163483869061
693,11.55,11.274474557902813,3.932791159070471,-3.4699599596150392,28.694409250338616,-5.016548406409682,-1.1197942770314033,34.79099821280604,0.5382197266427897,0.003741460775979104,4.91510180561989,1.3303235818212327,-0.003608834750692708,11.362235993608525,2.4008263375976484,-6.995998364746097,1.6891596013134949,4.9163823403082,-11.799206087180057,7.07885408866197,-14.003597853036934,15.302739720986139,-11.226736132952595,-10.517838391832845,15.1359946525562,33.36040291173846,-0.003931498893916195,99.21661626510144,12.687332729268745,-0.006608115423954452,89.01087160708246,-3.555180173852308,9.606225125342668,-0.0007313887018638973,0.545843533988039,4.873791337293364,0.03069758035740873,-7.528389554063985,4.131633103801884,5.699397741641106,-6.633272376717067,-0.6159280969749775,1.539210357675195,175.70702840881128,9.834240633030056,3.610113603004205
694,11.566666666666666,11.29754112635107,3.3345039294512335,-3.652847335182143,29.208638825173335,-4.035376027962293,-1.1715336178351237,36.86955318806382,0.4298004253566168,0.0021421414808934424,4.265008654841661,1.0475780688286425,0.00024318696922212004,13.571060757572344,2.76967154034655,-7.166418963752969,0.567139413847707,4.2204752983155975,-11.556787744814965,7.255938241063527,-13.648926186572972,14.17263703364783,-10.457748077443007,-10.892351645614758,15.520528984684574,33.239312406375895,0.003658032614258674,100.4436581015358,11.88589314704867,-0.009110504555387595,88.09513501086403,-2.540783147214036,8.639416116323561,-0.011725840619512503,-1.836813575448451,3.6662301487258837,0.04767046306549051,-7.451263129852799,3.0678176884678474,5.255574700105287,-7.296409356170004,-0.5398030014165317,2.0306941661587623,176.29969784964678,9.936939848130326,2.9779361512968863
695,11.583333333333334,11.122684645958312,3.3471138108430836,-3.6491758169784383,29.805804225157697,-4.3114110424161245,-0.9544042052210174,39.10825075469954,0.880026890734335,-0.004797938951106452,5.112828520076458,0.9370545045228882,0.002486444167871764,14.578469349603536,3.2545834882316504,-7.267850487446371,0.7723693506630182,3.880642994583552,-12.455815460672179,6.740077624151654,-13.508097585677866,12.329619041831338,-9.713073965020463,-11.079137509987193,16.218101459995243,33.86896078436546,0.0020173336841143004,101.35914043825768,12.159037321934514,0.006462226782039063,90.34583680313601,-3.0990900139642457,7.207062165158681,0.008492956167801553,1.2896511445378054,8.263552987048538,0.10609639454949533,-7.107690020492222,3.422315209450006,5.69758427988986,-7.818334597969726,-0.3206944934100088,0.9202570150456326,176.30755068195546,9.797224011441287,3.4878083512357354
696,11.6,11.376367396094079,3.080330876395386,-2.9657272672123542,30.621230646228884,-4.6742147534526906,-1.0373271302700735,41.429799716619236,1.7403926186261847,0.005734062473871661,6.3598113605374005,1.0907315622869271,-0.003073340370078517,14.70126559614596,2.7476052286347357,-7.2630546215217135,0.5433783076145481,3.085982816914009,-12.379429620538225,6.599496843389081,-13.667678169731413,12.482175720113569,-9.59438045221156,-10.968216929428813,12.771489006107496,34.18254067710193,-0.0023550966790016107,99.65744361897983,13.081633249597003,0.018251460816233953,91.44833743449794,-4.953887306609624,7.669025306823193,0.01795344887218812,3.970314362144682,11.165302796371508,-0.031833368713687756,-7.247139246112022,3.8930510914128593,5.998074962498392,-8.004237208280191,-0.4662726599812289,0.22339322952694404,176.0678152037742,9.999765249040868,3.9451045989605187
697,11.616666666666667,11.451431637004664,2.4563152271714577,-1.7825929526123878,31.15445204319342,-3.7756219086367837,-1.1478635499526768,43.52053681521438,2.252896649103452,-0.006723481960146776,8.07689566762183,0.4618244145376026,-0.0036255375650992667,15.825704466065165,2.077014155100777,-7.9637929585913465,-1.1612089242491397,2.6339019218500423,-11.97808346532977,6.894230150837894,-13.70620178217047,13.316943890087144,-9.354909452833573,-11.36775398194037,13.393872316372368,34.155573836025326,0.00835146485584536,100.07915202518735,12.47306751443088,-0.016296514524853725,85.82595289081759,-4.083224903732456,9.427829096479101,0.024071455750749964,1.8586829830398777,8.41818471644239,0.0279771536018315,-7.570937867028455,3.0134501850546522,5.744983800531397,-8.179769395224975,-0.43631651116569387,0.6257696809409524,175.92263660758243,10.26928750170108,3.4640814508968485
698,11.633333333333333,11.236228925020306,2.3609055148268285,-1.4981715771121793,31.634829649584944,-2.5027376347098564,-1.8236779340353366,45.23924778323568,1.3290457516197092,-0.00303705676620453,9.910669050603943,-1.015425940368918,0.012130655480391148,16.65058113998959,3.3063742986739935,-9.111354746636076,-4.352049378131262,4.6937195865543435,-12.402075098449277,6.082741011158521,-14.381997688754158,13.910540731969506,-8.97315640729252,-11.348068039521344,18.042723406104162,33.92299403191212,-0.0021228110186265656,100.54911061868923,11.355716678711584,-0.0282611681899119,88.4408453218216,-3.3928518163035855,9.71130200410045,-0.004862469295979745,1.9719852926453663,6.558122474631634,-0.0232770435960195,-8.30060435685563,2.6901606321915716,5.926656806929324,-7.770481294675494,-0.5126966965753724,0.35723184922762724,175.88274833989288,10.549476877555932,2.849226861660258
699,11.65,11.500424558107245,2.9876379653965355,-2.7791544466459084,32.77811508528128,-2.47042421496197,-1.2626801722202172,47.524361132987,-0.6925023680748842,0.021838917438349956,12.112806027035527,-1.107179928359356,-0.007289952507531415,15.065871421649687,5.136864532135642,-8.454454594879554,-7.394870503716678,7.6871781658521785,-12.889489428121092,4.827778017632383,-15.723546147427541,13.973669382180933,-8.940736244321824,-10.23064022574941,14.375015846055376,33.02662081706002,-0.016737286258760448,97.63203723767265,12.34602753944486,-0.04729054530239162,98.7035641123625,-3.8080653415839025,9.205977451514947,-0.001577112536846282,5.237843560945522,9.314554172583994,0.005093560981457581,-9.461710950944044,4.1160137570968285,6.167069931464265,-6.5962952486076665,-1.0967426273428855,-0.29364425847750186,176.15991292493084,10.944066203774668,3.1479105219374715
700,11.666666666666666,12.121747624700623,2.057805968950548,-2.539842029969782,34.36496144336756,-1.901405111401388,1.0436602427759076,50.25760829373928,-0.09550880975631418,-0.011850022143567757,14.900613957930574,0.0823569940394898,-0.019718327927603054,13.22653566967558,5.78932586905635,-7.350511473483325,-9.561790189333543,6.602254844273129,-13.364786975717761,4.584415992523816,-16.139297035982235,13.07532123039796,-8.5702028466118,-9.778315640556915,9.814933972712259,31.546385695901275,0.025933849841142918,97.57901970947674,13.36148287741844,0.03215426795000592,97.53686431681282,-3.3159109139629313,8.126058553122798,0.0024139657683756913,8.109227258908996,13.889030869298743,-0.03001934213804467,-10.431452208875486,4.561414457217612,5.442756779183637,-6.11741439810686,-2.012231475894178,0.15969780218273566,176.69247133775076,11.4909130417118,3.23022437529657
701,11.683333333333334,12.774428521840626,-1.1501140539590746,-0.49461816497587757,35.5299662409047,0.6483536109223801,0.13082294827307628,52.99028108188273,2.6753998993644412,-0.02600266327402838,17.986527010937785,-0.638575007697502,0.030642433465500035,12.090588806626112,6.172844187282799,-7.481567510058548,-10.809151329873846,3.9318742766330588,-12.355010581129722,4.090684983179302,-15.70943084167212,11.554476919833347,-7.744514481307072,-10.079116108209531,14.429715804870604,30.32929431283982,-0.002210978359762529,99.97318239670285,12.125226599329208,-0.010246445343167283,90.2652771921931,-3.458544149569242,6.32386552211182,0.004020537528344956,7.010419711691195,13.953424067588758,0.06145166291205662,-11.107798518376953,3.182192744177453,4.886572611545199,-5.972272913898159,-2.8555560671344717,0.773165567175416,176.91354748550174,11.908887270618294,1.9390183025105239
702,11.7,13.872608251733299,-3.1914970803999143,-0.43000745530285295,35.58699536939499,1.743480203636032,-3.4710077212569264,56.947683411272045,2.244428497449582,0.032622288761195176,21.19798410782282,-1.356828206238075,0.0001831303567399938,9.201443352531125,6.45985367859135,-7.206479938595992,-9.657054574960105,2.7138855092208902,-11.05922068172944,3.411072497337676,-14.699638716954436,10.936755785228023,-6.839933779304388,-10.421645209021248,16.653900704292834,29.09360040999658,-0.01576773735954748,99.58485815484842,10.821239053556624,0.01227541071159081,90.95882814139473,-3.994229046880594,5.255219669952527,-0.003550919363104657,1.7157674544508184,9.578364191689673,0.0736598662451132,-10.73277318793196,1.2239220785042695,5.559340229911729,-5.717773106610136,-1.8988209269979406,0.800031248503653,175.98311581986118,11.383983268609004,0.6224705207009555
703,11.716666666666667,15.474826316664615,-2.5778314422216293,-1.5108446724756928,34.427000498814245,0.06628043433169377,-4.505812449300976,61.93949837232936,-0.5979885689232294,0.017145716291614026,24.013771863758112,0.5601038484359665,-0.03028392092541361,5.076231868455137,6.2549326040758855,-7.45827959221536,-6.700098513273466,1.0663440644255893,-12.364246192985226,3.8257383386090282,-12.778185450368865,11.051190615046254,-5.840745730823327,-11.52784907429786,12.818232984996465,26.958647017505093,0.016677138683254097,99.69304668640304,11.214594668009877,-0.007283891811522034,94.42844148047703,-3.318263581251971,5.470179590296686,0.00701495752456958,-1.2495171945929673,8.214191056014815,-0.0532986418543062,-9.14916477357177,-0.6439902005924051,6.677517514637869,-6.310157236595222,0.21630047298541355,1.3548650157978162,174.06108284752673,10.097403230694416,0.48344853555724554
704,11.733333333333333,17.607529595040443,-3.205355993196908,-1.5618764042451054,34.21293446651292,0.5819064915924034,-5.2979790337065795,66.38491566029326,-0.921931438002641,-0.039095792352829326,26.324889198617633,-0.25395786351760113,0.023302567716002462,2.0551711276237516,5.39203263286003,-8.174989331040088,-4.336285892611037,2.1618772929499355,-12.760844789329013,3.2801770732914717,-12.215406033454187,10.87244859471788,-5.718526006408061,-11.474751529954103,12.227023608153015,24.885960722584997,-0.00027371519755111214,101.36575793426582,11.773467744725759,-0.0009650729170393527,95.0091220061664,-3.3533122500480292,6.896697722044164,-0.007073636856145869,-1.1114573187376628,9.99737088876416,0.00640436607766056,-9.388984936002363,-0.7851966883531509,6.40098916162231,-5.98612104762727,-0.5445276478673011,2.6890405185139397,173.73023278105097,9.877720386771621,0.3270769506348135
705,11.75,20.908890048760597,-6.428810445790739,-2.565687835783039,36.09200150417927,4.502505746097552,-6.819547484729852,70.4397098237514,-0.15772270914998565,0.010907669085627557,28.24268730271828,-4.526190087464105,0.00340610503987068,0.5018814138764264,5.105547617339774,-6.721954755030776,-3.5680826103355723,6.4504365221393085,-11.529547635962004,1.194159604300491,-13.880901523689335,12.187069198906006,-6.3118195576550615,-9.335858511223938,13.225608304824437,23.31759315682259,-0.00853606270020754,101.24749657097219,12.215089854179332,0.004153810393955765,94.03842518220274,-5.2522341703952975,6.848950939479904,-0.007961108998373332,-2.4188753025456156,10.621369407136616,0.012358039154752656,-12.440692402681654,0.23360296539702394,4.3813095182892505,-4.775661743959271,-3.3025972890959707,3.821282973831841,175.77012109348124,11.504005460037039,-0.6913787235412536
706,11.766666666666667,23.84877962359857,-7.976353265096161,-3.6913438428381835,36.05510997828214,6.110521604767524,-5.013211742354372,74.13502361653549,-1.409004633403172,0.016973769333890387,29.00207423978592,-4.265168204500841,-0.006331110733748343,-1.2234348243049407,7.639379539994112,-5.080784942386211,-3.104027029278799,6.17999963039686,-12.856214118815322,0.6376756085523654,-14.014563475142792,14.063622572031687,-5.488519633305212,-8.927025157929638,12.471821958581437,21.588921775525495,0.002645785066617698,101.08545022877777,13.390452564296671,0.008380761769301593,91.90461546712928,-5.707452237532624,5.327631404960482,-0.027062721040804347,-4.111103431627051,8.108043772930767,-0.013075649157761505,-13.220349118256987,-0.5849957541354505,3.350930290348155,-5.100925069541902,-3.1271825329693757,3.8416707433408095,176.62058531076133,12.123530278210533,-1.4634812260448422
707,11.783333333333333,25.20721991608956,-6.951813938473452,-3.066885591493592,32.792246506905656,4.600623522293631,-3.044232023307816,77.18872374611144,-3.1383519896618672,-0.022792125962702137,28.894872970036165,-0.5127030544279492,0.011436191925826901,-4.4234595156645575,10.638233339031007,-5.442015795350074,-1.7981888858061683,1.742026385528839,-14.728732190743912,1.3755553391897708,-11.91554734460026,12.69413302498637,-3.492256940649987,-10.779826352160953,12.407087846911004,20.10426609023816,0.0009908284625082277,104.20960614763978,14.165647655236576,-0.008009309002033978,89.49617458809126,-3.1552282761429336,7.0409083359877,0.03053516392730804,-3.799140467111178,5.625777384845462,-0.02644893725108757,-10.576084312957384,-2.635378687838824,4.150439038413388,-5.661839381739161,-1.2596732952805747,3.1589872357652564,175.3087056232424,10.466088950390374,-1.5971847171952083
708,11.8,26.803082356657402,-6.085182769690236,-4.709961608381801,30.933152128495948,4.0650385270543845,-3.7606527707906006,79.76115483453056,-5.38224122922567,0.010917408205586487,29.623307247458147,0.17389019577884193,0.0018943605476487418,-5.626400060827057,10.731075275476513,-7.093260365006768,-0.06053999405995201,0.18368641460701587,-14.457841062781943,1.1664827369423896,-11.035407759824345,10.467182726145436,-2.153375790057141,-11.49350936267442,11.506086428897325,18.841280830337713,-0.007722240103291114,108.11242380538711,14.860492386951838,0.003988553233841972,88.1001702865472,-0.7113788621356436,10.32299207238223,0.00303483990313705,-1.7743267218273207,8.826053407573555,0.02613216206217142,-9.510669211828418,-3.069499151549796,4.412457265520491,-5.480395901997522,-1.4734787564931853,3.2205561374684657,174.82996472868285,9.588162362223041,-1.4524151221692843
709,11.816666666666666,28.672944304021453,-5.521252892323383,-8.72609986630624,30.663885471640878,4.232167872911779,-3.558774567047163,81.07078573102648,-8.262591067103061,0.0038782937346095153,30.50585677389212,-0.6026848340534596,-0.004735690875541176,-1.5632441661258252,9.00898067529547,-10.293938180059381,1.7820485359602556,1.4026709557735892,-14.437129094510215,0.38600012434369907,-11.55019764613038,11.257815366434622,-1.4205414347058782,-11.027879062021235,10.068445381997336,17.62490540137199,-0.008072930642891461,109.84316254021772,16.08873799459564,0.0001508598985500579,88.26131879646258,0.44090858679068423,10.465009206857482,-0.013757048747172908,-0.3423930955376122,9.86680321139319,0.03725638436028687,-10.224313352110514,-2.0309005211857887,3.612164378342714,-5.341421196888729,-2.208732482212586,4.286482588505451,175.3552528859474,9.991006135155214,-0.8932619931237739
710,11.833333333333334,29.968517870601612,-5.155531027437434,-9.568564429421142,28.947085260458504,4.045025925952976,-2.794561677023978,81.39540843308222,-8.488944277056328,-0.006584455908096787,29.776581346149037,-0.5096920689073251,0.0005293845359870998,2.234359733251849,7.197901010765242,-12.969623396172176,3.296782954842234,2.012339837408816,-14.477314347376074,-0.3728391448626572,-11.714095805366426,12.21978770226622,-0.5630067786957769,-10.809925259630152,11.022290139983141,16.97215576324498,-0.0046530380867114045,110.48885160533112,16.428823934520942,0.003829160564400423,88.96514053025425,1.6420724243231137,9.06332025039705,-0.004811531463655873,-2.7973383057756815,4.9768965690312434,0.042207268643042445,-10.177721180481743,-1.5716979309183656,3.0256583062578493,-4.92857677606266,-2.037656242492989,5.003377461338442,175.63832567764538,9.703224152933341,-0.5705742980447108
711,11.85,31.796360971145454,-5.517083545799486,-8.05549264027436,27.151817675880146,4.21036922949253,-2.8262853215679256,81.67208921882866,-5.917238644623114,0.004689559898590843,28.94172724198757,-0.5242932362677297,0.00012253714110950552,1.200219450981245,5.643027115617809,-12.668560253266504,3.613823748080135,2.0686994211081564,-13.281129457815036,-0.9145833143158568,-11.498076037978683,11.246795136783605,0.6110706985309236,-10.651740585521374,11.88855293904191,16.417190280219117,0.0013622412885991534,110.71112098859996,16.99219082117667,0.0009713850338758552,89.73075305082543,2.3537413591821537,9.446756679227523,0.004816576838731011,-6.578571801613273,6.759186230742639,-0.08106892307398857,-9.923168037452914,-1.7890947374397914,2.3340117147220996,-4.93713796582315,-2.3880792805400533,4.843400369870087,176.31198836138344,9.346526525054065,-0.6593930079946693
712,11.866666666666667,33.94505682717298,-6.109924088116944,-7.073507092827688,26.168308782657455,4.591508787318707,-2.7842297294155425,81.36433574845789,-3.5460320055036116,0.004190326756889839,28.591731766239853,-0.4796484592318843,0.001728621271028613,-0.43940907804864815,4.100797138206992,-10.56694050627202,3.4574659177539218,1.9961659935398053,-12.18812205881758,-1.1159197760296884,-11.570676375026018,11.858967044257751,1.6274105267482897,-10.063509120671966,9.191523762417823,15.235230201258446,0.0008147145201201925,109.69813949843235,18.908574704650267,-0.017476319052183442,93.36008069567545,2.1007955248734613,10.299333652584089,0.0015173850705364044,-6.4008754974799915,11.654694423623077,0.04718866485321917,-10.206862120252733,-1.927418203627712,1.160303000194394,-5.315204581428411,-3.1042950134070018,5.722169367017094,177.19072561925486,9.638617754952998,-0.90056447269831
713,11.883333333333333,35.3514779944435,-6.529927159631879,-6.108981228725839,24.360225191205174,5.161741622934647,-2.9215506928604675,79.90437196092276,-2.5251992066108233,-0.0053659193689469305,26.931894836423915,-0.4975743059248907,-0.0008773697738643726,-1.0732891951335173,3.7523652485212238,-7.80894648942602,3.772951805101099,1.6989768594519978,-11.890663838015987,-1.5651713397465186,-12.09803414446359,14.800729233012293,2.0073007254933333,-9.444611130113476,5.585986731384389,14.190594328186403,0.0019249244841064899,105.9911559469123,20.440771812673038,0.006753773977356129,98.41826743536693,1.5500333670868676,10.08780618782815,-0.01779709906166934,-3.371924637461289,8.346848909776783,-0.03738818784730846,-10.51343069132106,-2.088281674066436,0.3219546211919583,-4.761478690879228,-3.087819123103726,7.286262667988829,177.5373075860905,9.766160274574446,-1.372732725177846
714,11.9,36.31899467004375,-6.5076578027279455,-5.904043854171946,22.4584418978949,5.525318465273953,-3.256581822223213,77.35109092511561,-1.9170720957365228,0.008262111751279607,25.46620860718014,-1.091977815319762,-0.00016527973048912443,-2.3756516925024997,4.417010100249024,-6.427090298772799,4.342405774688538,2.2548028684898873,-11.89569754936632,-2.193546716361659,-12.330282252105832,15.325195186179089,2.369998015116327,-9.74156135520742,5.91473633749405,14.6752524637675,-0.0007358700476595279,102.5992319594185,21.556962808621886,0.009146039002690828,98.52601143381713,2.641011060500064,11.570055928571625,0.029320198363780976,-1.8107790992662989,3.9213454055887587,0.01857573107133894,-10.535930707486772,-2.1281736914937794,-0.15938289560395422,-4.369652556958319,-2.6881460818193195,7.076242798322369,177.83190486180393,9.640068856541962,-1.3640782536200737
715,11.916666666666666,37.012118359888944,-6.0009478238364204,-6.955923737752373,20.900652162892893,5.022892630816346,-3.828824801608011,74.21165677176936,-1.4118738031409235,-0.004659003608390104,25.085498224663613,-1.4354542079803392,0.0006581600564097823,-2.473783403844914,4.283601863064915,-7.627106385235049,4.82571643941875,3.1146588170946434,-11.309018573645938,-2.930840439546582,-12.26812638078174,13.436414787171897,3.1901481828035294,-10.25625380762786,8.47788921486186,15.82998871741205,-0.013021240276375669,102.87093064891423,22.749478293678226,-0.00018230635960887835,95.22160351671641,4.9545137915193695,13.27728197839601,0.02448638866287527,-2.4461742427796223,5.015649837013092,-0.005210259610422567,-10.221891875942697,-1.5423507341805263,-0.612243744551037,-5.1351859962197715,-2.59058169221709,6.362181881298052,178.02424220034425,9.311613895101567,-0.7235286049090964
716,11.933333333333334,37.198316206314985,-5.865837414377809,-7.4938770207171,18.644019975000475,4.6942113008912845,-4.244545191872396,70.98521423013607,-1.4384180265669733,-0.0016524435505306727,23.89586657642278,-1.1146915168644798,0.0010963312049117812,-0.7331773359888096,4.111095435892821,-8.002517745089833,4.663793837049645,2.479945359815296,-10.00032014700006,-3.9177255912276254,-12.567734655126868,13.015783017120674,3.964176506844726,-10.164511905418632,9.592491681095092,15.679069767777078,0.002423298012122152,103.77590706165033,23.3969117180379,-0.0007746873466513892,95.87679122238413,4.745345022474778,11.228039773465527,0.016289147190219365,-3.0329603765632656,6.745593887012419,-0.01005503316441035,-9.611014963931282,-1.0584036025858605,-1.0216163400217282,-5.586741912097717,-2.329647702992186,6.386991918300334,178.11718951083247,8.576109896074142,-0.6293348939669128
717,11.95,37.48716480850357,-6.400506297740476,-7.467088964142926,17.111871485647583,5.3171036810945465,-4.387244439722872,67.21409050349438,-1.6485162973546463,0.009027683070618157,23.180097971232904,-1.1063623131573745,0.001965225045791493,0.7919072809586228,4.518630923717302,-7.102226214068338,3.805790581495135,0.7457072585671252,-8.588516649688648,-4.600989722641394,-12.947090227209785,13.162435993371613,4.660003136337355,-10.228677989453574,9.682579375850203,15.191686237984836,0.0021807815451899983,103.35178487248837,24.163026601849346,0.004208814011697963,99.1621948953227,3.309215182754922,9.123762427039805,-0.012809560478947254,-1.9747041144900142,6.84568838038979,0.010807976428678409,-9.399828591392557,-1.2601391103406687,-1.6735837354328331,-5.850950317559896,-2.0917311708457054,5.693828639210003,178.7267611890847,8.30911291629267,-1.2004848165484796
718,11.966666666666667,37.792442154927556,-6.247070645002862,-8.207383003999226,16.799085352131325,5.630397795810046,-5.678107678007051,61.95251982399475,-1.8714156431166376,-0.01989443323964343,23.815685797122566,-1.6136527833891816,0.0012813861648791468,0.4117640424717459,4.155132222160889,-7.606227070855875,3.515489719110496,-0.48774835450540965,-7.03065624367653,-5.055616192424288,-13.509110766380621,13.478482652707312,5.622312633918689,-10.439976211941586,9.270698038481894,15.878384414344625,0.007742329618147927,101.6544108152812,25.255034338209434,0.005637945619948067,99.58689368803233,3.4201450610368087,9.346186195305776,-0.0005795426125181598,0.48806025051508833,6.377842216551006,-0.0024511805250498546,-9.723239807776102,-1.090979041931656,-2.203030450868176,-6.959113875267692,-2.774546339074562,4.513059703356714,179.19626600238408,8.74015649808248,-1.2896561439673724
719,11.983333333333333,37.848554005988035,-5.8681977708734685,-8.684220380204984,16.102023689660957,5.803787320942745,-7.320271605893405,56.18575434433839,-1.7246288912200207,0.010433792984366504,24.028903755803082,-2.3813084986735062,0.0003619043898197228,-0.7208773760358841,4.30418693007818,-8.699277798610176,4.516644900531454,0.28590766012645863,-6.2763492635897045,-5.7782398602816105,-14.41050018016617,14.753947243682157,6.3220091452983,-10.650930510151925,9.36477780533456,17.007202533893967,-0.006934370428924875,99.92635640711957,26.594276198706513,-0.0011998889655759869,98.38290601840215,3.4130082060369875,9.163651100651323,0.0016588451367170452,2.0604097563841504,4.754854462760736,-0.006764245185350655,-9.837552804851468,-0.7938489816262332,-2.208945812593374,-7.841635116927913,-3.366538980309108,4.310810751494354,179.2714394849525,8.994489361015821,-1.2210306978979584
720,12.0,38.48491232388971,-6.720917368204727,-8.738500673200349,15.417894645273893,6.971021218859861,-8.024585394373347,51.44239042568915,-1.5862486910300209,-0.0011689794506056564,24.041644077127554,-3.5027418777390467,0.0032011135914476064,-0.26636841381309184,5.974339601006536,-8.394650954455555,6.246494502568539,2.0632964399283735,-6.04487155399204,-6.405548247567952,-14.75944756978693,14.734587901583126,6.622678051826523,-11.07872277832988,10.6899148009209,17.789179857623886,-0.009064175725137858,98.35902747373086,28.33672650655407,0.0017534341195167302,98.61531430477272,2.963307249052475,10.034946686086867,0.002842831377050643,0.9882786522295637,4.349818482298474,-0.006320791291306811,-9.948045586234818,-1.4094076575514982,-2.4805865701471483,-7.972101690579298,-3.307669935941411,4.766995819268158,179.72890397835576,9.1865562623166,-1.9813631470516853
721,12.016666666666667,38.93899282262715,-7.218875744597558,-9.260067675458014,14.802986144689006,7.690114327366756,-8.300407703648647,46.41836621724961,-2.0765138101771354,-0.02906036035335578,24.258192561180962,-3.96839793343806,-0.002583585820968217,0.4172625240848269,6.601782322109881,-7.898452929609682,8.03879577826371,2.0247014151355156,-4.520159319235589,-6.594625080334648,-14.453446067989017,13.401711375589878,7.443557961331316,-11.120995057096298,11.378289855093815,17.65804918439228,0.0022246211778784914,96.90910609133567,28.999976827617157,0.0004922507866082814,100.63277697188518,4.13809640537911,11.963088724561796,0.007213511438017873,-0.19971973075187863,5.651974253824076,-0.0027515175808810128,-10.212447810615888,-1.8411836732134892,-2.926317158937357,-7.868664955067164,-3.442145913327813,4.61831854500318,180.06098133435776,9.410578944659518,-2.6141376965749474
722,12.033333333333333,38.45152466463312,-6.8689442804880185,-7.838921954589409,13.401269679784376,7.61479977272701,-6.765392597011283,40.624726098837954,-1.4907046611128634,0.03049858102943995,24.12029751135725,-2.651689464087252,0.002164206020778534,0.47798184656054465,5.785307681852481,-10.498816940851405,8.58880503761106,0.03627348208259489,-3.960202888074256,-6.477376143253321,-14.351792020520872,13.496556702211036,8.262582069153456,-10.884145223611798,10.530888369626476,16.611391084089746,0.011012145084671847,97.4019353911209,28.952330549645684,-0.0005663411101501659,100.96531322216093,5.551196638705042,11.228806136038951,-0.00467807092545848,-0.4853651486063431,5.286129428109798,2.992196836809937e-05,-10.099760947519286,-1.9765931015296976,-2.6940312408483322,-7.787965877430457,-3.126118174682121,4.151059360143136,179.8797605130154,9.263697842185852,-2.890908881070478
723,12.05,37.71111296550941,-7.006090228718566,-5.287882972792285,11.734707295739126,7.817397945816606,-3.3791791529734065,35.18209934438044,-0.22278430475880534,0.0026539959042865117,24.21497373253924,-0.3598982002215473,-0.0011306657535287477,1.131080501664314,5.445984835896031,-14.49733792975098,8.260002981670501,-1.898547904675614,-5.735236123854387,-6.115559351700097,-14.617513724780787,15.046258735370163,8.32872490637424,-10.944199315697755,8.969667884974896,15.862719905103136,-0.0047331527274113855,95.53883732812837,29.881700589765067,0.01953366008147622,97.53566229525016,4.620618370941441,10.263631714332968,-0.0052029796239383,-1.607805719698093,4.2723616780340175,-0.0022916941666287142,-9.521080673865393,-2.591703137049384,-2.6666063925128687,-8.142259427503708,-2.5523868019628697,4.415551912067212,179.8997331739086,8.778020367628532,-3.5673132671004053
724,12.066666666666666,36.58882766328864,-6.878828064330117,-5.422051411300263,10.309483234285667,7.735563701063158,-1.7723577814282856,29.45388510406799,-0.374638641154681,-0.029869067536695014,24.81606330727577,0.6556459202794551,-0.002294904100685254,0.6956831518351944,5.172486402918447,-15.376138866891866,9.65330734454064,-1.092684939779354,-6.697941719638593,-5.7527513942420825,-14.825763381340831,15.787797176708427,8.528421603633683,-10.964811856131883,8.295090776534407,15.502259986020515,0.004544973683143573,91.83564027292343,31.168468096862743,-0.022038507107616817,96.47770598089951,3.2111130520909605,11.13943132547627,-0.00810296390107666,-2.2558095782405494,4.900631268992337,0.0034262868591743083,-8.85363820522657,-2.6018128335713158,-3.3804484469820664,-8.650781851425826,-3.0349491413910026,4.8728809424050805,180.2563898221955,8.199004674434118,-3.8177717039650623
725,12.083333333333334,35.478331717763446,-6.75263060538948,-5.594541397743722,9.281520937813504,8.053568650464646,-2.3453380819627307,23.424132932684177,-0.4804425749424072,0.01741924439985829,25.322312877582537,-0.2351481682545976,-0.0023957217241368763,-1.0401811955477374,5.087823160214699,-15.05386370490516,11.550940315703643,2.012975328707792,-6.629617064893465,-5.699272688975525,-14.728332920423844,15.435217135007305,9.199133505137095,-11.05520171074066,9.379744859811936,15.068088555800017,0.011042183745717566,93.29295880038225,31.853902382680864,-0.008735974043049316,98.77993862142173,3.031821350762347,11.09558963400715,0.00023952303480924298,-2.474472408177681,5.985850485395034,0.005766494569073036,-8.60637930007725,-2.622498600648573,-3.756890941310576,-8.959895673696165,-3.4313934947993907,4.719478440842319,180.70518427515626,7.967210775120144,-4.0272259169799804
726,12.1,34.95484519139596,-7.9120646321882155,-3.4153585230030368,8.485965374303145,9.718677880184467,-3.082257542070856,18.213078501449324,0.40573419911715186,0.00589198141463647,25.916215411410025,-1.3362838899830682,0.0033755372363355224,-0.8385686651091342,5.785960790557438,-16.23914122436298,12.383912863556212,2.916922661909167,-6.445566388130986,-5.813035005371846,-14.528777534852251,15.623282813644819,9.751661751194225,-11.721427912377505,10.220409718083431,15.310484678159085,-0.007512467433509909,97.61725537284295,31.840060869013758,-0.0029500886214597357,98.87379591597754,3.435736706180459,11.1015021767567,0.005681493111399435,-3.029313669374638,5.760543651011488,0.0007477520646525811,-8.391113839747998,-4.119297761971647,-3.685888503991151,-9.21528778317902,-2.8751660207553016,4.452511604502638,181.02887132427225,7.809181988165584,-5.415283568768791
727,12.116666666666667,34.43539181479624,-9.100683871477043,-2.3881313094513863,7.3695873421702744,10.815802785437997,-3.3892573455945603,13.979363406283733,0.5184312688813043,-0.011893586809359806,26.84139634358759,-1.078719472248423,-0.0006063044874472728,0.9311248128182309,5.9195914591808005,-16.276699419351868,14.397214877519229,1.6842093934193083,-6.261622279318053,-6.112641931051414,-14.442064037173736,16.06223134090127,9.639769476181185,-12.416521952295069,9.843237393993837,16.017485257930936,0.0017129073485133391,101.13252859338196,32.39649998177766,-0.00015434630407168854,97.20141777383073,3.7467309818712904,11.19432610239293,0.009237146437427684,-2.0435936589705928,4.38492034902034,-0.00594665948639792,-7.652509753473759,-5.509458927213539,-3.5553751573548307,-9.189271127834282,-2.4472370024346546,4.6287268252717695,181.11061118556896,7.128460523408789,-6.780259969604987
728,12.133333333333333,33.884591624735975,-9.432986950002396,-3.7164091149658307,6.219679281951287,10.751403299020211,-2.712734576743452,10.378483355875622,-0.19386083317037867,0.0008239035633926618,27.82790808527615,-0.08278318176242229,-0.005009048611003277,1.5338851616509717,5.556866987655137,-13.46374576929288,17.258078201765038,1.6792120081351958,-7.207276073156459,-6.336061408172808,-14.237122315810861,15.440313559235038,9.33298184118783,-12.404721492129804,10.25009692033471,16.07013208651883,0.0006264721229689007,102.66541423637044,33.947330178873074,0.01584073876157018,93.78587937101098,3.3379904236957496,9.901537285131807,0.008982173075813126,-1.874289571184535,3.8283551152755915,0.0034961885983893068,-6.97270237309541,-5.794428389407559,-3.231472774648818,-9.168543078753,-2.38951731408666,4.925759623180823,181.31473651411105,6.516197778621187,-7.256654297198136
729,12.15,33.704008246036715,-9.77211104313587,-5.004726061934974,5.848667388381877,11.132470307067152,-2.4863295856676926,6.947082738936604,-0.24506248572412137,0.0047723754043214085,29.135419152156768,-0.573157118098326,0.00757790536279208,0.8142252623673297,5.360898569620714,-10.892685800740956,18.777544642146324,2.444074593518058,-7.685341384901247,-5.998355548888738,-14.154171213668368,15.276449409504355,9.72160475286851,-12.071589634968822,11.370531274853326,15.861636472725516,-0.004381516904886658,101.25282778633952,34.596490477997165,-0.012182102588983433,89.61863603047394,3.0892889949590154,9.979025706058218,0.002317918192360476,-4.019166664243171,4.807457467115944,-0.00033224690338507596,-6.892200026983293,-5.993154094693394,-3.0986563729293315,-9.567652225908787,-2.559576604429262,4.937201707950776,181.81939449485654,6.5740651882346945,-7.605437603469815
730,12.166666666666666,33.752123419105466,-10.14207496210512,-5.119302931673159,5.8825588184615,11.483812846920513,-3.2604138593534016,4.349123180687815,0.6261329408525359,-0.00037492645202125087,30.682391403426628,-1.70148394134538,-0.00010404134251410456,0.43836695682271715,5.387299796942696,-11.49801384920845,19.894220911959632,1.7196618275215798,-6.841755809691034,-5.640637096248834,-14.398897302715765,15.764074782180602,10.290508996585878,-11.935399353503817,11.715783479386156,16.073057205635212,-0.0012826818577249763,100.20480477305262,34.22499067199801,-0.0005718761407630078,89.71951050504484,3.67895554960475,11.573793263841889,0.0005144956872958417,-3.7228139211440183,5.083217951411331,-0.007578893821493009,-7.014139198598204,-5.897824744503742,-3.1778134672203624,-9.965973374777345,-2.90901375205405,4.534717429367214,182.3091942502867,6.8446069414634865,-7.717345098746186
731,12.183333333333334,34.03741158109712,-10.117337814924403,-4.549031059553884,5.405284769779171,10.977127672100291,-2.214863923107171,4.04602940719426,1.2666465884575937,-0.005293583452916107,31.883310882518504,-1.0503604827683133,-0.004926072500775473,0.9393655499472767,6.181238029499538,-13.6740907419859,21.160894140956714,0.11666662048769831,-7.326070333845036,-5.421049675456253,-14.125580476414932,14.534840355420494,10.5589153445049,-12.043946325197245,12.104577434225284,16.208839308789397,0.005994906351394494,102.0791411216051,34.23440991895831,0.00455893636947846,93.00067211844592,5.255597947643626,12.202484191647176,-0.002603334712026648,-1.4564852081424349,4.5972864585461535,-0.0093281096930624,-6.640552738230271,-5.472742688140351,-2.9875594246863115,-10.421662474122185,-2.9825002613972758,3.8094440082700696,182.6749707350618,6.789324255687649,-7.440330674522943
732,12.2,34.33510068136347,-9.746723855819974,-4.479016952829074,4.508366200337081,10.315779706463543,-0.3262894189354797,5.474817228196915,0.8836985517178568,0.009267554307364654,32.95464117200601,-0.0967877324230546,0.003534414936535834,0.7837434003014172,6.394441726205656,-14.458616624608869,21.51296334271846,0.7309665584363033,-8.4941368314605,-5.042586293773925,-13.690899982579374,13.494871382677541,10.550164045455686,-12.287323793813586,12.831343258455627,16.05754969958957,0.005658707121558313,103.83382041153415,34.28506185934073,0.0019643417284435274,92.761917530425,6.500358771746536,10.905843027696596,0.019810869440543458,-1.8051868123238806,5.382723074564326,-0.005831410143344586,-6.048110990654134,-5.311552057225677,-2.879986204356589,-11.334154643867551,-2.682199104239389,4.36796742915571,182.9610347548018,6.445851016389741,-7.256560016700779
733,12.216666666666667,34.50798209200798,-10.017124751658393,-4.383766565192188,3.3295739490649616,10.813751429669349,-1.4278859753562518,7.483896874774671,1.2081329075722518,-0.0018434922224315738,33.862066796180784,-1.6536638794798608,0.0001288873862160711,0.599158346308826,4.73875302497251,-14.773193979115577,22.04378081889364,2.5353771439760995,-8.327326716809242,-4.983437332402124,-14.925742347977753,14.98663233726399,9.79232978432616,-11.419894451881062,12.689868739699085,15.587038230778276,-0.007219906149667482,102.63102748998634,33.40876632901941,-0.021350703990264022,88.0593282259988,5.623949060955873,8.944882634819614,0.020149998590805827,-3.083222635985526,5.57850941183213,0.004717272473614567,-6.373808538600582,-4.200421197903442,-2.6225835380124503,-11.217192350295903,-2.886277433506076,5.484300058112319,182.8440881685682,6.183013275337123,-7.1194991019037825
734,12.233333333333333,34.88667100176676,-11.293803863352341,-3.4925778558163207,2.087246755139103,12.607128761602096,-4.186135444342382,9.747309354943972,2.8524015631177444,-0.005930975375362615,34.148775786637444,-4.765972262273676,-0.0032634306899093583,1.396090929838609,3.467188472336136,-15.611124706387601,22.668553148120566,2.7577674121888247,-7.857504149446066,-4.811745792623567,-16.946235964725272,16.736706150993008,8.676673297884873,-9.362533273445395,11.858846582758238,14.567672417802024,0.005159252999657068,101.80904073684408,32.214804793814515,0.014500232944136935,87.84444258710593,5.138025645105365,9.91365267707187,0.0032677890930508623,-3.1769361835836722,4.832438567372599,0.0016187303645360416,-7.2827890454063935,-2.1261625825438024,-2.1444869436496585,-9.81903796452236,-4.079533453503612,5.015431835699356,182.45919481552494,6.2715419664223955,-7.031029050609996
735,12.25,34.82739611401439,-10.231062594013663,-3.9407857612785517,0.9546267639763224,12.130571616039349,-5.475354830254289,10.666562962669824,2.1573786824774253,-0.002481013435333533,34.22569990907681,-5.232069706740578,-0.0003323121111887178,-0.7829400620264266,4.458197662898901,-14.024169319208475,22.159324372488168,2.799851896720269,-7.337257748630494,-4.6986387424470815,-16.939541425959483,16.8679443389021,7.2635899417781715,-9.06926004796715,10.869802462812174,14.398236815410176,0.007214258384217622,103.30051543949821,31.98598361115413,-0.0049242818702002755,92.87751602870924,5.782019778827719,12.260211709150143,-0.0019653642315206866,-3.709210533857607,5.791484040638049,-0.0017344166022921909,-8.052738288592456,-1.276140949371134,-2.043788424992413,-10.589092338843713,-4.061195609432643,8.304701651514886,181.79441193120357,6.645126300451463,-6.644445371041398
736,12.266666666666667,33.79190950352693,-6.7333612149235105,-5.533916192850235,-0.32548791413218287,8.514139343785455,-5.657920424477664,10.118761471728675,-0.3255489051266115,-0.01107124067905949,34.75991081527952,-3.0973711002729374,-0.002418723933083287,-6.510859383820419,5.676068072123952,-10.466029436982282,21.82582307919653,3.9799611510624473,-6.6320764689428975,-6.20333231952639,-15.159941859261764,15.653591290801478,4.924385704611087,-10.65719701393127,10.023555757463708,15.647687052230319,0.008445547966591695,103.8492101082036,32.013033361294525,-0.01314605822539312,93.64417104826327,4.720543701066317,12.021193534989589,-0.001127632064554125,-3.45705310815188,6.466579510180312,-0.011112125949973841,-9.367623761075873,-1.5626422143698753,-1.28725028652997,-12.41052413003247,-1.6671128293809196,14.864849316150902,181.15022787271232,6.809183102986676,-5.449729830515765
737,12.283333333333333,32.31387794328163,-5.16230954392652,-8.104792231902639,-1.3150987725449124,5.4603909364531,-4.989191018557147,10.503210355043223,-1.1008354056787208,-0.016404643601371987,36.20580069831948,-2.3781767905303326,0.012414776225730452,-9.740305739968928,5.055923117088548,-7.887215270558607,21.053641728880148,5.8698685783919125,-6.4146662614033865,-7.914377732531961,-13.665094753775778,14.478890041370272,3.1336412745497157,-11.591497561293382,11.0042160406054,16.0021520976685,-0.02625552267094391,101.6447698103311,30.55605944452531,0.0260169759903611,92.42759326883582,2.025584254399607,10.394062983929484,0.004855244457900211,-1.8712591381827717,5.328414669988704,-0.0113024610604012,-10.676570800810497,-1.353339446269596,-0.39419268922195433,-11.342112627833119,-0.09757756420773528,15.39913866011658,182.18713704902035,6.375755925910694,-4.017471791321754
738,12.3,31.38703998163964,-3.6989575639109806,-12.258763302948536,-1.8496167357204958,3.1342157099753964,-4.021881483720205,12.230666029197723,-2.9707430011634646,0.03159938259706488,37.96050253906727,-2.327226815339397,-0.01529431161841096,-8.99390443969462,4.919535276299065,-5.568141321005612,18.309991131947605,7.485934710919041,-5.782426330952301,-7.872261653752255,-13.241660497283378,13.513876322870066,2.494717126244289,-11.726198516711808,13.554266367443049,15.145725764960057,-0.01658854365765006,100.1638067179412,28.47988280319985,0.02787409350800361,93.44297744243585,0.9434404225763061,8.650175397490967,-0.00808802948424323,-2.3055301098959466,5.147575027235575,0.0005496418388960338,-11.084588302510493,-0.3124279371160078,-0.43203710554093105,-9.706748801462505,-0.36311742266651953,12.98315171251913,183.48937823207154,6.066699174648155,-2.830528150103839
739,12.316666666666666,31.995423045337013,-0.9016348687746744,-11.915383285348463,-1.825729244212393,0.47460076232091025,-4.709030082231977,14.90873882185348,-4.981186957727471,-0.002800487585018171,39.3368742664071,-1.2231306445431442,0.008411720681247225,-6.768505499259258,6.9484996639858965,-6.550246005844135,15.054688443395714,7.728494224540229,-4.9993353248670624,-7.102502795564725,-13.90586421788575,13.402858667629003,1.947400043276566,-11.162614947729393,14.295989942631346,14.779791874897501,-0.004500470468978946,100.33532503455291,26.815252012616234,-0.00731738456801754,92.37478676592657,2.414804666624514,7.315233467037034,-0.005747424724932309,-4.030616462257836,5.9623007566997925,0.0010615230154609964,-11.575222400780625,1.3915010818609221,0.10381679368835578,-9.99087730741191,-1.1844766664466133,13.078945246958934,182.7755093152369,6.628150046450559,-1.7802024202383835
740,12.333333333333334,32.847566867168446,0.46460924966027584,-7.414537288942524,-0.8190444730640585,-1.8104038194003282,-5.190108180230596,18.398559631880197,-3.366896194670071,-0.04257341234772978,41.56193554009669,0.195755137006193,0.024590712452911865,-3.6501905289920105,6.206129193195028,-11.25271795088625,11.523111159554936,7.220030277332957,-5.543260077396228,-6.595922869354529,-14.417761326863118,15.49338426113343,1.143925585515613,-10.186864351277043,12.401802450345498,14.652816350856886,-0.0067568224471384495,98.60005808937478,24.583170327363895,0.00732735832172546,90.73901484301919,2.5442493482711965,7.013836479120181,0.004802911308888512,-4.134922320569491,6.679177685293489,0.0003539835953035316,-12.434445059271757,2.8156706861316656,0.6390266676709312,-10.337906306143275,-1.3616834237702793,13.324313932518885,181.86526788244984,7.2634795893347315,-0.7990311240561986
741,12.35,32.37651189101395,0.9506851083585242,-6.782646486451885,0.4474229182398472,-3.033716980354457,-2.582151188132685,21.079236406018477,-2.5105542481151204,0.036945896026967885,45.23494576936056,2.1967291911258235,-0.0628037689531238,-0.8804053674137441,1.7380882684929895,-12.560502371293099,7.544601682303622,6.951856857466408,-7.061773966222376,-6.283118831624381,-13.646746069691218,14.287854854049185,-0.10113857936016166,-9.948508357680302,10.830213559482964,14.532869654306987,-0.0006505031837247049,99.87924084512508,21.976903883697346,-0.006848833328281559,92.2215109355148,1.7016189261096035,7.163710614943633,0.010710286196504989,-3.734205998088957,8.12698810085156,0.00236000656691083,-12.589856439228239,3.004137509349269,0.1791967275708036,-9.752721694105503,-0.3153300762777547,13.48327603721875,181.9781902368141,6.904736217618401,-0.4167439712898199
742,12.366666666666667,31.5194790828885,-0.7645261343371382,-7.3434521976210325,2.4167817623059875,-0.5241955819013111,-1.0874797866586132,22.805220980856244,-2.3706248858821644,-0.012006100415496369,49.69483657840734,1.0818442321566226,0.04150965752365866,0.7788433780754536,-0.1708340478837389,-11.663823276339082,3.9102215642797478,7.191636990805393,-8.59552176383998,-5.130017076395307,-13.940111717008504,9.680548764982884,-0.39681513871705115,-8.75456363760719,10.397800782349387,15.131125165246814,-0.0012296564721853906,104.56841431920499,19.019490226765388,0.009922401815346538,95.08680824430806,2.4530037211301403,8.66595226638015,0.007334132626725472,-3.343814996397617,8.213493523177167,-0.00011995318181464069,-11.455668827446924,3.0559162380020486,-0.5159712551510304,-9.221773852353781,-1.090390339523931,12.52160580873439,182.67687526264828,6.166318349702896,-1.4867492668141156
743,12.383333333333333,31.755914761773607,-5.200229413538808,-4.6740940106583055,6.378411622630633,4.674356633637979,-4.270702700416573,24.330303497515278,0.3846032523723797,-0.025916404711907672,54.31342901398344,-4.524298694388668,0.061262112668073104,1.7857505030350982,1.0116095981756226,-13.138012748597001,0.23978483632142755,7.407596945547058,-9.647584893172127,-3.1367429742328548,-16.39683743213756,11.039559681994977,0.48682065439426697,-6.170131903458917,9.842659282302243,16.055017791289078,0.014953590007299025,103.26444521806289,15.669788162839152,0.001805241751429428,95.58735643909836,1.882214580843783,11.0679815884307,-0.014635484302288696,-1.9626323361884408,5.586059556743805,-0.005086590509064448,-10.399646179873669,3.565799484571486,-1.3236350236715952,-9.238401452454365,-4.393094888343746,9.658338769028928,183.76043363255067,6.276379428992336,-3.3594165285366517
744,12.4,31.37424129599137,-6.770837111953171,-3.0849896628507634,10.209947968249569,6.438573769783874,-6.820515399299783,24.240062091521644,1.918002864616687,0.01409378217991424,58.071106417506655,-7.621769262211372,-0.06219066605956521,2.440362859522056,1.5995709855796303,-14.756800188133871,-3.5995172354448783,6.832128554049495,-10.122150882334772,-2.0896992631487143,-17.762425036186468,14.701292738741504,0.10206926475631385,-4.945729490912463,11.228359643574686,16.64679976257258,-0.007305809044403491,99.18722611904921,13.143253234211018,-0.014170789230178955,92.4964183039458,0.49590924658824936,12.027647440315022,0.0004692692130777334,-1.4776416177039766,4.9391700127711085,-0.010330573619719518,-10.593542962931584,3.8542844264723795,-1.6717468656169177,-9.513840566173322,-5.7585468422186645,8.720996781340478,184.4322679857396,6.816199917357455,-3.9684660986647478
745,12.416666666666666,29.770971948426958,-5.463187200687934,-4.28414715285185,12.696624793288002,5.336668805964049,-7.1604724175326675,22.902235395816884,1.2541298307981101,0.0013672346990073801,61.06925530314032,-7.782625289806555,0.011859545152558468,2.383103239743756,1.1255526560729887,-14.383836946015494,-6.797264686043151,6.137109572065397,-10.241262289323656,-1.879053333637787,-17.32550097558012,14.289315702233246,-1.1774879189862988,-4.936470120651616,14.298881102331142,16.9850991882501,-0.006035425004528226,99.2946636678586,11.417106230074184,0.008565941222296989,90.52312800652642,-0.03437730694405634,10.840497932737614,-0.0004896001860627278,-1.7553580037475287,8.056385795270359,-0.009315758165222359,-11.194042617158056,4.218259510462478,-1.4087319659482804,-9.77950518832171,-4.629448254690496,9.679185529812187,184.48162455888715,7.143589463836517,-3.378651110899685
746,12.433333333333334,29.04615813737305,-4.959334058790795,-4.781923714726335,15.794290710111117,4.959867496290857,-8.59344232154768,22.305298379355495,1.262312614562836,-0.009598626725132295,64.41187845814004,-8.991162512202445,0.016959722252293998,2.244262642513917,0.40983156546116667,-13.638446529978028,-6.83803277537235,6.744624051771468,-11.410882629360545,-1.190461613781601,-17.310574113627425,14.946203911584636,-1.8677972394336535,-4.774365204297807,15.197670393446852,17.363863304892046,0.00966494437387763,99.73185563134545,10.639270050536178,0.011243421081805371,91.07250051631358,-1.7188792678083684,7.904673972339824,0.01637763710031135,0.044240387236144825,10.776369517420687,0.011996014561441054,-11.532684505279972,4.662904382503439,-0.8073451570446869,-10.225391220955764,-3.7481907412511957,9.563832320125144,184.3055013346634,7.704581764457667,-3.1112466968061363
747,12.45,27.769510258375547,-4.7769765638530695,-3.520804431373292,18.724387495751607,4.807156264609142,-9.218055773900481,21.156432337152708,2.5704245954024216,0.012699516707262177,67.68481343913619,-9.687937433443977,-0.021314477521798,1.9824435373645257,-0.33348324784451855,-14.570468749054967,-4.426829096445363,8.774705151785934,-14.422421173359742,-0.7912835405114077,-18.00524492894188,15.334381850680685,-2.5531037567658164,-4.339320019167886,16.03857855396094,18.680296192789463,-0.003533308769050474,98.84409457393981,10.478582590273929,0.005238271135072394,90.11630785763333,-2.5241578965188043,6.347533803309365,0.0003050122945282896,1.5336667321254613,11.411253435892457,-0.004679787658489987,-11.51047017810974,5.411046518356772,-0.09300717435274218,-10.96062120331521,-3.9386137323662846,9.689109540106696,184.08761975092594,7.953218649460987,-2.737699736241152
748,12.466666666666667,24.919677342374634,-4.820974559928422,-3.620401776685619,20.520926354073787,4.899563982392507,-8.06893125287342,19.017638000098234,3.448515711352919,0.0071916893361328345,69.95892856490696,-8.786013873406649,0.006006297670086305,1.9619250158006307,0.1572048513513388,-15.294850574798737,-4.336798326690462,10.094588543868522,-16.76487500419976,-1.0510977655961995,-18.250210243413118,11.622036300663845,-3.4843519383928556,-3.7107921939365354,19.688924786802083,21.014275783965076,-0.018133707591939056,99.39618826163117,9.562336509937357,-0.000883548190690619,88.21659299241442,-1.4514672007203575,8.181984316441827,0.005977665966993192,0.8613645743403824,11.251000984993356,-0.005040779591828374,-11.04933765354398,5.993247689830286,0.015405532343352582,-11.28404952404225,-4.196713613785374,10.80489817163387,184.18426599121238,7.34565506336597,-2.4865885878692673
749,12.483333333333333,23.260322619332825,-4.6814471913934765,-5.9524422510303365,22.86338331329648,4.80875389781429,-6.436801028964984,17.95299853659147,1.8974141344402142,-0.002624370349469506,71.2041097792151,-6.650958441868765,-0.0025976306763115025,2.819063427813248,1.9763090698018675,-14.09269193599414,-5.357720489489981,9.377523055258134,-16.879731189251856,-0.5132860431559004,-16.809075137237276,8.371237388162031,-3.917829567817934,-4.584811757656518,22.13604044757828,22.748790987707004,0.00987400706322051,99.35252167716592,8.730240799513242,0.0027389443312637062,87.55457656071346,-1.2541718334632854,9.513401968528346,-0.010220257752904752,1.3815392393398027,11.412298147198124,0.006578125057356383,-10.473503806689004,4.299469066724436,0.16691304420899203,-11.462722392599751,-2.3454436534452547,10.218345803273703,184.80476650320418,7.15368997683168,-3.215395185811669
750,12.5,23.017763272966043,-3.235945450400192,-7.134534793176865,25.888519252867866,3.1559978310516037,-4.981963407421949,17.47327888791599,-0.0028665639845657366,0.0001371709390952413,71.4438690848659,-4.150437319033826,0.0008090877609363375,3.1768433800852547,2.8673262336688374,-13.133698715654397,-4.625277241938986,7.990197854546409,-16.083187954140172,0.9404921554265403,-14.45505109453461,7.530164842456092,-3.7520024577175524,-6.814145814798849,22.429297112441677,23.418627430508703,-0.0015537686156516684,97.72181192955851,8.516186129419639,2.334968170989681e-05,86.59943553591546,-1.811440908338132,8.557969671429582,-0.0013502173701789783,2.7588482502055305,11.327428480593532,0.002029941197092716,-10.018772366936863,1.859605479870973,1.2116324569851094,-12.371127727779038,0.37263396566825085,8.144024924506276,185.13379145922121,7.712633886624764,-3.4669527629394694
751,12.516666666666667,21.943884509150156,-1.844943390842707,-6.945653782802005,27.855623583171287,1.466655480549755,-5.193938055964096,16.286358971295293,-0.24292599461626507,0.001923445126367983,70.97353345775784,-3.1092633259843843,0.0016422476806301567,2.96826583803758,3.019235495050874,-12.565755009345128,-3.8993205801763025,7.03427309032836,-14.815879212964397,2.348427118009819,-13.770524818877561,8.080620011485399,-3.9300234403734207,-7.687090254056716,24.26626906241593,23.709836064582603,0.0008306665830286864,96.98637451020518,8.168215449706944,-0.0018821993332485993,84.07140023617504,-2.1073487637054655,7.866584939463423,0.0013860134127840918,3.272266775781803,10.320068205366846,-0.018002398817816748,-9.665511479603856,1.638170189093724,2.425627532972852,-13.204115061923163,0.9214397275611546,7.46216551878147,184.29495226523625,7.906186006312192,-2.7595786238016853
752,12.533333333333333,20.295487776996232,-1.3159358060658624,-7.181668043896849,29.09190534609619,0.9746780410609629,-6.21979992541898,14.823747964696414,-0.16311737192922957,-0.003383276522433951,70.15952488707356,-3.0658098126184576,-0.0018156326715301728,2.823685595088914,3.2043695289675043,-11.782139658647669,-2.981791715422621,6.2948063609722436,-13.402530594015172,3.3233636458263764,-14.474777620134068,8.72050933298728,-4.479377209164002,-7.354072854750746,24.895859471043426,24.33176550269687,-0.0032503961560122526,97.54170772907247,8.213781507016089,-0.001423006607783788,83.44231227385143,-1.4210287051600121,7.710881940028599,-0.0022743574257912042,5.524424538954139,10.86722604157809,0.027264504366193328,-9.306726030106379,2.3494307286165723,3.18143744474078,-13.381158440474522,0.7240979587555861,8.084716955590812,183.35287205126164,7.76169044400545,-2.349080122169731
753,12.55,19.120328913354232,-1.1889545440310554,-7.465141377123824,30.51047161864797,1.019930379587831,-5.992179012044658,14.049406032249049,-0.05411429122319397,0.0019159440681041746,68.66496608746851,-2.3250417481100776,-0.002258853208999521,2.8815005995219987,2.802658908025085,-11.463175867649655,-1.5589316872368302,5.177774944238148,-13.158727850670585,3.543819185298461,-14.741671965231939,8.108277381596634,-4.889319851378481,-7.202478460973934,22.347895325915186,25.90475543201572,-0.010372919799424207,97.83110831970826,8.570256701833182,-0.002620293469593228,87.16968918144835,-0.148241708284275,7.804686158040455,-0.0008394884105234669,8.884577857077083,12.52541848304633,0.015434476405036389,-9.070128199835347,2.457440634404204,3.4367779130027745,-13.412689001887557,0.7734925607500026,8.370102394974655,183.15237810068618,7.774475775522062,-2.3549746236257247
754,12.566666666666666,18.391626617747512,-0.9527998431809396,-8.088629058428056,31.625438431740218,0.7581147975590613,-5.348344343982479,14.202962277947323,-0.2167058713798084,0.0015249868265260849,66.13024020851233,-0.9075502890190916,0.006520808389909278,3.7455112133309107,3.489627589616723,-10.588557560628665,-0.71903813176095,4.12641947412905,-13.356989873283043,3.6828718325220797,-14.481672121601154,8.170349031477267,-5.299984836917319,-7.525088674008054,21.145130594449892,27.68300027157661,0.011331911218008455,96.18299132191983,8.776814377872935,-0.012942567069978215,90.35639684907908,-0.11874331591771012,8.374207796817807,-0.0025133112326183506,9.729595146506972,11.496854041616897,-0.007482762704667339,-8.740212722357658,2.344092053489275,3.8087699729290114,-13.720100297791488,0.7191836572580825,8.906378626379846,182.73969139093447,7.760275510269117,-2.2498576351337243
755,12.583333333333334,17.70346107767929,-0.21599898304485016,-9.03983661737752,32.51791602708581,0.01959184513888286,-5.756551199906386,13.87451757224871,-0.8238739877123342,-0.0099974886954402,62.73655250688994,-0.23615194993089256,0.0019483803542703704,4.146593288068568,4.583969633238286,-9.393703724347022,0.14995685995924662,3.8726724121741056,-12.603339210042655,4.455380552585087,-14.150009352376905,8.435006130897445,-5.99056364848597,-8.059312002543678,20.686039337665168,28.84128492811928,0.002300859843058405,95.49696432905597,9.712272994405966,0.02038687420369586,87.93859381267656,-0.3657139604923568,8.541999415033628,0.00197949522108388,7.969171444272558,9.189436219565849,-0.0017065308254023948,-8.145359907609974,2.2321858470531493,4.782175228325496,-14.263440077061537,1.491896991616316,9.881617963774367,182.01983813740392,7.802810418043001,-1.9790472240530186
756,12.6,16.15287857977711,-1.3386566006096325,-8.193185372400055,33.03691366307418,0.9842930895196179,-7.001437214541181,12.397857557764931,0.8203669342098326,0.01058258019142762,58.7342076435427,-0.97834180119565,-0.009534972322405178,3.743108503583638,3.652042325574742,-9.981762070350868,0.8779435537974307,3.0572992128201957,-13.102347686313198,4.674836010955404,-15.306767317879219,8.004133072758849,-7.422853218004774,-6.893221942167272,19.549341549825826,29.811446899059415,-0.011149530286478405,98.09750175944409,10.995635161801827,0.01254267487741954,82.63445541530042,0.457051799309638,8.471812081548261,-0.0028785923077007556,5.003805933373026,8.591230446560974,-0.004494185103570399,-8.090776130454449,3.328635571069032,4.815272787581082,-13.961400249548838,0.8605670805778518,9.37367582477882,181.76531780964712,7.839831393547882,-2.075456221651464
757,12.616666666666667,13.781419811332283,-3.759805628054986,-6.274991823017697,32.539863419618314,2.8486265875715757,-7.847930486945546,10.853050406020925,3.9044301690434757,0.00129573284027727,54.24996867378783,-1.87446610588747,0.004951455492617387,3.8931595274727924,3.559822112933498,-11.277899883439261,1.6349931151201482,2.2778608311342388,-15.330762824165515,3.9841354758110663,-18.134344060994316,9.435941639556622,-8.822402127554014,-4.425863604964789,21.082208274432794,30.8690503618929,0.007337308679082309,97.99861045807495,11.14977462997373,-0.009508512714295269,79.98151977909482,0.3807630271448512,8.160268760182866,-0.0031652372896039684,4.474041758479202,8.884049594114282,0.00267856821538301,-8.604523036177072,6.088605231532405,3.8631675181137797,-12.550257683051369,-2.0162911718225507,7.516897283952372,181.4622912411244,7.508097035612147,-1.931461000483974
758,12.633333333333333,11.747677767407266,-3.2902113256181846,-6.337484429554391,31.648579141328465,2.046983340222132,-7.920489979122294,9.78363673267908,4.42997698571991,-0.009316969916649476,49.38766194960029,-1.9431828139454106,0.0010182970569040382,3.8439152535235177,4.821679932606929,-10.380954665734176,3.359608737788275,3.128922020468328,-15.872949018140224,3.7134787494526256,-19.32101509521231,11.61782002608881,-9.101540676930577,-3.772987512918994,23.48067622096963,31.715950816907412,0.0013719924370787504,94.48127604810666,10.658373474279973,0.008663026318853585,80.03133434913602,-1.7355763658773409,7.484986856581517,0.016302283648617567,5.84364007848278,8.701449011768139,0.0017104314682569765,-8.520727994847492,8.062075866014183,4.094398261149257,-11.771023320150688,-3.085717819086132,6.7166289439368185,180.65908170253334,7.050220895106009,-0.7056025803733776
759,12.65,10.60333010852322,-1.7383068313300367,-6.908397601661549,30.99422847826806,0.5296685042879523,-7.5535217168695565,9.315315781480038,3.8859267867661758,0.003498953439699045,43.7782339782337,-1.5198775409319258,-0.00531765175155245,3.6945467122487394,4.332177964750826,-9.16196344738164,4.657688975338905,3.509147144492138,-15.774836281804074,4.117419129482718,-18.462710501070386,11.267808086864296,-8.939966969512327,-4.302522268678029,22.520232191158872,32.201590793471226,-0.002604721131581488,92.25860053851535,11.039874641624573,-0.007445335590538724,81.66110121118258,-1.6065979120082008,6.356980559938297,-0.015127281762857693,3.3361819206738867,8.357052234376269,0.006197588969337606,-7.736845547088357,8.409603336928848,5.064014303508174,-12.174492988994198,-2.6660896621862484,6.751908540610685,180.08259650308395,6.7927987745011755,0.3317311188000196
760,12.666666666666666,9.51247933019563,-1.473749646456899,-5.832390233340986,30.131274938439073,0.4195747743994507,-6.576770821096158,9.039246525435994,4.172630209080581,0.004458752862667085,37.62598508416812,-0.8731646431166691,0.008871355687817389,4.760186666540531,4.048569167206587,-10.29656096513269,4.903755554747387,2.4373116501433696,-17.531922256598133,4.600171774568979,-18.39007087154675,10.319343028730302,-8.972786408414038,-4.377098991849625,19.657598020529186,32.25162254200304,-0.005382951251613081,88.50713511030429,12.111497651693034,-0.006685564494344105,84.61098350579103,1.6589681326784793,3.8962982424920583,-0.014244141919841101,1.3445006866557623,8.122328321407414,-0.012500457724416146,-6.8740834661168275,8.63946665588929,5.570143984229878,-12.63848451696655,-3.279327383839591,6.359729894537748,179.85180116504154,6.511499694693014,0.694591379798959
761,12.683333333333334,7.287969327377303,0.10309612397876869,-5.588107967218847,28.88458262520779,-0.589952123432826,-5.876253541052865,7.732374815357511,3.3544091039605632,-0.008412054430609824,32.03111032832316,-0.49975514548894495,-0.0009839994977086423,5.957805104902239,4.877045581123137,-11.291161583209075,5.2853916122751,2.360340261055859,-18.337306217382,4.50108112618652,-18.263276396375176,11.255842405564032,-9.54449040788793,-5.250036158024759,17.799410007705482,31.95834410527369,0.014409805612481794,87.02436421724295,12.426207100136741,0.006210179076004765,85.44040037383768,1.3685337993771387,2.954707870075891,-0.0072992375589578246,2.54361572243625,7.229409064067503,0.0075946319690473095,-6.964997107615574,8.505064461782258,5.60781011227332,-12.635246836153284,-2.4621023857316193,7.605846944413885,179.70890247581414,6.115568094878919,1.3642750343961594
762,12.7,4.745121011371776,2.8397105411200063,-6.90248974744627,27.601878018046932,-2.62687527733765,-6.499289968944311,6.099611480237687,1.8239175369430032,-5.281272794528252e-05,26.818623102835094,-0.6520633245129355,-0.011289832087830135,6.562829973110207,4.545817632083256,-10.531224313469547,5.206664678642551,3.590760110704163,-16.18274504268739,3.1186218575956772,-15.4644613814763,9.843352566903523,-10.495927187861883,-6.569404369250003,17.004524075517935,32.36333364294869,-0.014174556832827362,94.08485585852813,11.841532615754309,-0.003895392721019085,83.5234038872841,-0.3105297968766914,4.588753577604442,-0.01047731432873372,0.5655925945277344,6.40999468453026,0.017797257534997796,-8.06362231308311,7.71755275115406,5.105656715919185,-12.309223083231329,0.31342403194000346,10.745664832684222,179.75726392497862,5.932959807622216,2.244282623682243
763,12.716666666666667,3.680784201033972,4.0127719796769545,-7.600760204516001,26.59951768407065,-3.6777043546206314,-6.752584387267233,5.979017974403312,1.2406395872156017,0.002905213918001812,21.08218911986466,-0.3954982230923474,0.009287465468697272,7.456707443625594,4.169758635303526,-9.622895007334394,3.45319263771945,3.9212846582856478,-13.642414361288886,1.2932279382963279,-12.65926737609982,6.708364020695299,-10.374530937130316,-7.339713246731681,17.65774686902868,34.116497623613455,0.03853532712427899,96.87094063242613,11.289382197211523,0.0019178726519277233,84.35852622793229,0.7322897349855424,4.682919491482722,0.02136122417036099,-1.1445076323863843,6.310896198214071,-0.00612992054438485,-8.374438227037066,7.023496546455479,5.220651120615485,-12.276984405493192,2.010093601032002,11.883286520802754,179.72150986660787,6.0106059855358795,2.766657785179825
764,12.733333333333333,3.353229156841268,4.048363015806345,-7.2655549663718455,25.754093597602303,-3.8233278204095047,-5.456339213457578,6.460410308774253,1.2706133021893387,-0.0007899001407317149,15.339192346915919,0.43108425521002053,0.004102166323864575,8.239479045543387,4.822716011880587,-9.623329585668516,1.529757207092092,3.8240605957900415,-12.441221944838857,1.1467047998864377,-14.110092349743839,9.9283336289814,-9.292413834998584,-8.193846010225753,19.817671260697054,35.24853195169528,-0.040047057207751736,87.56894438554355,11.375650376728196,-0.0047403531170145475,87.48548756243426,-1.7371227356508363,4.673889481614638,-0.04512580968979028,0.27458574142254427,5.559739658222518,-0.003723657824968824,-7.607195976311045,6.555294277032118,6.131187007777202,-12.717319745703724,2.6146636756399064,11.309287408215567,179.5126589836358,6.022687930612472,3.0335540664856757
765,12.75,2.4875368411660594,4.349010347001213,-6.603947651479606,24.967670704959414,-3.9580575234232067,-4.227081471470948,6.238516408975672,1.4685913748207982,-0.003042594732709475,10.885685703012586,0.9658230639642505,-0.00880974908444667,8.285885405334586,5.593435832969412,-10.508414100648638,0.7498431892806491,4.538847982550596,-11.813706681724002,2.6397786417568785,-16.98895818431892,15.825916497313887,-8.834654329816338,-8.902587769914945,21.242429539882764,34.376788752370345,0.005293069501621334,82.98152629619403,12.321928265294302,0.027015004774688507,86.28870440339729,-3.90303780494275,6.250564025911937,-0.0452702481923205,0.030013241921914034,5.530719906900734,-0.01793358716708248,-7.050920316099954,6.576759658540011,6.380575113069475,-12.736072532659877,2.967033140072816,11.805206760095462,179.4933561696594,5.886995612130346,3.3611219686080815
766,12.766666666666667,2.0850253821402647,4.56838388547262,-6.925418413199895,24.733000645249003,-3.884502383344918,-3.4492042939785197,6.775468949569492,1.124974735263258,0.005006051323604206,8.153478504572528,1.4744021398615326,0.0038453947673198745,9.171192799052834,6.46866865096688,-10.51274574003478,0.19490742321797877,4.647369993728008,-11.660373645928368,3.1135961924445414,-17.46215347943868,17.309440400963126,-9.05596708016659,-8.993534141528468,19.49804634525695,33.38299359034345,0.03940205338976985,88.45455288157319,13.725908508093847,-0.0164834034086661,86.7150808479995,-0.6926166044518909,6.791029578109802,-0.01912179124468465,0.7365754935935206,8.305546419387394,0.03326783772770299,-7.201438010890722,6.472278775794109,6.162187347593132,-12.107260230398621,2.691774612183066,12.352908667134898,179.6814661856466,5.980465992627189,3.3708860953031694
767,12.783333333333333,2.534529055801253,4.6166139998997116,-8.33012437097063,24.9434889905542,-3.7130911825308948,-3.362103484673325,8.449495153869924,0.13379469598982102,0.005983693285791718,6.669678471578135,2.096781137497507,0.0007147374091276492,11.229035218581592,6.340960832130192,-8.847643449111237,-0.6246418923537276,4.387621998845032,-10.903575531796978,3.2313080012456337,-16.960040047759687,17.982928369900343,-8.940891577331834,-8.15871615429699,14.977971940610164,32.91407931031603,-0.01305790937041702,89.1564508948342,14.55783055908727,-0.014049068914215148,94.11458720404723,-0.22837736548079,7.467284390910785,-0.013290415029253152,3.9437071277125404,10.398510404355788,0.0019477306313265546,-7.402794669215306,5.865011380862998,6.14051532782246,-11.939136860606432,2.575489411296767,12.597190846815879,179.73012148648394,6.342674445468807,3.051068093281967
768,12.8,2.5422342450502327,4.724251428295353,-8.808617654084559,24.934611573704103,-3.7929233657277455,-4.263341349987229,9.599877724670973,0.00971889337167044,-0.0049094227642446754,6.188342451668506,2.1139805528089357,-0.000859859519239619,12.315139760375528,4.932709872436681,-7.7982198628187795,-1.381482880352312,4.401747872269214,-9.025542769612574,3.0339165145203926,-15.903829306742951,16.865173096582645,-8.548585373791848,-7.134631725499795,12.569567699915583,32.43909929244528,-5.852264150597573e-05,88.29759547182599,14.701000056468802,0.03127482444104185,95.2565380669624,-1.3918973262546337,8.013826559717408,-0.0013796835897827812,3.704136870580814,9.006533370361488,0.004653187659180406,-7.161973817314847,5.731438942679347,5.998256285120632,-12.385417514167264,3.1710480442666453,13.144365193279427,179.6525638284151,6.438199186101058,3.1467756429320213
769,12.816666666666666,2.2261988703913347,4.425881612827981,-8.317450389949817,24.88347544587747,-3.5197280150032393,-3.7659504846379224,10.4306171515995,0.47042804003164085,0.001104935224397845,6.743839171080997,1.9486588032379069,-5.879610523053146e-05,12.50649622355372,5.089073275759956,-8.103985357858186,-2.1251909648946836,3.7205097784715333,-8.844125104872557,1.5009249177154314,-13.851698273913657,12.88113816741855,-8.869647759222287,-7.12767021710208,12.04671726035641,32.65087387805205,-0.014503545718204117,93.8994188742834,15.557618445521205,0.021136692137131735,92.1242085566491,-0.49451859023015915,7.448404218989568,-0.01350166554516463,1.0681688063709966,7.407847914070559,-0.009685031836228084,-7.184988490779355,5.4697832948947305,5.808545092189655,-12.330397216953783,3.9132210911470886,13.22543739451317,179.73092587105484,6.37437202454272,3.1982687663326925
770,12.833333333333334,2.430107645277084,4.00009844661336,-8.275716448621676,25.14335328822647,-2.9557599187050956,-2.1838018925092455,11.66503389562198,0.19829412602980756,0.0015280000217711503,7.82806492359372,1.925234098092127,-0.001572405922189086,13.263624280848045,6.51550457328176,-8.15144946965725,-2.7196948814026594,3.398185218956436,-10.319523209703137,0.8998188128322698,-12.985916276429695,12.09223134486635,-8.57281988150167,-6.267759976028034,7.5419448327599765,32.70289151190914,0.007606548184335559,97.6881602316042,16.71462239885411,-0.05280461146803965,101.95646445602551,-1.846772481380226,8.640025432153116,-0.023509007437786136,1.0386934796116765,7.490776836905429,-0.005145975377280618,-7.413289491374545,4.8397646587365495,5.594863273196159,-12.261547317477667,4.124538422215622,13.623841883391572,179.76914376592828,6.670107153503208,2.847463187650024
771,12.85,2.683734255438493,3.885936804006679,-8.730990644333446,25.361519655693378,-2.5145272087540107,-2.0414478448440496,12.8272127718926,-0.35250923122894706,-0.0026252794212548417,8.927101034792607,1.4177114391359362,0.002970971175145752,14.108516492347544,6.568121021149351,-7.6604819954847585,-2.6478851845431626,3.904532315787344,-10.843815172655791,1.3590984241735407,-13.50647060733998,13.178559161360521,-6.986666760090376,-5.139034169406935,4.250976784662032,32.0837527748857,-0.0033455984803131126,97.8544816900873,17.221381854423257,-0.03992386916560824,110.3803356664243,-3.4371517359552226,10.819026130436043,0.021533365361786627,0.7153666369936336,7.115280458273927,0.007257215958201042,-7.125391848637691,4.688408819604963,5.068293752292948,-12.79078597273612,3.6258873942046512,14.950223892125939,179.61808849777242,7.032846747439207,2.605512274781164
772,12.866666666666667,2.65219647772321,3.3466633255004026,-8.751502757553554,25.296624350552165,-1.7043666345710087,-2.022176214484155,14.031944876237597,-0.7180392842805985,0.004373711455955458,9.997880239328524,1.0405053969056917,-0.0006116172278959484,14.522017051457171,6.007482232093714,-7.643681622091049,-1.9255564463325063,4.096052535759741,-11.253337944546436,0.6561432941346258,-13.438834639684416,12.205537374491348,-6.962628058673185,-6.8553480493502965,8.63889815119588,31.833816100305075,-0.0006210321984853101,99.26683040820798,18.68438264712617,0.1167855460344498,100.3537066339176,-2.275892190373624,10.400111225332358,-0.0042928361293590725,-1.0488394196174415,6.251677462400409,-0.00805887419927303,-6.922145251203024,4.046849111088899,4.681425356999302,-12.92588291450109,3.4050847244643085,15.682436515870247,179.49580309645347,7.094951710501402,1.9697627857940785
773,12.883333333333333,2.8729065041284696,2.3094274948492286,-7.888793475374046,25.114079258952398,-0.7485075664984581,-1.521473684653678,16.0835712096891,-0.952190820425454,-0.0056317863237228295,11.259079611816992,1.3133386107779712,-0.0003767856249417243,15.206523596503231,5.390271780301636,-8.246354638247054,-0.8846728131634198,4.1123263369796135,-12.197481013172563,-0.27768287567456995,-12.918588339729638,11.16934499759792,-7.434906944228238,-8.49027154757709,10.983806888786818,30.946828738757834,0.014668391672570807,100.3055302604714,20.350113505903018,0.049904831262162636,92.6792803375829,-1.0841125946241534,7.6565951433174515,-0.002038690408253242,1.1366053383217463,7.05601341803869,0.016773753961626607,-7.0454162131611895,2.670030364740239,4.709774584128424,-12.462110613015064,3.8938679086897245,15.76454847705492,179.31882083378414,6.968772037539645,0.906410353058513
774,12.9,3.8724035782644095,1.9955909284473785,-7.4708478137714485,25.319808811590267,-0.42154020133927095,-1.9387892139803324,18.94693630820155,-1.5984403450157623,-0.000700440523994327,12.928867795676641,1.4172749364899353,0.002620524446475618,15.984595923983901,4.7583394387428175,-8.446927791833003,0.3839301660457449,4.072591207006762,-12.294797955398922,-0.07243591959732225,-12.528479901151888,10.604878105097855,-6.722078075029758,-8.269342977890801,9.226428666202374,28.481747170345702,-0.02721925106803166,98.76001876652506,21.02870660227959,0.05855573813386371,96.61646309395555,-1.7480476253931412,6.378673978693499,-0.002614684498430825,3.856338971687635,7.880928552272213,0.004642573884349148,-7.251011712881193,2.04030252982611,4.628662624913341,-12.00957606786843,4.134885027105272,16.063679762927876,179.07671738404696,7.046646968349034,0.5009253242595604
775,12.916666666666666,5.2869224566009025,2.3514563864089726,-8.204744565663033,25.909956873377638,-0.3320279643137907,-2.3660412975779215,21.51188302639605,-3.019014731421446,0.01460324663052188,14.478957443328541,1.2140445787027379,-0.0016904394753233017,15.326580171603474,5.70536957628297,-8.14028620782258,1.694668645349264,4.080543696032037,-11.940071520779563,0.06897677097351677,-11.972000551067891,9.13217240657153,-6.43276816784758,-9.829167155937649,13.342218066188684,25.88708356411434,0.00437060201637194,98.50502787530766,22.197356813749288,0.05665937261181954,95.93467832179041,-2.8171227440801587,6.558318630549751,-0.008370875105743927,1.2635761336470814,6.56701243848767,0.01876715160021291,-7.793559395965536,1.9455048951326268,4.451735868833376,-11.74434995435115,4.180896617444452,16.14772454953296,179.08759904571164,7.545376946989762,0.5499968917455516
776,12.933333333333334,6.600902719114327,1.4549782031197642,-8.647785046690007,25.982964739253273,0.42217264336257543,-2.4365802193765522,24.409560350473964,-3.316833391951871,-0.01471874799688527,15.370399034105887,0.9856356244160054,1.837147204078412e-05,13.94089145834489,6.383537917633702,-7.6843829157071655,2.758549243486744,4.200756661771657,-11.993922641013638,-0.3664256592331868,-11.219090170394137,7.591938730402115,-6.052168456863344,-11.68494013658367,16.3528241512524,24.022650601780217,0.007518075340261223,101.28848794590036,22.72193664532374,-0.02577306677387693,92.37213126439214,-2.7891817368201735,5.5785538740106375,-0.0021982184960308245,0.7895980860755314,5.931909585491955,-0.002138865665772253,-8.242484398008669,1.068593039677044,4.41379690439719,-11.681612827430113,4.645403546752483,16.655034706415837,179.1157634807826,7.882208555815731,-0.035908729380511886
777,12.95,8.231585628731889,-0.6127966684104232,-8.124293659167048,25.363719870740276,1.4169820964820636,-2.6756271503903597,28.894778501106565,-1.9970331159831005,-0.014930326401299876,15.820055975246001,0.9478661235957712,0.0006402306043635345,13.948656293931073,4.237009976024025,-7.123068456953563,3.678063488915694,4.0322457581583615,-12.533033549923735,-0.5472929682698334,-10.619932782823625,6.918011109219772,-5.218083007265501,-11.591684703612316,12.084216411111505,22.75102927545823,-0.011973895072387363,102.88116855176804,22.28640394730876,0.007179861137434359,90.45658096869369,-2.8246198370790223,5.656046821728444,-0.002047379517617947,4.5790780991552875,6.273798506848038,0.005133052044092503,-8.195628954381515,-0.1480015762148703,4.30059942964425,-11.548052590090606,4.884940947144051,18.22021553366755,178.65756939594198,7.798985014739879,-0.9967450578651096
778,12.966666666666667,10.15674831104437,-1.6302242052593818,-7.34066439126255,24.734033015878595,1.7575167966672625,-2.6964349988525798,33.25548714463587,-1.393690779148267,0.017420648096383353,16.006426687714747,1.0535151090098898,-0.00010828272519648566,13.496603162029302,3.267275987608793,-7.235284399579269,4.5450618939846725,4.151043205781072,-13.226348719705863,-0.5955673212610303,-10.46806189813862,7.057811923673541,-4.47963398409646,-11.607837703140948,10.12741456395488,21.91850968631977,0.008570629021868115,103.17961717796372,22.194550093060307,0.028743327658531957,88.01379543421797,-3.7200562813670266,6.781102125393907,0.0017249659182351144,4.920640111094394,5.249250496876001,0.029224091664952222,-8.090789528035678,-0.5935981031890937,4.165689085921432,-11.145482618979035,4.88107389463064,19.61190467897937,178.14871527758442,7.799140835607598,-1.3339772904379044
779,12.983333333333333,12.082299192214302,-1.726864995183358,-6.930878779560574,24.46837024322946,1.8287335980601702,-3.1167386613396615,36.34478348818816,-1.7501272483931392,-0.006903790877470307,15.981476465227558,0.6998017747516168,-0.00017864514594047664,10.416815802906461,6.0849873148900935,-7.694332789188702,4.9417597150190655,4.327065405262927,-12.850534306367098,-0.7297487039060406,-10.42851999668959,7.534197199520869,-3.3163282743757097,-12.185238899357628,12.517700514920476,20.88831452385423,0.00034558392156087823,103.90630039883237,22.211818508011067,0.0035278141696232983,89.87804854161101,-4.4040636086755285,6.601784836581657,-0.007986079911607451,2.1424938462886765,6.335515253165195,-0.027877917759266745,-8.394349267756734,-0.6400371998769893,4.13871039718388,-10.820784144439477,5.50965248112365,19.88884265252357,178.04222524443753,8.122882990443722,-1.2011618667727255
780,13.0,14.142824708686586,-2.355244495462016,-7.000769201396391,24.121787718023207,2.067752229659765,-3.945471841608363,39.667247923769196,-1.940006182979911,0.002124040093056176,15.815191721663233,0.4213484038429271,-0.00022004753460786594,7.581460751402567,8.409439043421932,-6.985880218039629,4.8806027764978,3.7539704827244695,-11.994114336964754,-0.7467439360343251,-9.990336293716574,7.420780368898938,-2.119774684850887,-12.823505995048524,14.631609513623246,19.915606057549667,-0.0005741427365309268,106.55669301896903,22.704182359699956,-0.0018146979253954242,92.8588999668775,-3.7485146087498293,8.014671628637517,0.009786483737037555,-0.06662888849361526,9.245199133922862,-0.005432660888291993,-8.817029531904144,-1.1272242049249281,4.041146101134713,-10.824526473498047,5.9464116702790815,19.2343642398094,177.82438923683083,8.401336604945039,-1.383873898122257
781,13.016666666666667,15.99292613439651,-3.5672459956423426,-6.945380178993626,23.19014547763819,2.37480785478905,-3.9795420234633996,43.584286408628884,-1.5411139591431122,0.002167404991401165,15.409309211016737,0.853323097264665,0.0004972706939917401,6.830359599147912,8.134920338418757,-6.204830712465386,4.9663405023362905,3.397867832480666,-12.376692770465551,-1.092262805306636,-9.450140423355318,6.556696215409024,-1.467425931300241,-13.516246113065222,15.242025669991099,19.963853125717197,-0.002253856922410925,111.16255238465162,23.083882126646323,0.0019903288733549756,92.03767632523054,-1.8278221779685484,10.716319315355006,0.013198966749184055,0.280639489629731,7.391120841990289,-0.03158304693308201,-8.82985895787547,-1.8498161692838622,3.764281079391473,-10.773407101364556,5.459699135106309,19.098788755125216,177.4318431941523,8.308285831546039,-1.9039507976129555
782,13.033333333333333,17.551778640607722,-4.603269717211105,-6.479451794701165,22.278469510400793,2.675152796647553,-3.8030709886046354,46.711417165622436,-0.6622059417034273,-0.007655048988307566,14.941514990877499,1.1390824246493934,-0.000614087102766918,5.945938028410809,7.007420375959552,-6.624405796922368,5.335719699268772,3.2674287506427313,-12.938485368479899,-1.7834052769244042,-9.231619784743383,5.654406845582555,-1.2023587552236783,-13.866760623632096,14.936974178809919,20.224431387357626,-0.0017328331879424114,112.79853265123572,23.28217657904502,-0.002134025747140214,91.38581250337931,0.18447388431267364,10.125201598301748,-0.015283120335788651,2.456849749831387,4.4187723840842255,-0.008236870322107116,-8.877087990386851,-2.1493943177752377,3.371850511465118,-10.503880915028068,5.4625761530115104,20.25048984435149,177.23817884924816,8.249922184619386,-2.1936101553488663
783,13.05,19.100648047836568,-4.783440973970468,-6.441805626877232,21.962191547744983,2.675677695700312,-4.233162093711899,48.741619596271484,-0.7613889745293163,0.006088957920137956,14.847452867514313,0.9678160464137643,0.0003157338098906208,4.702142729345733,7.8379070792031795,-7.314180869767514,5.714935748681574,2.758071807827162,-12.557479411253723,-2.0063897023409414,-9.267372914361902,6.406364718603342,-1.0623514395045575,-14.052962213180352,15.123579184730954,19.293231132765893,0.006127303383318031,112.33905783689548,24.106810685099553,0.0013002347947554567,93.06750634229111,0.6586870899054438,8.743431228376746,-0.004835133054345766,3.2790295658499247,5.499763349527851,0.003716287290307313,-9.248280241218948,-1.9939482554830075,2.8724955310505393,-10.56891436266284,6.1103039118507825,21.046184155683793,177.23970748829967,8.47432634073425,-1.9965893852764798
784,13.066666666666666,20.5591611056566,-4.593364819772882,-6.870624627676442,21.704173314037632,2.493150139387107,-4.4255853395551785,50.35936734829958,-1.6629492571713238,0.0017632975783342534,14.761914305786233,0.8078736499610049,-3.4052898521953935e-05,4.420414013810012,9.980894386077892,-7.326964470302631,6.01293730444633,2.93520554847082,-12.433511274544676,-1.94182494278824,-9.53838331942472,9.17269251355429,-0.17570797347718514,-14.326566565210987,16.179815664691404,18.269123718578534,0.013466892199875981,111.3794560630198,24.143799842033236,0.006629990096777771,94.03822617137409,-0.5330396664065914,10.649118780991612,-0.012315021761933798,3.8460329512115474,5.037933663201933,-0.01813278583201424,-9.492026904524899,-1.701745160250416,2.3546425235166595,-10.983408907968675,5.8575885907894545,20.96695098619491,177.39555337307652,8.716247541379959,-1.6549400126570588
785,13.083333333333334,21.80073642196874,-4.730093089289045,-6.949522755819578,21.261492959449523,2.4502300060194986,-4.233221472167512,51.251486822947626,-1.4702980348629304,-0.003168622189538391,14.258101876323872,0.8114362423326994,-0.00014656896219201408,4.833537376616646,8.368836249493997,-7.65278267200359,6.172775029141943,3.3997696865522253,-12.715187784101222,-2.356498391310421,-9.842598700914106,11.222167773987264,1.1366789968610282,-14.547086590193539,17.196975702432038,18.33068452593717,0.008140955363156484,108.51592670914387,23.327143057339853,-0.007364064481938345,92.24103558736891,-1.1889001824300518,11.767331869069455,0.003884653021876497,5.071844643473625,2.649926585124953,0.027324139142390277,-9.81186893278929,-1.5042970760886405,1.9182312731098716,-10.99179334639895,5.127758691055592,21.34064859425874,177.4742779166226,9.013577883704965,-1.49333771837135
786,13.1,22.678165399286218,-4.866052634159019,-6.92290018852167,20.93372537468084,2.280421518009978,-4.240194098440748,51.01536058008417,-0.7800107485973375,0.00017588506937100436,13.933208168806551,1.121879257612417,7.587768305574148e-05,6.108575034285869,5.479621581268256,-8.864592353494947,6.02596637611036,2.8130853816966512,-12.46729317438592,-2.8987231354626735,-9.807548447113879,10.855476442168111,1.9605105149392237,-14.794276815950663,18.117009572037286,18.365027922376672,0.000186789853387541,108.67969434074716,23.526960852658316,0.0022061867508050437,90.1127036897687,-0.44937126942908695,10.054989429069924,-0.009542691500366185,4.213309532143249,4.858615567767709,-0.026399579306672482,-10.227888412013389,-1.4600467245005884,1.395545986858262,-10.867679728818482,5.018235934002666,21.910250436672996,177.42569389070712,9.274269589640316,-1.4023546559204711
787,13.116666666666667,23.054414132115262,-4.755783496229609,-6.7062623617322625,20.252986347308873,1.923762408726299,-4.449443223478019,50.29647806745062,-0.5298622744673088,0.0011826189042036547,13.806804123187534,1.4049099955945776,-0.00024507791994105645,7.983344220375474,5.538699001731896,-10.17102134771995,6.055140143843712,2.1966488391462304,-12.078029694895514,-3.2033873496765333,-9.543428824811347,8.94559991493248,2.5160906898436424,-14.927799919439517,19.137204702623478,18.26881918143307,-0.0023885534211095694,111.0083482014979,24.72612227286222,0.0018974653605755766,89.66633354626958,1.130822878384551,10.1605364732845,0.01249481456540826,1.028434310106113,9.291539932890158,-0.016361919180100045,-10.05705688486034,-1.2731392056407778,0.9970906141261028,-10.883054958148143,4.896477780944353,22.17274406073138,177.34729330191317,9.052195092949407,-1.169236484022089
788,13.133333333333333,23.4745749434443,-4.486255782342753,-6.111596369480656,19.331056126682086,1.6151169817343352,-4.382062727300278,49.42666507982826,-0.25990701757627727,0.0011067955583730462,13.359549961141266,1.303517864919642,-0.0002109376955849767,9.111810033672997,6.14341101230455,-11.256705767941288,6.655860194729449,2.8585866418150774,-12.37821594760063,-3.5139827710118037,-9.489172728561407,7.943490803714721,2.8503057812351362,-14.89429202620543,19.379884949393738,18.59159005817822,0.0015908115252209517,110.02450548774671,25.748875107774094,0.00021944176122224273,91.90168467172015,1.9868486523636806,11.363937327143141,0.008819283157362804,-0.9390767326642252,9.626520388680948,0.026862113107801684,-9.786621251150594,-0.8462818006580268,0.9976582438026788,-10.752005821784847,4.6627891991809145,22.7256337197941,177.18463293380955,8.779598187393448,-0.7765644070752027
789,13.15,24.038520332973306,-4.290664955431024,-5.772567687210322,19.077469412344417,1.537333670437907,-4.166251452036386,47.39301819808235,0.04515604344354325,-0.007993847043833446,13.004092871632773,1.0930008218239065,0.0006559774609277712,9.477959375503428,7.136807084939584,-11.967387194058169,7.105495234038613,4.07412229646673,-12.741295262419216,-3.8494735431880924,-9.727228142991109,8.390087892652945,3.2954013331896608,-15.186712369988467,19.912015824647945,18.795475559064666,-0.0003871759684023394,110.9892963336396,26.090033234176133,0.00268760877825577,91.43987870639884,0.9919303682862894,9.85631679500618,0.011007395168334553,-0.9705962508693029,7.583657542343687,-0.017781285209832614,-10.104680695819276,-0.6352034205432703,1.0245421608659517,-10.82371096631249,5.01472154506337,23.039199266304493,177.20870413236418,9.065136821540188,-0.5745264599663331
790,13.166666666666666,23.879330943203744,-4.353458839726274,-5.135932703660672,18.81139854970402,1.7895140823445506,-4.668286748338611,43.7108344981988,0.7153894839685866,0.009469941330250852,12.818870805936385,0.9789227375643735,0.00031917225787966744,9.328854409729455,6.867627486185223,-13.072947830190856,7.068327331531965,4.121427305689693,-12.079646253505702,-4.2945624019981885,-9.708060928041336,7.645165601009784,4.166298950761378,-15.448475174266274,20.46848250541932,18.895771054252812,-0.000899149160182824,115.15963087116428,25.88324974709777,-0.02486799100180182,82.74932306533184,0.4510208980272435,8.22207019505613,-0.00710515510500794,-3.334782693330127,6.362644133187873,0.010307617290771547,-10.296115166282648,-0.8459832396520776,0.9010902959136716,-10.703637899867704,5.296807311339011,22.757836493044056,177.3440132096968,9.242638369538657,-0.8144572828796943
791,13.183333333333334,23.350711617075184,-4.369531756227547,-4.416026137792968,17.911061487880602,1.9377045480441752,-4.979942253711533,39.88731411453861,1.341802593386539,0.006417723941608696,12.33479899528587,1.140263116413354,0.00028672977028306135,8.527526314617589,4.447559409942006,-14.63024923020756,7.202788460112853,3.048677623481423,-11.433662418482415,-4.628899284865693,-9.435661882904796,6.355076331842602,4.8296975286683725,-14.829807434863572,17.968088052986836,19.01526460236975,-0.002506175643865853,113.56154829056935,25.45340527119222,0.010324784935522812,84.06395075087048,0.4821989081697049,8.73901139375226,-0.0008403129843460607,-7.346668021610244,5.5375384458906725,0.007870546564985403,-9.993063358745939,-0.9560276377585211,0.7367329352434441,-10.137093901763356,5.009382543092961,22.56002312647715,177.25926734075554,8.955067825506887,-1.0169748984371902
792,13.2,23.104212027078887,-4.350294709925632,-4.674782239371856,17.101795319077194,1.8908507862921349,-4.272597859078508,36.38255184992996,0.746531310027725,-0.019162121918446382,11.758349230380059,1.4913878521589905,-0.0003004459110086544,7.4279251604629914,5.0745607424889565,-14.34751508023675,7.579646491957382,2.7978175354011,-11.880131928193299,-4.64512514190673,-9.438058953650623,6.482198273460224,5.221410304321928,-14.316987486560219,15.877110617589038,19.071395400699974,-0.006765091397571055,109.13498309749711,25.186689473312384,-0.0028708615004982875,101.16413949282224,0.010196219374468619,9.214637316001353,0.0011068234736095026,-8.134872990380641,4.747032267448025,-0.010201764904117774,-9.794853448197438,-0.9372550966059933,0.5253400550603741,-10.227211224512216,5.014358608429461,22.571371727535798,177.12815854254677,8.795112153509736,-1.0391566691831657
793,13.216666666666667,22.529684718867475,-4.753875979869271,-4.571426078343635,16.416069403318073,2.2708083553578025,-4.150525569592899,32.16929200539339,0.18580361838796533,0.0071103635192455265,11.194915544331005,1.588122928284228,0.00019053380709635657,6.709777006789736,6.917692816692804,-13.2333279534254,7.638419720675418,3.2466804245573373,-12.086745415491405,-4.706595167089749,-9.645306827039315,7.269938979021939,5.352869110941629,-14.683827548106409,17.25061448234572,19.097051711231543,-0.003079314639907854,109.32394068242836,25.609297174759195,0.01976763201066045,104.42049313526945,0.3321337391373189,9.585971418668167,0.0006965132237600462,-8.4631891986235,4.298155845239754,0.004795842855216457,-9.889594007035488,-1.3854769302495005,0.4149523688982718,-10.780910371230934,5.135143990677917,22.716816086362623,177.15079703644162,8.791703172506852,-1.4356344373192973
794,13.233333333333333,21.47242779180041,-5.503999690862481,-3.882522187707495,15.723040783429022,3.101067188831293,-5.315323062662198,27.459505486587247,0.6634640503165451,0.00879876157119804,10.55997938225398,1.317166617724312,-0.0003477793580036486,6.96272541520339,6.009915210099303,-13.350206005124724,7.305213048043794,3.08673166146549,-10.774843438092946,-4.909385878318329,-9.731940226567593,7.357296570627005,5.478595550377425,-14.277473145636069,15.979584549423368,19.09793574505578,6.586566902510386e-05,109.8054608471596,25.522005790678417,0.0282892273804124,97.57265343333991,0.8125174430191798,10.412706128332736,-0.0012573792295577828,-10.839613574246897,4.4284564078071265,0.0008983128705783993,-10.008340502103874,-2.1100754968388995,0.283277410095478,-10.793578824568232,4.818523359894194,22.548996611277516,177.59373339155783,8.728657469599966,-2.1846434091714944
795,13.25,20.236595043017488,-5.945471199909659,-3.7736631949179147,15.102043890181648,3.6202610743870856,-5.950634835939331,22.780085720056988,0.8478101119694454,-0.015486033724109536,10.055805387431434,1.1381203587297517,-0.00034820417217776414,6.620530682787856,5.780635536512249,-13.198977358481862,7.330203918163513,3.093104094799875,-9.589530866172032,-5.142093516473898,-9.663036309554702,6.1073057889089615,6.053257837139648,-13.130154329700352,12.170499767988243,19.413295209849036,0.0013168069601179203,108.12905166205648,24.392102805283216,0.027929739845887452,102.95935592795368,0.7172344229108202,10.022219890022118,-0.0012229683587077246,-11.53944578984359,4.107710716141022,0.002641344751338537,-9.925242556459311,-2.3708569128862074,-0.06959794039780907,-10.424864732804602,4.840857940319741,21.915144394632495,178.2628138249105,8.589303020247709,-2.652420473636819
796,13.266666666666667,19.249004548145756,-5.81083148167227,-3.2705967342407076,14.233783882262278,3.419984510088509,-5.29988825661923,18.932054622594304,0.8357970860284397,0.006614248229043955,9.559529549666433,1.368434553274453,0.0005623707873295097,4.857539079657715,6.324875042018362,-13.006261652750334,7.684298405281021,4.069408292118644,-10.18699111785085,-5.233978408157989,-9.821619986380973,6.112188380213637,6.4464039803111906,-13.048199464161454,12.00746310867901,19.87055309960237,-0.0009715236023993288,107.34577678851161,24.815967364191923,0.047937037929165247,104.68908405755724,0.8584977819585425,9.46321855479195,0.0005305235318224962,-11.553172476311088,3.807280352556853,-0.0041008061551394545,-9.678084238472438,-2.0868555935968733,-0.29376228634117996,-10.263400308255815,4.839258758340324,21.656560290195447,178.39372551523655,8.33646013093415,-2.5777718075273715
797,13.283333333333333,19.300443859064934,-5.706146340501473,-2.6135924324568074,13.686451513116722,3.244416000414129,-5.262009176350279,17.16075001721557,1.246056782314281,0.0019550195291286837,9.07832491931172,1.4323999338675524,-0.00024283805381707628,3.4824231409363366,4.813456877810442,-13.302413720342958,7.4999167514584775,5.103503635769507,-10.543792560951058,-5.167862098782204,-10.07714763362816,7.748808943695462,6.566247216191654,-13.399641358878409,12.849954676060825,20.060491617582233,0.0014476748900110797,109.06484541294249,26.40570040867856,0.028268968578217223,97.3929081648801,1.489620080864458,9.84995877788155,0.0035525438512463282,-13.158175581310553,4.404632376923592,-0.008633499988744011,-9.718522067101649,-2.003502659140857,-0.2867468766027462,-10.548534937066556,4.093629827745422,21.66637545614964,178.21144609285523,8.356895627869408,-2.5001893668524224
798,13.3,20.00359782113032,-6.007067850521951,-3.013300849358994,13.935837595062507,3.5727868906622082,-5.959182405226782,17.180386536680206,1.455103270908591,-0.0032210251477069163,9.042048068915534,1.1272257692199996,0.0002287466543733459,3.3901791066322304,3.1559894304516773,-13.005554117335164,7.281086156147283,5.262815998947052,-9.6039478772788,-5.026404663280762,-10.152521183004751,8.272722190107244,6.446454997813517,-13.547947031105403,12.536050993267823,20.096723276005573,0.002317012192517855,110.71924774176739,27.447087807380072,-0.00031290570614979536,94.62028704566646,2.001633308985361,10.212813047684993,-0.0032930330920499127,-13.759425534084354,4.374067945178865,-0.00382124059029877,-10.053135586090264,-2.229880113098308,-0.3351274150364615,-10.789858258582194,3.563136594957361,21.1286790320275,178.36733203112846,8.750734686883904,-2.736780049637808
799,13.316666666666666,20.020907852574997,-6.242634770211826,-3.2922631274409535,13.961023468197373,3.776770890030604,-5.907235989144493,17.539411811898898,1.4895127430138706,0.0013774137357347792,9.270741772824252,0.9370814400160663,-9.092327501944539e-05,3.8164687140133733,3.610505045053515,-12.87676036199912,7.639707511864794,4.9228452003763845,-9.396451168030573,-4.573478626644858,-10.287231665150827,8.295263529545817,6.050915357613143,-13.887153131236039,13.046074067261147,20.04288700849069,-0.0011257119926944158,107.79656411651055,28.427097659198083,0.03621735892484604,95.16979053853179,0.3516784422655619,10.838899633700455,-0.009896739409223237,-11.450854711587315,4.574398062394946,0.016030643102590406,-9.993875944704516,-2.1484744400334197,-0.38208399474542104,-10.7301748365393,3.446440771363982,20.44374382532383,178.60227022539837,8.820238202187682,-2.8258756583547453
800,13.333333333333334,19.35603035585753,-6.121962839514136,-2.8251473834048175,13.444820309466031,3.6940422566058055,-5.71522111144599,17.27903240191666,1.6101417425240894,0.0002533863330430577,9.262155617866693,0.9131896739698506,-7.211205495929226e-05,3.884675838315819,4.415375647295993,-13.309738418047333,7.973965539278037,4.62927857437469,-9.992816510672416,-4.0828509582826635,-10.381871242645023,8.519492251802442,6.376558224113102,-13.651896685833178,12.598193625155112,20.003952342070626,-0.0016676489040317135,102.56088186651475,28.209134401508095,0.03409652972409038,99.96092872361069,-2.9223850025469718,10.507146692128858,0.01956435006864024,-7.1803383864478665,5.255594405898914,-0.000411392350534588,-9.618657236046275,-1.9448414134219967,-0.17299352734287518,-11.101459637125656,2.8975080194073164,20.35500927541342,178.5154823441019,8.58341189067536,-2.7015990271899866
801,13.35,18.95845218866307,-5.883537023511837,-2.7285734219254603,13.287847218228949,3.5626195008609987,-5.964544591710338,16.465523287007816,1.530066902335157,-0.0005386647586386393,9.038079682040259,1.0155423404689958,0.0002592391095550929,3.5196855403996667,3.9583395061325493,-13.206560155825184,7.894491370420866,4.372498328487242,-9.916837469679422,-3.8961380716297556,-10.573198857769622,9.584039149603148,6.903166710077569,-13.000537865553534,11.394590803018486,19.800674832066186,0.0010804427026485485,100.64542978454475,27.276506483691744,-0.015368835429457434,104.08355831774705,-4.215969454370731,8.49908410816514,-0.006913696812843685,-3.5131885483184564,4.415531501668094,-0.015703896536968985,-9.716318242541025,-1.8874980310414904,0.09683291781575164,-11.613357153802433,2.337137083446658,20.738277706203093,178.35127768337833,8.765593425649593,-2.6564457343658545
802,13.366666666666667,18.753056672413617,-5.642088921383287,-2.879619979198736,13.346768606323856,3.346434104335836,-5.937316776898698,15.69139856252894,1.296534859512263,-0.00012002365240697335,8.737539805509599,1.0953972526007982,-0.00024281560785868245,3.305036349433867,4.0458110329008825,-13.08516426046589,7.427993750704155,4.616155754749664,-9.582124614861769,-3.6325700317781844,-10.887733494967934,10.504588797178588,6.581064736486511,-12.853023462138802,10.970762944014867,19.439185366784844,0.003045282860803318,103.0110308084495,27.451942698662947,0.007871106421528443,98.05730120743593,-3.138413881238156,7.174960012779233,-0.007693423777557913,-1.504907936196575,3.679299820354402,0.011713952399425114,-10.075879715538422,-1.6776496060601283,0.021249942747545505,-11.368434816933277,2.46581548972848,20.825208094933327,178.43950158091994,9.128726705024173,-2.5726673997393683
803,13.383333333333333,18.308722184978826,-5.420409887205482,-2.7881077681023148,13.109081509397457,3.1403133839857325,-5.355719441861041,15.211426579771448,1.2925038856229654,0.0005095094184283657,8.506433684382898,0.984774588633002,-0.0001883129114233747,3.2357753840408314,4.890955805017103,-13.444263005287528,7.383716793996628,5.09062732737943,-9.969245415606814,-3.3026371068981106,-10.96993026981333,8.914019026693698,6.20580881591225,-12.907452063369272,11.03223895193766,19.86801577710191,-0.002763130049404285,105.6267897404764,27.804107350977045,-0.006569477601347821,92.65796155823186,-1.6559341266315377,8.036765772144026,0.013842914082920222,-0.6277815322932944,4.554593066785138,0.0005958970804191789,-10.053519022943018,-1.3405178685112442,-0.1487267750656451,-10.98620587534962,2.5880817516045727,19.969349373949413,178.66823650285,9.146274230899786,-2.35605409912672
804,13.4,17.856547496235052,-5.231074919358264,-3.1874526016747193,12.989466337797719,3.064205142934292,-4.908473560085008,14.598019739631662,1.327511342499544,-0.0005424246394171194,8.508008425522886,0.9162408291627547,0.00011752746239705862,3.030477851947067,4.45050648176482,-13.203329119234496,7.979350128368125,4.70296035913097,-10.385592650294317,-2.93145054169814,-11.124537330888812,8.785503017582776,6.097757622260903,-12.713959257648138,11.64977250710022,20.448493461736533,0.00998084197048996,107.08580688168453,27.64044988102808,-0.0003838712881216553,94.80265664398205,-1.4064345667946079,9.707938619784318,0.006261329450696513,-0.9726842740706465,5.287689614759757,-0.0032646320173025773,-10.009260723893535,-1.1335007313281593,-0.026567233146892393,-11.05645051792692,2.5338331556415237,19.145211684212956,178.75389259154954,9.20634682916356,-2.19912939050561
805,13.416666666666666,17.411830908022495,-5.068991589302848,-3.9705908597171984,13.071462933407894,3.069008910004055,-5.215321800165727,13.66715316042595,1.0663448895234053,-0.0012564924525940134,8.620267775144262,0.9502077667994535,-9.617600186570104e-05,2.9498864148812847,3.734697287382664,-12.577841083885955,8.086813575607945,4.185405446468155,-10.092390544182285,-2.295482127195366,-11.388471904899651,10.92873102494986,5.733165377000706,-12.507049364296925,11.854697473812388,20.056702206681685,0.008781260985326333,110.13613110672208,27.58027378585445,0.0001761890500163938,96.12631242324974,-1.5720530871791942,9.940036809333607,0.003321995541058244,-1.2818691190583311,5.332104416665256,0.002595600306687666,-10.159292941201429,-1.0803458751604713,0.16229377367021247,-11.181035595148636,2.699505693276241,19.4218297128286,178.65920917350184,9.45092811147576,-2.234609525623588
806,13.433333333333334,16.809887388376783,-4.901091037478398,-4.231947137927349,12.991106508695152,2.9115172165848486,-5.443429368893078,12.769800362766077,0.952200799141985,0.0009471660953290487,8.643652079992025,1.0614887059268885,0.00016265680000445072,2.8346227960963746,3.9518885885842443,-12.645313882192648,7.724298531581781,4.347064478241308,-9.885999241259267,-2.065702594994469,-11.378476393974605,9.057753405348318,5.306057826538878,-12.498501854431845,11.81547971703907,20.421397015004107,-0.001884146680585922,112.12080916184483,27.611213182291355,0.006799821221624474,98.03162947718312,0.9709486890494732,9.576707145224772,0.0031448549546046816,-1.2533114596139463,5.4591509588584115,2.507217245859396e-05,-10.167592818646728,-0.9281141367608653,0.30076340603382545,-11.232975255672132,2.4756242446980967,19.664319784129365,178.59619097822548,9.531088601153403,-2.2362870785323232
807,13.45,16.388689606005656,-4.732504714595971,-3.898940914938555,12.914538510264663,2.656526982982577,-5.2621658389128765,12.004844342339043,1.2581825152453014,0.00031358003195390864,8.503497489489952,1.0943154016880359,3.900588227600972e-05,2.6432146099300047,3.841254163268596,-12.908139907113881,7.911512369621132,4.55474233744476,-10.052178696551072,-2.2540423540054184,-11.269390038852197,5.533992975056741,5.076111485329266,-12.525920232886685,12.464592061148076,21.81758279366944,0.006648566908531422,110.30174335362437,27.257864710043375,-0.007399514866774237,100.11230781397347,3.625352956107776,9.941706333451396,-0.0049493025870471895,-1.2117931695618118,5.48101780442854,-0.0030230048023912057,-10.249300379997262,-0.6893534440857304,0.5312929485323534,-11.343575221173694,2.1770009258058813,19.133639738478475,178.49151274901936,9.671873486997663,-2.0696726524015965
808,13.466666666666667,16.136021696926417,-4.6757668325562065,-3.6923042447988372,12.854934590341172,2.621808512477803,-5.452668384071876,11.291506233102675,1.558125747742396,-0.0002406623696302942,8.257079893479402,0.8278190784645142,-0.0005053486242405489,2.658263748559298,3.4763226668163405,-12.622122046997617,8.575994976066903,4.884541748020502,-10.060948706009809,-2.0642757247677475,-11.363202246888745,6.802371903254016,4.559226171396452,-12.504265830270688,12.330454448370732,22.2054214764876,-0.004200632441941786,108.852066882447,26.802464294780638,-0.013113771913337164,96.55810528192,1.6250846976355338,9.897883134486595,0.00739327265488273,0.18033631375248982,5.47063730833824,3.814791098977166e-06,-10.50720863056227,-0.6187055220472443,0.5764705039772219,-11.291969204044815,2.6282937678849247,18.74221287427362,178.2532289331589,9.94961089427688,-1.9404697048257677
809,13.483333333333333,15.506938025358897,-4.605877629633852,-4.19870667234817,12.507028045663247,2.5486066247952897,-5.360434474610816,10.468768048993056,1.5520876106870076,-0.00017378463196900451,7.945505261349357,0.8137587860388745,0.0006510507400299075,2.5860390106891997,3.7876483490869375,-12.101146643304231,8.608489169765736,5.125177415880259,-10.213806915561515,-1.911083326504995,-11.43879175457304,9.164556920274652,3.7315963306254756,-12.341518997171912,11.26447511564626,22.24763677485063,-0.0031325096987779204,109.96974999529716,26.465660020727746,0.01197769601858433,94.31744721717055,-0.6684157040333971,9.500802062443153,0.012036928442065248,0.8101745517514637,5.472946749692563,0.003846488263877823,-10.626719659473022,-0.6170710160570513,0.34966935521812154,-11.110694037118732,2.950197861872799,19.09666690271824,178.1708164944281,9.968700620742473,-1.8741105866152235
810,13.5,14.813808480078377,-4.42297175141604,-4.642538731213414,12.202066204946336,2.2840977217488625,-4.6668545964859245,9.64305308131277,1.4029469901316811,-0.00022117685225107552,7.680785398742094,1.2309265813901265,0.00043038124671843585,2.4926073135448963,4.330057368754713,-11.878035150048865,8.11813834541501,4.854170575760831,-10.729262019093913,-1.9276504803256125,-11.557825236663184,8.953577050684215,3.140704952939117,-12.22866899003197,11.435144156166348,22.73730110434821,-0.01417524112797119,108.2022239277829,25.93156163892629,0.0021912835296686362,94.17531420486212,0.8265881175490255,9.635780755192995,0.007155928547236964,-0.14888310868833823,5.250319086700146,0.0026021042066567404,-10.725835858602524,-0.5717856999481036,0.2970171751769686,-10.97298094859538,2.7715293513883004,19.550894779853785,178.2352842596107,9.924206033033059,-1.8219736550898442
811,13.516666666666667,14.572012935880108,-4.250459844144642,-4.589081938768496,12.287624279598788,2.1132660853660843,-4.495661286995483,8.975603102027144,1.4163232533626204,0.000445456523401697,7.615726547338295,1.3269220778195203,-0.0002571112927067252,2.4677079596191276,4.195716296990006,-11.780372037247224,8.254195064665295,4.759810791820177,-10.961527699824176,-1.55187283174209,-12.065662969901293,9.633640993569175,2.820506123524935,-12.154598203062216,12.666593658081355,22.8331738615227,-0.01751835295020514,102.27577176535374,25.12684811635659,-5.0297003688909885e-05,91.58339908210323,1.22786238665295,9.887606783923724,-0.0039039998998445366,0.0733591108850183,6.048874871138425,0.003569112835368384,-10.99407682282356,-0.32390979770211265,0.4260226925874978,-10.557555943935622,3.052308725567159,19.048994789448184,178.23933993380274,10.195199365191975,-1.7410954023667797
812,13.533333333333333,14.30308840682424,-4.105929562029325,-4.854718958849378,12.284622826301828,2.02211484227032,-4.7978540105763745,8.295517516735426,1.544011699289806,-2.0259165350115707e-05,7.561630460449185,1.1179783187973655,7.08644812094781e-07,2.3150182005950737,3.553355105975056,-11.410737575838354,8.757158186056882,4.798325874190593,-10.691423020053369,-1.2076461162346712,-12.393550078860603,10.784931834449146,2.77743791543074,-11.731083239445633,13.264518094086023,22.955834081322102,0.003229050679359775,100.42948368905698,23.61618631160832,0.01700796817590423,92.2400883573198,-0.3043739535712683,10.203825621577442,-0.003564946620610168,0.8015357571859189,6.964440867845908,0.002163595641745232,-11.11444883152578,0.03813599820972279,0.5549175972826929,-10.367410127334532,3.206829280307828,18.05577025764238,178.16539589725247,10.426497237729953,-1.5885001416566136
813,13.55,13.872536291010773,-4.0749827387292745,-4.919837302630543,12.035620063790494,2.009803956234197,-4.844489523873035,7.742134612881308,1.6731527558172496,-0.00016398738031323396,7.384791861747957,1.0653209084758821,0.00011907656191850285,2.340179583775185,3.277300060676635,-11.380189014017645,8.924111905207567,4.699611786327021,-10.599237957858705,-1.0631228030806894,-12.307466217174307,10.379927785998431,2.770353784912806,-11.322187811116267,12.869114330605168,23.354163158503976,0.003786393329944209,102.39825118804251,21.631663694811113,-0.008377548766664881,96.0123720734004,0.250473448969627,10.910726936480005,0.004105466233514208,1.411302441807064,5.374014437573249,0.005046862857863325,-10.993466930925779,0.09927414841822901,0.7200962995403414,-10.782750312007668,2.5580030503127342,17.637253457817916,178.05824353211608,10.401862018252361,-1.5566586865613106
814,13.566666666666666,13.71653077627147,-4.14966876598308,-4.728898168696388,12.067342847532885,2.0778857919119913,-5.020149827761592,7.354139832507248,1.8663103878178693,0.0002632816992495515,7.294803465596375,1.0339106949180714,-7.646827760275496e-06,2.3879926976545938,3.049491492574436,-11.583092153817764,8.685369209552487,4.478473444402259,-10.437104815378039,-0.7999117938045787,-12.575711371478539,10.292577377388481,2.392531505104051,-11.001843823252537,12.7089288815984,23.39488498246567,-0.0017135291035199106,101.26025080573243,20.53611164387519,0.006017721635772477,94.7639470719036,1.1916767051257833,11.19322392079848,-0.00038202957431501377,0.5792248131200267,4.595806374020827,-0.043908229500757456,-11.049721142681104,0.20115421126724653,0.7904701957604336,-10.88969834949587,2.508489666089994,17.93857133597391,178.07437879486625,10.546076245285164,-1.623098163858016
815,13.583333333333334,13.558768568324274,-4.106967752693905,-5.3056711415179745,12.12842946793745,1.9530701767598557,-5.4508808040636705,6.983993505519376,1.975747631217265,-0.00013670107546470608,7.313910394651399,1.0616050946140547,0.00015663123367873208,2.1553386578964773,2.8999969519738773,-11.276551331793154,8.521959010708294,3.8824301984117064,-9.833552634374009,-0.6213833380163468,-12.881763490322044,10.504932504410336,1.8826155903632846,-10.678346742955853,13.896684813742667,23.13968445484731,0.0007989389525139157,99.50371549709915,20.360674596083147,0.006234676509075954,87.61772339589727,0.3816783589502398,10.13665784823142,0.0037251038045385343,-2.5111198418027283,7.492268671828378,-0.05472527292565278,-11.156139333222896,0.46852216628341065,0.9400609132822448,-10.712589136485763,3.1085849500244027,18.1631730080648,178.13400130239637,10.701455832332966,-1.5353330732121704
816,13.6,13.144459989791704,-3.9965792333665613,-5.7202992085107445,11.799064578157077,1.7273033479550273,-5.072614618844925,6.735648165609796,1.9410434023158891,-1.1436426839006704e-05,7.22959174447566,1.293828486417792,0.00014265856609136095,2.0539736782516407,3.577387739119718,-11.36412338449386,9.004731525318032,3.8108221197465206,-10.094731742548888,-0.645819179497866,-12.607580542784012,10.411422408437483,1.1997005081023826,-10.841530102982093,14.849052433303283,23.069304098727674,0.00021254770419878237,100.89638154140982,20.26287013135056,-0.006755199332211797,86.64275984265447,-0.5551953653195717,8.903496145987296,-0.0035848308760851604,-2.783665348955588,10.013143621930814,0.03569985708740371,-11.017738451978795,0.3623565337712775,1.1797311590626829,-10.769234458052498,3.174399581020112,17.43160688338861,178.14407697014275,10.539830500972942,-1.4208700768374742
817,13.616666666666667,12.752744442474581,-4.025113145519275,-5.504803453220694,11.52860041152281,1.7124353631634233,-4.291240716618797,6.417800669509836,1.8723818004844812,0.00019252812884051088,7.0290726509628865,1.4781716682923907,-0.00014115087894557034,2.209634786263081,4.374362439432487,-11.939520487776713,9.424585100502204,4.446620757426767,-10.854496369525856,-0.624755469762435,-12.523195228350414,10.78568156906715,0.27847882720733463,-11.100124470212178,15.175177058259287,23.142011055353354,-0.0017950510229909713,102.29467714049642,20.027628814483965,0.02894140254090755,95.33131100051759,-0.7807832922023488,8.884211712345795,-0.0005943195689925277,0.25006169168697134,10.039004899025947,-0.010038653613418722,-10.932415619879613,0.24610611121418255,1.101582449049708,-10.755806913749685,2.936380378858699,16.787623184733526,178.323208475162,10.469868334395489,-1.517945193380484
818,13.633333333333333,12.636008453133243,-4.106698054052466,-5.730803933212288,11.539627144988492,1.773543735307914,-4.564708679749996,6.080274565576188,1.824283846680338,2.852446431392235e-05,6.826750447561428,1.5131362441595329,7.441419403922603e-05,2.2155652556503425,4.7056079121006,-11.81481106731586,9.22054347464154,4.512265972315552,-10.588273740910347,-0.41121847621469665,-13.058185793974957,11.414906767194783,0.030986610552385913,-10.733609910803462,16.0291257906497,23.163198755329876,0.0014070904042171612,100.16381837834179,18.708835117171642,-0.056307771832837125,97.38421510427375,-0.7979556852930513,9.191474897131734,0.0005681646780697785,0.6855214164493485,9.249276591134862,0.004008668530851856,-11.01476859025546,0.582789780788618,0.991552556728618,-10.987881053899946,2.6272559531195188,17.175569571904354,178.46070713542787,10.684227131232237,-1.6221193105278542
819,13.65,12.735011274549754,-4.203039195812235,-6.254275316548669,11.608550195288185,1.7823733038161098,-4.99553340083627,6.049335420565113,2.0739327940189876,-0.00028650564362606986,6.713140554463305,1.4225445857311756,-9.391368828568339e-05,2.1478096947315093,4.3196507695375095,-11.370399679799288,9.167460642481528,4.6893468093012585,-10.354495051610915,-0.27470747216469343,-13.371536093489873,11.668136356172495,0.5349424015667277,-10.08512314307187,16.262610809069947,23.312243568777024,0.0018105121338122237,97.53281598067862,15.857744805463607,-0.0385016270637203,90.93893476746912,-1.2682082387467526,8.9364126445289,0.00022392992523138664,-0.9161437325475629,7.642834648284794,0.01986574866958926,-11.101114877498171,0.8748938373264823,1.0239768924770383,-11.448334638528918,2.386619019723784,17.53815406907404,178.35131721906362,10.877921318805566,-1.5658103963994903
820,13.666666666666666,12.509497874418308,-4.224148679598782,-6.220125143322361,11.426370541289844,1.7010044269751754,-4.730836111324002,5.893169017111796,2.410662418148134,0.00018386445555307064,6.5960720024721695,1.4098138464456993,9.899291566573887e-05,2.364320135767791,3.2206296726401886,-11.369925442032708,9.506012763690098,5.403719963065869,-10.674833777582592,-0.39806479673021555,-13.070455143845034,11.312613800245535,0.7579709568785954,-9.953659449391404,17.295325128551085,23.419411044992703,0.0014250073493571032,98.85586134469675,13.766618638597933,0.031317308793071694,88.40225264864385,-2.0330760784213284,8.617949069959398,0.0007164323587732179,0.11331777493109167,5.527948790691125,-0.008914171766283846,-11.115746975335105,0.8631214791240469,0.9441152583310348,-11.519718510088774,2.3725766169920246,17.042570448710613,178.360975043638,10.851964912069146,-1.5432229690343762
821,13.683333333333334,12.340091682955354,-4.27311351540495,-5.8101625000601675,11.268606948966507,1.7445234239098013,-4.259036704095095,5.6913206847736575,2.3832664410781073,0.000190556360651325,6.364546228801378,1.4937856191965821,0.00019106930116383243,2.647006658086855,3.0182208785470888,-11.64929874951035,9.743892652523723,5.177775717360803,-10.94448526818856,-0.35858639719602187,-12.937445392352394,11.480601118958306,0.13849725117900483,-10.141154720729887,19.094756538625617,23.188663522065717,-0.0002643655802582759,98.88063081484404,14.574147538515032,0.027291466966899845,89.04106149387358,-2.3069678303323253,8.601984770923703,-0.0015784390715109795,1.0773834214348461,7.087072518636925,-0.05677055187074108,-11.1630847580456,0.6901258062717501,1.0342335386497614,-11.359210064692332,2.372286311537861,16.367374531056274,178.4992764147525,10.862835172621425,-1.6419447046927047
822,13.7,12.604472524910772,-4.393228112244355,-5.507901429304835,11.390902794905214,1.8780697096709278,-3.859424367771927,5.883861117510079,2.3541665983129865,-0.0002524767354583614,6.250583497734632,1.4111323456268179,-0.00025133185192967447,2.767647909262708,3.698330169306789,-11.9691423162045,9.865899526981972,4.845190704753036,-11.271908296435479,-0.09977845062719988,-13.13982122208656,12.180305440490333,-0.5585519405420903,-10.077596251571247,20.219047067870537,22.957333126201952,0.0013159846017898682,97.26458218388481,14.392165970375224,-0.0113858698395109,86.29229156269254,-1.6419682026725715,8.993376126095296,0.0004531814862424531,-0.4992298371782709,9.216059491330078,-0.05412471558998709,-11.181779579225587,0.6332099925514535,1.12262746536762,-11.301070598411883,2.608478679362997,16.3965090362362,178.4728299647779,11.001731967858058,-1.6378728938259466
823,13.716666666666667,12.616882150830103,-4.150134664015448,-5.613015776914707,11.223156064292745,1.5747824175685172,-4.110861978930835,6.106509343410753,2.2145615977475277,-6.713494546392237e-05,6.089976745892753,1.5171269659491808,0.00018205005664343976,2.977772557482878,4.321186417099779,-11.74703318367147,9.675646253492609,5.042700979533943,-10.973104943946634,-0.21920716541578947,-13.043466592760504,11.560324622553125,-0.38548739165163937,-9.905745729909045,22.10408013626052,23.13456795428847,-0.0028726618984233287,99.40748918021674,12.065938994436985,-0.033834954073792306,84.11942668597972,-0.9136857910377858,9.507654148980125,0.0009785589830046493,-0.8948371828727409,11.216526837699917,0.005464521545112996,-10.906659299804014,0.7533319787418964,1.1504274405852968,-12.115579293608954,2.433471815914701,16.12400034944033,178.5524433714263,11.03488783175838,-1.5360655085554586
824,13.733333333333333,12.390721761886429,-3.9614903221604667,-5.36970226335324,11.072307092992776,1.316305176837443,-4.365077182306449,6.0256752802047755,2.3527629812713577,1.659470804788666e-07,6.205911463570242,1.52371505684014,-1.2328891137422062e-07,2.948557239849994,3.9462968934486677,-11.869229804895493,9.814832292366996,5.676762793854082,-10.909189984824877,-0.23493999456286344,-12.928909841007023,11.321871766988822,-0.04874833079732381,-9.948846944157564,23.98073392279126,23.189004292129596,-2.017311334483776e-09,102.55137007889205,9.250002355199225,-2.173094902781859e-09,79.88375387090572,-0.17772185238494656,9.840382132018751,-6.186071642178478e-08,-0.5104220152393164,6.745228722521022,1.5237621104526971e-07,-10.784250966665766,1.015656055035681,0.8340540318209959,-11.973349868110889,2.762269132329048,16.426881853483742,178.43926915881636,10.92668023337214,-1.3779675352741652
825,13.75,12.51912667979915,-3.859742484464353,-6.008595091945387,10.943817877088712,1.260781558436493,-4.536965978746927,6.206668316015392,1.863746017802317,8.447803861676e-08,5.796035266776514,1.7846947176802708,-1.1777260424787184e-08,3.229567946342387,4.950794695128897,-11.191254247872445,9.258154121772584,4.81687146991446,-10.340423268061551,-0.5252471188318102,-12.833491781152006,10.512544627725324,-0.06858721771217559,-9.8019770476073,23.07829174998409,23.401011668071767,-3.321458469962028e-07,100.9235650327371,11.862015038718251,-4.260531488549104e-07,86.57134959540608,-1.033287056312844,9.632346381929544,1.5707447573063738e-07,-0.18163019369972916,16.13579246801964,-7.508998963103129e-07,-10.64020488831864,0.7223957253395383,1.4087152470381117,-13.264435329397571,1.7211001147837435,15.321494000916216,178.80254344797984,11.046950651548217,-1.5576066234577017
