frame,time_s,hip_R_flexion,hip_R_adduction,hip_R_int_rotation,hip_L_flexion,hip_L_adduction,hip_L_int_rotation,knee_R_flexion,knee_R_adduction,knee_R_int_rotation,knee_L_flexion,knee_L_adduction,knee_L_int_rotation,ankle_R_dorsiflexion,ankle_R_inversion,ankle_R_int_rotation,ankle_L_dorsiflexion,ankle_L_inversion,ankle_L_int_rotation,shoulder_R_flexion,shoulder_R_adduction,shoulder_R_int_rotation,shoulder_L_flexion,shoulder_L_adduction,shoulder_L_int_rotation,elbow_R_flexion,elbow_R_carry_angle,elbow_R_pronation,elbow_L_flexion,elbow_L_carry_angle,elbow_L_pronation,wrist_R_flexion,wrist_R_ulnar_deviation,wrist_R_rotation,wrist_L_flexion,wrist_L_ulnar_deviation,wrist_L_rotation,trunk_flexion,trunk_lateral_bend_R,trunk_axial_rot_L,neck_flexion,neck_lateral_bend_R,neck_axial_rot_L,pelvis_global_heading_yaw,pelvis_global_tilt_ant,pelvis_global_obliquity_Rup
0,0.0,8.390480526244406,-4.142901598061482,-10.708159089070405,5.631477424270653,-0.2507582847130183,-9.536726107063219,7.473889423152951,2.666648151758133,-2.8525550500778355e-08,4.194133211655986,0.3816268325342519,-1.0550710164476521e-07,8.022067718120036,5.1836431259760065,-7.727729281197288,11.982595346054051,7.195228702679827,-13.169933731955522,-0.45371001901008595,-12.275079832368114,11.82837675845933,-0.6845311139059334,-8.24992318507052,19.37798664012917,17.32244813400016,-2.260694503151851e-07,108.87060657345228,19.324835074546435,3.4048092309441465e-09,89.60362620839845,-1.6023056538463667,10.821637202168624,-1.4830413252439975e-06,-1.3092536989657688,4.48881985372651,-3.9652020536709874e-07,-8.718598722712398,1.6519395875806662,-0.2079393173186893,-21.823208369922778,-3.553226597023233,-13.243082445909414,-4.184293477617649,7.562964468768014,-1.1030675051635774
1,0.016666666666666666,8.660600387763925,-4.16690370064616,-11.059679382707875,5.90495879182736,-0.21543074484772182,-9.234741873794418,7.722848950326254,2.6437439081144585,1.0790668583426077e-06,4.365327198546059,0.3596552947403741,-3.944509364913386e-08,7.5212807074999946,4.910644820757061,-7.484672211119774,11.817030828141391,5.741606113465653,-13.0380245688212,-0.5819075699653585,-12.587745556078163,12.98654798755061,-0.7372044372980098,-7.985952322049225,18.057900250012196,17.46745483762115,-1.7529248004768142e-07,106.64253773302036,19.2763134940534,1.1416163384789124e-07,87.12612608258854,-1.1286727716170553,9.92080690590482,1.7483417245488523e-07,-2.8270712386457664,4.538834988419406,-1.285605681074753e-06,-8.811630698612793,1.8035727591652657,-0.2341912225323711,-21.836390304828406,-3.8966748367587756,-13.487491547776965,-3.9719896638699637,7.703078518714144,-1.1093505189901671
2,0.03333333333333333,8.183431711345003,-3.989514717257286,-11.425100487540913,5.6652837713702295,-0.3118483018437463,-9.767020426633506,7.410651782955891,2.4901365629921735,-0.0002730348540150902,4.462222981657408,0.2614082869163917,0.0001658030745769116,7.488327430291105,5.108760286281519,-7.201706846774803,12.046619708195829,6.4781345679664755,-12.600108238437308,-0.42758125728810076,-12.282494229465394,12.172019193125605,-0.526715215787397,-8.403695155322064,19.13352955432351,17.226620101719302,-0.0014745070910755086,107.0525285808666,19.408342944784795,-0.00022818780673962148,88.61080352247596,-2.171011007583536,9.989942134350741,0.007367014509762251,-1.1257531391439897,3.9595713108551287,-0.0037125348076298224,-8.394849848154417,1.8119769118571558,-0.4894032809925145,-21.61645546602642,-3.5481817396701567,-13.254982303424272,-3.8175553917647784,7.397857695833672,-1.0047857359396328
3,0.05,7.591147740360305,-4.032481975355392,-11.345098739896526,5.1431804416130085,-0.2409997581755909,-9.644072386399978,7.047103843947528,2.4254029986269976,-0.00022529171287732685,4.267123763267275,0.3173162322429612,6.509207119724166e-05,7.3225387210575965,5.381534441944211,-7.247241834396336,11.941427004561206,7.036397041632313,-12.795794952993976,-0.27533655989325007,-12.4710172141411,14.149611534668237,-0.4641644190942912,-8.557563881016952,19.305452520332555,16.87738319442444,-0.000685668835483959,106.03217250540528,19.4112537757251,0.00019654703905608997,89.03122112226615,-3.0485630563948845,8.55056567861906,0.006562938153828942,-1.703513404622131,4.72461245411207,-0.003959661158341331,-7.949480845340263,1.6429124072714647,-0.7082270208010819,-21.89306002451575,-3.389705908074388,-12.875106692839479,-3.801949936733838,7.025165167458442,-1.0965993134068837
4,0.06666666666666667,8.178683415045299,-4.143729763836577,-11.001979409209122,5.529633958468237,-0.14454723192031602,-9.456545458206593,7.222640653502803,2.488731299219974,-0.00013677659736866093,4.161456476478292,0.2121927074399542,1.0760370677178009e-05,7.294716309508806,5.481775225931603,-7.196547123066282,11.592941828998706,7.447543144480144,-13.073060872708185,-0.10718392651170193,-12.709608824712841,15.159263103283829,-0.5676430731653548,-8.360548713505262,18.446176262744196,16.988538807160193,-0.00036252772952176143,106.3987301519671,19.277094645009008,-0.0006004056467796991,88.945609020558,-2.3186235768389127,9.08903563000942,0.004457247282585497,-2.6818900956324065,4.7434576611003285,0.0025981633177607545,-8.292766580387482,1.5678333322474318,-0.4369539846156782,-22.417747900954115,-3.499264748772419,-12.822037361325778,-4.06681222895207,7.474530313488197,-1.1576857106339093
5,0.08333333333333333,8.396555694310992,-4.21040973122183,-11.115974453137957,5.709783597083633,-0.07600495289491628,-10.102654016506985,7.461860767618195,2.598560987247872,3.315173787419764e-05,4.327191486348174,0.014463082102991591,-1.7514819894346177e-05,7.077259078889389,5.149081649142206,-6.784940253776657,11.417488654873564,7.511139316287388,-12.675730879225771,0.020083161803417796,-12.689631667632641,14.983252049659063,-0.5634504612144576,-8.231845991350946,18.249729922712017,17.158946909715215,-0.00027178529000932995,105.46607029928242,19.229510285404945,0.00029050560864465246,88.92926815061396,-1.8556828941791754,10.277659051990597,-0.006551307343575303,-2.6891818147584603,4.434968339289212,-0.0004603906016214477,-8.310482393822765,1.5588194269620665,-0.2400480860513166,-22.492753041212705,-3.2547775831698758,-13.478238980142278,-4.174652334382793,7.51978375066431,-1.1344924580513398
6,0.1,7.86000320075542,-4.399713946894909,-11.340829519640739,5.224905137299844,-0.013723595648060105,-10.200116125656807,7.5064563089525596,2.73735946144557,-0.00014248979546511466,4.400080963770415,0.1732992575871758,-1.2325432633669415e-05,6.857205490770152,4.897983650196369,-6.634724243796743,11.48750104203163,7.315114823623663,-12.69717450340669,-0.04665560106685196,-12.74631100672503,15.408834305766476,-0.4246841232642123,-8.368743386637659,19.3560556914052,17.03722771150186,0.0023491898855144936,104.25992714935512,19.275164603128193,-0.0006427384709633548,88.53616644571105,-2.6216820681366,10.30034615391703,0.00110316255565694,-2.7175216194343834,4.806358510797814,0.0019797850645484824,-7.830043937607519,1.4302272411454775,-0.3719946525389868,-22.13142263666723,-3.042396589022071,-13.83731393383314,-4.062538973596199,6.987350264928401,-1.2404753228948486
7,0.11666666666666667,8.406224138325925,-4.4255088154867686,-11.22034673878293,5.600559673524543,-0.17815930951005496,-9.148142699681893,7.740350903864596,2.7166397595476033,0.00012513468844999192,4.326725117806685,0.6406307980200834,7.095166738147213e-05,7.260205824805512,4.913944595745509,-7.005991878771498,11.577586991156759,6.1131251581520685,-13.336576236055656,-0.3561098092379158,-12.812345740886387,14.76549643042265,-0.3309698161124063,-8.336957043825034,19.208479132214652,17.113823944790582,0.0024369277726871475,107.03559952817429,18.974381531223894,-0.0030116371879332264,87.02079364279538,-2.1553502734758347,10.090403018605977,-0.006364532732722545,-2.5560571519336666,4.451983444401674,-0.0006898398290288079,-8.200494656805269,1.4474965660484143,-0.39128316073038877,-21.92237091766738,-3.2094967385228337,-13.555205636794554,-3.9736565141067914,7.392650648052997,-1.279213134914083
8,0.13333333333333333,9.27969481686234,-4.104399749752029,-10.836456961854482,6.2438219584348875,-0.44329189992183665,-9.028494998016376,7.9228118717889435,2.6205352535986965,2.719722225609495e-05,4.26962300818835,0.6780135013882266,-1.641309057526474e-05,7.156134826036684,4.949349607433649,-7.459026792125089,11.474740035345041,5.580841621350505,-13.314482236689178,-0.4500586940493343,-12.571863291048011,13.79627091426923,-0.20909750459203372,-8.21639865451741,18.262583245492785,16.94543110147161,-0.004506582125835206,108.54539492732053,18.483314699748117,0.003258995798358533,87.02927554562703,-2.219143403577932,9.413429143492197,0.007745008549761735,-1.3162035133084207,3.633010161440881,-0.0008362566670333517,-8.738055815311707,1.6928567189856873,-0.2820788970954078,-22.012651743358568,-3.0403389776714693,-13.577134194015077,-4.045126152732533,8.008811652750813,-1.0208940395814639
9,0.15,9.203430473342081,-3.9024006670242084,-10.332053696735194,6.101202480050635,-0.4711602923159417,-10.130541742881084,7.933269958551772,2.6303478642527724,3.0461871515780613e-05,4.327502453609939,0.2523546159513262,0.0001545720738429854,6.384691152340499,5.181435197329229,-7.778606646625182,11.255468829025714,7.003354917125222,-12.833868371466812,-0.20606141359399227,-12.399286990589486,14.688580668412158,-0.017890563121994673,-8.33845581891553,19.094647009815414,16.100778373278626,-0.00891658793284877,105.41529852966683,18.492169950426177,-0.003226101689592783,89.34106979613244,-4.751146133200066,7.396149183651881,0.020045907678240178,-0.5236630388334085,3.597593935597058,0.003535248540374331,-8.451248648740048,1.8079530222169753,-0.06952815313092559,-22.000065765671252,-2.933008595330876,-13.799402971022827,-4.252085766860792,7.804146857152673,-0.8487486790108804
10,0.16666666666666666,8.878946860231382,-3.870090162244535,-10.0908972625617,5.9267250818758885,-0.46896887861538084,-10.76731836891631,8.0044386260852,2.538386211481747,2.0967339457610683e-05,4.563938411661447,0.1403989799087328,-0.0003073538424417601,6.835677026796817,5.005282206888863,-8.03317856943359,11.304323438723856,7.8318775598541235,-12.400605604846817,-0.05603705860774112,-12.544430361023432,15.927480869525088,-0.12542483246938982,-8.463159173726496,20.133080088859057,15.614511607764054,0.008092205727245377,102.62551884223076,19.00477136079194,0.0018838685386490842,89.95662885778967,-5.849631955484762,6.143466266771889,-0.00903068442982098,-1.6471833713635395,4.133395557482293,-0.0028208441879487797,-8.106453469250093,1.72999672090435,-0.07720672699931366,-21.749759627895152,-3.2506216808683774,-13.585172798596078,-4.232813893335697,7.518513805855741,-0.932924487238996
11,0.18333333333333332,8.963098565663545,-3.848278915339007,-10.122194513461343,6.051195967899678,-0.5252161725992571,-10.997387775516943,8.150297744012116,2.4091588259676153,-0.00023157855623317958,4.69558119992482,0.2554673706679352,1.2865095296331244e-05,7.642217146877602,4.500993385187406,-8.044601185935818,11.342452708058682,7.266026068849179,-11.670095585648548,0.06532511329633298,-12.657001140915163,16.404635604246657,-0.41670828087712714,-8.508013346648006,19.9941002651138,15.754708535146337,0.0005619306944370306,102.01330357126815,19.29883505907158,0.00111412490030888,88.8148092079295,-4.83702026824262,6.526012734056126,0.0010750350664488083,-3.144777364555397,4.3824102527307245,-0.0006486033002527556,-8.068948650854084,1.6505130324432273,-0.3421906631821469,-21.654180407042848,-3.2002136098877916,-13.26176689119708,-4.158142787515111,7.5566150860650465,-0.9920557559170001
12,0.2,9.345341450217896,-3.9213897207854,-10.182483179360249,6.252312123932414,-0.4510115243522371,-10.76622302515504,8.345116084765822,2.4104687273330314,-1.2283112188583065e-05,4.5870489250278395,0.3167333567960499,-7.823843615727157e-05,7.369522938053443,4.670309574408141,-7.793021861883763,11.005622293376847,6.380302924813329,-11.708771716489586,0.23502957577940312,-12.623449783353077,16.32312876096345,-0.3488462642417203,-8.635701914305361,20.230133826028535,16.013164720659354,-0.0036053850943017418,103.16250316386214,19.152939412558784,-0.00022655447788144352,88.77685924255222,-4.318650301614967,7.325311424602076,-0.0002175083611487485,-3.217010598423316,3.8420392397725003,-0.00024077630448045528,-8.01393547651224,1.6093839150164653,-0.30114380367954374,-21.913923691063335,-2.866838026447015,-13.139432609705695,-4.344020311850487,7.70046012846285,-0.9864727931447057
13,0.21666666666666667,9.318859792507059,-3.860949193651304,-10.579837692631822,6.329210200454302,-0.47097120490758504,-9.868074679124637,8.326314273355981,2.297902048289111,-6.210908273990585e-05,4.711921055951669,0.4394979157583253,-0.00030335598269036625,6.745437418609237,4.917611741923327,-7.389066795503262,10.849499977421457,5.889835332305739,-12.726308409960247,0.17864149412922442,-12.67688102987142,15.900336184199798,-0.177754154320037,-8.593424462960995,20.30466447896391,16.434337650153406,-0.0007527604558756978,104.94814530022624,19.086631925938303,0.0006991954655329083,88.2979410142826,-3.6659579470537142,8.740460311175333,0.0034345333233602366,-3.599994330145967,3.5737087094853535,-0.0020367120977725075,-7.720761068664124,1.6565372701232828,-0.26664520706130607,-22.02561818207437,-3.050369259590891,-13.234756811698054,-4.310828369455703,7.57992090654494,-0.938162578459171
14,0.23333333333333334,9.155295176687625,-3.8278574331449238,-10.832765412512806,6.501781729618758,-0.46609402272533973,-9.641829545293115,8.182033486651177,2.1484518831589825,-6.612221034727382e-05,5.197359146491126,0.3463608053600443,0.00037741637139188545,6.643285752038291,4.924785025374695,-7.296893179971301,11.227307046530916,6.643960187482748,-12.974482376296221,0.038043138388102735,-12.762879376235134,15.476535798482514,-0.17626766312094513,-8.35736658004158,19.519890256761617,16.623119255100875,0.002074107014133473,105.2295888780798,19.148464382536616,-0.0002362009626013602,87.99175689678779,-2.921356233237436,9.320430582668395,-0.0031686133763332842,-4.018257268317531,3.788112133625543,-0.0023233382257572643,-7.439060263169822,1.6225674946000166,-0.40225624729237425,-21.715965475199372,-3.6772045151301174,-13.642203701632242,-4.0643881551809145,7.420668898063702,-0.9848921926108805
15,0.25,9.695359056005303,-3.993113532745441,-10.478627956988147,7.085539853760772,-0.3063458505675775,-10.02558546520843,8.409772482779042,2.1324838367068573,0.00021616574986987408,5.51036335766549,0.1470717180567184,-7.342946214211245e-05,7.161193311373805,5.312742433827,-7.6903037655129145,11.517818293564371,7.262347363746947,-12.68623895490594,0.13618977528446488,-12.833750583431621,15.555331814925058,-0.014773997328508197,-8.348566238854294,19.589386325444917,16.332323919965468,0.0005399693450739205,104.3313131904273,19.06778666342145,-0.0015743663068768776,88.92902227834955,-3.7789923855626837,8.214139035513721,0.004900480923994203,-2.5287851929245666,3.50006378791841,0.0032081208491178104,-7.414287314646507,1.4913055260813812,-0.28211979324985603,-21.67169271657561,-3.889297058655096,-13.918841090949275,-4.042456496905298,7.724576454257614,-1.136179632509934
16,0.26666666666666666,10.03533134681043,-3.741249658631158,-10.515434883489394,7.234435484174917,-0.4929519599488279,-10.024754795912106,8.631560594909127,1.967564430351532,1.8541335817313323e-05,5.492762070519435,0.1827493868746246,0.00012198384773090049,6.803341108645445,5.5810504654232895,-7.497734915861914,11.46677234870798,6.774472968725365,-12.945794845603261,0.39286635386178803,-12.879021631186824,16.139109734859186,0.22643935440953905,-8.538777271399239,20.57366952418052,16.221279081401992,-0.001743383960539586,104.71187221576035,19.16960563455644,0.0036218118817767145,87.84559452832656,-5.4528995679735095,7.950360195992141,-0.00430215946488553,-2.6339550225211035,3.896173485837482,-0.01206134164891461,-6.971481723677509,1.6801960114907808,-0.16249385417115275,-22.00451277815841,-3.2955904303166603,-13.69824635330284,-4.2013498041036685,7.731028882385696,-0.9277153731441546
17,0.2833333333333333,10.154399860617369,-3.3200969467112174,-10.945211179343984,7.318814749008583,-0.8340361944995993,-10.053118251861338,8.688146241858691,1.7517088009284159,-0.00023906137584470897,5.870500876492863,0.22484754111340832,-0.0005826872210240412,5.506176646506861,5.162208040282056,-6.936388020382791,11.706816572732698,6.429278235563446,-13.091345212206695,0.4747476380675585,-12.759994539896775,15.401864378008282,0.22398419879338557,-8.567294967005376,20.803797683843083,16.398060506507537,-0.001925534553144495,107.08994082934869,19.618871511768024,-0.00033235010197612424,86.8774104723371,-5.891726960173305,8.642290224542586,-0.0005496872693695858,-4.981001991290392,5.177613622554392,-0.00940559507623119,-6.466135897997095,1.967201223720591,-0.22425473218571598,-21.954829637091535,-2.847223161625611,-13.743043938525878,-4.325032422907806,7.485040697870296,-0.5792537083275907
18,0.3,10.940290135168697,-3.5363070922671778,-10.740243385420577,8.334354114932854,-0.6252630784931976,-10.759702520680413,9.209640067754496,1.7355915149873506,-0.00015298041624409476,6.879150529332968,-0.01779701786494945,0.00023640167668645266,5.755919254296369,4.800681503042981,-7.281550697472511,12.008985357396543,6.93871802885339,-12.570881204929298,0.47941562575664404,-12.728706503072615,14.005606196639343,0.08765067570891448,-8.498953092839566,20.4164526879152,16.321577879026286,0.0011775845470688826,108.80928943561582,20.011425961462578,-0.0005998588199545912,88.49900725105462,-5.281035501718171,8.22334673622421,-0.0019411308184710918,-5.0993378149354465,5.134291567191122,0.0026308203901592754,-6.537975286375241,1.755045372370658,-0.15899870898353385,-21.791435776640682,-3.1621361189403845,-14.252109374802913,-4.277550967159797,7.805021178257487,-0.7932578537174684
19,0.31666666666666665,11.67902369467746,-3.9246750212448434,-9.816119916011644,9.225502108295473,-0.14600397796342932,-11.558606812886731,10.025456265530071,1.6624890918753277,0.00014778671821544993,7.710375928581865,-0.4904064601134518,-0.00011614591676158396,7.163541197492593,5.065607321137132,-8.13767295881478,11.759058638963012,7.824529835608689,-12.151405014841252,0.616233728637783,-12.82150217730609,13.86229226344105,0.10041773017537489,-8.603605218480944,20.39401449747624,16.267049476514096,0.0006182653068220511,109.06439256149275,20.137902122783053,0.0022721682235971002,88.93988569234737,-4.595816134238772,7.700056498291583,0.004732543460891335,-3.88222526695983,3.8710240390178914,0.001753345986209743,-6.281949425699016,1.2906273526439946,-0.014944216752251814,-22.13527549096656,-3.40076899346324,-14.262292781290121,-4.277754947703054,8.070542671001837,-1.2373948909872812
20,0.3333333333333333,12.491584130419463,-3.964146439460856,-9.144179868060634,9.8563692522672,0.04925234047717361,-11.379712373674598,10.945027853102607,1.4821967332838697,-0.0001746141207173954,8.23319610539039,-0.7996530436467423,-0.0005951397960241787,7.657590591046039,5.2549077815879235,-8.41577440982664,11.627711581323489,7.506143278215249,-12.27818928513814,0.8315714992568465,-12.891548246844529,14.003900656454984,0.3431600154804524,-8.595668503967916,19.787719709240058,16.599978139158498,0.0034139674644529682,108.57315902541929,20.18042053090233,-0.0005525726974258307,87.52536897688005,-3.8042457391841515,8.293066373920732,0.002373121756344219,-4.315926186369678,3.521313569320177,-0.001546912635261966,-5.789659097778714,1.160972493446818,-0.03825159965128825,-22.49837102112175,-3.3180858301919782,-13.828382371070626,-4.460490078795342,8.228608500407521,-1.343188687996795
21,0.35,13.52180386420137,-3.9038808517102783,-9.449746157866091,10.825352370202735,-0.005794940997416338,-10.601238698241344,11.874635828317706,1.3761398453843896,0.0005397329189575314,9.05778497024168,-0.8698564503095091,0.0013297961471668044,7.40750828458189,4.951930778817497,-7.923729262676741,11.895678455302463,6.6569010925317915,-12.633746310179763,1.224748925453043,-13.259498687212503,14.934065423939122,0.6821519960760496,-8.339457135405608,18.538530110760018,16.621670794762718,-0.004787390665302289,105.42580285644577,20.193702680188554,-0.0019841891037921636,87.17604170562888,-3.9777894397278506,8.293405074862939,-0.0011458836433442979,-5.092939216558897,3.99558496805866,-0.0013378584995780089,-5.444070154156067,1.3347525030922314,-0.0018298438431030284,-22.569780578622563,-3.25680892601244,-13.581390194843621,-4.524210222949156,8.518571839144103,-1.2609758141724
22,0.36666666666666664,14.040056071647808,-3.868664820592304,-9.50832481104269,11.690644528799094,-0.13083601151359764,-10.37934347194498,12.416717832458707,1.2661618967395387,-0.0009940364843621183,10.288433815561504,-0.8666546635640826,-0.0010115499773397857,7.133227225826048,4.779065545127137,-7.922484577750807,11.947206975012442,7.0451981453451795,-12.923692885405867,1.5160044354890914,-13.541503287244279,15.895625139106986,1.1918479948164993,-8.250624992560033,18.81609826522493,16.244262883095043,0.0029029642966228427,102.49655157588994,19.77536437523707,0.0023921590371029943,88.35947230637848,-5.495807369397521,7.383145224734818,0.0022550137299758763,-4.844515120629138,3.0693540855706765,-0.0025545758112543743,-4.771728319794187,1.381918915534578,0.2439857123022047,-22.702410984298297,-3.2317948325915946,-13.500691467054736,-4.435492495907789,8.471965259925199,-1.2529439193652838
23,0.38333333333333336,14.999986852470485,-3.9265040415411008,-8.989035894666994,12.871969318346826,-0.12577120823239094,-10.75051458144922,13.37099434560666,1.0102353332979979,-2.9250379988383535e-05,11.672167997366005,-0.9009862617177565,-0.0003643839518762455,7.295552676345761,5.074340035578755,-8.591263261891473,11.720947211186106,7.5379773479907906,-12.799198493051211,1.4590068010343238,-13.362981231496203,14.5079875246958,1.6916625419712288,-8.345116384592167,19.57795816351152,16.314318489965373,-0.0036406274981251804,105.19576371594539,19.37597930892601,0.005616314683462207,88.48591788491119,-5.874823566783657,6.899925375643226,-0.00086010032260393,-4.713572726319844,1.6111334115564255,-0.0014501150200352986,-4.203863302496303,1.24745782914457,0.1828048500939476,-22.68331281416462,-3.4547681621272863,-13.278705317219371,-4.297688240220413,8.551178308087588,-1.3910102705131941
24,0.4,16.984465386201485,-3.9832516814408114,-9.093796470969755,14.732450008649975,-0.10432820173852038,-10.71138632971724,15.199249538882407,0.7296419416489353,0.0022707516982745125,13.217760952367925,-1.133327479968455,0.002738986121765964,7.707948619818381,5.201304356877304,-8.564663717802166,11.871258517366408,7.299829324269396,-12.672070629631559,1.579791381564204,-13.377581848211731,13.421064832144502,1.6432026044262857,-8.593021430042175,19.062789326510465,16.470005044505793,-0.005087376429168014,107.91883844932845,20.07136214705418,-0.0019443749318541,87.86769911701538,-5.028869073533841,6.136340621835964,-0.00047234617711772186,-4.814240381347728,2.1531482895506486,0.0015683474597758713,-4.053800834487362,1.2501206713352255,-0.14677466339679784,-22.493286470378905,-3.6896441606092627,-12.814334978117184,-4.192577782206991,9.14256669344028,-1.4181779834040296
25,0.4166666666666667,18.93330609032171,-4.003546372192638,-8.65448446657437,16.657145303629118,-0.21193108855339934,-9.971524559102814,17.01140042230471,0.8595698210927197,-0.0028077130682133875,15.21229128629228,-1.296111781477844,-0.0041713910646056646,7.94171756267179,4.314639928138764,-8.674977027620296,12.683892710900546,7.0833140558196295,-13.234011706719052,2.0400733669128215,-13.564397636443156,13.704176955528478,1.5530297431472047,-8.969333153483415,18.768337113890478,16.432477540683845,0.0001548913043424095,105.86181645147073,21.211453402133856,-0.0066780438103658584,88.60000693321335,-5.025411380276839,5.43195277574501,-0.003496065771358282,-4.3565049775963045,3.5661315472176907,0.0016056076533739001,-3.6022647343173593,1.2323466831595982,-0.11887267397727784,-22.90950409496901,-3.6558445355793716,-12.714287365824429,-4.25619609951768,9.68616594349008,-1.342522543834643
26,0.43333333333333335,20.54114173997043,-4.299044110014341,-7.56644609147331,18.497108748098643,-0.10279730950006619,-9.81336860152917,18.869563465398652,1.1099078711388217,7.801341286176089e-05,17.690157074718122,-1.5080678963795406,0.0016601087679543735,8.592496740477113,3.6018811481347033,-9.450579762158752,13.570018607854697,7.607564700252123,-13.76914989226174,2.4945470339842104,-13.455062171426496,12.597564063096112,1.9663948713266124,-9.183656416516719,18.65743186885215,17.090466434729272,-0.005787905067527534,105.24600348392006,21.728725210589246,0.0027680711198906395,89.55272224969113,-4.827950807063683,6.568156543076783,0.004034309968964689,-4.043800842158775,3.8117278833330612,-0.0028741300644820797,-2.488677871145095,0.8550441456704921,-0.05596409801367319,-23.877587175340267,-3.6501206912451067,-13.106882490009443,-4.239597094164658,9.857157069007428,-1.58619384505616
27,0.45,22.636984652301752,-4.624951774664958,-7.9823476815774494,20.64945804308212,-0.07922039078311528,-10.533698736306622,21.324528342592615,0.8137844143378568,0.003463083792384606,20.291910077202655,-1.9343873420587583,0.0036815443280227905,9.249228598884498,4.499657822632866,-9.13254486600905,14.439943983735333,8.033627250846353,-13.661238182982995,2.9862127390868203,-13.39171395693346,11.871958099886397,2.3489537725918055,-9.385581913620321,17.829272445079187,17.789147565958604,-0.002262679319051765,107.22555764857712,21.903301822539394,3.124045139232571e-05,91.26021840767059,-4.848018371618153,7.124547330110959,0.02439793219718097,-4.1325381596486,2.368908246413754,0.002803469176479281,-1.4043495982002543,0.514120169139048,-0.1963987034270821,-24.81004391821326,-3.5786999348090927,-13.040721723831972,-4.228947567707968,10.121149552829596,-1.7698378787740248
28,0.4666666666666667,25.431125730426572,-4.448674026050385,-9.122295444535911,23.21066271003572,-0.7441075786770882,-10.752653642792309,23.825347981353946,0.33411325114848894,-0.0026078956770437976,22.831676051539088,-1.8947016255924705,-0.005292029289912251,8.968863932329766,5.216051931447742,-7.935686320922658,15.466412921405919,7.058060657383485,-13.214569835261983,3.749983965088016,-13.703188892630557,13.385333021498802,2.8663059662390915,-9.65066023322211,16.767442595301127,17.842084844431096,0.00027169538216592767,106.49350193753418,22.07634414779376,0.0020422230095613445,93.55219437242174,-5.743275832623002,5.913060189832438,0.023262089570175008,-3.3454400914973577,0.7458842564674121,0.00821758762248175,-0.7304217108917719,0.7076487362122608,-0.00878653765194036,-25.955387418940408,-3.4413931978622063,-12.439137211026878,-4.599037628050353,10.856166749495044,-1.3782042934789283
29,0.48333333333333334,27.964950183486362,-4.218114985119578,-9.481106961044333,25.704134671487452,-1.4592601535015186,-10.501313541510626,25.980369101719393,0.06370066922207089,7.700098694114544e-06,25.385904470690033,-1.5771646630555887,0.0019173169220907706,8.841796101010107,5.0070346229222915,-7.524589820171609,16.209423920314503,6.1747853955234495,-12.865794858941662,4.356268085855513,-14.140479031983807,14.047010447594461,3.8824268713849883,-9.68872412766534,16.501155597143256,18.118824416220882,-6.474917013761096e-05,104.40459420557218,22.387222810240825,-0.002875588149768792,93.67950973827426,-5.019407452402742,5.7779591129178005,0.005442979644069982,-2.321561059812303,1.0999926925578576,0.00651743759082424,0.0627143755262212,1.0766002330266085,0.3648463722800277,-27.01901986588151,-3.710580250946262,-12.383624762951827,-4.837315883679516,11.457972040672802,-1.0026309086958831
30,0.5,30.291998498305713,-4.509319159494224,-9.407807714049085,28.19885013617072,-1.5962141585604916,-10.429321951367417,28.432881775261315,-0.07015894543051185,0.0010544475202909482,28.011408698087546,-1.5960530516337794,0.0011969811143325295,9.644776646655627,5.073962100848107,-7.958235192125192,16.645034966658443,6.470150787443483,-13.189547568844763,4.436925791558471,-14.311506230749155,12.865341045276189,4.550992043032005,-9.89553612930833,17.761874471458952,18.33415038857245,0.0043002356949082225,105.54422345977925,23.170902137755334,0.0033299513082770504,91.75074900113617,-4.114104168126704,5.687684781332638,-0.002532435105152537,-3.1708695903795774,2.0239273080381026,-0.0036472130961939992,0.8129881261106526,0.9678887311197769,0.43727961973119756,-27.306715077426706,-3.995458002208702,-12.696348336939696,-4.532554483228683,11.853278045982995,-1.1402764130551248
31,0.5166666666666667,33.48549534141583,-5.066920373923094,-9.33774163504571,31.371702039395597,-1.4700730393519281,-10.462223689172472,31.47445536223879,-0.04801596800998277,-0.0009303524307637011,30.693099457718308,-1.8008826738505244,-0.002349769363872614,10.54693832560847,4.490995248438575,-8.120494694938165,16.825563084812742,6.76116691540981,-13.427677936585269,4.6755863769208155,-14.414063340129527,12.685228745904492,4.720641778389099,-10.499564083886064,18.679995051952478,18.428584821163646,0.01560800282370777,107.02569618145841,24.194522728294213,0.004256528442312515,90.46684574187282,-4.539176828831135,5.389946645371845,-0.00048431835509015115,-4.35111618472765,1.7968258573042708,0.0005502762190331104,1.0539419230367084,0.5190642676748147,0.29117719639954553,-27.682436133400937,-3.6137401680163723,-12.458492993411213,-4.152202898934348,12.85858496763627,-1.4680719899624033
32,0.5333333333333333,36.92695719577062,-5.766992118276724,-9.485325993984848,34.573008681997194,-1.2663166650827338,-10.90584317911845,34.48005036122389,-0.023751253098957835,-0.0009617009210917102,33.23120150201591,-2.1689705046157792,0.002181008437538865,11.149802989760026,3.848998647774002,-7.5921971965811945,17.10300490411886,6.477294111163888,-12.9125342450773,5.343288921759567,-14.848208211970185,13.708050507168245,5.29641117172207,-10.780990456298698,18.32156746620212,18.918329740935388,0.011060336138733078,106.346078089905,24.750684624701822,-0.0017219671925808675,92.35906364195831,-4.587178866061881,6.678135643920492,0.0008336044630299156,-4.105129997578257,1.3349318052168562,-0.000903062478202608,1.3868978504945928,0.17413251114993733,0.28489646289593873,-28.570622904840917,-3.173476811882851,-12.385829614663098,-3.9900123593762182,14.05008110323679,-1.8039740444903747
33,0.55,39.45740920203083,-6.290237966049057,-9.681643119835496,36.91657199534962,-1.2189427742107377,-11.161755026396854,37.07012698144083,-0.1609922317005782,0.0028756124484114196,35.64784706756987,-2.499307809453029,-0.0007966625441559436,11.535004318002358,4.572521793611612,-7.080358995077316,18.05279447009268,6.123260634255939,-12.872040566059486,5.984042065688463,-15.210297553962016,13.862086606589438,6.270373769218616,-10.695094593169745,18.023165123479682,19.12769203364179,0.00036259490627163303,106.32620741017769,24.663475660475505,-0.0014653291833042602,94.38472081555658,-4.777086949203102,7.104680389708236,-0.0012374495380022437,-3.811193184398661,0.8776984349408559,0.0004351288533658439,2.403841390856805,0.021789182173545404,0.6185130340856256,-29.417265671672286,-3.552162119611217,-12.942214534087858,-3.980319032614874,14.511374682848718,-1.9387780220226534
34,0.5666666666666667,41.34456692492119,-6.479072852989689,-9.65594517126244,38.84086595619106,-1.4240578707610645,-10.499819440089619,39.62321643658716,-0.08261435759173513,-0.0006516144154069093,38.228787498513014,-2.4336731492718746,-0.00019069057541368264,11.504891521964606,4.345949832057375,-6.806066428802411,18.426574065734396,5.761414386195268,-13.378830780270714,6.656429298982854,-15.426847527009,14.043788610088718,7.099897960987311,-10.702327857917567,17.71475317535723,19.46988882659075,-0.0067464120616168586,106.63763116212888,24.453201181411075,-0.0005285098258053243,93.46718675393252,-4.4497534076441285,6.990454642612243,0.022892186526477523,-3.8273027796248025,0.4771672983963473,-0.0002630864153147323,3.9802685901550534,0.08652074757571412,0.8506978894461271,-30.48663814256606,-4.492007022632913,-13.184394703997045,-3.9135095223227183,14.410489656164875,-1.794005133369585
35,0.5833333333333334,43.164929562417484,-7.061575711696818,-9.336409886614947,40.72481960766315,-1.3440299563054374,-9.787948012093317,42.34037625563881,0.4121025665841291,-0.003614855444340273,40.88898483096194,-2.163541585728558,-0.0008925987623694039,11.485608942367382,2.929682991508239,-6.6648290760581,18.10648871760015,4.967262386494629,-13.796925691004096,7.444063622723072,-15.993503281334622,15.297596994128261,7.845997953567818,-10.691524182828045,17.599622897268382,20.25784480429838,-0.010776931637812093,106.48919944206537,24.772403024624513,-0.004248130349960732,93.08354383581609,-3.057728636235554,8.18190627476194,0.0219138124373445,-3.6361984113364496,0.7037118529333938,-0.0003388053690909054,5.7597975114264734,0.12699482594845057,0.5385290192798886,-31.642764432600256,-5.121556715979391,-13.113289031899207,-3.729112556422764,14.1915111811144,-1.9464388341210332
36,0.6,44.92003971622352,-7.787675413643633,-8.732720095733452,42.3728329213994,-1.0327159344480057,-9.627832355316627,44.9439837282027,0.7095651432883054,0.0044786206700651796,43.4239416782623,-2.209110223915408,-0.0008791102525914227,12.090436805992441,3.2949728673879495,-6.80492356385629,18.850046771689186,4.771806923961224,-14.48393145920008,8.259781192226566,-16.5395312155385,16.61062649050873,8.583998469445401,-10.665595627027143,17.70649733218607,20.055088110846214,-0.0028683106128729987,105.62351479767922,25.42796760750991,0.0013421096701446895,92.8621158037877,-3.437841843527155,7.771735992212521,-0.0018467355919003351,-3.5010800955232515,1.0744451112753222,2.1636941460563826e-05,7.516097854850492,-0.09705385523471162,0.07047253226410817,-32.74016295433651,-4.916818858092243,-12.919230405327669,-3.7202619306862283,13.93258455042762,-2.3310425703146413
37,0.6166666666666667,46.90584519273078,-8.065429257714097,-8.022005091589538,44.122542846239234,-0.8839363909682083,-9.721990519939224,47.66350537741369,0.7465227835762013,-0.0017497509509612162,45.96015777419833,-2.7178970463941927,0.0037728587593447056,12.923631636344545,4.126012432719571,-6.964693556892623,19.917517184294287,5.37426547272736,-15.033348154165528,9.426176903051896,-16.62176268246179,18.383832942908576,9.140774052379584,-10.741526901791572,17.172644238251493,18.795035223196766,0.0018337531520622617,104.18631662885214,25.930230822113096,0.002233376853034057,91.4605093277865,-5.8615870598151485,5.486289315786928,-0.00020628710258023861,-3.932201458286133,1.5137831387953142,0.002619815666239083,9.075877471367335,-0.3763641778785902,-0.1720232422968395,-33.807039355546365,-4.236846378861529,-12.03938636649363,-3.879562088200199,13.785986433831654,-2.455145865278588
38,0.6333333333333333,49.74727953623852,-8.215739419274438,-7.598635329866574,46.81254813463308,-0.8910473104423532,-9.652140059375494,50.57102633736288,0.7573530492601588,-0.0027827186532114957,48.727048401006165,-2.9618688185642457,-0.002226792631691391,13.219414029521225,3.402266787965879,-6.844754552890541,19.86510645720189,5.097728496288612,-15.044459019655953,10.798757159199543,-16.481621598740478,19.567824137533492,9.68450835702767,-10.891574769276183,16.927448786908062,17.78756158600761,-0.0014017985725552603,105.1035071849126,26.31937191719472,-0.0035623579453622363,91.46926793489351,-7.670384653518339,4.015429311966827,0.0002488906784143656,-4.519131782583785,1.6447758340943461,-0.0068188121175669705,9.949389441075136,-0.5402146476087925,-0.19460871451144177,-34.25095045230433,-3.7819566675233083,-11.24623981244681,-3.9448470219167877,14.252450687940323,-2.4889359673733735
39,0.65,52.293064567803796,-8.469403404864842,-7.755782436443708,49.56689695178899,-0.9622026136394991,-9.254224277940297,53.00006604362008,0.48199059353431556,0.00421997714612186,51.5799932124068,-2.7053261590032958,-0.002636168584089175,13.092858988352965,3.306650748732681,-6.760261180272569,19.43114259404756,4.242373605961616,-15.205483051384597,11.633425275519457,-16.33755974056761,18.452147989214737,10.28210515393647,-11.136211319883218,17.205347354068238,17.378421523951502,-0.0038857133001287754,107.77413401760006,26.043822657077897,-0.0035411129095960997,92.39239489432849,-7.434410346134045,3.6540538583397244,0.0018616261695856458,-4.172038120139311,-0.8152658547666329,-0.008051305608612608,10.606909394473034,-0.5776069832282282,-0.2717636044348864,-34.366516091101076,-3.5272902218584403,-11.188438243365013,-3.808655949504875,14.707684410798842,-2.5407329875636058
40,0.6666666666666666,53.42667521352445,-8.590842209984197,-7.704713817823966,51.049326852709896,-1.1317048818950048,-9.160129005586057,55.02733837764299,0.4834790014692243,-0.0010177183852936127,54.244494735654,-2.7475872170313647,0.002912433173991403,13.517830916906144,3.620297482344611,-6.942102267045309,19.6141735692611,3.6849757575080293,-15.757759409950149,12.076798298840403,-16.42504816314697,18.00951978681651,10.722152839120923,-11.174937170861469,16.51024855791579,17.273910953850866,0.0029654465831268914,108.4407563158142,25.17554159418045,-0.005096048622981744,93.9784498499661,-6.566521078600396,3.6648700199758513,-0.0013997631870222575,-4.095645415247503,-4.280366185880583,0.03544230085740168,12.008883636007706,-0.49318280512827806,-0.5525497362144417,-34.9005985175995,-3.3319867708381508,-11.081593258664377,-3.777361589128057,14.24204970702666,-2.4245183477109404
41,0.6833333333333333,54.372323712806235,-8.351167070774235,-6.93767379902648,52.22758136750415,-1.5554129924634563,-9.38944966376692,57.083872284045434,1.1806250390022066,-0.004497668853320522,56.756238449491995,-3.1657502433092604,0.0006690238248185008,14.115175308824407,2.9648869059159404,-7.240525300002651,20.14371493019142,3.2473299955317443,-16.15417851814245,12.744793927908617,-16.581190949237254,18.83951808723698,11.32023049873586,-11.06824980394926,15.705349968760205,17.440622933828667,0.0009658133874961872,107.76398030937993,25.256934613199437,0.006702640996331243,93.88111523185579,-6.960905369969484,3.7521530013714783,0.0005127757299246467,-5.790463908228374,-1.7671756605719635,-0.05197541573633094,13.705674718063667,-0.3079541431927777,-0.7621385606000544,-35.98591942292548,-3.1837999385129505,-10.955533776441852,-4.028242099282775,13.649822679274294,-2.0487343022763094
42,0.7,55.86559854770082,-8.458236514349817,-6.542448822416664,53.944631090043536,-1.5533920502336633,-8.813519084847238,59.31103737649435,1.5096611162797848,0.002724090916513139,59.176345479771925,-3.2813920021188805,-0.0016856928468308367,14.246683311764267,3.38676143258355,-7.553345467719983,20.5881681195997,3.3463912731202474,-16.65258028779179,13.335946505899352,-16.451724802676335,17.930909289051417,12.209857563531534,-11.242274274549294,16.489295255680947,17.73101143888015,-0.0005636961375954005,107.16654806487392,26.083562329923765,0.0043044183144860726,91.7760683255224,-7.544320871401041,3.909095439874626,-0.00010381730179888113,-6.945178848150215,6.086836460219238,0.0032395448856758495,14.983436376449582,-0.11978948818074063,-1.0625647121620758,-36.831600980729824,-2.980906184267522,-11.054854562315093,-3.797739911455881,13.417265276073461,-1.831151363633396
43,0.7166666666666667,57.42591582536405,-9.195219414544173,-6.684679048389923,55.55891765023043,-0.8957333155070225,-7.7648298441869,61.755087775203464,1.1806764638274305,0.0035007678327914414,61.48399863531493,-3.018358754523304,0.0004969750372634728,14.763789089720515,4.378110604779638,-7.714174555636937,21.280995635881656,3.193520918954565,-17.678226790119105,13.616283007547725,-16.549353100458493,17.27579661054126,12.850968260376908,-11.405093292697265,17.50464889542422,18.022424274568166,0.0009416034540625969,104.73816508069896,25.925763862329674,0.0069899616380508685,93.65304862187575,-7.579850960666994,3.5960616988572394,0.002258759506623981,-5.733340886266664,8.455683363717826,0.009677266736156874,15.910597986083255,-0.09951617997820153,-1.481721156981154,-36.90713280890074,-3.0822437902675115,-11.00034269789032,-3.1811724117832245,13.147021947952922,-2.071362862060254
44,0.7333333333333333,58.79334006906831,-9.605332704757299,-6.2325554366691005,56.77248735990945,-0.6828544618932889,-7.40952056307191,63.971185397725634,1.3765536009298278,-0.004282619775853301,63.62665694841723,-2.7408896279923147,-0.00023469969381491678,15.300066834214622,4.053662093882803,-7.803413893321427,21.94354621373242,1.949759609535908,-18.209630894905644,14.018327877306577,-16.882405698540772,18.354658157077488,13.163037944498326,-11.36659050426774,17.14806873797177,18.399395481396773,0.0006576320486961345,101.08686817722653,24.85561138526579,-0.006428193208211131,95.54977308684619,-8.48647872164703,2.8096011102112737,0.0036227706068017967,-4.169911495061601,3.0210948802706468,-0.004677056570448756,16.8532394427784,-0.15661358386439142,-1.722273876653843,-37.44043070295038,-3.3144246732408433,-10.759433700230147,-3.114119449293881,12.844008767783851,-2.2419118934479747
45,0.75,60.177910222563455,-9.797429761904851,-5.495266709145327,58.16211706225247,-0.7658756016258639,-7.333848646520852,65.96820159301282,1.9848310594593346,0.0002572748835333013,65.76242269645225,-2.5839202557038194,-0.00024973356131739147,15.535886903460753,3.6428493877827512,-8.048914846769234,22.290698681078087,1.434573452100483,-18.069527579186204,14.404211724869503,-16.82096915009993,18.331644841940996,13.583046607036694,-11.290596948864662,16.435086890493547,18.616496327096836,0.0011067599003348459,99.8543327415063,24.348821834161335,0.002090250450928095,93.53939963832086,-10.025231801371584,2.581455779806025,-0.0035993227750700406,-3.8904128928976878,-0.3533507568939946,0.009262350869975046,17.68678723845905,-0.12324951258858889,-2.033966291170027,-38.691619931818224,-3.1862184482873888,-10.695386922717466,-3.079059052282438,12.663562401292037,-2.246011663821317
46,0.7666666666666667,61.749366781933084,-10.063062777091407,-5.4904420088628685,59.947970384326496,-0.7089026091292766,-6.898471650197235,68.07131461380428,1.9316330487412257,0.0030036385734593524,68.13727357972341,-2.407863686492806,0.0019554279447023862,16.044145987940553,3.5538005885644512,-8.0586801362464,22.857308651772993,1.825351743205227,-18.09724386064016,14.383395839806871,-16.657513008244692,17.66076722215742,13.933244080504133,-11.275060722058601,16.542387362173322,18.728021379130112,-0.0032571553251010054,101.83623552019864,25.165538536060865,-0.0066107041510713406,93.64645990304557,-10.607190973278025,2.7278349884903585,0.0012504120966545815,-4.748599366216179,2.5887082143414957,-0.017926557746941955,18.13265028446181,-0.05042678486105338,-2.2096609385799755,-39.18465889524314,-3.071819629713051,-10.877984065460854,-2.802066085352924,12.616161706180593,-2.2024919090939385
47,0.7833333333333333,63.00041471017337,-9.774237732723618,-5.672653524767061,61.294230037802166,-1.0135156017993354,-6.236940867967389,70.04526626593905,1.5184398942258035,-0.0009562755562428267,70.41581291198808,-1.9920048760482552,-0.0032616999133085168,16.31214953781512,3.3889767973618548,-7.953242651233905,23.388331951990132,1.9283498844811695,-18.264698858128998,14.233818387741351,-16.612009332904577,17.230002550452603,13.856838782719082,-11.434963292655935,16.99018360974014,19.224778761779262,0.0008968018485780876,103.14156508970854,26.429558473173884,0.0007867518327630593,95.16001248513207,-10.762789304966704,2.807780089732357,0.0018669224594350196,-5.996413037679496,5.976306888753154,0.006092220231038335,18.785493190871552,0.05158396130707722,-1.9986288548912812,-39.154742682053026,-3.191766941120027,-10.625448624025397,-2.993694632537797,12.303877835614369,-1.9069326642700144
48,0.8,63.86101613537707,-9.560945329276553,-5.38259193894355,62.077207780342555,-1.1373713383602735,-5.828483046135743,71.86871136794946,1.4629387521528883,3.537759155086902e-05,72.29999250086517,-1.8454281840037012,0.0008420590660515946,16.43909682332745,3.7302149383123098,-8.18462902162167,23.808961322560414,2.438081339257041,-18.505620872837994,14.194710137281154,-16.462179248120208,15.570973484933273,13.777706831151708,-11.48321426949253,16.919876981482542,19.854248343338725,0.0029160660470712815,102.4547818291078,26.819242845735232,0.001575060096256319,94.61651578842043,-11.107011015481596,2.581791630999709,-0.0024716461083401056,-6.361363552857872,5.6617495703552185,0.004085611489636386,19.795230136036192,0.251723404420597,-2.068594486682788,-39.61986611647387,-3.3716066925047237,-10.284347513443473,-3.125171184941551,11.673994648551693,-1.7270047201868375
49,0.8166666666666667,64.70800829881134,-10.153666363607512,-5.211746212579899,62.87926681871249,-0.7472147578139255,-5.7974762890343925,73.68301688646702,1.6448634986390347,-0.0013067629651638878,73.97319165216406,-2.1610078770895345,0.0037178124262665104,17.050595751923346,4.001233437822978,-8.28428540591027,24.460948485324668,2.6669777341367693,-18.60837818615112,14.294622024862775,-16.390970479781743,14.696522259497346,13.8803796193189,-11.362543568805625,16.13389625864357,20.01948338312497,-0.0033188411838813207,102.10690232153046,26.624843289224135,-0.000654075482072008,93.81706100149,-11.174206809552823,1.3284074439794218,0.0003578250096521598,-5.29628522048974,4.03767841766246,-0.005371001185302472,20.561444747398,0.42096706574992104,-2.5424028852231504,-40.07273736512076,-3.2612946029368377,-10.425192617407312,-2.657886743795588,11.175743935444403,-1.8266210157851541
50,0.8333333333333334,64.97565880247677,-10.547459797725029,-5.395915457812781,63.14072396299367,-0.6728926382848907,-5.342372735741546,75.35051948701215,1.5648498572118694,0.0018355086683278041,75.43399453793208,-1.8439006346952345,-0.004566430914914086,17.680884422624565,3.845385237610689,-8.29475962601268,24.700688618332165,2.1263524943516017,-18.524418290694033,14.738291754459546,-16.302061941656874,15.976402012239367,13.795505313022908,-11.47581333639898,14.865509440135732,19.682231823831238,-0.0014445002787303717,101.99034150915318,26.664292279629883,-0.0008325647436221934,94.3550620949678,-12.199695722405304,0.26360920949996125,0.00021244366384610776,-3.9969793844170756,4.521241627712994,0.002609855847080327,21.41112118412043,0.44756940743381607,-3.1865509465681296,-40.36843354294227,-2.6643328778581727,-9.888947150961126,-2.3053189676764423,10.328822645527254,-1.8432927532254477
51,0.85,64.85329339633414,-10.597844422621687,-5.260619535879307,63.00724315536586,-0.6048593713901034,-4.718474467788606,76.89145302602881,1.4769176500839856,4.567049859716125e-05,76.79250018044957,-1.360594408822468,0.0006524656560880376,17.747637434727302,3.7889328877499158,-8.513508642235552,25.06014709970362,1.879673460368499,-18.622864387897042,15.095927351306534,-16.23118464855988,16.978603476298858,13.741314003251082,-11.567067794370692,14.080038681915303,19.37436407053851,0.0006629938604106367,102.20348942072063,26.714885764010017,-0.0011747404180905722,94.60263825194346,-14.000670875608948,0.5051599005066424,-0.004503492007346118,-3.9134380328682443,5.966188646773722,-0.005281038510938455,22.333594705065988,0.6103818568724534,-3.939577172575652,-40.66353890168384,-2.46430500281736,-9.131568134388619,-2.105974757636271,9.13145883981762,-1.8118676571107926
52,0.8666666666666667,65.55777895269794,-11.01631347401294,-4.669233818225557,63.76504686654478,-0.06300931102183545,-4.969999499951975,78.33165345065774,1.9034059935235164,-0.0026086416723403913,78.24292611295394,-1.9834682524078164,0.003908467684696052,17.540888847543258,3.568188375833162,-8.561182882298397,26.073892301558576,1.772544611249342,-18.777309031028796,14.676998069486112,-16.550415234996784,17.012978922113735,13.988709100335457,-11.315757715435089,14.29791552634594,19.775985603698665,0.0008616959882825682,102.20097623402228,26.70091712309651,0.001674365873749953,93.1662021809274,-14.550616519310056,1.0466257063330664,0.00020701218677660193,-4.587905110025128,5.890520084682012,0.0016545051640733128,22.496010237959577,0.8948334101269121,-4.073155276614325,-40.603648534311496,-3.206239573185995,-9.65733130334011,-1.6846152245724735,8.703449230967509,-1.84307282075577
53,0.8833333333333333,66.43987905033795,-11.104229222634007,-4.2824527672782855,64.73965435780693,-0.02837172020173052,-5.621602827373572,79.44808107851142,2.2625566919647504,0.0018248306395432412,79.5270601934441,-2.8172601319369988,-0.0026796762900072784,17.634534942457506,3.1978386623105446,-8.582185228642574,26.350999120748742,1.6169566376680724,-18.74802798897722,14.112376968999216,-16.686357317786484,16.524003537024804,14.119328672462117,-11.172517380057387,14.61107961557009,20.2756917979637,0.0024453691311038727,101.78381893506335,26.9983329237162,-0.00447582820214956,92.87252067704962,-14.262894321528153,1.5950030616878774,-0.00020153712852074684,-4.739915420303503,6.482462812346979,0.001902699494372272,22.43163100088032,0.9983428343577697,-3.587055343787261,-40.41592990826972,-3.5979012688779104,-10.451116423210637,-1.521755349160318,8.600488267707728,-1.7142922030134566
54,0.9,66.39507697906585,-10.733962889984069,-4.102332506627333,64.66269136026767,-0.5250287636641192,-5.889908674387585,80.37060719751548,2.253592433219605,8.270124295189902e-05,80.4758938408653,-2.8865219349583935,0.00022867468999414773,17.878099618773863,3.179386958737849,-8.82612203369859,26.070893707821188,1.0047652686655257,-18.217734730541704,13.989003695022454,-16.410609852105026,15.509267538603599,14.006014941170335,-11.344038500873822,15.296767494364678,19.95355700715694,0.0037077535440647362,101.39083547614759,27.459655962848128,0.0011627023052909874,92.14536643836713,-14.200416070110258,0.8808263403354625,0.0051784295416025024,-4.5975002337582245,8.349019666815124,-0.0015997303713810075,22.916489628867613,0.9845332428558078,-3.2968471259085996,-40.13105682437383,-3.3004360788240605,-10.64546478199475,-1.5964790076394633,7.767905656098227,-1.520256294509505
55,0.9166666666666666,66.1727891046556,-10.79887258856496,-3.896532564727185,64.31268029102786,-0.5490831884032393,-5.500983902819289,81.27569412724068,2.1741842730066994,-0.0010438565080792767,81.15848958370037,-2.35784242320973,0.00031114681887159607,17.964989166247538,3.633072554865639,-9.075460819992585,26.285279794458965,0.5168543574674476,-17.676000821783934,13.960682988202016,-16.318882705961144,15.404362039557693,14.040232317818694,-11.436726632052645,16.317034626337783,19.376351643557143,-0.006583140091919655,97.82369968168128,27.746735136008382,0.002529108961884954,89.2648440386164,-13.819989426858514,-1.5440991517742555,-0.008851795866675128,-5.645612157824689,8.195455730296299,0.006571506858230251,23.326524869167827,0.9815116726756593,-3.2783037470996415,-39.7910400993155,-3.5252799720298307,-10.93824237004099,-1.292401959976811,6.84547206186571,-1.5621294913809884
56,0.9333333333333333,66.22275173703912,-11.054789268296663,-4.2861008741002715,64.3657172916994,-0.29345864183656206,-4.743230853617261,81.93363438509648,1.694247140343816,0.0007651310515020474,81.6457640149979,-1.8542208822701378,-0.0002775217508942308,18.06879957096091,3.911556776606564,-9.246016832949618,26.329293119945557,1.6680332279044459,-17.886547776449756,14.268090021813773,-16.396765317899117,17.385360487146702,14.004528094525034,-11.359781492841723,15.740887682451042,18.580093970368946,0.010251563151390454,94.37206839357587,27.91929973953359,-0.003342173482345939,91.73006009632793,-11.84876139945148,-2.19609461915609,0.006067086515212915,-7.2072297867366935,7.425154504331836,0.000667694331957266,23.32294568330822,1.0733768449517038,-3.5918521997567967,-39.94182566945706,-3.643880386858882,-11.29294093061698,-0.7681006519598894,6.343426215257381,-1.609732621186184
57,0.95,65.99313009667941,-10.979123407277491,-4.8941196047199975,64.12180747409302,-0.2796355747480265,-4.493541334611784,82.43818317296096,0.9746651379697283,0.0001327419624617141,82.01742985837504,-1.7471359337870642,0.0009434697769666036,18.192285830512713,3.517115433081426,-9.313170397057055,25.932207966058193,2.457459417480934,-17.952805008928067,14.645439993112486,-16.40721440256377,19.32195304233848,13.523553203940402,-11.304653896902018,14.424795100372275,17.594136803649445,0.016480804734784277,95.71119939352215,28.216210731556355,0.007130531773552019,97.56068183388308,-8.73882172039862,-0.9896415280818137,0.010569879195507885,-6.596479861435737,7.791062772616603,-0.0005661138824420232,23.447233324534313,1.1026724724070753,-3.9507078614037754,-39.98682492956226,-2.972490507601316,-11.04948367838224,-0.6293687805474134,5.650202883230342,-1.6120708415515137
58,0.9666666666666667,65.70738879709556,-10.690913247761094,-4.769405607626261,63.68864615891715,-0.4241646852711046,-4.356058695559969,82.9331390375615,0.7405473881362984,-0.000578296269541826,82.35290628605932,-1.3879773622608713,-0.001036639849213753,18.154450547927393,3.303966272889562,-9.456454550124048,25.665687832904666,1.179126851866555,-17.467145827827594,14.330407140960663,-16.247981267797325,19.74067487391013,13.322445835735522,-11.114691628813606,14.36877148152793,17.54063353448455,-0.006027333236944704,96.90441991778363,28.173431720102197,-0.00953308675606396,96.00061309551754,-8.72987409056089,-0.28320214492220047,-0.010405040723656887,-5.098525823394688,6.529821570545042,-0.003423187887581645,23.551552504585263,1.0055831482575652,-3.666767847588107,-39.42060798858797,-2.6491527205384737,-10.39288548867483,-0.920523930823228,4.9068938031299965,-1.6756395282628924
59,0.9833333333333333,65.53823020445768,-10.338243495400148,-4.346376147114405,63.57387760586216,-0.6774326780556659,-3.9593433409831,83.1854623254005,1.0520824445938226,0.00038849086515108566,82.77957510058737,-1.0376096342191525,0.0001610179570496319,18.106223911265907,3.704448632502283,-10.042408309756729,25.957537796664514,0.3827972638587965,-17.239241060353482,13.837287670385928,-15.946725232995009,20.218645475608593,13.735796176051592,-10.586359015326362,14.42195916091807,17.92975956346955,0.00025090825421594684,97.13885404239754,27.12772357543193,-0.0019031583041253537,91.91495894428485,-12.629120793714948,0.7471478137451524,-0.026921648565648618,-5.651791487682745,4.573337788212602,0.0041206485603974986,23.271030412337563,1.181562987426199,-3.124570308887439,-39.0294039745967,-2.9448562520973396,-10.268452740000997,-1.0806986403720702,4.456530844510875,-1.4909481349835885
60,1.0,65.02175786277624,-10.116561229675126,-4.110989282530457,63.2395198035339,-0.9057656604137752,-3.914444562983344,83.27024436309587,1.4677931240997462,7.750127177133584e-05,83.10096206732754,-1.239965303223461,0.0007178157992652924,18.43894188364658,4.103110033979781,-10.843828315526576,26.518736694591333,0.960593054302114,-17.36717469324492,13.278162472653733,-15.92398131623182,20.201344065233187,13.712295358698885,-10.227112344019817,14.13749205795053,18.149281918885215,0.0037579649333664526,98.83597622517964,26.224748161451615,0.011301523192203363,93.19607939779574,-14.2603016289843,1.9798327067290604,0.00671409260987954,-6.155438002275227,4.6460053541014785,-0.004512333692750254,22.953611823445506,1.520283121973528,-2.827543992758589,-38.66417049964601,-3.627777125944054,-10.960589634803698,-0.8578207819180682,3.857461506326749,-1.2341778726458408
61,1.0166666666666666,64.52738598764998,-10.105330569961074,-4.040625347976848,62.706926931568816,-0.8405022450916471,-3.9914498559463385,83.38934488577537,1.4101277690835357,-1.8115440771446214e-08,83.05530341521566,-1.236400648227922,-0.0001110930916676718,19.001321623437857,4.255032024451444,-11.276024127775456,26.493448136518982,0.8162910745109723,-17.37838575860024,12.22642863041949,-15.936128008268788,18.45029417673925,13.032073294578794,-10.485856009665907,15.165105315288596,18.661495946514524,-0.0007116272851002932,100.05360167548122,26.391308270172186,-0.003006735684157776,93.705674666923,-11.927422687590942,2.485641801352661,0.008896025457455726,-5.406135828668332,4.926656988524812,0.00011673764627522304,22.502994834732192,1.4632313496544194,-2.5674932133825057,-37.6221201476526,-4.459139508979517,-12.00336006681887,-0.5845832455204625,3.273708171803964,-1.3376782356100752
62,1.0333333333333334,64.30096407474507,-9.926250659307625,-3.9454105004713176,62.326074800831734,-0.7786584173332015,-4.318664232336042,83.3746989218202,1.0152259564230075,-1.0625468324618702e-05,82.86003593384048,-1.4295386426607597,-4.654411114407175e-05,18.964013183407154,4.179842014502533,-11.307705720283677,26.062285132384442,0.4587926385619393,-16.972471283485778,11.163870710026282,-15.656060644154163,16.242944628187637,12.529797758066572,-10.793694729974211,16.583489199617354,19.050064252908626,-0.004030089260683273,99.8740324854851,26.51693257847347,0.00432394399973045,92.53543208363301,-9.41902853831519,1.5523710199993572,-0.019659447364841726,-5.519188956561672,4.414626820689506,0.0008928396637122922,21.80251106442624,0.9902054107176448,-2.1430472139278858,-36.71771104350514,-4.9025108976031415,-13.04885645508674,-0.6033171532224378,2.9654475027527902,-1.5596862567965744
63,1.05,63.917160356588916,-9.558148232852297,-3.686961230716418,61.98073883953156,-0.9725239691130317,-5.093046306123252,83.23750462925275,0.9672959045839431,-0.00013507632392281498,82.70497634867807,-2.2434855454816054,3.509729265090182e-05,18.45611847182683,4.049057566536037,-11.374277349960657,25.575592009985407,1.4837176436818522,-16.76068601919437,10.277443655855805,-15.30148024917374,15.449557548418815,12.10131332926186,-10.848020556068164,16.2123769554896,19.608784036449293,0.004702315753183675,99.51150269672554,26.433009949359516,0.003186437458862123,94.72078845900225,-9.02577839460464,-0.0115245583097929,-0.023228751787564055,-5.0947014833858395,4.521204896041083,0.0010049554300627578,21.14325766963988,0.5874021774564744,-1.956903627142184,-36.405635822497935,-5.01038046987232,-13.318650818660263,-0.7215467705329418,2.6732121445359085,-1.5709678060902068
64,1.0666666666666667,63.51528093758487,-9.401548081712,-3.759899724054523,61.70772902806444,-1.1053673462081817,-5.254270873853256,83.32132065584987,0.916011028099892,9.765309439408034e-05,82.6523062170711,-2.3096427535441197,-0.0005534073878966601,18.474697278067627,4.012967504880532,-11.723318129337292,25.003866939771225,1.9914028636657057,-17.072864021992082,9.834874081681077,-14.760623120378874,16.34661263179774,11.607260225546613,-10.909244375870811,15.331668897119911,20.123698993141918,0.01037535483641389,99.5149010445442,26.442078240303534,-0.004940862318770352,95.62397219080827,-10.685105049030115,0.29771236452004435,-0.016384176226466686,-3.562102110623323,5.425394416952754,0.0007852957372269825,20.548130251856133,0.5010230013706855,-2.2922700774074802,-36.04081905745798,-4.696715613497562,-12.50474697147392,-0.6737978600983459,2.3130861712282504,-1.5030558732436832
65,1.0833333333333333,63.16095504846395,-9.262945060706906,-4.270511977876943,61.31933834233136,-1.2198543070438876,-4.874778688877845,83.59734739503622,0.32786272430694036,0.00043116983451402913,82.83902941033642,-1.7208495180445922,-0.00024794613347170247,19.004854333860244,4.044190617623357,-12.176443195680974,24.836983811416367,1.2297673892122187,-17.052524719004417,10.047845573888768,-14.456638487587906,17.028698834209372,11.340868460663307,-10.824326628466496,15.729866882408471,19.621981509355034,-0.018728427212849966,95.1442338233393,26.48909358203681,-0.0015174541321603073,93.62934490730856,-12.24037081403619,0.6624239439118614,0.011746520984383849,-3.5775281866012008,6.721490103290323,-0.005978900326848196,20.18831269857683,0.5595757087283579,-2.3417294881748627,-35.83291673978577,-4.304839264022881,-11.99933080310252,-0.6447768751865586,1.7838241629958422,-1.5014976123706303
66,1.1,62.5597248126372,-9.10996149088619,-4.473619958552446,60.68185732071819,-1.295056057336331,-4.753864719022863,83.70971754068458,-0.0023373446388027935,-0.000516315287213479,83.08181821432161,-1.6284258445244217,0.0006145869660781965,19.387013765943617,3.9053289567281357,-12.339287888319888,25.132467988935883,1.4382289718585355,-16.786489659038033,9.916143781805992,-14.604018231373285,17.62750143712097,10.791719719136955,-10.749683638217633,16.035029755641574,19.40199562053832,-0.0052402381730838055,88.52305504654016,27.192021778044634,-0.005417574312562619,93.82676310346723,-12.688968296861505,-0.030623142952046357,-0.0005500122721686457,-4.391364033330126,7.898480311436924,0.0030567673454208236,19.990186938070114,0.5113022825782529,-2.139162679798278,-35.856686108480304,-4.091611455507231,-11.905299997885583,-0.6059108531982448,1.0728380402864426,-1.5388719305100125
67,1.1166666666666667,61.86936762453916,-9.315164849345175,-4.2442982552449084,59.98889479275123,-1.1197453268306856,-4.894454110820072,83.69753890882143,0.2852409899390087,0.00016859425282293017,83.09006155804408,-1.8596512024869916,-0.00012171347586290997,19.403697147681495,3.329466029781604,-12.142773453655549,25.330966592089347,2.1449528324231117,-16.718647836896576,9.459900255814913,-14.444342634239064,18.71617589744009,10.257441329802608,-10.7392671528679,15.201670247434919,19.506556001863892,0.011267255916229992,91.63581594803884,27.44609723408466,0.000672914620594287,95.38664037544831,-11.577399802505521,0.9539099903426982,0.006041946794410804,-4.335321959666284,8.254003081113428,-2.7884432391408617e-05,19.726253984972335,0.2535502694514923,-2.345214918817027,-35.75159058086504,-3.5375850918302487,-11.344711151330381,-0.45432566638078464,0.34482367585796303,-1.6742573219907284
68,1.1333333333333333,61.66523013219222,-9.734772824661476,-3.960805787318416,59.684293694224344,-0.9010107273835621,-5.099335248571558,83.87836413038046,0.5223879590030399,0.0004913241999766517,83.03295756141736,-1.869101003106937,-6.045722621880587e-06,19.31477448247885,3.1099135116174335,-12.05665423292827,25.090940496708445,1.9246949327768623,-16.502206406322763,9.363072503425983,-14.21542849250525,18.378866220988105,10.441329821859888,-10.57724480317626,14.597207595651852,19.104920767531848,0.013374791119792381,98.44503358303506,26.57922529807178,-0.0019797392280057617,96.19568789339073,-10.045504947139126,2.534749966636947,-0.007147056052162758,-4.026639061915982,7.597719762122451,0.00019004090069462974,19.357824961989017,0.07626790201706822,-2.497866220747227,-35.72871769753271,-3.3413540024449877,-11.296197867797998,-0.21867011379363785,-0.06137581685584187,-1.9185426900791456
69,1.15,61.91840748412504,-10.100203976920128,-3.4081370821985644,59.77845616465109,-0.7107353357719078,-4.891479028309043,84.24603149524285,0.800924808195067,-0.0006840175148386144,83.13148722439516,-1.353130462544164,-0.0005668674462835438,19.21646671377853,3.542624459461062,-12.167530582784021,25.021645425590094,1.8806003775216156,-16.412810930268517,8.932493184017108,-14.34255456927926,17.45801733085625,10.267752960769007,-10.71294369420143,14.749257200445216,19.60388202966251,0.0176539776592213,96.98647094918152,26.560713396440768,0.0012299241247292223,96.10487549319126,-10.535442203833785,2.2429090067439357,0.001652735602750632,-4.076755508958486,6.533448412608762,0.002511095200688736,18.757149711658826,0.01678331823721871,-2.6038823766093055,-35.58610481278524,-3.8840605646057424,-12.027005048963181,0.08082575575647079,-0.15550411863220728,-2.174446238114909
70,1.1666666666666667,61.64452081775182,-10.288849172788339,-2.941101867938041,59.29650649216875,-0.5876000601732984,-4.812424333024203,84.61477974323641,1.052575496851955,0.0005650682259207069,83.26404165475866,-1.1110887088294938,0.0001469208495009911,19.017161633077308,3.652427317493432,-12.125587704565367,25.40908403572084,2.6038029596079637,-16.545603169579923,7.948864482142279,-14.253354811342664,17.238340088788288,9.558846175816218,-10.974702325446271,15.009234414321456,20.830760022857646,-0.02375591687557045,96.51833914038501,27.306644599139677,0.0005689865481600255,95.10670116101046,-11.871669501417129,1.9219513007626647,0.002215285016024808,-4.6707183485199915,6.519458194307434,-0.008421388112557193,18.5057250730635,-0.2101768492576234,-2.7906445561886097,-35.17775838589511,-4.323508172709731,-12.638101140112482,0.1613879801433416,-0.7841408708895707,-2.3719704757537485
71,1.1833333333333333,60.81625972316793,-10.386171861927217,-2.9726485775797604,58.36998433348159,-0.5948402749897446,-5.06659435596841,84.91187764475053,1.0489689050526372,0.00034577196580064365,83.44406994247824,-1.3114522013262218,-0.000728598238821855,18.96972687212333,3.2105170565159247,-12.009821295032868,25.4715161049219,2.81737516783313,-16.523265969022145,7.493176431915696,-14.010815189672389,16.67311761114348,9.41311380960576,-10.808995375558023,15.214101690843984,21.11118668022152,-0.013651519129113058,101.00156424657327,27.265184786936526,0.004667718208246792,95.83523659289726,-12.742915082966304,2.9066383543073404,0.0010919831321407176,-4.592052156126961,7.851195879867184,0.010882413919893046,18.834134946340413,-0.3875158000133255,-2.6076731462549607,-35.05769138413527,-4.638456994742692,-13.12023861337681,0.04948012588454577,-1.9025562818529966,-2.482808255873208
72,1.2,60.37929841875835,-10.534273147990403,-3.1669702688194676,57.96626849935606,-0.6841787441467351,-4.794680832309585,85.04471161993818,0.908532709824595,-0.0004964236676648356,83.67437269686604,-0.8464785259160931,-0.0014672711800071648,18.97564893878067,2.8021979641969983,-11.855693520293967,25.151364230021446,2.443024577026547,-16.462867387148815,8.044982519240396,-14.15188370326601,16.825771888614238,9.456106097400305,-10.68537088376336,14.633854454074688,20.283427367591234,-0.012562879744277318,100.83109899557209,26.695100671416906,-0.0007385107296205835,96.4525366594496,-12.291711589901931,2.8020600018054425,-0.0013921509171972068,-2.816323268632187,7.34179213653601,0.00025660003728747167,18.89739281172177,-0.42213451062922724,-2.4033005614270486,-35.058065041796006,-4.831175356415967,-13.523845360396685,-0.004430292337142124,-2.601196190155759,-2.5848773457222087
73,1.2166666666666666,60.17955450172615,-10.36086706090168,-3.5108292778038215,57.796487694100826,-1.040062315283019,-4.731859603037098,85.1627543549957,0.44520003267463953,0.0009076914527453933,83.9139712120116,-0.5433063981908518,0.0009618033005356711,18.741817412351963,3.2384466933804514,-11.693550436745832,24.64241117425788,2.539518646574971,-16.368199919880333,8.589612353135566,-14.39753329346072,18.014797726701886,9.261017323225149,-10.689102174215005,13.642873401111038,19.57282425183503,0.008355678322796121,97.45611748630722,26.066821558606193,-0.004824735424815672,94.29496677627354,-11.570403053308128,2.0968788430055656,-0.0032046752160275337,-1.5267324089408754,4.462989483650274,0.005888728017128373,18.654442528479983,-0.36544447738149,-2.367040757960535,-34.77502407105153,-4.905357707120801,-13.53289593759625,-0.19700162056080464,-3.08174817033097,-2.581763733893329
74,1.2333333333333334,59.794455314758494,-9.917041490847025,-3.3699713838197782,57.4529135229747,-1.5197448056253666,-5.024786864698123,85.5326879036219,0.4836211453810559,-0.001185014080122098,84.28045754262115,-0.7616478706395827,2.663402240700413e-06,18.598929070031136,4.117993403812702,-11.777730712115922,24.044965209145747,2.316341064732614,-16.241027909518415,8.271415907728896,-14.324923442277171,17.290745861900916,9.187696386666596,-10.537616400677866,13.931698495067819,19.911546437772458,-0.0017420255631917948,97.06818396251519,25.674618756750466,0.00278495330805229,93.87175794646217,-13.489238237339281,2.880244404923627,-0.00038599305019578416,-2.1218634195445043,3.419581723124768,-0.009846481040181322,18.63761918593743,-0.17782851627482488,-2.062729570777599,-34.7969482823769,-5.025573578570065,-13.068240143626456,-0.5696842809167854,-3.78183533454523,-2.478889581510366
75,1.25,59.417970889305884,-10.020320337369863,-3.002041008329948,57.03012160263501,-1.6942385051517104,-4.801680912188921,85.91040930848176,0.9930534073790693,-0.0005487284548277921,84.48754919940448,-0.3858175423980813,-0.00040474258683686505,18.471596908045246,3.809792595694276,-11.672724281637926,23.90765737143927,1.6410166385647946,-16.149567689994456,7.859305860226558,-14.090623399896861,14.749395647850076,8.941016965854333,-10.555115463911662,14.454958778112504,20.145352645178008,-0.00382249682649361,98.23235426458457,25.629640492239115,-0.007418311292533588,94.42395296596273,-14.718456605163906,2.24257920217451,-0.009258175510813564,-2.3529997891602097,3.614554092827296,-0.027727169524904654,18.754822469545157,-0.09849466530124598,-1.7178650868668106,-34.99606154830508,-4.96204277326857,-12.759462722351957,-0.6736764704170592,-4.431925707645092,-2.574791139050979
76,1.2666666666666666,59.3061318834806,-10.427627463554007,-3.6778375436255555,56.87985099046032,-1.800799544882724,-4.623857632747063,86.08560507067557,0.7884394817249035,0.0004046592487535739,84.52484366469913,-0.19603427687147584,0.0011803678269281654,18.024725873446105,2.8083267190963914,-11.156793282016938,24.01038599837345,2.02127803423711,-15.940709326196822,8.022062254474783,-14.136869403525786,14.251822403416455,8.528928368782982,-10.648405540839446,14.128236944458482,19.52930390747591,-0.002312005471273599,96.22580773411512,25.33675676859035,-0.005273973976537905,93.18171122335272,-12.330349479099542,-0.1611221033895904,-0.020874214850617443,-1.7958105419345727,3.4975364761458176,-0.030796261130095814,18.488851477240498,0.1064595696404087,-1.6395417520371731,-34.69239976973087,-5.100728170526029,-13.063636059823196,-0.41978982117779734,-4.741688738111012,-2.527267045446895
77,1.2833333333333334,59.227417868527596,-10.384321091028177,-4.460106427548539,57.01456923483827,-2.147266872794518,-4.866741964476593,86.12989200800418,0.528708773188643,-7.710875932090203e-06,84.69594453851155,-0.6838593833511876,0.0007348990919020641,17.975868033126016,2.5651836360620743,-10.99758049032026,23.68930100663093,2.363257032632081,-15.633397288155654,8.216641301148162,-14.347889932233144,15.780823699148138,8.609104925565926,-10.599394834466583,14.266521305954702,19.599833628350197,0.0022514324159833483,93.48150962116351,24.693106427871683,0.004295496692147058,93.20871937272938,-9.97014684246481,0.4384097473362232,0.01933593277618233,-1.610015930827169,4.321661831283818,-0.028201555081812536,18.010104216436826,0.4619674949543202,-1.6765760509426644,-34.466507237396264,-5.287387705900677,-13.232381074675313,-0.24586890776980375,-4.929706777628184,-2.140961651013498
78,1.3,58.7212263869288,-10.33061346472363,-4.387471243456417,56.722862092232624,-2.3893956180765077,-5.3112907905736355,86.05374444495844,0.7946587484194749,0.0003294722276243381,84.76033663618142,-0.9839704348654362,-0.0003260847839293438,18.468631991710417,2.6342179915804365,-11.108919145967365,23.330505680248187,1.4926288567323316,-15.410598209122798,8.165559549878004,-14.362329907838681,16.028209998780294,8.94065488786997,-10.679032652232683,15.128617187189471,20.162216446652995,-0.001159251804593156,96.20684878081929,24.051954628764182,-0.0044094064008614615,93.24736813425683,-10.000802049684783,2.217336710252518,0.00012141192560816509,-1.2407187243957822,4.016799108089109,-0.016312650903517936,18.04684315185293,0.47003291783160334,-1.7296465441137263,-34.41860299434542,-5.1414942499184475,-13.067422510549708,-0.28652512009056963,-5.446155148853717,-2.0610880739162
79,1.3166666666666667,58.3043266836973,-10.60199255162406,-4.095286036651712,56.25702130289073,-2.336381917909338,-5.803793683385753,86.10751608382643,1.0382926617808124,-0.00047168565058662527,84.74837165994141,-1.1271126926113388,0.00019268131806414872,18.517896968751366,2.8425915205864016,-10.902165438547799,23.255497605335172,1.0258816790734084,-15.410873189495431,8.026117122960228,-14.318382928638307,14.990997472001437,8.725607927630975,-10.775598448562649,15.822438161104781,19.918909707436782,0.0022809644206223073,98.37241199106079,23.785428435599286,0.0014155403651310223,92.7367496010064,-10.846655206162124,1.0486136185901993,0.0006280103288003352,-1.8589179729606298,2.8519572053244007,0.005137903598421956,18.10669474744047,0.3702786294992322,-1.704642769839346,-33.73805604109415,-5.344946586369759,-13.139564866336766,-0.3883076794496252,-6.015152712122693,-2.3112020723452846
80,1.3333333333333333,58.11668187479153,-10.764022893309143,-4.190411596369874,55.94315177016615,-2.3326292250542005,-5.738920504534185,86.32731487223849,0.9653683641569168,-0.00033574171152983486,84.86708514542741,-1.092066075821978,-2.155683625366892e-05,18.140961161478184,3.280182749894944,-10.584026737210369,23.244335831397123,1.3349196109220411,-15.302215860638098,7.9873283589450095,-14.397482549989403,14.665560295179699,8.03054332510112,-10.65263660964796,15.663353463518378,19.773436076428922,-0.000948438616894965,95.6206043133069,24.037707017584268,-0.0004832755917822672,94.75619118378613,-10.580180426109827,0.8032062661856402,0.0029288282394886356,-3.342312739126024,3.3637298636820603,0.005472745461338501,17.82494158977513,0.4543899257209849,-1.65512011619483,-32.943025253615524,-5.539655255998542,-13.030327875739538,-0.5300486531571147,-6.449884994353799,-2.3873945252517585
81,1.35,57.74722795030568,-10.867415122663568,-4.38582564969802,55.54660170307401,-2.4622525706059353,-5.521319341384232,86.41190426934146,0.9654242736217968,-0.00014031240278931603,84.96084342743407,-1.0443800705968156,1.7412437846703683e-05,17.74572103015787,3.222145524633842,-10.105824450312475,23.38090450525062,1.7311046004848392,-15.135415298588345,8.192860545757027,-14.495079015537668,14.91098541101312,7.545806305397394,-10.469541736199089,15.14633078557233,20.10485055987022,-0.00234909841388141,95.30525088251902,24.040004513530626,-0.0027353102286577216,96.30824086838962,-9.791247801523443,2.9983066657052833,0.0018449958210363423,-3.2880305475537077,3.897403788670997,0.0001595134768509643,17.713417319749677,0.6226721183833802,-1.5790590287806143,-32.842952635679055,-5.494790028283895,-12.521875524910124,-0.640358910747121,-6.91880616418101,-2.315681976715198
82,1.3666666666666667,57.68622377844722,-11.133149935295389,-4.013952849716599,55.42421982696112,-2.4215944983673032,-5.8661749879218945,86.38513858735953,1.4023733225240924,-0.0002363460229867997,84.95227247230146,-1.3703506792708735,0.00012725997692357183,17.330835114705536,3.109703297603999,-9.63794784692487,23.4011112866281,2.4901809323481525,-15.430580352232727,8.299441817220906,-14.5755014295552,14.79086211976682,7.522133349642063,-10.404878904539563,15.441762626855168,20.20193770005293,0.002224218598380908,96.84618821667063,23.331712881408315,-0.005717831491390252,94.66598016388957,-9.739433540144864,3.525144828039492,-0.0014618099160284698,-2.3944573780698533,4.001482131022314,-0.0011803349844304752,17.53988414002731,0.8098720908697864,-1.4334006180215262,-32.82680972821624,-5.764411638989564,-12.069872894766846,-0.6577820345952933,-7.1346707730384535,-2.3793603425851404
83,1.3833333333333333,57.63965188113201,-11.428430849914097,-3.768281977017813,55.17969911362478,-2.2232079102486293,-5.708253027515053,86.38435816358799,1.5525322336657263,-9.894452524574778e-05,84.86401954635159,-1.0393787355333404,0.00025190867377959105,17.23333002964852,3.4005413471698014,-9.624433846126225,23.4257823346485,2.760318463194755,-15.81320036693447,8.391982612282295,-14.566176330320237,14.863032853188194,7.5374521090726425,-10.53894910186954,16.478753983571234,19.86680593811124,0.0019294029991211875,96.48850924353941,22.633223928137628,0.004932701149002847,93.34379998038881,-9.806106589731439,2.846667436193587,-0.00029602407212028363,-2.086974113590601,5.024791803985593,0.0033536172848604405,17.332515981120036,0.8179836904632968,-1.5551239073317429,-32.51672712502497,-5.641981044260473,-11.68681038558447,-0.7033039983602083,-7.361913539455451,-2.564858700011617
84,1.4,57.20981289379829,-11.638948972146858,-4.221079990602622,54.551353582409526,-2.133058996967994,-4.882342801477828,86.42018680293492,1.2273279803559851,1.9381590367200424e-05,84.8462167532734,-0.09086916561708819,-0.0004909965249526768,17.396912307401692,3.30966355092749,-9.516088956683086,23.837658819324314,1.8357542196094176,-15.824430185394819,8.514649914081113,-14.402023884955694,14.802575916377016,7.02556950858593,-10.619308620008576,16.989579326677006,19.482995617917936,-0.000986414612686592,97.67820812149255,22.4917770869123,-0.0007723276421043921,93.93881724104955,-9.360698983356446,3.251738424763527,0.004036647667747229,-2.7440952525005677,5.287981402356841,0.002431153016896563,17.314032771153407,0.7095192071230902,-1.7242080426886055,-32.23538409522529,-5.257228489913926,-11.58709389022886,-0.8500647593491416,-7.845403199618582,-2.628816325255997
85,1.4166666666666667,56.944582118869995,-11.587119229724555,-4.480981145812698,54.29437047622981,-2.248567778747957,-4.844124787973537,86.41594173274461,1.1942772831032136,4.008233338972745e-05,84.99962321544359,-0.16688807583885026,0.0005362155663502147,17.37736569649509,2.878860543481971,-9.271461414632826,24.03790263227312,1.5089128936453529,-15.563605277799644,8.256492116161688,-14.423335117847426,14.280603685269323,6.379083470692154,-10.26105252103886,16.02575539277512,19.78462908481162,-0.003932286145663339,99.1301944051959,22.671407135942765,-0.002965362240109182,94.77523768197976,-9.350046179334624,4.071310583639713,0.0018584057505943428,-3.425983641810008,4.756534553608219,-0.0032394265620247988,17.260550096338378,0.889456772564729,-1.4923427444047757,-31.90206476728834,-5.402476797225511,-11.755438361092512,-0.9902242725386763,-8.161160481636124,-2.5143852603086843
86,1.4333333333333333,56.60745825762532,-11.352314354483132,-4.1820861591259035,54.14536572207917,-2.4465815535699753,-5.318485672283851,86.35435066182781,1.519865067414027,4.2215952329191575e-05,85.1517547070264,-0.8131064375475636,0.00017461306555406733,17.26311737298104,2.9929667089254,-9.47466438312149,23.845858863513804,2.146167901482923,-15.359008633926322,8.013112848643566,-14.634551525979967,14.543325011657188,6.234618694636371,-9.709164255258822,14.343208857754123,20.098775448268356,0.0008939972387677499,98.50860133754576,22.593655124418078,0.004361681603814148,96.70901921128375,-9.81887547323805,4.240008861648913,-0.003548654900566569,-1.784198418670504,5.287420671140857,0.002721323412413104,17.29102626366867,1.2823943560154618,-1.3086682956769693,-31.434718400925306,-5.630970323142396,-11.957019913297856,-1.0273921244560866,-8.512073911819465,-2.3997621336692263
87,1.45,55.9512717974213,-11.322321061816115,-4.038013490264056,53.565264110272366,-2.5172346957455995,-5.338184871595386,86.37115196479402,1.6360211197327357,1.5656327186380196e-05,85.1858597192284,-0.8013768823382682,-9.636394162106462e-05,17.273204371706047,3.372068661396438,-9.645187819848028,23.806053598443953,2.086202417176213,-15.427378713759012,7.8508022941930165,-14.68996510146868,14.9856312319102,5.917630236127335,-9.467818216554218,13.573169125599321,19.54065375563971,0.005107806056766911,99.51894708104804,22.330613761214916,0.003691834113189274,98.54513024067991,-9.719617200160037,3.2864281167137586,-0.001997298749605811,-0.07557722294452543,5.472251897139095,3.0650396907423126e-05,17.425696563149312,1.4472350906033615,-1.358732828104611,-30.93019475997234,-5.721540025261996,-12.582139545622303,-1.004568851748933,-9.172700896289804,-2.39377562163103
88,1.4666666666666666,55.55871482391933,-11.50006737569415,-4.1823230834346266,53.028178559997556,-2.420773095548639,-5.24138845687945,86.47144327051714,1.531598638984506,2.7329301380147162e-05,85.12486661446135,-0.6071093340886635,0.00013242404081858654,17.340616086972833,3.0073921598459856,-9.407089848980945,23.913669292629507,1.8046706089890185,-15.491944753578785,7.690761029861543,-14.683108948278576,14.621412173345444,5.257018278820152,-9.63716111517705,14.443120556527216,18.90219513806897,-0.0057563951435634884,101.23525596551437,22.457577943783587,0.004340988234239733,95.89051041350986,-9.744869163333679,2.0960009920785088,0.005535029497000846,-1.31109669014743,4.397370014528991,0.00870335612598995,17.58773910721775,1.3708264714160392,-1.2973323533592618,-30.66285550458475,-5.8726212519473835,-13.114878388129993,-0.9986538641859347,-9.678902817892148,-2.4875782793110255
89,1.4833333333333334,55.771434508237384,-11.51751647413252,-3.937630148782956,53.10933628102011,-2.3385337177008103,-5.211470090956194,86.53808069236958,1.5894659023954212,-4.50780011441603e-05,85.1310742239529,-0.5046456343138872,-0.00010934236467500765,17.348491575620148,2.827242163878169,-9.358230608577172,23.800220213833846,1.8536422833967585,-15.401505598617613,7.897036964676865,-14.53872330116288,13.617582708836407,5.146143058397989,-9.91743671027723,15.375311085087878,19.036976834860432,0.002798265106657447,99.73016790798582,22.414496529062472,-0.004766325114318047,92.46606394424056,-10.071307880937532,2.5462723929237137,-0.004363899133988759,-2.092398286904129,3.4641636565806926,-0.00503914222701577,17.556398109008594,1.3089924884838664,-1.201135754109418,-30.70817374096068,-6.065518448228336,-12.675461664472213,-1.1330356872168814,-9.639528879468841,-2.6495290400981477
90,1.5,55.93205862256508,-11.270421086999452,-3.56593126819671,53.25644295235161,-2.423569194937817,-5.235931811219463,86.52675449801517,1.5589879262093993,8.440492001824361e-06,85.25532407137815,-0.4170262621851149,-0.0001461207902262831,17.253891860963083,3.6856115872324375,-9.708482958155644,23.63987414834136,1.6938758771203306,-15.336959363495504,8.080984684621658,-14.243952276897712,12.773753808012088,5.360110535452044,-9.839099994434248,14.731583065904191,19.33704575729876,0.0032920089476654014,97.7996677193329,21.666376475517296,0.005075803889359533,93.70239097413628,-9.785265710388984,4.060573464216119,-0.005588985191350556,-1.3629091580611854,2.645245383794738,-0.001693291264660406,17.33850524464031,1.3135621097110155,-1.0839559359123652,-30.612526729057226,-6.22469799405928,-12.301188022377772,-1.3662458935436728,-9.583273632696933,-2.7663358138944534
91,1.5166666666666666,55.56504276175376,-11.123158343295511,-3.6527593580599778,52.9173818515779,-2.572020720025155,-5.432962092750528,86.49666060522978,1.4216741397551544,-2.0347766934144356e-05,85.27562608061834,-0.5561878033032968,-1.9714937407922066e-05,17.106714529790093,3.6881124877777816,-9.85155475712691,23.646412212665712,1.7518571001030425,-15.444448657585722,8.123645670347617,-14.202800708965725,13.326569375613932,5.246583959153857,-9.429006569684606,13.429854921824363,18.75291688192229,0.0012587733256882205,98.01265260535732,21.18633943456968,-0.0004119101273468601,95.19336519171699,-9.516722325381917,4.223634359718086,0.002226776817481324,-1.0576491685829077,2.2456222510985624,-0.0019806817881644245,17.383035651954128,1.3455727651199616,-0.8954782403256959,-30.48259412978336,-6.264338019295492,-12.633406326562248,-1.4158870211168908,-9.931319980925663,-2.7508822624656935
92,1.5333333333333334,55.386455843411845,-11.06480864510841,-3.8522513427853786,52.863921421869605,-2.6781560777846094,-5.491847288909306,86.53237814705999,1.3993528661873609,-0.00010323079836913914,85.30253158492914,-0.6136527606144241,3.168168160742627e-05,17.102555154825296,2.7665311450254606,-9.767229388929302,23.255574413077863,1.7473911655896077,-15.663681888866474,8.082492683119549,-14.356637457286814,13.660752709752282,4.873075223739326,-9.2993577362223,12.92261245527935,17.963843641306685,-0.0008875823088981697,97.51772578669836,21.763513358228565,-0.0005707206112152971,94.29067004354783,-9.392469507950683,2.449279011246326,-0.002894424296267744,-0.06861670261091406,4.179180226869496,0.013350044293436903,17.46795608257831,1.4433015705764836,-0.8157235671045499,-30.490809688010316,-6.21084426291956,-12.652452614909876,-1.3822017672087654,-10.139410574838212,-2.6506171069518834
93,1.55,55.45791711357408,-10.84196044167026,-4.027007037347134,53.01318675115692,-2.7085018479279377,-5.2655752865977785,86.61877363349173,1.069302289939897,0.00010124871882763949,85.43452394441746,-0.4181148570891046,5.526594204907749e-05,17.14646218410327,2.928644502738844,-9.991033856953582,22.77605138407006,1.411156551650561,-15.702771140690587,7.76378095111238,-14.423140097352064,12.851756382968151,4.459113876917489,-9.71380026770236,13.631428904518183,17.774674014714936,0.0030228364019428606,95.81202008783568,22.5628248955418,-0.005887156205114573,94.04364511209704,-8.80586908804336,0.5982642579668074,-0.006507111747136833,0.9134227975917734,6.829635848210668,-0.002376995947930525,17.479993783611402,1.509367609177209,-0.7797228065473236,-30.30838408896755,-5.993628286983119,-12.434517598766927,-1.4332971655827382,-10.22916153655894,-2.5899852852809215
94,1.5666666666666667,55.242677790985006,-10.70588824860136,-4.220859429477412,52.70329657352834,-2.636777623315125,-4.963077756019894,86.62594214667158,0.6833493756021921,0.00014466798019285536,85.4451694188697,-0.34801806173627486,0.00010973189228301176,16.89825146849807,3.5187361752921484,-10.106275308826772,23.21255948398416,1.797549080448027,-15.541550577281205,7.763816104289651,-14.260026566160239,13.232235328669054,4.134050779198421,-10.037720970685509,13.97238124217872,17.35750535948083,-0.0026803469373209965,95.16686369052722,22.482098378289198,0.001456882794471362,94.37568594687575,-8.901862849196313,0.688234467136676,-0.0016718407973794628,1.276561353131853,7.208823010424738,-0.0013503221307015682,17.5460780702109,1.5047042044368268,-0.8054814808967897,-30.086101790029822,-5.486054774416107,-12.316869484405373,-1.3605368273200804,-10.502208128565131,-2.552372837940944
95,1.5833333333333333,54.930367275151006,-10.664067162740473,-4.069198901339495,52.42850007714207,-2.622786804690246,-4.870952936671761,86.50488104094391,0.8521410984305119,0.00017602041658098828,85.45379155831336,-0.46312288888642356,4.930016869308606e-06,16.871593884887062,3.55562290836994,-9.991727575073453,23.77401203781793,2.223439237485644,-15.483798560418673,8.193339355993647,-13.922596081961517,14.424233191566362,3.9551030196687296,-9.798283422852982,12.611427988126206,16.586581317499174,-6.218366478478394e-05,96.62207185922699,22.014394020479997,0.0010555377376889694,94.98120322443957,-9.900957450095044,1.3296395861871217,0.0031109683347292734,2.274383626173139,6.816461382107092,0.004085630684183502,17.548312544651974,1.5979201473185694,-0.9739333049686479,-30.02098806099592,-5.351528076987918,-12.00798783787819,-1.272047497457995,-10.69843899401564,-2.464210021600663
96,1.6,54.57068882148482,-10.544900829038337,-3.9270661490424326,52.232189147112486,-2.6663304297703436,-5.164309106401631,86.46322542149912,0.9037179945751077,-0.00010648953538478295,85.54863807533559,-0.5078980869272338,-7.403146679228184e-05,17.257584937496496,3.699017026257138,-10.297069833586603,23.223562421867786,1.3462913375169598,-15.461414177779284,8.21255936466902,-13.928302982765903,14.413645339872001,3.9600206346256717,-9.352950948179839,11.606019553018927,16.303585825930504,-0.00034180503807023857,98.72296305576015,21.795663172716733,-0.0011567883960888258,96.6975956224108,-9.905460593825742,0.49559456606373825,-0.0013695117940828894,2.4749107018159853,7.2249197107181296,-0.0019046799622839756,17.82426253149463,1.759761302363122,-1.0201895030418893,-29.87450304455969,-5.8806247257908,-11.992735195555714,-1.3442601922022508,-11.018092542385284,-2.4854813791986325
97,1.6166666666666667,54.17146745252047,-10.564149925742282,-4.243551430326932,51.868601939150686,-2.5899174017013786,-5.482199545612017,86.55377200360506,0.48933948539817934,-3.3391269143063196e-05,85.59732448255144,-0.6063513534654095,0.00013400401462520552,17.415477131071018,3.9033267324046674,-10.53430588740456,22.713894854042795,0.9808284576424376,-15.386318317079285,7.696801365881965,-14.270323945237564,13.815872701868084,3.958735574310625,-9.18492058733721,12.012576796760898,16.433131363023872,0.0012007108847839373,99.04391695714388,21.68510970645315,0.001267100143259924,98.48703973146117,-9.053128673087715,-0.24868644731537817,0.0002320802919203011,1.6104360704973877,8.314526578517567,-0.0005692424507691678,18.210543206053934,1.8300228183122031,-0.9877505480540214,-29.576506408011,-5.99139170170517,-12.41448703973518,-1.3484802383194885,-11.495739389792135,-2.588407424660378
98,1.6333333333333333,54.094663481298895,-10.668737175348626,-4.263714598517969,51.80130820585266,-2.545951788738162,-5.268259942279563,86.55216350636468,0.5897396132882682,0.0002464565328363579,85.69310221240488,-0.6263214636813308,-0.00011328873817892261,17.822216877134913,3.722448023335089,-10.519739724845488,23.64480372284738,2.327013081329916,-15.620290000780715,7.326670268322907,-14.319564438034012,14.024067887145748,3.708916005279185,-9.339360713824563,12.378586229872814,16.502100917805134,3.290579974687061e-05,99.67205553564438,21.907843315783285,0.0032915088108105175,98.75438804095396,-8.661020432857223,0.39591078811847236,0.00038022030640182694,0.9625288499731971,10.015913116528626,-0.002814834233542098,18.12574851898968,1.7873900193664873,-1.0658819652135296,-29.492151198823564,-5.576181762399895,-12.659582644412302,-1.2352379629973627,-11.573648323418688,-2.5307557700170773
99,1.65,54.118205472760344,-10.736380475890817,-3.8153971259827024,51.8876655592071,-2.6426227032151566,-4.882992185133813,86.53437020609128,1.1642052607519389,0.00022107693339633075,85.79112285415033,-0.2328068841900154,-0.0001165810698860838,18.451594308530527,3.3858232535053507,-10.673970217530755,24.266531559105797,2.6609273395922526,-15.920876854324288,7.235201901924796,-14.25330051739644,14.463413119105068,3.4352629330951143,-9.385819352194597,12.356389276017302,16.38930397423802,-0.0010771149316299324,101.19938510091626,21.931344529535746,-0.007068473002444967,97.03006676771855,-8.00327507359147,0.8481656968282536,-0.0015638481806045574,0.12460710936892319,9.8217803476809,0.007379521027975574,18.00828459385015,1.781578448611713,-1.0449971432619911,-29.641419346505486,-5.566210398422612,-12.533436795675257,-1.1807624905786436,-11.517341065767004,-2.4697667384708817
100,1.6666666666666667,53.62546381207742,-10.76677180031142,-3.6382162193375454,51.50099938860406,-2.751350702442042,-4.833135102332426,86.60443696706794,1.3857045864579618,0.00010789020776848377,85.78576697287667,0.13655669643581642,6.157070831837784e-05,18.47300192777597,3.120271274739939,-10.660661827686411,23.38045199664733,1.182461882481156,-15.710205744774488,7.0442226152771,-14.323269530411842,13.699443496406651,3.469608643028293,-9.182218055802048,12.084278514268963,16.104789602097583,-0.000613362048385472,100.86455313081979,21.23044970709471,-0.002370547756686787,96.19175129062504,-7.645109012136695,0.327000547258032,0.00016215695970766593,0.17044449893946273,7.246023666927185,0.002707156237790842,18.477130400417384,1.9682398375221322,-0.8793196794885152,-29.55075853737042,-5.866376103132221,-12.364726927021376,-1.1804153418494818,-12.013595800901257,-2.4579665644384874
101,1.6833333333333333,53.2170001309799,-10.559756948551422,-3.802438245138678,51.23941527442388,-2.9431838033740156,-4.7277841452873615,86.62217277850552,1.3556681822203895,-6.380622231286655e-05,85.8834065744731,0.1834441243271128,-2.2967290070709347e-05,18.2056432337615,2.984266057105387,-10.80857618384449,23.00151701081993,0.5411976190670865,-15.54274716585926,6.704958064121765,-14.108919903408506,12.287059034788758,3.482217420189835,-9.284523561819341,11.912968890657206,16.050120220709584,8.967027291358835e-05,100.09237663496735,21.00079240561318,0.0002044597664738177,97.18905066220682,-8.343245456899458,0.2954259185439458,-0.0008067286889030693,1.0558834910510049,6.356008149658701,0.009431503228273219,18.78960594164539,2.201887383593758,-0.8220379552311072,-29.22610444446221,-5.922774101487049,-12.45237465732878,-1.125513768387077,-12.407943879275766,-2.2357866246129476
102,1.7,53.75372939804485,-10.472824494388151,-4.063434594373674,51.879875362330154,-3.0505302452868426,-4.557741870905941,86.69103857994469,1.1973789937380799,5.061004095421313e-05,86.06310202429498,0.1773924213994957,6.88341872642567e-05,17.865953188776746,3.2778156351183854,-11.088755705156576,23.300272113254724,0.8299588624920795,-15.604252208976936,6.450619465139272,-13.98076082348979,12.057205747418408,3.3183230797104764,-9.619199565743264,12.529084502523324,16.19402883044046,-0.00017182880727346992,101.03817593196283,21.330577875724117,-0.0013877687126128881,96.90893354854794,-7.78682235807868,0.9523173092656805,0.0019319869097340848,0.5841322256487415,7.036813283488768,0.0004134974027593218,18.20293740715731,2.2622953286530283,-0.9779025745186016,-28.938088099711823,-5.851524798305308,-12.552284557609397,-0.9533923040826247,-11.90466342762844,-2.0821610146520078
103,1.7166666666666666,54.21741439204679,-10.77693071425209,-3.9707037159362253,52.46721639293271,-2.8352008520942538,-4.585160706580541,86.76440878009504,1.2869030827118022,0.0004222053835953678,86.02865449486292,0.14042940705581847,-3.605471285819666e-05,17.782174091117568,3.6549563320931955,-10.868097728383848,22.8947726509992,0.5089430331728291,-15.500364920382987,6.60851712890944,-14.321628447504667,13.38412468122778,3.45892303390015,-9.456987195915659,12.912553589337277,15.83283547125875,0.004796742804800432,102.26272984614471,20.88183906902818,0.006016078858516842,96.60953113135248,-7.533813017474157,1.2742858358770663,-0.009842066960336604,-0.23082678662691025,5.448370661537572,-0.004560354015498438,17.81121433035039,2.317075532185416,-1.1010205763566088,-28.734142367551314,-6.042154741739575,-12.761362173912609,-0.7401110922434483,-11.440840971871486,-2.178237211598291
104,1.7333333333333334,53.9650258569986,-10.85506965268008,-3.53366730747546,52.24917109385791,-2.644252704388929,-4.693676829736019,86.6210359157107,1.7356679434366609,0.0004184314158364605,85.86919041793247,-0.1197326624358673,-8.956114693110654e-05,18.154103555084347,3.79364388369611,-10.917888779103771,22.84052163965314,0.47356590246078456,-15.534651246128997,6.894941850082091,-14.405334550091517,14.283126899120608,3.67756647124709,-9.106605860050616,12.277272053124458,15.331104089983784,-0.0014094595019980768,99.56939341887026,20.43361242690187,0.003135562480221943,98.3367201546522,-9.06365810907092,0.9993348015912922,-0.007057875207229715,-0.2138316322273959,4.530345398431241,0.0024620231931296137,18.135297915299336,2.4100707854422656,-1.017839675929016,-28.82249634289171,-6.187625982410552,-13.394332041717686,-0.6974399495486046,-11.615481428517782,-2.1767353745253413
105,1.75,53.774027989287376,-10.753549422179798,-3.594226959420978,51.88338390683889,-2.591243430786955,-4.997260475186338,86.496446272998,1.6489370462356032,-0.0002476497410541026,85.85635061657864,-0.5535178018151302,0.00015017528433934507,18.25854233517903,3.95878174679243,-11.307861580004099,23.61304365552999,1.3169772964689037,-15.749738031526862,6.6972292754230605,-14.11129597215905,13.63075951618369,3.56111180464661,-9.187794655504259,11.827191675628178,15.323798042100417,-0.006642686624509574,96.15887410734013,21.004891614930497,0.0030549383909062484,99.19580861457034,-8.660936052001157,0.8464399781899115,0.01128458356648821,0.1361640800494723,6.92823247887974,0.0077376726338641896,18.301453691316606,2.2953389560592266,-0.9321549777625424,-29.156829040710285,-5.977986464214639,-13.735349587115223,-0.7747694140657815,-11.811334852260655,-2.1440790192073442
106,1.7666666666666666,53.70091482995963,-10.869645013945034,-4.065401264571152,51.75155003046288,-2.609016134074125,-5.2372107038792315,86.46937400898378,1.2524303351099346,1.5849392008043617e-05,85.91808570852294,-0.680880871654358,-0.00015358488828827704,18.173463881470603,3.4166461677047053,-10.954452309625417,23.827152132994943,1.8677673634614085,-15.655209033437018,6.486997157617722,-13.961064118353114,13.32438725715671,3.5127431458110747,-9.375981276955361,12.255981963322686,15.092087567467223,0.00945291222111744,99.81968861490766,21.21332601593804,-0.00483852432962482,97.01416706470911,-8.501889673168275,2.014802517905311,-0.009697460834275914,1.0924978143940605,6.94199903352828,-0.017653616040198012,18.268205433312087,2.2598567377835903,-0.9105032459862651,-29.167730999817064,-6.04591593780484,-13.317202471133566,-0.7895382360817027,-11.864817942065057,-2.1937165436918487
107,1.7833333333333334,53.726075396594844,-10.889902417568985,-4.0761472501684946,51.85112194283928,-2.8315498918133675,-5.012970283828041,86.38318678233831,1.354021237011145,0.00012802626028511784,85.87263921224383,-0.2453575838810601,0.0001295277612456919,18.26260685702591,2.7980886502929923,-10.337043582921888,23.499442477138917,1.6529985677995769,-15.380279131674623,6.762242231135427,-14.013227616660119,13.68411931978245,3.7214299752672004,-9.39817813767485,12.921574609095371,14.53332103240701,0.000803352695799692,104.8911831081179,20.684689844714512,-0.0014499889907345542,94.03766790986491,-9.576624720407656,3.2023207277844894,-0.01453106724593379,1.4658014936568076,4.585009963202989,-0.00035545984121477023,18.21281000956502,2.40566043862282,-0.88307745537911,-29.04148283805707,-6.240874185044749,-12.91722049568487,-0.8447448211017482,-11.73854639235504,-2.2058392987604223
108,1.8,54.038579323604225,-10.842735444381464,-3.6054735193117335,52.19793618791516,-2.9436607931500496,-4.689123915764816,86.418038977439,1.7861855506790691,-0.0001868727975146071,85.83478192690592,0.16738669205814946,8.868808960090457e-05,18.16817737088147,3.4357951802437294,-10.35575867575417,23.066936077777353,0.9896437627408433,-15.314909363222307,6.902278329846314,-14.189339126137302,13.559759335424676,3.717887018555292,-9.364150377810763,12.692802875453626,14.64233802256891,0.000237625367349011,104.22170460234221,20.880375916238346,0.004763961445794862,93.14448157680279,-7.434466703581995,3.168624973324588,-0.00708218950312427,2.083209307446474,3.8425051875957914,-0.00787644185893654,18.04951992100601,2.405985998706656,-0.8712898906604599,-29.173056714432697,-5.93516001836756,-13.031790982526068,-0.9073979386532468,-11.473952414006545,-2.161833275140045
109,1.8166666666666667,54.102564135762265,-10.861467214468552,-3.2554407744463103,52.41377368793809,-2.9079201622474007,-4.501974231759517,86.49394181280334,2.2332886555523057,0.00013951304739680343,85.96308156141306,0.2336278807911241,2.4354013642049188e-05,17.7959532697503,3.799402539580613,-10.533637278199834,22.53676812991055,0.4002881030923692,-15.366663227564784,6.7107636450632215,-14.353425569963482,14.762657110630622,3.4415954570031118,-9.24232660169185,11.502349958560199,15.006715340411857,-0.0010274833902318044,101.49793015352805,21.633811079760253,0.0016092973270562807,94.13044943513877,-6.950221871801661,2.9747707763605606,0.005523716594225934,4.3709853077200576,3.3112698922461217,-0.0006901176919025852,18.101002837539568,2.476986337069373,-0.8368508117260234,-29.010155194008192,-5.827909493126678,-13.115308984391564,-0.8709788053907688,-11.494479810651022,-1.9990478232165527
110,1.8333333333333333,53.86859420874421,-10.833053931610266,-3.3215571358931895,52.32717768734303,-2.9455747060158006,-4.510582925537727,86.40891635907825,2.251370912956616,-0.00016192931731005735,86.06691161980008,0.16151955232630077,-7.482275745584414e-05,17.695904131234673,3.442656303421439,-10.443181465642084,22.506109934146465,0.4285408630312376,-15.355510237636073,6.59693464613458,-14.373649536632815,16.854021901049077,3.460716350574099,-9.14481115959337,11.245469665820497,14.92009177346895,-0.001167836574144135,99.80244960451952,21.641631002763738,0.0005236781324952996,95.37245887428666,-10.354351253859374,2.5508477312244544,0.0060380230820043625,3.5822609155320104,3.9510947176069213,-0.02332680067662332,18.378545490704035,2.5804550234240327,-0.8172925386476468,-28.814093283411623,-6.099084743747286,-12.889636382438034,-0.8268063571648113,-11.656535137082074,-1.9298060041258123
111,1.85,54.05056084136797,-10.966302279642829,-3.6703935359199584,52.39072993944762,-2.799992145620307,-5.015679930465655,86.4882455503476,1.717470303564063,0.00043326835619797216,86.03081339051501,-0.279699016293283,-7.567465431402818e-05,18.06925179698378,3.2553092488813316,-10.30182786235573,22.739471047401956,1.0031568127171124,-15.392743735367038,6.474407300000521,-14.332711457786033,15.898787913807007,3.6998492253230735,-9.245403939828542,12.233601864847627,14.994239188911891,-0.0004847382364151866,99.44465211858471,21.358188863774586,-0.0034213418508418116,96.57067006119092,-9.859069801932739,2.3198151614649825,-0.0012960946432548969,0.20021529304648086,6.79419340079172,-0.015851417260074937,18.454450706573752,2.4352773842547215,-0.8449499917829664,-29.17408472139081,-6.100337806707595,-12.66391065005902,-0.7827803391883815,-11.520932991798464,-2.126166122714005
112,1.8666666666666667,54.406152871842146,-11.137770858335255,-3.906832310133286,52.64473336450637,-2.6392413413203375,-5.474948769911311,86.72312506181022,1.442349798302432,3.800101547872309e-05,86.02359640908199,-0.7568098524854648,-7.653838439409906e-05,18.16352333013656,3.1956950489707125,-10.388797578541077,22.45523378659289,1.3738886643809107,-15.605415963359555,6.552804533418216,-14.338249962397382,13.68151793077248,3.8502777186066894,-9.334359394864924,12.391393281556812,14.943719666723187,0.002433684331200689,100.21466969926729,21.361052000530854,0.005612838560114085,98.31143830833625,-6.931954932938597,2.1371280362589458,0.0032728205630573985,0.05987699567154404,8.321503904050843,0.022189613293013576,18.465173055163298,2.3803589777464595,-0.8671394074552585,-29.38381913978949,-6.178548449466274,-12.658696495219216,-0.7472718354411522,-11.334503482150032,-2.209809658522301
113,1.8833333333333333,54.29179466831408,-11.081421330773061,-4.068318842117662,52.579721045045396,-2.660198887562441,-5.085031356478271,86.70969672301116,1.3843287895020835,-6.919382709178024e-05,85.98951435515865,-0.4422114987194855,0.0002310416017289419,17.586348079167557,3.92587131148768,-10.653279112524704,22.174383977529324,0.9876624947508085,-15.721667075520601,6.913783716251718,-14.400721432649844,13.880257667827845,4.202900600845637,-9.294921274178826,12.461634730634122,14.45152435608592,0.0040684397835946936,100.75850425545165,20.866891535962925,-0.011878675727615293,96.78514058264032,-7.238647138441048,1.319947691136518,0.005945253003634796,1.1000927367171784,5.086757811034348,0.006963915308065331,18.769895074532023,2.4905542962523715,-0.9038002730411747,-29.252096116126772,-6.605981493094822,-12.754934091711675,-0.7111982921580319,-11.434868094619633,-2.0910245636578066
114,1.9,54.22211473843403,-11.072419123370798,-4.1150358827077165,52.33415178642635,-2.50595900706317,-4.513314220353499,86.6477871933658,1.2035954459399543,1.8882350683181136e-05,85.82546631196826,0.015919525660864055,0.0001353254413326016,17.048940795572854,4.615233030290392,-10.559258055174203,22.60280742051316,0.9467091826665773,-15.624204655371942,6.903922742846607,-14.297902229068853,14.376976599753737,4.645938527899745,-9.347423273133522,13.469396668297424,14.820467684546989,-0.0036531245651434115,101.77380168612581,20.296242675480997,0.00275195476483213,91.14758125635319,-8.265115661554427,2.558828512762541,-0.0006521481089099008,1.8323723039183544,-0.03211695456506148,0.0048998065740888394,18.998134149993536,2.435753549275421,-1.0094733935853901,-29.261481797839778,-6.644401065245865,-12.530392624230133,-0.62008342594842,-11.468071027579446,-2.118972084733275
115,1.9166666666666667,54.62846295474616,-11.288823441852275,-3.702707315249236,52.59580607275636,-2.1408994518436555,-4.5623971230272415,86.75360926588618,1.4829058947122273,4.049283400149546e-05,85.67471184542121,-0.23702531005799152,-0.00020321996603065546,17.316504950027216,4.379346680839882,-10.288982049174884,22.81971369684428,1.6328270162304042,-15.615116920629774,6.804404505047004,-14.171071420350637,13.008254077873403,4.768436315635433,-9.44078596498095,13.553715982689912,15.536780348833934,0.0025520735507741843,102.37437913516268,20.65735006741096,0.0006039994445443714,90.09489154790053,-7.930419872877689,4.00314399284853,-0.003376131596229904,2.744316257778933,1.2573934664435928,0.007971799550708042,18.882745897632677,2.3606086324780104,-1.160351359995414,-29.569504662955115,-6.238620890010031,-12.312897638765623,-0.4225493002056938,-11.106744217757232,-2.228924637423032
116,1.9333333333333333,54.93650253318805,-11.401796443697485,-3.6369145942200647,53.12974145224018,-1.9533376185859856,-4.557843148911704,86.70486698560006,1.6110458460288164,-0.0003420418893592018,85.6322140839663,-0.38325243684258076,6.244288235129481e-05,17.83932243789388,4.2940248913707,-10.301262556531045,22.42529531315853,1.4393813735003933,-15.527725641036293,7.166054096318141,-14.342287531234865,11.66679859915559,4.677792806541021,-9.38695792291788,13.373194245141848,15.033334400525058,-0.012926832801454643,98.49397153123981,21.548936804532907,0.0026970295282087793,93.02362627870168,-7.499588262501655,1.3826060944223377,-0.006003938170727227,1.46435243217131,7.002846419734663,-0.01747927171047178,18.934646481243018,2.480926663620593,-1.1037498878123533,-30.183251186763265,-6.160335421736653,-12.419086091493027,-0.24292634044946573,-10.735975958411446,-2.1690080099239637
117,1.95,55.068308233718184,-11.123959628476207,-3.8957367944587147,53.31621682576346,-2.115463782599404,-4.403979359517877,86.46056453588095,1.2087629339398747,-0.00039903890296740077,85.64891559371296,-0.16020777858083693,0.0001365871191511681,17.788889755017575,4.209201308881312,-10.294199223004942,22.272651968514865,1.0741172369381093,-15.460533470284835,7.435255313604911,-14.528768248826218,12.367074393656592,4.788313830189671,-9.197245657785535,13.607567463321763,14.51067308710301,0.0024644552289468926,94.4509016513632,21.989953817468937,0.009507391265663192,92.726350025949,-7.8279913834008905,-0.7289399121933835,-0.002995282978993019,0.871062528006338,6.693142491087653,-0.022259999741339978,19.20726642827596,2.5631642296914765,-0.8201526814218401,-30.56067907885035,-6.3513510693145,-12.41637633475235,-0.4602867065753824,-10.544514537424016,-2.136429984613622
118,1.9666666666666666,55.55264682208069,-10.82343537147223,-3.4780610040187847,53.571756948805906,-2.223825910917577,-4.891404264308575,86.31789532527559,1.298129724221908,0.00026394006244766276,85.59463182727151,-0.5641814211245829,-0.0002844236801785554,17.681923819890493,4.060662975328605,-10.244038820261963,22.236288817745866,1.9053871987824154,-15.75807440241287,7.366482483863767,-14.70434889085995,13.712447465541848,5.039605761857752,-9.145628068390977,13.340253165422839,15.13666745109851,-0.004505719294338167,95.12770665605802,21.89199781548793,-0.0034982155849574152,93.3086646107366,-8.162429426426778,0.5898634797505876,-0.00012043780243648146,2.7106449911576243,2.7880947927676174,-0.027719164879591605,19.157988629190296,2.53264815199037,-0.6951484022883015,-30.668683861378646,-6.344951682091729,-12.476394863580405,-0.8085508406983354,-10.089551180299107,-2.2573367398169997
119,1.9833333333333334,56.0103715293938,-10.815276215799578,-3.130586279317191,53.915791554303546,-2.0875762915591247,-5.246081131237177,86.34118459483113,1.558150024771806,5.26060730038783e-05,85.49785401595175,-1.0150672028660044,-0.00012462324831565198,17.597438822994427,4.347678823844284,-10.141964014797066,22.41957766616266,2.402531236697056,-15.756990727643972,7.33923482739556,-14.950125670890527,14.254189149833564,5.17978540664482,-9.543002538172706,14.311195671610788,15.825461314040984,0.0055814997245092965,95.53233024610961,22.024198940236147,-0.005116188220137515,95.43056885636351,-7.454561616945598,1.01887815573407,0.0003667949383813088,2.518175835483653,3.9092596747931934,-0.009012497119609096,19.117048489643068,2.513620593438564,-0.7308615642789568,-30.98035616844086,-6.317023812991529,-12.610415153310868,-0.7861165148458931,-9.601692145148455,-2.2804147275646076
120,2.0,56.03900607508106,-10.798022177357073,-3.090848795876867,53.92541683190823,-2.0738695779276544,-4.919951597229784,86.4051028708162,1.5701265328910656,7.03023809345955e-05,85.53597245011514,-0.7326523988810679,-0.00012040670722520772,17.008281496996133,4.535995652715176,-9.797939154286704,22.856726865996627,1.8512504827942755,-15.356717096500816,7.435506916352733,-14.95479413814042,14.532358771327807,5.464780034142423,-9.873855071494134,16.259806600435468,15.979875716460736,-0.0037720303997457057,95.09421583562434,22.2222414610497,-0.00013842670500849508,93.84006415929176,-7.104049770837708,-0.06584768672507393,0.003931423902365359,0.34621940737361234,6.131441764190408,0.01863119788172879,19.51285442988937,2.4823704978676875,-0.7106212315011782,-31.104308874572673,-6.44446474600714,-12.453331212156407,-0.7122718848461933,-9.537336353382047,-2.210095936019237
121,2.0166666666666666,56.31951044977809,-10.759615575888173,-2.988118227349925,54.3075100809433,-2.033694509383785,-5.020837081608706,86.37079238876024,1.6407023555421492,-0.00020441287817056484,85.64303041889332,-0.8765903058684719,0.00015381248961458788,16.97058746404317,4.2099308523221515,-9.611873958601338,22.706056867596956,1.4154262494858199,-15.46861439374706,7.5168575305381635,-14.852709069484247,13.9550328109623,5.794184027005449,-9.734167915702399,16.438572902653988,16.326602078445017,0.003433409552914098,95.07293683552683,22.138166412889657,0.0022325474180608946,91.89461712650225,-7.9621089648651795,-0.015703157090132727,-0.003224366691077539,0.2873885742733453,4.5846191986191664,-0.006384011445612195,19.677794256854646,2.545547727979764,-0.7828336897826588,-31.089690305375488,-6.443652025056785,-12.259303845206098,-0.7126076524633516,-9.232916118413007,-2.154166353162241
122,2.033333333333333,56.84272607530069,-10.857740751876683,-3.420876957210027,55.05569871668527,-1.76911811871385,-5.36830322978148,86.32600816155889,1.3588314941704909,-0.0001579527801125432,85.68964484851418,-1.3789138859720604,-0.00020300236744704006,17.93389531276638,3.721011535987673,-9.672914979784236,22.308405914974575,1.193384851968973,-15.898354091197415,7.625244311420943,-14.759358936952063,12.602532772797247,6.2955221411259235,-9.644595103061944,16.150282354683338,16.92073249082798,0.0058784252847631484,94.5139281802998,21.907520604657364,-0.0032140584408589428,90.97294575456294,-9.15896472172788,0.6093807860264235,0.0002863916610972075,1.475180968288071,3.1875429007702913,-0.00603206256887423,19.712656854434375,2.6895940556331515,-0.8996919554193784,-31.613060508192792,-6.193388321545501,-12.164169487038494,-0.6311793002715068,-8.608041536308223,-2.0719677280476962
123,2.05,57.00963573017473,-10.895306397534169,-3.8256226198953027,55.184306437101355,-1.6426569741207777,-4.994819595974437,86.40010020707199,0.9420342204008948,6.075392399509959e-05,85.65608066031298,-0.9999356177425321,0.0001478254558980782,18.02264912563784,3.8755085105738316,-9.58662185973293,22.419654070356188,0.9086225737168536,-15.99198203466197,7.874487399178787,-14.758392556059734,12.549426894279586,7.340335841992149,-9.576818912389617,17.71973713491322,17.140348024417015,-0.004703086783135056,95.03529405530611,21.31556974801492,-0.001296234224059075,89.21634937768543,-9.875018505793195,0.4921345651751123,0.0020625931988374688,-0.14043650027153357,3.6971918634973258,-0.0016374748044460615,20.326906451732647,2.6279865217539555,-0.7112768800843059,-32.35855196011728,-5.9599014900650955,-12.274204083062804,-0.7324528031882692,-8.423834132040135,-2.0973986862477045
124,2.066666666666667,57.34249795734873,-10.860848749673512,-3.5173616356214215,55.23265177626154,-1.60175931774409,-4.507810608145582,86.46174637255699,0.9932961492233631,-1.5200035619974411e-05,85.5617754174682,-0.43528156090234704,0.0001616767361299171,16.977507450232828,4.39014792906351,-9.355915036508934,22.80833236969106,1.0511307889677208,-16.043440757491812,8.016463478560393,-14.98365277489445,13.959341189746521,7.957536507657105,-9.411103786122952,18.83096754647826,17.217668442878963,0.004101699396564662,93.12021808374291,21.01573903076677,0.001973259270194497,89.692201375994,-9.596692788278382,0.27871994392268384,-0.0005118206858540946,-2.120435817938775,4.194463591032293,0.010963043041519332,20.661448737176517,2.345797413553941,-0.5077617810734848,-32.54243119952005,-5.988368721311743,-12.4858861790536,-0.902835752133929,-8.195718294501605,-2.2580877543003064
125,2.0833333333333335,58.007200301287035,-10.827061551106333,-3.115978287082514,55.84108471711653,-1.5135665350409224,-4.316628319799759,86.46313357886866,1.274524941621595,3.247218013476182e-05,85.52898422766849,-0.2766623835114259,-0.00015243045533220933,16.54018026309465,4.41285666613802,-9.30324134393369,22.819732823422086,1.5549749049333939,-16.238025295792653,7.993087145917486,-14.932492622077522,14.639331915260339,7.7916099010634845,-9.622488406453492,18.491897231560515,17.435894793358287,0.0034762068275566117,89.48905963388546,21.665739143894218,0.0007840945147962424,90.54374589802904,-9.415180771989808,0.12864668217517117,0.0009237409473808676,-1.2315297761409822,4.690747647682751,0.009450245323719578,20.40112838945408,2.1505286443080345,-0.5966970792869378,-32.49997770009553,-6.138384621083245,-12.120208857525018,-0.8699449324462807,-7.533375562464927,-2.3187367788831907
126,2.1,58.40988315552231,-10.87726303245746,-2.9791233754873847,56.35116419542103,-1.4194737131956645,-4.003031995328857,86.4571587667511,1.550716316388615,-0.00017132114565876518,85.58117178755955,-0.09436479671221633,-0.0002982500600195431,16.768630118639813,4.23482158149764,-9.328945688039086,22.71241713651215,1.7977064429070893,-16.35212485395982,8.236117250551066,-14.712791944854636,14.26722516159423,7.982615124398931,-9.766000284137386,19.333338664224037,17.492647992820515,-0.0011529603493650308,90.82922272521265,22.294945490235506,0.0016839978452426357,88.42579902254614,-9.918009655619288,-0.0556538289425429,0.0008768610814072463,-1.8626812077517862,5.403226634334917,-0.01337249765110051,20.628684562253248,2.251124140422651,-0.6805123640588558,-33.28599363034432,-6.292107350701015,-11.545138155595248,-0.7548148978831815,-7.009483407935947,-2.220399865659586
127,2.1166666666666667,58.822218148906366,-11.14630636235709,-3.1723585108869816,56.725346687718925,-1.048944574139427,-3.9065144208869924,86.56754901476843,1.543491752013777,0.0003407544277825268,85.70725447122142,-0.3418644151496942,0.0003279118834187967,17.00395849252242,4.250003757263851,-9.108176983428379,23.263918670277207,1.6985189290678853,-16.591715334279808,8.5392476076283,-15.055393011135918,15.161580323767406,8.330799023493356,-9.367405641599769,19.786805405314876,17.71266688653286,-0.00024877317180149603,93.95580462944055,22.29651858988851,-0.0031443748555202043,87.4927591754902,-10.341527685637802,0.1993036688927149,0.002103766203503093,-4.055933311024538,5.132900276914576,-0.015784147570633004,21.089267365541165,2.5461769088418595,-0.876670566828128,-34.4397369297799,-6.455878697395229,-11.372670742011184,-0.5214121794278758,-6.527697719686375,-2.107855822935247
128,2.1333333333333333,59.14401983289867,-11.305594026296792,-3.708077231790043,57.040476672164786,-0.8103664805951935,-4.182915732470109,86.7621704177117,1.078837437724134,0.0004126273575669704,85.86689855978715,-0.8874776054297984,0.0001786970580459391,17.27855912379247,4.245609234196385,-8.93372745458516,23.706503647518307,1.5943009456811,-16.929140342934055,8.633428160626526,-15.452498383919233,16.7284871156976,7.983140901027828,-9.259952321207752,18.80086865496549,18.23325855519082,0.0026024003880532835,94.29127575127087,22.64247099717389,0.006256314062502273,87.98787861742825,-10.924799171325585,1.046555215645299,-0.001871774765524751,-4.507562609060468,4.103996814577112,-0.014090731975060226,21.42377112595973,2.734832104369271,-1.11047683209361,-34.857758685273865,-6.42324992421056,-11.507391541261319,-0.2900776322286671,-6.169030342208478,-2.029159259432436
129,2.15,59.0803833882947,-11.268641389892885,-3.975630189644321,57.033633002591266,-1.0095547331724126,-4.370102820786045,86.7518156668786,0.8589131433303095,-0.00012531338585218023,85.82345162401135,-0.9982547332895463,-0.00020913596949449152,17.36633201234412,4.093247885548356,-9.056235476576774,23.60545949059568,1.981101178407,-16.956056912845796,9.004508771196008,-15.096761355224137,15.836237868909246,7.731160894924098,-9.785352086547379,19.54807444397598,18.193006024647076,-0.003810508535060277,93.50076344669212,23.726387620414492,0.012971353883110359,86.22559080331686,-11.365524666471265,1.3505529247159942,-0.004888373910559459,-5.198838735751548,4.144114928029527,-0.007516632637435411,22.08006453118583,2.607335897377575,-0.9729684452933491,-35.314671799689464,-6.509020591696394,-12.096630539323623,-0.29011042070250453,-6.093002172590207,-2.038928383024002
130,2.1666666666666665,59.761471038273584,-11.455914649141326,-3.5933485943860823,57.57201348564941,-0.9249123615963092,-4.472127585538555,86.7585545705341,1.179310950493739,0.00013458622400795052,85.67218626448575,-0.8638615558907288,-2.6512599961207237e-05,17.153069602362784,4.047599101965046,-9.134966758811357,23.776099746710553,2.239120683515686,-16.95549650277758,9.386695174301094,-14.566742180027768,13.584555947198188,8.281994830764795,-10.021460375398908,20.55281979030545,17.909478397635056,-0.003862334001093685,93.04821825825672,24.58028741451491,-0.00856186214640196,85.43104451448998,-10.951466939234239,-0.159940213404985,-0.005174839435929867,-4.982090616283073,5.234879897288708,0.003929884870098199,22.27702617407122,2.266096031867422,-0.9286587080730692,-36.36622488179461,-6.917147141011107,-12.123012491520221,-0.3356180168554775,-5.353515367951772,-2.2449810365813794
131,2.183333333333333,60.86267546917265,-11.675443616505953,-3.4970526559610855,58.567514435899916,-0.6214904986861537,-4.794691963730613,86.8636684266375,1.1356980329296742,-7.491332412570426e-05,85.64738978541759,-0.8741648117867482,0.00035298105302497063,17.2488316734566,3.937646890174193,-9.143032521667664,23.801152747569137,1.1436440523621838,-17.12750846488487,9.306576782814556,-14.547511788753036,12.674192242067273,8.785346844211434,-9.619227898796378,19.043633336510997,18.154745808949244,-0.001694911809475441,93.36668509908523,24.78337537233357,0.0005471367335215962,87.60682528516618,-9.94881265360281,-1.4621781736752286,0.006226449907601708,-2.5265682940913265,6.067034933855237,0.0030013787725131605,21.9136934416288,2.0862479162307763,-1.255337811800198,-36.95394462966842,-7.071893487914248,-10.979300079204327,-0.3392651135346489,-4.242654661782709,-2.4512557005391304
132,2.2,60.94450461204434,-11.67251930801504,-4.086490204903592,58.75191213041372,-0.5773450241914898,-5.227261796602119,86.6405113599611,0.6574011891015709,-0.0006975728236119878,85.52375969710721,-1.3249047507104903,-0.0006613990141204106,17.934161762950886,3.500998233192761,-9.238235874504653,23.769837495404182,0.6206224873688143,-17.23846018450246,9.406909677118206,-14.696985466220056,12.743996980606346,8.83256016952756,-9.239927221279155,17.471456993646747,18.5353962148763,-0.0009194697331136363,94.01297554372452,25.027164083769076,0.0004363607136337577,89.14878210005119,-9.225516849811791,-0.7581289049565758,0.0021382032895835186,-1.9790590377280945,6.514676134801785,0.0038651585412384725,22.160856019740994,2.252280336579179,-1.6324250441957453,-37.13089380777227,-6.733887655152486,-10.355189711990128,-0.30758591929114715,-3.8097321897837624,-2.4288662110043897
133,2.216666666666667,60.94173740716822,-11.606373525351504,-4.037985186049434,58.74344616072845,-0.5302922764409782,-5.102413778960471,86.34243037089209,0.7822066430368841,0.0002492655272003517,85.268471701996,-1.6076440715949334,-9.571205062988643e-05,18.317161353969876,3.760788052018169,-9.321307597985646,24.431768243646886,1.7607222239264153,-17.42509310181468,9.782761367262541,-14.732093692867686,13.287688164895295,8.960754266483134,-9.238596502232223,18.120515086395876,19.052456698348085,0.0011623592537163773,93.81007371458496,25.66567237019913,-0.0009258797319657385,88.67368014875139,-9.872198975065242,-0.052832400242526854,0.0024978380478706225,-4.5844898297633705,7.173567239966865,-0.0016265607013183586,22.657473346239843,2.423816680413597,-1.8536621722273392,-37.96561471726737,-6.135094947246602,-10.368472083449909,-0.23960239567367517,-3.3597081880986757,-2.3429946844614338
134,2.2333333333333334,61.40046309663723,-11.50971548099638,-3.544989929267397,59.14087821353281,-0.45383312465320336,-4.6272742141889704,86.28453098571292,0.9287555092423696,-0.00025017950737272375,85.07153712837065,-1.071147125972385,0.00037647628338633945,18.403202585357377,5.110874153848947,-9.50360855369858,24.638883482889526,1.6924145352367057,-17.46946584628108,9.946068872651004,-14.899717133645574,13.92950380598447,9.314242908011186,-9.30857057394659,19.377032548729375,19.288207820983782,-0.0015281662677056912,92.72064162627518,25.84093480120701,0.006071505273537677,88.31512380903834,-9.656678515508009,-0.7992580621263659,-0.007825944217919262,-6.399964539558784,7.0568081067747,-0.00977653735239666,22.834311334066925,2.2431394989120315,-1.7979093962163728,-39.28838327363694,-6.177505127339097,-10.073852413838091,-0.30146386328611735,-2.631244290717962,-2.4751754009228457
135,2.25,61.60079935009318,-11.491087502265264,-3.9580521433093145,59.27446985199499,-0.4082339274455572,-4.70571862089809,86.1572519427226,0.22572676533483155,-0.0004580090016929324,84.75495823096072,-0.7719817650992973,-0.0004993832039539569,18.968263661801924,5.507023272095726,-9.631624006800335,24.46352999161441,0.6958871471581365,-17.259198465501775,10.145490149896702,-15.034737613584795,14.21087886475503,9.459914681715059,-9.471376029357975,19.207572205002243,18.513082623652448,4.937796381381722e-05,92.25939782597348,25.668858777565006,-0.0076626591783074795,90.1014775761642,-6.300053398378604,-1.4500294817296608,-0.001780502121692711,-4.500025241632436,6.591876166690909,0.005772062311202561,22.81556522921174,1.8978991649923267,-1.9061829185436552,-40.11701512544785,-6.820931138621219,-10.068695639177909,-0.3805681914851292,-2.0739698084512437,-2.734781741999922
136,2.2666666666666666,61.939085482262556,-11.652046376322287,-4.426224063881139,59.433694418068185,-0.19663159777662612,-5.188456809513954,85.79338200314012,-0.11238550749997521,-8.154911563080878e-05,84.29029474244983,-1.279770809994892,-5.0901801466419306e-05,19.50231096993261,4.378913472084461,-9.364322797962306,25.24002043188255,0.7506240261395447,-17.157171357112155,10.555012546473339,-15.023973536392205,15.681456735827016,9.087130705001368,-9.878180162548457,18.128510957174136,17.48163775647393,0.0019935062734223615,93.12137846689949,26.52807203684338,-0.0019214404887201413,91.84816204589383,-4.536643328716958,-1.3720123763275,0.005212367554923165,-2.30162388546838,8.445075537596537,0.00411429773842558,22.249280883300674,1.726320773884904,-2.497886187336005,-40.225600314643785,-6.744266590903193,-10.08838496603325,-0.31061321148123516,-1.2269979882372526,-2.814824206616665
137,2.283333333333333,62.38787950004813,-11.963293308765232,-3.987649313970514,59.888774478208894,0.19349914629218937,-5.596113401672556,85.3427092413762,0.5688204418930678,0.0007029096289913624,83.88190406018876,-1.8731076854282291,0.00013602035384223423,19.772990087235236,3.7572872396165193,-9.14514235348954,25.92568160327468,1.1563532848099807,-17.230271613824012,10.677815467160368,-14.984109949478556,16.938754594251748,8.82778895671294,-9.707876750508598,17.016878039875483,16.93254490978418,-0.0014424450826004663,94.33131653579885,27.20824416716346,0.013466274875458414,90.88490083364123,-6.627252856410781,-2.3236657909937426,0.004770194668442928,-3.5008483556420713,9.462428500690976,0.011855363399442431,21.580081254838326,1.798723277478668,-2.961905026169502,-40.503008325906514,-6.684295036892452,-9.905420557925419,-0.09202744677753753,-0.17026346074301232,-2.805484810857101
138,2.3,62.70605519495443,-12.119729904367613,-3.7323923964874783,60.461735025784165,0.5460574364917148,-5.516379163624483,84.87537056929091,0.9889371888719192,0.0003610946794030977,83.44177857761726,-2.0424910392589886,-0.0002739412985716131,19.95526294401259,4.400425346879112,-9.486019181553706,25.559033772503653,1.839321314130549,-17.622624683301755,10.432791977253666,-14.765821078987447,15.118457351032879,9.683674253784003,-8.879050678736174,16.31184711105069,16.815179216208914,-0.0005918258420745779,94.39118923393877,25.16803145460055,-0.016528602641410053,88.86695611007822,-6.894412480280067,-3.02795148963734,0.008917709555249259,-4.267166504726606,5.8149302880055975,-0.013656578368626405,21.062111146176257,2.041913739241116,-2.8421875604749363,-40.9622512871149,-7.271317439820431,-10.552676943546063,0.15573005378919166,0.899950068599171,-2.789205027220933
139,2.316666666666667,63.09382269498071,-11.824446281624912,-4.188399883160717,60.866920072674986,0.6379033394903092,-5.071185520494027,84.3102721421896,0.4385326366600731,-0.0025855043154791426,82.79564201928166,-1.7614966837134756,0.0003626306327935367,19.938370777409897,5.37061865422675,-9.959382897078564,25.28111204737588,2.1248996516325676,-17.920106964686106,10.242882623468741,-14.718566679691067,14.839529830065782,10.815913680340257,-8.557574071924925,16.51864819999174,17.1436662978405,0.0024010571960194015,93.28847670137023,22.311177742200407,0.009712135088938666,88.66523195798499,-5.744518482617557,-1.0973382742744113,0.0024603164188770755,-2.8484133540469623,1.724866050157041,-0.006695713362772661,20.2350205288119,2.059408743400103,-2.5071416164602884,-40.54180940936255,-7.200062434838897,-11.077013027315237,0.08554154216092781,2.018183782395198,-2.75040939298319
140,2.3333333333333335,62.86230470524255,-11.742011751196694,-4.056757659786416,60.376504263245636,0.7919394185201802,-4.95840052946606,83.6937978982736,0.3705564684293455,0.0015545235979362924,82.04740423320666,-1.4949229084369928,3.306272830849292e-05,20.085564951643224,5.286068806608222,-9.793544848227462,25.91604116691791,1.3211520394371552,-17.809894745108913,10.181927588360251,-14.96839621917265,18.356663438256767,10.571699532351065,-8.8465894764858,16.800838303971677,17.546608080336377,0.0009924477763412576,94.00292367742287,22.780951553801337,-0.018149556497105954,91.55426055003241,-8.364617788092305,1.0862368155384792,-0.013360092526866832,-2.698349796584433,1.4180489033871873,0.0065006804502211225,19.895458009554456,1.7345440097723788,-2.593724073517331,-39.928793436836585,-6.760208004131689,-10.426669269349732,-0.05213855376788438,2.468096478130332,-2.9061623025217242
141,2.35,62.380408557700335,-12.073640340776972,-3.773380241939948,59.99928242042062,1.094391461285023,-4.875926839276474,83.01552694514278,1.040289556934561,0.0014209335647282595,81.46973833502129,-1.5934360714999394,-0.000604413096755051,20.301826462956196,4.242531436503076,-9.185294608529315,26.45583431807431,1.6583373656916793,-18.01578209883583,10.154609784311397,-14.92966990420722,19.68710419484363,9.575494743957664,-9.072044716757182,16.88311139679167,17.510642205941743,0.002040445669678133,95.39181457372474,25.190848700470152,0.005782732647717427,94.41501986690146,-12.150313015695838,1.6072374485776513,0.010041831353875035,-3.189585565872146,3.360509674612057,-0.0010281647382853931,19.789827370637862,1.8528946120380227,-2.885563727278203,-40.30510328531572,-6.671464384637777,-9.89690579860664,0.16879652215845853,2.866013312867689,-2.908245248542259
142,2.3666666666666667,62.60927910437041,-11.924709026351563,-4.761039783963959,60.60083709300161,1.0005885968975323,-4.557009740982874,82.19329571279833,0.6808675067411003,-0.003991850546997487,80.97680695538516,-1.785215458476475,0.0004057921278984262,20.326577380315605,3.867803599253705,-9.026586482077843,26.203691675920265,3.033701281424542,-18.38810661485559,10.101809130573617,-14.798481732556697,18.4885758697926,9.265764075506585,-9.292276935475186,17.529944950582223,17.528792588345098,-0.004247180363899255,94.97918994092369,25.84974062041033,0.004394928439389128,93.22292287276944,-12.715322295176481,2.004014182979712,-0.0010841204794895995,-3.066157889981366,4.4859808048170935,0.0005939335455732171,18.88012607911481,2.4381871100653796,-2.8100709046954275,-40.986301467302006,-6.5577156815162265,-9.924371050034747,0.2669516675550547,4.081971692010898,-2.492319343317201
143,2.3833333333333333,62.530112798991354,-11.442659247517922,-5.3983173705867,60.47971251495457,0.8102722944280635,-4.547288448367814,81.386512255973,0.10598066243217717,0.0018684830352676362,80.18534368184565,-1.9736090207717576,0.001454487272705764,20.483206249462174,4.073072980981074,-9.398721833691527,26.278851516383554,2.9821394968360906,-18.250635786290164,10.217038427511453,-14.770062702864623,18.77156575620881,9.571446672904955,-9.462099906146136,18.000005249071858,17.59076771556356,0.003122400132840658,95.31017546812971,25.553087488661266,0.004834722692420544,92.01356766890852,-11.902999339170924,2.3339723350817416,-0.004335850485293626,-3.4513933929210405,4.836180838252998,-0.0007238310509704787,18.32850787132377,2.552405178905565,-2.710390743154724,-41.2171661482631,-6.4913961022567435,-10.023976687518907,0.09883703395153735,4.854336579134975,-2.2879958924573165
144,2.4,61.83046362526979,-11.419605772216812,-4.643744752413343,59.50564443520919,1.0812995581893114,-5.233814949272839,80.67420085935822,0.5771313283766161,0.0013631248177847829,79.08726791391679,-2.559518017881074,-0.0025308917168851497,20.611181807528787,3.8855197691095364,-9.604444813587135,26.60906471069321,2.183047022355894,-17.886936229551228,10.548526287952418,-14.646358590042173,19.762077162315105,9.982496696253362,-9.393444054617268,18.235380692374676,17.15751849663699,0.00833438239104336,96.05695058031185,25.858450970213802,0.0016113773892206856,94.98093670200356,-13.405903079269024,2.156451083552337,0.0027122956129431784,-4.012846885780906,6.023236242064311,-0.0010970312646335183,18.46455330030847,2.1057454045264583,-2.6790308334924955,-41.30031922332686,-6.612569064316441,-10.167750144896587,0.1466097882093088,4.942482987442414,-2.6253301850114057
145,2.4166666666666665,61.530958693076606,-11.544193292063998,-4.1208820163488395,59.16886050502073,1.3131866800123462,-6.016228245598775,79.81773176752272,0.9271443907905023,-0.0018362430682698347,77.99101153367126,-3.08662161107484,0.000407822184841435,20.52178844072451,3.7716417578563304,-9.527486867205779,26.067640910215317,1.8551570702350788,-17.69205826788243,10.478977763185382,-14.620875522630431,19.34352615247855,10.086796426843032,-9.519042843728675,18.67900127539159,17.499924407605434,-0.024064570850152223,96.866783727538,26.17871663633959,-0.0021294146890738315,96.16863325341768,-14.49277507573768,2.7290013182879687,0.013184010412322094,-4.3426871356046854,6.346429298154268,0.0016383197750913451,18.087418896163832,1.7148531322028078,-2.5807856190353267,-41.58703083117289,-6.540636898698888,-10.071947017248283,0.27536136442405,5.505719062176454,-2.9763157103184352
146,2.433333333333333,61.07637593644841,-11.300713520912852,-4.555444381297302,58.95464637943274,1.1451407408672618,-5.883473168167006,78.69077417983151,0.7372073937787036,0.0007676659738115015,77.056346039745,-3.0420199473581806,0.00176584609871404,20.328689226440382,4.293449846021298,-9.681415897466502,25.40205924449245,1.8729331316802107,-17.655763584808582,10.001257127018315,-14.67784704167771,18.67953653995446,9.868797907588862,-9.66506421599892,17.968777097446406,18.649165797584768,-0.026998703757388526,96.16349314582496,26.32272048326883,-0.0014141380834184585,92.97668570321017,-11.754088395737604,2.949721601432329,-0.019268337359987436,-4.355136272158724,4.879763040934037,0.00020010376648270007,17.476669305351656,1.7931630404982737,-2.823204757183886,-41.94121779758903,-5.940669133039764,-9.680947976451298,0.3052023362119989,6.1524994781925235,-2.757585156703601
147,2.45,60.285648135652316,-11.187336951326198,-5.337562804087691,58.31604579821215,1.1603155905578137,-5.520468599451472,77.66801561319798,0.4216221821666772,0.00016916665903006378,76.15765241251586,-3.137402194543871,-0.0028370484689336623,19.816302913769057,4.7519392650706385,-9.887358301242813,25.38005363218077,2.0147945146043726,-17.564981997557062,10.047884416157173,-14.648085294034752,18.968124581134912,9.762083927046676,-9.423465423591232,16.55527740515901,18.431338108380267,-0.0029210123887163536,93.65139194258225,26.627532618309075,-0.0008042134111846469,92.23335200312985,-10.825391884712522,1.1236146155790785,0.004501123395750357,-4.251282591961293,4.135143329285691,0.0007092271751690845,17.06401695947054,1.9577785615195988,-3.043935718944739,-42.17804601202394,-5.513030398180291,-9.581572656891112,0.4346477104768475,6.465220667134954,-2.4223140988721914
148,2.466666666666667,59.87706925802291,-11.328643054364978,-5.807536374057553,57.696878991622775,1.3357617452297115,-5.672576360871213,76.73582751871562,0.07772316482518463,-0.00046906027690877926,75.03633226351981,-3.2021739133920586,0.0016129522060441385,19.375386319964598,4.46313518214517,-9.585726393554905,25.62961021351255,1.8199339038360511,-17.3767734990101,10.320591753401203,-14.448837744899135,17.81327447791589,9.63035838030142,-9.428304051862517,16.568794124982666,17.53497916508039,0.01697896273567978,95.58018671373301,26.784530886501724,0.0016338822503676482,94.97604912487847,-11.816471478352053,-0.5659226040669469,-0.005467041950296402,-4.438496359455505,4.5530684072569905,0.0029867178474254695,16.388471728411663,1.7373606681171505,-2.912349142408077,-42.105316191489905,-5.824231074199791,-10.183349241324088,0.5005561154189964,7.00857370644327,-2.547419815580645
149,2.4833333333333334,59.00477848768708,-11.149414719384186,-5.939552994759643,56.73696791362493,1.107325315325537,-5.6667490222438595,75.39555509988766,-0.02976065726029243,0.0006026829704758642,73.70235174087362,-2.7646160236284953,0.001477412076449955,19.68696070350003,4.250522986648512,-9.189266620090768,25.720832923263462,1.9685059571730938,-17.26277339001632,9.594524203762383,-14.300005458483975,15.875942812500117,9.290346043013361,-9.841307759352253,17.78413508806993,17.995117861982003,0.0003023350231149259,98.28566500180474,26.844050508914723,0.0020479278084633078,95.9169758788977,-8.795548084555648,-0.9801027474111639,-0.013471980735596181,-4.565098571681082,6.02273534028338,0.000828137246083357,15.639940918262052,1.4794515295436927,-2.855675517272514,-41.69996140532781,-6.009446987214396,-11.129606527267185,0.35470439217616007,7.3853082174577755,-2.6416329564879137
150,2.5,57.75219416185053,-10.875420574116971,-5.996900545934866,55.57920893503073,0.87787709733403,-5.671639731304447,74.04078251191372,0.00473285643192437,0.00018910450705680805,72.32072207476217,-2.5273557819964476,-0.0017708432600251455,20.059516863720255,4.491588737976884,-9.310505768305173,25.440938151988583,2.1960704583358783,-17.180188747429586,8.374621131857747,-14.56220847149745,16.63801742463658,9.111074575791399,-9.898860946436681,18.517692480642552,19.066471233544007,0.0017043544485146572,96.7724683419867,27.275699620192082,-0.001373381259230958,96.01588023922965,-6.562214970322612,-1.157648127164738,0.008908295019521634,-4.707412807807966,9.020476700874482,-0.005986187035899142,15.006263747226898,1.3032871755747,-2.661967943208655,-41.71945830007896,-5.762502341957584,-11.895888559544131,0.26026849152327736,7.4527514627570115,-2.634858430964508
151,2.5166666666666666,57.18275927510817,-10.732491071979625,-6.167899708257886,54.81547140591463,0.9037067404208581,-6.045983885596864,72.92140335329013,-0.1537037208098853,5.5815755166948e-05,70.85023643476323,-2.6801215685330995,0.0008743664475457303,19.73679586974615,4.224660876546045,-9.475521157075892,25.246863574133148,1.5736917617457273,-17.024414392034483,8.173923352437383,-14.885021003602661,18.89906184751759,9.173080489287022,-9.469386530744604,17.938494612671757,19.34039085273416,-0.005729704379284911,95.45472972933928,27.65883309790101,-4.440018560444012e-06,98.05144049312322,-8.160134932071378,-0.031870511194549915,0.0024736951867836052,-4.7752686818373675,11.31302206854454,0.0027790254445234806,14.165583379731263,1.1026744725376385,-2.2933412354919214,-41.83143484378232,-5.700443183872177,-12.28658118165832,0.139721498252305,7.945592384420288,-2.7849962259288326
152,2.533333333333333,56.57620293806338,-10.428069352298959,-6.517949275285632,54.03231827214706,0.8167815246723095,-6.3893528184305195,71.41991704943074,-0.43763456699905434,-0.0010611358113420135,69.27436000033771,-2.951886143662509,-0.0005087770084385384,19.329974515006324,3.8878894956675,-9.292495053941979,25.128957690729088,1.9282676717909324,-16.99552104881655,8.42794941449549,-14.673479934219193,19.243868407047753,9.082199573996233,-9.275837395686176,17.360623236766887,19.12129833540007,0.005267208873272005,96.5165658080726,27.558150446554638,-0.0011613292144421231,98.46253994423623,-8.398536940142467,1.8172968537554626,0.0066158239092774795,-4.424615403655078,10.75838578940673,0.0025020385331353924,13.212511766790676,0.8542200400663684,-2.0482095820829187,-40.80567913871373,-5.836274350917499,-12.254764211172782,-0.18204594702642962,8.584336959191715,-2.83994129792164
153,2.55,55.579351785404945,-10.17178973476396,-6.579640438409682,53.01009608636217,0.8453857966379523,-6.656405101595872,69.60244936915407,-0.5173067584477047,0.0006888808490063324,67.42873428625558,-3.2425746544512,0.0005836346240739692,19.232486121296414,4.216742206299388,-9.358547673492824,24.6539037422545,3.19214751999785,-17.03473434911108,7.770482847546913,-14.219777838169948,17.756627713849436,8.669613574478829,-9.651217125317583,17.94655088931647,19.428694626901777,-0.0015855024859185575,99.8525470226074,27.02899238467858,-0.00019798590241448946,96.40842688290681,-7.140631140072661,2.052115938695707,-0.006180719557820333,-3.9537229832189746,7.596846227157436,-0.003930975355164944,12.112916692759885,0.44142885788590835,-1.9158191821848294,-39.41481622139631,-5.798436728842814,-12.049477185819724,-0.3207808011069277,9.024736947419212,-2.913769744779062
154,2.566666666666667,54.66494941416261,-10.076527999584565,-6.40264951774529,51.933443996275116,1.0545295325033301,-6.871863547995367,67.86314594649454,-0.36006345277256663,0.000657009770023957,65.21071687482305,-3.45995295136075,0.00014009387149531807,18.855015259634225,4.527558129884144,-9.77023185609167,24.30813625188143,3.3602399335048068,-16.76473451207978,6.832697463084763,-14.223821203409399,17.696740081620224,8.513572780162736,-9.807632869966513,18.114550098258817,20.087828031321724,0.0030968097215545677,102.99827702891771,25.900952815629548,0.0037710217927282284,95.17747799675317,-7.36144589803995,1.4891478258002175,0.001415248240496989,-3.8638226704971532,3.45281998559941,0.0023637784823544103,10.805757321375925,0.25233948630248176,-2.0338444180771966,-38.859613102978464,-5.569661572863741,-12.164791249427248,-0.12308663679681768,9.564560619872367,-3.02580078831058
155,2.5833333333333335,53.64923039910209,-9.860926861721364,-6.427255923889136,50.78034840614021,1.068953999618775,-6.906886606625559,66.1064656602413,-0.220637944504018,-0.0016312495701287545,63.15813486226297,-3.616325823478292,-0.000289591138870415,18.181203009897516,4.8126801089906674,-9.881880805069951,24.463792975004534,3.2875275325550444,-16.466351953444278,6.538326564112242,-14.63931246937249,19.06452129671228,8.764731786717089,-9.283732289229865,17.1234907397892,20.35724018693137,0.0014246725902137141,103.45095129415338,24.971964748509198,-0.0014198386668386911,95.04966570676959,-8.378139418415637,1.6731763598949643,0.000537660864642627,-4.250686732107534,1.9085428948553003,-0.0003125884874792246,9.817250726509137,0.3782722859882901,-1.9389725788877588,-38.918340966616164,-5.395992739761854,-12.499505857135278,-0.0507308152063582,10.074943746751455,-2.953691969941049
156,2.6,52.39957253787002,-9.547611416336412,-6.568703165496051,49.5707751599868,0.912366369056946,-6.908139283083836,64.13928389387112,-0.09272375662818166,0.001176971468736343,61.32850601588741,-3.7098497474224996,-0.0008739537863704449,17.974986878460022,5.105439463740794,-9.713222922917135,24.74808954310057,3.6492835831916373,-16.428064001327943,6.520654961963487,-14.702636009696919,19.50270951870234,8.381469178323313,-8.890875976299993,16.14274009694883,20.19949862002152,0.005214546481461215,103.6951697431839,25.155195184472245,-0.0004655826631845379,96.66924211514015,-8.246784778912648,2.6738395867411464,0.005598942276723967,-4.080036474186536,3.644729350195978,-0.0032486967326622786,9.029847076469803,0.4035525320412405,-1.33154591252906,-38.84807460456648,-5.337233218171559,-12.48558005557938,-0.2066826359595803,10.432986361858996,-2.801494352770522
157,2.6166666666666667,50.94509276383014,-9.284128751367325,-6.79899463611942,48.15733377182818,0.7231720745227411,-7.290770161227156,61.94575177503467,-0.03041773209872109,0.0009628039005194602,59.08758536299985,-3.8171101610466245,0.0013588942405693906,18.041938254361835,4.714488121966878,-9.544952882521562,24.503113176004547,4.082377315220217,-16.139466915699675,6.226128084220305,-14.312369828117376,18.66741226278067,7.466178257459886,-9.100106136566433,16.281176929445913,19.572850658118703,-0.0009107870358997368,104.23963575808199,25.009513410528854,-0.004498197481224839,97.854031571309,-7.249030582479505,2.7242501820581886,-0.006367819621444304,-3.8272009750992377,3.4788196709828676,0.0010005846718108957,7.91046656044823,0.3063563111423156,-0.7893191199350675,-38.09749047569645,-5.6735666734868,-12.506893320833038,-0.36326453116768304,10.739210518990571,-2.7358076276051735
158,2.6333333333333333,49.248055328554706,-8.938031707373101,-7.04082253264263,46.46161705241277,0.5203707792699219,-8.138795974040818,59.646140624287604,-0.15209574420581962,-0.003933049083278555,56.6201142435749,-4.107362551080092,-0.0003069642143123252,17.65160609373561,4.038373893274298,-9.4245579151341,23.760824812803044,4.649457213799158,-15.548713974197417,5.5938815496605985,-14.073526429194443,17.53330001205304,7.095319797218464,-9.466061380701168,17.67855330377302,18.906883211692506,-0.00826356969650304,103.27728888851439,23.98476062055258,-0.011208634115219548,95.7268965796334,-6.767283516964915,1.3570166720181511,-0.0055369198859141575,-4.450683903509592,0.6783316241997966,0.008471290219311959,6.866396039557432,0.19280043116941833,-0.41537529336438267,-37.26201077526393,-6.247759506944475,-12.946838168141364,-0.5427990715378505,10.875517040179597,-2.7293110274964607
159,2.65,47.525564261419625,-8.652407308528547,-7.044984843556964,44.88612295480295,0.5854185882244675,-8.545892568613194,57.33173034381581,0.03833118009060234,0.003034761672962457,54.40629467588562,-4.429417281633144,-0.0032143798035441803,17.31334032129975,3.6604857850000907,-9.558106670533226,23.443120226115752,4.755536590847983,-15.345871655775303,5.238814740700793,-14.1654425341879,18.177944778906838,6.866505757175469,-9.388526308992338,17.34486746402419,18.61549606637006,0.0013384603806445455,102.7559366706125,23.615032640149025,0.0051964012372257935,94.68811367835802,-6.897258392685594,0.9336607175278178,-0.0006556856235041869,-3.8263261198510916,-0.6125838203393221,-0.0010855685649796053,6.127543319950275,0.22992676251383654,-0.3373863471108559,-36.76718969674249,-6.208822042733036,-13.007142285039738,-0.5476969778121075,10.94806536172937,-2.655237398469983
160,2.6666666666666665,46.06794962379449,-8.580525122487185,-6.8480976995329215,43.5174233518994,0.794457193820348,-8.267997565680785,55.14117806157048,0.4620821094593342,0.0025849272618200638,52.24480171525395,-4.262868153821249,0.0066716944968024106,17.34299397963847,3.5595410209003275,-9.80632155211081,23.419106859317044,4.448441550686094,-15.222015753255693,5.113689673341335,-14.142027507435271,19.077523214672276,6.1637233826114235,-9.038403708095533,14.857488810572066,18.544413278931437,0.002534077183659791,104.20043847726141,23.700761215969035,-0.0037936977986447675,95.13794125252765,-6.953932944535363,1.55860037754206,0.001334958508330004,-2.9380631579876013,-0.09902366735596586,-0.0020943534478353133,5.174363918070576,0.2757254467282553,-0.5541942025942096,-35.82471224385505,-5.815593917394496,-12.756677402254326,-0.46379208639660335,11.161901983305288,-2.6300627519174045
161,2.683333333333333,44.666552220107675,-8.234350937886822,-6.980471862683427,41.98905545717222,0.5906422827560266,-8.583080100315135,52.86629484379623,0.23776057894440528,-0.00543544383179015,49.8690451962754,-4.081293069919659,-0.004326380877389823,16.806092441139555,3.9473002534498476,-9.949590906040402,22.92326044297104,4.863277102833245,-14.342831798947161,4.478841431612547,-13.795136300996484,17.556409383397238,5.2763123225618,-9.26915528361585,14.401522213902304,18.878587325272193,0.004052549724620104,106.1759942277761,23.524500595894065,-0.009143252060454635,94.12695382441854,-7.000801062274581,2.0683772230304998,0.0011699874409720238,-4.091395008482001,0.7016036518238914,-0.00169626199507672,4.028397620501734,0.07635403541429893,-0.6440413145082018,-34.97125185163232,-5.643756027519988,-12.952192816126239,-0.6293993666038447,11.40017970403065,-2.620547310112665
162,2.7,42.912505337807474,-7.85756277879507,-7.88851542584027,40.23558289317775,0.36544391195953924,-9.121576660225758,50.24660063764809,-0.36348455147137704,0.003248795441694056,47.240988129684645,-4.19498246332234,-0.00270171929446317,15.836812256658765,4.251262967415125,-9.784353649390999,22.110026459830134,5.735320497790667,-13.513074336396647,3.92623457124845,-13.583531310419923,16.99800183689098,4.518926633398259,-9.809423121167438,15.649624436099165,18.769494505566545,-0.019685307565680772,105.14471046070015,23.515643280602234,-0.008690919110506427,92.8321646428596,-6.832175418750647,1.879422812184728,-0.0066418548423097185,-4.254159837132193,0.6862422097918378,-0.002137415635109769,3.0740857693157504,-0.06414147323739902,-0.7935532095563852,-34.93095307360943,-5.503515734115131,-13.2990061265108,-0.5951687103193841,11.548571698421519,-2.543992968854646
163,2.716666666666667,40.96701245894831,-7.664271925788936,-8.99675173300318,38.36668270375243,0.34070384174060064,-8.99765127932635,47.752042874314206,-0.8765362014956211,0.00046940765425721446,44.68036733253579,-3.915694216061715,0.00899747108878185,15.546680036153145,4.284380442624708,-9.16810973587899,21.608973524811795,5.945510990143305,-13.67691911550922,3.877139298858389,-13.716482581631158,18.652748939224374,4.105462458618672,-9.87963208026779,16.159743270566658,17.76208237715571,-0.01958844374124209,101.43280849621442,23.302200753101456,-0.00742464548196158,90.56847981272438,-5.721868339759982,1.3291987013489504,-0.00382340103706192,-3.4398205320036763,0.07801314526664516,-0.006605377408164485,2.316456162968963,-0.05594229925872712,-0.681216775546612,-34.62537301116717,-5.492906416917926,-13.723514430285972,-0.580130261583432,11.50258591125533,-2.4942988059014537
164,2.7333333333333334,39.27189142372007,-7.090706947746579,-9.18431811648317,36.519193447773496,0.1698379569635052,-9.332603663607918,45.684956334152716,-1.310262939180229,-0.0047721587926384664,42.48136745719775,-3.8264972342439028,-0.006857972468545324,15.554367306325881,4.797426208020064,-9.092261652446144,21.39670488319807,6.056894066107028,-13.985211271772853,3.9435194981403643,-13.723598523043098,19.09211731789856,4.284710364751186,-9.606606263638062,15.888079238601227,17.08239632315469,0.007493382907891401,100.68864152087458,21.98394250906842,0.0025079050372561855,88.77985255348811,-4.672835418453759,1.2831530553371564,0.007007926463333342,-4.010667367988366,-0.19381202564909752,-0.004550952383847368,1.8324171458488059,-0.10699741454693436,-0.10887465640822475,-34.36597437563678,-5.418602024792373,-14.255836850951193,-1.1886435282077903,11.29026986514477,-2.398301660401058
165,2.75,37.524761888062535,-6.515736721310514,-8.649849927921673,34.64510354084514,0.007386859424430031,-9.768603036217874,43.53980775417682,-1.1321611182209517,0.005856929397698299,40.32982031531881,-3.947568509745423,-0.0007174337512818578,14.692257394872062,4.84567719514317,-9.74118388189669,20.560969368313987,6.342622919938381,-13.72748912446173,4.127374256463018,-13.499270956324501,18.85326075737514,4.239080390144667,-9.491651714695276,15.093719917831805,16.784703815478085,-0.004025813487925802,100.86018408094326,21.070380019362606,-0.009172070717402028,89.08345612152233,-5.234660495546508,1.5303403514005334,-0.003033831171762568,-3.7907607471695135,-0.4645677994702697,0.0009331515888866394,1.66913458381349,-0.1413548442733311,0.03498703800113563,-34.82993871977642,-5.039471170621453,-14.105371172048038,-1.6218848012083422,11.012897077687256,-2.2483473246539583
166,2.7666666666666666,35.55246659160352,-6.203627659327216,-8.711999368575757,32.750863077400695,-0.2912283236112514,-9.490470228922753,41.032057267447506,-0.8165903385170219,-0.0002957622021874461,37.96928097495675,-3.390499348511589,0.006030348408266007,13.731506126912874,4.412946920692086,-9.59217752703582,19.55182655575203,6.039941868071895,-13.394505298484566,3.83191955230103,-13.388427960732834,19.232687860260416,3.007075078511266,-9.810324840418316,14.97370155847652,16.619235929154975,0.006027171921030537,99.18320379006045,22.18455972583826,-0.0009716882527561346,88.21936783733669,-6.39935386707226,2.6571569831255983,-0.010516102054264561,-2.420188727760341,-0.12668551969759795,0.005515386552903641,1.1454033845026805,-0.06396584416935085,-0.0008957849982442102,-34.48957270561354,-5.150759918364754,-13.698144072717989,-1.6304034116591002,10.788400915057414,-2.0441397784675384
167,2.783333333333333,34.09775544709542,-5.840533663659019,-9.261464222861383,31.23269267955832,-0.5687179497965444,-9.65338442608829,38.699388084396425,-1.162930892837638,-0.0046795702832913375,35.60175413546101,-2.937841500953273,-0.004995185602701869,14.050598760630146,5.0152517880259255,-8.840776015651947,19.543175188155907,6.00302646002608,-13.385813394808418,2.93314486374706,-13.343405301017848,18.161776349381206,1.7203346528150134,-10.056841411033718,15.104303516634564,17.00447598408434,-0.010257725684043177,101.75843220970567,23.284407296777484,-0.006764073017726819,87.69008639387836,-5.869908706567586,4.564562177414935,0.008225862209169146,-1.7854778553739727,0.876957448842993,-0.002301147621966894,-0.07277638286896301,-0.11979059803243423,0.48840620053508876,-33.25239858074723,-5.769223241439561,-14.227559193492146,-1.995077320741523,10.894411155690438,-1.9549378025007855
168,2.8,32.729244641378514,-5.595239344665578,-9.570758728111189,29.809491878408895,-0.49624905056140195,-10.095459891678807,36.62946099558249,-1.3366101180650758,0.0029738741270556217,33.48371551315644,-3.080743298308738,0.0014247385251287326,14.225635540159047,5.669173080435086,-8.635914192218248,19.82912293414478,6.865347785978218,-13.385074812565058,2.39275963662302,-13.276501366314566,16.108662814682027,1.3590585293030202,-9.872207761337766,14.998211931786798,17.29273214059174,-0.013420629062469247,105.99038928418514,22.991229076735717,-0.003417495175825525,89.63129032498364,-4.559380954322226,5.4488602866596025,-0.0013432734826527247,-1.8452828812921798,0.9728635296539171,0.0017342439511646064,-1.0084871716434571,-0.1201211645425108,0.9014716182922208,-32.45406043058729,-6.025778135869929,-14.730777145799959,-2.352585127662068,10.96402773906852,-1.9555260077855794
169,2.816666666666667,30.711667382882155,-5.470747560579383,-9.996745446763423,28.205083663911445,-0.5589123228171544,-10.181629226267601,34.28490184800073,-0.8477325129769318,0.0009247758709836474,31.64099929219907,-3.238903598351191,0.0005424358368811116,13.062832806795363,5.3582140022865605,-8.485621480495041,19.61581740575704,7.690920537756295,-12.770320420443731,2.0417086193449308,-13.393297649865872,15.034040674131374,1.2363298720688871,-9.77228304048225,15.798414290500931,17.133506490122844,-0.00453208700614097,104.70825126421741,22.53237184742392,-0.0024131935156709973,89.91863511830384,-4.536867834600318,4.527739769287137,-0.007015963925290543,-2.117336344406738,0.1723393970219378,0.0025127299007561958,-1.3364943054698248,0.3065595858156933,0.80208175717073,-31.926808779767093,-5.900826244277959,-14.36709119654846,-2.088837246509919,10.694486573005348,-1.6907951111826103
170,2.8333333333333335,29.065893633046688,-5.304352148571249,-10.16345208369899,26.871785449655807,-0.8201990024093317,-10.416176490298549,31.960547820103024,-0.3763077335957181,-0.0011336581048743298,29.760791714914678,-3.0816904765099413,-0.0036295949926220083,11.898090566237096,4.9854319504411295,-8.222986024214656,18.576222697440087,8.146633295697551,-12.054512631020842,1.597421545235531,-13.443684378883669,14.363899463945874,0.7790567877394555,-9.838709814665732,15.933365915410537,17.352590015950618,0.003698522627299,102.17022654982244,22.591620678146043,-0.0001756157706070557,89.21345143622476,-3.879143588614343,4.809754428309002,0.01565344427927493,-2.1080138775065533,0.07492978849251418,-0.0003941623709790981,-1.9444357976809845,0.5943177003322743,0.6450278305339331,-31.450921957674957,-5.394416556082355,-14.150640907165982,-1.9806385317882123,10.69279106816271,-1.4495502899667918
171,2.85,27.972083851911496,-4.959493054317503,-9.91472475864037,25.594804666045636,-1.0147396619096483,-10.263633828092022,29.81014080650391,-0.3346274022535217,0.002148339050574703,27.48220714578564,-2.4503877298950907,0.006306611104815839,10.964627775647749,4.812810301833835,-8.120505958331364,16.910854622096043,8.244352185182228,-12.22161055291472,1.754423964947263,-13.20219555836267,14.722973118579533,0.2630917733384412,-9.743998546368964,14.604639647996372,17.286080973951567,-0.009086072764537698,101.52936113007718,22.491073237614756,0.0001593832438168622,90.97455094267022,-2.5701336412949884,7.860162936644549,-0.0052091470853123404,-1.955480483486404,0.7902557572781412,0.00013102367939553028,-2.953065351806175,0.5343480013604599,0.574654325090562,-31.188109713165407,-5.067689116987492,-13.99264787020891,-2.3801034861474824,10.970053909840335,-1.397418563023295
172,2.8666666666666667,26.572762437130912,-4.558064593876809,-10.660644857678898,24.161545025225163,-1.1183297585924328,-10.129077059405825,27.465854458761523,-0.6734807684114171,-0.003134062885184908,25.11999802549603,-2.0010986128693316,-0.001867615598317876,10.158205881403067,4.432945478016944,-7.498026579771075,16.264238139388866,8.264352609900497,-12.104028481037156,1.9308764653400268,-12.93349350573933,15.885995569468514,0.016788686070151007,-9.606757756473367,13.777693532360665,16.126686167998255,0.0005693737141807342,102.41547626509808,21.820287882529733,-0.002597862083724906,92.88778688024173,-3.8771358713026403,8.079791562198261,0.005817438550931598,-1.9571847607271642,1.259905415548862,-0.000476753689775397,-3.9935483712588358,0.5358235589656687,0.3470146852778924,-30.684711048519855,-5.571000468332638,-13.559135624468247,-2.3808902554679916,11.103905261278666,-1.325552340343694
173,2.8833333333333333,25.121886785240946,-4.537197564448009,-11.250323413565676,22.684356983333377,-1.0004870206172138,-11.158752123283978,25.40669478488108,-0.6935096039305065,0.00013113047327187438,22.98104061334226,-1.9939046113559364,-0.003278934301180382,10.124280072592798,3.687906407691147,-6.916092031382844,16.36209451348423,8.495579007582842,-10.91615869969146,1.443763748061666,-13.003038555528958,15.984567345289296,-0.35622555479036616,-9.585821480859694,13.706840542995122,15.71748367179929,0.012716484246982705,102.89316330344612,21.695179254073388,0.005096734638640266,92.16907837099403,-5.135664851282549,6.556037184833537,0.017152703935888077,-1.6482493126688849,1.618206118657787,0.0003097995947971938,-4.91159339076203,0.38970336478220285,0.13461768191060636,-29.882585033588487,-5.503525331654447,-13.461309424961321,-2.218967655068067,11.105554024988688,-1.466601341663684
174,2.9,23.725140582599057,-4.584870243036389,-9.907831380243826,20.84396708784096,-0.9362310850188349,-11.743843914212745,23.72791227032262,-0.023129526208655226,0.0036975080301886345,20.70690731985144,-1.572065821262463,0.007245688419144353,9.577863085432005,3.1703423083013913,-7.644854624365785,15.199772135803036,8.395818205595802,-10.498542706043972,1.154610374160264,-13.417726850066934,16.22664506713264,-0.7240991384146768,-9.586847922270316,13.687252914788354,16.647109909293523,0.014724811953730507,99.27656235282592,22.03084434039196,-0.000859704795688573,89.57254442086075,-3.7077090739374126,9.03141709552874,0.014301033832704268,-1.466164789201335,2.0502382326720396,0.0020054736712810154,-5.25713183698817,0.25979628409713523,0.28527890440528514,-29.160791960901964,-4.6078122447687,-13.379810630013933,-2.6247184230285368,10.832151131852688,-1.6001888492493932
175,2.9166666666666665,22.070907758828955,-4.432353379128004,-9.111553784345961,19.09307631885894,-0.8834498747715618,-11.163231664367373,21.841703703226912,0.318901754819693,-0.003480281711566445,18.567231874536027,-1.2361720927874948,-0.002762233429954093,8.451790798866254,3.8506906541873978,-8.593613603978781,13.682251518804971,8.834999997046216,-10.932515113865097,0.9756094641248656,-13.637524510627824,16.655203996139353,-0.7421008980045181,-9.54095573507695,13.722604842488758,16.894205047844604,-0.008702632571342012,96.89517176539789,21.60243790272199,-0.001355240383500113,89.07927093713445,-3.926300642199876,9.865950250049522,0.006445746645431545,-2.4099522241448454,2.664617286678901,-0.002733036845304435,-5.307773841845392,0.379907566976469,0.38388070192917617,-28.514004242655517,-4.537742051012091,-13.189553091191042,-2.689404245755626,10.407622825987035,-1.542700847276847
176,2.933333333333333,20.294222827251517,-4.397316972955116,-9.928009801657204,17.85787676995572,-0.5573032975343772,-10.84155250410941,19.83187224190332,0.12369509644451686,0.00010209118867282402,17.02955857853174,-1.5347136147481848,-0.0027248222430152087,8.570925512339915,5.140340746080466,-8.793018856579474,13.59280347239107,10.047466492085551,-10.82288754751237,0.5115675874634129,-13.576170283416559,15.868970421253245,-0.9868176549889869,-9.406485475542828,13.912104119033858,16.267281780117425,-0.0013090887351707387,98.3684516488207,21.005282898373228,-0.00033246372719034176,91.12891396480669,-5.813357487838628,7.553979826057692,0.005159907038379815,-3.3038787063746007,3.113454075275527,-0.00027920843618492485,-5.739130132124809,0.4941783044122639,0.08513534522686025,-28.046864529616627,-4.943359066766152,-13.437847328604063,-2.1455058449269457,10.146839300703888,-1.5895080918974323
177,2.95,18.765426715021675,-4.07607388952539,-10.194726001910393,16.6479570916949,-0.7251412297058966,-10.789198713728021,17.961744684635992,0.2015740566121331,0.0017216635974346083,15.715761720620439,-1.4452370532960026,0.003771714714792672,8.575176545482343,5.537966468839748,-8.659340188990457,13.991606834682358,10.163145836584615,-11.017182358682057,0.30673514099578597,-13.635197581412985,14.900438473227092,-1.5100626835450435,-9.321795758796371,14.444311698349429,15.917827811852005,-0.008814946946791464,100.19613192194436,20.896736621229188,-0.0007944760439212625,91.16548435721695,-5.078030970769724,8.20841724212947,-0.0004670038873178719,-2.7719327819825432,2.530575435585835,0.0012335910645629167,-6.319651648072699,0.8759262926242939,0.14401502606378053,-27.754682880940354,-5.251545858625246,-13.412253005201622,-2.196979189394373,9.980195109039183,-1.3371985708249556
178,2.966666666666667,17.721954054149357,-3.7185683891200867,-9.826481025712772,15.51279893491665,-1.079849910608909,-10.708924444287144,16.464567249444357,0.5576848707179427,-0.0009315437451281122,14.236084279458904,-0.981103860200288,-0.001157687812429749,7.872554146554727,5.179933063398224,-8.464014693409364,13.437881968873013,9.268107796105996,-11.441667367244817,0.0015611267804228586,-13.698812378726352,14.517845321346057,-1.7677559793970719,-9.382494222164686,15.10396031549584,15.689795348365138,-0.005767946295528457,102.48395535269998,20.763079790361083,0.0008833828135897907,88.93720666873756,-4.364427431275093,8.739399943088946,0.010794635513897722,-2.959132807998068,2.5112702036611503,-0.01043334556039408,-6.862051199869205,1.1993518400552197,0.6003875895742629,-27.19671279428805,-5.7318292136136915,-12.877342642032072,-2.573687706815685,9.934771105869219,-1.0235756794591198
179,2.9833333333333334,16.62412963742176,-3.9151111669415437,-9.984170396494164,14.456668789297995,-0.7659749069362867,-10.638263062131381,15.302955361363228,0.7572836728008973,7.885557803207083e-05,12.701040502501405,-0.82227272597835,-0.0016459921513230283,8.11863160842064,5.266984723630856,-8.48522364264991,12.488747573527268,8.326235564736836,-11.12028325709852,-0.46904032103734744,-13.797127954613917,15.061992474742581,-1.652035388658509,-9.306454033553928,15.142422727415008,15.420597105430797,-0.0020657404381524734,102.05863810623977,20.50178087949656,-0.0001365394498754354,86.55923919838806,-5.961521093664671,6.465871662429341,0.017052033227810043,-4.289798449283532,3.4311537771734164,-0.01081620234867508,-7.109462491105846,1.0408220017477197,0.5647796905396997,-26.59807778995121,-5.595206644628496,-12.88127525525432,-2.388010383667678,9.813650487160464,-1.211387713865685
180,3.0,15.22055416660219,-3.7096383913110005,-10.606324962659697,13.298271818394106,-0.8104743114055435,-10.440929664683757,13.88912612173557,0.7250273603227606,-0.001793562065118693,11.510759746254278,-0.6958812989972717,0.002161064625945853,7.800486999113054,5.678946942534094,-8.33164580927897,12.381857691609698,7.546633444152956,-10.894322901402614,-0.46001464797762687,-13.92705959540346,15.810325753692732,-1.6873159238045456,-9.170450795665205,14.501038099141969,15.255481782001794,0.004246733613761533,99.06846067312563,20.52642380486132,-0.00020004049969683728,84.71155373557502,-6.866974306617396,5.4477362503730955,-0.011569470405280126,-4.583123026580157,3.331122197979382,0.0008433905330318339,-6.984531879636192,1.3291789614162757,0.16806149028083484,-26.252956857017487,-5.2140709443831526,-13.060262746592999,-2.177087696895295,9.426976399501013,-1.0140139122661989
181,3.0166666666666666,14.285167521558463,-3.298925510605215,-10.607900577697247,12.60667312375046,-1.1793562241130158,-10.609647695579836,12.423105048549374,1.086294432709005,0.001800381408109822,10.683830499038871,-0.690683878018708,-0.0013035996786170674,6.714811724907115,5.258346447454634,-8.379335680199329,12.566288530135653,7.429583641242508,-10.56193485657383,-0.37995758218642744,-13.733716888038103,14.305639436799028,-2.075471160872765,-9.215597978758778,14.160769056193987,15.052632453523312,0.0005586611427721368,99.67837840311437,20.829003636564945,-0.0016102618906812512,84.06700943460405,-6.9061999790800614,5.880855804249701,-0.0024523416843496596,-4.682311873668462,3.6878050233873028,-0.002045691809114982,-7.3188666693849775,1.8345613260987168,0.01529386123538802,-25.836896031036503,-5.521860401522091,-12.55785882828278,-2.2395990035862097,9.345956993242323,-0.5579113362801033
182,3.033333333333333,13.944304793343186,-3.6033120796391396,-10.009007717554097,12.387766709016818,-0.918847849854378,-10.894855044317774,11.524535874662115,1.7671129584895644,0.0001892114559973187,9.734192119510228,-0.8139964326522143,-0.0010191814938835852,7.070125956018642,4.264558888537119,-8.91830740695608,12.027162672874837,7.447131756298855,-9.835234572056653,-0.572732044978512,-13.562941601646328,11.344095840238094,-2.03302465161189,-9.28398001859633,14.951434857983067,15.238922667875478,-0.007849348692166597,103.58341213990072,20.893969875918977,0.001027674645661354,84.56389878184262,-6.129435110645506,6.301621289692617,0.006300444380288655,-5.276818294853032,5.2355212925918115,0.00160402060214691,-8.032734887239569,1.6511019265835798,0.09965125015675756,-25.606642088396256,-5.453988782453369,-12.130304738614942,-2.192678681017441,9.739740230455379,-0.7589905277298291
183,3.05,13.07040846453225,-3.8604686514107605,-10.451446417912907,11.492229806648737,-0.6847815124072515,-10.41562678292091,10.729555325090272,1.8857602598597523,-0.0018681020341613896,8.538418541087179,-0.5072207449786195,0.0022690554108564355,7.602966828853816,4.554780664777039,-8.48476654100978,11.379937480616055,7.267118719388312,-10.224606295248428,-0.7194287859536255,-13.720645622958521,10.968454171797967,-1.7088648248276703,-9.382885480754272,16.23796967823113,15.628686626758766,0.006912319922570991,105.45297844660519,20.621754175228904,0.0012476754460590705,85.71341431876262,-4.652071299532937,7.2802657388396055,0.0006408299433160824,-5.3518337196461925,5.348094378193148,0.0022800387347174022,-8.066363135432859,1.4080571090202447,0.18210601041737687,-25.6778226631773,-4.7554618543564136,-12.387136442356713,-2.0582034492289485,9.614178559297265,-0.9950957934348286
184,3.066666666666667,11.548229502299364,-3.785978342632612,-11.702956808008246,10.054779266533414,-0.7247412384864498,-9.896143303048884,9.58305565493993,1.8111745310423941,0.0011025320536359844,7.574262425625393,-0.18171191058149386,-0.0009847260768464125,6.72288625052718,5.856928389463153,-7.470299809517394,11.15833487653509,7.5388147705092505,-11.195266044868118,-0.7293835366547597,-13.947392498952814,13.146500640468615,-1.9135952524106479,-9.433828721475823,16.22643412084801,15.322954017883562,-0.005987432333748587,102.89517696663344,20.474720627220115,-0.0012702198037920674,86.46534140467587,-5.196367374277514,7.519841632040549,-5.232070300327524e-05,-4.50971924594912,4.252494269985332,-0.002340654503017869,-7.696950202934896,1.5352794586102125,0.2437149876906967,-25.376530724342146,-4.593207436794356,-12.28685330195967,-2.0673076898096783,8.879003466677302,-0.9137670550937106
185,3.0833333333333335,10.721305258317752,-3.8239638435809864,-12.259552052782038,9.437896669756297,-0.63062617123677,-10.012447696140201,8.558469308881445,2.07113914551825,0.0004956628176695012,7.019040375032474,-0.19292220355360673,-0.00033304797769882446,5.918602218972398,5.737737659710189,-7.109652382398571,11.08407649295421,7.393028575632179,-11.112185787002309,-0.6248310627664024,-14.116547278252973,14.037396943714098,-2.1602261930656126,-9.231458915998997,15.241892716226955,14.850021510193805,-0.0017069368651311699,99.32308668208762,20.525935475178077,0.0023352693809044014,86.34198080904514,-6.624420192107644,6.654571835607642,0.0007772295883450922,-3.6928468011576077,3.7303440892626574,0.002203727490688245,-7.867271765721674,1.6663432538039795,0.335731272738354,-24.843086650956177,-4.813849227974179,-11.59526659852254,-2.1670823571020237,8.711492922116987,-0.9257536776237806
186,3.1,10.60121999976651,-3.948625542209542,-12.268192336049056,9.395841446846749,-0.5300669907930096,-9.994285773117541,7.9677575464764,2.293429644898192,-0.0007328369914964139,6.480596080073023,-0.06310486090085474,0.0008912322250705564,6.227794291717353,4.952465067633731,-6.919260742616557,11.07112714299086,6.610584550880622,-10.829455061533954,-0.5527731697550797,-14.137829098986217,12.929684331600962,-2.004719669273222,-9.151983366314058,15.346062304247905,15.017802549835762,-0.0011621947291823149,99.98523529801261,20.353701142126194,-0.0016014588810096943,84.69240299891055,-6.31340227647642,6.837318769155358,0.0003048205640926388,-4.81065350364278,3.621782215013844,0.00048082734443107255,-8.260178671466372,1.6753216357743137,0.33109019897022074,-24.765448028089168,-4.873072498337385,-11.515624964942985,-2.125618521501878,9.031072475650872,-1.0131068576934321
187,3.1166666666666667,10.636144360393383,-4.077962834286371,-11.882134017819045,9.34848002190189,-0.4779253395510784,-9.78953928628021,7.722053370594946,2.4147017183581374,0.0003120301810494799,5.9768268634938435,0.14468582528656793,-0.0004088515397211497,6.781986621030022,5.357963068010866,-6.994025572102879,11.09498115299734,6.214856033897497,-11.243910732417454,-0.6345342804876644,-13.860569314272734,11.578950264063982,-1.833156866956957,-9.29450638009926,15.832814398380055,15.23050896680028,0.006358247008708844,103.53806591644317,19.897567536449102,-0.0008436409664219619,82.22018535848096,-5.730535199653502,7.402090333553082,-0.0011798617893189936,-6.604265256431541,3.7261565920087807,-0.0017003519842841903,-8.60970796940512,1.6597522714875905,0.2635584109420836,-24.73116440927147,-4.751604339541403,-11.820272945763403,-2.1205704096911355,9.27423962926164,-1.0618860440612847
188,3.1333333333333333,10.531900771173978,-4.001711571340915,-11.248729268336247,9.146824303522127,-0.5555420794219329,-9.812299188698068,7.506640074738832,2.506382656174044,0.00015205971428904915,5.662291080358713,0.18801046689275067,2.1764719790867443e-05,6.404420410540879,5.698274359657705,-7.447333608049765,10.85622834542871,6.275793535549606,-11.612841440377027,-0.5043415849857935,-13.697766670284466,11.742366762611683,-1.789314692199966,-9.289535167745928,15.486457743697004,14.812021384326036,-0.006726683415000482,103.15129062306937,19.63510347771271,0.0021360408158401477,81.56799538032254,-6.3925087709314585,6.573649462724232,0.002343542427433041,-6.629687418627522,3.9545656667349514,0.000320492719580136,-8.896662140525068,1.73751673361021,0.26058582598277025,-24.365788568522223,-4.18914993977671,-11.580456679387495,-2.343063148881182,9.29837040671568,-0.9962375748668905
189,3.15,9.656472639026966,-3.6658290561092812,-11.300174970716748,8.276989887481294,-0.7756412219612733,-9.89472232264135,6.874420637494158,2.429867554724394,-0.00040883476153028155,5.37129799196323,0.12046604420439529,0.00016052243974885524,4.889110478243696,5.783774084063457,-7.451703056969149,10.373152014057595,6.942812965373407,-11.556711263400231,-0.17761831502227324,-14.004710803718018,13.997403406309724,-1.914374738269332,-9.238212813112547,15.180370637384481,14.262144671871672,-0.002612463901352591,99.99672460868146,19.569211300679214,-0.002217168233252071,81.93683734030964,-6.944215267595901,6.355884758861361,0.00038180302137148596,-6.209809671563497,3.714640814400134,0.0011953462377583984,-8.680150426857056,1.9413126659725444,0.2304422274627662,-24.11495425398809,-3.629764370704741,-11.071182527294265,-2.536201531176068,8.732109215291349,-0.7775222716546267
190,3.1666666666666665,8.909562212201896,-3.349764728845266,-11.91835335927754,7.612193641743455,-0.9616411789222349,-9.770652441360925,6.271116322172727,2.2860771166193063,0.0001530301401084555,5.162674977345705,0.0009915116875607946,-9.548253057075045e-05,3.9561502587453714,6.457392557640645,-7.016755533549867,10.229210807205854,7.3918807735338135,-11.58969468076589,-0.18691360210131783,-14.227381533864659,15.009676852926095,-2.062140810990962,-9.18971638707115,15.016077669466263,14.43817094733542,-0.0023891149178869235,101.28824057385887,19.337205490572835,0.0012379379191063966,82.79914665233466,-6.426374444945546,7.950638422545155,0.003622777506368333,-6.240381361292478,3.1525022897643225,0.0002509850304638764,-8.513143822824793,2.2352758967080755,0.08108117206973948,-23.962980781967683,-3.7011124869466685,-10.544719420593516,-2.543572007331693,8.279961789297102,-0.5098563150444665
191,3.183333333333333,8.995484264689203,-3.1869895467485145,-12.537781798420042,7.762172962150428,-1.1239222479097655,-9.207381055362767,6.2051760097288495,2.182408711609197,0.00011776523733500409,5.009043430368113,0.0489637114500004,0.00010263320739378454,4.253177911641583,6.557391143198305,-6.546297591129176,10.356311138493643,7.119623860890163,-12.054758012545793,-0.3925063340695698,-14.042299687730727,13.33896871893944,-1.9584527949597497,-9.049844362390889,14.674853312696724,14.753975870487967,0.002085838106450268,103.66978523920208,19.19916866705556,0.00044370163250874315,84.84267730659711,-6.2950509575646825,7.99225244107941,-0.0010720164590216157,-5.22118246133209,2.9956544716926405,-0.00045744189791533285,-8.834667844632367,2.4476874922684955,-0.13688756125585905,-23.898475793449908,-3.806650466726263,-10.041447789535002,-2.3058490407215286,8.486951299830684,-0.34995639378965154
192,3.2,8.992934643076739,-3.104421983321339,-12.899444488213351,7.708007583057152,-1.273616962972058,-8.816921418072583,6.309615601945555,2.073243707200173,-8.37245201204073e-05,4.890351244598383,0.18751718808186404,-6.889611853202818e-07,4.353273684702567,6.1981609035531795,-6.23254742838681,10.539726994290174,7.080792485091337,-12.122773102433323,-0.34555452958805166,-13.959041258580543,12.628343874322654,-1.8631201560643051,-8.993326759886441,14.390464327168722,14.356737677366937,-0.0018851429155764662,101.50010771886036,19.29441790475692,5.14242279029552e-05,86.45106052228961,-6.847014499916843,6.304860611080183,-0.006045009392437669,-3.328015846313499,3.317475520639372,0.0005913101305994196,-9.025516474396213,2.520353237952313,-0.21679380633315995,-24.167276957803097,-3.5944288298328435,-9.80415932393304,-2.042928510174759,8.551261343382125,-0.3220017536059949
193,3.216666666666667,8.778551874275431,-3.0712752260974168,-12.610516690387941,7.305360802622015,-1.3095454533649942,-9.367330726216522,6.411567821492711,2.060661160931835,-4.4297565046604497e-05,4.922759656030791,0.05727868513704584,0.00010066533123385717,3.910055246197218,6.61324546730076,-6.355736190234625,10.70127795620969,7.438319130841979,-11.345423689257416,-0.42177779714135494,-14.163458170711776,12.956155679563873,-1.9945861281840087,-8.950410164154555,14.496257807088012,14.455142324368989,-0.005054256504607545,100.36999188098383,19.411391812644233,0.002232186254957595,86.30991937892648,-6.274276154149103,7.3211125434258815,0.011924588020023757,-2.4871685797055805,3.5437142097489427,-7.453104481098593e-05,-8.992539079886132,2.671062616527587,0.0034296202978541003,-24.33544771747436,-3.5355940430266117,-9.241316930019677,-2.139794851562636,8.293771085623872,-0.2907190316281084
194,3.2333333333333334,8.628631070592624,-3.1774810384810674,-12.25994060198233,7.08339351571796,-1.187718736436355,-10.017179782861582,6.429273277245823,2.2030635451953433,7.62990684909278e-05,4.939509984795499,-0.192719695264535,-0.00010085498090312581,3.6281682328501903,6.949517146139489,-6.6898553817852555,10.550745128632213,8.313436992726015,-11.081886253256705,-0.7000518201952056,-14.202613653701702,12.54026477368092,-2.1897726665044344,-8.841428354662261,14.843338561608372,15.180940135430994,-0.0035146541949485277,102.70924508523265,19.504027478243295,0.0006135640137476892,84.82999755984217,-5.841208484367609,9.199477923114225,0.014957577935591508,-3.468602910772001,3.513754968669588,0.0004572556167055308,-9.034179110621684,2.7280973102559494,0.22406236240077876,-24.11590303091722,-3.421454344196691,-8.06548959206892,-2.2945673885011835,8.129808456354326,-0.315662174971351
195,3.25,8.422689209036816,-3.4582150127508475,-12.451596573217907,6.9478942313589345,-0.9261141218290696,-9.899210438096794,6.482162793484582,2.333496104253241,-0.00011517082077073539,4.844097666462883,-0.24884640563733526,-2.1045913281098326e-05,4.478967601918293,6.294776036080551,-6.829876164731615,10.483741982510592,8.91193598859503,-11.556685489268604,-0.5661190163798083,-14.056498418418862,13.454956051060396,-2.2317398141378417,-8.805238770989048,14.727439720761568,15.000585516396098,-0.00544778410334025,101.7501558094742,19.38494569272059,0.0002639273054082243,84.88713690601982,-7.035977521584276,8.096483066068496,0.013077719848445395,-4.4953352695727125,3.5852120244415495,-0.0004470267966159298,-9.04734355419948,2.400336349769551,0.07076493829518744,-24.073261175231814,-2.8101689642315173,-7.041440345493521,-2.1856783990256465,8.04909722690979,-0.561083810455124
196,3.2666666666666666,8.362473167111416,-3.6380241072659887,-12.336979994796021,6.8055863207267215,-0.7448514879390721,-9.770950586459135,6.808606634869753,2.3186419902920385,-0.00012658184322899118,4.763361503155789,-0.16295681627241212,0.00021820909394026247,5.644713647554023,5.78690914246095,-6.975359633745197,10.421172876318776,8.213665484040792,-11.373969806217064,-0.36480624970158126,-14.125291721413927,14.7545497204083,-2.161620628290571,-8.752140415728233,14.485523687409712,14.894328369251365,-0.0029292369901433154,98.7182987851429,19.21600119262787,-0.0008044745111115571,86.20563802715625,-7.180192864982863,7.172966119946576,-0.004139764205439252,-4.241372806801281,3.466707818655623,-0.00022806503857410415,-8.932217530191103,2.1439218518690177,-0.08097076620800568,-24.49135028629032,-2.1673909224212653,-6.3262342904328435,-2.1605391327547463,7.9807448583437495,-0.7888609396223
197,3.283333333333333,8.579824438072592,-3.6647335487040404,-11.864007281518276,6.9920095598965135,-0.6966017333780385,-9.99065401934555,6.979441308636172,2.27401291323433,-0.00010611322761713878,4.92158122999283,0.0035177736912495494,-0.00033663437035852834,6.156931183418479,5.533105978307502,-7.169350978836783,10.551340169137045,7.055274950536115,-10.833993110323277,-0.477623606602768,-14.183184060915119,14.160008879071052,-2.2819579161341945,-8.67356505502312,14.530401200052253,15.297768622680948,0.00022462893654151696,99.64268529393355,19.345560920638402,-0.00014920251022060315,85.83151778769894,-6.637134081629924,7.703922109053438,0.004514274201647326,-4.072798355979301,2.981472444689977,0.0009085996895750921,-9.081263933569646,2.1460517393894647,0.08469860139038136,-24.704753454642997,-2.027190364077633,-5.722632451431148,-2.2908055659680433,8.119379905982493,-0.8897099835685902
198,3.3,8.347438763163366,-3.8301740118708016,-11.83958173999032,6.900795593621958,-0.5498301212005509,-10.007233505337895,6.774138693501203,2.382581213758306,0.00018435381999209728,5.014865116118817,0.18271541730368374,-0.00031958198711548423,6.738934052647139,4.8223380026571,-7.115494225862639,11.045130125050086,6.711254476464852,-10.971785568129103,-0.3393363252459839,-13.981425433319668,14.061489813127563,-2.306796002019882,-8.782982687034478,15.02848459571263,14.866182373193375,0.0022722869279790323,100.7949168561967,19.436728193351026,2.3617963138444474e-05,85.50138739364043,-7.454704399058411,7.706663335405065,0.004189236690103009,-4.356778210223241,2.8918972785049837,0.00018460763782954527,-9.153994462293335,1.996679736374056,0.11913851349373272,-24.42493866068591,-1.8082408878441443,-5.2186095196928965,-2.2975659750067354,8.028548558245888,-1.0800583378080633
199,3.316666666666667,7.676225561911405,-3.7618361143952295,-12.161195597906785,6.179620078803334,-0.6799878367455371,-10.09714088433183,6.525216295042448,2.373342802465321,-1.796570116111558e-05,4.715632911763707,0.2552272934190863,-0.00018475683985735522,6.120381483394328,5.433627164551641,-7.059876253918282,10.745279319986675,7.5695711260041065,-11.124173422969527,-0.11201550629318617,-13.835839210741494,14.362211429259304,-1.9451582039430069,-8.813625681007666,15.226090398226022,14.38336361955744,-0.0018364775416298124,100.45792943484501,19.182761779832013,0.0002054515432172539,86.2665584632347,-7.866960970429359,7.732261737406678,-0.001675278222027426,-3.8361003073526665,3.0810057256336436,-0.001140121190817054,-8.715380834894045,2.0607825400956514,-0.03540752967065089,-24.355052855655916,-1.1156425204083886,-4.795986078494814,-2.229719174101494,7.499576723342643,-1.0022164392112176
200,3.3333333333333335,7.864238689442305,-3.4716983506312786,-12.633309964094536,6.300897628009424,-1.0047268621389749,-10.288741658870885,6.5749799830665445,2.143641836863733,3.356019595283254e-06,4.751238752862534,0.18439695370160294,0.00017067171918240274,5.032937752764213,6.988461973340207,-6.999400476220455,10.485573217655654,8.216637659940144,-10.808092542883537,-0.3281969693715593,-13.794215866060773,13.153470151835277,-1.7239890774198634,-8.657149668222269,14.431198941270424,14.588849470908256,-0.002516033176988769,102.46986788584417,18.89365636023345,-0.00034491809593625183,86.67990788408922,-7.424708215364972,7.807062905208479,0.001748041830986996,-2.7669121840072113,2.9116307392952594,-0.002187711732344372,-8.895612456389998,2.403921983799682,-0.12086424540402,-24.511185154448345,-0.86919112880654,-4.588363717525425,-2.125754000589951,7.586672672226103,-0.7034376958592231
201,3.35,8.47069080240085,-3.6828347291674244,-12.800049524709614,6.982510067695684,-0.6894790326586187,-9.987058176628556,6.879567582681316,2.0517866336520503,-0.00023808712499124793,5.122340110638216,-0.04282895532086606,1.9991392601195608e-05,5.948271879509078,6.766717244033192,-6.846054566095425,11.139223383032636,7.928259223259788,-11.019153097308022,-0.8434375375509644,-13.81479443649008,11.953149351527813,-1.839689841721259,-8.800861012703027,15.061902353618077,15.121382462187801,0.006633658155965146,103.94181738464557,18.98365367953173,0.000909329970506784,86.49961559163702,-6.651739604011342,7.3466219476572325,-0.002089109779728811,-2.487821823729253,3.015186336376927,0.0007629023200018526,-9.576849193573642,2.2838795358236124,-0.11491292436014747,-24.356126917546653,-1.0279180676624446,-4.5384466771562915,-2.1140616490013087,8.053232276034555,-0.9098157898542977
202,3.3666666666666667,8.621729129641205,-3.953100579758914,-12.508804756907862,7.0171706594269345,-0.26980751361198335,-9.883717285871127,7.086500970245091,2.0128900204067364,0.0002047221388571664,5.10531459366121,-0.1786348865787088,-0.00016208383859134295,6.905723939347024,5.981433533252652,-6.680907721391037,11.24792254910421,7.7229627234611025,-11.452015222788965,-1.0320739104899381,-13.924362174546317,11.207384568320077,-1.8432776028561932,-8.855700790723377,16.148930195843462,15.490740262387826,0.003401068495929634,102.9261055197267,19.20636146201852,0.000310125726554911,86.32450570618082,-5.634397064146166,6.70533611357371,-0.00394378420072488,-3.099892246069259,3.5304753282277517,0.001624530810862081,-9.61476839930508,2.079356132498927,0.11212632928943728,-24.279018933847265,-0.781499220680434,-4.532687846378311,-2.355629154518098,8.099816492688584,-1.2336920977132007
203,3.3833333333333333,8.81610037113211,-3.9273346598760943,-12.304931070879459,7.068894717764242,-0.4302148826197812,-10.522244978987755,7.218952926322047,2.1613627063149985,-0.0001136099572088419,5.005079120871115,-0.09434868982689044,5.7946124423169796e-05,6.807428195159783,6.043700848227146,-6.70332538501952,10.943767694365063,7.706705487365404,-10.983807551869337,-0.609788051225617,-13.915218069208105,10.94634889188227,-1.5327752691258034,-8.401352863924668,14.130071686820534,15.088602582239346,-0.0012490525126140088,102.18743706977092,18.998166549118423,0.0019459997000966863,87.62834466852202,-5.840509786981355,6.226167279712651,0.002378848441235722,-2.8011928398931345,3.3226583120126416,-0.00748796281801154,-9.440394428802888,2.2489895439002794,0.24662042124942166,-24.364222047670935,-0.6607906698616252,-4.467324126153051,-2.495110792893578,8.191646895388985,-1.1277068842677733
204,3.4,8.72298011619279,-3.942393893856758,-12.101542947030946,7.059728135499326,-0.6033088159544743,-10.878451437018628,7.278977838186895,2.4949250020894405,-9.494403749743733e-05,5.078092639912335,-0.09477471104039374,-1.5673491096234327e-05,6.6009208621623685,6.010195570543614,-7.092239901940105,10.877721200091132,7.556900548583847,-10.415017797342365,-0.3805935615994895,-13.963658858766477,12.226448210037892,-1.3291401129878369,-8.312777937423359,12.969175036072464,14.758877910402664,0.0020509732645682885,101.05233217204466,18.86540914301215,-9.093545885216295e-05,88.7947776022355,-6.847143701060304,6.283781894004704,0.001218720248323012,-1.611352900697181,2.9248820254808487,-0.008422000340693275,-9.30677927456135,2.4180909128984474,-0.024790199964030604,-24.103785043658156,-0.9526789451950987,-4.081912054642819,-2.3478105225339783,8.118143188236996,-0.9731804515137913
205,3.4166666666666665,8.332439422201485,-3.7867508336778126,-12.28958957902081,6.7009115349628905,-0.5922167306646393,-10.595333740118743,7.243349897785586,2.285716414159787,0.0001488996083978929,5.08005150301627,-0.19345153876781637,4.9266725873452287e-05,5.934785213326267,6.101166112780593,-7.046035328987046,10.641345385413114,7.347050490595855,-10.636651923044477,-0.6309627180054608,-14.267557220497157,13.512042744812462,-1.3996326279418505,-8.69812862827173,15.789465840276959,15.051025187360038,-0.0011429622510936348,99.55104564813249,19.16919675220769,0.0015170670433507442,87.37469405884059,-7.4576409831904105,6.953247994106693,-0.0005016713913490912,-2.1842184378156038,3.3799667546979926,-0.0030403572376436873,-9.032549603163517,2.6036105935847353,-0.15336899626875006,-23.937933145706822,-1.062769258774336,-3.38773549978616,-2.2533418853475484,7.717285563188965,-0.9264318520405026
206,3.433333333333333,8.584898671352148,-3.7248308143784428,-12.810089044273823,6.813082213228474,-0.5641227177174603,-10.296649957051164,7.416570803459182,2.0190182398164938,-0.0006885152002959984,5.09183446352261,-0.07380447244450217,-5.35212792888266e-05,5.723491464951743,6.03133930456663,-6.410133089593158,10.58826479677002,7.030501975044652,-11.165341478617677,-0.6380693362657933,-14.423776232009608,12.893333685677275,-1.2819087029750342,-8.631648892884622,17.100192495534134,15.068824520684215,0.000408276153248007,101.08578943422233,19.256745155530353,-0.0010791290700303438,86.52129637177282,-7.614440433791349,7.604897437488182,0.0006559166273083821,-3.8628809435506133,3.59535321647924,0.005440601478295092,-8.972413486549724,2.7450933851995534,0.08805980731753657,-24.24942417437408,-1.0075203342322945,-2.9085670724688897,-2.341585650696719,7.776310843653377,-0.9712596180009399
207,3.45,9.125767816541831,-3.953007686773219,-12.693713679110632,7.361479393243775,-0.529503325442611,-9.987091081855315,7.52952186163311,2.2777084194060504,-0.0009506893309900715,5.262070967081415,0.11056165844015807,-8.209677681997034e-05,6.226097757871665,5.340065028817264,-6.340356890785137,11.018171369906979,6.554282761291714,-11.320638171869248,-0.3143126694350764,-14.400889282536902,12.27610421403234,-1.1652405750454047,-8.252051518768914,15.072846430561071,14.686767516579794,-0.0001152212645067351,103.92808352524477,19.25085378529277,0.0006678058827787342,87.59929287532593,-6.990613416599044,7.585681064823198,-0.001605555840432169,-3.854656099896457,3.195121806362555,-0.0029695075987017515,-9.148563186285124,2.7014287428090253,0.0472317846761933,-24.644938803051794,-1.1742832993971184,-2.869439542052636,-2.318715705150195,8.211849065079015,-1.0857224362074092
208,3.466666666666667,9.388776916859758,-4.0756087269490795,-12.433624924931117,7.7355802777567435,-0.4375489102783092,-9.620557103189975,7.481091909299001,2.371097560926852,-0.00043606244387228834,5.430460429957005,-0.03548323801062586,0.00010136083335590935,6.528438388659487,5.264201708530843,-6.7179622589529036,11.421120294822735,6.519352618518165,-11.164862463175277,-0.17322371391627678,-14.404025154461278,13.368376767560585,-1.1818520552998313,-8.217846568099054,14.192331973912351,14.584552198348383,0.0012938707775386063,103.37432872170935,19.45790226471897,0.0015555986399346786,87.87574924451991,-6.8576200756760395,7.129155184557366,-0.0002634971296593773,-2.971398889878591,3.3978094455212022,-0.0005404387460313528,-9.25341614566787,2.552109736903719,-0.1878811423008288,-24.917821426441435,-1.2594458709065608,-2.8040520241063103,-2.165188861068375,8.44739862141092,-1.1930085724762887
209,3.4833333333333334,9.657991327678062,-4.049314946329148,-12.373080637608126,7.877319439246745,-0.4030862485461778,-9.675472529960482,7.674379258457499,2.2258620892161747,-0.0002207940188614678,5.462856467931218,-0.17064288415225246,-3.3274717005906993e-06,6.484247237069955,5.561985994881127,-6.7943145094407615,11.275688302521727,7.178420545130888,-11.203062620244014,-0.3721721254244891,-14.270088060074185,13.273551084588448,-1.0999745709153799,-8.380697992159334,15.218256815415584,14.843141107877361,0.001685014017502034,102.72674044232542,19.589574683208664,-0.0005778597350531294,87.65019289457314,-7.217531915497012,7.054855852826802,0.0011161220994813737,-2.976096770100604,3.762734466859873,0.0032419041240340377,-9.236079819162919,2.47844200219267,0.06930922653767041,-25.011716079242294,-1.1051259918810332,-2.6772503005807144,-2.2766190384078713,8.51579818454874,-1.2294594393829987
210,3.5,9.727191870093941,-3.674990587272182,-12.185006275707025,7.783046602123844,-0.816285112767538,-10.142384747435118,7.6795956983549205,2.0831396457669022,-0.0002733127935016711,5.46517181004001,0.034896466416200755,9.212530181484985e-06,5.472739329095168,5.404993542479242,-6.6125355526773815,10.806155773315771,7.66103009013334,-10.998107045631054,-0.566820420958166,-14.15248948914083,11.557482098790269,-1.1772487949631791,-8.577478931756358,15.775006116434088,14.973630226071448,0.0018343237765735517,104.1872870601413,19.74730303974333,0.0007024121977134849,87.22748169549364,-6.371827268259482,7.3063417469064245,0.0010207305593377106,-2.5878618791485684,3.1114415767659422,-0.004948730290997971,-9.091662356189023,2.8122454259079634,0.32090753712295694,-25.03066709889897,-1.0689563999136622,-2.7732777132109856,-2.4835602157703507,8.435848332889389,-0.9376489646982138
211,3.5166666666666666,9.329133906462333,-3.203381478594184,-12.326959369482443,7.410156615330165,-1.33464532126367,-10.312681659166511,7.428863047297813,1.9489739777451702,0.00022741434909232146,5.450437859571946,0.18215824378209694,1.4843652316271183e-06,4.434512655468535,5.6977891682958575,-6.414931098244506,10.664169974648136,7.529923128453001,-10.527571720854407,-0.6398392395889405,-14.212141514666111,11.475135816537268,-1.3919104004050415,-8.752731913954703,15.318885717573314,14.933967061104854,-0.00033843833553565513,103.87515093104291,20.020020674880737,-0.0004767230051524627,86.66483418785764,-5.857617913575866,7.2129549899813945,0.0003624988317636685,-1.4346268343327622,2.6784619855498737,-0.0035359170207237647,-8.725178933197858,3.1918776952073187,0.12705075768976623,-25.088453923741035,-1.0129327623250062,-2.786836572797,-2.441873118883275,8.075315091976265,-0.521801665871317
212,3.533333333333333,9.220861190729748,-3.2709612701325836,-12.512609106483689,7.297090508947178,-1.3236498239800756,-9.943283036154847,7.581883570844742,2.1209181245922113,-0.00025093067860063826,5.439838098248899,0.11679680874510398,7.867512510761845e-05,4.786919651698708,6.229487361488641,-6.57975174762162,10.824942217870188,6.825605293354818,-10.776154721102847,-0.7822652302708034,-14.325859658819587,12.315769628283995,-1.3756690658500508,-8.58977272551806,14.839210318384081,14.98448557591513,-0.0016761805728864525,102.94353233649953,20.1331680778812,-0.00010812682938323231,87.62524613526601,-6.219858703767308,6.823608933702996,0.000161276518301528,-1.328233054598224,3.200788154266485,-0.0013046620626482063,-8.51547028634041,3.2262706329462456,0.08379456071426092,-25.07703121195041,-1.149386311050189,-2.725384309963468,-2.3858939302712114,7.899258309847561,-0.4528723531819732
213,3.55,9.428621894040516,-3.6204789061839695,-12.272425315696653,7.546808069828878,-0.9968197944253034,-9.663013840149672,7.7133936272734225,2.430090997534655,0.00022598908874524605,5.475797377123143,-0.04186267298157375,6.330948472151901e-05,5.314754838591748,6.23420314313866,-7.106208208028648,10.886918174988713,6.888541798857691,-11.383468784572068,-0.7890512958707614,-14.467405289568928,12.20398622542756,-1.21161245762434,-8.382222636002743,15.036493865029788,15.098226877694717,0.00173118270052606,103.05478268221448,20.15467154807597,0.0018589081464175155,88.38528898178919,-5.758808140673799,6.381142271963922,-0.0009001991937314112,-1.724481267424501,3.886032521912863,0.002164710065216781,-8.473164439644018,3.1626602987589956,0.01960510091966574,-25.089582346888143,-1.6226085982386549,-2.898771142280278,-2.3066739525845583,8.047552989285222,-0.6513152732545168
214,3.566666666666667,9.022807190971253,-3.6897292042471523,-12.131683869913195,7.338073465688903,-0.842885199577345,-9.600899830261598,7.336962348101305,2.4097207100170936,-0.00016750703103351623,5.396766084253689,-0.20461322222134454,-8.345105829384757e-05,4.992661429206965,6.154017340619346,-7.43598496858921,10.595205741974121,8.51521105786626,-11.64498585654053,-0.7618407835844438,-14.36469023097779,11.233807061619064,-1.2037990379611125,-8.409046376432201,15.34625204525023,15.316615543609256,-0.00462422632777645,104.78803720706347,20.349404223693114,0.0010440921956223652,88.20379765097735,-5.316961309002298,6.178007192610172,0.001889144786553176,-2.119608529651079,4.885597632268873,-0.001121288989832562,-7.987483143781802,3.0690476874822097,-0.3119650832891601,-25.219373645846602,-1.810516213954279,-2.976169863207738,-2.1229379857106094,7.807254059066506,-0.8088609746215999
215,3.5833333333333335,8.86219311948633,-3.673769740007399,-11.886331639322533,7.205004185347861,-0.7293599527345469,-9.290122435320963,7.255980001242609,2.2838472816474487,-0.00036836908381908856,5.242627851036415,-0.21832341636988298,2.23935103792032e-06,5.138034313267345,5.667795304970806,-7.739097206026479,10.194165821996245,8.738840535587135,-11.71979897579597,-0.9332529169364697,-14.123409547773987,10.229561988022223,-1.2773979387563004,-8.273819625321584,15.316455161723951,15.46332143762535,-0.004240165238552957,107.66819961500447,20.488037363672575,0.0018567684072511778,89.22696832306875,-5.63559210556204,6.37370429228893,0.0011070830226369139,-3.0575212927044157,5.211833008291951,0.0032620935374232424,-7.732220094391264,2.917598637704562,-0.22720239568212072,-25.390023076505955,-1.731990401428417,-3.0079325766488485,-2.054243343906712,7.657976156356609,-0.9488221821809631
216,3.6,9.648512234594453,-3.709657170396401,-11.63001184529754,7.81642487585226,-0.6651432152187742,-9.18788787753242,7.628434690307217,2.324179875915694,-0.00044763426752878795,5.1564345392132065,-0.16510734861149523,5.780185286260204e-05,5.878989132648818,4.832873600797763,-7.768341666240972,10.546470857801694,7.1709272555231305,-11.536048952969523,-0.7973180360248114,-14.178299585403861,10.37717325247234,-1.1651409690837777,-8.079152354271871,15.106614589772319,15.14072134488687,-0.005382424923450173,106.4064247970506,20.252496872257836,-0.003442414358271641,88.79426337568985,-5.497679648259137,6.323758359097105,-0.0002569206824741615,-3.3936956397383176,4.194845117790193,-0.0027521362642109553,-8.167592257162287,2.940308066451906,0.18063370197021983,-25.422798157081285,-1.5685401068735654,-3.2375372138192757,-2.0656312358320217,8.183748515442192,-0.9796665943458842
217,3.6166666666666667,10.093195727469523,-3.507997692297487,-11.928906740664981,8.147371442793418,-0.9798651840610689,-9.473398562070651,7.712038218980184,2.2816935931229794,-5.932950769169847e-05,5.153003865682133,-0.06912836725753771,-3.52588977788691e-05,5.607304439181762,4.95434260434501,-7.2117773831958765,11.232896198300466,6.8949494411607395,-11.415715484428302,-0.4919138706771227,-14.261166737936046,11.742323342433624,-1.175363851810702,-8.152889852132175,14.76635754585711,14.726297313751264,0.0025193021912544213,102.12621867721585,20.095887900820607,-0.00043462752988735566,85.8782293694059,-5.791339122648893,6.118524901962514,0.0005641369598661964,-3.5361256065906286,3.3527982951949418,-0.0021738241578904425,-8.246983352932489,3.098342469989199,0.3646098000439,-25.405866596507902,-1.312223433728457,-3.341122162351878,-2.166800767952361,8.436752478312071,-0.7435986630604542
218,3.6333333333333333,9.92898899546648,-3.403450714815144,-11.812761829696358,8.033186667115691,-1.1941114609449515,-9.586532693135092,7.606123091326232,2.2478861892229656,7.696005295908258e-05,5.320588725397799,0.07730975257627463,-0.00016105910008995156,4.782444395495556,5.715362605849862,-7.433521832578665,10.905758942671982,7.494267557433625,-11.474011563830322,-0.4705345636062609,-14.209336722770685,12.926763241277282,-1.3951139469638936,-8.222545458636796,14.84141497018174,14.513988939042491,0.0022111502413266807,101.51595356726473,20.333160992433154,-0.0007063618889112381,85.77096703141666,-6.867800421333001,6.2671197547690465,0.0022835392745465108,-4.268654329789628,3.2708529792343133,0.001726394473992267,-7.881295464326265,3.045709522191832,0.35000594231176907,-25.60118615772267,-1.2470246515594114,-3.3940674580136005,-2.2561538912655426,8.201248532299816,-0.6590650061288879
219,3.65,9.89702840694914,-3.61493514894698,-11.468114645792484,8.200670953822998,-0.9525551498930339,-9.795273204748302,7.598051435597521,2.3831385097329147,-1.6487923204914232e-05,5.543818946403586,-0.06592420525288349,0.00013397774844851434,4.683890886226598,5.746108007290115,-8.18501800472532,10.353574376480061,7.6005615846008,-10.992712755438768,-0.48308159325008226,-14.245755917286333,12.532487256028391,-1.481548919378881,-8.16411308197188,15.194313696825718,14.241538778233041,-0.0022300358622561853,103.1525679759234,20.420411044980604,-0.0017845388767673478,87.32254674653849,-6.536680582337897,6.0040147037718326,-0.0005331467312341505,-4.805637905189615,3.92415275640495,-0.0008761651845894901,-7.804827920531426,2.8899985959915497,0.19003136197778273,-25.695887249570404,-1.4199385785920144,-3.506206706464113,-2.0267683193212744,8.153168797305986,-0.8335199476001196
220,3.6666666666666665,10.175837850065225,-3.737495529654669,-11.639125464560895,8.613237907461881,-0.7105989589437551,-10.148602672853226,7.617835464108507,2.4383013801064872,8.855766164511733e-05,5.6035974841323135,-0.3305851885561844,-9.275987222960412e-06,5.206386171648605,5.05106435991789,-8.060805140187517,10.521973201340291,7.5498185659086205,-10.584172840447264,-0.5247849740678482,-14.41776896885844,12.38596027201898,-1.5614191771028743,-8.151686505359061,15.341577043736859,14.167064032251412,0.00509586143919652,101.31023992234695,20.466436912928422,0.000541247204492401,85.78003774882532,-6.15491786626881,5.542756948937769,-0.0041119326011248266,-5.168031177880818,4.762893744907075,-0.0007617533229047563,-7.978801876525131,2.84899503772196,0.22641972096360424,-25.523465632434718,-1.7354379845814043,-3.4588874230069,-1.8629833299271046,8.395524396816686,-0.9519842583827263
221,3.683333333333333,10.466438166131736,-3.570939962001286,-11.347875723443313,8.877722116969341,-0.8215166866658551,-10.1423166639072,7.521457467621161,2.3576394637464833,-5.7828418186761325e-05,5.567533590367782,-0.30281304253912755,2.945184414646952e-05,5.180425627711178,4.909248187096043,-7.903802831663935,10.277720713108518,8.048452939844058,-11.000986968644511,-0.5303138943358883,-14.626291503345687,13.607393491245311,-1.3495530348948903,-8.03545686417979,15.56789881983189,14.3688457023884,0.004880499612466403,98.91325459207776,20.44287271171337,0.010440611820616553,84.76586570133715,-6.241016143691925,5.92685663285327,-0.0033005527975038763,-5.02962058582967,4.307733181662042,-0.004009753332680907,-7.9009964605903376,2.9271320993004197,0.6069080955970293,-25.384775366588517,-1.9202230557446776,-3.197542382503494,-2.1172426583530304,8.590306392055743,-0.9027343931235735
222,3.7,10.357097954028678,-3.3491368263101937,-11.209860974028096,8.760239028677109,-1.0032505233522475,-10.079437855166224,7.39566310003646,2.19728172911635,-4.3764826031253425e-05,5.568593580292155,-0.3896490679247782,-1.9042848552322505e-05,4.496497522711527,5.815891292030967,-8.040943194300585,9.77921747359684,9.428446721438933,-11.13408247303383,-0.40844337628563687,-14.558834532253337,13.09875192261296,-0.6718527167592142,-7.840008936352794,15.605109971541852,14.692580276960616,0.00031507363611166337,100.64713361521386,19.77244870339392,0.008128525740665384,86.08547790292825,-4.9556657043797765,6.742508197930186,-0.0007302646017045638,-4.276209023588476,3.7301936625798273,-0.0038767874761505994,-7.385186255432922,3.0024696509353705,0.7943261940398065,-25.509432914150437,-1.6545975819646093,-3.0865567688290727,-2.204445066071031,8.402066826753627,-0.7727694101924348
223,3.716666666666667,10.3045240706777,-3.471994188875443,-11.485909490689048,8.675972581098188,-0.7993484267740464,-10.350965345988891,7.671463745778952,1.9982250919704656,0.0002013142625791763,5.632181196354874,-0.5974753010437283,-7.595774215373759e-05,4.916795666538131,6.281208702405322,-8.166869373919537,9.807077895940855,9.863017008858499,-10.640429993735543,-0.34377373961708896,-14.23371769266468,11.3879244476834,-0.48783488003123443,-8.036168282121011,15.737076103231363,14.969253642803995,0.006305410586602048,102.44277268355248,19.603594574138892,-0.00919642489883742,86.30838765327148,-4.991093133453637,7.195983303100823,-0.003898345984287088,-3.5227190388098593,4.620449815646632,-0.0003474499356153336,-6.91184651253583,2.771632417315487,0.6695199092313503,-25.835782300888592,-1.4453207937490529,-3.2816918580117624,-1.9974526685711527,8.178511263891464,-0.9212949301353518
224,3.7333333333333334,10.729171075873404,-3.5820520406836738,-11.00974989051883,9.009267082803314,-0.6353735387837598,-10.272271013606495,7.868671820158462,1.8268510547203538,-0.0005966723874323507,5.671284079485155,-0.37386549601048485,-9.814508184410661e-05,5.486556103938427,5.759807246699913,-8.531693162053779,9.731046086440093,8.479757651163764,-10.741401326940627,-0.22139523850124046,-14.217510714958383,12.395401303868717,-0.8237325477514094,-8.489259160236283,16.71987010795786,14.604832424482602,-0.0015077351991119679,100.83442195111483,20.297713567905905,-0.007261839633226887,86.16553478996157,-7.029539189970176,6.862232084913687,0.002815398514170406,-3.5039648264628918,5.2829344523181065,0.0010618604187702483,-6.862171221252,2.558741020071071,0.5961674863381994,-26.048739153029192,-1.7571554601899682,-3.0950509730844904,-1.9806842175059693,8.388868561061145,-1.1328590701629133
225,3.75,11.053970075768516,-3.3304544064637795,-10.802850041852826,9.410417677617325,-0.8536297030181497,-9.66497868517768,7.532274162504375,1.750193726215738,-0.00032612387350059054,5.712362155454464,-0.13110586363745969,-0.0001240136995007,4.7636817884539635,5.282392527250239,-8.608608245368105,9.781356339335264,7.659940021748339,-10.998928270961859,-0.2189789912594053,-14.358067493668981,13.322883667665584,-0.7330211856132984,-8.622325803394798,17.458914304903903,14.311876327548642,-0.0026529733225574164,99.99760733722441,20.12341240289127,0.003069046919146112,86.33730227854176,-7.337482331381723,6.82807046369753,0.001303363944417627,-4.109484071989785,4.691848554727278,0.0005961926095799203,-6.947959243392546,2.6988662683673845,0.5820080943967744,-26.074445168247642,-2.0108380902146474,-2.687610762927327,-1.872419691784286,8.670967640284857,-0.9883126407502344
226,3.7666666666666666,11.211856555401127,-3.227885645093139,-11.091031979721931,9.818274964434693,-0.9149808223109672,-9.551823862653315,7.435521089405632,1.8013088841844909,-0.00019678555467047773,6.011629326192941,-0.35763611734088474,0.00038904642586482625,4.546845510163819,4.88118093590091,-8.722903838052147,10.280300864963467,8.309503490943309,-10.490350366046224,-0.5477060922709435,-14.130552447514559,10.992473829640097,-0.4783933553709835,-8.517363244339952,16.956014605118018,14.997330370223942,-0.00529988798073962,102.45761579123675,19.362382276818757,0.0039013764431547826,85.01335411859985,-6.217189545476663,7.651684280332016,-0.0014090409833113252,-3.9126784052187005,3.6997667689490186,-0.004841251886688887,-6.931866476520762,2.7005220679143336,0.3975317523976439,-25.734501144516365,-1.804037080632034,-2.7467907692517577,-1.4668966153749983,8.780546407925689,-0.9101603135910923
227,3.783333333333333,11.431592807376145,-3.104867107403076,-11.288709283013334,10.148296987462299,-0.9729148420064325,-9.87994206361274,7.677165394451492,1.6453429469852368,0.00013911231703554478,6.340681388568205,-0.4820195491158722,-5.341154222359086e-05,4.657129345246675,4.766260784782444,-8.760958536382145,10.364608671572817,8.427379344375845,-10.224460199789995,-0.6596994073516683,-14.084386246775908,11.14514535245235,-0.6961052659968127,-8.492288719725462,16.244980168547258,15.35615043650618,-0.005437734193616815,101.90927927272645,19.408688080431563,0.002112987510937688,83.3213101376522,-6.5119968645328505,7.145300271646116,0.0053800496345184,-3.5659008823527345,2.983907303861145,0.0017969834070217612,-6.769629840142677,2.7171130581832537,0.1970140689795052,-25.229477439298442,-1.415774481025139,-2.933567980175249,-1.2908310185112377,8.808990735016314,-0.8657449829365523
228,3.8,11.6420287311625,-2.9257202283697867,-11.944976588236237,10.124988541911282,-1.1931201909756535,-9.820943606365093,8.000677977364026,1.337965263396707,0.0004786411080154509,6.273974283079863,-0.21294113849637605,0.00014805361789495372,4.1767241297304505,5.260001113714876,-7.8610048555035466,9.996448496347615,7.838931509018865,-10.665779480376148,-0.3745571329744167,-14.342131470952355,14.0427046371439,-0.9783342261903677,-8.41487572115514,15.728111836194307,14.716849530030554,-0.007254611986206493,98.16964194559498,19.749815022435026,-0.002715744908473181,83.63923416434142,-7.087606953508557,5.740649704694135,0.002034282266263486,-3.698044730581403,3.1385653247926038,0.000741753451197634,-6.484736383343396,2.880097222640966,0.3044388434132092,-25.185901568446255,-1.1813559389820594,-2.81962738677432,-1.397859827538652,8.726366540006124,-0.7032387297117945
229,3.816666666666667,12.067077357085028,-3.4491244037483497,-12.25162562144266,10.277571556157056,-0.867857173637443,-9.42582569912271,8.694270549889273,1.4606067540206529,-0.0010086750210777427,6.223270442468189,-0.10251758851534488,6.721309634042901e-05,4.874799645808701,5.529697773270841,-7.4659028776418355,9.904989515212005,7.930093463766947,-11.011231262281166,-0.19802562271349475,-14.246730134112529,13.662396364375248,-0.8960933708915034,-8.330003183780212,15.467703451659528,14.365824682568755,0.008414262827210207,97.93671784076173,19.721060789966746,0.0004786167566193481,84.6156000627493,-6.488271565625185,5.79980721579558,0.0007959008435077423,-3.686279158545607,3.72095688898993,-0.0019230725940714126,-6.333666645053977,2.513774736019241,0.4199835381389262,-25.43751374812513,-1.3242839998195606,-2.393592956933302,-1.3505581260144695,8.771139521683702,-1.036553342861534
230,3.8333333333333335,12.6001437969291,-3.9150034343813775,-11.974681042887463,10.892435292401409,-0.5127079236363978,-9.105602354748719,9.115927023343426,1.7421229499606425,-0.00012116741709245907,6.576648652897789,-0.15611259201646213,1.4641163896728842e-06,5.678122361056096,5.06433960527655,-8.08953613318856,10.06707120302036,7.876510188786223,-11.035830151926579,-0.3515088746353453,-14.111953193357547,12.176930746642578,-0.7403133567712571,-8.32721530857843,15.661786467262756,14.83246471485505,0.000767258079129962,99.36994643776875,19.535231418780917,0.0006404918272220637,85.01696804777293,-6.817139585309144,6.350260784267264,-5.4802031284628494e-05,-4.029107034632235,3.37955501744579,0.0012151528006082454,-6.274726799652711,2.1908982716169065,0.16659849979421135,-25.66285627519921,-1.6823154387152204,-2.161043746073196,-1.1372420346761956,9.013861232179778,-1.3928236339167424
231,3.85,12.976057799232146,-3.619873978816884,-11.748541675725816,11.375251540589021,-0.8283783007756779,-9.122205876831197,9.018549003548442,1.7456166366861958,-0.00019672521770106323,6.923411058685501,-0.048863395697799884,-0.0002527875352090122,4.508978485955328,4.692100089115996,-8.402354974468693,9.838326276745093,7.518902440612506,-11.079290825940685,-0.6033871922645334,-14.222108737857702,12.133215389411891,-0.6846501725168084,-8.15525533707996,15.117229903139327,15.437748119680126,-0.0022818474087701406,100.68548791248014,19.4964644949975,-0.0006856614869777562,85.7823760706143,-7.635780793300545,6.548057284859676,0.0006983965657135066,-4.3416012389461445,2.8032532918250306,0.0011605737247174929,-5.9755311489357394,2.489633308291442,0.08236033367544163,-25.75666106168848,-1.8165926675993933,-2.436299255800966,-1.127840622979651,9.127220218437383,-1.1360117566241394
232,3.8666666666666667,13.129557326845925,-3.439817955838617,-11.308832803227936,11.394989316937432,-1.0028837989442438,-9.530964650602444,9.268410531141964,1.6886030538649524,-2.0602062727459217e-05,7.0790603993350665,-0.09944427420050071,0.00015970237875373796,3.817582135166757,4.978737635595891,-8.552124596610646,9.383772551789002,7.836881219787769,-11.010273186869181,-0.4454721286615992,-14.314378020586874,12.466572476136651,-0.6836070273200499,-8.26838392895865,15.0567553104853,15.57994608559844,0.0013567050476834773,101.3421800589543,19.998140785106134,0.002119577287106383,85.56275530694411,-7.1147717185314585,7.025958059065895,-0.00028134803416465115,-4.660044268109222,3.3413769768974384,-0.0011903310406277318,-5.2783631022238335,2.5866860057094563,0.4496626671054918,-25.75408592771785,-1.7199896587474808,-2.7105681571771223,-1.3182531299601228,8.904801677545201,-0.9626805056106613
233,3.8833333333333333,13.156303760889424,-3.3731183689265523,-11.341237995869495,11.48286020298588,-0.9111984889392526,-9.747094263943165,9.606774878152454,1.520952708763869,-0.00013127273202517064,7.396619260572909,-0.36600532518928136,0.0002775506282482703,4.38355903033349,5.077284023423819,-8.573919273966354,9.383315051165233,7.922210479678816,-10.808536976146993,0.21541361458034783,-14.421301897815459,13.74748010685348,-0.5892735448219518,-8.83551294582106,16.819639019436366,15.17479442989649,-0.0070579876181336,98.33563778547393,20.55219893683111,-0.002202092995263438,83.96522577088385,-6.996512166988332,6.708344428541786,0.006231248743450528,-5.503350351619153,3.9128886555973357,0.0031947940638912637,-4.514702288129758,2.5287003825011602,0.5851070125715816,-25.940928590694917,-1.7300023122290251,-2.7314761941380823,-1.341809656718653,8.651196696026549,-0.9761672136210225
234,3.9,13.830021768438327,-3.2546794465844475,-11.655273202064038,12.319894460078407,-0.9524739527485634,-9.599172924401318,9.943885612440926,1.2939630054288045,-0.0005035253892816761,8.12529501353804,-0.4576462338943545,-0.0005702534172791478,4.409462006396775,4.963427401309869,-8.179463933302438,9.832259138630565,7.383034299203924,-10.959386796925953,0.752882254538863,-14.463068141371442,14.5362469975082,-0.299175080799786,-8.785341121681725,16.990211081797362,14.580676497057185,0.008939486998736618,96.3738867888172,20.276156464692207,0.00038003612457598277,84.02888418011548,-6.916509870942474,5.094723749301928,-0.0034725936241170193,-5.307616749422712,3.4867105435943944,-0.0009606849676365832,-4.319876352520974,2.632273204904851,0.47760495362062827,-25.98689125492366,-1.9272345867914096,-2.5836879019639194,-1.3607834533558967,8.92197026769989,-0.9080458477913248
235,3.9166666666666665,14.875604840063833,-3.426204923010282,-11.118029991731103,13.429845077848183,-0.9204275700504239,-9.91130422030762,10.797975289490218,1.2637838024078736,-0.00035173119921501925,9.191546984328236,-0.45759735242141125,0.0001238510138715158,4.5946951562876865,5.278242913441588,-8.31313276310253,10.230849587494138,7.1795108254701265,-10.824362776870725,0.8321340954389805,-14.257136437908198,13.35645265043518,-0.32897711728999807,-8.387817313939276,15.194983809585404,14.410620930135561,-0.00046215204580063094,99.75845120885447,20.01717561310505,-0.0002474423258814108,85.2688509359891,-5.904957886311535,4.2736271743924386,-0.0032476850873070324,-4.354110042084214,2.4438087294206703,-0.0011400215393948764,-4.262878741623608,2.491586247444314,0.4734293109963548,-25.613518367984735,-2.0069306460857796,-2.223402196889219,-1.4791693853309198,9.272098310712519,-1.0023780569311642
236,3.933333333333333,15.325649032990189,-3.495674874100907,-10.684133122770136,14.147179876344843,-0.9039846076856296,-10.228538864531442,11.51560020758547,1.214723471854179,-0.0003293796123274021,10.271106475395435,-0.5364109074203623,0.0009197900306287254,4.818907259654849,5.305463626725043,-9.007596201803082,10.202215513042363,6.955812940009379,-10.207004729283383,0.7563852669813022,-14.132382675252918,12.117346388527261,-0.6917842030557751,-8.647217337869774,15.841890571566678,14.820663648151754,-0.003943805850110173,102.03283251012681,20.648275692024487,0.003962932168611584,84.12913450608099,-6.298219787055432,4.899580368754725,-0.0009701190030165684,-5.078422309009801,1.551969933285546,0.000336364121285393,-3.60630568979753,2.377089966866024,0.43493446525260054,-25.317323034611665,-1.716121307542476,-1.8172394421028304,-1.2908381208323565,9.132492356769115,-1.1094044644949121
237,3.95,16.133570814153966,-3.4727156073549414,-10.766205558713981,15.071598750277627,-0.9269147104799169,-9.630281991840365,12.28216335461275,1.0103752587774428,0.000918862273593525,11.397766131903552,-0.5537246249648441,-0.0011141452179116434,4.391956540638879,5.044169617346351,-9.1200316115328,10.33043861712196,6.278713322578183,-10.454121635835637,0.7038681130251213,-14.507427737349676,12.51499657359475,-0.597148200790695,-8.89263550380175,17.563363127819226,15.263856690000402,0.0038830698039493267,98.9909198689379,21.014803589663572,0.0004896663627437092,83.31023237001925,-6.843431838669835,4.907714078035807,-0.003746248336884823,-5.778780111601979,1.454314281925966,-0.004529886681467134,-3.0924324950566056,2.4957884897465896,0.5824797124941478,-25.063994801301718,-1.640000392879289,-1.650511454272916,-1.1710368367491502,9.220811586672,-1.1041561239584672
238,3.966666666666667,17.700106072495966,-3.720757434668535,-10.449444978647952,16.513396166471164,-0.8187194683160651,-9.083421805487252,13.985028516483828,0.8463327216628936,-0.000136948469949336,13.031057911842804,-0.6321373848268894,0.00011748960647789289,5.307316308754855,5.084423274640118,-8.925154132298628,11.04274582233925,6.321526949315516,-11.086211915993765,0.569165804691585,-14.935084047130797,13.495496719543775,-0.3109709372048079,-8.67028981242363,16.531348179625223,15.686001866411955,-0.0010269757325991544,96.06653492705311,20.755100661494602,0.001815707270950421,85.16396959008611,-5.616912216285373,4.367230724636825,0.0009211584318681875,-4.26316296052237,2.015547138670227,-0.0002562024283158187,-3.0805592402314153,2.374622773858252,0.7583170055804046,-24.777737494065768,-1.9089464889275636,-1.7660749027143159,-1.3650507647694445,9.670095690603599,-1.2124216829997079
239,3.9833333333333334,18.95560816191648,-3.81889716857658,-10.085967595327409,17.91141587351962,-0.9195511999703014,-9.41496382299635,15.9127885218476,0.7771149726234969,-0.0007738470072769038,15.03369417714316,-0.9165852952184639,0.002144678015451509,7.176970357876896,5.162862325265662,-9.14416444811792,11.625365877749417,7.081154549483098,-10.904923450547411,0.6395506071133026,-14.913094530694565,13.5023999794554,-0.14314626340267492,-8.691021999193667,15.646257148744056,16.202961618390297,-0.0015510180139498215,96.25591985402816,20.904205926409784,-0.0012911663202273558,85.85161472087506,-5.4941317848795155,4.452072850462322,-0.0010401764529615843,-3.7531696921050335,2.4939917058990515,0.0005402392834263443,-2.5303257969525257,2.2081344346427487,0.7121328632015643,-25.05189632428182,-1.6290281401934557,-2.189267876251286,-1.4301137638983081,9.756622775562336,-1.2307073752017965
240,4.0,20.264831889148187,-3.680985064992029,-10.161599339262285,19.25867582611165,-1.3432953734297968,-9.768743984521878,17.597730397871437,0.7047557965548621,0.002129791273635608,16.932313522396967,-1.0849155297825288,-0.002984440086841157,7.207992356762703,5.294082680198562,-9.105624093307203,11.92940322756824,7.6636873246503034,-10.78197748915105,1.2186272377797311,-14.923162025805365,13.622044567328533,0.39014656752392013,-8.933107154270438,16.826464945481135,16.355091650558826,0.003988535823701924,96.91078998080229,20.967194301681488,0.006518337342603158,86.48620615674965,-6.167822232494386,4.8553582816546115,-0.011400354337621446,-4.878399842878992,1.7804803032700678,0.007705414111248862,-1.4543491347855209,2.3693470442269926,0.8658535470208883,-25.615689261586606,-1.3169766984271587,-2.721491498016487,-1.5480204823406352,9.733709971234713,-0.9997617395075914
241,4.016666666666667,22.15756361748234,-4.028044028706686,-9.999759227283823,20.882761110872227,-1.338306907595679,-9.876957912875213,19.724381451458438,0.76013717135429,-0.002546118961997758,18.860354202051546,-1.2551516659108863,0.0025398216441486045,6.968227821929871,5.106818182966141,-8.800220913682626,12.411921421564251,8.117051492371019,-11.131547825337876,1.846604737554215,-15.045329223443085,14.088519938162637,0.9299830550822158,-9.240271893688858,17.815180267859855,16.491320773677486,-0.0037841825382040647,97.53303908409698,20.77431810462667,0.011469882833693854,87.66261853588809,-4.75536432360104,6.8134661728654615,0.01899176255565442,-4.223128144494887,-0.15995121171008544,-0.01034861518864864,-0.7139647415208333,2.2187747823399926,1.1097726966534724,-26.055041418990847,-1.5882768496167432,-2.751824109707678,-1.7940640655570623,10.014077799204935,-1.1049091090466527
242,4.033333333333333,24.14720404182758,-4.599408990679726,-9.675674293349147,22.570840425839716,-0.9935388655328408,-10.167183623646773,22.327404623547228,0.8564895186384798,0.00018781436737993858,20.95714472608982,-1.6465393335087817,0.0018717912682962817,8.244180377707563,4.366064675224423,-8.749825597825842,13.323119748346587,8.316952723810571,-11.560639490473772,2.2196443876857592,-14.916626957950646,13.758636096890983,1.0483459431434272,-9.566473719416546,18.009258237865712,16.828192053842933,-0.002759876198038687,99.58266339879789,21.24317686135101,0.00752519648602644,86.49085984383663,-3.908500012863554,8.722561213241361,0.012642755924238611,-3.17901763724529,-1.2392701931318049,-0.0017688065537336145,-0.13044630533425938,1.7788044157652323,1.1545746590878607,-26.709801422211445,-1.6162305722114603,-2.0499892622075815,-1.9790623811674761,10.29292408179938,-1.4788032562916769
243,4.05,26.128138763831867,-4.693046425746477,-9.990377471422855,24.362197765856415,-1.1913376432429321,-10.260613735997065,24.78234830119185,0.7995417193898477,0.0031183840448811314,23.20187079309199,-1.9008859341462219,-0.0044122729637359115,8.909599287567518,3.5089792871391983,-8.52003726892595,14.321397315998414,8.31232846571264,-11.83772904808805,2.4677795595796783,-14.872480193810727,13.79217455003263,1.314377994813651,-9.460584235800768,17.363848393024576,16.647382358124432,-8.293553629884297e-05,103.66587075672587,21.589210227183255,-0.0018688398976312566,87.16167467696991,-5.203818456096908,7.418384951323084,0.015019805274352142,-3.329320836951431,-0.12452689441628884,0.0005086459500755433,0.4535978853898948,1.8807128597815117,1.0757823613480784,-27.424937208201843,-1.4935147560707576,-1.434937579550061,-2.0297107602891753,10.55238548687689,-1.3881262879983494
244,4.066666666666666,28.172079910687852,-4.76965462232864,-10.05789098670204,26.50764883574541,-1.526351038452034,-10.473846348661464,27.00444118079897,0.880796480259916,-0.004453578250213592,25.570029338509514,-2.1815896935059182,0.005355254787227915,8.704496580794324,2.99415098277673,-8.4632342223684,14.52580432503375,7.8122076496999675,-11.195953637432082,2.5631039625757053,-14.992323197569666,13.894837500444186,2.0137206465891397,-9.35926990493147,17.19277267360985,16.916787614183697,0.00490242008363597,105.67376851425892,21.481775029980838,0.0012251124604788597,89.88783292814199,-4.720472962709586,7.0473614121475645,0.00037982556892121296,-2.8889484502990572,1.2502410727940902,0.0019232233619105438,0.9609810339853039,2.0683364415194956,1.1894844422717414,-27.924167842597374,-1.6735564724732812,-1.9047799033300978,-1.9086526026213009,10.976074448968054,-1.1763601801506554
245,4.083333333333333,30.44558102291518,-5.255644699856548,-9.737869629031394,28.75397834057186,-1.3867616372305747,-10.605885794339018,29.442373288648028,0.8346167602517586,0.0019385696125233038,27.759090530487907,-2.3790843768981556,-0.0030682494973288802,9.043460413018218,3.6886377125730148,-8.553278855363452,14.69351466249556,6.666976467392402,-11.078275744777013,2.6695997348444984,-15.035921630674576,13.438046693055746,2.6366577653591143,-9.664754305718457,18.45396287177418,18.10538254241531,0.00965593384742738,104.04262384179607,21.95778719275173,0.0026686710149693175,89.89138789411022,-3.5131979303930065,8.426461785299738,-0.021223835597033135,-3.1792633216701365,1.0430986682288867,0.002745358750821239,1.5450442643360154,1.7458937214702686,1.513093767066321,-28.657096734867235,-1.979006202051026,-2.592891572943388,-1.8719915880231206,11.516179786582612,-1.39337534297621
246,4.1,33.00562655050248,-5.832226320735929,-10.194230165962235,31.062361124024996,-1.1777900637533456,-10.140106120147196,32.154592560203035,0.37261231256184857,0.0031856517285841993,30.058243758433935,-2.319270137033407,-0.0011190286290699825,9.880862977164302,4.996230748251084,-8.01146656286296,15.886405218747559,6.413719671302661,-12.382607935530046,3.00019606524419,-15.283806940062707,14.729676051427425,2.83086291678925,-9.894508772260403,18.840008118242416,18.541536480631287,-0.012705724987652163,105.6346673684138,22.714546021525877,-0.002753895976943083,88.95017987987464,-5.433613504604909,6.534303905296297,0.02230109460255296,-4.203322327297595,0.02144926929676649,-0.0011612390967624209,2.0674170305344917,1.4243918144319756,1.443302357461986,-29.984273855551926,-2.2837876467092295,-2.563857894108507,-1.817003365473592,12.100298341561261,-1.6880963745077153
247,4.116666666666666,35.139898642324134,-6.267332082745478,-10.558194422743071,32.9777872369446,-1.1727969096014934,-10.141559663358402,34.93062976082239,0.11243732468049829,-0.00522023629026902,32.57469113675396,-2.4764103085798976,0.007386443714775778,10.882263857658032,5.063202731285377,-7.37659961947279,17.01993251299978,7.006633912104808,-12.647815609672476,3.474440751823298,-15.930935918743558,16.816822516252063,3.053392350918326,-9.932345187744062,17.467772782060955,18.830665936518805,0.036854060820450056,106.16983496092958,23.052037894534983,0.0013133757348791247,88.77967633988561,-5.900994817951287,5.27391022945489,0.06579764600847075,-2.3032029435401804,-0.9440832087286767,-0.006142536565476447,2.933951545057435,1.3573300833604365,1.1216394767105082,-30.845458151926657,-2.1970392380006523,-2.6502360187471132,-1.6649115528567084,12.245529447077818,-1.8441528817910915
248,4.133333333333334,36.8970707947429,-6.767098493083351,-10.350272558246536,34.47229729870402,-1.0636468607399003,-10.17055842874276,37.705975458617175,0.1629376107694346,0.003603655577874832,34.865018415364766,-2.520198686979102,-0.008775193420830399,11.79861733379319,4.257299654252435,-6.993978873383862,17.396260788147835,6.558743994580496,-12.08908160036346,4.000288343607327,-16.383395739109538,17.15091481813023,3.66809439419147,-9.82302773154597,16.145712778034465,19.423078097028924,0.027047228797603858,99.72064911225027,23.206852173109127,-0.0016550370490266398,89.94747123220108,-3.0708262519361456,6.742063969624895,0.0630133290776149,0.27496662092093827,-1.13446143398881,0.010772773597114054,4.095656310121355,1.2567793497945383,0.9486767680888883,-30.723768101990796,-2.0915585212381558,-2.3753768693139015,-1.544571018205808,12.111528430417946,-2.052848601526363
249,4.15,39.05850817391294,-7.433456035349293,-10.14705581647388,36.707201489454235,-0.7286409565373776,-9.761064044695292,40.377807005933185,0.46047913574642524,0.00021073523458022548,37.435533664376905,-2.7663869389606215,0.0033121517176439253,12.645321977904871,3.9057462584144798,-6.930432272143383,17.96394031809654,6.029005548313216,-12.314599695321158,4.403421275262563,-16.353876914773004,17.516075333775596,4.396019203745846,-9.808454115877804,16.618634477904966,19.234664498569966,-0.018879913582545798,96.67215505408718,23.539203998602762,-0.0003743086260043688,91.63213475989903,-2.876211359127702,5.896009917148206,0.008749975303826653,-0.854768142472111,-0.04131949567855362,-0.011093340723580206,4.797626392405081,1.0789746585674695,0.850293998193742,-31.109095786983584,-2.197157994134637,-1.072039081307178,-1.3144063750821455,12.477122129042183,-2.2304292688855796
250,4.166666666666667,41.2395615858614,-7.910397459657626,-9.485634800485363,39.1201966292003,-0.4210817401296021,-9.73084460701098,42.96633614303264,1.0069915728899552,-0.005669764454414077,40.33581885850298,-3.595024630316982,0.006815752862553941,13.274530271691932,3.9305371368485646,-7.726318733316687,18.623079889004142,6.758274296638382,-12.68964767131405,4.740863436139048,-16.400272309634165,18.300681974656836,5.293330589644467,-10.011258779499348,17.88817281633447,19.674942750029075,-0.000595372072850156,97.99055007569937,23.996417175949038,0.002113810977129269,91.65068269979663,-3.7121623798847163,5.536086442522347,-0.008046592558552664,-2.36481023955152,0.2466310910995681,-0.0035778516346907673,5.7793678079669215,0.9364284795635546,0.8735820122296146,-32.29116730399197,-1.7095842268156765,-0.15868364740819532,-1.1678081691574809,12.755575010995347,-2.3029787480193042
251,4.183333333333334,42.99609828055631,-8.012748880742663,-8.721667929527404,40.78847581207423,-0.2664652756341206,-9.371804746556354,45.40045499715385,1.028149795901427,0.006399841091350203,42.832648604148964,-3.7345822975535596,-0.008115551923385398,13.280568719188757,4.474267561106718,-8.717850562246456,18.691035751208254,6.445480425843902,-13.263464205453431,5.6685529948538065,-16.487009234910676,18.47227000190863,6.592026572619115,-9.738803323804923,17.619241868234504,20.01984107814088,0.023068763382452957,97.80797018269648,23.990447617972738,0.0004518119063914026,92.6959080417626,-3.5929101215579737,6.561868435576066,0.0059325504860617655,-1.8008102957884176,-0.6087614893337948,0.0030340314663720564,7.44205994547608,0.8555416604575348,0.9373123295324415,-33.433002999037356,-1.409337695993314,-0.0692768328349593,-1.214711979152785,12.509184393953735,-2.3895596636860246
252,4.2,44.85549637179581,-8.190635436965648,-8.440142633028485,42.62963733219769,-0.13977089398551146,-8.61204039771772,47.65376064968969,0.7706261196617262,-0.001599641123734882,45.231114374647966,-3.258753095132395,0.0023447814778318346,13.519982823269082,5.03822218925982,-8.84867416224493,19.225294658235583,4.839804961814346,-14.269590607285926,6.605537728242847,-16.51642890172467,19.188817237896867,7.771904860348717,-9.305815919184308,17.0089776978102,19.211949133372098,0.013257132239196895,99.5604231781415,23.706123440658256,-0.0021735567474249888,94.51603933689755,-5.754248555838702,4.595357236422862,0.026182411444255944,-2.4682888119931614,0.601236009192938,-0.015325661965960264,8.672659716911834,0.7816364031726792,0.7867928139048007,-34.634221998253004,-1.7130599601843874,0.1623487540625632,-1.199557906862477,12.49629175711906,-2.5128781740061426
253,4.216666666666667,47.18805983497371,-8.722789376542131,-8.20101335769782,45.08902524117495,0.08768506491386244,-8.374422639071948,50.02806456531839,0.9331800487811949,-0.005682133789825149,47.94061963949349,-3.3065433221632743,0.0012516087405496355,14.130555757284784,4.653955845242921,-8.468176585447843,20.339895243688396,4.548565252041921,-15.03691497498112,6.63209844503819,-16.63619599582494,19.070474401151607,8.455436523805162,-9.535038053855763,17.603873685997186,20.021128081439684,-0.010981538963219692,101.94614490651888,24.23244616534935,0.0038797524195663563,93.79963780582312,-7.156181753876777,3.212217080147934,-0.010563750709231165,-3.363352876652461,2.54207921837968,-0.010254450255558862,9.344370981119267,0.5829909024821802,0.35594224399708135,-35.701306115406155,-1.1933221085959385,0.7320414199617093,-1.130897634000088,12.929167767831087,-2.6958125593575617
254,4.233333333333333,49.55464126978756,-9.189972562378076,-7.851330812308468,47.403709338548346,0.3993825082511238,-8.703386418116525,52.56578058101978,0.9272623047457309,0.007789947255313982,50.53399797940148,-3.9496912369139285,-0.0025611648263298517,14.075563728916302,4.469085004152313,-8.43145394791869,20.361706343026444,5.162928175859965,-15.246196369999303,7.1155635080831905,-16.487870246770438,18.019950815917937,9.166776233787717,-9.711852480051233,18.11693143225932,20.77964363639312,0.02877851510270128,102.92686425216405,24.913178818511906,-0.0011736599257664618,93.01399474250653,-6.413958047365161,4.053400885582564,0.01209053338275859,-2.2184670624214,2.1620188769572515,-0.011093511581791199,10.186946284147679,0.29059622499417875,0.04439783370604934,-36.43654577000569,-0.4452593048784978,1.103642398253155,-1.05380238669647,13.251901171814048,-2.9084292382034564
255,4.25,51.099110455733516,-9.401449686459198,-7.398427993328052,48.98348026526803,0.5296055159281644,-9.22684658800019,54.94956841293127,1.035657175224507,-0.0027877209635257558,52.95921202492931,-4.787650553469811,0.00489647794505815,14.336818571525873,4.580555008828648,-8.742139587989369,20.09667589638613,5.16936071049435,-15.31827009481091,8.487902855461922,-16.37895219778861,18.761320526248024,9.923282700850933,-9.549084926972046,18.617626457163293,19.043442822297475,0.019984222647592413,103.28352588232228,24.916974970138714,-0.0032405055699544208,92.88866414091565,-6.271689057714865,2.4897026214459865,0.002381525701440612,-1.5292209611184704,1.1938391469429408,0.008117317544603642,11.443157642811974,0.2829439729610819,0.004224574802654721,-37.175922311622564,-0.39722794009565865,1.0809038180716546,-1.0199433140892864,12.935859551861906,-2.9017586934566233
256,4.266666666666667,52.1895561828515,-9.46096262709317,-7.1100559755684785,50.373896911019095,0.26676902238796896,-9.121296207244386,57.041966029388604,1.5644649915053503,-0.004998003354284262,55.5612861134336,-5.015010616238305,-0.004070282372563557,15.305796706543251,3.5463099926183754,-8.68332563886076,20.7032582140465,4.559515357825454,-15.712739877406108,9.476647162312403,-16.351657289391532,18.650118690365748,10.438326272227924,-9.612481685387195,19.160309405210096,18.156948472924388,-0.0008406329160572568,102.36856501026428,25.05323323307805,0.001899548338583458,90.35848953993725,-5.949314829397291,0.38444752156369516,-0.01019175804056408,-2.431854585041956,1.646339243707612,-0.006201005203315577,12.827476788872902,0.701034609051247,-0.07797183394696536,-37.70901199029369,-0.13255237847307513,0.9667167149001853,-1.1802804053752007,12.461671857603205,-2.577359376492312
257,4.283333333333333,53.764989469525396,-9.540893680352973,-7.273715757266442,51.99314657812083,0.09105134430359621,-8.450125641440895,59.18737089064354,1.3957660549267321,0.008301924549625158,57.95177571090721,-4.588698958364328,-0.0009696818237403822,15.35364938437991,2.8440585572321155,-8.299038957663866,21.016515412704024,3.8842402489091254,-16.09724993173932,9.874415071799602,-15.946394354485278,15.702003912403509,11.29799635586885,-9.350537102769144,18.394610943292694,19.34416989254572,-0.004236917052124191,102.51269387864629,24.9206577517546,0.01696289242282701,89.63127137836942,-5.865188609094548,1.1815979468982336,0.001774530373598754,-3.4588427806503503,2.9289945644139186,-0.006905247947407478,14.00924765874895,0.9517309356439485,-0.19001818320702055,-38.00252522096358,0.16367663201305493,0.9774391645676498,-1.269462364009428,12.396897128619049,-2.4235589602760714
258,4.3,55.41955222359658,-9.921823870068762,-7.315485905240997,53.48816614736953,0.3202397792695182,-7.970556177341646,61.39482269701862,0.9423257977535953,-0.002867813002517171,59.90514977036699,-4.237931682099649,0.0036657605825297893,14.95161028494715,3.7282719038571845,-8.333870252522463,20.70699988913183,3.489375444078328,-16.330794124994373,9.960682451808395,-15.811923137790412,14.841615894436817,12.428069900827778,-8.746703495477819,18.142573430597277,20.4478243002824,0.007629267731116966,102.90758837962197,24.76487829906444,0.005920989288390771,93.34174057104616,-6.099968307630074,2.647349126373744,0.00283657217368524,-3.956293684538118,4.674776975163669,0.009356133305701215,14.902392793885793,0.9425754606610277,-0.5099400682529094,-38.388369377730605,0.05825227240186814,1.287120410743302,-0.9428740449492754,12.3459218383513,-2.6138993893288665
259,4.316666666666666,56.760196688075546,-10.204155629963935,-7.200797919341522,55.01436066074854,0.34303400215624164,-7.434412844759845,63.21541620808642,1.067903340628552,-0.0034096635257400984,61.90114037746413,-3.866860748271787,-0.0041564290661858135,15.203296694365143,4.106067614358354,-8.470398191015207,20.44746284314082,2.744193901988906,-16.544969770977097,10.438155694095805,-16.288300913863115,17.72307215917688,12.905099801504237,-8.724305149378164,19.66079430758308,20.43676559306218,-0.002758200697404488,101.06560296802526,25.785706463205777,0.005827354746868602,94.25393230800314,-6.239582844213699,2.8343039648239796,-0.0024330836459535354,-4.7466096951781385,7.179073114064968,0.008253042074490307,15.494898122470602,1.214707077428072,-1.0189814548219125,-38.644028975905776,0.12170107551527465,1.6379317477603734,-0.5921956928269819,12.253340929747697,-2.541943150311829
260,4.333333333333333,57.859010139874606,-10.174150617844541,-7.173622484671702,56.289208003381916,0.051799415638344636,-6.973419610895387,64.97791185241806,1.1769545402191406,0.0069853775535244885,63.92468660391965,-3.5625504506630357,0.0010485043672370457,15.521385976201122,3.625548613602222,-8.29552350745385,20.636376021397453,1.9796498135083993,-16.565252702745312,11.211491107524754,-16.737000374396256,19.707114016728646,13.003341714021289,-9.054133294014052,20.293024902644355,20.061994814503734,0.0022600514347649145,99.28150153669903,26.30543703214214,0.0014902679001192857,92.91403379130584,-8.344995882732656,1.4833707714497482,0.01876147522533546,-4.645629269758681,7.38889159866964,-0.02003401267682824,16.29489906666597,1.5479550199862093,-1.1352631056241194,-38.922890454640765,0.24925966456824294,1.6865385282317282,-0.5913704766700815,11.999390330799502,-2.236277184153385
261,4.35,58.823958562299985,-10.415636486021537,-6.543653718870592,57.20686112576938,0.023198347434376734,-6.63997192961126,67.00116424814426,1.6221001402468354,-0.005485696163628031,65.79375222182777,-3.457453036477088,0.0037784074145091784,15.868209802083364,3.9565709586424833,-8.554197114110046,21.317320343252945,2.255072230027655,-16.462058597242887,11.067593310098477,-16.843171006569246,18.37737303429168,13.247876472541536,-9.081829834490097,19.42727927643319,20.719686185973128,-0.00305738131847043,99.71216184025184,25.607957828036774,0.003538164920011777,93.49262684927862,-10.904107475856419,0.34198548099919357,-0.006361700436765349,-2.5935128051284075,4.476880868541781,-0.027263963882824906,17.21303064844034,1.7241280994744501,-1.0495892194618464,-39.750857818712525,0.047853232892000636,1.3904426815622595,-0.4620783374584011,11.526698165439965,-2.153934256060803
262,4.366666666666666,59.78256339296303,-10.71476482879809,-5.951165142241104,58.3754332422979,0.14927022481711819,-5.728763056914888,68.65979820081047,2.2393486562842204,-0.0010282535737358063,67.65856567183307,-2.9829211525235286,-0.005932957185382321,16.415143855178886,4.328373331245039,-9.07665353041151,22.000407322625737,2.800262259546032,-16.65549646455328,10.640643467946624,-16.46772109505163,16.75583775567981,13.280483089175378,-8.9604550972567,18.765365153555624,21.476951491504064,-0.0060570562332434505,100.277289116568,25.42254017965423,0.001840990162813748,93.05203704855369,-11.711482296678893,0.822600339017487,-0.003635038684235668,-2.4557881160648747,2.832711351537851,0.016555721953602956,17.51968326872788,1.8841117662946332,-1.1147358120337825,-40.4492366845879,-0.17399810227664814,0.6126634393757407,-0.09326428240943171,11.287925351040771,-2.0529261639591923
263,4.383333333333334,60.26950496183615,-10.627835857047025,-6.388426648477223,59.198391047816806,0.12191555050109838,-5.331527197865605,69.91639189461144,1.853458610434925,0.006045972790221972,69.49872025641574,-2.8965275506291963,0.0007753754833391339,16.937327564511886,3.967276251270817,-8.928188286023497,22.50958533586375,2.6113287995794114,-17.046558356192314,11.006541640068928,-16.109100475981705,16.848153146433123,13.132349976839441,-8.940126317657715,18.331175803215483,21.13014184735935,-0.005451244937774742,99.3308208024569,25.80122482112154,-0.0015390547838116013,93.7206164572789,-11.482678162866058,0.8334488892875997,0.0023705048174771123,-3.383323344346777,2.308567656970405,-0.004800290566503405,18.04911899532206,1.910015311768686,-1.112597430195614,-40.378579088861024,0.028698264038418457,0.2596512209836131,-0.09365196148418799,10.79179778243791,-1.8408082602840865
264,4.4,60.65301385211192,-10.599013168617265,-6.491092170927479,59.53222667052674,0.20760850209193613,-6.264546301260521,71.47524860443035,1.378774565034053,-0.0060205266665991995,71.14629888025722,-3.8883456104550125,0.0071468928086821735,17.663282632781183,3.7516643981980016,-8.702570442891584,23.237472325468623,2.632718773101534,-17.159596751368795,11.478984571281034,-16.120559626853765,16.281552517505276,13.187676306658602,-8.831453049310728,17.223012705600844,21.090193774602284,0.00710362679475548,98.54672434898299,26.090434884162615,-0.0036819272543450257,95.80165352280802,-10.354493390945986,0.2297985179109661,-0.0037174212807326037,-1.4857024068839373,1.7753475813654882,0.010399438021845243,19.035736275498063,1.9037506562967361,-1.2763721679610842,-40.01214092792718,0.4344997889060702,1.0056964135478395,-0.2897289850870606,10.008651431254473,-1.893473001961964
265,4.416666666666667,61.56967266089065,-10.824273617493713,-6.1372889159679564,60.218540989399465,0.42808541014814555,-6.321691564095804,73.22265462120096,1.271301977447265,0.0008828437815790407,72.53894148363432,-4.015918209253574,-0.006144642457892507,18.49373005346681,3.40432132642486,-8.750600361273008,23.837038053940105,3.193177656732785,-17.191175770225936,11.44933364247265,-16.187362281055464,15.786911937441353,13.17523978955997,-8.608096529184087,16.289467002538977,21.44948491784839,-0.005914803397795356,96.02609466805323,26.533693091819515,0.004925390001022957,93.12772123420218,-10.232491292827962,-0.15457655364105494,0.007234932778229887,-1.3734350122516323,3.3680917875993464,-0.022051133443294756,19.247434398849293,1.9577627917128804,-1.802387893753792,-39.59553082990977,0.47216643396482805,1.5405523140722117,-0.13250126924981986,9.682411477066536,-2.1241510910782773
266,4.433333333333334,62.29606106812821,-10.983380891043383,-6.334422548508599,60.88321470611091,0.411858136779111,-5.2995842645556035,74.70176686282825,0.9848472690601509,0.002706382019635298,73.81029771791978,-3.094784048020304,-0.002800664882440376,18.971064574376644,3.1849634233714825,-8.675181457637493,24.321875730945315,2.8570542472871012,-17.33021081556854,11.385009118379209,-16.26620570873828,17.637541156305147,12.95391545833845,-8.566063115542663,16.272512121586622,21.147091751752292,-0.015048336255070781,90.23814732491267,27.07886593643827,-0.0008607391025038766,88.16451257243885,-11.978628809439485,-0.7269319008092868,0.007294314897799172,-4.324623425372964,4.890724442351393,-0.01419410732753252,19.137828829018325,2.042603156706362,-2.092635763827369,-39.41720806607707,0.2855067998236003,1.299295389024715,0.1324521456811249,9.379575146485141,-2.107592850655618
267,4.45,62.62884128986214,-10.97817591361899,-6.121662375756514,61.126762032786615,0.33059295697742164,-5.406425733579387,76.03797054757258,1.053795245394212,-0.005103820217782786,75.0647426575472,-3.2593842166574842,0.006633740211852345,19.130901678628664,3.8902080132027193,-8.936296417844968,25.500288238689286,2.473545902619469,-17.53039562939455,11.23661159197715,-16.349145030927005,18.57922933351255,13.010424703741617,-8.653233337402282,16.22557621565483,21.27301638460053,0.009773752425619923,86.66314007804873,26.993190508261332,-0.0031802104755511125,86.33548646534625,-12.808293617220771,-1.1781178478305891,-0.005886141861280523,-5.041157543363205,3.7902355957807714,-0.0023665872548015625,19.54664940820642,2.109930330717777,-1.9137815903809756,-39.780181682834154,0.4930638736619418,1.2799181515121438,0.26972761522958516,8.74698468068067,-1.9669701649293578
268,4.466666666666667,62.95090501707685,-11.081551146978951,-5.723621725937484,61.422216440969564,0.547801980134525,-5.638173115073955,77.30771436992272,1.1052070281600959,0.003978591121314047,76.31332815643131,-3.6061975089896667,-0.003029883798303791,19.514538710588667,4.165138405122523,-9.235356291716716,26.159312869051337,2.9385448829051874,-17.767855652382586,10.793030331661031,-16.239487900133796,17.403816807426203,13.225036852559317,-8.70929634415512,16.781785685184996,21.85144130723503,0.0021098059283009515,87.37314201653989,26.599865147919175,-0.000735532825176538,87.21294828488053,-12.972981948402618,-1.7402148246853237,-0.0014389532562837663,-4.2745431036801405,2.622652634452575,0.0006773113096587936,19.94705627003046,2.1813518561212546,-1.8588185988520793,-40.04422789045777,0.5709491285459488,1.606924130363893,0.5721355894772244,8.114730245669179,-1.9638851282006513
269,4.483333333333333,63.0872979832998,-11.326807018586898,-5.753853192475629,61.75106228231301,0.6469596762762873,-4.839139312725218,78.40016059221085,1.183492534040824,-0.0005421339916855797,77.48381696643801,-2.9728141978604117,-0.0027132490523761855,20.025974064765432,3.6763734206177303,-9.109715049713007,25.768476988840593,2.096827704459664,-17.447744904613426,10.944013765749123,-16.1813713088577,18.34633663218122,13.078511277859016,-8.626485645345516,17.646992596617007,21.24960784786239,-0.008204950249662835,88.05808731942317,27.06351236527807,-0.009910917502598255,90.22718601101923,-13.103317374190656,-1.1206180455185286,0.022958604019447867,-3.7445994092228614,2.9140209290148853,0.002589940524074205,20.15872747483063,2.507153390174404,-1.9222061086595283,-39.78362351871685,0.15665695157842424,1.4949925132447313,0.9142987886207893,7.476505599489167,-1.8418592954136968
270,4.5,63.1698224171919,-11.391205793518443,-5.417459450170783,61.86783618624669,0.4492593984524162,-4.583889921544467,79.40410505233594,1.7271058595220763,-0.003594080153552886,78.49044494546928,-2.822097795961123,0.003712344354987183,20.032427560960272,3.6403853968737714,-9.215429389427939,25.957279145357262,0.7958844235272013,-16.98836034700111,11.189829885571113,-16.44237261885769,19.740869121786222,12.70649710001609,-8.333471671575687,17.133259737219078,20.665383121468054,-0.01414010538523216,87.68814078457909,27.89810482164287,0.0039200024526951345,93.43847254258019,-12.44162825090345,-0.2488638778685795,0.03447648452367858,-3.1107052865603126,3.6583482842827695,0.0013688461226934975,20.35995267542897,2.8077304991857512,-1.661232610056383,-39.44145310527655,0.28872029846669606,1.178340820335261,0.9135287840274845,6.802413825677347,-1.6514415573636674
271,4.516666666666667,63.301576331434106,-11.541089341605135,-5.33648397430507,61.933850253909895,0.5938571078815631,-4.727237032245989,80.43966300179365,1.6071793562635144,0.0043132987415238815,79.52982984159843,-3.1251298265741,-0.0005410501365800877,19.915442376790512,3.7047820557725166,-9.435009651107682,26.318558488545165,1.7255574400314917,-17.39404793726272,10.384953518175248,-16.636236718230503,17.53730590291032,12.412484974891376,-8.180208457149554,16.543294939980708,21.201893341542142,-0.010109118561687336,86.6224784980795,28.27910666067637,0.0024359082510492253,94.0160369709061,-11.83536286971455,-2.162385933835735,0.007316181373628585,-3.761783778979686,4.591218185116478,-0.002891229608532338,20.44559914443345,2.782722410747154,-1.5409378264637872,-39.13504417326662,0.6524253283565405,1.6267631018275985,0.9322186189033823,6.057479060604399,-1.6963385795660837
272,4.533333333333333,63.08972014954731,-11.930501203646214,-5.571893749985075,61.79866431857231,0.9398356701434709,-4.086260109689114,81.41231175560019,1.265865227734886,-0.0011480523044417393,80.5874342629401,-2.628733837524528,-0.00250087158078298,20.04233056950315,3.568264575683604,-9.495961669828295,26.150991424728804,2.6896216089672054,-17.892281642300105,10.071370212550134,-16.3505423944996,17.135483276121306,12.277597580778933,-8.476333665078409,17.018894084967542,20.519920761823244,0.011315211902326547,84.8814447551048,28.4895282302758,-0.0013274470307062204,93.38991590418227,-10.657259283249694,-3.269591285822924,0.0013696935543282254,-4.450384895380732,5.22946814810926,0.0024256207971406654,20.674028090135327,2.634344254041872,-1.7324081077263658,-38.64416114976896,0.4235776949948308,2.2835432302258947,1.221470152791518,5.042730367243151,-1.7975461025124704
273,4.55,62.71791152001353,-12.061425183929632,-5.220864084089591,61.50328099244933,0.9018620534692755,-3.4733604006938585,82.16937976514099,1.6533380613918853,-0.002130568280677769,81.37552119352134,-1.9850497816571964,0.0012499096528710296,20.00062460621973,3.620088333885517,-9.727987946902063,26.122244047815343,2.008497542665604,-17.62459776368845,10.327010609545347,-15.734751886422417,18.899342162703952,12.13615924705185,-8.928167511485782,17.76732445677827,19.27622274384262,0.024851667608205546,86.47540898846219,28.403606415245786,4.9548341789826646e-05,93.43853688496273,-9.07840088144381,-1.3057850248771743,-0.002038578298433088,-3.600744422448025,4.13357018783172,-0.0032175859077406706,20.964296254636018,2.5414868074485293,-1.7017080014223713,-38.32203011380761,0.21769869086242277,2.138198544322647,1.4949636961703971,4.0367263351644445,-1.7649029565860266
274,4.566666666666666,62.75521621676272,-11.896088274119858,-5.065182894894195,61.612298602741305,0.7513908799531523,-3.481192550071995,82.80195578894178,1.6152075271910529,0.0028253980953352677,81.99850081189275,-2.011982504761651,0.0006994343323075676,19.83963359878279,3.9716495527214626,-10.039252913479029,25.97753266996534,1.9922969999721787,-17.246853336343463,9.629012330631529,-15.267184722122806,16.13933840925915,12.000706209179485,-9.020098021012783,18.23008847717924,19.663973246465854,-0.00881690432100553,90.9825238087921,27.831239911620315,-0.0019249947105630233,93.46542754280354,-7.956381604367358,-0.11018821768590119,-0.00532439601383146,-3.22246848990286,2.709398524825092,0.0034542312520490968,20.745660714716237,2.61975152039065,-1.5276661166331347,-38.41879813211365,0.17932042491968542,1.7007513881144378,1.654802802435819,3.4971763193295247,-1.67697322372523
275,4.583333333333333,62.80885160536535,-11.754772294445608,-5.140650575751869,61.64531790427238,0.7591938356209672,-3.553178742421108,83.52676036840525,1.2159380549095742,-0.0013699853259230745,82.6043488294421,-2.0470954498314358,-0.0007547630397407845,19.781959306975118,4.214799299585299,-10.225870203079657,25.633571653008513,2.153890874488567,-17.219696484684547,9.28664131328279,-15.255405717967603,13.730390103966487,11.881335064389633,-8.975055325115271,18.45451668599422,19.679166369822628,-0.002435088401949817,92.59163975458672,27.756851812859697,0.0023345652818332935,92.32481674225924,-7.558842498669562,-0.33467442191519686,0.0066572083026606825,-4.001379789259907,3.8603191573335196,-0.0034017690935980653,20.52502733903206,2.618947149205417,-1.463448918579323,-38.36213935111686,-0.07025241118901711,1.3390406650010096,1.6238339952276675,2.9319570785239626,-1.7125303137346408
276,4.6,62.3912160399083,-11.761959786134767,-4.854965340459923,61.02887319004473,0.8231445797075791,-3.6251989057085843,84.31687080382989,1.173320910725843,-0.001307558829585943,83.11353166714512,-1.8421138570284188,0.00017627147149563134,19.984606467445875,3.664983375923788,-10.119782971706973,25.742668532870542,1.242455814652454,-17.31642555077211,9.780137787859294,-15.336160415974945,15.801075175889697,11.617970357332506,-9.131838052603175,18.622336356232733,18.792868085692533,-0.010979899389024342,91.83660164149035,28.120422921881786,-0.006326832280425746,90.50813625856075,-9.264126665978088,-0.1841983220368717,-0.0014278967574664454,-4.002288062438194,5.2889429761144235,0.0009047504244454755,20.925480309145723,2.334893217232856,-1.3614661589944508,-38.11367447613323,-0.22860219909274102,0.9607295016264598,1.5004450267736065,1.8593723449220045,-1.9423246615858791
277,4.616666666666666,61.94585460081268,-11.63899230446124,-4.794486572865906,60.36697587028308,0.6867039906906086,-3.9220785535600773,84.87560420066642,0.8517277942424484,0.0018922985950856099,83.536191398575,-1.8962348204211827,0.00033408765806285253,20.26417418416915,3.344259474766974,-10.073015979323165,26.00272620423374,1.175517544198643,-17.39728928628391,9.848574235664847,-15.24058035657501,16.558168190233683,11.9112902269227,-8.933073433973714,18.43628827030923,18.436471915252394,-0.009832227841995545,91.62844887412923,27.057530661494866,0.013913876615118927,90.88432329299607,-10.49738673004075,-0.34772686988592333,-0.001552554404366762,-2.8778738494712943,4.5331087983372,-0.005327874620658853,21.39717094710669,2.0565658890402387,-0.9062862271755567,-38.34224015749227,0.058453193768422784,0.7277510245664575,1.3146265666378831,0.8114179528212134,-2.1036435040189345
278,4.633333333333334,61.614308716472834,-11.2849230552114,-4.78409823228185,59.963323147500034,0.29226106353725756,-4.169103648259918,85.12771930527529,0.6873354489011642,-0.0006402318959518046,83.96061574271461,-2.0951730838219094,-0.00016987892312573334,20.239449945589488,3.9403900568507986,-10.473638583113882,26.10352068974446,1.9943640975766006,-17.417668400999446,9.560757966613053,-15.223409326717125,14.957757445976418,12.45767613306702,-8.543010687970717,17.998644441963332,18.416375306470968,-0.007912837703868417,91.51497109030952,25.684538635144364,0.00884770981832678,92.46384286229944,-9.137111802511354,-1.0201619527784365,0.001590938657972603,-1.977359924766472,4.796505202143795,0.0021809950095492904,21.49257723344399,1.976325119722314,-0.33203889510788726,-38.6502452858886,0.18273416518303398,0.4056773923454259,1.069392543701482,0.09175064055728115,-1.9971218243029911
279,4.65,61.17336815800446,-11.220226004383292,-4.613146328344937,59.67910682016503,0.1627513277927772,-4.056130568021534,85.31375299212021,1.0386840865992257,-0.0003232487061626264,84.36579032592287,-2.128265289334695,0.0001583312815834942,20.300784352086517,4.209386257096087,-10.666291654610712,26.11051984169987,2.1019769310894563,-17.36983491896964,9.386234993969243,-15.231649805306217,14.580593269262268,11.696566651277008,-8.68737874548746,17.621904239571748,18.515251337358094,-0.0034147470987207617,91.39914677080341,26.424257049793464,0.008296583589881593,91.40735285612814,-10.320999591838591,-0.7836790955241508,-0.008885388165006402,-1.5107773981211325,6.497941080767964,-0.0019429516135026255,21.26798822318681,2.11188127296373,-0.3136313615968019,-38.6504984865549,-0.41168297310844915,0.14535355565541835,1.1368318352110172,-0.49421367767520075,-1.799881984442139
280,4.666666666666667,60.658438444683796,-11.33146483350585,-4.618371798018311,59.20872539252882,0.21843922471860225,-4.141343545944468,85.52964029706581,1.1190002679375184,0.0005340927699541375,84.50705184730303,-2.2405551152215795,-0.00015598961970617745,20.490025809658093,4.051030000115,-10.513426040959763,25.964369690549454,1.5421773065783102,-17.1999943616029,9.413330593982252,-15.244387322928548,15.978912524176998,10.461445781145498,-8.949154143242314,17.432922855691142,18.21695582380776,-0.0070106348702359276,89.6538356824213,27.55922447920337,-0.006465069079870265,89.67985112635326,-14.113125593969471,-0.8914407600006171,-0.01860655846087228,-1.596097205801282,6.306538511452826,0.0049380531243700425,21.01633827350661,2.206915363309614,-0.6497665167780875,-38.89669014382874,-0.7378885204607772,0.36156784816413384,1.23119353709509,-1.1532585283098513,-1.7619210429229986
281,4.683333333333334,60.13021037856241,-11.173863720969598,-4.619289363187335,58.49715229810933,0.021080256126996856,-4.7196338546460925,85.62081934484354,1.0044552329643548,-3.7528378940031525e-05,84.41278366929852,-2.6364247511530454,9.188910225891241e-05,20.418493120586128,3.9041835215280187,-10.453286014325087,25.78501125259147,1.4932384983424505,-17.132888178698195,9.516346712776432,-15.197976825310043,16.676668365410276,10.181927316209409,-9.036517041600412,17.876991470895074,17.699015719740164,0.008750903359771774,86.98690981087326,27.72478808083729,-0.0009143368145331732,90.34024986775991,-12.664906631357693,-2.06435189283801,-0.018865900957630882,-2.6541723751373625,6.476270861711968,-0.0008316777922475893,20.983682343891342,2.007146478636333,-0.8793201711486639,-38.89322605949471,-0.14385672074271963,0.5131144608336126,0.9782979761332627,-1.874445010537729,-1.852266456357366
282,4.7,59.812732256558895,-11.083433402133682,-4.694092016902159,58.190695949904494,-0.08326188648228118,-4.625464200479084,85.63519366148874,0.9540496355585727,0.00048735587042313187,84.5240522790913,-2.5695356655301245,-0.00020095540318423337,20.214820554406376,3.413302936284506,-10.319926376475323,25.647192919594364,2.106037812089424,-17.409863137809214,9.389170788838838,-14.94665284005803,15.708928929092286,9.74840269487188,-9.195479407102106,18.142701388509245,17.943010599962747,-0.0027691229179501353,89.26576981023416,28.12795698937722,0.00662421975843732,91.67598606074193,-7.670457738321611,-1.2617519786018179,0.04764589261290572,-3.066391799036733,8.586300733885501,0.004742992219392678,20.71395964464351,1.832014182745881,-1.0807687972991993,-38.25785857241827,0.18487631667660304,0.1671951707138666,0.840535177032263,-2.345296386072031,-1.891451301967076
283,4.716666666666667,59.73146386765264,-11.276231068451764,-4.7211557710250425,58.17827536426135,0.04812837128503979,-3.734203014422149,85.84810438278994,1.0421103679117403,-0.00013976945837825228,84.81368198409608,-1.752080362759397,-0.00040441828427588,19.958373065107427,3.1696332519315256,-10.225316934711213,25.60816167103514,1.6245051364268042,-17.49550452072578,8.985164151299037,-14.775314728197273,15.981086484812113,8.878099604576526,-9.157929999404217,17.431902980750728,18.410350117620673,-0.005491475929177086,95.57299882911802,28.10986558511612,-0.009119420363647207,90.60598596164563,-8.234159082195823,1.4400209332786353,-0.04854356798793867,-2.1299431905056663,8.368798377018875,-0.008146774375282283,20.049296451544855,1.8535260920359884,-1.139599859457651,-37.76172185273504,-0.45119682216446066,-0.2392227060875638,0.9551489904829839,-2.7013610968444906,-1.8936240732394738
284,4.733333333333333,59.51589220164694,-11.43801988007507,-4.547088870772773,57.90412941267438,0.037668904861229875,-3.4432840962712725,86.16014269573154,1.307043801309399,-0.00029410299945014284,84.97460146120423,-1.3920952721157567,0.000273891137127732,19.648092991218334,3.6070069400524236,-10.306023190040163,25.500944401943162,0.7601179483753859,-17.132305970929735,8.46792368268288,-14.83761021035514,17.259690565753527,8.807519767007971,-8.876388067113927,17.194229754232385,18.672125064138598,0.011178763948523577,96.15536304674701,27.086422862413542,-0.007347538156231173,88.01553381280678,-11.833347947269544,1.9158415322909144,-0.037362686630493004,-1.8423085421999972,6.655883948375134,-0.009801847589445023,19.639092453940098,1.8727206789934545,-0.9884312151686656,-37.60595420436703,-1.1151318776567527,-0.5583082701032521,1.0756100529984518,-3.243066836448886,-1.9091276323742588
285,4.75,59.004479754276986,-11.44314314983691,-4.547749935105819,57.43033276407057,-0.1771207348749964,-3.923025323765324,86.39782163978532,1.3760324686864744,9.781584851690719e-05,85.14879571709433,-1.918126318926879,-3.923392395250164e-05,19.362234534314943,3.7488286164808,-10.113190928120593,25.23813060295925,1.6897994222134975,-16.753823860296073,7.908872524920462,-14.852898071090461,15.911716153741322,8.74330637738998,-8.753330010542664,17.753162506160468,19.090397360524523,0.006924376184976866,90.97994739893423,26.702168752236247,0.004300606185484291,88.26970636559861,-11.627794342556871,0.38441248975021125,-0.025839768993994174,-1.2457642695954778,6.8950265774045425,-0.009254867277121872,19.637088698405258,1.9585765308173484,-0.7975169279266193,-37.540749913346836,-1.4390519688517254,-1.102645657223483,1.1629008436106891,-3.952521203031398,-1.8969726106066027
286,4.766666666666667,58.48756651227784,-11.43100179510356,-4.611777798025132,57.015373720393264,-0.3175604088937904,-4.458294153274244,86.57120588077088,1.4026821241930487,-5.840796455229724e-05,85.39494786008022,-2.5408333664712006,0.00013419610312472057,19.37417958776876,3.2687428208159885,-9.755489490737057,25.092208921709375,2.5146436072770677,-16.617189432418932,7.562267076663503,-14.795571572985859,14.027598167369309,7.912128664742267,-8.795731311915779,17.688273747385093,18.95465264866088,0.0008388661698510784,90.36580858230505,27.220874819218096,-0.00425835568104029,91.75624363365841,-10.47718184712266,-0.32553445064755604,0.0074108871975243846,0.6690066250551562,9.363624795126222,-0.003389030394222929,19.531108307393986,2.1455740800519774,-0.5373807884174818,-37.25216604689585,-1.9733094901973645,-1.4976313062103241,1.2004686577183772,-4.644399125561982,-1.798878294731126
287,4.783333333333333,58.20207495491816,-11.51895021049013,-4.443241641333596,56.86453683391633,-0.29566934889810176,-4.38242828762942,86.65906471662464,1.80886458929947,-0.0002482805601771552,85.55922895819567,-2.4854566613507316,-7.447185777986303e-05,19.799054096088728,2.80148397861799,-9.700180861668938,24.8087853711604,1.8073413645770566,-16.638716045690796,7.367477958286366,-14.76975110088991,14.090335252678972,7.398330063754487,-8.832279382962843,17.373067277296542,18.573447061494548,-0.00036592775171257673,92.78968591663634,27.174822000616363,0.008408472460242648,94.52365257486822,-10.220768798462705,-0.7557216825441772,-0.00034048198083001634,0.7268803589358429,12.405287689650711,-0.02127479008750728,19.154315098661545,2.1971020734467244,-0.3671250849319439,-36.77957139712637,-2.2063999370445373,-1.4294143822055752,1.3012869527426372,-5.090993946528719,-1.6451619822031345
288,4.8,57.761007279521976,-11.71989783385608,-4.3423926115992275,56.47925208486232,-0.28823612130652526,-3.68784190662401,86.83290460538036,1.9979409814014812,-0.0001234148286816711,85.76163203274506,-1.7716886922283628,-0.0005507583799050039,19.902321612222703,3.0156110545240984,-9.74937318788054,24.499884047408386,1.8169252837218182,-16.579984743560285,6.918777871393844,-14.633683943588645,13.853441634344968,7.194928663513045,-9.041599384904808,17.88837162048203,19.210614241930696,0.0042564843818340675,91.84724103112936,26.189437440446735,-0.006992477882769232,93.53488270460039,-9.599681641847324,-0.26642984489309013,-0.004752222781430554,-0.592180481120831,10.78626236968351,0.010439845487701715,19.02229502712946,1.9789258486039119,-0.3871697902487789,-36.651577370131335,-1.7781270391734438,-1.5427404219216503,1.4568158977444092,-5.6977348490945525,-1.6940341123920506
289,4.816666666666666,57.132412757652034,-11.834326332395174,-4.845799342794772,55.742068754299105,-0.41154354898048756,-3.3673625915909744,87.10010934346927,1.29204563180569,0.0005749789682031382,86.07323612978045,-1.336749400543129,0.0004605721835106202,19.386607217358144,3.918103301679839,-9.66518764604974,24.648734077364225,2.542540389928307,-16.427729033758197,6.511845817111357,-14.58145958939186,13.481485946673102,6.83451652933869,-9.257250195861827,19.44560744727088,19.859328804071005,-0.0016036409035386336,91.12066929355744,24.969319473947078,-0.0056774316454467014,90.37022892338537,-9.458934977083295,1.08907294259041,-0.00886027370716963,-1.850166749091618,6.204700259398832,-0.005550446056581083,19.219865749095597,1.7735083539426795,-0.252625363815786,-36.69705050879287,-1.3821581312865665,-1.742525271782685,1.3810918758314814,-6.5880681407174375,-1.8712090809295003
290,4.833333333333333,56.8178688896874,-11.757391992375714,-5.360850103253374,55.43706616645359,-0.6595033807100839,-3.3804088866221043,87.2831274731367,0.7784038673673859,-0.0003286091867831889,86.31298945290759,-1.2057800022567757,-2.326677851656947e-05,18.967701697486604,4.396848120284162,-9.65541213432027,24.705807904063608,2.3397522570707046,-16.34776972468624,6.373554529206841,-14.883672864153736,13.72986040758034,6.783053488853256,-9.175205054174857,21.5204112571807,19.80208457922699,0.000493484508171781,93.246708568931,23.88157469326012,0.010574034881745556,89.44205599886001,-8.55122909117364,1.142081140618686,-0.0031591531244678055,-4.637620625312614,5.659950182574026,-0.04003621781912557,19.198465009029373,1.866892189027348,-0.020923851243117637,-36.44368989973494,-1.3022635827813416,-1.6023835841525274,1.1797584496734586,-7.151725663169253,-1.8271925987677922
291,4.85,56.608270450879914,-11.689687186299802,-4.958754123745367,55.25996329897091,-0.9423768681429324,-3.355598625475024,87.50218981587396,1.2538147991295066,-0.0004943532034602928,86.41830842099144,-1.0042406550926632,-0.0005310688679084554,19.06097148804355,4.127391717961785,-9.662401456364375,24.5562580634858,1.8958984003680048,-16.249324751022083,6.386451234513288,-15.062725864519713,13.650503125641125,6.626606412377535,-9.369471691217745,21.782428646705938,19.636129644678135,-0.002126542065060852,94.87172767433282,23.576868189230915,0.008137692847171156,89.54140714352019,-6.956057293477634,1.1631585579383197,0.004864748625181424,-4.933777002411802,8.133054853813231,0.02883455223535195,19.0493432542351,1.8348953999260549,0.022769525566812783,-36.253085700609844,-1.711610146685579,-1.5677790561263523,1.0314684547829356,-7.552480863613034,-1.8302281004509542
292,4.866666666666666,56.305326287711345,-11.682126462282104,-4.530395363186813,54.97425186049972,-1.1438629699202352,-3.643893594364265,87.7442785654497,1.6095687540888397,0.00040699044899776576,86.60389229555805,-1.1987217648748736,-0.00015588017345456143,19.40136674868757,3.743334684421843,-9.472207552623255,24.31100108547846,1.9993117669236529,-16.051826538043738,6.564944601561666,-14.803078558011542,13.592341483237522,5.992853049929056,-9.504755092676431,19.559400891713178,19.036986960173305,-0.003727914312404633,94.01880596750422,23.787876156143398,0.004515296258277578,88.933967085587,-6.8001988484429425,1.316204378387356,-0.002000453890299658,-1.861206141894189,9.005773789174116,-0.0044726072698630485,18.961006394251015,1.6440550039386876,-0.04324601740085468,-36.325093646942925,-2.1214901237086123,-1.5705713642386396,0.8743094877421802,-8.03845728905708,-1.9774883300748536
293,4.883333333333334,56.010371878904714,-11.696991806777588,-4.740215571692459,55.06432031815034,-1.247258381744316,-3.9382404707569676,87.7682329933634,1.6588320353531232,7.359134374734922e-05,86.93580026960292,-1.6753998594762003,-0.00014875325554237456,19.46649316557206,3.6211414356682443,-9.415860199954796,23.600861505824543,2.137885632076151,-15.951775804400453,6.567753909831578,-14.730190413086447,13.699866893835015,5.674919330209791,-8.80923797333292,18.196988893676334,18.344432728425062,0.0014082221459892983,93.39727967935316,22.89116932936274,0.011484334213362382,90.60958779212618,-7.970115977458107,0.5608515410004783,0.002776789735135591,-2.028108033018604,6.854138394470019,0.018185013665000888,18.77730293052944,1.973413636771895,-0.17409927808990605,-36.21045700677399,-1.663420072018315,-1.5972947358213085,0.9211648790029587,-8.399255574265997,-1.8142768666836846
294,4.9,55.816253452196804,-11.675093185800458,-4.638457795244386,55.15230217476379,-1.3905740118978394,-3.852369768195768,87.71424896716395,1.959732000094375,8.231478960443892e-05,87.14707357798792,-1.574466109515891,-0.00033909838346006386,19.08912437212391,4.0722439959205,-9.604227608518366,23.20613968796727,1.904904182933468,-15.89205430075531,6.4358837259190045,-14.991373056575915,13.910466342554082,5.5556731117066915,-8.534323775810387,18.772212145373473,18.11276299642534,0.000816289933405787,95.77766453380352,21.951268831783327,0.0039475161701927105,91.63065012047203,-8.862039481221073,0.8677180657938767,-0.001338079179657135,-3.1354870046097427,5.756877148616433,0.0508202934461509,18.521964309131846,2.4191885993032014,-0.21740636645812536,-36.16565550059919,-1.1817386418180014,-1.7450712706382423,1.0205041771694936,-8.64117664607591,-1.6020791643629475
295,4.916666666666667,55.826448603741085,-11.497766687063542,-4.354702492545142,54.93728473146589,-1.6334926037419266,-3.4369196408361797,87.74846373437673,2.0445795359858048,0.00020621699395411206,87.13936368816042,-0.9058826574620469,-0.00010895072250702913,18.843319224970895,4.232647839943628,-9.652592775497768,23.606089123349527,2.0413715704864894,-15.831477568358924,6.608196745080937,-14.958044239601769,14.158463334755092,4.970828688343574,-9.085437286242815,19.279099063862812,17.781875028466523,-0.0027978285211908197,98.05475354622465,21.852449530045924,-0.003696958860186872,88.01853466373339,-8.922422129633738,1.6556726850896306,-0.0007864268870414386,-0.9453800903378374,5.3384629619692845,0.036794518614833724,18.257498451372513,2.3519272446322668,-0.04040971400130089,-36.56165990210351,-1.2907174468620746,-1.7228491753030433,0.8257342156152394,-8.777893345616631,-1.6743430427909565
296,4.933333333333334,55.63148521511729,-11.197640230047304,-4.851972250110394,54.60664050213633,-1.905035198793504,-3.306437918548622,87.71015852614315,1.512886542425441,-0.0003727447390616622,87.06174387302246,-0.7687354748206202,-0.00015239975288445265,19.140359061940018,3.5305921430552396,-9.653249065590702,23.759902163493397,2.5327051648977066,-15.80675574530218,6.646989893340948,-14.686284309222435,13.844864980136467,4.190875062451759,-9.305090707099179,18.964282139491257,17.640839464677793,0.0025108873796172338,95.79051364607761,20.948050463006673,-0.006339868250387818,85.47377034695005,-9.575028820297861,0.7310737468062606,-0.000665703738706995,0.3412600107583974,1.9780638146304874,0.015041067013909936,18.190813540740717,2.180045261168478,0.21283779655519336,-36.70834665673255,-0.9460585328613428,-1.9274522863504258,0.5882287810378347,-9.00467034004102,-1.6964318749981713
297,4.95,55.16044924350692,-10.897215432793153,-5.495096968603168,54.09887046114809,-2.208540071246746,-4.028225966135673,87.66083337169285,0.7897367038038532,-0.0001286684259415799,86.97556821311672,-1.284852402801395,-1.8923086814069217e-05,19.559189368093516,3.133371289589712,-9.866250899580672,23.484363265045193,1.9638357857682895,-15.534548896903116,6.283846362515094,-14.73281581104667,13.713061662530357,3.5306027135982854,-9.2368990580102,18.035520256836477,18.010631498153685,0.0009262252512182259,92.56124813427589,19.81142412092206,0.004419400428760754,88.25851446164953,-9.397075916331133,0.10886420679750769,-0.004024629224252381,-0.9497823278833019,0.47017856358357774,-0.009637458985878283,18.278033973399427,2.087332508603003,0.29972978225382746,-36.32625166406322,-0.18775065750442568,-2.0616323460489636,0.3390482513265191,-9.460904581030608,-1.7115909629008432
298,4.966666666666667,54.581464264954676,-10.825069394955536,-5.267242594165429,53.2857245803924,-2.3207463555368486,-4.528789217047994,87.63810496450738,0.8509301390817235,0.0004631074062616307,86.81968963753232,-1.4691894756865667,0.00018714153668222342,19.762380295614978,3.0662331592666727,-10.008173338069989,23.850730942372174,1.4128755440820908,-15.34811116282812,6.192000036850144,-14.96066171092101,14.378067052368456,2.9051284678406195,-9.240407653174438,17.266069040752367,17.879156061012267,0.0030876330014533255,93.98991530748906,19.285593846880342,-0.006188548067371202,91.28687240020305,-7.181707073628733,1.3405216298913918,0.001740254895026941,-1.5737364900190718,-0.18310505215915204,-0.0027092274690103486,18.346383006232788,2.045696448702837,-0.01248276914274661,-36.35539241115489,-0.14707307588506494,-1.9110250450049344,0.11233649934943019,-10.018659345239405,-1.8516042094996028
299,4.983333333333333,54.20723176831665,-10.938144293118567,-4.893901276806136,52.78831130040629,-2.150489129879839,-3.9064480976513036,87.55872637734166,1.3448941159272167,0.0004066831990761221,86.67933208808465,-1.0741907103851451,7.500146435039789e-05,19.884459399231293,2.858316972063457,-9.958429326187613,24.45635420649884,2.098149153045549,-15.49966415368849,6.127384279868561,-14.85778482230064,14.381828749267363,2.615434048532465,-8.973105565190421,17.056214265261968,17.434168393784642,-0.00024557465012847024,96.72299098291717,18.574251212743974,-0.0018132936827182325,91.77361301265753,-7.368196651093527,2.2534063561550983,-0.0004126697850595881,-0.7069834206507318,-2.3845485961230546,-0.007453538177185002,18.24316908407239,2.1345990421551218,-0.2350209067611506,-36.840593677000484,-0.6066828977027525,-2.4499655168271164,0.2566679694584115,-10.31531391101877,-1.869113987692867
300,5.0,54.40229995977098,-10.874966947962914,-5.291110096361658,53.05775060179427,-2.080157997461688,-3.112926028460776,87.56835964094137,1.0557527705954184,8.287693251783758e-05,86.71783341777952,-0.5695390111694711,-0.00030067510160088957,19.931750498268457,2.977515348954342,-10.147940586158654,24.274677304397194,2.0494206754191917,-15.317763160143004,5.4330594305889965,-14.675188874348523,13.414545949975592,2.7067392421268446,-8.491033463772817,17.047778790263102,17.817648465175072,0.0041200036828084865,95.54697797286518,18.093405727765003,0.0030402744728593536,92.72914945264586,-9.680117124748932,1.8689715122688777,0.01037388608917596,-1.1439221700525992,0.40298727954024083,-0.0011299494743431894,17.802097391454364,2.2055800689868352,0.020212863929194445,-36.7964431270043,-0.8489531428327751,-2.820089492537942,0.48255711041438637,-10.197151467086371,-1.7535946630589994
301,5.016666666666667,54.3705530486246,-10.737965897527202,-5.7132499672339945,53.168157908714505,-2.083886321994338,-2.9199958079475485,87.63624407640148,0.7154660264514816,-0.00028325760065463294,86.87398733241321,-0.5919677256875752,0.00023834037985103637,19.789290259289615,3.369579106539151,-10.54013913328771,24.213565680214685,1.3930803128390334,-15.036629338868469,4.973638004036639,-14.751854930147175,13.493132391505425,2.452463020745534,-8.298658864712761,16.45614648788729,18.11267859722658,-0.007679699824438639,93.28917354637589,18.02349060467734,-0.002637081430743664,93.69296799302924,-9.568488878711314,1.1221950848878686,-0.004855235877748659,-1.5293700117180582,2.7686293097687793,0.021559683602967394,17.619399753934164,2.364664402602843,0.09674037907897945,-36.6719968745644,-1.0825592457745519,-2.348782579170661,0.5443064938063911,-10.31754579374473,-1.5976201949735724
302,5.033333333333333,54.038853111589965,-10.827795233538586,-5.728165380366156,52.968125808745434,-1.8659252587551376,-3.305103004759953,87.67321276137362,0.7533449079196207,-0.00019582383513726032,86.97294741634947,-1.196304668469689,5.72235295765859e-05,19.791881990037236,3.361211833525077,-10.70276807183236,24.281146258593566,1.6108532076345512,-15.335482118343284,5.309790165966909,-14.595519519797797,14.521164864766401,2.0407200643562664,-8.305327988921674,15.975961919625721,17.291806500392614,0.007056393676323153,94.9297851313651,17.25157241845446,-0.0020784129387019915,93.83662999025368,-9.520711100724002,0.44842078791394807,0.004292021020506877,0.9806024635270874,-3.7248376965587537,-0.06555071753903073,17.741059034282124,2.454728609943743,-0.1471452111992608,-36.90287064755004,-1.236327768070692,-2.315539066278815,0.6661082939434563,-10.65607697269062,-1.5861036062721354
303,5.05,54.07050141660618,-10.8284939499892,-5.622326417705394,52.9678212683214,-1.8709926254367553,-3.7925707472194694,87.66112719219531,0.6534933840223277,-6.948330949989026e-06,86.94820812941654,-1.3739851212296001,-1.4385172517112609e-05,20.05163053309032,2.831313976532462,-10.625232164021957,23.806439726214283,1.5531440476307472,-15.55124297563147,5.322473827073058,-14.198598645275018,13.998358078369034,2.069282502738986,-8.17726685155997,18.132978169079582,16.775240192055424,0.00047818588821248317,97.12498616537354,16.29681379283625,0.003234545359674817,95.05949898210372,-11.458624838917821,0.5447350301999389,0.00032325006161484416,1.7206683692271036,-7.5712825375845965,-0.0049845917314257845,17.54412103651698,2.2382531644841803,-0.027035439200868178,-36.628160705416214,-1.0137310971333084,-2.5384946590032875,0.6054618770281093,-10.701931380531216,-1.7751425385165869
304,5.066666666666666,53.896555868538826,-10.491218163886721,-5.2019635134692335,52.63647120549972,-2.3521841053008665,-3.4371116923036285,87.49997119978656,0.972576840040989,0.00044220049569623565,86.89063849974946,-0.7523808448820243,6.786859080504223e-06,19.67395477629415,2.9556074506908474,-10.497860885973637,24.22564258040183,1.3485816457804254,-15.272695266506197,4.668637406225685,-14.335699779317627,12.411823800617409,1.9122555518316553,-8.165573752849152,20.31106953089963,17.321592155999422,0.0023386250863022292,96.39174273124469,15.84748883535042,-0.004829614970257879,94.5055626897249,-10.334266381043623,1.0494705985801385,-0.00730164367845775,0.9220183746508245,-5.948020091359939,-0.053269380635126165,17.423179835307167,2.2749412443753942,0.45980689990040646,-36.09530347684667,-0.7718248359852635,-2.592745647417728,0.2794459782544013,-10.87883286542464,-1.7253724569955518
305,5.083333333333333,53.50809481052324,-10.389393918521845,-4.94898806080267,52.19307757268812,-2.5627708985351365,-2.589216275716394,87.37381128514417,1.457804159465561,-0.0002285234463050742,86.89386933369659,-0.21104336858440773,-7.624492428888776e-05,19.004231304654493,3.7132999837932226,-10.446760021167751,25.17878918344895,1.9712083629694142,-15.141125527488386,4.40118531744365,-14.75696435753548,12.008052137187983,1.5625182164832818,-8.230438870554112,19.94814229009737,17.531979548578832,0.005024418495507628,97.30627525312511,15.524220651054959,-0.001054755971966095,90.62536456193236,-6.040039015501209,0.8966823655317908,-0.010467115738652631,2.945886189387175,-8.5920843602564,-0.022589654764021458,17.487560792822872,2.6331479431815854,0.529153232802227,-36.21195933355328,-0.513473677627962,-2.7976829078745746,0.25786603902478283,-11.199924602266993,-1.4576125734473269
306,5.1,53.6221906393957,-10.517998594957973,-5.088369255882261,52.356452406655144,-2.3282286139904316,-2.4806409995048906,87.44740383871722,1.4040121120690081,1.2036490309586316e-06,86.95001280414567,-0.2502751677507265,0.00019792446407862417,19.312815351233745,3.7680118050481517,-10.579505541620343,24.977694900692462,2.3745052944916996,-15.412437331540165,4.62166268481014,-14.781125285080272,12.214609708768455,1.6525938098843906,-7.965024213137474,21.11144711655915,17.09594747287092,0.0021137300356130137,97.8992604303975,16.354430040533128,-0.027336765527743116,89.56339827067606,-4.88111721171383,0.8124965666101142,0.005142947354020274,3.0659221395687277,-7.152090210545934,-0.07311370484857507,17.14603569129768,2.7444023892367237,0.20066194904485848,-36.549756650520024,-0.22497772127609877,-2.843583074884623,0.48644951439162637,-11.11473458140766,-1.4011181170521196
307,5.116666666666666,53.847488648764006,-10.39415689002436,-5.1363574850668865,52.548567578504425,-2.161634877406545,-2.898747001151029,87.51072833967602,1.1004901874028352,-1.1476132864169197e-05,86.91171789177915,-0.574475591039118,0.00012995706034779365,19.782883670056776,3.6627354013005853,-10.793206507180502,24.470440091494954,2.0120371520043348,-15.737160101635762,4.502343781061572,-14.7683891275041,12.289530665681687,1.5402894592275003,-7.758194080062217,21.505410072820883,17.03956790855682,0.0019447594290332088,96.0284988628872,16.976351784134906,0.004342264863483275,93.81082099930005,-6.257813673739699,1.0318463402025189,0.0002393197690460349,2.2164429403713215,-3.7430942995406746,-0.16061758035772378,16.753601608339952,2.6617630943736845,0.13637200379027656,-36.44379829486442,-0.24297432417411913,-3.0036378318886845,0.5489579455796404,-10.951103602026526,-1.458563834802781
308,5.133333333333334,53.809184632233844,-10.403353052676872,-5.3328477090333966,52.46435063966305,-2.084871898284195,-2.959660060643701,87.51933434306895,0.8454844519424352,-9.76656959425616e-05,86.79497715274441,-0.648367975436991,0.0002159968645599822,19.6671852048557,3.7740066469275653,-10.882270112777407,24.378469880886897,1.2929700929474455,-15.677792292366863,4.2530831274833,-14.934448635714936,12.75136499025327,1.1952861823500949,-7.736378654738891,18.550234350797187,17.295065052224945,-0.0021691165852434175,97.43819344345503,15.999729817015487,0.01447167713981836,97.48577284796862,-5.947870635297392,1.1414610542437302,0.003035257097983018,3.49187859062555,-7.070751905914131,-0.10641315882855222,16.699362852998348,2.62867227293629,0.08597486392119068,-36.18138835294783,-0.359894039886653,-3.314494476492093,0.6511285727406336,-10.994302622423907,-1.4471998927871712
309,5.15,53.84715032597826,-10.463576238305686,-5.714973940426092,52.58172683574919,-2.217915739726107,-2.5852818874223207,87.56992797561702,0.6385682465136591,2.2663692182811932e-05,86.8725935466719,-0.20825180473681335,-0.0002327311726345243,19.624043700953134,3.3128418045815944,-10.858693897960123,24.274075677821045,1.0381752069984465,-15.505882989281748,4.517155143974901,-14.909609463447815,12.662231538660434,1.8878437807191963,-7.413711250489713,20.29791304050542,17.084383385234503,-0.0040487288527951155,99.21404403182358,16.001631434944144,0.012920750263034492,94.30468602633732,-4.831436663766345,1.993561288844071,-0.0034330205379292118,0.7291786349789745,-3.517546362886876,-0.1773589180429553,16.65339282421596,2.662533313853437,-0.006897335678125593,-36.127739254155884,-0.5899198276004285,-3.1567860509826238,0.6998507288894318,-10.955240044239112,-1.3982663431582492
310,5.166666666666667,53.75172741505428,-10.305480004448054,-5.61526760606382,52.49528561938918,-2.4324805867816512,-2.395107260813363,87.60378483261997,0.7127162794136962,0.00010171437674591563,86.95611432780213,0.024588650494852735,-9.132380255593687e-05,19.629110965148026,3.0748791473655612,-10.817719430495984,24.223484827356046,1.6660484430620246,-15.686344689612842,4.893208300485592,-14.831004506862424,11.782082724165345,2.939581513553055,-7.062213359988006,25.876251639524323,16.527822960301737,0.0009945316351719522,97.8601103003172,16.41780063159409,-0.015168669406243982,88.05244614777459,-4.500388504018121,2.928456988697379,-0.017585239660601996,-3.4191912557217923,3.6323270705911956,0.06427314804192089,16.70565814253823,2.768273645277673,0.26566205220744,-36.0521532853135,-1.1046407157850107,-3.07697156843317,0.5788425780637404,-11.06729316876296,-1.3436601259203906
311,5.183333333333334,53.42550309345078,-10.376627222486148,-5.1387117223481935,51.99246111694619,-2.3417420658298607,-2.717434317831286,87.64192621232378,1.0983871954780016,7.221727580028133e-05,86.82774457235864,-0.38072642802606954,-0.00021287811688519933,19.501893663906706,3.6530175223783696,-10.838391721279683,24.517556613197907,2.030510343335758,-15.702973524247218,4.7977428361079415,-14.724804769322619,11.954073829741397,2.9849821472754905,-7.189221698813673,27.227788547524952,16.085710371692393,0.0012902541544087625,95.74170466280198,16.165667128653308,-0.0006256686299101085,86.50061969457425,-6.271710426516807,1.9233547125013843,0.02949439186245197,-3.6979467032309645,2.9939126480298768,0.011980100820804954,16.95909386434184,2.816856185831058,0.3914790253822259,-35.76674656226596,-1.3139445520134876,-3.4229109928027386,0.6261021229287591,-11.421317074105188,-1.3551703763480683
312,5.2,53.2952725435285,-10.353637951029917,-5.137476282873093,51.73363080340618,-2.3859693141901848,-2.8734342533792927,87.66598256061634,1.068423782407389,-0.00010202086032563109,86.8029804220163,-0.49391052539669056,7.253233666805622e-06,19.51101184553237,3.727843035655715,-10.955750838765677,24.95470007163452,2.185284124095493,-15.46995365942173,4.711246853507542,-14.335923055578586,13.467578419821356,2.736026115577488,-7.466313967359149,26.055635818592016,15.502986151693607,-0.0036173777306144914,93.24195810779241,16.765617913427167,0.009996497809753807,86.41259405637118,-8.873357617733877,0.1554907302105794,0.017357291067491232,-3.7763762318333343,3.2787247238361354,-0.039784208787891955,17.073629882871586,2.6551379867068197,0.03799275562737398,-35.57222651270232,-0.9441052374158656,-3.3144826281477955,0.637926790153272,-11.592675340209974,-1.374024682382328
313,5.216666666666667,53.00298651717246,-10.14327318742974,-5.349257896737106,51.47507624919443,-2.575862763482881,-2.845013388733737,87.63875113855248,0.7543219929944033,-0.00028313205274316423,86.82814898229242,-0.3410262295163983,-0.00026835713017641424,19.663963827480853,3.07348649216737,-11.017858152854576,24.976255086082414,2.8949158261234995,-15.461907805792025,4.8079622465495,-14.130619960999537,14.831105735499987,2.645615341981287,-7.640121517719537,25.623991456335645,14.96808437996381,0.009098353504017382,90.47239466508961,17.309585728594577,-0.005538374436679872,84.66781055030881,-9.549904627816682,-0.6853222273562738,-0.0012048880281026154,-4.044837084729327,4.868234926535187,0.02321913170934889,17.182241025605432,2.4253378264349834,-0.2959010541981191,-35.546868367750996,-0.5693273254528665,-2.971101399199693,0.5574728762495783,-11.843191824900277,-1.3959904335942923
314,5.233333333333333,52.49658833784949,-10.195545808755192,-5.205216477588264,51.03562465396526,-2.4971519084837452,-2.928428559877947,87.65944206036117,0.8044042562075701,-0.00014204688537883343,86.75040817949188,-0.4172141347461338,-0.00023628132596274665,19.829603029592622,2.942923584596931,-11.036392124253904,24.711626944955835,3.1507710214191817,-15.417387664387467,4.5740436260436255,-14.510808155399308,15.153814726099238,2.3808812434880435,-7.590008442448366,25.61139913061345,15.060400177734772,0.0008165641300935424,88.53661637777968,17.115032841785833,-0.0018949325428773217,86.23880814102203,-10.13675721343562,-0.7178498655401332,0.008813937066949398,-2.986975861680833,3.180875863178577,-0.0007920918815311597,17.454150064926722,2.506111325272974,-0.20203098518589385,-35.394038368098904,-0.7267141144586615,-3.201467624311101,0.641169484781946,-12.266343609818048,-1.4579389093952275
315,5.25,52.75718727507872,-10.155030655018338,-4.93607932402945,51.29476608764196,-2.4876226643030517,-2.7894134639527617,87.68969884924451,0.9367993520407197,4.003096692909418e-06,86.8046962425137,-0.22808235404482816,-0.000120641351908944,19.757847129889644,3.326517951297954,-11.170343556087175,25.012384459295706,2.735395819229953,-15.247353667270328,4.362442989242517,-14.758725671829438,14.441500175761778,2.4030801315947743,-7.370895565616373,25.14630903126022,15.169723272298128,0.0004555097467152593,92.04756658365956,17.006112132982306,0.002446258576362932,91.7893445590239,-10.616716273550134,0.3565266171674068,0.003959470811773371,-2.4544133536152986,2.658166083742618,-0.0001783838015783975,17.31755499811175,2.646854812485865,0.0690303439633609,-35.02293043528882,-1.0456514183912209,-3.3545811625836848,0.6219316056878424,-12.07612452844947,-1.507149037799091
316,5.266666666666667,53.28138947443743,-10.088400078133537,-4.822369014949004,51.759415563615235,-2.5578586906840735,-2.777371666951663,87.64385183992967,0.9392588314668107,-0.00012477880160543001,86.8855434220687,-0.06335068148653428,6.866290379705169e-05,19.26996660233033,3.5076426810768293,-11.316134470397547,25.984962814819212,2.5052213146526365,-15.156892923210535,4.460458129306514,-14.382459488720292,13.16857531179862,2.7351471691302915,-7.43947095889001,24.38897209696296,14.929962368567889,0.004942288287078684,99.73859114803933,16.82048937544196,0.0007901906052927251,94.7231445274624,-9.214842057528536,1.7160732761432775,-0.0037989056369360816,-2.951163303054025,2.862147001064701,0.0018956315746004508,16.978554558107547,2.4579105185472465,-0.07542896087327068,-34.77273332550637,-0.8967359086074503,-3.1152013335377626,0.5698225506581348,-11.644209629867891,-1.5588114820860606
317,5.283333333333333,53.033912677893014,-10.258745234132752,-4.964942214070867,51.631016788482526,-2.5205380953623915,-2.9157609228223524,87.56940078223306,1.0786563796206892,-5.1419923289360436e-05,86.94204751628827,-0.2579864687824734,-0.00016001405069477926,18.911865202571484,3.619567794953991,-11.354229730762,26.444857439310184,2.016857574777824,-15.135442089674628,4.4720711291782385,-14.18663868320491,12.589386214071459,2.8719749892249253,-7.72779749094525,25.07050885713681,14.816512634290921,-0.0012173538721554377,102.50935169173681,16.765631787005766,0.00334151296342591,91.86649213527078,-7.740607425240499,2.6995303554839523,0.0013930728957497732,-3.108816536834954,2.2195235334461665,0.0004163471888931376,17.128588428806136,2.5432302675576293,-0.3020358732435676,-34.88988203889491,-0.7951566994584586,-3.2006004293691452,0.769631306060365,-11.77192016542939,-1.4195913548864676
318,5.3,52.711591513827976,-10.251362620499352,-5.061055846550374,51.47260036922342,-2.537713755281903,-3.0251518880521906,87.52519942766614,1.1412786882197146,2.6525981273557518e-05,87.02768880520703,-0.39028329505746306,-0.0005031032198111358,19.207937896544713,3.9214746817156114,-11.348180761830438,25.64976843033448,1.236340385749051,-15.23250587456514,4.529343787171709,-14.538961987591414,13.364353366999445,2.7259840283418892,-7.671127465219972,25.86146525085604,14.524686293579299,-0.0018735521319282226,99.18843488832202,17.522600442112505,-0.005236311394182145,89.75554141022289,-7.175790685377123,3.1033674749264972,0.004838668123650945,-2.936764719454992,3.5207557907486073,-0.0005641036488016367,17.379531967747184,2.8737150405848135,0.04477421371634501,-35.008250831285295,-1.0871849955149826,-3.4538904912834485,0.791175661487901,-11.99661599618072,-1.281326157200676
319,5.316666666666666,52.71756420696461,-10.113962098334035,-5.274095352861005,51.32359353813536,-2.521661683883261,-3.06450780442459,87.52173048207048,0.5377897235841693,0.0001331857087627343,86.88177834812156,-0.19557253663865382,0.00015454815575452046,19.57482588950539,4.000740147399097,-11.318719401676919,24.648082789531305,1.2867487289773696,-15.311483672270803,4.754129508762492,-14.684087544398032,13.244948664133961,2.730311292712275,-7.407631832967507,25.42445863505598,14.110800136319376,0.002123687745725287,96.94703523734687,18.277215646848603,-0.005173440159020099,91.64702887750863,-6.222890401209059,2.8778054323013706,0.00483464626907265,-2.6673315639142134,4.637254204400495,-0.010400287078007412,17.54483611839422,2.7667119444820893,0.4716935460170289,-34.99654776289933,-1.193108022596138,-3.4468016230445677,0.5295604614450563,-12.07696796997019,-1.5118801320903594
320,5.333333333333333,52.832126318870166,-10.224327511366274,-5.704535307629334,51.35387856941126,-2.349307327751836,-2.740823114959465,87.58567033807925,0.1316010927235242,-0.00024695658638615355,86.697660545804,0.02336814619448422,0.00016531214371112623,19.52036953271115,3.6329356861800353,-11.230440772265538,24.59145693749086,1.3025657031643167,-15.24118768051541,4.670626778846896,-14.53527971506231,12.007895391914055,3.143504357236485,-7.435110663117266,26.011827352612237,14.334717678524886,-0.01513363701060405,99.03856992978567,18.23973883581279,0.0009779996922108232,91.00428166951866,-5.085455029674728,3.414618724333055,0.003144361813047849,-2.552424209251281,3.688489500741419,-0.014451757995352133,17.561075216126504,2.7388811276958966,0.304176951896645,-35.043660856743806,-1.0765823908814738,-3.3962274885924657,0.6386325591858522,-11.988400621270113,-1.530624257797197
321,5.35,52.920426278648726,-10.367412948524965,-5.539582454126525,51.54997420171515,-2.197295103424152,-2.6179638337248146,87.66843276132097,0.6660199625954398,-0.00024130625345261046,86.74395080272619,-0.22499259951111567,-1.938550839073477e-06,19.511733036723513,3.8258896404984934,-11.240819669347038,25.279921980944486,0.69891122445602,-15.234895447591036,4.1825934461412935,-14.61862822779316,11.900609808524386,3.3292421275110327,-7.465759662826469,26.895585510968246,15.039118907712455,0.014408593495891912,96.6710362006705,18.50690816158918,0.007191821124106526,87.36476994178153,-5.47556131134142,3.4336938519372575,0.001489257427310111,-3.893327507985357,3.9572618489457088,0.0016364178688357183,17.45733471213353,2.9968549188496723,-0.018177314707410477,-35.06849638882742,-0.9835270429741967,-3.266814782097252,0.9293941719905001,-11.874286391478103,-1.2416905470034123
322,5.366666666666666,52.811575208999834,-10.156513439099932,-4.896837136235922,51.377509716831106,-2.277008347306571,-3.0722563119778465,87.65216167388817,1.060365337790635,0.0001235731203717799,86.87120001690643,-0.7349001855704593,-0.00011979638754677141,19.4999243228199,4.358385622871824,-11.378905364699945,26.000013248188097,1.3534904420596983,-15.452045116482342,3.877930038115266,-14.7413465418079,11.84381353667928,3.1553418774359225,-7.411826125409542,26.518792992872537,15.503081769916404,0.004805555349622257,88.57305876545493,19.220963623072493,-0.002203160818929364,86.31370187769295,-7.166504604292323,1.818150682685454,0.002510497537609014,-5.600837773598353,4.302172368423737,-0.004079727648162936,17.632856083235076,2.8780410758726545,0.0052104096539050794,-35.11366514966639,-0.8049512126588558,-2.887544596873974,0.7456075249106546,-12.050422829103256,-1.2953977935683112
323,5.383333333333334,52.958449523058526,-9.946057884747388,-4.517863113521589,51.48440441636114,-2.3846463254891663,-3.741982266894223,87.63137841836189,1.0850815003660694,-2.386956498127053e-05,86.93395321401509,-1.244008016521488,-0.00027716453806529034,19.005331112595023,3.934978276377975,-11.31294254470403,25.83280345907966,2.5847873581946557,-15.73210503840817,3.9604148774985464,-14.661867118779488,11.615452131331063,3.4087286769963288,-7.541927915815073,26.92879018397345,15.372276601560923,0.004880482758529035,90.38690827500062,19.30328999327251,-0.002256246293976102,86.08489080049772,-8.487080279486896,1.8783044457078153,-0.01139963799434632,-5.8907306334048535,3.561068161312206,-0.028053782150361476,17.65243409941521,2.6030509575014604,0.006509684705697337,-35.18368883999158,-0.6413698683841138,-2.6686333285894124,0.5314672068435556,-11.951572263353976,-1.5130715116700435
324,5.4,53.33924846248056,-10.12170313008485,-4.542383988326209,51.9957154304204,-2.2106587261477793,-3.6419865903394397,87.66735939452566,1.1628787440544177,-0.000106271012582866,86.87230776111359,-1.1074227867675566,0.00023111315685583238,18.55699597612381,3.7410462968326677,-11.172746581470811,24.83419679177342,2.3332313822707116,-15.801481428115599,4.056480570817586,-14.697083515901879,11.828360275655292,3.9282753306433373,-7.490072343097092,26.838741270868994,15.185809286492479,-0.00012959092112038966,98.69428962074915,19.130113023378822,-0.005326526842793128,87.80151494496376,-7.638420967124192,3.8631921741304223,0.009262619845175998,-5.00915758312595,4.216443318954863,0.0950763129629262,17.50984108712854,2.695509156577473,-0.16570220354073067,-35.44178231147432,-0.8102719515717113,-2.847140028517667,0.7528179751372442,-11.54409953852921,-1.4903711674246711
325,5.416666666666667,53.38227748771302,-10.248637574505517,-4.528600197244713,52.12965956220987,-1.9599715308639443,-2.8954062152147393,87.6485745681762,1.321299388208279,-8.303000617085263e-05,86.83780823923557,-0.5513254342691846,0.0006144822800928,18.812839318987635,4.227559900857874,-11.286353256646136,24.38510188779073,1.6817824286566443,-15.857982178212957,4.001182493305928,-14.731430675437737,11.19350223237751,3.6236898212993682,-7.620887637579353,23.905907115813914,15.42300409539207,0.004098061953752873,98.3189318742119,19.054101277589467,-0.001693558940784075,92.67221557621424,-4.992232778932364,4.376976207705293,-0.007118664084392065,-1.7752922568218419,0.1122704117229812,-0.08570140642985084,17.75915523852176,2.869172751246948,-0.24091571345371796,-35.88778681761474,-1.0387123182492735,-2.8127878752852444,0.9561801981611275,-11.472149793344135,-1.3699828546955284
326,5.433333333333334,53.2458050951325,-10.124368108348891,-4.081276403938639,51.93726136080834,-1.9759022029535565,-3.1161078921712657,87.54837239089434,1.7353857797425107,0.00013529458969138591,86.77942919331724,-0.8644277798760879,4.505512377055866e-06,19.242991102057843,3.9753955184298704,-11.365636460078681,24.56615077373797,1.6744641356749086,-15.908717670541675,3.875685832035545,-14.592343293937256,10.608554535679316,2.776500550805214,-8.454558362302738,21.893520290939968,15.627717706177297,-0.002877308130371156,94.76874200717992,18.782076694391055,-0.004036428447182504,91.59876963126234,-3.2944459828531065,3.8755354292521678,0.004980373903829398,2.3585980994691704,-8.575972761068087,-0.05850653506027008,18.093187732826262,2.7012638028841267,-0.10428203784994558,-35.78971184444966,-0.9440356678509696,-2.453299855224594,0.8419365905653579,-11.5967980061608,-1.376793940297058
327,5.45,53.36539293468655,-10.088904914603141,-4.1323244178809215,52.048651877040385,-2.091900981479485,-3.371330043090608,87.41983280041451,1.741346353523065,-0.00014305214110309303,86.69487237174054,-1.1337658413120122,-0.0004966539696192098,19.20737739931944,3.7644620002113336,-11.246361589743787,24.753555675943044,1.9411652434305664,-15.754946282408298,3.7825692699596636,-14.554160726573784,10.661836077335282,2.541997703566105,-9.014074981434916,21.82151238868086,15.723498274084259,-0.0013687721386439872,94.02796320121986,18.699907566146134,0.0026922379099640747,89.314293603128,-2.7775348525858328,3.8289448177042744,0.002374562393553823,2.462711902933726,-9.17109593294215,0.0014462199587504398,18.127514536569628,2.5411446923052963,0.014162852197644581,-35.20167518496154,-0.7925801225089486,-2.3307156682167633,0.7394114124947682,-11.422172371511612,-1.3372691987413967
328,5.466666666666667,53.61923120639956,-10.193976692783318,-4.934891454033605,52.518324374223674,-1.999387933112668,-2.992996071146642,87.40851709499123,1.17336508820794,6.771780130553832e-05,86.87379872655261,-1.0805406255024448,0.00015446456462629883,19.106335761837606,4.1217236113740245,-11.089013355738826,24.86457294266086,2.4731357657390003,-15.730178404712854,4.02875667868842,-14.598046873849528,10.677583831525451,2.86616704353193,-8.743928695225286,20.156107481839978,15.659038153985213,0.002062678768266727,94.00507630160136,18.490835621041278,0.0006759466860170034,93.75915716382724,-2.979641087247223,3.231417607426781,0.003511263648918432,1.543487983579737,-7.438004483099619,-0.0666912316120701,18.257027155345423,2.800213070403213,-0.17759442561189265,-35.045007472572884,-0.8540161729951019,-2.1610221173335167,0.8533872576023365,-11.100183413740046,-1.1226835812825813
329,5.483333333333333,53.62331487299699,-10.275509826504384,-5.0864236552467705,52.67057121154104,-1.8018659784589064,-3.344615785744508,87.46989968567678,1.0853170399647283,-5.416051000973761e-05,86.97898813230134,-1.6378260956794854,6.947017067939001e-05,19.200258269181212,3.9026310937407636,-11.007526634310352,24.422420197366193,2.429155013364697,-15.772699303677143,4.650366546147597,-14.566560700172989,10.783362594287082,3.3912871759764114,-8.558415545655217,18.600545664365068,15.204118482750538,0.004765667892602723,96.17269201639132,17.904324746524278,-0.01541534091925323,94.324537085047,-3.989735664261005,2.74461821137652,-0.000791206055493058,2.23798568112009,-9.355070498458273,-0.07740038263819393,18.96169284675209,2.9814123565719126,-0.33085833933515435,-35.48996498095364,-1.0813623749077688,-1.7325112841048496,0.9397692575450028,-11.14515703524541,-1.099353945390931
330,5.5,53.80875572815145,-10.277395966070674,-4.648902743430129,52.850336483468126,-1.6934621848616713,-3.666005983642051,87.43259590574769,1.3777235448996452,8.584510113769761e-05,86.84393796987281,-1.78877927679231,1.1151468966727887e-05,19.2175206439141,3.6550858552593537,-11.150343487507127,23.60253932636189,1.6469337362350995,-15.748637499371808,5.154402269784933,-14.515535183061816,10.122521809376195,3.6910342838875336,-8.865278670922693,18.65794644723097,15.100487326155598,-0.0023881151676964562,98.36811138602867,18.262283483620518,0.009574314502617485,90.41791699852601,-4.54521107744954,3.120754338319139,-0.0073740355235741685,-0.3966212836051176,-4.882708362071085,-0.12525809988581027,19.52208070163174,2.8075580165548035,-0.3073155504688433,-35.89906590955162,-1.0982197300330225,-1.5196147734354317,0.9040931312675882,-11.05881067468127,-1.24376429983274
331,5.516666666666667,54.48273696330135,-10.261235288689353,-4.379007037827151,53.601504147514646,-1.6199633357422984,-3.4775100001458172,87.42640259707304,1.5640187967557297,-5.847234181610483e-05,86.88844848708058,-1.4767684761850297,-6.0770288489630015e-05,19.247140539651397,3.8865632138882793,-11.305483148698631,23.179153009158146,1.4206173268486308,-16.030685300719252,5.428865238506194,-14.526821409290442,10.012917786466947,3.633933096553857,-9.106244954010686,17.527715164297756,15.451849737748038,-0.005180918238425167,95.1445578532948,19.27962024009554,0.0007221553814112554,91.59630906233922,-5.599483255720227,2.41015782089124,0.02734102741069785,-2.725134818828674,0.22155553248874735,0.06330078566137064,19.395297488876004,2.6998608086819593,-0.5166896183899723,-35.95791727163503,-0.8081488983783107,-1.4824864493128302,0.9154600794135155,-10.416749211618532,-1.2564277356746583
332,5.533333333333333,55.0012643431089,-10.203806808043923,-4.169554931349411,54.19569831179643,-1.6588351380929391,-3.398647774135332,87.48745934983899,1.7375809386115249,-5.062641208974173e-05,87.00547802515716,-1.3477824235346592,0.00014910438699809752,19.352090384380165,3.7123802368606467,-11.277150013682608,23.08342921717524,1.428201794307412,-16.13568110672771,5.766100905547482,-14.662807409984513,12.219777000489954,3.97343746961805,-8.8771391910695,15.999375458267687,15.449280255255367,-0.01700768114673428,90.44730375948635,19.313361451515615,0.0034639592230574336,94.1718013627404,-7.961971129816984,0.8938138654449551,0.0197296335515279,-0.9011740258852697,-1.304119402719745,0.006047374808687033,19.476128169132565,2.769209154372326,-0.6558727928647001,-36.124600578330195,-0.7988588561179842,-1.3244607912384285,0.932020571320509,-9.916753995588273,-1.2377990152282727
333,5.55,55.2272746308277,-10.078251554716052,-4.439928903639043,54.39259845209666,-1.8324041885119366,-3.191775148390793,87.49001591823765,1.3589815381454202,2.467889806006878e-05,87.0399801687988,-1.0262380604553187,2.980077405364994e-06,19.40532212070656,3.641152478740783,-11.188241533562104,23.150929696170326,0.9501905091462137,-15.763628985823614,6.293775711732371,-14.92175826555935,13.611816917136855,4.764306227066648,-8.622168879367019,17.068566223817907,15.302448134398956,0.0049458320710789915,90.83683325700092,19.227525756134597,-0.003202894219477303,92.86804630458889,-9.690592123018352,0.40552497296578377,-0.001442742553271426,-1.0549649760664943,-1.3854252562161384,-0.03692954312364557,20.117076073653816,2.8704887830117958,-0.3572033356794171,-36.59536744776135,-1.1983536961015187,-1.1499323974577327,0.7906154482624503,-9.689154540294025,-1.262211388380611
334,5.566666666666666,55.48446973773173,-10.11384038328381,-4.708730009849288,54.61211915930231,-1.7373196442228425,-3.356780110602645,87.51361556196225,0.9374821442304556,-2.8587195890753403e-05,87.10309707948419,-1.0967679456548816,5.792454697009632e-05,19.414587842730914,3.987807229419273,-11.048291135942193,23.418645080444577,0.6029709668079277,-15.819466707971632,6.656385925272618,-15.19868334352589,12.174304718877986,5.538605173345471,-8.740126551572715,19.652479163004777,15.864293681008991,0.016357222644332297,93.27556666861166,20.039826714542347,-0.0004989533559326449,90.91283086467755,-9.931760907077127,-0.17636626155444968,0.00851000444744663,-2.2867453899893326,0.6060859998748332,-0.018678591725231418,20.742610551383184,2.869641700772712,-0.15316604015480015,-37.00533504742206,-1.4449988888300547,-1.3217604884329646,0.6193379032805147,-9.407996738864584,-1.3531367574297397
335,5.583333333333333,55.82539412750272,-10.262201629557723,-3.961285266646153,54.92871837060107,-1.4669558431905088,-3.8089127048575184,87.54441929101219,1.6491608512913998,0.00011953058578679227,87.11808849643283,-1.559955043402821,-0.0001851775324174507,19.33260546446207,3.970383084062132,-10.941490121431402,23.632810365050037,0.7824114776734943,-16.303772434169577,6.593275057607734,-15.38352137858407,10.714759104847365,6.30570311886334,-8.859897534709557,20.95844104852604,16.781235252694824,0.0016023747347450514,96.61583503895827,20.235809099400004,-0.0038139657454180982,89.8166353456644,-8.360764154385091,-0.8972979279429795,0.004874051708301121,-1.1315459911266685,0.1318037590161405,-0.017064686612121578,21.040072928458493,2.7631102692963063,-0.23471562380849703,-37.159609173531955,-1.1915188960032062,-1.471255041970175,0.5530162122605234,-9.065712744984452,-1.4458507169044121
336,5.6,56.06270267301625,-10.308888772983702,-3.6061033617285636,55.07157463327815,-1.476127162107822,-3.522868826839938,87.49029474784636,2.084962189526849,-0.00016605948642426646,87.05168259370458,-1.2885439183811678,8.141560670191687e-05,19.11846234672889,3.7310470206431634,-10.770858585064067,23.659691040081128,0.8703129966815369,-16.31603479268499,6.6953866329028955,-15.383658673874828,11.912986894844707,7.014591049386021,-8.964882743024054,21.40533509303407,17.02012845699496,0.007665733515133912,97.02887150358418,19.715162720767093,0.0056351464389756255,88.48538015017604,-7.094174007426133,-0.38817433335569923,-0.006210524045407332,-1.6445838964295743,-0.5849673019800019,-0.024909167262653135,21.474646944208523,2.6277245275207406,-0.14222355641944118,-37.355120064766595,-0.7456498860617476,-1.2906123345629879,0.49111426917705486,-8.819446623311082,-1.4029216600588938
337,5.616666666666666,56.246743653434564,-10.38963708945687,-4.329648638451413,55.08530060176462,-1.4745210822098058,-3.188628675142194,87.5212127014313,1.3077355664061752,1.3333041434457688e-05,86.97262781930064,-0.8102291055325501,-1.713404380637965e-05,18.971028785320502,3.3588743681602042,-10.460102815067946,23.516850575851205,0.5038775350280679,-16.315963886289374,6.982353670566287,-15.186613912159572,13.663064711580567,7.383876018394419,-9.304368618060082,21.73981351987763,17.151530555240583,0.01612051660304469,91.62427541514758,21.047265749779694,-0.003529645383891759,88.34824744195488,-8.108719223592463,0.3375668755858758,-0.008674381551721797,-2.135411452761895,2.869612260182927,0.03195086524880445,22.29471276446207,2.393024695751109,0.14110213861426063,-38.1850466210954,-0.6546237901937683,-1.411622116207449,0.42907447071474786,-8.673644321360333,-1.4279586208548831
338,5.633333333333334,56.95176586593628,-10.538621169454546,-4.486717515311459,55.70155279366535,-1.2219130275965355,-3.318624922388635,87.69745150145577,1.0148925287678452,-0.00031676549241117324,86.99312000040425,-0.9451862626760087,-5.616596548950743e-05,19.04752087836323,3.4003687283190174,-10.42813490376642,23.53571782710718,1.1455873263602887,-16.94544637622624,7.074328637786251,-15.02908733422973,13.022289210335838,7.270875322680045,-9.61343377600215,21.15583096287399,17.872643661613534,-0.0236727404556627,92.49305267850455,23.66657511476626,-0.0045215592786980174,89.48996801315639,-7.939371191029048,1.1885107273879334,0.02335293634958833,-0.20557281285975976,8.877487256289587,0.011755092005719666,22.5584138921672,2.180901520687899,0.11305080707142309,-39.36817838060554,-0.7328142794610529,-1.6652394472953886,0.45537626637244366,-8.055106642026711,-1.5510979872871569
339,5.65,58.08729670875751,-10.689451877565292,-3.924611898240589,56.86142261982366,-1.0353204300499916,-3.05156378148824,87.86856150986863,1.5846683097655185,3.8087541323832625e-05,87.0951989423071,-0.9790888964599185,0.00012192635052768473,19.047955701817102,4.410490806944492,-10.580460704509614,23.800773579597017,2.4687270880084577,-17.35493913395104,7.215806486977483,-15.078374637979753,12.643257015251574,7.094957348743687,-9.94916801212174,21.004775622840466,18.609017766970755,0.015622545254654552,96.5791841285148,24.436149738094787,0.0028079058044217318,89.75802759911357,-6.76172470717596,2.207383868710483,0.024732624312169636,-1.0303096748831628,9.202020864384941,0.03096086573950052,22.216391434777325,2.0741785120838374,-0.2651708516914664,-40.167226556932164,-0.6476736285326109,-1.9233912300231821,0.577906833978185,-6.931801601986611,-1.5492941108035616
340,5.666666666666667,58.88812600069895,-10.809767361517846,-3.6480978480040624,57.61695356589456,-0.9615324060453537,-2.9833543847512427,87.95848315524587,1.8522799019197032,0.0004295993282708916,87.04214341238469,-0.9640851519906412,0.00026149592369009245,18.80491629645444,4.970590095704672,-10.54363547127825,23.730958754730384,2.1007887625469874,-17.173228603684564,7.284102512486962,-15.255236784501074,13.835311267830349,7.295957426904227,-10.138885905609142,21.20043424681392,18.854058162050144,0.015862596933739422,92.06794503143647,24.070106568032948,-0.003629981145966829,89.15430308887035,-7.5465899932327485,1.6569499240978305,0.010980725201040391,-2.747453146153613,5.259275971240041,0.03453766625054426,22.24277101383098,1.950168983956697,-0.4133701713333415,-40.72614078329949,-0.5848839729470554,-1.9402552411562939,0.6597043085641796,-6.093886351285152,-1.5682875507239848
341,5.683333333333334,59.241135957956395,-10.858404452959075,-4.082422510108117,57.836139195194704,-0.8534216548815023,-3.7005222669719737,87.8293911625561,1.3820008179638428,-0.00048013888084989326,86.78779893338954,-1.5050970224120557,-0.0004993901311511642,18.750065944827774,4.36475704599198,-10.499137487326363,23.793067878978043,1.390974341928227,-17.02643235040619,7.399111481980761,-15.329686270103332,13.719017947605568,7.654909574567401,-9.798121624899062,19.962002716017416,18.64764119789717,-0.0026731862106468794,88.67175839168013,24.504988017824157,-0.0016061213071206265,88.25880398816942,-7.856859084073292,0.6731102027195646,-0.005673022489292855,-0.7889786634164,5.621986404459101,0.02020756064331574,22.458827267330868,1.9303124829720824,-0.4702175162130276,-41.30311824989202,-0.32411402775672676,-0.9754795552094773,0.6669401274361648,-5.587597519574571,-1.670548055367501
342,5.7,59.653986313961475,-11.03701403477219,-4.902528713145936,58.13803942687231,-0.7045429270511098,-3.823652858008648,87.57441406159296,0.6743061118549939,0.00011083085243426916,86.52760851794137,-1.587736625473426,0.000247273906885363,18.869342938006852,3.9611073549728366,-10.3812059321188,24.405830047151298,1.6415214001433291,-17.068642530360965,7.837586142101258,-15.100251057019676,12.32246974001773,7.810803870274832,-9.619929373123425,19.26096512105877,18.616484226112828,1.0789226796641759e-05,94.97464637405004,25.14335250373608,-0.0013636012261496323,86.67905492838321,-7.310867780362131,0.7379285021058525,0.00015951461352693925,0.30998701911506293,8.015049432065734,-0.020891064411710934,22.406387174464705,2.037174132179727,-0.9069605270209639,-41.69346563834596,0.0598379864763751,-0.07329672538052874,0.7274929619199045,-4.863984108764646,-1.6986609361026486
343,5.716666666666667,60.30850985464945,-11.354486347185212,-5.157117731313233,58.64509703306575,-0.5142887751071069,-3.183020417979159,87.5209755899681,0.48334632623333035,0.0005500751321750821,86.36580492495459,-0.8704112361438634,0.0003311728592459641,18.745087581894445,4.133033027555046,-10.084079627016651,24.832493882785318,1.2879020483590062,-17.201637542926576,8.05815457542648,-15.033456518711837,12.189063267405306,7.674913498091948,-9.585006148555935,20.172221623947905,18.707577747022953,0.009942801696400666,101.4992280236143,25.528792783778417,-0.0016888564552561519,86.02990239411292,-8.044965403385737,0.6580337909755334,0.0022280056041502493,-2.2314748279778893,7.999444659903751,0.007072323064749604,22.227888969788733,2.1270718147581418,-1.2178204962977885,-41.7150789155428,-0.08473477940223886,0.338796278475353,0.7477198534556866,-3.9870189964224103,-1.7684487638214068
344,5.733333333333333,60.958381635241956,-11.469125079027737,-4.948437146048632,59.09444819308283,-0.36298702955966283,-3.248263252807092,87.5454899276319,0.6347611942881344,-0.0003899152641355714,86.18917093372436,-0.8458334985536862,-0.0005652367681378041,18.83219424039947,3.8434563888848983,-9.985093725530382,25.154674672254444,1.1219482565865029,-17.428429218402552,8.021875074953313,-15.413002947107985,13.542613332616922,7.609551590181421,-9.164337561763743,20.670264435327965,18.33999022553393,-0.013869952272554826,98.27829285883847,25.816025609785825,-0.003601687231866669,88.20635894685958,-8.689784918305275,0.1440123885506844,-0.002775931578909217,-3.6558739928175394,7.844361995115003,0.004568215290444661,21.921319749777595,2.1844505206668314,-1.06913478820359,-41.768861167654705,-0.514744506923127,0.9740153217468752,0.6792774361214503,-3.129029420079074,-1.9117306039834703
345,5.75,61.234897407316105,-11.292934764213573,-4.839107902153204,59.38572310196648,-0.4177229935859187,-3.8672361902419814,87.28766022386205,0.7237816110121945,0.00027113932699321706,85.94862941565066,-1.4810320374560757,0.00020100836913309374,19.463822105962606,3.5795653711187647,-10.233840570189502,25.58683534694077,1.7772615703648384,-17.548944284428313,7.99221518418376,-15.450236556370674,13.254340021392418,8.161618086656937,-8.99968588523909,20.335350916328494,18.40603839397105,0.004675447752253752,92.21274604309467,25.442473442525003,-0.004705537687759377,90.87460559372069,-8.356384355830516,-0.006246696484762468,-0.0013502516861228929,-1.8973512134891206,8.148699867605316,-0.0004664867672002909,21.772470126707628,2.1845926672370086,-0.8898650880776243,-42.48029805301776,-0.5132826409675992,1.4386925365586993,0.6320208911517003,-2.336971722189636,-1.9145206183475887
346,5.766666666666667,61.08993267117126,-11.08923958141591,-4.6101878613256355,59.4554840530226,-0.42396227417134913,-4.023698028130103,86.7908424657502,0.8758259177328214,0.0009718968197794265,85.72037698866738,-1.6755854648702238,0.0006970263437090623,19.99456134374718,4.202289929128517,-10.596264607498856,25.72955493178618,1.8137028950659062,-17.5104666113741,7.878914113721519,-15.224860933558332,11.161726994766276,8.705759806242808,-9.264707884370132,20.33987635452012,19.174637015215488,0.005443564871430573,91.71492019013904,24.89872508365688,-0.00820519004945321,90.76006781714591,-7.609196949288463,0.06597378135461819,-0.0017501529719597592,-0.9261713962292301,6.849507699829867,0.010809460215190917,22.084452430099567,2.190638836619027,-0.8618733064903404,-43.435340282151834,-0.17870612108328354,1.6919662128349429,0.5925609777506557,-1.8052498003546091,-1.8573557562217824
347,5.783333333333333,61.16829285517542,-11.14317399848589,-4.519609302449127,59.591286455503294,-0.032710472040752205,-3.987385035284867,86.29266858494216,0.8230945911634087,-0.0010708606889679136,85.29193327956115,-1.7951057016130332,-0.0010804610119950168,20.28116029544229,4.561416380443089,-10.699894274047335,25.9239394255129,1.8344849346749814,-17.675158586360702,7.886911900474159,-15.449717524645058,11.748801855139687,8.49016699109363,-9.29007254536891,20.875745447814744,19.00987283648534,-0.007256960794185874,91.70646202153033,25.198473955527938,-0.0054914730750109265,90.09675131582424,-7.510151407294968,-0.2838097405538567,6.403938775401632e-05,-1.7293167356131192,5.432180652463097,-0.00028099911790234857,22.02834446593802,2.237038377831417,-0.9228240530626465,-43.92280822689637,-0.08212154411195205,1.7263320430602835,0.6736488877027031,-1.107355049535212,-1.9455749614350757
348,5.8,61.487330747511145,-11.46365550325199,-4.647106250293265,59.856768750013686,0.49109900667141915,-3.951624040263792,85.7994847025699,0.7479550952301678,0.00040475494559452413,84.59642323131517,-1.9462360125452862,0.0005822882327921285,20.670052489381995,3.998736541980774,-10.425092805912051,26.3808168678471,2.298034875433246,-17.991768429733877,8.032371399507685,-15.75783470200125,14.341437422667607,8.408706048780797,-8.877652701406259,20.868247888175155,18.019053528837137,-0.0008689622421351844,91.20169410219255,24.906215045696985,0.011852380759232775,91.92709145743623,-8.069351351866835,-0.4456970992836918,0.0030110592485954224,-2.7472045034232146,4.9642088654556655,0.0026747200480850557,21.320674513326196,2.2058730542671525,-1.1295143858710888,-44.227719936754774,-0.0759439676287346,1.552070411796354,0.9133275668471542,-0.07950539001204167,-2.0908849871520077
349,5.816666666666666,61.330716166302075,-11.83031457212475,-4.587763097542724,59.786606865353214,0.8482644409272075,-3.721669547216803,85.26414864780676,1.0679733166502454,0.0005935255935349457,84.07093676734141,-1.7805413708858737,-0.00034691736595597155,20.9655938592457,3.5602931159453863,-10.05878239470703,26.516665696825743,2.113348545394993,-18.218300167929268,7.977955343487764,-15.716484543218211,13.849385724746229,8.515819688154084,-8.775325883519276,20.756042253664074,17.534686771089905,0.0069904177483320175,93.62650811586956,24.208278675114695,0.015813522644935595,92.98812313439055,-6.854158977659948,-0.2676664308978624,0.0028054053763739905,-4.011420320938762,4.266820215719134,0.00732440837447554,20.84750362168748,2.1635818423440862,-1.4626034777875725,-44.42634965744017,0.4465192370149593,1.9627265033063177,1.0845814930392055,0.5656239386508681,-2.149973752922739
350,5.833333333333333,60.949957102591306,-12.010064754391111,-4.595378750585203,59.56354250976435,1.0405122355960899,-3.4101566251878435,84.63746934964654,1.3078775116918708,-0.001423800295936747,83.59216918101292,-1.557229065845677,-0.00011329118095305683,20.994472787175408,3.493428172513341,-9.785818775091222,26.263487267117334,1.4213850124768772,-18.261148954357985,7.775571498443456,-15.545336115390732,12.959425453610246,8.090224998959174,-9.148070935998954,21.39638951920634,17.121290729717302,-0.007332470277740739,94.59473897468263,24.978596227599876,0.014736584756731948,90.84008647585631,-6.6201446335400735,-0.3543020813864546,-0.012503592298552593,-3.9361542089232753,5.356308729547698,0.008432107790776078,20.430814257846524,2.2954730609507985,-1.6811615159428344,-44.09028184277404,1.1448907827184416,2.4638266811629186,1.1968979490567317,0.9893828533183064,-2.093431449282993
351,5.85,60.89814738704253,-11.982525958584885,-4.666366931868241,59.59032172103987,1.0519503870450313,-3.176232416975316,83.9303910601811,1.4825876023974738,0.0015728589616025486,82.72514683408238,-1.4838206170590194,0.0010823155418857088,21.034108729094825,3.589013222922669,-9.842476086913821,26.06040091507426,0.98873786114618,-18.076577904706802,7.774542707442526,-15.514514565812549,14.665360375888106,7.794678733206953,-8.992875123313725,21.188226509676603,16.631301583214757,-0.00443782251879337,92.42361960922229,25.395458177405395,-0.0051120180107532545,89.90593146776057,-8.660406801384038,0.5739587088002914,-0.012384140278989353,-2.7125157378554503,6.4512728397756405,0.004927814707854303,19.645924426583424,2.577747536783972,-1.7795534266532718,-43.859754809636115,0.9967861738421498,2.1907492419329895,1.383717271947962,1.8626268643097688,-1.9518423569952585
352,5.866666666666666,60.877950273254726,-11.806895319603397,-4.856909501388916,59.67453672699058,0.999881415775417,-3.3580721630453167,83.19328118737545,1.6095530637571982,-0.0009770355221095223,81.85545487703376,-1.9680789351330876,-0.0012840468883930838,21.35305248852894,4.167610495383411,-10.161091481855678,26.14628725451587,1.4210419284555713,-18.060657766036748,8.01913419762025,-15.60339513287444,14.821466676861382,7.903239840417365,-8.781321523903113,20.424035431522842,16.92210939870463,0.006692638678239842,90.89575180909661,24.646364822091318,-0.0006999388885113758,91.51065385862236,-7.397108249432318,2.632227266914544,0.013683723377128462,-2.794337269344658,4.1245693974627216,0.01137997593137117,18.95451085775306,2.843108515338991,-1.9620074683028348,-44.31091639628525,0.29311010242143243,2.022289848801212,1.5042821139684333,2.923339456433902,-1.7416678379163182
353,5.883333333333334,60.40134192949557,-11.53422188665293,-5.321676022542495,59.40460064608787,1.00970870395151,-3.713773958808923,82.14150725781182,1.4324429036649462,-0.0008053770122040839,81.06933062051725,-2.5967917014138937,0.002897210053447551,21.76510528928014,4.195349922687093,-10.080542485722399,26.474344350497724,1.837837533265484,-18.071407007888368,8.027730588709696,-15.935095032373182,14.466772504541092,7.887837805825701,-9.045255189280661,20.529780091092825,17.635795522980544,-0.0008637091675040209,92.04817805718358,24.6849760865735,0.0005735821793657589,91.04045740468283,-6.2960816858778,2.5743687064066014,0.007681728960213498,-4.410521447446645,3.2728990715606865,-0.017378283624990835,18.399565974266302,2.956539756896468,-2.02528598737128,-44.7344630107666,0.26315605071479165,2.323374616433338,1.4430722773714952,3.680251021387246,-1.5810500847132276
354,5.9,59.54160912554574,-11.403635585537305,-5.567711340318773,58.5811102833714,1.031802103169319,-3.9500627214886452,80.78498372041189,1.3415616773007428,0.0026159382010279095,79.81193479639579,-2.702191475502858,0.0006161303076045496,21.813498404516075,3.501729407532731,-9.853181619346493,26.63210290354781,1.4516075061495708,-17.854055764398524,7.4743666873534576,-16.182547239486333,14.82095991726276,7.478103872946483,-9.076942472350348,20.333023416677705,17.959369371392786,0.0014423163263426293,94.31778926067123,25.377214589127256,-0.006559521540200484,88.60664299085923,-9.422632187299365,0.27909608270650366,0.006947462332426909,-5.364385916180316,4.837901675617102,0.007001951707406713,17.797223566058474,2.76378376083017,-1.8682765108068118,-44.719857712698236,0.5529960620801967,2.1378877376917282,1.334453851028455,4.1052010507057695,-1.6700474587673901
355,5.916666666666667,58.793265065327084,-11.366488151312,-5.585428580706832,57.59592978634412,1.079722070918422,-4.230278082101235,79.47998365981019,1.245822877223232,-0.00327825942993579,78.20627150848208,-2.723417976397231,-0.0019805280208588716,21.613038900758163,3.535567108054154,-10.085932248222052,26.463832589488103,1.4854512549465575,-17.83180449475934,7.0602626054376305,-15.637113668291372,13.319119582732291,7.048581315115059,-9.218161416641141,19.871247829182085,17.713890285330887,-0.002601853713653078,93.78462754702699,25.30137545490451,0.0015112116838728806,88.85152369064413,-9.979848281386182,0.781659725866683,0.012285697089774948,-3.1592626666988814,3.095280123938988,-0.030388174003962858,17.140513813155504,2.3319310465130263,-1.7760539775484887,-44.62531729994551,0.27467192578598937,1.723610143123826,1.2099525041314212,4.518924180336401,-1.9164682977691216
356,5.933333333333334,58.24183770480651,-11.303019915237433,-5.463766958422362,56.839687557852855,1.2459329906407075,-4.368089080250839,78.10688739045291,1.2703840323176432,0.0019978894040283564,76.65604823872263,-2.802471053984436,0.003279311123552232,21.498430368289682,3.601743433455815,-10.162164436797099,26.354272799919247,1.463811147663616,-17.73733161959496,7.110621523588797,-15.11230071139941,12.302594645001326,7.198294320533751,-9.268147625813251,19.597512701898456,17.171134209885484,0.0015676911956245792,93.19350416328024,24.591577400139986,0.006554778108974924,92.33912914408478,-6.769336027930444,3.443502337856566,0.0123484240355192,-0.30937550616635406,0.4260886929729701,0.008402094187647325,16.24353913260111,2.1416642306857927,-1.697966866928187,-44.44525476508861,-0.06670001350031007,1.5745406610731358,1.0521698761020013,5.170211488644357,-2.066500528100403
357,5.95,57.50126885669141,-11.431282783440713,-5.491349069981589,56.07162569380696,1.4443169965634317,-4.685381783578789,76.63250256585634,1.4768491697155868,0.0014739716833831514,75.1450860404427,-3.1052867846061325,-0.0033014419291029938,21.336249756253764,3.6143503553061285,-9.843620400567952,26.27104736817436,0.9688785573579157,-17.36060069019688,6.836272560089597,-15.347068412361443,12.03761112541023,7.468649620051436,-8.570753690346812,19.143551514371143,16.96692761951108,-0.004004957420778823,95.82060119407885,24.75670239486113,-0.006840587203315902,95.09824380032728,-5.088224796420981,3.1204414923218224,-0.016748527070568096,-1.007292805777859,1.0248765950230228,-0.0023018111976732024,15.231407509185212,2.3238292854711267,-1.4867534775507365,-43.76168562063013,-0.0867494376112485,1.1533371841737783,1.1205760315908027,5.796112744947052,-2.0983861629710363
358,5.966666666666667,56.415340386496624,-11.497791848334671,-6.16649504334536,55.05574928744483,1.4609345904456155,-5.123247461499421,75.0070242695592,1.162319007660863,-0.0026550960819381984,73.46434051241924,-3.5287553556655884,0.0010912461091530988,21.096120993086558,4.485419705791995,-9.719731406806684,25.90000671992197,1.445862867410883,-17.329254133761747,6.336326953560843,-15.686958810281569,11.012047443342631,7.292365483670925,-8.125007391561693,19.65539961126719,17.400316030762134,0.0034969707228395884,96.39043383042231,25.580548124387285,0.003049482091922103,95.42506961820318,-5.270852007300851,2.013593111411788,0.005175106527778485,-2.760025543383672,1.2878111150753608,0.00018594912930011887,14.33446020021429,2.5392789983482933,-1.2959193243037233,-42.741667576757706,-0.22904527909681652,0.8188155539103332,1.3617154584279052,6.241305803373522,-2.0800213003627603
359,5.983333333333333,55.10422184749553,-11.186756978466835,-6.761497767241108,53.73712931035462,1.3583767019379684,-5.232102535588786,72.81815348629127,0.7342243355855053,0.0021408143793926753,71.27631106006623,-3.6834432884301163,0.002421514586082169,20.799982838832623,4.560108020150509,-9.61249118238294,25.54910576813907,2.586116555492338,-17.518619070921357,5.977347830492561,-15.800845600536107,11.019208975942714,7.017589216721764,-8.362192877652772,20.94050750091467,17.862408309102424,0.003676757240993479,95.25501085698359,25.52855325084151,0.0008066416184038733,95.14528325950968,-4.877354113707696,2.3586161087324564,-0.0021542923095107256,-1.940456872678693,-0.3956006255328509,-0.0036144246472978986,13.426934643905842,2.5225717290687375,-1.0954624763034437,-42.196400141619804,-0.5017963967482908,1.0547980577576588,1.2835821046119487,6.744088121474322,-2.0726067660198924
360,6.0,53.61949792367409,-10.88857109110832,-6.8120461833203185,52.00322488392287,1.338230411497752,-5.657617250593321,70.44048120177438,0.7569222777836494,-0.0013720403583879972,68.59683096703128,-3.9787464608345093,-0.005360562142021085,20.444319992708508,3.6231046191550305,-9.391091842544462,25.446916867046077,2.943638376868928,-17.089525006574508,5.491619754484873,-15.624742496468027,11.828074522896664,6.797776474725651,-8.464066977195303,20.942148012172222,17.496982100681137,-0.0004594084454665264,96.34984163742054,24.961859262135793,0.0013459052635190147,94.92464996589175,-4.212337192930242,1.504122667730685,-0.0064209713118053525,-0.9781045649596171,-0.8273964412651902,0.0025359506787572443,12.46840285307251,2.14617822681367,-0.9806397985543435,-42.0765098103141,-0.24566050479360585,1.2883248312784774,1.0573352270416088,7.156907250779532,-2.2133838265541512
361,6.016666666666667,52.047784403594676,-10.652659426499245,-6.825698300407822,50.2301319307307,1.2236773660304185,-6.188963730439305,68.33529809411624,0.9337483469508241,0.0022546760174262624,66.0912149515783,-4.214507152717706,0.0023241088362757787,20.124693967170014,3.450496880164366,-9.632143180443451,25.442752516852575,2.67047811632644,-16.28414041720491,5.026791932669516,-15.14550483265533,12.348974175468008,6.238420911783517,-8.22974516390371,19.109608206289092,16.624726908774605,-0.008866641915442345,96.81703192489788,25.027081214904285,-0.005358573238828516,96.30127634412281,-4.474084516906219,0.7213356457236589,-3.321479500505207e-05,-1.2933944030392126,0.7664148165721324,0.0007299984837540149,11.441452502710742,1.7555509701306562,-1.0835102532326777,-41.745623230147395,0.46995803722175983,1.0312432857000964,1.0469001733513328,7.357503053053267,-2.3107948727997694
362,6.033333333333333,50.794715493673905,-10.098956566167487,-7.132822779635272,49.02085717559742,0.9368764644808966,-6.213328833540663,66.05866322339435,0.7387925422932744,-0.0006249233790350601,63.96663114277384,-4.150384676933204,0.0030273729135579528,19.397271538223407,3.73661453753316,-9.950131652371978,25.200084579931328,3.1496831412541466,-16.01513254089649,4.951295404554912,-14.76525631814706,12.838449642998436,5.498786701254633,-8.110653484381459,17.300429384210908,16.112944861385866,0.005081550025701692,97.13282234549374,25.355543263679035,-0.0030336937395801173,98.87025818122669,-3.9790457812111835,1.5616530409999976,0.004072897054757145,-0.41703386154454536,1.6222619966463607,-0.0009286322349611062,10.22810220355874,1.6093230370035874,-0.988968125727898,-41.61488300906365,1.1370647721428775,0.7239032133211893,0.8930430065357235,7.8381255228779985,-2.170574138958159
363,6.05,49.6356386816237,-9.477357957058155,-7.813883393597454,47.90629164204194,0.7660340554956746,-6.485818656564067,63.42727008031554,0.10394280854114187,-0.004126261887048555,61.61429273772549,-4.4284565005279415,-0.003320045398618457,18.627889091586336,3.8599021568035297,-9.697473380028818,24.71094446394727,4.101441862516353,-15.993348699302011,4.64958422105308,-14.773318075957626,12.968578346353667,5.052600577043198,-8.395576474404526,18.027604849350666,16.289772587570823,0.008774495799505955,98.60510636261073,25.07253592922563,-0.0035669769251216645,97.61909775804394,-2.8231913895150864,1.359762415345282,0.004762564376300368,0.4039242303794336,0.6177418835277847,-0.0018850436094254401,8.923498538213089,1.5372826060997278,-0.5206945944406959,-41.638839628692885,1.5659009070441212,0.9052148622223551,0.5625998279515388,8.514301732063045,-2.016198985782056
364,6.066666666666666,47.66119525652478,-8.953460437705335,-8.251940676471188,45.86272785553091,0.5230301318646416,-7.28517092878207,60.6213808953203,-0.1099778842367231,0.004715213474344352,58.66860638315995,-4.892771444299371,-0.002008257769995272,18.661856552656847,3.9096362485311222,-9.61946204253165,24.757766717793288,4.5504990452139875,-15.566958153241515,3.7768033638503447,-15.086526207399906,13.91732810677307,4.56457249566925,-8.541337895329296,19.872873573308514,16.35412708320992,0.00475796894966652,98.31716420170936,24.86894093484127,0.0021117076641178094,94.56035964968284,-2.8248451847881686,0.25370533966731523,0.008330378539253771,-0.573435784462262,1.649861627962161,0.0011170951263616286,7.79189734709094,1.6318593656304825,0.12474815981656578,-40.96234270594894,0.9041316160225592,0.8183043508161372,0.33973238615692003,8.676503876907203,-1.8977141386174068
365,6.083333333333333,45.45127385609769,-8.534322625636626,-8.179661324014862,43.537370184963436,0.18079772877901548,-7.792913502590176,57.868193639638086,0.20981350797637327,-0.0010922660554714045,55.62737157194498,-4.805498776865115,0.005128253080858096,18.503597856897198,3.814959686400997,-9.870469482862323,24.939276118321665,4.734137208530442,-15.017046683840247,3.548723259605223,-15.157691918895468,16.52734281782663,3.9237213765708336,-8.234770608978584,19.38669797454294,15.299703964459084,0.007461288259012107,97.95854230099137,25.23075429495628,-0.0038139265210621,95.12679402330728,-2.6185671181354704,0.7162934195858645,0.0032412018763401545,-0.6433025632442639,4.598473810789136,0.019186163112551176,6.848828199713295,1.7196964163342021,0.5568973651281234,-40.18315302400685,-0.04930329628190136,0.31108364188944854,0.2076056019871294,8.64618261463905,-1.8246662556715147
366,6.1,43.9658135656642,-8.502644464186462,-8.464059281130885,42.240070125160074,0.22072475149273194,-7.767637803837078,55.32477210064756,0.4249181693721757,-0.0009925433987445058,53.21584212213355,-4.572544516754354,-0.0006007849539360398,17.80816932037658,3.633997191337838,-9.75502489838459,24.367799049523928,4.779392783874986,-14.749951904388585,3.7278953259466245,-14.712450645320327,17.655633061221803,3.6946238085691987,-8.152537419490134,18.407420937597372,14.495327015845488,-0.01098269929648636,100.93132083697867,25.014580916609106,0.002679175092939936,97.15443077032766,-2.0568848142051372,1.8618136095014919,-0.0016869812869928235,0.7426429398366327,4.071078188879252,-0.015020991544842063,5.712273743691487,1.6016903815470673,0.4119886085757371,-39.814029713254705,0.3962536808655962,0.24933285793020715,0.3637734185414235,9.082879893479365,-1.808017161667113
367,6.116666666666666,42.536901123567674,-8.405627748524916,-8.967748322032078,41.1096695557395,0.3388326740708733,-7.982092185607556,52.57363107759511,0.44145737186221795,0.0018827926216292163,50.720157116091016,-4.762333187708765,-0.005090284984133048,16.975134670505582,3.1750057765047424,-9.601740500984512,23.27087843962318,5.414319810930835,-14.448749260449192,3.2281231871006044,-14.467483838181472,16.804992461454738,3.282814045210046,-8.337183322159015,19.365072890191023,14.718862660737976,-0.009971866153878227,104.09973184873276,24.60936681995034,0.00622329865912358,97.20215078282118,-1.965949275119356,2.1015138049266615,-0.007484245557079462,0.732003907797839,1.6883714062900657,-0.0007519044632048987,4.372231911890605,1.665118206817865,0.32885482928094917,-39.271803098789576,0.7831789087310599,0.3563476833902939,0.6192362097691491,9.62822077938814,-1.7265329882238805
368,6.133333333333334,40.7432027982455,-8.140277057763278,-9.092734207176154,39.12126489507186,0.2335662039150953,-8.648921214553239,49.52518190267379,0.3769755538991318,-0.0031908940176681886,47.286322773664644,-4.722150384886672,0.005485371251052561,15.724240085038188,2.939589470371531,-9.488600313884316,21.800243102635786,6.218744809243288,-13.571057088501073,2.692164309343123,-14.71970010206195,16.50692273693599,2.301467150911349,-8.328311016762317,20.342866371282064,14.666362390121286,-0.0007222001475911748,102.60717958565199,24.927712017820685,0.00922151162542349,95.5498385797953,-2.32228850694073,1.4853415475999636,0.0030108291072119477,-0.6325887131925575,1.8178305567333328,-0.00390941873608591,3.2160569449398544,1.774099631797688,0.7534224822374731,-38.74509440736385,0.1999495106777242,0.146361044866829,0.5777488480495842,9.939729734260897,-1.816677918860311
369,6.15,38.86569356506277,-8.194026550858906,-9.22425621060156,37.07110059086981,0.32074739927661367,-8.905137143622516,46.69904184795752,0.49096016478918125,0.002802334263658743,44.01851886487303,-4.2255224109939045,-0.0013596848828641588,15.295801567621718,3.2399867345600804,-9.20107774757605,20.895471221040722,5.6757695029602875,-12.751540569003676,2.2139946990605477,-14.76390959649981,16.843874791274313,1.6950576727325863,-8.489954266656792,20.740826659952422,14.327577183364873,0.0046151984065418705,98.78102240055,24.791296338539407,-0.0073494026392415465,93.30596840073827,-4.678060802588733,0.32055868968001194,0.0042869235405015695,-0.8158222502562941,3.0083021337985763,0.0040589018488894684,2.1134859795473453,1.5447339943234322,0.8570553676507534,-38.14774222006588,0.05035395147179356,-0.30533384702240374,0.5779552020660886,10.134352330565672,-2.0583167230763175
370,6.166666666666667,36.963640574648274,-7.9638626097522724,-9.33763706608328,35.20668244085006,0.34535511301708766,-8.672400835964021,44.1057043124416,0.5864253354642345,0.0012255474637912827,41.367475812593895,-3.793993183637511,-0.0022907780623291595,15.525162519744402,3.5805677558650504,-9.176956018665456,20.866036127172947,4.886977545681502,-12.720385835863013,1.6181969533723415,-14.45408069423185,16.94127090082164,1.3728556570519754,-8.853356757118126,20.702777442806752,14.339561116771609,0.0018450440609671958,98.25722024902089,24.081462895448563,-0.003882740056507727,91.25641797099034,-6.842378309841702,0.18896124693763133,-0.02592872025157191,-0.20340246731836373,2.9847167028346115,-1.3588931238860843e-05,1.070495822514695,1.289355365821334,0.5691837190983595,-37.27763646433288,0.47081545046930023,-0.516515179574939,0.5317792937072312,10.168449603670757,-2.0148726448201066
371,6.183333333333334,34.97448044267177,-7.378442380081306,-9.442312956982386,32.95008489764887,0.15594475810680597,-8.951917102094162,41.235861009186955,0.204621647066932,-0.004629137171686458,38.38138030825019,-3.539189609383739,0.005938244154971626,14.676690735085252,4.355782909049788,-9.107810098519233,20.528606948560167,5.464664982071266,-12.778345252440358,1.4814680259044968,-14.360970712836618,15.834641854325612,0.760695203746308,-8.61494203171355,19.21842190402815,14.673222343072835,-0.00815428791862127,101.39414385356007,23.70058661964144,0.005669713101846107,91.57664551310876,-4.925147457573413,2.7729087082589854,0.046511780190387986,-0.6092508452290823,2.7659256097287437,-0.0032354964306604206,0.4155358206913974,1.1975410709350318,0.7635759302052386,-36.80585122847828,0.7456050774768793,-0.4201545188454126,0.07180292920446757,10.013801402110994,-1.9452115576604783
372,6.2,32.83840004768221,-7.142726030772214,-9.835260924540009,30.666247813276936,0.2870199475109678,-9.593022668318625,38.0961330591837,-0.13383929915392156,0.0029527128259116114,35.234038872400525,-3.59889270346422,-0.006924631828305996,13.64166019693557,5.380093198349614,-8.75832485767109,19.708096161412538,7.002113179102612,-12.499045829676989,1.2836076756200254,-14.304523799285501,14.526431914060128,0.3123973365765818,-8.169671709406995,18.072852420086033,14.941831061754101,0.0006689724883536788,104.71969903663728,23.557045211448422,0.0013143038542327778,93.89383542114547,-2.7591045414686484,6.405443967779514,0.00507346133156787,-1.125823172639644,4.0854982453611655,0.0014797260108743511,-0.20532981314297957,1.1172732983371103,1.293030321317332,-36.56463022093994,0.4786952185012958,-0.7863680660156799,-0.33787973866124166,9.863804775764729,-2.121817784366109
373,6.216666666666667,30.98538739746024,-6.7736551708144095,-10.127276364107086,28.976389795384858,0.30010587560933943,-9.316853503903843,35.31156092580714,-0.09701597514562031,0.0009782993909199728,32.500983470098916,-3.4184720681683753,0.0016162681351961203,13.110465255369862,5.670774839178168,-8.732930048929727,18.31097972380331,7.2431452956388815,-12.33864208630241,0.6232685231220251,-14.013715423899852,14.495465726270163,0.07889358639469925,-8.44907451100729,19.014177839133797,15.164654062790273,-0.00023335111862428728,106.1900860741894,23.669802025114688,2.826189988351359e-06,94.21768856252365,-3.7631744881787657,7.872708395798557,-0.008512321909313102,-1.1065986303858917,5.278146231180169,0.004233543610265777,-1.1294937729062156,1.208351231475701,1.5712537001197266,-36.08314667494729,-0.11462715795837448,-1.337157315582229,-0.4103491621445315,9.942839610361188,-2.006286135113301
374,6.233333333333333,29.64081555599773,-6.082486867927661,-10.414686839163204,27.65153889643964,-0.18073478657229472,-8.76398697009343,32.871971971488044,-0.12938486161015023,-0.0019214956668306576,29.89852504900972,-2.6192433893869755,0.007533009155245347,12.4865315076973,5.107253609619629,-8.72397224854388,16.734395794528666,5.856061721438948,-12.064791729118435,0.22242810339819039,-13.854902087049323,14.744252707021097,-0.3760863588272364,-8.82582809857758,20.002552587469438,15.419497838162279,-0.010564562132496949,105.03186469723632,23.70979067809292,-0.0006231000896592822,92.18381783248411,-4.598300039057211,6.409233165862152,0.004773177584356582,-1.7975198129777676,4.324008064144785,0.0036266068545025474,-2.227767274755906,1.406137810444918,1.5312842902908457,-35.40748498075397,-0.07027138746384638,-1.133182107694751,-0.37036369054986307,10.281687216169745,-1.62505517356974
375,6.25,28.07191544540122,-5.754033117009138,-10.890636774786342,26.013619412436526,-0.3419540042567988,-9.218146433794745,30.312810500061275,-0.18810225659296875,-3.287899210141855e-05,27.20767389070389,-2.346723635968028,-0.009624541011652768,11.603302292711883,4.496473555699298,-8.39717424843815,15.940091676647418,5.851692531450577,-11.516958071830858,0.13736718458058222,-13.774195289918913,14.519280399283625,-0.9751235798643545,-8.809579452281085,19.920475415225436,15.23021724100349,-0.013021522859753564,102.31559840301301,23.398024185671336,-0.0004710160240719323,89.61486352198094,-4.037781940709347,5.172926154199335,0.010251230879228922,-3.2471598965341344,2.9309467757555647,-0.0020991719446631705,-3.0897958619174704,1.4685454251518764,1.341368731590177,-34.62395242906878,0.26223144177414864,-0.5772173529818353,-0.3439189905594892,10.428280658722421,-1.5447310125090563
376,6.266666666666667,25.978697474227218,-5.553626653062196,-10.850074843649056,24.054332816049357,-0.25079083923146717,-9.381521984517681,27.641299253747007,0.09882305429051255,0.00015069308337892348,24.753861222373118,-2.453454879388237,0.002638361200334904,10.120215050144491,4.365658344656917,-8.472007679940901,15.19541940621691,7.197791538353538,-11.512138474356531,-0.15530118518642763,-13.714654452107368,14.014843450537725,-1.4629870592619645,-8.695077633009735,19.423457069723163,15.071057232469474,-0.00016909943737712123,100.98952057354172,23.099636125510894,0.0008156983546878114,87.71751976612308,-3.5032996467023363,6.473255253617277,0.007567475084747468,-4.515932244261678,2.726014749456692,-0.001941249164425583,-3.5297502863007377,1.6975277428440296,1.3174295006102277,-34.13207369623537,-0.052673747518674284,-0.5880433097364811,-0.35965788049295394,10.119841331770479,-1.4779030553460035
377,6.283333333333333,24.035583573349086,-5.213117991014686,-10.205455587993358,22.390628369030228,-0.3506598213804106,-9.157206901682802,25.04632969742342,0.6553237741625584,0.0015825233653417212,22.616006274089358,-2.2796698595970764,0.002989079700604928,8.884775027977952,4.077994692283369,-9.033234296854937,14.033005224217192,7.56404608215825,-11.39978127784707,-0.5812243163510671,-13.90427076806817,13.893173600506366,-1.8139711173471718,-8.429476304203133,18.05992014154091,15.4692557446571,0.0032849941652083416,100.65721939913722,22.795999537615614,0.0015678547529901297,88.4217802088935,-3.737223512102699,7.478329030118658,-0.00027680471287344963,-4.688489205901345,3.4199152005140103,0.0017965206463031462,-4.086828112276919,2.0048126954109633,1.52512572579861,-33.87009266608526,-0.44601868956995655,-0.9220309517284733,-0.40689058873540346,9.87655223648475,-1.2450209648336001
378,6.3,22.46318349176082,-5.054480157318487,-9.827023222599689,20.923014896587418,-0.18312068103405496,-9.817213485692898,22.733934978123276,0.9398330397394341,-0.0006785551300745923,20.43009621073651,-2.445781171802315,-0.00741764214701418,8.476333730579283,3.9471993200563187,-9.389109424936207,13.188233390009788,7.573758395987314,-10.48539340001464,-0.5119204273668568,-14.062478971256395,14.479071802178341,-1.9511718124143465,-8.360905330172903,17.102262062022227,15.46998627170665,-0.011208884618466981,98.78123849322805,22.526469968574602,-0.0009002400866855114,90.27445526261859,-4.3727325295821045,6.599192212550268,-0.002262381429205962,-3.7589289926150795,4.551389043375736,0.0016468772328455594,-4.634601721936185,1.9455277392457306,1.6873989669954035,-33.346554368527855,-0.6005740895827711,-0.9947833957047089,-0.48467054916219576,9.79449896283899,-1.2462388018451545
379,6.316666666666666,20.949776519465335,-4.990355750242074,-10.169563031238306,19.349698104267894,0.11162001678872265,-9.733527011241746,20.725767258327068,0.7565591541326421,-0.0012062718623857248,18.22986368370345,-2.443646016446257,0.004102375331976732,7.873274023929607,4.787190035114853,-9.369002097753238,12.757616652855946,8.078681571084337,-10.461023338841803,-0.06452274751388419,-14.062978503282192,15.436287341537517,-2.0269832182870755,-8.715382779698325,17.743527604026873,14.858752445305166,-0.010534292549517694,96.00389911514475,22.470690273259997,-0.0014776382060572816,89.71245525925858,-4.732036165315779,5.279624330146223,-0.0012060774326369712,-3.3040919424915836,5.445698451709606,-0.0012021127567623396,-4.818863534675726,1.773494757563181,1.5471932633262713,-32.80981199518024,-0.7029522922006761,-0.8217391244580717,-0.4473538083322912,9.594751295195227,-1.3822790707697836
380,6.333333333333333,19.473029534757636,-4.97633278932778,-10.762074391681297,17.91006634976688,0.18347887970972196,-8.846476746604448,18.966187449752432,0.6403107141514459,0.0007259566237130905,16.397625168997223,-1.8445672621683313,0.0014433501579305841,7.774695344040983,5.534043227747632,-9.18072908251304,12.599297025143633,8.366556118913925,-11.143055087138412,-0.18537604768753158,-14.278596452350698,16.235383217552897,-2.3341699686804467,-8.993270775490963,18.253693959752013,14.929884857756598,0.004604233577644544,94.64048424739028,22.400995580143654,-0.0008505301592704812,88.68490687200209,-5.635250936256954,4.361398774563092,0.0029585785896616935,-3.28032758599784,5.245886081396994,-0.0017408972872380898,-5.0936369530419805,1.6796987227030251,1.355304244202886,-32.73197206132749,-0.55346004506184,-0.7114496340355464,-0.2987437324386759,9.42536495680269,-1.507740378806583
381,6.35,18.17262708851269,-5.055536417210493,-11.058828949064504,16.728936308440574,0.212119568633631,-9.360502480241212,17.494556428420996,0.9139107851172865,4.055285119078603e-05,14.937194045617423,-1.5203196328096569,-0.0030318055673261637,8.839371715730971,5.226466689736539,-9.01541566615261,12.657496380808514,8.557113171578036,-10.63122849753065,-0.5477268311145406,-14.564415361602554,16.418979175457697,-2.5780577846973785,-9.007872657630145,17.884799616462928,15.54000173990751,0.000906275404669807,94.77124274556276,22.105624471232353,0.0007619894277958569,90.20032564000462,-6.535218940138447,4.739275906320843,-0.001843355091402726,-2.9529972971642366,4.594555930992835,-0.0022007042411528377,-5.508608695108827,1.5776177125837816,1.4906851231372973,-32.83683449946675,-0.6791889599523844,-0.7848559534740561,-0.2856830867605786,9.357122250247503,-1.6268438252127264
382,6.366666666666666,17.19794560626609,-5.145423157411507,-11.231366309436398,15.812220608069458,0.36295511355578447,-9.92481095910868,16.157424979199963,1.3073244944208118,0.0004083110918129328,13.4700379478013,-1.5289462183082727,0.0015613613819544193,9.335656325871797,4.47328788357385,-8.90474827318365,12.370994480854671,8.709684568043226,-9.913193490552109,-0.36814484809260284,-14.488806010480463,16.412503785680073,-2.5945191496034017,-8.887596365735817,16.938749169084524,15.45261673138893,-0.00010292620676782038,95.29817058130129,21.80554085821336,-0.002829232301775703,90.82605286548751,-6.856531661716657,5.392035487653726,0.0009487756893022895,-3.3700323786210413,4.660618829620988,-0.0005085394017960657,-5.973578103159503,1.454500847427708,1.5594096373197717,-32.78996176783341,-1.3311464158560065,-0.6920237371713834,-0.23333903470570622,9.435066175116269,-1.6842027152498358
383,6.383333333333334,16.403722718684676,-5.243876366494324,-11.514567896314082,14.982113808458228,0.6614422548959489,-9.105912410010465,14.932367179113994,1.482812515200887,-0.0005144966634251689,11.990328484875333,-1.4750066205800925,-2.2054429408262243e-05,8.843835944742116,4.057193613699205,-8.740518094365468,11.808564115543875,8.191259261315063,-10.339094691373125,-0.2523084631907473,-14.338698480204258,16.376965347953405,-2.8570159135199433,-8.962751628803092,16.004577380322274,15.100079673827826,0.0005231348849010414,96.25204150405047,21.713971383757503,0.00010782080496111287,88.1428656096218,-7.465737311691715,4.529189648822568,0.0010828167250890135,-3.7256126440572124,4.701222785747928,-0.00014779429824138412,-6.555289618636244,1.2860713258366643,1.3027468956370498,-32.47496862315344,-1.7023328760565928,-0.5475183210268367,-0.039982772652532014,9.53125166181164,-1.7778758947342859
384,6.4,15.719471651966597,-5.099030618560809,-11.510082585691812,14.226721071792662,0.6711491503994595,-8.541282080432325,13.876052146432745,1.537133590235079,-0.0003394664412163399,10.823957250264714,-1.3117416327425213,-0.0006116764413566855,8.41639066486692,3.981584742733661,-8.824689286070747,11.699644519968343,7.134068560089757,-10.694298254402462,-0.536813855528191,-14.392587303062877,15.39046931338457,-3.027607174857402,-9.306449512896474,16.211017549872427,15.347853410289781,-0.003086531733033592,97.78210845833411,21.566190047266737,0.0011341270188790999,85.90458642991295,-7.58649842253559,3.8988806280503017,-0.00040997986588090434,-3.149134364736013,4.537725941398446,-0.00021827931991235766,-7.095128070123718,1.374812724783425,1.123979052831177,-31.900974269397945,-1.8254676763842674,-0.6666911283991362,0.030544610226048822,9.587978321263792,-1.7189866204113304
385,6.416666666666667,15.26294475330977,-4.828029033925729,-11.172575728705988,13.697335585563735,0.34575827375266827,-8.999252593254623,12.910744569814097,1.768719127666488,0.0008923858367004592,9.835183056810743,-1.0279874095005288,0.0010614842370291015,8.098729895684412,4.216180873938313,-9.295038283754293,11.48218340398437,6.283883483487861,-10.011448882709741,-0.5857659547586582,-14.378271898916205,13.5225397951426,-2.6633833288284965,-9.358856230750867,16.57863744986091,15.604185509850751,0.0014471156804978197,99.71002293209673,21.230898975628474,-0.0011792188650413997,86.17095326165888,-6.82331788542607,4.486331935821356,0.001861642144328247,-3.1554817222174685,4.773722519754929,0.0009136873174296123,-7.506260547832904,1.6925084819627227,1.299741559553765,-31.747762128528738,-2.096540667392269,-0.7684977230158063,-0.07263226478639859,9.786501614439867,-1.5018557570061837
386,6.433333333333334,14.605461792409365,-4.829063660115895,-11.099531010281243,12.90793056297602,0.249356524052255,-9.61282231637903,12.081797619993951,1.9948477869285353,-0.0005744748782821636,8.789252082464175,-0.8614522666683284,-0.000869439004048902,7.581616119957488,4.817941655473473,-9.31657464643687,10.49406777827635,6.747394874959169,-9.58645160794509,-0.39638291146254423,-14.406304340688612,12.844904738793247,-2.523197468610554,-9.158197181055542,16.186455809005814,15.411258091601631,-0.00016939022810003834,102.11585499674783,20.762762570700826,0.00042951778388685747,87.68338556556228,-6.025465946952823,4.7077463264789055,-0.0021251741014068743,-3.2095711350913834,4.541886074614413,-0.0002897133518057064,-7.728641134511105,1.809377813199813,1.6160427102434394,-31.98579082145761,-2.0551327989101718,-0.8323024934752103,-0.32483101057460906,9.745162910389334,-1.4693345439246681
387,6.45,13.5808653578123,-4.758814543716817,-11.391196418115342,11.891981519569912,0.1440542407425994,-9.378428394696531,11.126101968135861,2.082998549171156,0.00014818168534085847,7.868634309457572,-0.7495206268901285,5.465460833347542e-05,6.841462403563734,4.912591736468839,-8.826884449648166,9.803100884062534,7.6253910680220045,-10.145254483013911,-0.4219614543461719,-14.566068563286446,13.698056672781396,-2.8453687239569367,-9.242632722996868,16.53396988887716,15.479942141866877,0.001269345519333897,102.34936414211012,20.267608669241653,0.0002782903985147382,88.32723626622042,-5.689301031414553,5.018683309942778,0.00024192545772350437,-3.3678230688914335,4.171373348032849,-0.002249547923702525,-7.944600848668011,1.9317087084773261,1.4085734300494241,-31.855184745579095,-1.7412259153417833,-0.9630382892925194,-0.4196709241031779,9.44544415272947,-1.3646992593783402
388,6.466666666666667,12.6728222600993,-4.453938943569689,-11.678469150833523,11.277206313013492,-0.15453093639851775,-8.785472629985746,10.0129604155085,2.191432461080373,0.0006681833628948582,7.315478479924159,-0.5110711535457474,0.00043033929450803126,6.331846876963025,4.726265616843391,-8.762287015527605,9.939381604947142,6.739541911841382,-10.20457041441588,-0.4861569857890205,-14.529287753487658,13.701449419281136,-3.0526755938921823,-9.40954185611263,17.162154365965367,15.866084727580125,0.004113060150272289,99.91645181364386,20.19357063050869,-0.0007048615075568008,85.45892253225392,-5.9472306989764165,5.773108905110658,4.6180366828224834e-05,-4.7835312720997045,4.7197849406992205,-0.0005032868375723661,-8.148038124277454,2.1913366820930995,0.8749288954273787,-31.764632939788036,-1.7904721570385127,-1.1014806220310513,-0.2059006919273934,9.330160256602255,-1.0859258312866233
389,6.483333333333333,12.292777283443396,-4.4351363610015895,-11.652929159432656,10.996737164672151,-0.08099755138973119,-8.927684355097615,9.412534756146204,2.195184499003439,-0.00019112932012707739,6.954229648511469,-0.43856616874118837,-0.0005718547917035781,6.299494217532325,5.2612656918275045,-8.909857690440017,10.116701247193719,5.901698560949378,-9.710221546854857,-0.4486276928816287,-14.341053946765955,12.50245593590528,-2.995617526773272,-9.290607804155227,16.428516468046833,16.04770181188989,-0.0033277099465465294,100.74501426679983,20.03078895878527,0.0036415084319654676,83.20673564611526,-6.34684922274863,6.321929197888764,-0.00039453613141902916,-4.738977510871669,4.741980540077729,-0.001999218657466579,-8.292563113020147,2.153427140470668,0.9825809528305595,-31.88960198841549,-2.0032988904940305,-1.2072821420769722,-0.24813453225459445,9.368637802289594,-1.1397041929742688
390,6.5,12.033015912894886,-4.504391843065236,-11.703647475800674,10.556950039247237,0.04344898471706246,-8.94108170207102,9.007372097867712,2.0327837787404306,-0.00017660944625931725,6.427251004018187,-0.4165065695952587,0.0004416393649398974,5.845716993397242,5.804739891654759,-8.654938669286407,10.193253015890475,7.4364836263937635,-10.366487744832334,-0.38061506970837083,-14.280801787460126,12.384898332830815,-2.8023262413899688,-9.178274508653804,15.727698787149835,15.923225049507828,-0.006289280164433627,103.17746717150861,19.2566781521689,0.010652731868018088,85.78111639193857,-6.937863286007058,6.368849478402015,0.0019332500603442778,-2.761644822263574,4.032536287656648,-0.001105448342985832,-8.52559876186761,1.9737676492887775,1.2149488927317942,-31.559328070800607,-2.000947941696487,-1.0574202903514052,-0.45029216177669956,9.336852381745592,-1.28916883834193
391,6.516666666666667,11.305723083911783,-4.272007735281623,-12.223680951947685,9.845710987018807,-0.17267167811454115,-8.506126055081335,8.325368000373933,1.9169551400537566,-5.9116323844407983e-05,5.903818131355455,-0.20866831162897923,0.0002814431528829356,5.2816664155701645,5.960534007562072,-8.326289743254097,10.463806849316127,8.883571539933564,-11.400327814958398,-0.25842493867018995,-14.299305825728458,13.1165208280274,-2.8157649116568306,-9.210435364214758,16.110224526632795,15.608405621191292,-0.0031173299371902905,102.97278963353351,19.003634574686195,-0.0060345066867789916,87.70603957807045,-7.249547594949687,5.637387398996569,0.000511882464980033,-2.33984703274275,4.646571773906604,-0.001290191285856971,-8.585804387285519,2.0967253761418605,0.8701947176321497,-31.11788915284547,-2.152195466389423,-0.7983552223271916,-0.3443249489174223,9.075367475119219,-1.1473645679913738
392,6.533333333333333,10.85317767105849,-4.346891333351093,-12.39385388986252,9.378248878367193,-0.043160862149508726,-8.452504263779188,8.059385184594028,2.0204940653814623,-0.0001632913436174658,5.468293551388005,-0.07962249199420397,0.00012295815564947605,5.877504714856255,5.851080733078823,-8.261854569298228,10.413531097555866,8.27314139366473,-11.46842601568635,-0.23977080624003033,-14.24327699169557,12.38773554446049,-3.0386772874429817,-9.104644966652103,16.519162536143167,15.66108638103447,0.002066892160130953,103.4961647736069,19.14628703660698,0.0042119481183476365,87.55638140401963,-6.434503740343806,5.292986291195699,0.0016254263557998415,-3.2652861236580186,5.311895575652892,-0.0016884612419822494,-8.677553499771998,2.140084860819181,0.7568090377117681,-31.049524626923645,-2.243135178931345,-0.6922358811372146,-0.3569817887788632,8.967565868070727,-1.2258780015534416
393,6.55,10.775124800783122,-4.776884310018578,-12.120891077685192,9.068319593315405,0.45238858726560566,-8.599094178405442,7.994958214163783,2.243435606421904,0.0002422688788515338,4.865892982241926,-0.2137969494046529,8.646737116194692e-05,6.606021818055732,5.421176964657909,-8.320890857246608,9.86740936077107,7.89343583645844,-11.408718508187077,-0.18068095022485622,-14.219800244597153,11.607567797871305,-2.8627568398492844,-9.013485046712082,16.88160683485571,15.973254635378032,-0.0008006943117745568,102.45448771648675,18.6337484101516,0.006776821556013384,88.9115575700388,-5.73629455236689,5.305210239428637,0.0014110445203421342,-3.232870175798208,4.671581261749289,-0.0019714026996752276,-8.863374577594557,1.8846920168080237,0.9896838526067351,-31.04930953038017,-1.8392411721409208,-0.4640234370680532,-0.6099280853740865,9.069877742152645,-1.5552105009512014
394,6.566666666666666,10.344128793744991,-4.629978477399076,-12.007707329310406,8.639777570458687,0.3674837722985846,-8.844437530148278,7.412132442603043,2.297959902671919,-0.00015892815156526917,4.534564271721562,-0.3792405224484197,-7.299206467152627e-05,6.039257564223618,5.157489362351528,-8.350308158094952,9.805354446325667,8.893956156903508,-11.420801591483908,-0.09816843328194705,-14.345421733265441,12.717111750547884,-2.5327274771733603,-9.16065273766775,17.3595739905364,16.09617781985454,-0.007105144474866941,98.85229894687791,18.240413442251366,-0.0047957671555047855,89.54570990387698,-5.749738506612284,5.229275616352619,0.002787411505572009,-2.3660409216848364,4.601643248280538,0.003256113679153389,-8.851483824986877,1.9206456381944423,0.898263698264955,-30.999619026204208,-1.4567918985941566,-0.008250166951040418,-0.7233889236447484,8.965310542212395,-1.4328194189211763
395,6.583333333333333,10.014802164943571,-4.0899540403184,-11.68172823790684,8.524488565681779,-0.2047461399463023,-9.172795935495014,6.770673936837268,2.2207551472604425,-8.140351367284275e-05,4.704932032123875,-0.26346181881894815,-0.00013465732018398105,4.81847455799231,5.1774484044656495,-8.36760633076322,10.267012078503074,9.27431479536344,-11.153671561485474,-0.281219887719063,-14.558658289015282,14.313717338770013,-2.7887364340335727,-9.408131763356522,17.59641761547816,16.3218328662671,-0.00010125597669439485,97.47549831024598,18.558038090627736,0.001145731196046663,87.84255678393865,-5.892625220624245,5.698303535032358,0.0028156454732792425,-1.6562259859525426,4.820493289048029,0.00039390021308182154,-8.967500702173021,2.2767668515794672,0.7554122241525513,-30.885655943621295,-1.3417032719108324,0.017524502110024872,-0.7908669116189758,8.906221757524857,-1.0089693602156218
396,6.6,9.857494349640488,-4.0444393534587295,-11.44791071257984,8.473589115767325,-0.2236850926092438,-9.306877934631919,6.449528339633312,2.2395383534521724,0.0002239741253109382,4.650372518050574,-0.18085392286402427,3.087582686512695e-05,4.3238265286642825,5.113120116523002,-8.219499776660431,10.04048956930753,8.433235701472062,-11.078417092226058,-0.4121140402647681,-14.706927080796547,14.909638496300744,-3.1576342375469872,-9.564827991512319,17.97674506641264,16.641344640319826,0.005015183697625515,97.5635873024707,18.988443216358316,-0.0003441178880723902,86.2241849851598,-6.2009140549317205,6.098719584577936,-2.78228180599476e-06,-1.5203564128355096,4.726220402027392,-0.0017567634199161968,-9.079134652165925,2.38806866228807,0.8193117436199445,-30.719393967509,-1.4659825669014184,-0.5775165123543755,-0.9060601636600323,8.934220285499435,-0.9657735877781851
397,6.616666666666666,9.900832094984594,-4.148485046859085,-11.90156164177886,8.441894543693184,0.0712451023341891,-9.173369909505661,6.330239845720265,2.2495379548294623,0.00015929247122437463,4.2830750285805115,-0.37465965486298014,-0.00016706028157961305,4.415370626425194,4.806878000474732,-7.804449275631334,9.579714072432255,7.603138824154618,-11.13833524617016,-0.39657471203035366,-14.579491006686906,14.31803084750081,-2.9447650300265855,-9.3587412764324,18.24574425695015,16.99608178543392,-0.006254477744881159,99.32130112700268,18.965395620426488,0.0004896281239525514,86.19407255746272,-6.051497733860543,6.94913570745396,0.0026691250408194906,-2.151984795376488,5.095496900617113,-0.0012224533405930397,-9.309656833583823,2.3595625273146226,0.7374535540854534,-30.708051642833293,-1.6497935168372682,-0.8174314123067159,-0.980682792376725,9.115926162281177,-1.0549305237447548
398,6.633333333333334,10.236055305004696,-3.8711651505126405,-12.287299090936294,8.617529985007556,-0.13529603369163273,-8.719746725315993,6.338579430331595,2.107914668385276,0.0002211195142966424,4.142141041809284,-0.36810850059203254,4.959666506830841e-05,4.2201703923259775,4.7874393986057715,-7.6769118585939,9.790488140560859,7.189295286350245,-11.084299508217047,-0.5590077542635693,-14.43635496983695,14.019002242969417,-2.620023001701181,-8.966128723726017,17.994912764192122,17.3974793937072,-0.0028078174031943596,101.66260154578404,18.658897466918962,0.00013781400205138038,87.21632959043302,-5.618723268691269,7.847848872851208,0.0016048071915995994,-3.0123937210887126,4.800359149201272,0.0029339698510277698,-9.748488691780619,2.5130797738053756,0.49830893925571684,-30.857612965925632,-1.31125031445171,-0.571272919832031,-1.0033863767452318,9.423128439989208,-0.8554087579853242
399,6.65,9.802827279723598,-3.7660254561226747,-12.015041887917047,8.12630630292653,-0.3048001136444165,-8.453952257296393,6.419571204330948,2.0242264204083202,0.0002923657041744644,4.078089823736365,-0.17140946592423986,-6.90538302312929e-05,4.527131075608762,5.283231798423158,-8.154171676803276,9.888412733847375,7.482537531658861,-11.230240729136328,-0.8578938809373828,-14.495896752681428,13.899126814515155,-2.6001692870504836,-8.919744518286969,17.763733347954798,17.66657805229182,0.002908727413641112,100.71154621641062,18.797854686105357,0.0006840486389070609,87.25952371908357,-5.49579698083925,6.94818214620973,-0.001070485403215459,-2.718011216546537,4.046075213558386,-0.00023631002067562023,-9.370996130633683,2.5506507817408197,0.2521141851909298,-30.984168158718628,-0.6714996252125062,-0.5630966206260939,-0.9312069432158686,9.017120873546656,-0.8157618766234084
400,6.666666666666667,9.162852487600299,-4.177202561626569,-11.575722231522544,7.442002314353825,0.02771392463068038,-8.734208480173361,6.782613645555897,2.1944991207538878,-0.00031738915016311405,3.969467036622519,-0.19615413920749314,-4.787613983849513e-05,5.65732282886907,5.560391719106497,-8.600995082408717,9.582556949220352,8.287695272697604,-11.420485879586108,-0.9812320354738354,-14.442605709354721,12.968772801298755,-2.567081162090754,-9.077368324402425,17.639124365600605,17.66033076113781,-0.002137905046925146,99.08265623989526,19.14957210938924,0.0003589185130132155,85.8436098109877,-5.384096021274409,5.985473779427935,-0.0009007053586530185,-1.4400274706710394,4.145415400241036,0.0012284464663723132,-8.733655006094844,2.280616689961077,0.07024629064663251,-30.802232875307645,-0.5204013404306587,-0.5562456953574307,-0.8857435869355129,8.415338424250422,-1.1440128327590078
401,6.683333333333334,9.565566002759224,-4.485359079343766,-11.518613402432488,7.692334876458522,0.20691731324505466,-8.956051508147508,7.214148529021653,2.395788055855937,-5.6604411824730705e-05,4.039376516738085,-0.2011748240980647,2.2445172396458375e-05,5.9993866023495315,5.464021638110551,-8.446238997814543,9.441200807523085,8.078558032257597,-11.36256569130704,-0.7543154596457449,-14.405356292809843,13.67639457053984,-2.359908707094891,-8.990130105166573,17.868777112092857,17.088987781163357,-0.0030817534575719977,98.22859153414846,19.048208167371612,-2.9068404965755706e-05,85.34073794768952,-6.010517911327975,5.9805295260712015,0.0014461238932378792,-1.3434253532940321,4.36863134266589,-0.0004196791914059866,-9.004729884711702,2.168358368554446,0.2266769844569073,-30.482040664673264,-0.8965964395684918,-0.24564565397777555,-1.0424733451049826,8.65101694182175,-1.3114607081535705
402,6.7,9.940457736424165,-4.352228030798535,-11.641981588776803,7.941055381024494,-0.0066959855361106,-9.065845951791387,7.1650393198079705,2.4229322191386324,0.00011758530381262423,4.078881395535003,-0.062072461211555935,5.668300712054057e-05,5.3165506605987805,5.317932654930651,-8.105087654110383,9.50215368570448,7.345509484915894,-11.223048701769633,-0.5343162330555966,-14.386528826146288,14.995339344370647,-2.1456218314623383,-8.77128909201731,18.124651948702144,16.435498431833114,0.004840471728359906,97.21496168374577,19.02528708512066,-0.0007876927103265951,86.10691211786919,-6.780517805495151,5.601306556762681,-0.0058326204279844675,-2.2224045958046266,4.18596559966606,0.001156486919962076,-9.260557108686724,2.353618207198837,0.4934033696245634,-30.504629553501246,-1.101732709152946,-0.04025863513743198,-1.2649219028319798,8.904354260017211,-1.1445181879191468
403,6.716666666666667,9.706669304066944,-4.246797188955415,-11.654085533488294,7.698532385405066,-0.0418751551902364,-9.269700518965317,6.959145194080423,2.365563168041075,0.00012210870096350626,4.038928070153141,-0.03643566761721607,-1.4488001626304113e-05,5.141892863875026,5.194497019817073,-8.022541579167362,9.604443555958479,7.182819258208218,-11.071696542250935,-0.6404412876901552,-14.136768011341356,13.845218780399914,-2.090169344033917,-8.788875667628126,17.52277578556482,16.624200046810902,-0.005963792554104194,98.92961382227232,19.487177040856455,-0.00011900743875742663,86.38578033925285,-5.5039373468148245,6.353103701557049,0.01016129791498795,-1.6578160658256405,3.910520347398025,-0.002019584097909882,-9.064489708793275,2.3377386432538074,0.40329240173854614,-30.600328223900895,-0.9011179192239244,-0.032763181521317526,-1.350525191196914,8.714779738898356,-1.0977929989203958
404,6.733333333333333,9.729677938358758,-4.380797813929747,-11.656463347735803,7.77114747737022,0.17660963940995028,-9.063748473295952,6.997412736890069,2.255508563031953,8.312946799181676e-05,4.072153108943518,0.021453605832710762,1.1361021938514485e-05,5.514443699023732,5.267543864409874,-8.045116687942953,9.470259889414072,6.833424988961797,-11.101398245586614,-0.7774542044367125,-14.051503631446773,13.01312677325812,-1.8162672322079196,-8.78006263452218,16.687953464536537,17.05868085739241,-0.0007543722691974553,101.8476762346562,19.58729128934398,0.002907018611607065,87.20954341343719,-3.7907925124823354,8.355068261097665,-0.0006865663280496851,-0.5519821904164646,4.077239753270331,-0.0033066794737173855,-9.121871124324166,2.1215050677996983,0.2734498839681163,-30.646033541747865,-0.8530557943155979,0.06611701526934165,-1.3225623760485103,8.770575874634355,-1.3087436527966865
405,6.75,9.953562538034165,-4.536396560870306,-11.55901023338557,8.082574126181342,0.33151672230949664,-8.939133872136177,7.010111655674127,2.208657019201642,-4.0988591890560166e-05,4.072795094067077,0.010207716468506343,1.2280674948613988e-05,5.682583826329155,5.329304672723761,-8.135748852573661,9.30674785506618,7.112565393306405,-11.195285889141896,-0.5500965945087319,-14.083097650264719,13.854212015300153,-1.2051486201421184,-8.532993850908074,16.405105263770345,16.404761331844362,-0.006285885004331309,101.20903241085625,19.387689698948556,0.0002636281574725484,88.45010581047644,-4.558186896018676,8.472480293792497,0.0034530168843313913,-0.7727545880771426,4.56326663272078,-0.0030209462918633118,-9.259052301864239,1.9789954247621613,0.3226905947035896,-30.937177559393202,-1.0369523464246497,0.06482783502251648,-1.2362684087726896,9.019632854857585,-1.471556468492009
406,6.766666666666667,9.836768584983098,-4.456780854457369,-11.636876933484219,8.048889117633472,0.27481418947109826,-9.308442080981179,6.827456090660234,2.187904036531862,2.4339011838678982e-05,4.07993723624937,-0.2148883901835165,-5.649736955203562e-05,5.482152273132618,5.248645241418301,-8.025206269128715,9.780067291285174,7.994002320720655,-10.987062380088076,-0.22523088401920505,-13.894935334060628,14.452318176802029,-1.2123043145364487,-8.597666705302244,16.932623279606467,15.126522046479705,0.0019584700543231475,98.92521853199624,20.129679459107475,0.00812333158841775,87.39977283993193,-6.366037602670403,7.124878114137426,0.0011907749749130512,-1.0006034689274173,4.715211921949695,0.0008306221619512746,-9.157323630920532,2.0164857618798857,0.30409830850430997,-31.040478223808176,-0.9728514565587436,-0.08497832113329087,-1.1480356819765358,8.969540125961775,-1.3563216614159013
407,6.783333333333333,9.461823980321189,-4.08057128734713,-11.88888843511183,7.601188031475502,-0.07967448012900684,-9.405503517398163,6.572052378266314,2.0644765673942516,0.0003517432743824958,4.034969684306641,-0.19183937052238956,0.00012529962728072183,4.558144832511344,5.465993856501848,-7.709135277020741,10.177228700920232,7.616277608255227,-10.745546425975945,-0.4935374289317991,-13.927461289285542,15.157276373006615,-1.8265341488486435,-8.935073913150124,17.74132354292554,14.751813195301164,0.0038090113444001297,98.0790662985807,21.44733999548412,-0.004107846635405699,86.25820324123265,-7.251626374900496,6.698794025908053,-0.0036027601840164006,-0.809222594416141,4.830217881373989,-0.000329147152468007,-8.913888723581426,2.3601574924760724,0.3339798451418767,-30.836942755502225,-0.9754520529468046,-0.09201158790799617,-1.171292491271747,8.618490129785773,-1.0092828611363704
408,6.8,9.378054237525554,-4.176587179008523,-11.841194260368377,7.390582250688178,-0.10534904160296506,-9.335671211967403,6.674748754387755,2.2175109075985326,-0.0007757435740892916,3.8961288049419576,-0.03428729300286526,0.00015732686498815676,4.5926039439845,5.733970236116986,-7.6794984921286265,9.91791922626152,6.819406848935909,-10.715671002290193,-0.9538572041561844,-14.083184466635178,15.11636724499152,-1.9666758765395649,-8.935518046636032,17.71339019281183,15.025313773677322,-0.0004489258012284618,98.67269812642905,21.883645423054844,-0.00016607271356877023,87.64761590997733,-7.044044378298798,6.887438230335529,0.0024332937013460156,-1.0241399065202543,4.419787070703798,-0.00033845612200251177,-8.770447601355967,2.469107450398773,0.3388122536921978,-30.965111225081852,-1.2683847129077896,-0.07968150838362562,-1.2259149849635833,8.499488309816487,-1.0166833684475098
409,6.816666666666666,9.636159172500918,-4.761834906802649,-12.117262458661411,7.648551063711868,0.3443662658592233,-9.211293850113448,7.115618989981492,2.4704680725457853,-0.0005705952523695159,3.943481304462032,0.02715250400262456,-0.00011994438726368611,5.956814961265876,5.7558409888722855,-7.441626264488014,9.878486810881284,6.913560864219551,-11.285356107632582,-0.9250089845284338,-13.973191834306558,13.511327253138615,-1.525970711204898,-8.69344345182369,17.16452357287093,14.950841038713849,0.0035469729324286814,100.30187886768681,21.54638888938298,-0.0013012373666195368,88.17536620352955,-5.127516683955516,6.943590891593811,-0.0006844430812508861,-0.9187130913217291,3.8792226260781084,0.0007744533186726336,-8.866226842785393,2.107840371788692,0.18652313263612744,-31.090237494112245,-1.0060667963083434,0.07094311587937176,-1.2288461367602972,8.714079803804527,-1.4428176043160321
410,6.833333333333333,9.855970218134479,-4.76044561263142,-12.466601126813824,7.851224374366428,0.3332289689336897,-8.928183436248274,7.151861352293108,2.3086969706686036,9.13578618994585e-07,4.082428842141374,0.2272678097186062,-0.00013147771098640526,5.68145370526742,5.782277282048172,-7.0544996855236795,10.099352546798066,7.241223052878359,-12.127744153426981,-1.0377356953257801,-13.929918344651666,12.434651410695128,-1.2023063947358628,-8.599426209557125,16.716060223017006,14.997209336003042,-0.0018937181629665623,101.83568171737616,21.720481275729934,0.002781140594451837,86.38926232046647,-3.081946608260064,7.305578487097267,-0.0002507173492091777,-0.3216573882857178,4.695982129552659,-0.0004808219598549176,-9.034705231449822,2.052206466456137,0.3065555565836908,-30.726781991999932,-0.425158723650768,0.23828475110946634,-1.3617724767128425,8.870373647711432,-1.4985361740056684
411,6.85,9.969225045434131,-4.512005924547006,-11.977015997703997,7.886659526181424,0.14369895337099398,-9.081361970647642,6.9873695054734455,2.2638223318593913,-7.509404647454615e-05,4.092573841571409,0.18127560754836425,0.00010290233400583777,4.8596146141018455,5.457192325257549,-7.4183621547388965,10.128577390828244,7.3974434037400965,-11.956799554394893,-1.3755807496729855,-14.023131641305069,12.89893626828023,-1.3465364183187292,-8.680904463109213,16.538198924906474,15.061144143363794,0.0003590588596830338,102.32053621533439,22.596367255968175,-2.677843757875985e-05,85.40288487383036,-3.510526331645379,7.836055605636027,0.0008653335085849935,-0.7091207387157586,5.590881895352929,0.0010129103936384377,-9.092793217092463,2.269157958648759,0.5175195786759694,-30.557245688177332,-0.5211220535191067,-0.019749243780784347,-1.5474186439605326,8.905925405539678,-1.2962628108618477
412,6.866666666666666,9.653957652344852,-4.589104766228002,-11.802913899623853,7.60470067117086,0.2171353796251863,-9.344683427723835,7.093043578198981,2.553167464548609,-0.0001887690243046282,4.091669593940546,-0.12546214398411723,0.00014076529247657686,5.426194258951647,4.808936601659191,-7.592742104845945,10.18944030929672,7.76393844208705,-11.289858326936159,-1.300983713532595,-14.082852590118673,14.01648673897774,-1.405316338937037,-8.722531927168381,17.092724086105758,14.563035799414596,0.000802981579443128,101.4424195033563,23.077398754260507,0.0003705061014380596,85.8983630924029,-4.58522458837985,7.818676456044396,0.00328357608020694,-2.038039690942598,5.8055653208732005,0.008261325816994942,-8.744554185185082,2.291215835750453,0.2610873419078058,-30.5651127727626,-0.8471785953414132,-0.18823902247846538,-1.4599907554974583,8.588060879839336,-1.251468921537791
413,6.883333333333334,9.498725287053025,-4.482327840160533,-12.200176424761462,7.485640810184726,0.028013253093405972,-9.219309141827432,7.204916785437348,2.630148550682308,0.00014285920709684852,4.125468554574671,-0.07107420341282568,-0.00010005288212635331,5.813629995843664,4.5175466352865135,-7.143381824563556,10.400550291668093,7.609583966005589,-11.089749851255265,-1.3224195066859459,-13.988442852967177,13.42466310654714,-0.996336386910148,-8.639250051671198,17.433152952913545,14.459482019795267,-0.004757735629925531,101.91660874610672,22.788673989332462,-0.0001537154898657735,86.06923101180087,-3.93407529504394,7.463736518961371,-0.0012421315204008778,-1.7292748787358108,5.023036620448295,-0.024996741356681146,-8.535995412714266,2.38789415819809,0.005292407658186342,-30.36170949818206,-0.7388684157930174,-0.007229643031947166,-1.2941273632488735,8.419530967312168,-1.1202988015892996
414,6.9,10.059967822920242,-4.468440045943078,-11.759392895026597,8.006397233600762,0.022889701032275826,-9.51917086966667,7.367960434020182,2.619179471689287,-0.0001290808250932289,4.231532043690794,-0.00372123272105206,9.978953165604597e-05,6.122895059071714,4.778562838303691,-7.731240983240042,10.41472673282586,7.013330454518512,-10.778735783639597,-1.6871813806800744,-13.742288897504949,10.824012026552221,-0.8469114659308121,-8.631149611287597,16.95564713921545,14.812160456844435,-0.005680664169908215,105.06035776632635,22.729959778168283,0.005049030972969258,84.80894884402848,-3.354152075838542,7.022792994038314,0.0008570731533887136,-0.44379443242949257,2.816192736272922,-0.019400933953633223,-8.903481882860413,2.4468875742750065,0.24275970318905635,-30.383061188199893,-0.5673702539459793,0.21967455695081825,-1.3810364327590199,8.86301703736119,-1.1598125626164195
415,6.916666666666667,10.110629830845642,-4.845133253600798,-11.074411436115938,8.170202847793298,0.49136520905571984,-10.152145193368302,7.418213113534735,2.758999773141845,0.0002181709396787065,4.397040719153628,-0.3213054670966679,2.4591738378517124e-05,6.596545299712583,5.133589768592049,-8.872573695462831,10.025450395740437,7.849426882210645,-10.491232490961904,-1.9092178202924854,-13.704017775329167,9.64987688075233,-0.9927434241963193,-8.669707079277202,17.301660937688787,14.874488694209221,-0.0002839172641708417,105.46624513263352,23.050751803223772,0.005440979735325308,84.12447870760897,-3.555139329169574,6.389305443556171,-0.00025835871021258577,-0.6504578532965829,1.9897936240179703,0.007791569402911553,-8.902828524206598,2.236019178496212,0.48512017277093294,-30.37546891573314,-0.7935675476119481,0.45210526106414595,-1.4302601262733665,8.900867139320876,-1.5093927220260501
416,6.933333333333334,9.732974222716813,-4.780134408771799,-11.357932695304845,7.9466785981278765,0.4419304365502602,-9.935112365379545,7.037123532828284,2.6974802597957797,-0.00021948288418729877,4.399854002494234,-0.4053427700387927,-0.00011772239839231544,5.796875517146824,5.134624475980797,-8.565050494447224,9.861914340873762,8.84446661985386,-10.9084543868184,-2.075688879727508,-13.781203647847812,10.543958288192513,-0.7415874010462633,-8.589448852542663,18.336619421654873,15.135652543877944,0.0062115942611258934,101.09012857697579,22.77666492209629,0.0029212738674091595,85.8361582978086,-3.2891372985818044,6.300696284778043,0.0013125226906328575,-1.4730527288507853,3.0402115348355325,0.003275104412985796,-8.617142128858873,2.249562623468344,0.4088491522516596,-30.12908954827266,-0.9407878757535055,0.6784893765276417,-1.3295445286818477,8.630332855125204,-1.467076491210653
417,6.95,9.887439422048734,-4.371616064569051,-11.824061506412427,7.990895103988146,-0.035793467358825354,-9.443643345157772,6.7106033377104675,2.5354715672248798,-1.1549923835523364e-05,4.192872866514546,-0.0731967506487529,0.00012560412666782114,4.23992597126088,5.240158010551191,-7.612662915651673,9.828626505404133,7.878380791231334,-11.281864100528223,-2.211469585916656,-13.686165185027525,11.309728786113531,-0.6194928518919676,-8.54761906892635,18.260497980038494,15.366415013105968,-0.003315211564941437,97.61948480312925,22.516280191930715,0.0025604497949289705,85.67448111445893,-3.6539555795105385,7.192062774665296,-0.0023459997491254046,-2.459980276681364,3.530384022549205,-0.0007844984655553885,-8.664875744531555,2.4551908065671926,0.393232319699773,-30.14950805253379,-0.5215182043450818,1.1170436681371532,-1.4420958489821436,8.757968198741318,-1.124417638529791
418,6.966666666666667,9.997043567937869,-4.511284074920853,-12.054035870612907,7.988439227216146,-0.014079850280299086,-9.421270120362365,6.773169531975973,2.682496628472817,-9.789301271140377e-05,4.034793890433659,0.0800457492211245,-0.00015441154744546125,3.8150795480749324,5.402711326771551,-7.261856133678409,9.404842105786093,6.513285641923033,-10.908225983070592,-2.2747742572677625,-13.690366846039476,11.015629360001109,-0.9368721543465108,-8.5858478686189,17.59062550983108,15.102095125095309,0.004282669346496428,99.65300049713501,23.071942664666423,0.005574697913825706,82.6791287734203,-4.348725753966106,8.057072173342034,0.0007451564447027874,-2.9131511467263995,3.3293861966868366,-0.0014920521831692697,-8.697046033685034,2.385260101909032,0.43682678432982336,-30.074004661001187,-0.21038678569650604,1.5003745670396846,-1.512057442362845,8.802320880111235,-1.1677830937729106
419,6.983333333333333,9.803452737743788,-4.668494466450622,-12.631473980201791,7.910293302309845,0.07876667750696342,-9.422560494254435,6.839340314464805,2.7676643857949528,0.0001484894658716567,4.07459664345925,-0.03034657908928263,2.9875426044093865e-05,4.3209973992685615,5.144781448196333,-6.960114765199964,9.446425405137264,6.693217366379138,-10.598267086292383,-2.3292528093003875,-13.800662171265115,10.236882042569766,-0.9779842166934744,-8.7309008766399,18.095001994762864,14.949656538378997,0.001013395959005532,103.56127773068776,23.373463504801755,-0.007386793021789002,81.39962021582846,-3.615575254119987,8.121856878750277,-0.0016932995688473547,-2.4171444937574886,3.440374712618994,-0.0005623591504414743,-8.616754769816003,2.3607997195915504,0.22161819068021005,-29.64166612096907,-0.2950015567562225,1.5257362328663773,-1.3145274834574812,8.656594420145282,-1.2537800984704581
420,7.0,9.79492061699042,-4.405088366130809,-12.59821337432106,7.890060787172546,-0.19197891207168466,-9.82459238265135,6.875904830742958,2.6577151706242503,0.00015359443478159615,4.216358152224766,-0.08111116405701672,-1.6783448784201985e-05,4.251696855833321,4.818255596311741,-6.91940843871125,10.029980219687642,7.9518649656154405,-10.781827904556977,-2.0702539323244795,-13.783868260910147,10.36460364973181,-0.732910682184327,-8.909180006823672,19.084256539235152,14.660498306720411,-0.008532099399607137,103.40092469818225,22.871258545468233,0.003299851868179925,82.53394613522542,-3.2814171753283596,7.521902628485892,0.0016442460370130817,-2.7575599730956704,4.1920894320175766,-0.002108058542018607,-8.429041820500375,2.597892055547982,0.15924379254684917,-29.383296440495904,-0.16205583978688862,1.688434736948109,-1.4579037748622397,8.548089318667563,-1.0514726464730626
421,7.016666666666667,10.181075270738742,-4.50657106010231,-11.789432380520322,8.052052474288953,-0.16201920710158543,-10.210454879067754,7.331206618510879,2.7789341190149077,-0.00035588012172088694,4.375273685268315,0.0008866554108647921,-1.5868468005351427e-05,4.569317688122023,4.360716320551329,-7.4480635836897715,10.313462787001399,8.133205238525639,-11.109289697808578,-1.6685033277715158,-13.735367989930609,10.866405126761727,-0.5482941140399645,-8.765158843027814,18.900155145273676,14.044083598991444,-0.004671467238478691,102.22869971894275,22.309365359450425,0.004077060768251665,84.63678977507769,-3.761899599519061,6.943818900945466,-0.00017007236987158346,-2.8207089210128014,4.411289423683229,-0.001424948438128177,-8.276454888795321,2.613965612715572,0.5329248538463393,-29.3407496973314,-0.037941342067229544,1.86301513808928,-1.8576787024284227,8.582113734024132,-1.1132971054659047
422,7.033333333333333,10.61149179289842,-4.965229189264261,-11.679431508049337,8.475600817960018,0.23377745305801412,-9.551706064471544,7.75345217408795,2.9326630136131344,0.000339843898482564,4.494932392726521,0.1665010300111249,-9.88196146574043e-05,6.073468292916257,4.077088992171781,-7.717234672569377,10.447035550493805,6.927165758322147,-11.417900403835361,-1.5267097290492042,-13.817823724776172,10.881689041441225,-0.614559286237723,-8.577098894485804,18.10850467200065,13.853072897334537,-0.00020722487375684497,102.61728846336194,22.172125899413857,-0.0021052366659545267,85.16212737240544,-3.144770064226136,7.205619996694672,-0.0013102308397492093,-2.135635827939831,3.6204596062115972,-0.0009574143397614382,-8.517800784971387,2.2731591291847764,0.6671757468462688,-29.295260257703085,-0.49877923271985114,1.7446626203538713,-1.8350302132294347,8.852523956562441,-1.519942982202135
423,7.05,10.578236135831487,-5.101155589746948,-11.749441722571328,8.702763885271985,0.45267106524529993,-9.294084567648797,7.533344256888376,2.8664702249178204,-9.047819557938881e-05,4.624620549899887,0.11153720386005879,0.00016282412012720503,6.777961805741934,4.504248604039053,-7.754972178090086,10.637910329301837,6.489309991374651,-11.142344238397833,-1.5359040758471847,-13.982598902065103,11.226646576987724,-1.1398560632212091,-8.712009179441015,17.583821545944712,14.02642198651241,0.0019453800263305983,100.35663444093072,22.429495147071314,-0.003301918950755119,83.32752819899179,-2.8737764450916274,7.597350759171753,5.456600075429998e-05,-2.866933691149214,3.3763417005186867,-0.002594508104052316,-8.734658016024513,1.9946882633430356,0.4674705975478385,-29.16961390499154,-0.9229003137591979,1.8017742249514097,-1.659440047775763,8.978147405660732,-1.731199272293412
424,7.066666666666666,10.488660658516503,-4.986956317513928,-11.402084914553207,8.660586134181816,0.5105463013213639,-10.162161124310149,7.424422864327844,2.7297804977361757,0.00011078101092874457,4.73740048281875,-0.22992747768309538,0.0001052394780415958,6.427802932321599,4.839624229494659,-7.90158114524568,10.487614551851536,7.01871025762013,-10.463117820798793,-1.709287963720206,-14.008934457363296,11.358951496224128,-1.3184756259335917,-8.76623519906593,17.897102083618083,14.28400950996091,-0.00795810584644649,99.34169612560521,22.376025080550722,0.005999152313678047,83.81652333078824,-3.610709671804821,7.726698153687544,0.001338995454865286,-3.15760124549607,4.031261496842566,0.0014028144078623223,-8.556098340095355,2.0030131041062167,0.6405198315840253,-28.96277955634712,-0.7395628236248918,2.0662763832710382,-1.7691493950878967,8.84004714428387,-1.6594337516100608
425,7.083333333333333,10.674970735819363,-4.893364402218423,-11.17671954598538,8.676089243535467,0.46679723054224176,-10.300533230596871,7.719193654072368,2.6459867297108124,5.76942753073249e-05,4.742827656954376,-0.22868810026520664,-0.00019405277511494974,6.151127930207025,4.437421327185425,-8.106802017137282,9.903309916019936,7.131124659651563,-10.649257097840144,-1.8117422668719314,-13.871768365496681,10.739442687085779,-0.8117988397308274,-8.56184477422986,18.946269126980123,14.317742190724603,0.002575571301286221,104.13010233392866,21.605178187260094,0.005444749860929632,86.60240842932322,-3.7916583333965286,8.194054247754204,-0.003583019621884863,-1.879103633438865,4.490198929756062,8.525174123892934e-05,-8.33996583581923,2.1291569856842547,0.9709098367765412,-28.889282279302623,-0.5864911698746537,2.259006157239054,-1.9023540239314691,8.75441880047702,-1.582763818896911
426,7.1,10.867475002954796,-4.877139847312807,-10.893500904270082,8.902080341619623,0.3877946329630838,-9.62072916243528,7.717385891420668,2.6903723659774768,-4.744018724420458e-05,4.841399995004458,0.012292087662324641,0.00020963437922469374,5.884837282568053,4.0397363017882695,-8.452410379707674,9.683007048176933,6.758732081947588,-11.37682948898487,-1.6176282015912224,-13.743038419802646,10.266498793429728,-0.9115677507346149,-8.541550992540254,19.171114548558663,13.852729106623713,-0.0017242701644162894,106.04151023702936,21.325671229347627,0.0014048631525594851,85.4202941819969,-4.300432696882426,7.662733786226794,0.004305430591794475,-1.932558642690508,4.360491175368232,-0.0004612203878926397,-8.336518278532198,2.1598297598017067,0.884928683268451,-28.869354121240608,-0.7407430534032219,2.3368341283402647,-1.8785139193762244,8.853146047580239,-1.6138792994115339
427,7.116666666666666,11.039333795787401,-5.038010827834173,-10.839036058961232,9.097964231739379,0.5010549510247433,-9.582996347879764,7.707852580735943,2.744468982116346,1.526011142291207e-05,4.939344041892114,0.012269735660582171,0.0001876948076772773,6.0745703117828285,4.371216797096207,-8.366094984593198,9.927194431432024,6.510610718834285,-11.517680966824845,-1.4189272492191225,-13.735812823916204,10.224854342756506,-1.3679058380559532,-8.777120926892257,19.061584527699086,13.72094217765047,0.005777617708901634,101.65854849162373,21.795506057985154,0.0007297195137383964,82.65527416373929,-5.415544153655608,6.3649284819339105,0.001307038249902304,-2.473820751204108,4.65029876564022,0.00662267234654264,-8.166250666449695,2.0834903961724294,0.825486702844736,-28.655058720557854,-0.7442193350731359,2.1186732849272616,-1.9715788189139363,8.926830270701222,-1.7297050419603845
428,7.133333333333334,11.199495783091807,-5.189779747846378,-11.118315522249032,9.1045498621934,0.6205245896904205,-10.170443969108165,8.044141811197987,2.6744078265655227,0.00018134668751798016,4.960986262921489,-0.06333188058209593,-0.00022515181292953338,6.539411069542557,4.784027908751012,-7.762332069680457,9.830833852880618,7.197997784506232,-11.411749894122416,-1.2052329649259055,-13.793526199538757,9.817222525232673,-1.0954059917426004,-8.871402856583341,19.61032895572019,14.111416980839078,-0.0014457013642787848,100.11392547524886,21.77281235945496,0.0018740423020188455,84.1129245852013,-5.198242955121491,6.391601170539947,8.35473814492281e-06,-1.8692423589961908,5.305746098549549,0.0072619424127234,-7.609553594883367,2.0367628142592196,1.1160542562288136,-28.457265320725185,-0.5282954579797922,1.8556012587272852,-2.254769084950934,8.803870794475992,-1.8203925371510346
429,7.15,11.562147462466626,-4.9107824547381265,-11.263457642207838,9.578366223058799,0.4391589360841516,-10.372600051240903,8.072875236116982,2.533352390934678,-0.00019952710801549202,5.317867064011106,-0.2904572134407477,0.0007916928075445352,5.849437942998987,4.593699515137409,-7.468174243852071,9.74756734452273,8.144239615282293,-11.355769190730246,-1.093569285724657,-13.830220757778612,9.97439346825129,-1.2064608091731572,-8.812608539487002,19.12000562330898,14.141464573036902,-0.0022920937580237,102.39794657588598,21.640119371753958,0.00012800771455982575,86.267466514296,-4.65549104167842,6.792445934340922,0.003390838041660303,-1.8670719520887091,4.948986993880103,0.0009886636914768474,-7.556291568877119,2.2259329650724857,1.1516375894077078,-28.393015623680128,-0.35890448691000437,1.7443019992503421,-2.2956029434003242,8.960281307812728,-1.6082576689007495
430,7.166666666666667,12.094573665427694,-4.320665794130888,-11.601912598945047,10.300307663368029,-0.10495430748222541,-9.836344525284618,7.842759231007362,2.356353061308321,-5.2720860554984724e-05,5.748556059759484,-0.34320639156686195,0.00015069376997241883,4.3262542751797,4.558811258135525,-7.363902352569403,9.99091614190893,7.751637432703929,-11.174799918435388,-1.1030864847378978,-13.916290506006796,11.836949795296333,-1.8838528632285272,-8.834429238201428,17.943863777511137,13.894639209992368,-0.003764014030773128,101.93402475050833,21.956939297192374,0.00017970512703442557,86.75938434804912,-5.429495178053542,6.595108797654277,0.0029022057040432895,-2.4051435269770454,4.640054587621486,-0.0007865893023179089,-7.916918789815079,2.663186183607559,0.7471697918028017,-28.29085707890109,-0.3866283378649053,1.5141211055086632,-2.0900094513605154,9.339384739068924,-1.1018002367847095
431,7.183333333333334,12.482239809250768,-4.0328116702019905,-12.108616105254836,10.592884934114648,-0.5390459630138368,-9.296518230754758,7.975902588636919,2.1892216429324267,0.00025553062752305664,5.860138131105268,-0.007654223423888159,-4.090553250456568e-05,3.7760330038876084,4.953401078943121,-7.009186588641928,10.28095631874976,6.9713561811985585,-11.386612979140905,-0.8989870746845814,-14.007280433188152,12.578188094127762,-1.6676608927437115,-8.910523735855714,18.10387098026912,14.036391733264722,0.0019615091916710316,99.7186647826752,21.745797682114333,0.0008205382225704228,87.74917646275681,-5.76616266119303,6.297442411524593,-0.0026579635018492867,-2.120354310396526,5.053628514735675,0.00026640828919217047,-7.5697336553351136,2.9418473251980357,0.5228285004755551,-28.414185778503487,-0.35253405778361574,1.4985547410529325,-2.0410132809905135,9.438314355304964,-0.8307847149711942
432,7.2,12.990573888880478,-4.106693562313227,-11.971879616929197,11.091962127333883,-0.41795923517525896,-9.215044470207188,8.266334191796766,2.1036769699262083,-4.03855899826388e-05,6.096097097563199,-0.04709834528111581,0.0004807103459555459,4.296059334077667,4.751767804807797,-6.995275247105025,10.514412486201126,6.8536697714502415,-11.765867823858509,-0.7859636353386606,-13.983825018222587,11.540725544226984,-1.2917111927480478,-9.066504126746976,18.781838938116778,14.382413820745967,-0.0005391089794100362,99.6758665366915,21.186209049556446,-0.0024708559697259286,87.92817753235269,-5.042233838036185,5.89477479731997,-0.0012848960272841643,-1.4613966825464377,4.550435572296974,-0.004221280237081302,-7.202248874012663,2.8452086166591313,0.5282048964644595,-28.852316048550616,-0.07722681441460602,1.8900157149729333,-2.07024341178306,9.657841379595991,-0.9483727932446571
433,7.216666666666667,13.385516320217059,-4.024443382883712,-11.130989292650906,11.69574236413456,-0.24574962938562273,-9.448836773385606,8.33387836738075,1.9391423618297203,-0.00040410291212324275,6.655194822662319,-0.37303105846444995,5.893149017382099e-05,4.26473009154036,4.291864511683265,-7.6440704809790105,10.113172633759952,7.093889147081024,-11.42505961252858,-0.8204212684063944,-13.927778354510876,11.435323581356103,-1.6804059135908076,-9.157687523472779,19.069001341403965,14.400669014147114,-0.004225947207530298,100.39088659651941,21.155958388606688,0.0025642179734486075,85.4002715861422,-4.696458938866751,5.86092959786361,0.0013122990436653344,-1.8552431556117168,3.408166837923344,0.0018492487956150298,-7.146544065479306,2.815813181001371,0.4450383160179942,-29.150523820763198,-0.14124444872197914,2.2216193859924305,-2.080194737297962,9.832058882921503,-1.0342019478748319
434,7.233333333333333,13.558280546564934,-3.70040415906195,-10.870253654870627,12.022737276685042,-0.46383619376911045,-9.743251385233915,8.543273142967315,1.5616637762432142,0.0008595487181901092,7.375792881662844,-0.434303344470207,-0.0009563499238547081,3.6162640928344336,4.274055959903036,-7.7425107715990515,9.730286645117594,7.843309548321725,-10.987591820168516,-0.6428739362280685,-14.03904326315637,11.999230524880984,-1.6490601418747137,-8.8710745549941,19.57686033339739,14.402154424046792,-0.0034265583800854632,99.3021498146977,21.087589307518876,-0.0011031226094009043,82.54424003309654,-5.158898594672037,6.034579121282841,-0.0008545755828729543,-2.800923249147024,2.9251775674605045,-0.000977076221687687,-6.498142556471886,3.145792560906438,0.617953773207697,-29.40938592188127,-0.7059721713778488,2.3838322684235447,-2.1465575925004425,9.617302761208938,-0.9110608932820249
435,7.25,14.401812685019575,-3.6783591529767667,-11.166640910944764,12.876696802227254,-0.5995602368414968,-9.801836682446176,9.502329051939721,1.3586212436778249,-0.0005377102516619952,8.249477450953401,-0.4731854999082059,0.0011659194746586835,4.074918904337213,3.9919561853854795,-7.195966176441851,10.30663975999988,8.235234834093092,-11.002407479442821,-0.4889295380246956,-14.216368871816535,12.51019708287773,-1.1468220604593775,-8.741575996113006,20.345908099191483,14.852920047746416,0.00011225388478529715,97.75125180642459,20.875244219099102,-0.00028213029534916544,82.91594652308288,-5.727788973098799,5.968460591805761,-0.0031244559185587316,-3.0499009283710374,2.9576302554213263,-0.0018995376765934776,-5.85229783379671,3.2246737169787987,0.9246638380609856,-29.757764336117045,-1.0054987501652946,2.520453093974912,-2.160724471283304,9.75295533773558,-0.8822291566131633
436,7.266666666666667,15.488362124458863,-4.00951524027407,-10.415447758058137,13.903249562802847,-0.3956664258758401,-9.802539088679486,10.791755729057787,1.3984455917717251,-0.0015030118999562858,9.07462669161477,-0.50493445027133,0.0002878809353670897,5.554754521706327,3.7710210120870222,-7.732201349535487,10.583987697478188,7.492507246695393,-10.996520421907267,-0.4184984281341509,-14.178967450445441,12.9611227203162,-1.1568591360146747,-9.003832292858936,20.455763103168824,15.312832379460215,-0.0020260958635550785,98.11483185620715,21.04786643743583,-0.00037164823222489717,84.59592427207379,-5.502449537300588,6.963293835864851,0.001328874655161976,-3.457375114533908,2.752551756565468,-0.000177021360238222,-5.611102082064272,2.807184784892845,0.7566285020428886,-29.840172064768606,-1.0812978954033898,2.313026898797854,-2.1277681068614496,10.069859721299917,-1.132382728950316
437,7.283333333333333,16.159722751041738,-4.146929190894134,-9.62724349292337,14.482318717931859,-0.21308848585552453,-9.75257478822299,11.931688047217003,1.107414361239104,0.0006914802367143547,10.02434661487958,-0.41963160116677056,-0.002989542364926298,6.632057505456106,4.2779894655863755,-8.528119411113735,10.535003836175797,6.817405595743097,-11.36634071537693,-0.057043192570183365,-14.079579559380848,12.687434737836343,-1.4267398265267917,-8.921786236420507,19.32779358275705,15.235540846332782,-0.0008480097065764948,99.45365239165145,21.381872545745942,0.0022296562137309106,84.44396201806072,-4.842883409790379,8.379517819375845,-0.0015989667704893406,-3.8688005672564914,2.460762919181967,-0.0032576445183689403,-4.975415279656653,2.5528959991226072,0.6467462720902095,-29.93378084499781,-1.3269497749653696,1.9200924670612753,-2.2475361475268643,9.955154205854573,-1.393495783173114
438,7.3,17.244124396475687,-4.250733633528097,-10.09454652793228,15.437931693453617,-0.03772326971862101,-9.514477115479842,13.51414360684393,0.6452830706473051,0.0012793398337582287,11.67873218477271,-0.743614110838687,0.003768057952879866,7.100028093738781,4.882964565881888,-7.902163289338229,11.364481136106352,7.342049592978454,-12.147169362083549,0.3911090221372023,-14.087367317797217,12.336885085138853,-1.6511930050086574,-8.616250722634954,17.561459206339563,15.08809353306671,0.006910707164980715,98.84064529775908,21.90364965886602,-0.00402075578077428,84.2097199470278,-4.503552128031655,7.752810197655945,-0.00013073058932618864,-3.279304455496559,2.97419762421019,0.002148385665351048,-4.0033658403094705,2.4483509166119313,1.0330449559209527,-30.60068374096852,-1.0203918255772089,2.177599194704431,-2.6023361206519713,9.87094070278181,-1.525216833376222
439,7.316666666666666,18.886181068048685,-4.720844096989478,-10.138422234557666,17.073559072612607,0.21665229658767035,-9.492147966509338,15.38368626974917,0.7677900621848995,-0.0007159908388022307,13.690951552580378,-1.2192411253908002,0.0014300856903730241,7.48616665984908,4.874320794893193,-7.394433486188174,12.188868299545428,7.718205854017739,-12.366637799904028,0.47040153757915903,-14.051386708716754,12.65972781185779,-1.663209936492259,-8.664694562108851,16.719685815404446,15.489645998543468,-0.0006426999662142146,99.09892199801087,22.156924734971884,0.0026705753027487515,85.52827356856206,-4.796406594536001,7.321267561606188,0.004576031948626592,-2.4510892371211686,3.2902071072080545,0.0023864782791932844,-3.341457609752701,2.146637352380603,1.1983663153516506,-31.49095762030349,-0.45424444923980994,2.5990311408848847,-2.8304291380182467,10.14264639383255,-1.679782986046839
440,7.333333333333333,20.616927363070246,-5.134266146843879,-9.199981319552897,19.099793659029658,0.15310747543290026,-9.624893672442704,16.869042707224295,1.4209697566320156,-0.0019103938396751482,15.541988200068115,-1.1296897705970246,-0.005359542607885173,8.232146095195532,4.114556049528652,-8.18379959769472,12.461295012092037,6.103680084603873,-11.981401669726653,0.5704248190456093,-14.252515222257289,13.901376612547574,-1.228638735138431,-8.838901667864935,17.5533660072479,15.847384450648454,-0.0048943139090557395,101.99525879933715,21.656833504179765,0.005234587879576418,87.14934576192533,-5.789151289290633,8.467129095955787,0.0103128724260495,-2.01488648136836,1.7039222553352178,-0.0018778806159828476,-3.1001305136199173,2.1177672211793426,0.8954037082385282,-31.971713166849558,-0.7269969690286123,2.841324332085717,-2.6998993181693907,10.73919472237941,-1.7517024775703263
441,7.35,22.40176300966713,-5.084893305852137,-8.732209200784983,21.147913803403366,-0.21942636566531243,-10.077654489737649,18.458167860330718,1.6958796584389506,0.0021820808827686107,17.57276534521896,-1.2576576263491606,0.0034642997808243194,8.981537045988187,3.6895382137612556,-8.587294818715938,12.902044483353912,5.303352160556905,-11.631143934492545,1.0546033498638363,-14.782472381671345,15.07798894687128,-0.8276456349340741,-8.731239284127835,17.982091438058056,15.815209623509682,0.010357093922694537,101.54841270618886,21.412023464008044,-0.003460617346698638,87.58217383716739,-5.548249419154397,7.806323205909899,-0.008406089335868111,-1.9055250938486192,-0.2556538970451271,6.97315804308904e-05,-2.652837421045094,2.481387988383536,0.7222491146218161,-32.138424366392805,-0.9838916069328267,3.496477947305135,-2.807542835684429,11.31808993747485,-1.5628171698760078
442,7.366666666666666,24.18740943083299,-5.128822762473913,-9.008590271138855,22.830623021379278,-0.3048779461043889,-10.931426421645963,20.546860154891412,1.3834051577572488,0.001222197943034512,19.765197906042133,-1.9494566748497029,0.0027866577711084394,9.349584962914335,4.218328455499064,-7.843736004274072,13.31988383996978,7.226378646251854,-11.660063549607917,1.3229311012061864,-14.867270521106185,14.283319437853532,-0.48805825141016085,-8.595046961817742,17.513670220566247,16.196013319539937,-0.0040596976578692375,102.32082813530134,21.648286232289305,0.00019604857379896897,87.15104040209218,-4.238076473200428,6.758683187481354,-0.007352321524677209,-2.5699865170489753,-0.23272629221392066,-0.0023117869333016293,-1.7104625871470684,2.4329613791365627,0.9413370394336112,-32.5026457733739,-0.7979687918407221,3.430945025019082,-3.1750536016799287,11.493727640058783,-1.4919386233501535
443,7.383333333333334,26.04457751835763,-5.412625487089995,-9.606392315377626,24.500640509127575,-0.29643239086365236,-10.938508789153726,22.605171322508735,1.097913594473786,-0.003338175742231905,21.737664794325067,-2.181935449754499,-0.005522941498895523,9.092610683761714,4.593439879222885,-7.118287145186548,13.859687505047079,7.975548046607992,-12.002855094407286,1.1353949167012136,-14.560897811177503,13.140355022016639,-0.0063334741297743245,-8.814543020158697,18.246422660841592,16.927521049789735,-0.010120764312063251,108.73808161590797,21.910005935546494,0.0025619822049143277,87.39346615706017,-4.146774398355974,7.598131497924562,-0.008336054308366059,-3.784535958816007,0.44235946581425545,0.004726409163722924,-0.8262443862415403,2.131264471547643,1.382221894558141,-33.294413754443596,-0.9920200081581477,1.9345106370000476,-3.2013598962780385,11.664701458543762,-1.535301101017433
444,7.4,28.23760344343609,-5.283494423859763,-10.406432242003861,26.61495540538254,-0.8206046302558495,-10.323706235426275,24.60305931093288,0.814859955239526,0.0037496153347521973,23.81670241003973,-2.1163593383373698,0.00299064764129975,8.08948731966362,4.868559377325249,-6.694712026865913,14.905202744493447,7.077361595948103,-12.156427320003564,1.3101254296682627,-14.660550727617927,13.310990548373164,0.3367272019668298,-9.10617283963081,19.01145064361367,17.36291584055121,0.006228495704200197,109.73845295125332,22.29942618263914,-0.005064065504679687,89.64948283852124,-2.7328028770609736,8.475040804395904,-0.006259430259565023,-3.999280574628284,0.06632195827957717,0.004367307042605039,-0.14350650087207203,2.400173905666877,1.6806818084243178,-34.454114532677096,-1.2600747086450994,0.7493838334557168,-3.1663776118395233,12.183538500682474,-1.1492612762948795
445,7.416666666666667,30.72222729092367,-5.377754888266961,-10.669230181612214,29.129479444526112,-1.0714797186310692,-10.159075193133324,27.06428160014248,0.6316938133861245,-0.001480176858767759,26.2094980371833,-2.271128942968339,0.0026819842140029158,8.214299838000729,4.9494216098762305,-6.395880181984596,15.389515747851409,6.654586053341372,-12.288236045126677,2.032083353770267,-15.01012998112692,13.193199517625406,0.7897934944763048,-9.129533852533932,18.542703835207973,18.075051438902683,-0.007261615977028797,105.65364630191499,22.429300432041952,-0.001761490153161296,92.65879084188508,0.46952628802838786,10.160186819868516,0.002832220055827632,-3.213030051161571,0.19453567173503833,0.0031187556627189326,0.4896962972310808,2.5545190265737507,1.3352785806201224,-35.45273863007618,-1.2184342779618835,0.8376005475888095,-3.044931291049948,12.869844259619896,-0.9957866474684982
446,7.433333333333334,33.00640576777029,-6.170867503705951,-10.225820078708942,31.475936793087886,-0.6344682687579336,-10.05018841892028,29.811160665963033,0.8537977575481517,-0.0014388380884090874,28.468972548033676,-2.291697751894325,-0.005818956594755788,10.15204754542343,4.485895834581953,-6.4633727041212365,15.191123528613831,5.9868629251140915,-12.70395981157835,2.4297739642669343,-15.417325643872752,13.580076798911358,1.345962691037036,-9.150964691865791,18.63241785816724,18.82888986332417,-0.013534314994086317,103.8834301611423,22.349985971414196,0.0064435191045564884,92.30230451030388,0.8607512645492317,11.413988573932945,0.008556678597043439,-2.6582458998780827,1.0115357733581445,-0.00017256125559991445,1.055593947653972,2.2016725819611263,0.8946348059273681,-35.40670609233395,-1.0278279474573628,1.3234770203067976,-2.59758152340104,13.392724498233486,-1.4780107483859575
447,7.45,35.306569901680824,-6.48743294571295,-9.477141358352634,33.643039093716574,-0.6649081737399897,-10.131326856107863,32.33254651940104,1.1858130272284981,0.0020429813946482695,30.61544584662217,-2.54829625757292,0.00402372611105813,11.061678964084514,4.486725457472019,-6.984700881767049,15.565927960001746,5.910640174189006,-12.640296180640656,2.6060835902478217,-15.918738741847827,15.677595579408251,1.5550013461702066,-9.400278660725153,19.61909314725494,18.436303686283306,-0.013493301721927517,100.47574239646858,22.580000800545754,0.00677481286680642,89.40573360023306,-0.73046121051546,8.93522257124658,0.015170223662926405,-2.3447029094342158,0.4956920897368778,0.0005519939218225977,1.450524970891429,2.2357852067377344,1.2024507318424738,-34.78040767104709,-1.107704346307063,1.3150926710744866,-2.466641108641195,13.885144856028543,-1.5191510143856173
448,7.466666666666667,37.651645589267595,-6.493867390856293,-8.774246536732365,35.760059206940014,-0.8899657548959614,-10.307477132038557,34.60986905680894,1.4500833258700874,-0.002422113203234071,32.833323123891965,-3.0615236244290056,0.0027640755901253444,10.401613984592869,4.347027275970365,-7.59543485707878,16.075627616093666,6.444766746681237,-12.357516813812293,2.902487612762918,-15.99234546053103,16.563597044566492,1.7044681649443794,-9.580059482726046,20.071277699359005,17.80967139209936,0.006121078567364204,97.37683097953804,22.91700548731592,-0.0056983383337167685,88.17710516786386,-1.3243251899339505,4.950330374314765,-0.020441287658489234,-2.103493055863815,-0.19452246588783403,0.006394756514216147,1.9369483530889349,2.326970397547032,1.3535437593385278,-34.72185819823532,-1.6437063241282512,1.0503504639280832,-2.4585846611070017,14.349134696179537,-1.3352305976034624
449,7.483333333333333,39.191026983641024,-7.174577931307942,-8.992056320177822,37.17733581530472,-0.4018486158073616,-9.64651317310952,36.88609165928427,1.4416545828102978,0.0021859118707087577,34.954763236821705,-3.0633709207092643,-0.006824729412378944,10.410987815777426,3.751120353109821,-7.445750733086603,16.496509579674537,6.083777898061231,-13.1122661272642,2.9170954925628645,-15.684569961018736,15.293678753563587,2.273175495751376,-9.507766164697596,19.80798936784384,17.820737257440626,0.003279524235651775,99.89983518051751,22.82310902710835,0.0004904731990616381,88.94427012054653,-2.618129893505288,2.2355250461069267,0.008662526030678047,-1.4784169475112083,-0.19911868274078004,-0.0023491729829532037,3.204065823127068,1.871950061531951,0.8987432759766877,-35.49287024713011,-1.7026861590442028,1.1160473182937516,-2.101119259488182,14.189936049844823,-1.729362972637074
450,7.5,40.87726530262584,-7.692397657403508,-9.438160495360066,38.89428152379783,-0.018029533754177002,-9.126311702069469,39.30852706199971,1.1564806098524847,-0.0010887961558167793,37.31695673169538,-3.2012617606617026,0.003800814413315452,11.222617889910762,3.8053887130269386,-6.873671826414659,17.343575965725847,5.796995715058152,-14.016831429067304,3.2897952179841656,-15.63131015991307,15.27567490278951,3.082178772150804,-9.48567915914793,20.13065986753867,17.418213221709518,-0.0017094967562579287,101.85469391956936,22.358013761715178,0.0001869051157731975,91.1735817789407,-4.662982194532106,1.183330061514309,-0.0022910233249360925,-0.6426617454550055,-1.3897844969668096,-0.007780494077264809,4.434301300109321,1.5432225813027765,1.0343520036207612,-36.69423975541372,-1.238051491544131,0.8990584332452333,-2.0576033452427356,14.170760301734477,-1.9928696669131776
451,7.516666666666667,43.5293421825698,-7.7201963903810675,-9.208552355910063,41.645483024809316,-0.05718545175699004,-9.710771559975507,41.93334514869181,0.8677909302021194,4.247884547509507e-05,40.12265502259776,-3.992826214237008,0.0031883724095391167,11.897214377766666,3.8929144453521904,-6.759057684956273,17.779939472430502,5.616191168174064,-13.813990396314843,4.304599486876437,-15.919704488576087,17.86902508708034,3.746198683236112,-9.671290894815735,21.369499242364608,16.688338308892238,0.0009945546717895657,98.90414994222179,22.213207403711344,-0.006747939748923792,92.63949293191837,-6.170844655497047,1.548055051427927,-0.003885887801280855,-0.4194278588686455,-2.2305173925859756,0.002490567252053356,4.796101127595544,1.5167015546772133,1.343088206871822,-37.23467674971484,-1.1051347329164771,0.672594130543064,-2.235354109625415,14.841936525360373,-1.9615657999318028
452,7.533333333333333,45.42265180180042,-7.89482459170829,-8.822656950914999,43.5648258338919,0.027641060551370607,-10.123807235673318,44.56018584057008,0.7100843802949366,0.002890741468988133,42.87370867118121,-4.597018638528472,-0.0053490519976028186,12.379180177639952,3.923285447122769,-7.149186874874813,18.00483046569055,5.193838793386674,-13.719353062637293,4.482864932977658,-16.322057395285857,19.14562753672026,4.3574554639198,-9.614460191000962,21.508333534640684,17.154004318177893,-0.0076296057810657835,97.35345396646893,22.414792220958603,-0.002624598660153337,92.74108690757359,-7.296007875192351,1.3279404287006713,0.007013650664580979,-0.22656828854142197,-0.9357433335313902,0.00366722093173228,5.7417274966625715,1.5754740373889167,0.8718459193191386,-37.46013040161858,-1.331260659124706,1.5078864962641079,-2.0677901391328124,14.811462480487794,-2.0610849424002327
453,7.55,46.27503965323736,-8.036074613078345,-8.334877819673087,44.51438283273039,0.110993102254745,-9.84356433452288,46.88478845434269,0.8657781375899886,-0.004580025778652575,45.454449992701534,-4.862294598865638,0.003942127206852587,12.792682309769933,4.375786926853441,-7.7387301805048745,18.837775783865215,5.0730936777074325,-14.443508273736345,3.705535217942386,-16.560559900365206,16.66658533950871,4.830921139957518,-9.048619863922587,19.845123353646457,18.504506147143807,-0.012296639780972445,99.20880900151586,22.704926871796754,-0.004229218863691891,93.95872466496503,-6.551836676000496,-0.2725887859892071,-0.007534367194643972,-0.24410285006260096,0.5311238183252248,-0.002417303041044812,7.5436636577243155,1.762795008253464,0.688293346374825,-38.378849244459865,-1.6546486492415955,2.166101111839194,-1.9684972541452734,14.02206670973371,-2.0299987820036614
454,7.566666666666666,47.6325076833873,-8.088661177622837,-8.101773787115425,46.01164831395042,0.024776625862505414,-9.402296320839138,49.18287261083602,0.8999118160716174,0.002458549690013667,48.11181422807261,-4.875981198651098,-0.0002501952637292963,13.344203321989987,4.655864102830256,-7.921689683837967,19.642285987254315,4.208857960411591,-14.899638730123478,3.9746212038598685,-16.48775189438095,15.689553319431543,5.16462557722911,-8.695716830174643,19.101360519636124,18.857774957250594,0.006422057221447391,100.25673896150379,23.058904235909864,0.00329369114270565,93.7119414247149,-5.892999772442572,-0.5735634272960916,-0.01424710979245608,-1.0844455204646972,0.6699040017738576,0.000687201907840403,8.788108780124158,1.7932198068824448,0.9494099096839839,-38.81679881688391,-1.531925177668454,2.359782485573403,-2.098268799546747,13.691417916674668,-1.9220904087573143
455,7.583333333333333,49.66158586350712,-8.168820229700849,-7.931908913179296,47.99828652474145,-0.13430415022133826,-8.82225725393683,51.80260144027422,0.7131206093926639,0.003361033931325653,50.90716270608506,-4.550785451309612,-0.0027055966874483203,13.936693894746934,5.036155769974177,-7.964898104688542,20.194597112137632,3.1376313951701458,-15.080927000849636,5.487294091402836,-16.38265188055904,18.472265939421245,5.73893276805542,-8.840213225218156,19.84244846591541,18.138735529163394,0.0012786375413868952,100.3767238779433,23.29589884147771,0.0009566235185111706,92.51595072320664,-8.530421489015472,0.3300259982457519,-0.007912567371844032,-1.6615211885526509,-0.408253294204082,-0.0030900936471259938,9.517514212478295,1.7121433584214865,0.7506269538953013,-38.794809121087404,-0.924230346066768,2.8969376347137517,-2.155986104506509,13.794632820034096,-1.8867966211726113
456,7.6,51.4576278308763,-8.340011171572282,-7.102640992324111,49.86217164549722,-0.17285450890595175,-8.318073314573567,54.3926759522414,1.1173408335474153,-0.006127509013611143,53.75982206181657,-4.457078851828013,0.0028053543912256846,14.689370758836642,5.231169590791833,-8.251118775338071,20.74051706791847,3.4399960709772066,-15.733815788383819,6.329037608948894,-16.40643989934111,19.521447587085824,6.283069717584287,-8.876101455857132,20.133116625219547,17.660423974275016,0.0024918634997085592,100.00940207322556,23.59184791556921,-0.004143420616571067,94.30609745145007,-9.795463937510124,-0.35014737324335854,0.005885528408328736,-1.0010469112076366,-0.7408406547222249,0.0048468833169910954,10.290854625269658,1.7207623019345266,0.5855225382338554,-39.34168747853656,-0.37331066205559765,2.3743279083260775,-2.1069081918843997,13.778521958019493,-1.8573006179254072
457,7.616666666666666,52.822548413633406,-8.608189180202736,-6.547334402429301,51.52165533676367,-0.1460525683908745,-8.119654156356635,56.66442844083957,1.6987425611265443,0.0034400187201327277,56.40504998310723,-4.704315170736591,5.192779361206338e-06,15.924070714356674,4.39433248815349,-8.35450970858397,21.414811300235424,3.8954131840032726,-16.344155643646953,6.234296290067981,-16.462137948861336,17.247830202773017,6.591929312599182,-8.727622404826436,19.913269762658807,17.686123745419668,0.0021157331493966776,102.05978602043751,24.082410199212507,0.002906486114911019,95.89962464212557,-6.183253520380082,-1.020771515574601,0.0177902103154853,-0.119843201044933,1.1939414476878418,0.004231914463480634,11.071305214603518,1.8071883296662,0.7263128481683261,-39.74906756843639,-0.028465860257000652,1.3955301238186808,-1.9661335308119892,13.613340874392756,-1.7880795069606976
458,7.633333333333334,54.065288714694944,-8.65926550128991,-6.623006995657852,52.90285451878983,-0.37192829481573275,-7.835375797970598,58.79407711085497,1.7940932138569514,0.0009894859307531595,58.67091180494524,-4.662863366625185,0.0006770562970062226,16.658006151312872,3.2809206001738094,-8.47186474210106,21.953763114924232,3.815937138579548,-16.383194677489083,6.399598902421154,-16.32468905896824,15.959041534468591,6.921030340932106,-8.67400366006103,19.464271775258666,17.924973320801623,-0.004569121898994956,106.55157750739234,24.476312304501725,-0.00012939690461315442,96.00737130547206,-3.3379413248152203,0.7987022153221357,-0.013681761765403942,-0.47670575643902247,1.8168210782194079,-0.003676711179353809,12.039428177755823,2.0493220416361355,0.46216867739550443,-39.95053906282997,-0.07119775217801093,1.8292613489497114,-1.734850216250665,13.337334681277742,-1.5825123933289282
459,7.65,55.10337557100158,-8.838603454401644,-6.428824751619755,53.836742035554266,-0.4013235893688969,-7.171659950796312,60.91193073323932,1.7768777484368516,-0.0032942838829240284,60.68832700436901,-4.070034524858119,-0.0024746543770960074,16.538253099872847,2.861322126305385,-8.716052723884925,21.813999851202354,3.728118566269096,-16.470658968176856,6.929559483707302,-16.406351481147247,17.441955758946442,7.429664857473563,-8.800425440108835,19.24341420115938,18.3741586241735,0.015288434530439456,103.65122720389198,24.43438898407431,-0.0033068018522422935,97.28881567569874,-3.6720175229365593,3.182495273875438,-0.015015028997102255,-0.9799468807284908,0.31439168425692865,-0.008519555150388883,13.303615321708827,1.9865890446900902,-0.10138170752394607,-40.51358725516269,-0.31742904645456316,2.3929284991495225,-1.4928077136813316,12.740225878999347,-1.6527810802481868
460,7.666666666666667,56.098870555738046,-9.382750586273334,-6.137384815322062,54.65365461861248,-0.07275185156297825,-6.785338927779332,63.074537126251656,1.7200414684044905,0.004457199991977063,62.64582611565949,-3.6215540185599906,0.0006685929977747495,16.861468515062153,3.2910804266973965,-8.747260607872848,22.02679588127125,2.963693524109717,-16.662655265861865,7.311038167266994,-16.7260850186555,18.1637773401188,8.132683231481193,-8.907467440681057,19.254305025414954,18.513374639603168,0.0006079239560031557,98.12024674256841,24.12427734660969,0.0017368399199838773,98.76674305101812,-3.5434045139975043,2.943827718937466,0.016232998029882685,-0.15385552472986558,2.5861563696434886,0.013240364167377757,14.468316340386227,1.6073751163388545,-0.2614324945718412,-41.23825828540264,-0.45045002723025096,2.1437641093616886,-1.3276050622877258,12.111925811054268,-1.9976929251041087
461,7.683333333333334,57.31791347146022,-9.785921726917126,-6.087081263951549,55.823916614448535,0.026348059607930838,-6.8331316544261025,65.13692491428404,1.8502436969642788,-0.0033980310814754984,64.5894905880002,-3.8022035955723763,0.0030647579538422105,17.558950502722936,3.6700559070214642,-8.843613747473986,23.024850613513742,2.188654615790665,-16.598039549655862,7.288332821047538,-16.739382796122047,17.114001175867607,8.616962052590539,-8.940513490890737,18.780947485686767,18.422423025458844,-0.016862511103110073,100.76039510176243,23.718057727819,0.006253081102839101,98.48747859755446,-3.792144439540589,1.534358074819037,-0.0007216380018924054,0.4996157826654838,4.9864772101190535,-0.00043478583125132025,15.11653770691438,1.72189756292322,-0.254902104580778,-41.9831207225531,-0.5009403294607044,2.086649465580924,-1.0494866374160148,11.933550021616119,-1.9436012469937578
462,7.7,58.534068113546006,-9.982365807166936,-6.072608955784001,57.208438860786245,0.06398735548121852,-6.546132788803559,67.02023573672454,2.0053107404337474,-0.00016061173951274237,66.58045388246356,-3.962865080910793,-0.004515331595983033,17.835536760406924,3.55569397882583,-9.062787755068937,23.446577189804398,2.4400299418786124,-16.845300317240195,7.053213481804841,-16.67310319853231,16.824105053097867,8.946491454132904,-9.233078540821193,19.41456334253194,19.049963061181835,0.02348335461114032,99.7066975586886,22.71190790359571,-0.011688586672083561,96.29028886968271,-6.300587735452608,0.9675970976043712,-0.009248793430715071,-0.003564222981514814,0.5561563921264974,0.015573591224258911,15.55910606719036,1.9984570619210953,-0.5406687960179121,-42.59634328879681,-0.33985085985654256,2.4945985990631816,-0.6379093884921526,11.834001995801946,-1.75044832294225
463,7.716666666666667,59.693841342713306,-10.070288495534315,-5.97828283505205,58.428416151732776,0.16312289744084937,-6.351295897815686,69.02287968921046,1.687300036175433,0.004830575064834578,68.62943917548255,-3.9625576556809063,0.0026910099703309305,18.102120634335677,3.7411437735657818,-9.038008578681897,23.49976920966076,2.725146518097486,-17.28812160896248,7.10693569206135,-16.63250797391958,16.39294456485899,9.371600821984332,-9.485757510400962,20.63107560522318,19.543864836875873,0.012157834778665527,91.97460437207098,21.8305140439179,-0.0055607687684246,93.99962620152549,-8.047761471229443,-0.06946112960292326,-0.0044838856455988434,-0.30711231163441666,-2.0665509182887507,0.0101297279054628,16.299795627262768,1.8517488093325982,-0.6302450774472913,-42.68530750197327,-0.2927458218548935,2.7798143481665694,-0.5899193076430161,11.408292045235926,-1.84901664556153
464,7.733333333333333,60.713521900858545,-10.137484099076218,-5.589620356920957,59.27153001066488,0.12356521386884761,-6.352864478879358,71.01247156721041,1.607836151175868,-0.004179088946715562,70.50263888879333,-3.7787441635810692,0.001655298538997693,18.667898833681065,3.606403354940455,-8.871493198250011,23.903471872011107,2.202815543030377,-17.426348113054605,7.691223380189215,-16.4739888868277,15.510240136990571,9.548920970706305,-9.208636963553825,19.50728899501611,19.00979053257552,0.006747062874947056,90.39773219840717,21.97785392705583,0.004884151398256695,92.64630421540562,-6.284938111749424,0.23844677210987503,0.02774717331953277,-0.991083448706873,1.335471840706857,-0.003998752751552955,17.221986658774597,1.7302043341223703,-0.4587946330989438,-42.49740350651535,-0.4731300803235662,2.7180543546562212,-0.7656905344051627,10.84605391383616,-2.0126196098127314
465,7.75,61.400197721600975,-10.293530828838184,-5.306375514338679,59.92867121085851,0.1808780238775944,-5.771760512844619,72.6178358319249,1.7869179527563637,0.00029596773974830683,72.12328214429942,-3.225025844864022,-0.005178215380773893,19.163365417131093,2.888838171644126,-8.868064760962968,24.25297411587857,1.4608255099325724,-17.5904670651492,8.541143745746092,-16.365467599232456,15.412940945192538,9.675907897671971,-8.968877665603776,17.93480098622582,18.493535540889336,-0.004921449444301916,92.40261106790621,22.45941940220648,-0.003360929998734147,92.60277144868881,-4.811290379059052,2.162477311818531,0.00883479577299544,-1.6662497515715027,2.521902403976217,0.0017102032757404923,18.140678163561372,1.8430320664106477,-0.5730538379681558,-42.98951666010643,-0.17486932035730465,2.6209092812223513,-0.6401961836205057,10.303805009569897,-2.0229493001886136
466,7.766666666666667,62.15233105188053,-10.29441841596986,-5.501579898651637,60.78201684422372,0.21083053530572293,-5.709398998871515,74.01974201364901,1.495752911241949,0.0012815670779527332,73.55066007764786,-3.4220331350050572,0.0044596770859501875,19.408050368460664,3.2115722176636625,-9.043644106403216,24.663865240705697,1.3270579332230221,-17.634858402226655,8.871548623225804,-16.244646237550025,15.520998063923905,9.794786745614728,-9.178695430915244,18.155855741301167,18.531022711536576,-0.0012488746488463344,94.95533421709914,23.31897971245624,-0.0071638609765113615,93.92735948920745,-7.799399125386494,1.9485449779862394,0.014874043056398218,-0.9090112759489549,2.762189056379884,0.005357579911175949,18.710660117221902,2.015633773387186,-0.9257516021906483,-43.68872042280312,0.3134503403654782,2.819051322439087,-0.45268067809621754,9.95726118817117,-1.8487422760201981
467,7.783333333333333,62.999540159380956,-10.366283277714128,-5.77184648123625,61.726187930899926,0.2820230771484169,-5.982187132310114,75.41938983646193,1.170514606808092,-9.485168512502977e-05,74.87506443297465,-3.99033347975843,0.0010670656887733978,19.63463894012984,3.9502896342497458,-9.198521094741192,24.990761670133015,1.4074655306370796,-17.698015412366498,8.641050700628076,-16.341203942856662,15.902691684855375,9.710380195322301,-9.250640550472614,18.38309161037152,18.8400958677793,0.014334012692689656,97.6855012346757,24.269369254678885,0.006393346533301271,93.19583466884782,-10.625358246594779,0.8109084428161509,-0.0075562162776649745,-1.626439019573248,5.628046669514854,-0.017132764366671268,18.943652950530083,2.294702443736068,-1.2852938980826711,-43.50589822010494,0.02834477003867651,3.1169662700882736,-0.21067827352525775,9.696289835121044,-1.6973212104081805
468,7.8,63.350337705106426,-10.749543780660995,-5.544219847684056,62.35816736314891,0.6857918097516333,-4.67980028022789,76.64844865356059,1.5997219740801176,-2.047790388349074e-05,76.21804218502051,-3.2393002362273355,-0.006071997362526912,19.80847646314974,3.5760072437128967,-9.371014614281021,24.87695047983408,1.1306195611601457,-18.211165590591758,8.760905798921698,-16.54502716962905,15.918247635391515,9.951188755135627,-9.227339534343706,18.43049848516661,18.865323046759233,0.006904176751206205,95.01660399578151,24.580624756539276,-0.004793295865649565,91.56357226082969,-9.342768820644933,0.626519113657491,-0.002244294096056951,-3.0299931798238746,7.47053847713569,0.01791640408406298,19.501348705386608,2.583934185491667,-1.339203269536116,-43.11600172719797,-0.6158098889830663,3.079122552851022,0.3242692289579621,9.114979539019135,-1.6012782438527322
469,7.816666666666666,63.40930978201162,-10.876410687675794,-4.731245565559736,62.61182567840279,0.7999049192210427,-3.4860007102065347,77.73990481336777,2.444395474166214,-0.002171712518218632,77.42824537421345,-2.4492136660485615,0.0022843131060525084,19.66690754919128,3.4548914823256243,-9.713615480221218,24.985555315256498,0.9273631090190444,-18.48104550397732,8.964854613378206,-16.491628121384018,15.260607144405055,10.316560648044764,-9.431042184811991,18.987113928741703,18.61966820326655,0.0011671308693254683,92.84421532592023,25.073706233106073,-0.0036701458035171817,92.64020141942112,-8.748332061424511,-0.5943802065836472,0.013613638749795329,-1.8150247556782007,7.380073111107405,0.006637577605891595,20.199655877035962,2.746358944903632,-1.1217547231377127,-42.97785771453784,-0.5169685650892155,2.9499011481521906,0.6499432262479148,8.356633843158171,-1.3939149091908294
470,7.833333333333333,63.5151344292134,-10.668007358642798,-4.705782859924795,62.71975662124063,0.4400351946847892,-3.9052190410053007,78.88193573353406,2.3649903459027426,0.002846182837029571,78.51834752172613,-3.0105387738238716,0.0032218203570158113,19.594295758499882,4.403225727954437,-9.934386939893605,25.23178322562604,1.6872615739858037,-18.43268811714447,8.897241119918437,-16.5385695542192,15.91163436506471,10.401578207089177,-9.401129162701286,18.99912972316027,18.749877279317975,-0.005544310742890101,97.53098542865983,25.51492549475019,0.0013239613037241255,93.12601531291442,-9.359576738622719,-1.0267101975854642,0.03753311833795036,-0.782466573563659,6.058225113924425,0.0026781595122340896,20.720120666992468,2.937894394797903,-1.1783932581600678,-42.70506672263689,0.34479734236063375,3.070294428914689,0.6031960401178086,7.592476077325269,-1.1015632883530224
471,7.85,63.72172121464937,-10.651697487426562,-5.3918148570734585,62.84944214743679,0.289423945837222,-4.2280440292285455,79.99977926292529,1.6050719877553927,0.00027606178778060233,79.54247588957713,-3.306852949559313,-0.0026523932085113734,19.858146099993593,4.925307812220085,-9.874491448450707,25.254206656958775,2.156204667279032,-18.526786833749142,9.081235598182532,-16.76906785458941,17.296427395081334,10.641767668259378,-9.23666962608108,19.03667902291335,18.907136108153743,0.0029848111148943913,99.24527654023383,25.4915961589991,-0.008516769628608289,91.81721562066758,-6.608383169998285,1.220346419488186,0.04782850612730149,-1.2821341854073518,5.01498727744479,0.002269652827727134,21.14241707361035,2.9533259131335976,-1.2782220030248652,-42.46793420386871,1.041230783380989,3.328987155594702,0.5626076163386522,6.8800963907715635,-1.0541776529029345
472,7.866666666666666,64.07390496450398,-10.986840811303946,-5.119222286861926,62.85778396450964,0.5093299808892717,-4.157974889488915,81.15977012517287,1.4624540724660957,-0.0023134257381196093,80.33218707161414,-2.6488816987821284,-0.001094098260851593,20.08625891639433,4.789274016383698,-9.704079289902948,25.367854948438257,0.5949189260589217,-18.47490912639539,9.088215575960875,-16.919537658883357,16.428147344744264,10.787897496452612,-9.328615848553707,19.672727021521577,19.18230552327969,0.011850779065761737,91.89335360065306,26.23946446290326,0.006111258656462836,90.7204613594885,-4.018430661285627,1.6464478458818972,-0.020101752781262208,-1.6108365709089554,6.5020308006590595,-0.0076696742103168234,21.40081669740721,2.6187429753581255,-1.1748477524780265,-42.12527487731314,0.9259278397229427,3.463968245241317,0.6357712220216775,6.222709274252392,-1.4528279560910562
473,7.883333333333334,64.25178033798977,-11.374668558119199,-4.703100814744881,62.77673695802613,0.7361669636679272,-4.24321671481986,82.31236683589383,1.5695170018251703,0.0016459023268204957,81.14133883309854,-2.4212717275153857,0.00323952662219457,20.210768607282464,4.533676319396407,-9.558595701885933,25.562049600418305,-0.14975724332938858,-18.381852353562458,8.829240118950235,-16.892449992497145,14.353484865223814,10.640258872086571,-9.375735031227038,19.7254034073939,19.551212859437534,-0.0057002833022918005,87.99019167012408,27.527664716017682,0.001415720842754867,90.72771617721627,-4.110072780667837,-0.06309663837980314,0.00975272515603514,-1.204114912906737,9.132018426588786,0.00659609940135818,21.692030096355868,2.4569148848230973,-1.1728356859131683,-41.773993666009595,0.34123898204601577,3.1486436897837837,0.8250856188415654,5.418014049799106,-1.7196996032961411
474,7.9,64.36132401472094,-11.32417014007226,-4.824722811912655,62.95160154872693,0.6084216868388405,-3.8523994693017625,83.047387160649,1.4835377741493891,0.00023306149835185404,82.04857338238376,-2.3495676219482946,-3.9536110736425755e-05,20.037078024007677,3.8937669475186563,-9.617303752341742,26.147682488645703,0.8994844491721203,-18.37774741044972,8.953502631616352,-16.613791162752623,14.598836640522611,10.689156370280456,-9.28417167389338,19.367126825295767,19.10346396967908,0.012531744203684716,94.1353089024637,28.088448365358868,-0.0025364883173052653,92.16579311143997,-4.484441780029962,0.3749865454690694,-0.0011609296378219068,0.012403705307965888,10.60533368041798,0.0067007752990583015,21.79091765292149,2.5200910214369,-1.0604093075063896,-41.855090396981765,0.15814910886333783,2.7712522608346633,0.8858995144544108,4.7818725369277235,-1.5774854670049772
475,7.916666666666667,64.35670854924706,-11.060809059470985,-4.5769624013520565,62.99540414502886,0.37537007948678347,-3.1886612708460276,83.49006437745483,1.671064312072775,-0.0008056483982738339,82.74359902005844,-1.7321441633583377,-0.0012425962638595895,19.826714942870822,3.2927175961095623,-9.723904651868118,26.770855322209236,0.6146330322599073,-18.204903667287834,8.883282445488032,-16.340466545882173,16.0052760463831,10.799398830438216,-9.333885242082319,19.46856001103319,18.84830338704477,-0.006439296046630363,98.40854043727863,27.92960408158197,-0.000956158047043371,91.37279748390773,-6.172490599318077,1.4945893429029404,-0.010752821688770167,0.8051275521198534,9.625321030863743,-0.0016805315107856565,21.653375836621972,2.491999680743305,-0.745728189998312,-41.57339365526014,0.33805272342637205,2.7789434422368244,0.7690731653118401,4.24839908520703,-1.4679594383352963
476,7.933333333333334,63.746887596465434,-11.165607467097903,-4.350022117913894,62.49142007926368,0.5012446962081301,-3.3083940984801083,84.01822124325773,1.8954967702497598,-2.9246474082762526e-05,83.34403174579882,-1.8083789517890168,0.0021482837815512117,20.365422811473106,3.185298757324102,-9.757099215259698,26.586292969807413,-0.0483517234884354,-18.048356592562403,8.247305769604727,-16.234545041479997,15.550600836318333,10.674136556841466,-9.565532046692407,19.6963023721148,19.761771200936764,0.009194798019762468,94.71744405284304,27.638472852164863,-0.0001062934769296367,88.55560746913484,-8.392237050249008,1.4863758333696384,0.005797078208176082,0.8313006686392533,6.570106769610404,0.0002829502210840884,21.950941332419983,2.429978938346876,-0.5779528152448382,-41.00154671623711,0.10014956271399877,2.6575288202407363,0.8272651098685555,3.2788333749308247,-1.4582032638526257
477,7.95,63.05137295686458,-11.1763470052019,-4.671354906541103,61.89613176981536,0.5565572060576828,-3.786018399526412,84.50457563013303,1.537584879239668,0.0005642621317088796,83.91367305053492,-2.407107857802774,-0.00016627658807801842,20.783072062809005,3.3206202164245897,-10.05929555117749,26.267445423715117,0.5898335853434722,-18.11113802859978,7.907380307308285,-16.250893827184974,14.425420047622996,10.599921795629466,-9.481881853692824,19.277869597098853,20.325538884411788,-0.01343718523610455,92.62304523204378,27.4291862444683,0.0007275360464615763,89.43400449942826,-8.181609959853855,1.5145629655216395,0.010534241075923257,0.6335958920771755,4.086526366296777,0.0012717777746216866,22.393040363164918,2.3336670478358768,-0.4747828559870442,-40.97526869422182,-0.39276416426252164,2.0071437954162246,0.8643786359232768,2.254445634190854,-1.423155932910454
478,7.966666666666667,62.75393862319912,-10.84690202926066,-4.846482046494378,61.46854986708501,0.265315486605409,-3.6112658670721816,84.85698676797563,1.0795577148349702,-0.0001592677631942657,84.29081177763376,-2.1302088554066985,-0.0011192838573208259,20.379199778382393,3.5994222316369444,-10.415108038864522,26.3434300057287,0.8117458355731432,-18.27770136260625,8.081765418222833,-16.393058536463894,13.879823327229428,10.80837274588889,-8.938332862379069,18.776374434644435,19.516145223045562,0.011253537453824318,97.1494933361233,26.823258894491534,-0.003976480282836684,92.36196336531567,-5.706069236672551,0.12342368650509837,-0.011711976084769675,-0.6088157860289003,3.722655857589103,-0.003095075381422889,22.262978533925683,2.2512294521029217,-0.34889595701914233,-40.64000502154496,-0.6428616542695761,1.3279189835467804,0.6604125789612874,1.5452730055879076,-1.4390702020286235
479,7.983333333333333,62.53841625819228,-10.902385265473647,-4.537901190306854,61.0489949978305,0.26083497359363866,-3.392675195740626,85.23180945800499,1.1406496310210072,-0.0002710551461201853,84.4788769535838,-1.714184070963302,0.00023019467235011487,20.078377477078284,3.884770287978381,-10.427566842403433,26.363252044579202,0.7015596532068643,-18.390099998118078,8.13780154572236,-16.130007084629234,13.119142118677152,11.088850148799185,-8.617699745228245,19.13268139205911,18.700364769924946,-0.0018005021467673728,99.4490132175335,25.648108090994562,-0.007465743403870783,92.97596421580643,-4.916378878748515,-1.1875098240278392,-0.01269852085605565,-1.954500089588448,4.653344648519369,0.0016043920948946883,21.84286788744756,2.2084024944479435,-0.46481248425110283,-40.025386255909005,-0.7838099447225488,1.4419579798197686,0.6217573407939743,0.9160033704062437,-1.5976085226707506
480,8.0,62.193000128902796,-11.061382519770998,-4.210471755062883,60.55445771444663,0.4669483870011046,-3.5677291282845527,85.57791216112969,1.268043500679719,0.00034741861391218893,84.56247519734356,-1.9199178242968356,-0.0003114429768250659,20.148692773906728,3.862902557351294,-10.508434878779983,26.19217957604673,1.629379661470784,-18.37243523225662,7.966534706816797,-15.559170872453413,13.36630427173991,10.938126923680308,-8.707605260628913,19.480358846609576,19.015301580491993,0.004004538150340937,97.34597567511621,25.12751958603809,0.0036263167021032385,92.9291161975656,-7.260395831008092,0.9244599230756598,-0.02509991795746025,-1.590375960928738,5.991646488432926,0.004698103509646292,21.660291086237294,2.1314423730519882,-0.5931367141229107,-40.130625367530875,-0.7977456639953966,1.905141257947495,0.7429950394806808,0.2355642563538032,-1.7673168490502107
481,8.016666666666667,61.67884398172073,-10.812063362894767,-4.062995569395863,59.919513185556085,0.3285134204643448,-3.7132619328976486,85.78727637694264,1.1512530869147735,-3.1163858285903096e-05,84.62720026798006,-2.0736753803785777,-7.394011689174807e-05,20.24901811233133,3.7694872094886605,-10.811755239259975,26.049937734992085,2.3041768217591194,-18.191325454359173,7.542353039751551,-15.452769446473024,13.502867974076814,10.102727101216741,-8.928009569969019,19.310207312170526,19.864163005145592,-0.003229755150237725,97.09606970623537,26.136616431921112,0.0007839652458584354,93.42177749516317,-7.7324708159652,2.4035956381237003,0.010271557085564945,-0.656797889867412,7.834524993975865,-0.0033378958882007924,21.6125153517538,2.0076909865550516,-0.38775443075688926,-40.23104866967257,-0.6100781429421965,1.7653614616542146,0.6607716619042993,-0.49742534747962247,-1.8156254361713173
482,8.033333333333333,61.22063807946808,-10.866674677512002,-4.071415380623599,59.42404828107304,0.17950822812068173,-3.8918799812629072,85.8653553709757,1.133044024792265,6.316966747291807e-05,84.7281582943237,-2.0691586910110145,0.00021023999428469037,20.349047309346936,3.7517370764649556,-10.72100369979735,26.057003305350303,1.811909610291441,-17.99189220900221,7.002308171917744,-15.655429806841175,11.871338922361947,9.400025559116647,-8.957458409868034,19.18200893337341,20.231645262415434,0.004036379865647355,94.87119693566517,26.924302363860384,-0.006450064242874284,92.31733296136697,-5.2064790323845695,0.8763487307253477,-0.009415163718900894,-1.0568486666906731,8.63500558868653,-0.0003891521407509156,21.238284321604965,1.9537576393507399,-0.2757391238577737,-39.80386658065023,-0.584103693384156,1.6200169744216244,0.6282304311242343,-1.037238823225608,-1.8238066053062678
483,8.05,60.92840893836497,-11.273760069563725,-4.198567056748959,59.36493597811243,0.2704850747662456,-3.995936687985966,85.88260469776347,1.363217634515814,-0.00020028105656736542,84.94894881732021,-2.234109304386324,-5.372841955743078e-05,20.312199231405042,3.5627062568586014,-10.256509578425884,25.83049111964445,1.594748901076495,-18.03810495440535,7.185569443609422,-15.75580307757212,12.657898306868578,9.099410533050229,-8.721536199542337,18.92730878844427,19.164235026235563,0.019918207005287195,90.78845193456841,26.27776198095542,-0.003484696107301667,90.78359429635692,-4.670947072936385,-0.10497068682119332,0.006939718918268271,-2.0493050297411846,6.970836703632811,-0.008506578351601875,20.499462114114237,2.1769956276069395,-0.5596771505047476,-39.37086914286309,-0.9057258036068959,1.8027445573863337,0.8583593554582938,-1.3282411339461828,-1.7138008670053302
484,8.066666666666666,60.70413860829542,-11.273163169088184,-4.404339669774516,59.304302577336045,0.18786924976197167,-4.205024687218355,86.03876464048287,1.2259292268124755,0.0001301753179232557,85.15214695934415,-2.469284670900052,-2.0869015127837405e-05,19.99855563015371,3.6238264242421714,-10.17731787029287,25.230864216173,1.756280963373986,-18.063300204464916,7.3253419727247016,-15.653984543135419,15.173831382558316,8.441226737789139,-8.7780785673736,18.738563101343498,18.438832391794286,0.018662977334748646,91.322108523441,26.25059025961887,-0.010307367899535484,92.1502250886609,-6.141180728545961,-0.14712986121380298,0.002696342713825909,-1.3849060952021301,7.2482968023742025,0.027392138922494695,19.788847116428094,2.238102610560423,-0.7831402900014757,-38.98408236015162,-1.0663250084461868,1.7044790461780184,0.8755483267915459,-1.6967267150387562,-1.6385203766283358
485,8.083333333333334,60.460599725798346,-10.987560595974548,-4.826372397318896,58.8356660701148,-0.09888015156381726,-4.20501389535159,86.29232179853123,0.49455401140901817,0.00043641271897240983,85.1812588603509,-2.0905875841038575,-0.00025355461846694077,19.6941106787336,4.018036963928391,-10.480950109615737,25.150184629793348,1.4844913129090196,-17.963673525071798,6.676619264402345,-15.517705224600858,14.81103758336966,7.952256586675251,-9.083066263233487,19.1596023283912,19.634912942348127,-0.010966863040143706,92.28443875978357,27.411618651324076,0.0015977966472117743,93.20697296075666,-5.6532320510354985,-0.11525476587408624,0.0022315324232941255,0.1558539798772514,11.058877892469978,0.02622438703553189,19.453475394100238,1.9751764084026358,-0.7387153562135544,-38.90235881002782,-0.6220403162666096,1.6834513995004419,0.594659467374992,-2.2109574878852642,-1.7755521062543709
486,8.1,60.01523633677924,-10.898339461232458,-5.0594469215970035,58.23389873221646,-0.3179275564535519,-3.5998027422934853,86.47537918951657,0.28091600632898983,-0.0002836395848774879,85.29324553143307,-1.3790364709461267,-0.0004686689738769853,19.623333238552625,4.184555628203635,-10.526601261104675,25.792483795398223,1.5834486871817248,-17.96685133601473,6.771280429862878,-15.398516569781963,14.56795653430725,7.762795897904714,-9.206193172279105,19.382448297254182,19.55654999017334,0.020205989186469365,93.17779157736767,27.902756424667587,0.002786864692081774,91.8800712591987,-5.332085289707536,0.48720293800243114,-0.012771161415817878,0.6175748596594691,12.193314796879484,-0.014977306802230805,19.37573278967905,1.9751873537422773,-0.7367065868523851,-39.0729458276493,-0.17176751354298633,1.8618856655044904,0.529719129518956,-2.813416466006029,-1.7352682735480534
487,8.116666666666667,59.7102145085729,-10.894283156749019,-4.726944377331495,57.98503981670102,-0.551955799264981,-3.780137886566575,86.7207739248477,0.8408955105454752,-0.0003545655709600352,85.62548567457975,-1.7004328098633912,0.0012169021446722776,19.63086434026259,3.9424419184225727,-10.190412422147302,26.03391670695727,2.2072560382444064,-17.77007771039985,7.164533527961573,-15.320989255446154,16.03796193974456,7.216102546280348,-9.148878143309046,18.917622505804044,18.214290330490602,0.01825203744162498,95.36833395357917,27.588821101878086,-0.0003866903209841402,92.50683863805526,-7.902252187946236,0.48615402987298184,0.0034669882874868636,0.5458551663697441,10.350931397989521,0.00047724386999389997,19.007932432138503,2.1687830346785693,-0.6478957284026894,-38.677777495765866,-0.3429467437052965,1.4355407509148808,0.6137193753804165,-3.285146550052624,-1.5159717283391803
488,8.133333333333333,59.548804644249955,-11.024905786033424,-4.393080691469073,57.82790979954597,-0.5853359495506977,-4.359546635473618,87.06048922208447,1.1344374462124647,0.00036043420799419427,85.88806963404367,-2.1134427789649193,-0.00043015037725053357,19.81025235047374,3.6179602555697854,-9.897717979356523,25.62288691561206,2.1328330918156047,-17.494069271730005,6.641228576914125,-15.588103180899088,16.586372693854152,6.942277088996543,-8.972747838394378,19.304447554091038,18.552595955288577,0.004344855013580329,94.09883183532419,27.38569295647797,-0.0003271086822840354,94.61555922759972,-9.899015911477726,-0.149016559750773,0.007451206060454983,0.4932433350139626,9.86552552582589,0.007387972221312493,18.619464763070187,2.238513321047847,-0.4101061918033366,-38.14211005202309,-0.6018775102862902,0.7370604883117293,0.6524249592081972,-3.69698476557761,-1.608465405642128
489,8.15,58.96262396484102,-11.352793413506557,-4.250239801074928,57.16833820960249,-0.3278791568500616,-3.924779737264453,87.26399610546434,1.1762542062081585,-1.8093991581396515e-05,85.91867765863931,-1.4404953032432917,-4.701466961647332e-06,20.075699581723974,3.3995354529398645,-9.90756632906422,25.42993918287322,1.3706222175812193,-17.55884291990698,6.316411823418636,-15.776006220671077,16.92132944466953,6.887487480772543,-9.250330160294604,21.273101077309875,19.117508663243097,-0.006118004275040091,92.15007152201194,27.374763407924135,-0.002371751116993353,94.32389501946203,-9.94576563629472,0.2271894327819078,-0.0021573815195272466,0.5855866958531046,10.044772314654209,0.0005910170372870552,18.714327485564116,2.1026893282635406,-0.2998818014980852,-38.08149730930223,-0.5317049369411564,0.4660020114459053,0.6810127515345386,-4.476248981115435,-1.880767959351405
490,8.166666666666666,58.35139328211174,-11.3026392112702,-4.037641305828937,56.51463253956091,-0.5262175400009308,-3.5530462041867867,87.28715920870772,1.4364803504896957,-9.120309162566666e-05,86.01538719213298,-0.93686900736697,8.480835144012107e-05,19.99215291133067,3.091356389877117,-9.87193543830167,25.647089728846176,1.068051361478004,-17.48772673424198,6.166516265362393,-15.486449049307575,16.73553914876197,6.4791407188819665,-9.685822236375035,22.210615846312045,19.234619443301362,-0.0011055501338440962,92.98732440066858,27.345870640955667,-0.005610967554460336,92.88040956373177,-8.860334792474042,0.99510532018075,-0.0009145918830247549,0.7920607179991874,9.815141514590628,0.003718691006757338,18.72247731597734,1.9787319013087652,-0.17842876515065215,-38.025174666914985,-0.44002652267287773,0.41271449248959907,0.5063366969096622,-5.214000692446902,-1.8664346168764794
491,8.183333333333334,58.105446956976685,-11.089083354954518,-4.028403384646445,56.40137125572286,-0.9280544731640673,-3.6530749549891572,87.40186595403443,1.5247816043734468,7.774949486639601e-05,86.39625229750588,-1.0898637945752554,0.00017327721241677487,19.737541373719626,3.1791589962801385,-9.613445799508819,25.623565724113103,1.5825130888091055,-17.042761810388612,5.42213739350686,-15.413219552192524,15.840546979727455,6.23739926962121,-9.316116489881656,20.66087333027088,19.977054046699763,0.00199314939229983,94.10614813899878,27.010908657381876,0.01290129535214172,93.63702374098867,-7.335693036679537,1.5660234138966527,-0.00015308123297817265,0.6534201941869321,10.037883254693908,0.003975065928374263,18.348268633127486,2.1123443505022044,-0.11370326221398248,-37.914637697914415,-0.383048509359375,0.3913700936150424,0.4324137461769688,-5.564202507979973,-1.7260044195813964
492,8.2,57.96313507247513,-11.221506925708445,-4.3024369837616,56.46551618056233,-0.7958449695220388,-3.2158756608030514,87.64667801183205,1.3386885919232316,2.5766915016778076e-05,86.80398868186082,-0.9986769062590911,-0.00020562789119617816,19.652931763326727,3.494081003648583,-9.665023362501444,25.289389910400217,2.320775890643813,-16.762230872137156,5.057525618743283,-15.49241244910764,16.27005179113476,6.304848039903253,-9.156182589449523,20.400948593612448,20.13145508800104,-0.008582561621509086,92.58556342107198,26.119847847074467,-0.00014276133169123658,93.46687529474035,-7.466928419441362,1.895736722087264,-0.0037024124082218088,0.277830226596799,10.442952462095187,-0.0022720135198088525,17.91867072111332,2.059945967612961,-0.17667985587384244,-37.67579065454035,-0.31044252712009374,-0.026634980871801,0.6265265783475906,-5.868153408825271,-1.7506617862539349
493,8.216666666666667,57.645064680552395,-11.086456451594941,-4.534057838614668,56.2140283256964,-0.865008323994483,-2.660707940022083,87.73475328024851,1.2302522637174382,-0.000147520740611349,87.03257179039589,-0.6653061906502444,2.034029899811339e-05,19.705711661841097,3.428965508298916,-10.043987047461846,25.34242478098602,2.6776711150491113,-16.821012833389116,5.439427358798889,-15.12997361750844,16.249350540495083,6.241173661738344,-9.587990868549147,22.334879917457442,19.48476071526618,-0.004226975322390859,90.61306795445792,25.111695313393156,-0.005955995864478631,90.13569600360911,-8.261714544134112,1.0337077595827162,-0.002171187141115522,-0.3578107664780118,10.052800257677294,0.006833682732531982,17.873183770613736,1.93787055087251,0.06152321379317299,-37.426793430822684,-0.2590959240020678,-0.6627267300684432,0.541177504190646,-6.342581638334807,-1.6857864043850617
494,8.233333333333333,57.03276491362796,-10.722372648663566,-4.650586971227671,55.57278860586126,-1.3631656013233147,-2.9828891430398943,87.73985997538543,1.1631324648642076,4.4349975898822275e-05,87.15664313639702,-0.897314475725739,3.126659209136385e-05,19.807273260965463,3.631388334742854,-10.10076963701181,25.701021533746168,2.4760969258031023,-16.77305945857085,5.6658816215149255,-14.76427059106348,14.943897232274338,6.162844163151823,-9.512844025012587,22.75114991778056,19.371674305049698,9.949578978430273e-05,92.95195484920534,24.74077106804846,0.011080456559154229,88.84185524098409,-8.070841880161566,0.2724588947179269,-0.001775849663124083,-1.3429436223734816,10.264765900881512,0.00400549334241562,18.405577286384883,2.094533086826288,0.37767121284603883,-38.059464811946555,-0.18787817495438153,-0.9277833810910266,0.2925133885006903,-7.019759614242597,-1.5226798226274794
495,8.25,56.622172885366595,-10.922731979732687,-4.644160090376027,55.16307824134269,-1.3889266992784624,-3.6242502343155083,87.91861425350314,1.0607682304144508,0.00012502314221011276,87.20550796137078,-1.2757586664882277,-7.292549966914457e-05,19.84468287582608,3.8387561022510495,-9.815326147917133,25.405129698643158,1.8840526695447637,-16.44231690925026,5.537478410162226,-14.791340886404727,14.764083259637976,6.069330926106032,-9.421476952232242,22.58562992769839,19.711746492421547,0.004157304423814023,95.29351279125473,24.455433268700105,-0.0038232618364819225,88.73288432896877,-7.065637078543635,0.757094415297952,0.0033294949282021685,-1.7607861371153093,10.75215428775534,-0.010343403536195799,18.69554869910486,1.9520403015005854,0.2145749568768531,-39.055185205903754,-0.1316824126904952,-1.2421983666626966,0.30531642515363333,-7.588856903419692,-1.6858964695052532
496,8.266666666666667,56.55462737857358,-11.313717893316285,-4.354683370885654,55.20968865466761,-1.1534262779934197,-3.439833157770382,88.12185759375002,1.313236473871724,-0.00011958318718683616,87.23627290464344,-0.8443319773902288,1.7466606846733422e-05,19.87160557365361,3.484311515171118,-9.601181570307023,24.470280726115522,1.479378332697819,-16.288594476509545,5.517360371650918,-15.000333338760473,15.297962559869415,5.698219238020292,-9.561762056812913,23.242386954627207,19.536587802261526,-0.007730508759878635,93.71817580667079,23.36506261681947,-0.00582081547538925,87.36449901201269,-6.457520706594664,0.798648090442188,0.006004532635831177,-1.837035958764616,8.398132207813491,-0.0005196585174841095,18.386974958464684,1.7431797980073336,-0.055386264833359934,-39.11792284204106,-0.10847447892161612,-1.1841653910442358,0.3957422198089715,-7.87394100606788,-1.8968703139547236
497,8.283333333333333,56.47505451994523,-11.208714157877957,-4.308752664097144,55.39617405616917,-1.2561366836886239,-2.463441914847585,88.0959371741067,1.701485089741847,-7.666058915456984e-05,87.37082328673834,-0.14459648094948105,-2.4732667302541715e-05,19.844349439994925,3.4644728259432833,-9.60043778416927,24.06918057000708,1.4825241947657468,-16.468266106265677,5.832462277517884,-15.096825629464359,15.581174280577017,5.324124637179809,-9.03562136902883,22.436773332117088,18.655436848016357,0.0060166149920626655,94.35617398006934,22.39201448135853,0.006523404024376713,88.8755148192327,-7.319583168920331,0.7747773270595918,0.0032629931005706183,-2.7323193744200314,6.060366928094115,0.012721899229929601,18.027917915574797,2.252780713373963,0.00408613370852026,-38.63404515478269,-0.020344561842615804,-0.6613801405009289,0.48794894747681544,-7.946513367742111,-1.5388123574350856
498,8.3,56.348432483017255,-10.98007403747419,-5.099835006200205,55.45552880659659,-1.4226296487005785,-1.9607735356937885,87.9671055357777,1.2683321889853072,1.0357086511404181e-05,87.49340435778939,-0.039800355605957315,2.8605506566693413e-05,19.687033705296123,4.008448428430512,-9.73994435459423,24.38535401279872,1.3037833002106147,-16.58075595901843,6.028471692542763,-15.142396328489985,15.82388550903117,5.0109069257891194,-8.414818512571186,20.99041108457466,18.07720444265159,-0.0013296789462275036,97.35787029307562,21.632548501680215,-0.01639645465882607,90.95917770771618,-7.344156334877979,1.5865973105773683,2.9536742314493385e-05,-2.7872880872441237,4.057668069421018,-0.025918820665861677,17.759304523537544,2.887871441793373,0.1369536516222066,-38.443046460346245,-0.03862958430979821,-0.6001759060527411,0.5895888326809822,-7.975288973201267,-1.1131348588299053
499,8.316666666666666,55.940826311413865,-11.077298554567914,-5.840916696993173,54.932836011335354,-1.4053715319180569,-2.5022908163638444,87.95996457653129,0.5062387298468736,0.0005192467931088037,87.40900038427067,-0.3820754544826519,-0.00026166818883549987,19.713384853492858,3.9803022827077683,-9.850251875192827,24.699755798439995,1.2057384802790678,-16.561664566046254,5.643359240069753,-15.156144098701205,15.53707936346194,4.573763681653735,-8.45307069438063,21.337692929649954,18.37131879145351,0.0016250419609185032,96.3936992344688,20.87094712139292,-0.011512282655880208,89.20283931084731,-6.764894416164164,1.4525737311067968,-0.00015745234637633642,-1.8649679312556768,2.016761713645919,-0.0227431510012323,17.76555847246854,2.9031270737356474,0.12989626150419026,-38.56158875618825,-0.27828165862398846,-0.38707566893837647,0.5566143464179614,-8.402856620314095,-1.277167956225602
500,8.333333333333334,55.48094831497084,-11.082737384239216,-5.708923328611002,54.23924128899204,-1.4643231731471886,-2.894804758251566,88.00496401455675,0.45165604433854134,-0.00011309681873861108,87.24224763296252,-0.5183925535925099,0.0001343365047799682,19.793066284852927,3.485686692197781,-9.874803173050605,24.91021004963539,1.6378613699523015,-16.50759624820585,5.199378365388031,-14.809699292615038,14.907732027517389,4.419110708441643,-8.638744705355434,22.184086811509378,18.650473857532848,0.001426911351459116,95.2235716577552,21.28828826382206,0.002585319218882039,87.59375803704758,-7.79383442457592,0.8789556726044925,0.0024337362469653797,-1.7021790630817801,6.32636159302395,0.005375707083314006,17.971080499108602,2.5899799539407224,0.050670230175113705,-38.647267084905664,-0.12064365143355432,-0.08816452777653586,0.41004383857314497,-8.957609931315291,-1.5494017463943093
501,8.35,55.43669557794056,-10.78317668479802,-5.091890766156168,54.03013548176176,-1.7310694566921672,-2.96179845579674,87.99095842116729,0.7806060084879148,0.00010660231567192714,87.18890080154509,-0.45729865538514836,4.108879685965515e-05,19.613085155127457,3.7619288556697126,-9.96200552809335,24.827755931471305,1.8002379502706303,-16.21166759896473,5.31638062840124,-14.550757969543637,15.222745648359522,4.058254014039856,-8.673645033867786,21.44477680834906,18.085528851053517,-0.00037333395540356485,96.92805720610136,21.297665908043676,0.0011502198081265855,88.45722679400994,-8.072826144711447,0.9133541705769255,-0.0026021370713600694,-0.9215607980879442,8.868119759291911,-0.029499325849764873,17.845783324075622,2.327492742318526,0.009878773414051075,-38.500149858833566,0.21220757772179058,-0.7117602246548577,0.18818019527897537,-9.149556440548047,-1.6279504542643854
502,8.366666666666667,55.39672833194255,-10.709725351387686,-4.909229399945535,54.07422144413011,-1.825673116702811,-3.367393901851035,87.88628727909739,0.8608673245833565,0.00020033532090134117,87.2017328769848,-0.6967808454606409,-4.453903595050297e-05,19.609173279780727,3.9816323773230407,-10.105767416196814,24.423340478937174,1.629766794821535,-15.87458725473284,5.487702200739744,-14.772678826944968,16.189280020057534,2.7516280390936103,-8.587030383155518,20.457945904026342,17.488302963175496,-0.009093218517058597,97.05334349635432,20.243686426825498,0.0013782658596559424,89.63999044375929,-6.794695992485376,0.6081027764721493,-0.004739315833672772,-1.393430566913988,2.920309325965861,-0.002168682765036508,17.43955580619568,2.2536551312388076,-0.11089202945788325,-38.226221738528395,-0.08077811086573199,-1.561535344501118,0.14940250110178444,-9.167030516447657,-1.7177965942696805
503,8.383333333333333,55.16345213170723,-10.857453937048753,-5.669056689691294,54.13978967540481,-1.7343275754129173,-3.407337687499676,87.7241957317822,0.411462848138815,-0.00026032352378062913,87.17301813004119,-0.8598855221934171,-5.745570011319659e-05,19.796244414096353,3.659574436929141,-10.108445186744696,24.31353787735688,1.5076192734279172,-15.789722827663784,5.008976126957918,-14.967107465183101,15.97019541194336,1.5630722721921941,-8.423899896093134,21.225889457999397,18.01709641885316,0.00022892172372714588,96.12175790890461,20.82650794869006,0.0006008009458222281,89.34399838388906,-6.0527531203620955,0.812040174895942,0.002223070698762432,-4.524956542979338,2.0307190141185143,-0.058481800841187634,17.1099499667417,2.411599094894052,-0.2349090028375868,-37.8142474007338,-0.452569937587817,-2.004138062933636,0.4086549160629595,-9.162321195911769,-1.6517930131694571
504,8.4,55.08786639683015,-10.690665547874708,-6.258292747512913,54.11894736948061,-1.8931578806387603,-2.9839341064470375,87.62152042261856,-0.09117708303718838,-6.834892955942261e-06,87.08979266940193,-0.5569335281187904,3.3422739974664266e-05,19.55778843742255,4.26994260599139,-10.13347564301247,24.354285120493245,1.083452618898227,-15.734441627717887,4.591565102840427,-15.072101054701092,15.52811898829314,1.3643393216275206,-8.438317514932892,22.340102054720354,18.656294966593602,-0.0022843675135623335,94.97576921075428,21.725674007795956,-0.013673398460545707,88.54816315204336,-5.38381341457365,1.8048099931353976,0.003859073135645282,-4.624477526803159,5.967191279427794,0.03441039696791444,17.041631878847426,2.600141429527232,-0.04564450047140702,-37.53690541954439,-0.48033140238101224,-2.268982552401075,0.44597314090395,-9.202879733751507,-1.4854746275850277
505,8.416666666666666,54.96464507728313,-10.42035816092742,-5.8952818652161305,53.84971217774373,-2.0775896422773132,-2.8706481756682067,87.56172997693231,0.06949769825824105,0.00017174313542001458,87.05551741772032,-0.41893349818247183,0.00019022319099808933,19.328175789329137,4.882432992032714,-10.24603993442304,24.150219360770976,0.9489305486928159,-15.674967523253589,4.8382482874824735,-15.166260558794901,16.190362945558817,1.5456667001020912,-8.627918033918474,22.576091111968104,18.36720525528743,-0.0032766412685385827,93.64363449690774,20.61445758929437,0.02092659472771772,90.68255266364616,-4.028171000040595,1.8584327375321024,-0.008016989530921045,-1.0509070322655791,3.3004718089441765,-0.03015414649687229,17.364407140472718,2.6423334188212695,0.04033495820263946,-37.7083593528248,-0.4922379667956346,-2.29073456119401,0.23480992687252789,-9.479789386764878,-1.4837954011774488
506,8.433333333333334,54.51285496047798,-10.448196908491084,-5.431413938544103,53.382496120768366,-1.986299540838057,-3.1206389480181635,87.52126857213854,0.5479344501728625,-7.621240019752061e-06,87.0481153412453,-0.7725970979701599,3.929896912007013e-05,19.631899668252895,4.054535949608373,-10.215831748073148,23.98533533289105,1.5940331236193397,-15.738286277307116,4.763947890844206,-15.032240242345006,16.024517583118303,1.6522996930054452,-8.597678513072124,22.901870984386765,18.17127003285163,0.0034501090364020717,92.58123098849603,19.436097468528985,0.014383459744105154,90.91653129621233,-4.091444976917833,0.7352911981505014,0.003575041385337345,1.5154356218280358,-2.473453914009651,0.019114662733694294,17.82928706371199,2.546962224728177,-0.16783553297447007,-37.78815471077754,-0.621201831223542,-2.325549731168753,0.19910457971372308,-9.96423603664079,-1.5535261974211718
507,8.45,54.50163139338232,-10.590346498012508,-5.530256930766189,53.359026695314675,-1.8990279391947869,-3.279731033320017,87.5893906308948,0.5581918180853932,3.456402155976295e-05,86.9651057050396,-0.8981442786242586,-9.236967094831294e-05,19.561767850862843,3.4326503855474853,-10.329397311227495,23.882826658258406,1.915637467939077,-15.861354257860548,4.030304855274961,-14.866887735183266,14.800813804790895,1.644312549715491,-8.082440758860816,22.50543837336176,18.447998335108128,0.0011309612296937451,91.15306868804392,19.27431241529036,0.009495252384838133,85.86959508007021,-5.743365282760021,-0.001678982072317867,0.0013176418153430724,2.665527802832827,-4.678209956918646,0.005847194635277592,17.665758730211437,2.4356883546690837,-0.188307989383979,-37.66803257289141,-0.912360705755657,-2.5261386567631567,0.3460022424309781,-10.032165245768137,-1.5981472269343626
508,8.466666666666667,54.859362792469696,-10.777925480601727,-6.196798138317979,53.660686306694394,-1.7616528904486073,-2.9141104768013273,87.67469021556009,-0.05503322388895092,-0.00011902514483536613,86.85686803974014,-0.4316001303842969,0.00016289155893927713,19.087846460932212,3.9813264188188837,-10.562883457006652,23.86202325801187,1.509419496169317,-16.023811759477415,3.5944728492853564,-14.749528735638446,14.435943457283718,1.5736232298357469,-7.695582124509152,22.058739935911618,18.363521404953428,0.0053922568619244006,92.08223246100813,19.07131536397171,0.005515877147861107,83.99964730676037,-5.603798146763523,0.052824635796054266,-0.003500953932801465,2.6236167214467105,-3.968014769199038,-0.015585927013162396,17.18700658303651,2.3659547244832706,-0.25296528019697956,-37.77001175803175,-1.082719337182825,-2.613890121050804,0.5877536922262986,-9.778028408182163,-1.66279266239646
509,8.483333333333333,54.418858658285494,-10.961737597836654,-6.437448753562162,53.07696662577843,-1.5381014775517907,-2.5656504539492655,87.62759123491244,-0.2872095881053125,0.00022147492873500772,86.67755345501283,-0.21822662036021342,-0.00042338603137648105,19.246442795500833,4.165047447573281,-10.433746484785765,24.381779243802445,1.876076457408078,-16.197782150830815,3.654438272138417,-14.539449303372178,15.041473850179727,1.6676515615035412,-7.916235752957393,23.73607667645479,17.773785681944148,-0.00854140809690122,92.73983180135342,18.12833193820756,-0.01184868814364426,85.19687392088768,-5.102349157973633,-0.5998232430000016,0.009259999618365962,2.0156982343103187,-4.186535506029146,0.006288071252074675,17.450310195629292,2.178092629827984,-0.4465928033862333,-37.77874393565126,-0.697881381095067,-2.7839011273936425,0.6681378411927458,-10.182403828105375,-1.766415457523911
510,8.5,53.87558997175452,-10.992876928776498,-5.731484771285915,52.24014788556895,-1.558632532170234,-2.9532043392697505,87.6046232057988,0.37239303531729806,3.3766848110456276e-05,86.51940137725909,-0.695416301176861,-0.0001977097631266291,19.58785797099068,3.4867513787198563,-10.167700825915583,24.89624880738479,3.175953129731425,-16.30172883235733,3.652211065404237,-14.54388592644991,15.570428382121605,1.8320621626962499,-8.04510846047767,25.017676046423265,17.241668288106666,-0.006830830463751953,89.65128168275955,17.07750612682827,-0.012564117774945356,83.60415893945573,-6.281052894379408,-1.2259246857709107,0.009425968649519693,2.24332683547774,-5.360337488001328,0.028318840916985707,17.89645153557574,1.9879761533029547,-0.23664699082821036,-37.60660039926096,-0.08424349389540196,-2.9633576044955627,0.4384178225330907,-10.737148467718582,-1.8671805061532725
511,8.516666666666667,53.96628094587137,-10.927471814153241,-5.488173749270325,52.164633298833515,-1.6810781145194695,-3.4244081534485513,87.68987986133232,0.5717178087739989,-0.00017442508505897885,86.52665767082539,-1.0367538159694176,0.0002978726523731526,19.443872814823635,3.1706419020811922,-10.061097506544277,24.666357602571352,3.092819228330965,-16.284380212972216,3.5359887651661794,-14.777564562197195,15.066106400758958,1.8062754652690756,-7.917398041460484,25.554930782382645,16.933835588668938,0.004441452518343871,87.84903342410536,17.4526381997905,0.006191884944127038,81.80871158860258,-5.965476466556017,-0.5563099057623075,0.004630684914232596,0.9764072391048347,-3.2994911622503063,-0.058000700074410126,17.971836590095936,2.0312469654637897,0.19493363383911663,-37.45296945633717,0.06310585002379424,-2.925605611688891,0.2281245008013048,-10.779021620516282,-1.892793216504347
512,8.533333333333333,53.905379294538676,-10.74219769109506,-5.744528624270204,52.18959784139828,-1.7725790252914895,-3.1936319630753944,87.64192893171155,0.36326983840098515,0.0001789060883869926,86.57358446477748,-0.7465735319503308,-5.871855096485737e-05,19.120491976544344,3.4722319793075496,-10.084148365845927,24.64904832252673,1.4856758985824396,-16.16454122688157,3.335793858385838,-14.619731824718018,13.447588468284202,1.7106592915665406,-7.965587892210821,27.530411085540774,16.717675001138016,-0.0026463597938028048,90.15427201464738,18.29359558642093,0.003609296374436774,83.53824845093779,-5.412259125224112,-0.19674458644375153,-0.00454342528101957,-1.8782368990388243,-0.305950891592932,-0.04700265512673613,18.055957469212615,2.2251471250344212,0.28821195626266916,-37.1788140823169,-0.07616856192256001,-2.9044304046063303,0.18628661828085674,-10.843699224163785,-1.7438104763031794
513,8.55,53.90080936713285,-10.528720222769202,-5.262745529117413,52.354326151038165,-2.0022560802066094,-2.77256490291662,87.49598261254987,1.0449998666458165,0.00041254629458533184,86.64452115627802,-0.46538402317086336,1.6125695450692194e-05,18.908879870872543,3.770141277545804,-10.220975586820574,25.04263940134165,0.9035753832386552,-15.971111554254001,3.0605259078208027,-14.414342226958746,12.993504223419546,1.6103735525111198,-7.764189706542004,27.998648801642005,16.621642964581252,0.0015371404636467024,93.58393371977984,18.117821940022072,0.010950587539848712,88.19591569244672,-6.205187808579105,0.2238161216648412,0.0011882798303685558,-2.6154663801152864,0.09998060980299472,0.01641115405279877,17.832696764671947,2.501238518256113,0.09577062289497427,-36.96092249130308,-0.08805235530374719,-2.827908970433281,0.2524929541874274,-10.743299494427808,-1.4796169369958252
514,8.566666666666666,54.08593844476144,-10.501991532043625,-4.925652864428457,52.6303106602873,-2.2090431607079544,-3.1336260992400984,87.43303725831521,1.5423648467503481,-0.00039180715749696744,86.63991394790004,-0.9538456163019756,-0.00027194163556255695,18.946194264785543,3.9092004128820426,-10.328177709880883,24.825363998159947,1.8866206256382,-15.838255407839911,3.060759586159619,-14.715743684913088,14.876271817776427,1.4650332275003086,-7.42884619563985,26.059376021024924,16.284860512363508,-0.005664935323301655,93.02794345181952,17.553142361479487,-0.01456051574570912,90.09421089681494,-6.375374849037664,1.029180491658897,0.006271934445978996,-0.7836383754470636,-0.9959470197551307,-0.017737130673479585,17.471184606589723,2.6213342542034765,0.03260056031896924,-36.87011557451227,-0.22097597881898493,-2.93775067141824,0.38698875332053495,-10.473268453034004,-1.3962749988359722
515,8.583333333333334,53.99175432021701,-10.61269544851258,-5.398055963755622,52.508950723504995,-2.2053225691386618,-3.8744328371355987,87.41138136437446,1.052228190346889,-6.351454226233272e-05,86.51760665330963,-1.5939095074677936,0.00021634704466727217,19.14469016477751,3.570799339919134,-10.329738114394575,24.392546250935673,2.5907973238741153,-15.839322035557025,3.200629020353158,-14.793871468092904,15.890190277333069,1.2602915789245157,-7.614997331944987,24.656068478822984,15.590201445330278,-0.0001217079817727532,90.141268658296,16.95013114872818,-0.0019322604939479911,88.41784112265032,-7.604296429724864,0.33563289205326025,-0.010548750418300985,1.3385371072007717,-3.978668940537684,-0.042818418011145665,17.472682024410236,2.374071126725024,0.09163363414135985,-36.709671262701846,-0.5924544247913313,-3.387582707368658,0.45984202268356367,-10.537735458205459,-1.5417457471026388
516,8.6,54.055743702700646,-10.508045926105998,-5.467972718213679,52.54017977621882,-2.2223105258387275,-3.693383107762674,87.45474265218883,0.8304984845026058,7.329388845198592e-05,86.58960614026542,-1.2082395494628404,-0.0004455064177481619,19.251462534707407,3.0730716151831974,-10.388610860424276,24.2566816701778,2.233642619137983,-15.952240770594425,3.108995849452377,-14.529330611340914,14.263434464331288,0.97237581502128,-7.776494265235122,23.63204346470571,15.094344803925287,0.008511267937447452,92.36534165021592,16.440223055700397,0.0047039622376047925,89.81053948775703,-7.185339673656857,0.49002371638982534,0.024271287912364607,2.2924430157912763,-6.683464893377441,0.00978396630959415,17.43244356666208,2.250650377714074,0.19008271659403514,-36.5957939388647,-0.8379024786471935,-3.333429971869502,0.32196991098450095,-10.568093750084595,-1.6057029127991267
517,8.616666666666667,54.125725896276855,-10.169664352902807,-5.281536232911362,52.70693614376419,-2.400657101106264,-2.7483059094509037,87.43137273857097,0.9523487462274403,-0.00030870463092632294,86.81475591839178,-0.349685577038461,-0.00019396594604649124,19.163896466510845,3.3249675938902494,-10.424302822001788,24.120407036507476,1.9304060302199226,-16.118003971145033,3.0443030804572686,-14.516917989802419,12.72137376754209,0.7363033864559221,-7.718391032946961,22.880660000895766,14.957384088859772,-0.006882935930896354,96.53815977803444,16.280493858572054,-0.016678977091530135,90.73176827959435,-2.425076572025263,2.7992483745085273,0.029399801485644188,2.985221637855823,-6.953126380203132,0.04405830658277917,17.387048390578972,2.529410715312743,0.35677957670057353,-36.54247113164105,-0.7222333535606296,-2.7683434612646716,0.09575218239379268,-10.525333494968148,-1.432441903131523
518,8.633333333333333,53.95207190406899,-10.090391559914174,-5.66125972527221,52.695593494352856,-2.469228714763458,-2.18629050481971,87.28430471097734,0.7336089900498902,-0.00028293851801363,86.89470581941026,-0.006342551882533848,0.00035346047236368706,19.088287773125206,3.54702173426523,-10.194754296689716,23.919259083612264,2.0283702587742987,-16.204344951699305,3.016618037490021,-14.542939831128038,12.83481701199632,0.8293757621266288,-7.913884582640755,24.797745076824597,15.067660089852751,0.0038289297446008575,94.03619847089016,16.859191362561823,0.02353432495053224,85.22873344351659,-1.3067474536277346,3.0276639301679604,-0.007248364967727367,2.058532443642317,-4.210146139290888,-0.06554410390047075,17.523610482465116,2.634672643275176,0.4056298835534343,-36.42010767668378,-0.5704845288236852,-2.5911265871563067,0.04273765850155827,-10.58962137309291,-1.3071147873084157
519,8.65,53.90234462098578,-10.27951250789554,-5.768896877997816,52.69868452387555,-2.3077008626875437,-2.337180901939955,87.30306556762777,0.6579879707446786,9.113813216768574e-05,86.84080361423496,-0.09953211603753849,-9.392169590419625e-06,19.23060460383406,3.1649741703021825,-9.972409683032616,23.670040135319887,1.764323351509127,-16.021318617452916,2.8134259698572563,-14.450949016315727,12.740832818323993,1.2196743504475072,-7.829036964894455,27.312540155681134,15.342235086047097,0.0021699548890788093,88.64902390354203,17.84222897079663,0.003125860970875538,82.81529636058339,-4.969210191879197,1.0518834744675152,0.007489844856316117,-1.745900100387269,0.9965703992154005,-0.07398790162849951,17.737180873657344,2.4338515485974015,0.4408616200452637,-36.4724290951282,-0.5878669509368295,-2.8356152279383444,0.11879219738798003,-10.633979010181614,-1.4178013549101152
520,8.666666666666666,53.80837610990339,-10.381045010490704,-5.2615643874132845,52.50593794416264,-2.195976432609692,-2.8436451040686617,87.42690556408286,0.9633191879324475,1.0731905268978413e-05,86.74231637237799,-0.4588021432145177,-0.00013250077196108232,19.294048021622494,3.1443344489286864,-10.031020898111697,23.686499324546794,1.4276709831295131,-15.733605226018698,2.7633262916038266,-14.512945541809925,12.335189219749711,1.4955726883188567,-7.484651481372116,27.717870260342444,15.365499333788476,-0.0016429230818680682,89.2845333019004,17.951900102308308,-0.0016291075898354494,86.3772159522198,-5.175955881821061,1.2858867951855655,0.0005477071902928176,-4.2415974895424124,2.7863309301940262,0.045936997104971206,18.037658761933773,2.365015486416147,0.5214016694330655,-36.645285823318595,-0.515413413631745,-2.943769797733335,0.17343966001350972,-10.782347365338227,-1.5393611324161411
521,8.683333333333334,53.84331989756468,-10.201478697670858,-5.092815608289467,52.379610599018946,-2.3599704100622247,-3.2186655851814883,87.43093989572104,1.0015183906530778,-8.189165895278084e-05,86.68596042211297,-0.8020754518761485,5.1941356903030306e-05,19.13196873232296,3.4487779207812164,-10.301876824588751,24.128341555531932,1.6314972861201076,-15.78923296001051,2.8874822587234155,-14.69994446201971,13.405415885815072,1.6087674609746585,-7.587625756071482,28.939338504239963,15.03444749983356,0.002197425503788398,92.52873545382022,17.954154491923997,0.004195128362858661,86.04291422780238,-2.5814222500451587,3.3189818134572286,-0.012181791172363805,-4.6836248334306045,1.9799400823437168,-0.010837031119784148,18.012499362372697,2.4732606487493425,0.6536510251676342,-36.34320246317158,-0.5963438344772908,-2.8921162032563843,0.11079583503834804,-10.754935838025997,-1.5069835126616153
522,8.7,54.12169523212422,-10.085970489035818,-5.4106897840993495,52.59174478740495,-2.3453228599681024,-3.2289444343670586,87.4628659789351,0.6881552009134791,-3.4001538594179977e-06,86.70566987717484,-0.8908636143416027,0.00017705866792656877,19.097224211736307,3.4155590933962507,-10.439957311812998,24.43552232032663,1.8886162404938844,-15.96685928721531,2.8096148803047645,-14.780590382353347,13.870077090126928,1.8528708027041516,-7.811311200648857,30.30032228911289,14.70059720059917,-0.002243590089291106,91.44074350989119,18.472448922472648,-0.002082437956553821,83.70090081047398,-3.0768425075656314,2.2273130166865127,0.01866835775260586,-4.736664515841989,2.8920788907443082,0.03403724462176097,17.813256207761047,2.5906829025587026,0.7120585810521652,-35.84271372135322,-0.8570682137047457,-2.8811580025541326,0.14947006229073673,-10.490243221449342,-1.4488979514191898
523,8.716666666666667,54.17562129079718,-10.548885276411688,-5.388875993342117,52.64954044989844,-1.8213952944205076,-2.7403634704682296,87.61824170808335,0.7442132774070603,-0.00023357133302965603,86.70991399950103,-0.5511878350692523,5.3349399223511244e-05,19.16085296893252,3.1818294854100455,-10.031657629867711,24.501627162070374,2.185161740396189,-16.018285059852065,2.7466528592420314,-14.621767200275212,12.08465076606784,1.9795234674750242,-7.918925641178643,28.052465593428412,14.696674700281628,-0.0018364678893715207,90.02949927287432,17.90735281672593,0.0017600653416588682,85.80017466620309,-5.582217806723857,-0.2541516492232041,0.003181047848824189,-1.8772157097555984,-0.05986025911199366,-0.05805199834972105,18.036236680288308,2.5584924460847884,0.3192130399720324,-35.87219030811889,-0.6592214489801858,-2.750008460450231,0.4977937716513581,-10.470516229907975,-1.5662711542513812
524,8.733333333333333,53.97752106581685,-10.833955615390096,-4.93083239278753,52.44231555197165,-1.6471929189759869,-1.8623809480891196,87.65483764838862,1.298295356841413,0.0003072573760178963,86.73020166116282,0.19037838223849612,-0.00033069511340698225,19.026921857212958,3.1067308807161695,-9.75183253262328,24.695470077638685,2.8056714060570758,-16.185116273883047,2.925024875817792,-14.349518972829124,11.492347830171965,1.6852074102579588,-8.118079641847782,24.357260649760207,14.83672275961241,0.00866415041229499,93.53160397150418,16.626461590023162,-0.016395362714520443,90.60260130164252,-5.495103122774784,1.14179218494314,0.01043604308662069,2.2902170704288043,-6.563805136834937,0.037921695011464904,18.432509772860325,2.4556292685863736,0.06983730644485803,-36.04183488436165,-0.24905921393040945,-2.4503540659012906,0.6485412042992489,-10.66320077973245,-1.612704601422781
525,8.75,53.8844034744063,-10.293014782314666,-4.848846409258117,52.45626988186853,-2.1983414244784263,-2.0392193171916744,87.49235447477362,1.503259354897812,-0.0002536857715271746,86.78986346465854,-0.03884130494491124,0.00033636523825803053,18.94401674372859,3.1833150054460475,-10.211156109664687,24.671674520548404,2.728168199599491,-16.0435002110352,3.274519731330677,-14.352936388860549,13.531144069489951,1.8313098364034874,-8.05754963103468,24.456151731247584,14.260054444792253,-0.016631336179869602,94.86896491727755,16.682550766690785,0.024107614792356836,90.35037181672298,-3.8940689200055765,2.0330130051209667,0.011556817793647476,1.0658469467592662,-5.595897814540301,-0.060195274466219875,18.558343020082816,2.571831122219537,0.28663967924072403,-35.91182358048231,0.04930143656515573,-1.8277094623285297,0.41456433703796713,-10.658991736851537,-1.333826852147891
526,8.766666666666667,54.42693942149929,-9.883245098946295,-5.305483635893471,53.12602257130693,-2.5138133819890545,-3.3385388030000605,87.4537930662816,0.981345451157448,0.0001259390127706042,86.82899367023786,-1.2912791408330428,0.0003022595932900169,19.125137797120033,3.2394788040357367,-10.627879823920694,24.21630941482633,2.2958106051461056,-15.543222129933037,3.6441792249355207,-14.710401166231076,14.781102314419556,2.581374258303727,-7.686810943637572,27.140477042919333,13.605002270372733,-0.01065963797905118,89.2843191781756,17.994568441614238,0.03095932905854498,84.09761104923277,-4.139397930387487,-0.20875651440477666,0.013944255709447006,-3.4455392365048905,1.1916862099216239,-0.04229423714229027,18.296110215978626,2.7380743326038215,0.20663719661450222,-36.02048507214659,0.3917434030504717,-1.2427948438518526,0.3543902665065222,-10.121139043299072,-1.182480063159119
527,8.783333333333333,55.25538878026801,-10.247478896966063,-5.651130757475742,53.99575489018389,-2.0860952688489176,-3.5791666777180278,87.6510955296644,0.46130823086464884,7.142725602275865e-05,86.86823298139299,-1.5277594196903987,-0.0003006503989133174,19.227988227572034,3.423280494398074,-10.65854255362889,23.89406296692679,2.4810621162106736,-15.479488600817803,3.611572962962667,-14.975498359105597,13.855632527015304,2.796791818828583,-7.7899474002295825,27.264785117616277,14.21459938652522,0.0025022999391127666,86.00979001959617,18.85964009892175,-0.027688094949153547,82.90317166989348,-5.1887856291427275,-0.559757202325614,-0.007026937169750687,-2.8543745621725285,2.460622274123386,0.013515574364355248,18.08961221176649,2.6642032245007026,-0.0343722004980677,-36.53640351766679,0.2814128034038821,-1.4817146488146504,0.6371534906047185,-9.443630104717995,-1.3748685441543675
528,8.8,55.32666571510564,-10.640428552566874,-5.586446077655235,54.08686000187072,-1.6286162409680702,-3.3418349287792064,87.77620335108668,0.36348128379111233,-0.00015665395263924186,86.86442695898745,-1.1559396287941364,-6.944563425849431e-05,19.141471201868814,4.006513715724032,-10.641909188006508,23.781426708103254,1.8706763328478075,-15.786386715772313,3.4521454508500957,-14.981522390392525,12.750244183279097,2.671005462237223,-8.161691127797749,25.87889165798568,15.313434470580766,-0.0005092649046742862,87.73977407989449,18.745026125451698,0.009470941259741909,87.48686617978058,-5.505415067063342,0.8160594470905608,0.002911266073056199,1.0116735692924317,-1.1114324130063817,-0.016756591023681804,18.604443916987265,2.5238838165051085,0.07870536426330291,-36.7726442622795,-0.1592227323277333,-1.7694714385218637,0.7609378000777554,-9.430854536076746,-1.5446028259193851
529,8.816666666666666,55.0692386300987,-10.546109223981748,-5.240694954214043,53.82828349945902,-1.7474773527242304,-3.647062781363278,87.72773729236032,0.543696521177866,0.00026175514787215703,86.85110997954644,-1.1137044014174597,-0.00014772409569785105,19.118745273821244,4.619117598989728,-10.505497462781147,23.635040530825393,0.7434563804431613,-15.885393027514663,3.7696834560053865,-15.136633898787165,12.228664165955367,2.74922044002995,-8.067893240408468,24.24229059647226,15.874748552276674,0.0024873915938864897,87.67055475844519,18.747914277886665,-0.002814159379269045,90.99228213322657,-5.041122153089309,1.8890935784446665,0.004304099416897295,1.7237522621349153,-3.1396932474640904,0.024857174984532042,19.376149020251606,2.5666624020258904,0.1644795738180238,-36.68196796786822,-0.025756067075975126,-1.2581860887986194,0.5485074919780923,-9.652928751256466,-1.5537921910046768
530,8.833333333333334,55.26346263227851,-10.491560555552658,-4.7209411857918075,54.04753289878462,-1.8906275779650614,-3.2581118757372276,87.77821938506753,1.0675261528809796,-0.00034819068407670014,87.01341350657745,-0.6835105418592639,-0.00044058958422711907,19.27094423359529,4.689346031587015,-10.327251819254068,23.693070099606064,0.8803558073511738,-15.813024516263145,4.320564570331952,-15.371665204963127,12.237905382171876,2.542802807004756,-8.072642728592607,21.72294141497901,15.693433540781427,-0.00020364614431525377,85.34606140824252,19.40897232025488,-0.005408288395482554,92.049046106798,-4.359872314703986,2.2898694177515844,-0.004145707182415659,0.5306277143832139,-1.995023571777251,-0.01289465282947911,19.72911041448348,2.7050516796775845,0.038152883729074966,-36.584144662446455,0.4618118939839564,-0.5855533273939076,0.5081796316168974,-9.4794474810643,-1.5157464975190271
531,8.85,55.4798418051509,-10.641907399329554,-4.567559969778832,54.32093291291647,-1.6759253270346357,-3.1894683284605994,87.91806416171431,1.2819308299495815,-7.30256805069736e-05,87.16770845489673,-0.8177280464337175,8.535484781195865e-05,19.414145842446917,4.452782788234995,-10.30020414556889,23.936901103866735,1.1930536266368532,-15.893164040069825,4.587573356126103,-15.226983556380663,12.00490523835857,2.2826529525776724,-8.561403290600731,20.90159187229484,15.428916616622885,0.005762621764456653,86.95805661594588,19.99892669082254,0.002344162156159511,91.33260534557644,-5.292760207684883,1.467278457081137,0.003916034994390164,0.1276988815406536,0.5032892039624931,-0.004245064056203995,19.97500273445075,2.7082695202525624,0.12513955214488542,-36.13844644599012,0.6522079820702599,-0.31678200779124954,0.6790773462857475,-9.283998047841143,-1.5059291301619842
532,8.866666666666667,55.68206557847425,-10.4892468414332,-5.042251199690025,54.53509545179789,-1.58500618456675,-3.805890595097051,87.86287075946343,0.8009628049185334,-7.394767926480864e-05,87.07604963099139,-1.613455507483821,-0.00016227007683701963,19.42189800417349,4.204129839008541,-10.36155337679893,24.174253813637463,1.2128154730939467,-16.188855206999914,4.46580155167337,-14.945852623185223,11.15863628822983,2.8479636552245924,-8.828282244286482,21.03984766305417,16.384547725744184,-0.03211133466981995,94.4595637973677,19.994380038028233,0.00034412750743102434,92.11995112455394,-7.928090985651648,0.7328042775936207,-0.0014509943625864313,-0.6278024948443504,1.3622401707215335,0.00686343689262192,20.22222741206991,2.674032900828923,0.2835063194906461,-35.549415695700354,0.7866230363434424,-0.3241378743014003,0.659783255056262,-8.99391660601242,-1.404351343351696
533,8.883333333333333,55.891752794643054,-10.254370896667943,-5.081637858729687,54.74713876526648,-1.6301704559888586,-3.3179224126954385,87.7546693389752,0.7722638009160534,8.573437669112734e-05,87.00118357775114,-1.3583769432211825,2.2360837552376916e-05,19.554143717818103,4.14210829857275,-10.50471765200257,24.363754853524032,1.6286527764836114,-16.471200799110278,4.459450622247155,-14.982971017239754,11.54079109293968,4.080267846228369,-8.74516765067293,20.32485052543614,17.597185782401574,0.014941523091281744,97.80610705560268,19.619359268242878,-0.002531404373478287,93.21783731274184,-9.135691853049098,0.616572111435295,-0.0024733594110347527,-2.156837082624349,1.0101348321643564,-0.0038862983877731654,20.639566865824136,2.6688907624602134,0.10541591535701181,-35.7641971701863,1.1054444006893014,0.008688972504136567,0.5350653136654178,-8.699830636246933,-1.2895101190098335
534,8.9,55.97300033964653,-10.363470837640257,-4.405928055416203,54.88147271124035,-1.510018898918124,-2.9194437435694858,87.76047492584895,1.4060343795336754,-0.00017691285361608647,87.1012461665579,-0.918550439782113,-0.00030924464334305355,19.71035658234988,4.056653194148219,-10.451693600211371,24.238377834255065,1.2238125044743273,-16.51869917359106,4.964461065601567,-15.2510751142037,12.902967142336728,5.129350048099915,-8.885385045057916,21.5501578850524,17.706153353670356,-0.005417374477777649,92.16581685306721,19.4660808730252,0.0005828266056011153,91.41787455687157,-7.3590233244648156,0.7262717964803107,-0.002048127727775494,-2.965384614365194,0.6921228158892214,-0.004228649866214619,21.35534974564372,2.6126081454306314,-0.05911186845827879,-36.64768458901376,1.2647971718842705,1.0257441078284526,0.461234171011595,-8.636092778940425,-1.3790863274227798
535,8.916666666666666,56.692548099369084,-10.506232236754046,-4.232447821322311,55.69665393802669,-1.3985013773488733,-3.6752286060416086,87.79536891420382,1.6521773626272085,0.00012090103526132684,87.25430838886527,-1.5568253093070805,0.0002532244762294495,19.580394088611854,3.333326533468259,-10.03147917400149,23.940016833979215,0.7157282138284846,-16.646408737415307,5.5552518983741885,-15.488112378403052,13.902259062634373,6.2003860478282,-9.165061049999862,24.092602811530156,17.695702620861166,-0.005606669358245305,88.73409393665979,19.324112549625898,0.002997633163878254,90.2078541448475,-6.541322078595653,0.2819225092281776,0.01782734291406628,-2.5289887122837773,0.015252684465764646,0.0050823675092281735,21.60348668144048,2.5447682750484715,0.1172962431703167,-37.18795427492299,1.3095760325120347,1.696415924468185,0.4066521486702949,-7.961012167510002,-1.4212098127513433
536,8.933333333333334,57.68552921097258,-10.531182644325048,-4.678379279357622,56.76755027868148,-1.2828890740920216,-3.8106738087015577,87.91792048812462,1.2793835000608393,0.00026177291566557956,87.45200313946947,-1.979717655356083,0.00011035625454928328,19.463564853357845,3.2318474803483883,-9.886377158781299,23.8583674230575,1.5987951196973087,-17.046007330864335,6.009340363863702,-15.439107134643349,14.59819622233637,7.380237648412588,-9.201157743552981,24.45244237925337,17.875603392486937,-0.0018067714131738183,90.86177149125804,18.99468578018924,-0.00010076404915647713,90.7177058803351,-8.784007072822675,-1.2732398563661858,0.013280139109840161,-1.7240850424547753,-0.984105775513058,-0.00159803003502051,21.610128313090115,2.446264688297654,0.26272175986367624,-37.463980028109866,1.5188407875216496,1.7591909543788324,0.46757205684753395,-7.019624332369157,-1.332586599443753
537,8.95,58.20433281352069,-10.51957901786474,-4.804397821067724,57.30129244154679,-1.095143963899348,-3.0379028948323183,88.00865214824661,0.9287270740112251,-0.0001569462449592741,87.65871781055262,-1.3880422041430838,-0.00017074954248443868,19.381725924353244,4.236689345574126,-10.065351345289258,23.806920777773335,1.9666097094495334,-17.267545535886303,6.337676752892717,-15.298599377653856,14.498999053535634,7.740002159967509,-9.024798879671543,23.57986830588406,18.12376970194164,0.0022213603849650237,91.24952269234886,19.369834697185876,0.005033769995116336,90.00654578576668,-8.88933668438221,-1.4344082027953724,-0.006539984015412867,-2.02977129722359,-1.5116564894704105,-0.024319526186742425,21.90990753788472,2.484795542545126,0.18209998440561367,-38.094640758036604,1.5569350562037954,2.2081621892139327,0.5404176150482823,-6.565176969227038,-1.3237909292861831
538,8.966666666666667,58.75597524997162,-10.582872120295205,-4.5543754316005165,57.77000569819098,-0.9461161659245917,-2.68112448356544,87.95817255603531,1.0377748258099306,0.00014627144465399077,87.60345951566342,-0.7863909257629337,-0.0004005724178774544,19.185116838027735,4.166847043573977,-9.861860572355328,23.807635676481876,1.1623360336573083,-17.430332690144585,6.1717911435854775,-15.167771907756311,12.90881527205897,7.608946499604681,-8.985437470211256,22.91078637084325,19.211495406685277,-0.014977173008584522,91.97110104203085,20.474626388031858,-0.00423796025490005,89.20640316955081,-5.8541530329713325,0.5805736227492766,0.007602307573572209,-2.79891034503482,-0.42921263540685045,-0.019869171876422797,22.061354076164054,2.4956789011178886,0.05887510438320692,-38.80889060345009,1.6351610232302376,2.3577869024411564,0.45136117953858657,-5.988584106917725,-1.4057648975661186
539,8.983333333333333,59.263887162489,-10.910735323898072,-4.647021608240469,58.04664995755945,-0.6479124199076541,-2.5292088603383998,87.90412616993395,1.0702726510598526,-0.00029639892690400073,87.1162889134871,-0.513285651131328,9.022129948304205e-05,19.292740595704508,3.104375469536987,-9.577519280724983,24.15697053693603,1.1716995274120492,-17.824726608215155,6.106399684361935,-14.57286130210169,10.700313733186741,7.862576345577473,-9.156939947413537,22.51486846863696,19.852008183557032,0.01123324770110448,95.78740422612645,21.518107658428583,-0.002553747156548404,88.77133318827994,-5.669540550059166,1.6190725478590253,0.0010053497174253097,-2.8380935666459313,1.262780033123096,-0.006742113240882423,22.217723494833358,2.2038763401573447,-0.26211452660759055,-39.22772627277983,2.4708251161881347,2.284060240480339,0.49164548589189444,-5.332824855366679,-1.5694286843522232
540,9.0,59.61489223992359,-11.21037668471499,-4.832095942537094,58.09350009967586,-0.3886688996352234,-2.033124123716402,87.84095094047586,0.9510826524435888,-0.00014702757910090928,86.63579053321908,-0.1896421084846466,0.00029413992002224617,19.412944615379335,2.9566138435633005,-9.636448607303631,24.6793204101886,2.2481608828837767,-18.006900883463935,6.966083036088482,-14.315271694855696,10.860832645341764,8.42238201585313,-8.890385902703226,22.67850781273291,19.009053069583395,-0.003378639504306543,96.66080683432995,21.848953136433877,0.011776897508778422,86.31848674238873,-7.315532367301849,1.023785145543917,0.008125458165999562,-3.5635653216574434,2.1100936000078314,-0.027100828846680084,22.51881279333124,2.1572324201334134,-0.6229899894717692,-39.20157907701295,3.0712128632274465,3.2116956504353995,0.6679353321455087,-4.845112208941643,-1.693891470500881
541,9.016666666666667,60.01729351281728,-11.167897699965874,-4.480572174282655,58.331188207383846,-0.40758930852381225,-2.22477546065237,87.71978953110506,1.1966632703695395,0.0005117776728173844,86.5684936255194,-0.4565191205379828,0.00022991946895319177,18.914105992053614,3.534840489064911,-9.733902433300061,25.12068347103299,2.572794790372543,-17.95734593893065,7.454575033085904,-14.790041708711682,12.666466553348558,8.79643928989415,-8.4616758916394,22.520448891598324,19.05723310693211,-0.0009449069324498336,93.85843878763737,22.45472412171175,-0.016614474635301666,85.7113314024261,-6.741566366903979,0.48145939408442817,-0.004142215618460132,-3.8519264390173333,4.755603503667909,0.011255476963158928,22.68236647516449,2.4089584199939043,-0.6699568782728219,-39.217783055376,2.5224149351226544,4.031572991268956,0.580672245728202,-4.336831218445671,-1.678803425028813
542,9.033333333333333,60.374153094485,-11.073150401182902,-4.588700103507269,58.67321693851315,-0.2921732531999754,-3.2934101361775285,87.57441622857327,0.9336737689699698,-0.0005467017382814209,86.54544087222035,-1.4754135784987905,-0.0005484345844946382,18.47246828267928,3.9842026605134686,-9.867722685994066,25.41527871576605,1.5431504486449656,-17.99599613813503,6.927196876674802,-14.974829841272674,12.995293031200774,8.712324657993314,-8.718155863679687,22.055024207645502,20.342971196916334,-0.006159830974669342,92.97033513209126,24.579347225139838,-0.025930706800302423,88.86428522857531,-7.009464767260218,0.25410847436567935,-0.0014919711279239327,-2.071737708660111,9.002830639846097,0.01548125863651452,22.728962832728048,2.4534565618032826,-0.7281881272215005,-40.05734855643119,2.200552357530907,4.053418532500115,0.47572700418718794,-3.7747798733426814,-1.675072171927646
543,9.05,60.881767811142694,-11.1852547889199,-5.089825149219444,59.104983577982786,0.005535101046136367,-3.854124275312549,87.35586780386566,0.2974727798014485,0.00045310316134567397,86.17449502458578,-1.9158264875119657,0.00019397396323251017,18.970804306837646,4.161716952712891,-10.05538221906858,25.51612204646737,0.5717482313738965,-17.994663297760894,6.9777098202582755,-15.243783489346203,13.300872870550934,8.803070693107804,-8.905814466247566,21.836688610185053,20.497918332342504,0.0008292326564000413,93.83522683334739,25.54689617849464,0.016634300318911152,89.88738004384572,-7.1038451204056345,0.4602349817447584,0.010458266106222332,-0.8987576145344129,8.312908911265533,-0.012356487839667704,22.524887110646162,2.383091116447957,-0.8009552666001113,-41.015532660983105,2.564367987389979,4.047641377972138,0.5705439762561639,-2.9176846762004147,-1.8287111466703843
544,9.066666666666666,61.402325055574664,-11.167046597040128,-4.753888103265463,59.60890349501426,0.061122492257697544,-3.581817202214746,86.93901692399639,0.5040547382137454,0.000765272698478036,85.70879837282835,-1.4007219704961258,0.0005309504183271192,19.947413315591085,3.8858157788929097,-10.258320731469057,25.54199532621785,0.5479416517141572,-17.96107194712492,7.477647044986885,-15.674730364397478,13.236908379789575,9.331046126437359,-8.574036966142344,21.34083124596635,20.175745305042042,0.0008804076433795494,94.61005929168375,24.702623015614215,-0.007962821251692861,90.04584960182518,-4.366938115244194,0.8774701883425043,0.00816765198480698,-1.0257391871658463,5.509740363148663,0.02166617329788701,22.139547703474353,2.3080009096327245,-0.6361171885040469,-41.38190657788954,2.613133185966141,3.972709184445888,0.5093382162334099,-1.860374099561923,-1.9965534530615499
545,9.083333333333334,61.71332111597584,-11.100717568496435,-4.390763031295369,60.03018887661208,0.17143997406967193,-3.348387340582164,86.47808676398746,0.8110842566800874,-0.0009971522641682967,85.33620567403487,-1.1118249167009646,0.00034251040978305235,20.40131044742234,3.584087043534144,-10.454956568990758,25.683310552303258,1.0192847572187296,-18.062321943521063,7.478624965919783,-15.34596322651837,12.306748658006457,9.890948332974016,-8.500372514091959,21.147605733101024,20.195568084365025,0.00692530351155818,94.44161293113805,24.375237678259246,-0.01805816877313603,91.63970176209126,-4.053896184357574,0.6518600587055575,-0.0008271896732776839,-0.664222803083105,6.355160564829956,0.01360336575274891,21.89401902643329,2.1896092174364297,-0.764389428117079,-41.59139841498808,2.493624686356285,3.765452323562281,0.5355984886304448,-0.9219513928976457,-2.048113368989894
546,9.1,62.01712970598919,-11.480271881806143,-4.456372269987423,60.268642207823326,0.7271241338958635,-3.854481490985459,86.04617347501933,0.6643517988805681,0.0005351913291392272,84.75782625128356,-1.6438289139278803,-0.0012275169382157188,20.32904020695054,3.9699815505256026,-10.299833142604365,25.76073256136219,0.9739301861638154,-18.177839439398706,7.655233901715549,-15.118664448997732,13.527704199579265,10.397858849028003,-8.424736611027667,21.26643913925301,19.56050590898991,-0.007215889283119302,90.5110206336719,23.457092807104242,-0.011606335195414834,91.14293852454573,-6.314358630876013,0.4417044744036923,-0.006577361073119914,-0.223252940051043,5.131575781011199,-0.006801953924582925,21.49610876872209,2.106873432449293,-1.2775736323996958,-41.6372589983115,2.540513198197677,3.979661243094882,0.8426251083068849,-0.023000461734459653,-2.2228350064979967
547,9.116666666666667,62.1002877182018,-11.642464024738416,-4.435322141842375,60.303632856331795,1.0142112635829328,-4.492517672448104,85.3238228615627,0.5258814373163994,-0.0008726567552871501,84.04104385527543,-2.1464001231668988,-0.0002360430462803149,20.338899019550883,4.4689972249996455,-10.09066943993081,25.642266824746898,0.5300370063148756,-18.10407448625084,7.690615113765544,-15.387779950792428,14.195195268585246,10.858041487324728,-7.802725530366104,20.89904322946532,19.427049851280966,-0.024822974751902857,89.05845727474501,22.073858397518816,0.00723039526120727,90.02001540103393,-6.227381371337432,1.1659463963622934,0.005309080221669408,-0.728101920664991,1.971671803022053,-0.010158165174307296,20.87285028700879,2.184178180044621,-1.294668318254674,-41.462281610764464,2.2168790103655702,4.77251170398128,0.7521400504923722,0.8374802468992679,-2.39391514324054
548,9.133333333333333,61.72566063796786,-11.318221960728648,-4.285321511625493,60.06542917167804,0.8857888186216544,-4.258461846821464,84.40836160308635,0.6704425714682628,0.00022541131199580713,83.33753445647858,-1.9759524903017556,0.001342394603074661,20.65608814753835,4.337964322981346,-10.219077062490681,25.730879361310073,0.6042949390523147,-17.994792570015118,7.382011498644847,-15.456608145381388,13.214536736029588,11.21296398737869,-7.456557961068786,21.158362967076375,19.86243201805289,0.0012819902234257761,94.78461961070454,22.348386463617256,0.00787587371112517,90.22501667882337,-4.926229767119957,1.833637627722305,0.0013735954897673864,-1.7854316131615586,2.7691012630133365,-0.013708322702231957,20.56284512936862,2.3592804816997988,-1.1134099268944642,-41.2816963226624,1.74201394372065,5.490803062752754,0.4217150610637851,1.4957707447651216,-2.36185495729193
549,9.15,61.3803864191954,-11.302840093395009,-4.198509784964503,59.824790547428016,1.0518777646925463,-3.8899130793726813,83.48458848897258,1.017120012312944,0.000635976789382709,82.38150976143291,-1.9058559257950478,-0.0008325433357093823,21.07112068305137,4.125260807724871,-10.275345320676156,25.818064655643372,1.1624462954723154,-18.115495975949976,7.90342701314452,-15.607841464846523,15.065840877567044,10.994159814287055,-7.706620748560208,21.977299359139373,18.766043183155013,-0.019378416921071395,96.96181108326792,23.863526714435316,-0.010169166266351802,91.39875414522183,-5.9428196456911975,1.5616912950713415,-0.003107417486389025,-1.84155042296282,4.6518330455339525,0.007634771705009805,20.12281531797159,2.6139941027082725,-1.3503910102882044,-40.80236569719491,1.862067482031106,5.777976334573621,0.6017984953449449,2.2648487343491954,-2.307030545016249
550,9.166666666666666,61.24928911290322,-11.16599478101635,-4.679048137232331,59.84423403728159,1.0280279559769259,-4.170578732672974,82.35569124009896,1.0089070714854391,-0.0013494170070949044,81.3354527428741,-2.4476432855497983,-0.0007596687276122516,21.127770205275965,4.333161761359516,-10.32529004144006,25.724956829443226,1.9355645432086748,-18.229554621574984,8.719786897399208,-15.751505691714,17.79993541595095,10.509415841060353,-7.861677141967694,22.498000412317797,17.168215333262708,-0.0016429119403977414,91.67492655289608,25.095532646284113,-0.009659685869009125,93.40995168177706,-9.213149567230381,0.6220212825762672,-0.0022582094279345656,-1.2370323802386294,4.504879804907151,0.0014924136469499833,19.174636741905896,3.1326098237822695,-1.2756431172063771,-40.36486912840035,2.12404166279983,5.869680799312504,0.7856420343726047,3.308818763438889,-2.0071648563631475
551,9.183333333333334,60.711144908733566,-10.729175657307607,-5.1813070172838005,59.343484023851424,0.7058612095322854,-4.607353855920706,81.18168101899462,0.8120582176165241,0.00013393843443745073,80.28672396878282,-2.944881319628184,0.0007352634906281687,21.02067349633659,4.3606310487711575,-10.472104567722214,26.174874993215663,2.1172535128749876,-18.245470535253503,8.402535887191023,-15.611237538245893,17.82651940714672,10.442680686926607,-8.083733609849615,23.239714758391514,17.547237843886204,0.056891386139826756,88.5352529834031,25.576009105227055,0.0039730236348263755,93.74654618665811,-9.815011649243388,0.3814248597211145,0.00047201432224138525,-1.5070026612273768,3.9201020502198456,-0.0014227552997381407,18.54573283520806,3.3144104261746135,-1.1408142222754116,-40.40997801757661,2.4552085316111105,6.0389873337212725,0.48825081019064465,3.943482108996832,-1.7344139688560856
552,9.2,59.811091155211265,-10.808505136642387,-5.045573734588141,58.29971320526362,0.9684996567634198,-4.825169838612441,80.09812418507367,0.9031895864560749,0.0005887535637794684,79.00822604752655,-3.089948923917214,-0.0004641219365024248,21.15809442623489,4.019496327821103,-10.278939225137483,26.56904162819167,1.611340854421482,-18.385422891390682,7.106186088664427,-15.54041678149272,15.262162676801141,10.33959234104323,-8.411829274774256,23.613276579599585,19.75669412210003,-0.039454155502688555,93.9594186568755,26.245082840228594,0.002215815593382531,91.99892868279177,-8.018311459588165,2.4936341704053446,-0.013503009166577781,-1.7619934220430398,4.39255706172541,-0.0015850374017139033,18.221976741059667,2.964657943703294,-1.3525177914747737,-40.33267161844243,3.0751815469900667,6.346385480373895,0.30122974666037183,4.2053225634796565,-1.9813275761436475
553,9.216666666666667,58.99044312784717,-10.88790109669187,-4.991027502440878,57.51699456024302,1.2775002872090717,-4.7185436669554255,78.69428777235862,1.0402995452892794,0.0006005856390954273,77.59546432797893,-3.1519395969930044,-0.0005429848033003397,21.149415351447296,4.451351742237664,-10.189307138442583,26.174526408884773,2.0531549813016405,-18.529764386122917,6.178729097133988,-15.658422258260162,12.13071000160218,10.140566541246056,-8.333629507626974,23.16459626628534,21.431589483105665,0.00413065823606525,97.48885384092429,26.924792700502763,-0.007741765481382965,91.9219103597164,-9.965769007111106,3.3602480484573873,0.038703674126355704,-1.525886629788226,4.052628821050369,0.005590854547865829,17.563694270157306,3.0552322175589497,-1.1702679040186657,-40.01515882111857,2.9416570970831444,6.404887687661078,0.28220014892040934,4.730627017477068,-2.060503882025947
554,9.233333333333333,58.04890767823857,-10.527844821659222,-5.438086300340749,56.59693389167831,1.0266326238246344,-4.534951575195285,76.99068047132775,0.9176065646911542,-0.0020411156439928413,76.03726460438104,-3.1539160502193258,0.0004408764900424372,20.886194050751964,4.924373597022811,-10.207772701116534,26.0380357881292,2.7323971187666523,-18.515169073828872,6.688484082967224,-15.92323184231055,12.474844400930172,9.993218150421662,-8.094030415134025,22.482557645675378,20.49409495905062,-0.03534317582718767,90.00701719212846,26.680383544144263,0.007274579708286444,95.24454957868625,-10.747836485344644,0.6948936412199038,0.036064528100333976,-1.238318800188227,1.2558128591779714,0.0013862216258208912,16.70080258543919,3.4444346973154856,-0.9897667467266674,-39.55783837433909,2.5190126609242194,6.233744574036145,0.03896190871835114,5.286901364405272,-1.7671637171975716
555,9.25,57.135970009441984,-10.449677337044799,-5.873184481791417,55.583414546016705,0.9150493145936602,-4.71410339377644,75.45550749452454,0.7121590145378134,0.0028504034014707985,74.4471963696513,-3.1161781261538755,-0.0006908419536420965,20.500559818413205,3.7393709143301597,-9.56906012703191,26.205863174647185,1.7906561406875634,-18.190833195004025,7.4767285167042274,-15.999313508806694,14.87984109165285,9.721688322597887,-7.9625056646981385,22.310024684841956,18.428604902969177,0.06586581090810881,88.06636510261032,26.74235624307223,0.0042061208464372205,97.89497026082852,-6.7579088284577224,-0.21799855384591124,0.03481074761235257,-1.0958888076272137,1.257615171192231,-0.020800361792848148,15.859866255449447,3.3928415567009256,-1.0407719204150536,-39.125422848304716,2.817403904281797,6.069584307818885,-0.12533720379956656,5.7509743219134375,-1.7899509713437882
556,9.266666666666667,56.196852644456165,-10.741098333624725,-6.386997970742771,54.77845558024099,1.2650314887827894,-4.854264017906103,73.8596739868281,0.41070520003269323,-0.0006707939689988981,72.84751366789305,-3.1623190340166847,0.0027372885434148115,19.975070160578166,3.3361029526126296,-9.265303950955213,25.69307498286716,1.354028236568923,-17.91469630051986,6.9063528594899335,-15.762594679218866,14.739298437820661,9.43231419475188,-7.742723031767603,22.614198294315592,18.26275675955086,-0.029082514857283085,97.92627810451906,27.476086197768687,0.005637474352669971,97.27787375580296,-5.9994131192847915,2.0300538070962273,-0.026368952909325373,-1.7149292061647252,4.570641293451676,-0.018920933164364016,14.973891510661764,3.222340822299151,-0.9330587357378215,-39.042093829945635,2.895255757634118,5.91157473083297,0.0996569654450416,6.222090137886551,-2.075861857187595
557,9.283333333333333,55.007395571879194,-10.900741097177193,-7.093658064830168,53.587800494660534,1.5685708095475612,-4.970782543930551,71.88004055432836,-0.008262925048245537,-0.005545055226303666,70.75662660685103,-3.4039427418964587,-0.0021798604303146702,19.78994366956793,4.346243310653619,-9.516296093752585,25.087937348425033,2.7999088892160646,-18.0724225840909,6.3396683388058666,-15.579517972732749,14.873254435749523,9.076234908025453,-7.506303551004296,21.96109846599083,18.836994280269767,-0.002511352322578623,101.14173540860449,27.58470476666664,-0.000265949664486543,97.40139213821037,-8.147220349311496,4.025792413269857,0.006024200309482498,-1.822915574521804,4.045846692064452,0.0010528411977283126,13.871172616966264,3.066769388890604,-1.0840964642427835,-38.519097236373604,2.781786153548815,5.897748512105635,0.26321545210164915,6.697187933555939,-2.275134727489005
558,9.3,53.93243647732043,-10.572652453361297,-7.083849635054351,52.204870770719054,1.3264221675732417,-5.545804393715931,69.67267756193635,0.15001177653520764,0.008360281534046077,68.2324482769565,-3.6986256587694184,-0.0020298696839525262,19.952055630566875,4.132627888100104,-9.303772055286741,25.10417755660599,3.1659216383309987,-17.946456263936557,6.83114335928678,-15.719262800054901,18.332480145507446,8.723740067737298,-7.536195446687017,20.78410195296574,17.99939129284537,-0.019378249586517272,92.84431460489509,27.65195718630075,-0.0006108275278436851,99.55434678149444,-8.55376195016315,3.6174324096188815,0.01303895327304813,-1.2632089118545102,1.2909860495720888,0.005568176514241617,12.682403273068985,2.786937546857109,-0.9968277802313877,-37.63267336299866,2.95952493104621,5.768291830010044,-0.007732467707800148,7.404306185444507,-2.2594233116300257
559,9.316666666666666,52.62429074158556,-9.918610475389347,-7.023731339710049,50.952017150487166,0.8713673208956221,-5.85421095728679,67.25589392094982,0.368405201156108,-0.003051121597843667,65.80810647126599,-3.7941822653059716,0.00655924759949013,19.628555176820285,4.615361915141427,-9.218077124712053,24.833760820840276,1.995084762143079,-17.404843081532814,6.5325599633829095,-16.030553757227864,19.315901421505448,8.510080439084234,-7.60793957104464,20.744694676659222,17.795745760572913,-0.0021589707089234677,87.45850559677122,27.820368180341582,-0.0025794107032136174,99.32134454230447,-6.991248684167329,1.635617722896579,-0.0041632745723346725,-2.2401815750161003,1.4973117983895272,-0.007603305712551322,11.684597892540522,2.906626101401136,-0.3936422462721437,-37.316377014501896,2.7485651423287605,5.622490928037329,-0.25439215825706074,8.056752555338475,-1.9542459781456583
560,9.333333333333334,51.124668736295675,-9.665215809730121,-7.586542205406273,49.59367317986196,0.9202435792346166,-6.153704011138762,64.93994300877326,0.034077535409053186,-0.00694892136973832,63.593224907775316,-4.175428710400508,-0.006935370346985019,19.010277717236384,5.792454892521293,-9.248259926158543,24.342226600081784,1.8719130118360197,-17.03599053852749,5.256440138581449,-16.01480251373196,15.415579032728697,8.225075743355752,-7.491831979025664,21.389220275427675,18.60296406011587,-0.006300749529121962,92.39014636994739,27.357045207746605,-0.006596073141345901,95.93403593525812,-3.528855378980712,1.222711006096215,0.01820655094683185,-3.289810964273289,2.9523423882263478,0.004482809849093969,10.608193530095244,3.098815471047713,-0.21139481448463637,-37.20035752412732,2.5112238120626413,5.925537843326166,-0.24541725806978779,8.455698673043761,-1.8753558989018055
561,9.35,49.84416633361494,-9.742705722704923,-7.502438012600722,48.03562981788845,1.106373569997348,-6.8364929050268035,62.83122485262482,0.1989647930276095,0.009502917362866254,61.288679471084315,-4.456725766739858,-0.00043061673409570093,18.938709866600203,4.833483459299575,-9.10177176575219,24.599107395759003,2.553747987031357,-16.769998774459488,4.7407324813892755,-15.58897005689854,13.664445001325184,7.5818124924519825,-7.5120117635375605,21.482364692110114,17.917828991332957,0.015940519362901764,97.99836700141616,26.994624783220814,0.004436277610487614,94.34931084631869,-1.7761148753122167,1.7629360444025903,-0.005691252552603262,-2.255306779873966,2.2979256052824923,-0.004710681538957255,9.312345324226442,2.6638412167703707,-0.20832577376821595,-36.855620159419594,2.593014367138514,6.293449912935172,-0.3612383876714938,8.80553838289782,-2.2186843530761884
562,9.366666666666667,48.272865368941375,-9.474419226794211,-7.509708570400811,46.322366137256935,0.8641013559941341,-6.779458503658928,60.421371085872465,0.4395199345995475,-0.003988203249440573,58.712879222898394,-3.9070784928744495,0.010636822637194211,18.83798277020347,3.966672271683366,-9.078808733795038,24.76651993116595,2.4970135325792815,-16.486301307037895,4.694726105226662,-15.322616685890562,15.592277063825847,6.702792475289875,-7.851988778141181,21.105465095747597,16.583990660630786,-0.01063484763663871,97.61402772173732,26.916181766392913,0.0004771343300049764,96.52018307560375,-2.6792076666183653,1.4642123192623733,-0.0016044926388995816,-0.658098878136451,0.9167844700048522,0.0041620985922015295,8.02315682449371,2.3836257725202574,0.0425760287578905,-36.20938621203384,2.818422136579834,6.301549399157076,-0.5523871600131708,9.09920180372869,-2.2778475566436023
563,9.383333333333333,46.78242394964403,-9.045403218983123,-8.221760642591603,44.91883937546986,0.6698373741366502,-6.734703443814104,57.884093842049744,0.12059283024969647,-0.0059355242481001075,56.104017248042986,-3.801068228777201,-0.011106864356088809,17.900395122776565,4.053469485131702,-8.736410898050371,24.08858027582884,2.57764120079258,-16.24730017728352,4.256001428811537,-15.428503602886892,17.327106908286833,5.956703632695988,-8.263733692635828,20.866641819921643,16.567366433037378,0.0061453102589596464,97.67306563664565,26.915926296888575,0.005586861667453484,98.07607587159585,-3.11536551177275,1.1654507451590546,0.0011997814675981878,0.2311807177596702,2.5165493076059735,0.0021010545274924,6.622989149342297,2.58680582042238,0.1426800222823685,-35.47651942980326,3.388131113477122,6.493604236014563,-0.6363870590778913,9.596084571826761,-2.057541356579515
564,9.4,45.44102159846337,-8.688417143155272,-8.060215255854667,43.540300963545874,0.6335231042885032,-7.376709769113538,55.311564310518975,0.32628748714480305,0.009552778613137544,53.43711662903772,-4.191435717999272,0.0016404589240441385,16.90176880579339,3.6293473570184753,-8.63433242201828,22.978349920147956,3.2228922549484933,-16.016764393464243,3.4643434636717636,-15.751843491872117,18.041319365385096,5.4711963371791885,-8.3316756169664,20.86089736807648,17.371671570957623,-0.008969714093652771,101.02917141301988,26.516862369416707,-0.004541959724415102,96.2249887482291,-3.464630926338065,0.54845148151795,-0.003675333409561086,0.10249480780999892,3.578437792832739,-0.004014364395820722,5.354713991593804,2.712576429001223,0.26759653997630306,-35.018978243012114,3.5224384259574206,7.57825645721746,-0.7984233172747708,10.112397791310231,-1.9954675353135334
565,9.416666666666666,43.1330663885819,-8.108640538520383,-7.9301724302469765,41.197332547844596,0.2415796188626047,-7.578630907555915,52.39662122097296,0.5799307033796476,-0.002251033124788097,50.47122529025522,-4.043945439385593,0.009965662462440248,16.329001070431037,3.9877695559889865,-8.997836731238712,22.208867223539272,3.9107440452357585,-15.498510317327861,2.7826609343883018,-15.854109212057434,16.887237828249397,5.082516275038886,-8.168073736356718,21.26806568039746,17.702171582635973,0.005014989416050852,104.61722518971166,25.367156120065406,-0.004381498580947805,94.13782767153155,-3.3519246170393275,0.33968145722994064,0.0065617711044179275,-0.9229400587760522,1.1512571043463917,0.0063306025808389215,4.828436780121058,3.0348689328252916,0.502788880081209,-34.458885492607486,3.1242682901599452,8.746016224075548,-1.002913424067468,9.897623726429806,-1.7510669166458108
566,9.433333333333334,40.53155994090751,-7.543866613485776,-8.985185538553557,38.47880771229307,-0.18377108052305868,-8.067121636040095,49.65953556687809,-0.10149158261577375,-0.005529653718501464,47.620016507080734,-4.196479945946746,-0.012453809101462302,15.965377174716584,4.7912161328383025,-8.70888131723027,22.825044684089235,5.295943906518161,-14.606786931933877,2.712142329542141,-15.602288131347796,15.226492634276452,4.342275193950547,-8.25701187346845,21.312673947530858,16.72271778543038,0.014902923188138583,107.77269854874054,25.133057261323497,0.003243102975252925,93.70536597568714,-1.6906358396751586,0.8161864885679004,0.0058747200101583,-1.2644647338816497,0.8304918347951561,-0.0003802243813293794,4.571082342836567,3.361327434066544,0.5859743073056487,-33.6805120008865,3.1850805368655988,8.809439092634845,-1.194121701564953,9.34876904855283,-1.4780674095327129
567,9.45,38.83320805953129,-7.465985929469609,-9.438825720310437,36.4790408046166,0.0034182699960566415,-8.985209105331885,47.282033587835585,-0.6810217809664749,0.00460878278583991,45.02758492857591,-4.279559881525614,0.004437466985828454,16.116165506349194,4.664865885513435,-8.211645464287221,23.408046313099472,5.477106688424659,-14.135267612043085,2.755413185949349,-15.479930349149495,15.01128046995307,3.3222864116799724,-8.329774226047403,20.325339154887594,15.4006083979053,-0.031247574203416638,107.36462754221166,25.74595524066854,-0.0035455978096633756,92.55567260341039,-0.507930069412758,0.07443255248220884,-0.0038779984213325007,-0.7575781969595964,1.6219692160343682,0.003240364988580291,3.6806491020188448,2.9705072547699496,0.6883364910048947,-32.92172147010892,3.6420417809229337,8.391267612192987,-1.4797546066599416,9.376188007213681,-1.839698542989679
568,9.466666666666667,37.596666669415264,-7.462705651883717,-8.914070055018989,35.09342915091354,0.3676036722173464,-8.775647078649762,44.760415225614594,-0.5112343952357499,0.0001340759911342441,42.35180347740467,-3.5445465119910056,0.007562956909527673,15.90287509188595,4.746002074677162,-8.288058120937347,22.140452654399496,3.9434490257925767,-14.421231599645175,2.3267108982643716,-15.55868100839183,14.774048555960423,2.5615274936546824,-8.252589504630944,20.123063215176128,15.982522518820453,0.020029399143047116,101.64398008004395,25.399599630777338,-0.003931867289104673,91.27360084749432,-0.5414745254072787,2.354603386733492,0.01071633885045905,-1.3266249476245489,-0.6276715745168496,0.006919197841021378,2.2829361817195846,2.5304538571034763,0.8767419489053319,-32.024895936320675,4.009585792953647,8.392064577007645,-1.601622182494558,9.879747631962005,-2.223331878805432
569,9.483333333333333,36.27320524139713,-7.1107708688932085,-8.885196973810553,33.95933925691372,0.325449950133257,-8.404722022184693,42.034913673351284,-0.19275041864141015,-0.0030322892044509224,39.75504146809575,-3.3705879560402976,-0.008531780418244537,14.632232337104877,5.379940714925718,-8.492609277445862,20.776263327549476,4.570565719612103,-14.577934956226667,1.8954083086155467,-15.470020378062772,14.28363797503937,1.9334380517235488,-8.499060610905833,21.161470535897845,17.37051444843186,0.0015653192293395629,98.78969351644889,24.89856599938639,0.004166492050698822,91.16629636218066,-0.6777929102963881,8.377725956316,0.014655964496888078,-2.0353811655896354,-1.2378018805907285,-0.005868374254159367,0.837597380907911,2.7300610427688374,0.9744493078417219,-31.332187021066666,4.208280742069421,8.526130029655674,-1.54943592946125,10.45385354468498,-1.984361785759377
570,9.5,34.45547976954335,-6.812672583476015,-9.117495289052886,32.29928570196692,0.280856821019463,-9.1264884656126,39.23796794963526,0.03308141538213871,0.003913868768102747,37.06775302791085,-3.846294104867727,0.003133884035300567,13.69379241111661,5.416191808942986,-8.552425314089668,20.219335793346758,6.350373179432696,-14.303883774378273,1.6927933563993516,-15.305960172092874,13.975517637789425,1.2471299521706998,-8.726338497914705,21.206560021675205,16.751457519339432,0.023843968215236183,102.71877091759437,24.82435843262812,0.00014837282460700938,91.27947840117501,-0.7914303733816125,9.033160054557758,-0.003172432570166403,-0.9979056071842574,0.484807344641364,0.0007490694537953945,-0.19502583713740895,2.9154591310426117,0.99789686477859,-30.962455782048362,4.356197638974157,8.745267971659807,-1.768495299762982,10.600397669775194,-1.827941502155636
571,9.516666666666667,31.975284875198383,-6.545817409553473,-9.222023276054975,29.73039085805721,0.3818006133971905,-9.697554383870209,36.48772904162973,0.02874626242092725,-0.002766807520387295,34.103708836539965,-3.8619999036016206,0.00045452956698027486,13.19389873113743,5.169967382542875,-8.290852299672892,19.12857386305266,6.4519970651501914,-14.131505094253244,1.3062905841122519,-15.226598492240749,13.335075343680051,0.6405889007805269,-8.586828581184909,20.577378902569283,15.589182965405696,-0.011904346141683288,105.27350908317794,24.506175141374808,-0.00014541577642128762,91.87176060631938,-1.3062333196265725,5.371069228381918,-0.004524814496891782,-0.9116058633460253,0.449001871567009,-0.00019897215001805628,-0.46542833414641527,2.8725513402181813,1.228487237541447,-30.34603734558049,4.3689725885270025,9.659061653195607,-2.175630892666249,10.022042063863218,-1.8940346290519414
572,9.533333333333333,29.683608891974224,-5.9545563219446365,-9.58716883245194,27.483437339873895,0.026138150635516926,-9.181714240848624,33.73603891037639,-0.07701937563434885,-0.001991707126940629,31.42402354538728,-3.277255489878088,-0.0016728100219347741,11.944744797456112,5.382606314620999,-7.99464342674558,17.658257908433676,6.349976258528469,-13.875545397592264,0.714964622256219,-14.952350231051932,12.311625525492277,-0.021671602278487065,-8.613227044766635,20.855068593574785,15.946601798665696,-0.004748510365514352,105.13287650560137,24.63403493266638,0.005573383002013853,90.90824339200677,-1.1224032655817644,6.110381681105932,0.024122422205745658,-2.698509754197353,0.3284525101304411,0.00039170365863412497,-0.7258492249062231,3.1252062142951735,1.6572299944808762,-29.404138037807854,4.26215246324985,10.92997587622794,-2.365087945534131,9.569434045736724,-1.5694700578463805
573,9.55,27.88183160356287,-5.3859078082122585,-9.602013964539928,25.88996706521813,-0.5170825931507842,-8.691316726901922,30.809829499074553,0.1694584836223936,0.0061237127839286875,28.925647063387974,-2.621878458021335,0.004788895131640298,10.58411220005587,5.360584667397484,-8.212961792566928,16.65498756609672,6.91739584177211,-13.445684977890867,0.3295242240695328,-14.551292609402756,11.507642792106779,-0.6805563711244381,-8.816609874038384,20.962350599250012,16.30663661024088,0.006244466298635987,107.12057103464359,24.899622876973684,-0.004580776226398126,88.436981782932,-0.31892158038369217,8.147235468919733,0.02286435226949993,-3.3368332695342793,1.7302549411789463,0.005525122123892514,-1.567742103488,3.3780638040012283,1.697771231721272,-28.270631697342782,4.346368696292182,11.611942583729862,-2.428886913881609,9.668064184910834,-1.1977393021534801
574,9.566666666666666,26.17328488768577,-4.997728440305678,-9.625007939759675,24.343580752293285,-0.6032422710838492,-9.443067973679298,27.938701980093285,0.27801687853705076,-0.00442189169821642,26.340381244230535,-2.7332972461587923,-0.006174699162577974,10.061692017172227,4.529894468804637,-8.071922777504533,16.287871749752238,7.45902768257019,-12.901102912504786,0.2544200249458862,-14.450911007026424,12.189560038512264,-0.8357059765161196,-8.738501325142028,20.378874499657513,15.585808133443471,-0.015408674964919638,106.61728900380211,24.062841469465873,0.008106638969749945,89.41779141393039,-1.8022898084036463,5.778141725464066,0.03277170237517464,-2.8784467535450404,2.892824460540025,-0.0027612660560134687,-2.456718045820139,3.37711678436135,1.4375792884729492,-27.518610215947266,4.311699600079246,11.640389572427193,-2.4645103291140593,9.821591138647063,-1.1139986489039717
575,9.583333333333334,24.445390330432975,-4.622121306639829,-10.367602064176845,22.86127783783135,-0.5981589180076525,-10.411092437794888,25.273480040253826,0.08104223904619556,-0.0006032605780842003,23.957059519230924,-3.03142212310477,-0.00044661254725928925,9.35919333955124,4.162311499796536,-7.545701339813184,15.825853560055716,7.7543308380992855,-12.116643898151693,0.10798444486461457,-14.593508637903419,14.073846864807997,-0.7002746080111697,-8.615845391862651,20.52769803758863,15.089437552059515,0.002972613749559128,101.79485384604752,22.948886432046365,-0.0068367907801730275,91.48686676414133,-4.032470612852708,4.380563438889594,-0.015754999810455028,-2.8124428367922674,3.152234469330141,-0.00012448970951976134,-3.086156668012408,3.547660864634533,1.4571685645200672,-27.29540700820155,3.9447496004299305,11.40014230540521,-2.2700792247226445,9.842087491055016,-0.9697512119912484
576,9.6,22.44930427532307,-4.515456579008462,-10.618516804241194,21.09330872033716,-0.6626772323193392,-10.290324809579266,22.713776866036632,0.2114319710812141,0.0032208761511719614,21.53767185111117,-2.475462661720489,0.006521484714104401,8.582009873293956,5.0139849355547375,-7.856064572811302,14.396601371568325,8.15788422738113,-11.683929996138717,-0.3006004433886366,-14.601224376651183,14.577748266448314,-1.1655214140774235,-8.807932144417109,21.697509304153407,15.144935647700244,0.001951226092533016,99.35939092602669,22.741027966340027,-0.0015156467558184062,88.7122134905932,-3.422938132909169,6.257865501276764,0.006114330842067239,-3.0247942541281168,3.170435850798284,0.0015392559682170432,-3.6884631896858187,3.5546432598384516,1.5156273766347734,-26.395364401253854,4.038120128499765,11.286223566682152,-2.0193829928042653,9.651034955264386,-1.0054470656927068
577,9.616666666666667,20.486834015172086,-4.580752808997954,-9.982021521216899,19.24891360108104,-0.4497036636896849,-10.11103194251166,20.358155556916664,0.5398028713801769,-0.002795631529667522,19.111785556922914,-1.9627994620350353,-0.0034056277685974913,8.884972845023825,5.384278996256253,-8.531849867844086,12.941159070188718,8.394570409843277,-11.474525094854439,-0.5807920092493124,-14.54942029092406,13.942413463376624,-2.1553272906676444,-8.93797582334739,21.66018405221468,14.905882370778928,-0.005435906510527383,99.69440078403413,23.010694240294693,0.0023427432633258455,86.73840606813957,-1.8131919022880705,6.495853619364328,-0.004382265068119096,-3.025644533856026,3.3887270838301315,-0.00011028676791342413,-4.3780721838992775,3.1496796829051763,1.3608374183784522,-24.923989296581365,4.745340528178285,11.487817388046434,-2.027359626525302,9.466715177317434,-1.3283898960607858
578,9.633333333333333,18.997733767107636,-4.266507337785982,-9.659245936585243,17.97173214866039,-0.4199537245737181,-10.65530927941504,18.036106966478872,0.7589918396303772,0.001373687834030572,17.201762910632635,-2.0753041813863127,-0.0009225842998347904,8.36942088821995,5.2105422533823615,-8.671571574273356,12.521263055773806,7.701547444157848,-10.64678342951575,-0.6308995589275549,-14.7843122040859,14.979858403383203,-2.714211203891681,-8.783756795304713,20.25095056555701,14.946829806030777,0.006343270608238047,99.19466346248036,22.98311258029224,0.007725680568003093,91.07178985134152,-1.9317266017607906,6.012537453216984,-0.0024923722809427193,-2.8194379266920744,3.5830978774294673,-0.00040645346391329,-4.880102927318007,3.2348272794904975,1.3406439991398498,-24.14780413540333,4.867166348071551,11.84415199480011,-2.1706562619378,9.519139619772757,-1.197222388286144
579,9.65,17.874842916696018,-3.710919532436208,-10.377232759327383,16.972373883845346,-0.8236351364312254,-10.612853984484033,15.870924417041993,0.8002518971231829,-0.0008171771971478347,15.488653485193478,-1.9584343415084549,0.0012541546149894061,6.4137303235391725,5.763155220186371,-8.16843994825578,12.292407576550767,6.943650753436465,-10.102880475949098,-0.9201754735392678,-15.11322365937215,15.78902092254964,-2.7262545107138343,-8.846994792660732,20.80616763744364,15.857007703341925,-0.006292444526516818,99.40504772537786,22.63976664867541,-0.00743106081223755,92.56456509726294,-2.9195863350888187,6.778588367558525,-1.4863065823108633e-05,-2.6387582994913927,3.6341246867476693,0.0013868150814695624,-5.294165100648252,3.9070101763740546,1.4356301204692419,-23.91036087098796,4.305527306512748,12.241260382935456,-2.113144243917224,9.664969297910751,-0.6821243136633666
580,9.666666666666666,16.71443789747622,-3.493689781616802,-11.230999254042205,15.605945500969685,-1.0431108509997509,-9.604709914401393,14.144049278881754,0.8239873542337195,-0.001762066966067493,13.421321031755493,-1.3461019967048298,0.00017469141373111527,5.130533279338637,6.206941009217972,-7.590927594383665,11.508042115968296,7.426209190649997,-11.022748519800206,-1.5161685872564312,-15.131378969200217,14.190164944424236,-2.8618600319312453,-9.094049627897789,22.635548653258255,17.00229383183043,-0.010259046221696485,101.56755355914997,22.286501821714356,-0.005668989908505803,87.94468246584789,-3.3948120002526725,7.377234399898688,0.0023044193414546235,-2.875838444008452,3.837285179443949,0.0011149399154186,-5.808134466020336,4.160221987138698,1.3897840917209696,-23.484105496224803,4.057795615162631,12.544640379974714,-1.9253924028414784,9.638317676268656,-0.5435754031368323
581,9.683333333333334,15.114888143934609,-3.5932065885059314,-10.97290300313654,13.940016637073857,-0.9841571735554797,-8.774388043247175,12.280504945571664,1.2191581107186495,0.003212413086655882,11.460227933976357,-0.7483081319670719,0.0005850604927299574,4.3592249067218924,6.1111672287422465,-7.931042852883068,10.690481198885971,8.558913819851114,-12.274133097144958,-1.7996419195125468,-15.050642727141796,13.28530940338907,-3.2847714901866203,-9.222517310186944,22.98767719498434,17.43818719067892,0.006093495757112447,101.83984792373928,22.153248910807857,0.005251578753105589,85.81475127075143,-3.880240951119867,7.922601463151147,-0.0031098076553649815,-3.963059827239549,4.569285739395855,-0.001518231778572281,-6.057307289734604,3.9737546735141995,1.3792553527076679,-22.857322554414566,4.052243458305046,12.625613178202647,-1.877858142327609,9.309101695827023,-0.6790279269955682
582,9.7,14.047562294761446,-3.7912641802199265,-10.629297431999005,13.170015301446178,-0.7706411364111463,-8.62112811391261,10.667161257111394,1.691983239185155,-0.00041087680623077535,10.264071023795553,-0.5638370635010691,-0.0009294039412327159,4.367066835253504,5.65639317026652,-8.489471623809116,10.488298075080746,8.609001049309278,-12.40743988293743,-1.658030529503514,-15.169223344611972,13.603833757777906,-3.6204649571513947,-9.248998320887006,22.45100053861147,16.978691592308714,0.00617235207220308,99.75285148829187,21.976084009726378,-0.002569226080485983,85.88794680970722,-4.061783325781068,8.852949105955208,-0.00010574739906591848,-4.024257353808969,5.2864639740369945,0.004384304138473587,-6.5907484667996385,3.8282722980731654,1.4156308549996026,-22.337791939198464,3.9580306121113025,12.561468023209857,-1.75954481420734,9.404377036467851,-0.8464695059275915
583,9.716666666666667,13.990599084832613,-3.9975902253294042,-11.283123056150883,13.225082893319778,-0.532050926445231,-8.874923091729821,9.931841615734088,1.891957540811938,-0.0005611607695598326,9.352603838679611,-0.46437112433088795,0.00016192508903931663,5.725051145459815,4.98893284571259,-8.035755086198652,10.976294817781973,7.263148632392816,-12.001173783861216,-1.8271044644201193,-15.214807427747935,12.300071706310616,-3.8184263626949555,-9.036770692647142,21.55450720864751,17.0007663306377,-0.026370260138059327,101.65297082524638,21.506385328234927,-8.515266439091235e-05,85.78642676983557,-3.4432661164816536,9.51845817426136,-0.0016851215932422083,-1.9573442202975802,4.646703480785998,-0.009450096312838035,-7.7123524200349625,3.7312137877882146,1.2589370934091706,-22.254672690981028,3.9711778588806297,12.63076569144789,-1.6527905721010585,10.09371065198176,-1.0530235110785302
584,9.733333333333333,13.445317956222732,-3.947375386930276,-11.89318665077779,12.476219354888533,-0.7261810939674335,-8.825609296700225,9.065758969786723,2.0725242282999394,0.0012762331845278117,8.12005389005132,0.053118398043769804,0.0016278724747270238,5.963828421468912,4.918898414671654,-7.2731507039014245,11.187619710740996,6.053261581752712,-12.058193961986056,-2.187636208083067,-15.196395509852842,11.296691307162291,-4.133944675835226,-8.87118778286647,21.017855587335266,17.802900651694685,-0.021797680283146367,105.16260079564822,21.342558850027338,0.004536786027625012,87.8472864022586,-3.669443491593086,8.844774306587476,0.0036710310141992554,-0.820560355158097,3.643415272448535,0.0013446979499122894,-8.155265096232904,3.864933803700371,0.9792355575175633,-22.49342807907787,4.298273782435423,12.836751302957317,-1.895561925489781,10.21141022267009,-0.9659380302265954
585,9.75,12.098666920995498,-3.752811259313553,-12.151263347490287,11.00410744352369,-1.0787979794256424,-8.541859169025175,7.716208542236973,2.2584672821466176,-0.0007396874620943561,6.846882232348711,0.5516592448969463,-0.0009495975626478342,4.702431435920904,5.363137774515734,-6.975883888093956,10.441595569406214,6.15524324173057,-12.279734287271955,-2.123961770710487,-15.248275715942825,12.327347946899787,-4.509841482562007,-9.089910990946791,21.783609801506692,17.93940107997756,0.003016655763142947,104.6273455169089,21.376002771553424,-0.003096470625686703,87.49057049605912,-4.212104710096441,8.004428427036666,0.0042938578813357196,-2.2910835842149537,3.952722375090812,-0.002299081716939691,-7.883990827772777,4.051242683277318,0.9263360753532696,-22.475401617059084,4.5869160438660455,12.791660297728853,-2.112596265522455,9.658234798595768,-0.7355082125295151
586,9.766666666666667,11.266548359110356,-3.782661883959585,-12.489673979154421,10.276717876651151,-1.0296040323113427,-9.115007535601933,6.546757232664909,2.4358277171697917,-4.2001426029405445e-05,5.986998269482808,0.479106782976214,-3.170118424394148e-05,3.6955607384824614,5.755003242545841,-6.826964560778922,9.640305414568264,6.7494184574664455,-11.760870756292105,-2.1153366137980565,-14.995417722276581,11.653685036283463,-4.748697901980774,-9.2858153048446,22.679066466754406,17.71877032070404,-0.0022439140199180265,105.8846586048044,21.06142857889142,-0.014459561151989788,83.09178535137029,-3.6278422827075802,8.897995201703404,0.004294151765651387,-3.9229777747954095,5.181450070909631,0.0023893205314053935,-8.210815387975313,4.030951947302155,1.0412057496967553,-22.1340996930318,4.404149972506857,12.805903405089238,-2.1335796773250957,9.567100393026548,-0.7377865476897565
587,9.783333333333333,11.03386960210943,-3.879260413750802,-12.563092693007864,10.200411904045255,-0.846867131152553,-10.028844945477916,5.786874996165644,2.749816539691777,0.0004980767273229799,5.514287967286349,0.14552623390593972,0.0006242924327625754,2.9427667491581926,5.934939176624764,-6.722318894600199,9.405958741209835,6.716668828103703,-10.866470878065527,-2.284976440625159,-14.80458123283639,10.167674568962344,-4.784712559728087,-9.134608336521088,22.484013328088565,17.909341031855863,-0.005168287990539537,106.7441631036291,20.62468800277318,0.013977849705296768,83.88970854638428,-3.511459957332897,9.451621219696452,-0.0012399950780410795,-3.353219621574083,5.680521265031591,-0.001345542114253342,-8.854282515560016,4.109139622127276,1.00483523401777,-21.79465758376537,4.397422431115832,13.100974225214507,-2.2632670116262394,9.863689108111956,-0.7296765532470963
588,9.8,10.395993476132672,-3.8307575124138156,-12.76682569282926,9.530341487507803,-0.8143401388747331,-9.877951066054553,5.347163102414382,2.925368239546225,-0.0002689414787533248,4.940584763030364,0.04771783083210446,-4.7544054238360836e-05,2.6066002218415716,6.045033537974142,-6.439359962481246,9.283381799465044,6.550219686875605,-10.982958608292362,-2.1430802600184204,-15.090687040176318,11.221006892664308,-4.509647671389491,-8.739850172241777,21.63113771358905,17.897821624009165,0.0004949722639454658,103.8222870166635,19.796311747517933,0.009242724145323174,88.81162342348378,-3.973219487511607,9.019870270694076,0.003630787069787993,-2.2141860707581458,4.796194236193736,0.004840783486559579,-8.741847268413022,4.259268278514846,0.932176309528203,-21.616351129400826,4.700377902709219,13.222259060255126,-2.37201751862644,9.60576938488709,-0.6260482094064902
589,9.816666666666666,9.693279656644973,-3.9084169360619185,-13.382417621370184,8.6556138611502,-0.7137455351823623,-9.093667804438775,5.090287234756915,2.8539736588446996,0.0003175341391216444,4.217085282143556,0.1586989520424499,-4.1200158145111175e-05,2.9072727880301414,6.230577131282036,-5.850612408255157,9.242103349087756,6.79727076428513,-11.96467781951497,-1.6667425366510191,-15.240517648541946,12.131366527515803,-4.137153818139016,-8.422766892068841,21.334808890257293,17.53362649478429,0.00629156391262761,104.49851692629646,18.706303707389424,-0.018222704737844913,88.38548178022127,-3.2760200355549407,9.367784867624993,0.004201401352486425,-2.9893203022349795,5.723433147324756,-0.007115299582113128,-8.427571861911895,4.175151926483588,0.729523917951921,-21.754620895271472,4.674039130922158,13.527818196492657,-2.239585503233139,9.231713125735192,-0.7379423759829489
590,9.833333333333334,9.79857876141985,-4.37537844776382,-13.170468774256781,8.541764766112145,-0.37323597006568704,-8.510975145457502,5.210689802052535,2.9721926776207592,-0.00023290796511703647,3.787891186233728,0.26690219457939973,-6.974086865323014e-05,3.618097905500729,6.099609594471086,-5.990464997317187,9.345312951868992,7.100943502912326,-12.67982160968238,-1.3104801518762834,-15.075401570614561,11.335402744135,-4.1377295280385535,-8.423571890121568,21.88731328921961,17.000909600865853,-0.007195631708605509,106.09881895011905,18.386903661011246,0.006053505832976964,86.17615654151551,-2.4175892341464142,9.02857850240427,-0.004125069751080873,-4.149090838890594,8.072894612389964,0.0002998559929521043,-8.813664390711239,3.852677099692199,0.49481123662044385,-21.827368126573873,4.624766223869024,14.010812495573749,-2.152099333017076,9.480441266049018,-1.125503101928992
591,9.85,9.944595678007994,-4.730967981735267,-12.10956523272434,8.517914703570174,-0.11593366673668064,-8.353964003673534,5.42204412202713,3.2596097901621524,-4.910435785445856e-05,3.664226672865925,0.31640945503203965,0.00012669705347979047,4.064179572499534,5.679108934600357,-6.96896474315546,9.000936164975563,7.1850428232602175,-12.800314318344864,-1.5708611484720971,-14.925655561440768,10.417954120778463,-4.5006180180971285,-8.534529916326733,22.39872984853486,16.53128469156912,-0.0018369354198540877,105.94016008617533,18.629550318705803,-0.00118667925678394,86.50761769944849,-3.480437194248379,7.73570392188489,-0.002518384365968159,-4.086881302686943,7.760917587172556,-0.0008277783115581465,-9.29323140078692,3.633542100226353,0.604961874890317,-21.442183042139018,4.892721688395538,13.975214154215202,-2.3104197322465776,9.63491456255813,-1.3920542054862597
592,9.866666666666667,9.475832673449315,-4.487021952500954,-12.024671007527127,7.987267479564083,-0.23163226364465173,-8.61653673770569,5.191871311784885,3.2271437853021725,-6.866431457462058e-05,3.4809371171790673,0.2349341805388093,-4.991319259241981e-05,3.478154277770652,5.64673352807201,-6.985982270577513,8.74369897164667,7.259048184869062,-12.68967347312034,-1.803661784725223,-14.844141404678123,9.810705790973428,-4.547695637054085,-8.441041237215924,22.57719547722079,16.608921084805818,0.0020924765686671384,106.21034830077578,18.366870969906376,0.000166956409580854,86.62237579357267,-4.404024595237202,7.936558862226026,0.00035290743134221755,-3.449601599340909,7.702244174968099,0.002040047825266715,-9.202906082326756,3.829835565650009,0.5732665650799555,-21.229454909987435,5.324396975021915,13.929070335338661,-2.4373111125974813,9.289559045758724,-1.2185455672078145
593,9.883333333333333,9.259346515090444,-4.032563158061416,-12.7820875174795,7.497903155275814,-0.5458082479933758,-9.079882820977735,5.104140628011483,2.968700148383161,4.77587395650859e-05,3.155199081322906,0.1025619369164811,-9.866291237892901e-05,3.0884925136197903,5.677085103514705,-5.987585523643115,9.607837275604785,7.693001156134194,-12.598852150930071,-1.3391168849011221,-14.822267844729359,9.5148892908077,-4.130392898401709,-8.256288462868682,22.91451514623991,16.91770394778244,-0.0005871508039575005,104.75277583002679,17.795948644234837,0.00500096365627602,85.95029646976741,-2.57404391971339,9.136794968414575,0.004894880796801318,-2.845004253525227,10.007648485020825,0.0016612691820309848,-9.033682689699653,4.206475232760776,0.3171205551721088,-21.43789457516378,5.5904956969081105,14.329183983991433,-2.559640261169818,9.154242784276194,-0.8651608018486079
594,9.9,9.403396839023188,-3.907310742256578,-12.892299385068837,7.3363093003866275,-0.7338778512070707,-9.723155979409418,5.202985803971131,2.946424361806074,-0.00010780858147005899,2.9110800597407156,0.18110322285717823,0.00011840004314618845,3.286614915465819,5.418261970209085,-5.634580775011677,10.14833616904223,7.614182862382079,-12.08357120478281,-0.9343098234805038,-14.761955149279734,10.05910052602751,-4.104447442826018,-8.273317263044104,22.877537526543538,16.62734642262157,0.0006320484620407235,103.85656115689864,17.719796216921488,-0.0029174583410406458,84.98001494975586,-1.7605147101410805,9.001238102813996,0.000399335034636568,-2.7438997546848807,10.373334229802664,0.004582332504063537,-9.263250203648672,4.3049996815265175,0.2693569852712095,-21.503370304980386,5.447516622840649,14.666341856941088,-2.806666495359996,9.345554592049256,-0.7443714784476809
595,9.916666666666666,9.199012590882205,-4.135388846756571,-12.745088572035947,7.23056826474313,-0.5472025367595389,-9.852559270756956,4.94324726142848,3.101269726280415,0.00010892609897352368,2.789186362828948,0.34917505143708655,-1.1834783692052207e-05,3.068700049754998,5.754999761894998,-5.924178208951986,9.502048813335161,6.470750374069584,-11.68266562744157,-0.9945352126840326,-14.675618007047197,11.5323876922297,-4.376581393356155,-8.326144287858034,22.68732338532396,15.90073779193517,0.0067682408356265706,105.03730154566973,17.733099586740007,0.002469027455786558,86.81561557596929,-3.795145110564083,7.813563032944162,0.0034005506445246077,-2.392624821980197,7.6008507479609175,-0.006178066829313017,-9.645750120239779,4.075097591550541,0.05517106187921245,-21.22827507268846,5.441461957987147,14.786154667965691,-2.827288714731921,9.382463519553767,-0.9138007477356677
596,9.933333333333334,8.706687859721379,-4.235162871291463,-13.030414582391574,6.957720655089225,-0.3469474342399657,-9.469397508400995,4.642679235818723,3.062989410872272,-0.00022232764941370668,2.7076735365650637,0.38731668818900683,-6.992977793826998e-05,3.0798057415211373,6.313436270707365,-6.059874671731094,9.56248667121791,6.09606245396,-11.98537445925069,-1.0926025462623346,-14.58856130386235,11.755216031701755,-4.083510669525477,-8.237593443713314,23.733275285388356,15.715188621279362,-0.007928236045870531,107.8027971781303,17.35091914105705,0.00457076095066334,91.37850160223927,-3.878363488202194,7.52671333594331,-0.002116958497153271,-1.68256243915541,4.840064634012282,-0.0018702331060424938,-9.712689904162735,3.8981812700096476,-0.37090868004928407,-20.84779352386109,5.7550288234446345,14.814219282696245,-2.627152658445385,9.17234957222679,-1.0519214714239606
597,9.95,8.390623467267332,-3.911459229865752,-13.26899471023245,6.606074772660311,-0.6247986182882295,-9.808819641484478,4.602488093302861,2.9135277426734993,-0.00020455148365844497,2.648019162628786,0.5212106410262993,3.662042453007112e-05,3.4759105209174868,5.712750505553387,-5.807256133148792,10.188941911381042,6.624154934556488,-11.862755895581095,-1.1133170172327174,-14.477593182398337,10.049891274520245,-3.5436894588986174,-8.154136890923004,24.62232987213983,16.194001397725962,-0.010431364803043353,110.17458015797122,17.14122675900008,-0.0050124466726683805,92.00472792454151,-1.9872752185465925,7.98473644400575,0.0018264061261088157,-2.1598102462387403,3.916189199059409,0.002549183530732482,-9.526644948242645,4.072179124877054,-0.30942436119513034,-20.758003727552307,5.794776550032723,14.658266388817255,-2.6999157364914184,8.971925680829681,-0.8971002823383905
598,9.966666666666667,8.560223736914454,-3.758608000762188,-13.149516362735852,6.5060083085877505,-0.8729199281619344,-10.551267061138594,4.91508690748012,2.9235157847653572,-0.0001558656326014274,2.6051132893324334,0.6810963483579523,-9.059150087830884e-05,4.023537537001981,5.102318939737391,-5.365805512746205,10.140170658119827,6.797956818917826,-11.241011392189394,-1.3488692045034276,-14.616879537905007,9.426555827012432,-3.445045004595035,-8.07706251021175,24.21190350607856,16.90909199252872,0.01768025625217454,106.4608201326622,17.488343488384945,0.0038636433400521253,88.67019334051471,-2.725928989659066,8.112903698772081,-0.001033372204003749,-3.0345226021264233,3.8617681579378167,-0.002334100012485371,-9.645789835713622,4.318610847561359,0.07210309771435597,-20.876435019856004,5.532582480706992,14.649172746436593,-3.0801939784782717,9.027143090858893,-0.7798186642923581
599,9.983333333333333,8.889627478249698,-4.1223302019903745,-12.851325701764877,6.705945103639891,-0.5358834990707688,-10.753627881581238,5.231517534057121,2.967519422881454,0.00011201080490756481,2.654262628592673,0.4770164054644164,7.2310286741323e-05,4.871544152838426,5.666984557732081,-5.336353370504308,10.248983699704214,6.970722697633594,-10.90384922499511,-1.8260253272839544,-14.827704069972748,9.664315558089674,-3.6420790325930965,-7.995405653905043,23.753608894430343,17.58824388180833,-0.005846531020981117,103.70218894166706,18.293580708839162,-0.0023654115669185572,87.16153954810362,-4.126469227956821,8.313078015967504,0.003549944153718685,-2.8084876814827906,4.533375185115302,0.002593481594017748,-10.05608481578078,4.188841982232946,0.1495980517090185,-20.77944893394432,5.22096785136257,14.912908958853912,-3.2426178051595147,9.232676988020312,-1.0328462294083152
600,10.0,8.790036178614782,-4.38868669908283,-12.430467152291381,6.7385155502919725,-0.16744377879864022,-10.60491471254684,5.18580073314282,3.0256854229851746,4.708241421303605e-05,2.760467611442472,0.16618791468250382,9.73060333736745e-06,5.07232257185851,6.166111368904755,-5.840729188543489,10.284482858705115,7.010314595175752,-10.864119341180754,-2.041369748336474,-14.684451792627668,9.023814326319245,-3.675725052333085,-8.124938834184242,23.430963991715775,17.67818317777555,-0.0050758551344438395,108.27386893809661,19.27811261735828,-0.0017284721941687494,87.80070694959974,-2.7846612467219423,8.283023013680113,0.001089923067331013,-2.4548482923649066,6.340517427776204,-0.0023023389738140426,-10.11386722543171,3.9591441903006346,0.14107733406869002,-20.630483791198298,5.094823876609953,14.959215179293585,-3.1790854399749695,9.193918817263814,-1.224550630586026
601,10.016666666666667,8.311673559047836,-4.224242666778732,-12.144090079449157,6.271161174336392,-0.35252567632122667,-10.447918139820931,5.17053039473625,3.162285628061496,1.6376289292250136e-05,2.7271014830552596,0.1671012123754344,-9.660526048749185e-05,4.4809519317915205,6.280421174338481,-6.177084440919191,9.615996422747713,7.3780481589251075,-11.329649969142107,-2.0571309311947967,-14.487633073898374,8.74893018429827,-3.383190069388457,-8.274834559547338,22.938019784668025,17.574612813805924,0.005601087729007769,108.66127284749435,19.726737036516315,0.0021741789952903134,88.25529351412763,-2.3503693270647545,7.723400991199103,-0.0002857654773467508,-2.9718479245702745,6.977298114438509,-0.0002986488316890779,-9.714459202323559,4.121771874453286,0.10278961099958171,-20.575681880637923,5.423353395907503,14.74792149653077,-3.261496194905509,8.786860068384167,-1.0242058022438392
602,10.033333333333333,8.099626342118114,-4.045647281772404,-12.192165155534045,5.9381424357332895,-0.6045251426705157,-10.138451596605895,5.123976041948723,3.1187057334177712,-0.0002523595306161224,2.572199934629212,0.27102867977514533,-0.00017682145388798914,4.010627099997316,6.480369541350241,-6.060325809896193,9.362510780123943,8.253195979557939,-12.071727405105282,-2.171265199287583,-14.44477138372124,8.703517078451057,-2.8318801019956954,-8.044044063161842,22.145498246859407,17.853691850110053,0.005561570938932422,103.63804996502796,19.53260505632667,0.0023803671710399565,89.37346715764993,-4.066186164858215,7.29287130778002,-0.004051556195779464,-3.719683223230742,6.022456303345045,0.00035288190943679056,-9.590379096027041,4.282622530406232,-0.06530419262475744,-20.602439711647794,5.8936462626522585,14.487235821436718,-3.3323786471560624,8.62928329623577,-0.8989009570188439
603,10.05,8.369833456500144,-4.120594846294489,-12.266133908804377,6.190359435872076,-0.43707592594999617,-9.879621959757644,4.964393284329678,2.8779916870803244,-0.00017838760553173577,2.5925169601830915,0.22301707193293344,3.2319701859915604e-05,4.031662517993453,6.54471934893327,-5.960757789790426,9.721946296909977,8.033768041097561,-12.171487165033565,-1.9887955497488883,-14.561634359152912,8.963152431358647,-2.384262375753293,-7.775569385205347,21.45480473450545,17.68935361657335,-0.0004569306539468713,103.08481318243109,19.724033397697028,-0.006253377615392612,91.87402051096832,-4.569559382115049,6.872843637520507,-0.003227588026314289,-3.17053955664834,5.893368672462958,0.0013090698303021816,-9.922480477359196,4.10740995765202,-0.06775081976906226,-20.659353966998236,6.022979562705343,14.636535846151759,-3.3504231198613303,8.958614748174924,-1.0882658842839346
604,10.066666666666666,8.366625872610012,-4.20260466289576,-12.410082798384115,6.185139666813539,-0.25942474882326405,-10.105078754794448,5.1092961688800305,2.7136675126654852,-1.6664895405066256e-05,2.7981140266155484,0.18354439729670538,-9.004606381048398e-06,4.2798319601171135,6.6854081045033595,-5.919746290621113,9.801886353783003,7.469947468375785,-11.792128060964432,-1.7088876359712046,-14.79683310798149,9.792566209405923,-2.197846488320761,-7.786215479523433,21.336127860487885,17.182490708301525,-0.000584768755479533,104.98273636029474,20.43627515062349,0.007789715011080739,93.02513130897198,-3.699555504893678,7.010732719160552,0.0034965102527948206,-1.6909088831604335,6.311403150703182,-0.0053091717913291755,-9.912696140962737,4.0354452283384905,-0.0660889235855121,-20.5057090729363,5.93349672140697,15.18838485916232,-3.4742499756871883,8.9115394110036,-1.201065597091286
605,10.083333333333334,7.939286113544963,-4.146796081527323,-12.453200839426248,5.747394102102842,-0.3636772708589123,-10.321756628032642,5.165324999329275,2.819076055425606,1.4451227878544095e-05,2.776254821982488,0.18117824224347714,-0.00034329308466390435,3.9450160952374613,6.7184299693914395,-5.92963820124093,9.580301748214632,8.367746314791374,-12.02969880292939,-1.9507730649818629,-14.683204251758701,9.234721407499304,-1.672633851441958,-7.653087268391718,20.609946014126706,17.35729165736318,-0.0013274273494720181,105.45149762055588,20.33522707325035,-0.005687940488626121,90.59682809128928,-2.6797479723736273,8.156033043138615,0.0024747636640614695,-1.466655770997333,4.955592792198093,0.003200899906081906,-9.591345864565572,4.151756174752224,-0.19585684842100523,-20.42336800454494,5.998495349122807,15.260820928770029,-3.523139249295507,8.488886931387707,-1.0825691083512041
606,10.1,7.795731761757165,-4.1364598742924,-12.389815335915246,5.609162680583783,-0.4856799009661907,-10.175562228544162,5.0748533974579315,3.043423882825596,0.00013352289165298684,2.619241695021595,0.10446700593791536,-0.00034066865305244006,3.6406731565484978,6.3630135923261655,-5.862899737621137,9.478485526281888,9.5728419880571,-12.566787918940388,-2.3935311723914867,-14.349869164795404,8.131683559666769,-0.8917785618885437,-7.361251900622922,19.07029134075292,17.824289312117173,0.002911593726034159,106.98518025296515,19.588106927256927,-0.006306093225885498,87.33987755185052,-2.0543172312810265,9.510607753005152,-0.002457158169783406,-2.1452731925711683,1.5571409205720694,0.01058049230240616,-9.662313584706377,4.139914715461082,-0.23766626434689864,-20.39994825611054,6.142128807486453,15.062736693822593,-3.449174829605816,8.43610156434719,-1.0084553036271209
607,10.116666666666667,8.281735922673176,-4.2858896842980485,-12.50510312171372,5.888007648599885,-0.4285262367977385,-9.85219729639303,5.647537041997665,3.096019487308719,0.00018854474889349186,2.686847863168807,0.20580787898867423,-0.00010775223832355557,4.79165992967392,5.907338291200477,-5.42316903668574,9.606826883793314,8.754096343522962,-12.76801780149459,-2.431747162278161,-14.346654622066739,8.1301936172827,-0.5373029221637804,-7.404630037880938,18.869792040459856,17.65090698649464,-0.0005669560023975677,107.55900834813112,20.49425341998169,0.007582262380054987,86.15201579024793,-2.415428048780064,10.385783870804799,-0.0008046858353908994,-2.8422662131839926,1.7897255902008098,-0.021017875824498405,-10.074057146152098,4.041247363954877,-0.06637671615810711,-20.283741965049167,6.051956115414522,15.253849074285206,-3.57871939996106,8.746587675108602,-1.1349402057735403
608,10.133333333333333,8.753247138056443,-4.298983524658854,-12.340341873348114,6.096148217555196,-0.4243399112873047,-9.506008271149328,6.173510198565304,3.0491406317797436,-0.0001621877341512535,2.7350413075920827,0.4254598760575357,0.00025200077309832163,5.686089347925594,5.699316979014877,-5.2615499559349175,9.882984997934036,7.018490296115752,-13.012717178755222,-2.228725942554461,-14.521010836428504,8.287566716182157,-0.3801847432298816,-7.597217982757528,19.83502547388328,17.040704634313013,-0.004011441682860183,105.33876223124176,22.49006131532996,0.0057575206326450105,85.87823038222635,-3.2615521804467895,10.415099523681775,0.002357478544614581,-3.808771606797999,6.756115628572952,-0.0061108275026783175,-10.287470693155456,4.194266041902121,0.13731570600666865,-20.348240573874946,5.961559458791506,15.632435739039025,-3.796267454224096,8.953654542196407,-1.1342244451967174
609,10.15,8.450045014166225,-4.031793702374798,-12.11796166419478,5.850338228240326,-0.647118520410806,-9.833096543268189,5.915829649006654,2.961294192222645,0.00020504941906656404,2.715057237840789,0.36937811863953524,2.8643157610826913e-06,5.120299741754557,6.124600482991894,-5.58629555088612,10.07676218309303,7.308462696564977,-12.690027349886627,-2.323792106556027,-14.646290426787326,8.544039975684608,-0.061287195113341554,-7.45096776159466,19.182468531323863,16.867144962130354,0.0014555110898608946,105.3800994305905,22.590714944959526,0.004156074758857186,86.5902240708366,-3.053542295772121,10.075792036173643,0.001353116629810351,-3.6179353440924684,6.189899562777146,-0.009204913637517246,-10.116182307322653,4.464927870596293,-0.04341929612451122,-20.170763888039108,6.297725605955806,16.004319884197194,-3.6632479090409684,8.736977666967338,-0.911150752196164
610,10.166666666666666,8.067283561707747,-4.236447918056677,-11.86702370280187,5.496886104077015,-0.5299378975887618,-10.764867954022618,5.9802538781503936,3.027454966816933,-0.00013635854368615968,2.750833452140056,0.34700057439919235,-0.00027435882993368416,5.592039598907521,6.2486756118194835,-5.995135728069611,9.931743666167591,8.457308559708835,-11.826182542657005,-2.487779267586491,-14.671742527775642,8.927152393754778,0.3226642338861185,-7.261519077852849,17.725023090619793,16.980759678369488,-0.010986532497044572,105.06146642232329,21.84291041290019,-0.009711023278621328,89.31095325977103,-1.8359534760634746,9.275996053679266,0.0011985994308869347,-2.0547027817337,1.0421361572817975,-0.0022267700915561766,-9.963875543697695,4.172139875941468,-0.2938017121652151,-19.810403021070734,6.693593467823475,16.284503348022003,-3.5377862563563114,8.472507275202286,-1.1284356708310286
611,10.183333333333334,8.007393467147343,-4.782693578738763,-11.319754377629415,5.219236344434759,-0.16365471966119263,-10.81978624822625,6.3241572661608245,3.2358298197550552,-0.0001659098803399825,2.5532784481497646,0.7143626205627212,0.00033434003369686347,6.659733852431305,5.885002877573646,-6.30166391123257,9.710950441605947,7.932538516003866,-12.054507805035692,-2.359784744081069,-14.493811832022208,8.349953090506299,0.5104999323923076,-7.398942671945559,18.09558438720281,16.676688316003784,-0.0014634972180305056,104.22320780265282,22.54816343472408,-0.006191573129466954,91.68895613178758,-1.409479928435862,8.458249461458516,0.0032998528958260876,-1.1426497202505523,1.2161696726678168,0.019002338620919535,-9.86676132161414,3.726781282242083,-0.24214904974912202,-19.869539259465853,6.790893915486934,16.325630632439356,-3.7242592973769613,8.366879684226305,-1.5910354205971702
612,10.2,7.853292540554946,-4.507813018728292,-11.407128397641891,5.050615757397302,-0.4325598883191674,-10.07749247380924,6.051647120615848,3.100942091574029,-0.0003838879363626129,2.3684639183732155,0.9099695941548899,8.458160415376908e-05,5.9376371837701125,6.067644330306864,-6.080701335170962,9.839936021868214,7.077713589551567,-12.706655943966119,-2.312499548178879,-14.26807025954688,7.388379377136798,0.5906191491550601,-7.575065969660937,19.39893527339019,16.20745782663597,0.009232699611706155,109.95618127169125,23.65820935742376,0.007561130836034271,92.36751365130363,-2.303136724054305,8.989104846740887,-0.0016386026596067417,-1.334669158400852,3.6722364214099334,-0.006054062695569857,-9.755302668232849,4.065233352270216,-0.17123949685963274,-20.020276780692402,6.706215512555775,16.07461619106011,-3.7369872772923824,8.266941459843741,-1.3559971256469256
613,10.216666666666667,7.751283678469147,-4.024045201882127,-11.880295240842083,5.134802548414703,-0.8023108123498479,-10.117844844318897,5.776596580134278,2.9483194236229266,5.260066745758088e-05,2.5389263602038397,0.7021475718065308,6.274637073408602e-05,5.267673673867225,5.770138408432248,-5.799536733942484,10.071338895383805,7.564606666750321,-12.33264932648906,-2.5464547319884314,-14.293487963776856,7.266323516269715,0.9289313864608054,-7.624173512799339,20.115777380439173,16.07802795026975,-0.006930645611861377,112.7175708855658,23.89075308903341,-0.004360177560063717,91.31147693056741,-2.7060899408244987,8.93818146612862,-0.002129111688483965,-2.2863276896579543,3.900303429704478,-0.00015351638392677554,-9.851753178000925,4.4439866467988995,-0.015863080714171227,-19.945010659619214,6.328566442005646,15.74410826425963,-3.591998788266974,8.263514709464104,-0.9860946993714498
614,10.233333333333333,7.830912299742472,-4.1467255882471745,-11.782067859579762,5.120080219775955,-0.6802814488160226,-10.650406084545901,5.931814615357434,3.0383723065871915,-6.420617376025942e-05,2.522837064143025,0.7508000798295812,0.0002436522810562899,5.97119728996211,5.044866793244901,-5.895066816920647,9.982072196697763,8.034405349392847,-11.952442099675112,-2.9172672553243584,-14.473494844159251,6.990009664533056,1.5789302618555692,-7.616068250155304,20.627812295510786,16.404615831761028,-0.003709817481745628,108.30712400842555,23.32855067066597,-0.010252899252935429,87.22181957859644,-1.7307823443251038,7.6251260682030875,-0.0005883433970078639,-3.9166131456724504,3.7333237022187977,0.00024856422826056274,-9.952449522134971,4.307545842829891,0.292749891593825,-19.901398047559027,6.025268236297565,15.660003844795467,-3.7524087541291173,8.326808730663753,-1.1298707926344485
615,10.25,7.999180896549723,-4.178539695302554,-11.637405073129889,5.061176244137604,-0.6451494166797763,-10.710915752557062,6.080344770995732,2.986120720743912,3.5577630086942286e-05,2.370045764206717,0.9240109879224429,0.0005860726652629376,6.254422755374245,5.089224013911695,-5.734571233569228,9.93873398159144,7.92681742915438,-12.253161202208629,-3.1653848880189956,-14.588410939315397,6.695499631819095,2.320527827566452,-7.436998151517778,20.713376092870345,16.710033613370797,-0.009722308021003236,106.88830936734534,22.70113204226504,0.007371958428486013,83.48288390040456,-2.248419739176999,7.640505325673362,0.00391491618473229,-4.412154103528362,3.7937230205253987,0.000827293995233887,-9.945138577050733,4.428586580443862,0.49457998360210464,-20.10923712469206,6.1342355472508725,15.716933664407126,-4.063195143944016,8.389302703190744,-1.1779628682105294
616,10.266666666666667,7.860102603494551,-4.103704215919144,-11.50638536144798,4.964995626879647,-0.6712552166144344,-10.779876622963824,6.121940905871337,2.9803494191705546,-4.642688815875616e-05,2.6462559119664366,0.7940643914330555,0.0003959787340428567,6.073090575538862,5.019891357611118,-5.6471617207922336,10.40547821817703,8.15225172321639,-12.643119443611765,-3.0879021453612494,-14.646774255851245,7.370066696405178,2.6292099878044684,-7.392283830457463,20.07630044052048,16.535959151097188,-0.002858819837143734,107.75330332770805,22.6914639311329,-0.0024435055470963633,83.9488450378765,-4.228266366510925,8.345076065794784,0.007709439339139355,-2.9737511064264606,4.052907215192204,0.0006816367716427951,-9.821824387786828,4.611186616626185,0.5498466533111726,-20.22325966778734,6.1524551271750765,15.792656088632947,-4.226068913827495,8.203078784197391,-1.1116027810406994
617,10.283333333333333,7.559033557415477,-4.189624422127997,-10.963491162583463,4.842521045275997,-0.5822373538445504,-10.989302137847284,6.119691401065516,3.139811584375893,2.041086953420851e-05,2.9549738757260395,0.6707053589979705,-0.00034215830319510613,6.058251955295685,4.635592552461958,-6.254322249858679,10.696762869211755,8.126246999357845,-12.55573678720089,-3.104832073626026,-14.50755797868358,7.102295648959075,2.6156224495363722,-7.811431530532405,20.64841541770252,16.559095885773772,0.001332815049069628,108.30484402478845,22.928863457204123,-0.0023621887861244757,84.2255970005086,-4.21527596303349,8.10048982582076,0.0027218599700027037,-2.662821634628956,4.032415935005368,-3.286833136497424e-05,-9.681793453120386,4.403011531736051,0.3568922586389788,-20.0678096367347,6.120876075561434,15.988649244916026,-4.182114305266553,7.9443840271668185,-1.1795717598611217
618,10.3,7.751628422004981,-4.3098796033358715,-10.637045180371302,5.112154664829398,-0.4915335566093342,-10.974263442873408,6.1999214699003025,3.2486495027763747,-8.877827484194938e-06,3.0260587179357135,0.5883549122476167,8.830927154251017e-05,5.899899000598432,4.72266999584221,-6.792388928678164,10.267404630269272,7.688642879871679,-11.980476643888169,-3.1860918027749854,-14.517442635191985,6.798006157027382,2.8025386759668374,-8.122096650619707,22.082469307444388,16.768362685147423,-0.0015725668949619547,107.482249481973,23.07007013803237,0.0011449773740919978,82.98538309384747,-3.259219487222057,7.654904891121001,0.0033971819725271534,-3.9731450803349038,3.5672398371426586,-0.0010418715674638498,-9.753168361974055,4.227038067078188,0.1106172705009942,-20.185841792389205,6.1555479616015605,16.171870633180546,-4.033676149238952,8.083951000507394,-1.2629102134675083
619,10.316666666666666,8.22515008978162,-4.556893892919851,-10.692418777078053,5.4786809356794555,-0.31047601590934343,-10.835810120419696,6.41083038952311,3.281419433344583,4.505364991026579e-05,3.1045457084929953,0.6504524733289048,4.615202573140861e-05,5.9862017571344515,4.955005418971292,-6.664768202689058,10.041095485191994,7.326047062966899,-12.115248848827646,-2.871662870106162,-14.924166635242642,8.400180044154137,2.8260179459734407,-7.9205743218098545,21.258204290809505,16.36183908602559,-0.003983957919457652,104.92911240787966,23.30878176633773,-0.0027263277121821086,84.7814211448037,-2.7058936025218667,7.761219240866255,0.0020202174923052998,-3.5355079807292813,3.808137686066552,0.0034869384496908234,-9.954030218948546,4.17845259664447,0.2551397046660545,-20.458393821864746,5.8236551916007295,16.362837148365866,-4.180867490223104,8.373702307543489,-1.4603369110376105
620,10.333333333333334,8.457377983894474,-4.583031408414195,-10.60182473843644,5.645525405132887,-0.27952043260765436,-10.782700245964994,6.354313877079142,3.2171024042757335,-0.0001396127071488538,3.093380431347195,0.8882431731353208,1.8638708406849027e-05,6.397420346992411,5.011868867963412,-6.58414031031284,10.310555835691433,6.954656442249794,-12.814877739045125,-2.6003241981874594,-15.000629296605034,9.266884095503892,2.6875645276436417,-7.760235069264442,19.757103133361124,15.952618249012149,0.004697596967007676,104.00810034739784,23.33887806832499,-0.002894051603347596,86.01230975794421,-1.9200261202750075,8.295536000462898,-0.0008361339967726623,-2.597615937333924,4.4629581230554,0.001760745692994803,-10.19741383165742,4.142521563415801,0.3121516539245727,-20.377890199270205,5.577773005453297,16.769231616640038,-4.446898510369711,8.575682705786763,-1.5568046150400703
621,10.35,8.456977319556048,-4.3692946768395196,-10.762322557370249,5.75995036681168,-0.39753307293072077,-10.881329591202908,6.2513965999545285,3.1339743638149073,-4.220892652842799e-05,2.991472556084346,0.801735066505377,4.295103434276384e-05,6.913136231688393,5.183909291258057,-6.605911250402981,10.378473338088135,7.196082195833114,-12.682151008169068,-2.510286095575203,-14.79684853359923,9.211474314372516,2.80141625285255,-7.8755946673698105,20.343606740594392,15.931247155741046,-0.005047211626978756,102.2685659701847,23.11024097919288,-0.0035099633294499114,83.9950213409452,-2.2883333905792327,8.51299849879666,0.006993985320052635,-3.6750201609299173,4.45707937896326,0.00152195174271046,-10.315002223901306,4.137272123813662,0.008779462107597495,-20.240209237213346,5.79550594126284,17.059475119054273,-4.3324115927725,8.676689685259545,-1.4479915942240618
622,10.366666666666667,8.467165429966387,-4.276658787839023,-11.617511512216526,5.773902909469146,-0.530946827150577,-10.727410339788332,6.384769703089516,3.0455789672974487,-5.9988728069970004e-05,3.0699499845550857,0.699603900193997,-0.00013602100508485818,6.675030575361012,5.527473129045339,-5.8508738053602825,10.262451729021956,7.67021886609405,-12.382292826667106,-2.2521123284804165,-14.789988048331875,9.17967236439675,2.9144129072711866,-7.771168755693597,21.104119829106455,15.659050420724977,0.0017111842823149342,100.94895222097104,23.041463437549105,0.0013020170657833683,83.34385972007888,-3.3471902803848215,7.965157386449211,0.008306473586424409,-4.511613809119011,4.451194684802879,-0.0007855896671589605,-10.2147898438148,4.253835677066889,-0.032747901643161534,-20.362488955514323,5.742984247849091,16.819410208416006,-4.195672043019449,8.595515313572847,-1.3529552031693208
623,10.383333333333333,8.269756052739307,-4.014900611817291,-12.192317476204662,5.618086930115085,-0.8560973640650383,-10.488357245310084,6.053115614846165,2.9375217285589383,-0.00012121599660278708,3.2529088072560253,0.9165036057149815,-9.933926054291097e-05,5.146625321751422,5.651753319596602,-5.138921594490754,10.203054846091208,7.324698274643916,-12.567259907937492,-2.1336258153010115,-14.801783287564671,8.404608638550455,2.783941728419844,-7.483317159146093,20.520403897226295,15.493124534504226,0.002519439934131344,104.64277767653851,23.144818368472478,-0.0012591598448731625,83.79118053334412,-3.3157697618704143,7.2950094943978,-0.0018214277334798851,-4.257612530111558,5.012182987992388,0.0011692192928584243,-9.98363323879028,4.574031846494126,0.09205580153749944,-20.515405651700885,5.563559457902154,16.369020051487123,-4.323298653388929,8.365569780795665,-1.143994677185468
624,10.4,8.09310426601594,-3.839830530077533,-11.675817859581592,5.561419147114958,-0.9114639438015142,-10.697687395647954,5.74838821111352,2.947633745914942,0.00016134223068227943,3.2194997127405722,0.8808513328620085,-8.0185492044466e-05,4.677772381046522,5.4570053350100824,-5.600727041342774,9.94341635003714,6.874752511892354,-12.478641659689487,-2.266021898175143,-14.87055598679855,8.596345600395702,2.6037653007952377,-7.4509459337038,20.250103165391444,15.776954741359342,7.947159275765034e-05,108.22199527487754,23.14805811695835,7.509753582252295e-07,85.13706595577699,-2.9958526500301565,7.5383505194083105,-0.0020365358273899733,-3.776677363605367,5.088006127598846,-0.0003019108978417981,-9.892980461957665,4.638365800602102,0.1029855528466695,-20.35044850022801,5.864814132131114,16.049395306096198,-4.4224368864348556,8.306777290362502,-1.0415829069802434
625,10.416666666666666,8.509325338306526,-4.088856104112117,-10.917687814410264,5.826072585623278,-0.555005511940044,-11.041729924347303,6.326578975303961,2.9574916235151734,0.00020980108921607752,3.1824739235398476,0.6175592994808548,-3.8034715812761796e-05,5.891796515350863,5.316551068530751,-6.1156692360941465,9.66363923177321,6.905028559390232,-12.262357320050521,-2.315142631255737,-14.962262475869412,9.112170504052639,2.5855011252988302,-7.644589178489954,21.28360251459475,15.921782237982624,0.0009559103888529889,107.93793818776616,22.661191705721055,0.004313831303796604,88.09473613816965,-2.6946336051155404,8.601631677595252,0.0012197372187857437,-2.4615104285933853,3.916892113230684,-0.003345758991026129,-10.083019336046135,4.321209036658305,0.19720298775629147,-19.938144059011297,6.030519745612572,15.737935762318699,-4.525194012171259,8.540989167206462,-1.2596137555962317
626,10.433333333333334,8.821397511112826,-4.08063242145766,-10.751806397340344,6.0550933561991,-0.5633691235946925,-11.249081580169587,6.6449113031019955,2.858979142740148,-0.00019187652776921654,3.4572744252192598,0.5186794073867648,-3.990332602777536e-06,5.995437369607754,5.701409343890809,-5.944783863986574,9.83003759260533,6.851692428558706,-12.217595750001955,-2.238299899780472,-14.819839782927598,8.136709736439766,2.225643465355169,-7.765706330590829,21.39491040083774,15.844833881085192,-0.0004876334648211201,106.47394308539023,22.27799119344523,-0.0031116974266348495,88.59489511136718,-2.7523689560897298,8.960899538122558,0.002674460867591488,-1.6535362943264598,3.05326336859236,0.004391391879357125,-10.137682971544725,4.211748179302812,0.20234519429181635,-19.76371841293402,5.856185909432064,15.665313758759549,-4.699143786134238,8.612793524631464,-1.2582567455736144
627,10.45,8.578626045434982,-3.6794564387618047,-11.15919414606652,5.977429761274434,-0.9626463664421202,-11.208585710200856,6.1400990074628075,2.7677316562606316,-0.00014839078354262418,3.620931710917349,0.4802839259120055,-4.674401190328705e-06,4.703750285772463,6.259848281740558,-5.6224152180229865,9.995217959738838,6.647370876535083,-11.992559145540024,-2.1797240215429143,-14.672866589588606,7.316288763209292,1.4327983647502234,-7.582988081444471,19.675307328844067,15.71456361037643,0.0005804732103204399,106.23532501278824,22.51052415511079,-0.0024627174556219183,86.84398013030813,-3.505868755571332,8.404269291224802,0.0011962566229885769,-2.7843590575809127,4.753344714655969,-0.0045527686489186345,-10.000863811379174,4.450762878698255,0.06797851883647185,-19.893753644654737,5.833654019295829,15.856235399710476,-4.729928014719004,8.429527038225748,-0.934462607665226
628,10.466666666666667,8.282343225656113,-3.409144778964676,-11.80942010650383,5.658859527394622,-1.1765540232608243,-10.847442980510877,5.895568716005625,2.6165654680143415,0.00033235350020200457,3.4137448804242023,0.5043322347852632,6.662593267246048e-05,4.025241587443282,6.301197859910682,-5.273945889226895,9.841248963317426,6.935435733863278,-12.16829014565413,-2.162561164579651,-14.693825399291415,7.16682732680624,1.5743427560295735,-7.367245676819437,19.226776252581626,15.640585798267608,0.0004107479750828028,106.36370151849319,21.77379491713012,0.007560630923230381,86.97319056941053,-3.874084398153823,7.668280161436558,-0.00030296168101810126,-3.3488279109139434,5.756659111706379,0.004495999412612861,-9.653279152532757,4.656911822447831,-0.046017063853160664,-20.020664395097405,5.777916056174169,15.68373816101437,-4.638914814861821,8.152026513989034,-0.7600182869366114
629,10.483333333333333,8.28771599445523,-3.606516947500554,-12.047920043521124,5.4932531637249635,-0.9393088813569347,-10.373535061309276,6.367131561426988,2.530392955002667,-0.0003079980602223179,3.311348686320211,0.5915471884944653,-2.1327493212279436e-05,4.526057996323284,5.92995847278374,-5.136248716604621,9.628005436055352,7.249174567638007,-13.08139818266042,-2.0603154339071375,-14.81832744537818,7.300746968603255,2.152798820303158,-7.439201423180437,20.207472935229262,15.730936423396852,0.0017532236908002832,104.48657322646663,20.458465997110302,0.0010604788484920348,88.69003629720306,-3.6784321308230483,6.839317402887735,-0.0004712663455792908,-1.6603564501716896,1.9136720932223363,-0.02255133765208705,-9.15750665078922,4.485100159736326,-0.10881941123030624,-20.016324117733333,5.505117581602672,15.370363335996064,-4.5767285700281946,7.924940393864531,-0.9769612804787132
630,10.5,8.573100232450493,-3.924815792813091,-11.782809965902748,5.712616065288281,-0.6907610664864313,-10.09844701108496,6.835450734510031,2.631791473418577,-0.0003501176552759334,3.4438421672469266,0.6818782304455292,6.73826250769305e-06,5.0609685021405095,5.4538386648062716,-5.364695619765553,9.340072888049992,6.467158395656653,-13.435324816898085,-1.7908931183409715,-15.096202399378038,8.107834392036498,1.577545778328345,-7.573847519412449,20.024499335017843,15.726326784065737,0.00029101445149192146,103.38402967204911,21.007083164003834,0.006873114626110537,88.92620759188085,-2.5736320231758514,7.139971979840721,0.005857376927172505,-0.578189511924993,-0.2544316698209218,0.013086736443494663,-8.940928118910197,4.314297453910411,-0.03649108857535764,-19.842249411155553,5.4215937140276775,15.379389194119938,-4.5757317498787895,7.938137881187702,-1.2294588849655663
631,10.516666666666667,8.672081281274835,-3.5547834862611656,-11.66087280149698,5.830206925820457,-1.1135225694435487,-10.130081899739725,6.700809126898423,2.4451937553122867,-0.00011555695921545217,3.5188315636796177,0.8571959780415945,-3.2583638914754426e-05,4.468917621890615,5.804788612198657,-5.666761513248002,9.359453483976036,5.965470925247135,-13.028243382037568,-1.6822228499767904,-15.210676628923197,8.621932498788295,1.016127378562586,-7.707623202794044,19.881178352552798,15.847113323173403,-0.0023757374325454298,104.77649798067453,21.723193264173826,-0.009534767379808417,86.29440856087598,-2.129456773768525,8.236954662712664,-0.0011380078120823507,-1.859243548436246,2.8531900992244195,-0.009920727700218014,-8.698936315017203,4.632466889590887,-0.07942254022333164,-19.768239379404505,5.5609735767197925,15.38073624576711,-4.569445849235173,7.917408346242532,-0.9528647863177395
632,10.533333333333333,8.74859185702669,-3.105870184704024,-11.56693174657858,5.943862204538358,-1.4789306612162785,-10.010906861481644,6.470699865302715,2.0935670583613515,0.0004939257411599276,3.5341084565475347,0.8267897270952318,0.00010315786196452321,3.7061233848996817,6.794150295884872,-6.016412681696398,9.596675705768494,7.1123914952024325,-13.163384642625443,-2.000833699527411,-14.991730603095448,7.999529019746819,1.116199279073907,-7.800794171656478,20.601597176336277,16.36380480654657,0.0012518805772976226,105.65497039240799,20.636312193654035,-0.007832166431774635,83.98268544327127,-4.0198087553450295,8.062020082226695,-0.00574751799238926,-3.036358973373892,2.646309181870044,0.008585319957542869,-8.409590544630998,4.850002990181567,-0.2547716749149695,-19.915855505562114,5.461730179753933,15.142696090033942,-4.4767764749234855,7.914928387986552,-0.6442776837768727
633,10.55,9.396984737481826,-3.5553047071286907,-11.025223053443213,6.598712783354028,-0.9238815785515947,-9.556092314069755,6.835466836529024,2.1825711970809767,-0.0006435574514719653,3.687301353068224,0.5360920998025589,0.00010186913693138558,4.554138255840879,6.5113276950420165,-6.372658361113508,9.634933465698904,7.377496129736437,-13.882029552841349,-2.0802870161992493,-14.858048958091306,7.096126499162234,0.8607077273055863,-7.78512943035546,21.095374275241184,16.749192407866328,0.0020053892553925246,106.90316989408423,19.836504345492358,0.006574264211974569,84.90909217740361,-4.33274369945806,8.712001668463632,0.014279883714640985,-2.8236714433919383,-0.3461420673464928,-0.01166935624654696,-8.486102929633798,4.45118955185617,-0.10636074686439324,-20.031462909471028,5.2741618151036285,14.587792061034722,-4.402459633625136,8.30577266169905,-1.026470922067251
634,10.566666666666666,10.381154120886729,-4.181344603248775,-10.626388821040553,7.622432162892936,-0.28161199046988306,-9.42461438499393,7.574029582545126,2.3251201814755538,0.00029443536747478634,4.2714138797431,0.43382638104190085,-0.0006210999525476011,6.143375396967002,5.692971356990045,-6.442718910106898,9.86705550344813,6.01613979125676,-13.970851940090371,-1.6237112872220634,-14.860813961297806,6.990227955761532,0.6311064341347257,-7.886396342830441,21.652319348965122,16.621114820029995,-0.004556124363033766,107.50634850721262,19.777240020039066,-0.005499343500873281,85.26994110943885,-1.9246461090604154,11.327052405887839,0.016426320527106353,-2.6345186122797015,0.4315005409762595,-0.0021991046802379475,-8.653702068553558,3.903939850385225,0.16352523866040303,-20.33028592995266,5.184435714006054,14.142885538770049,-4.392632937310553,8.84144671206182,-1.58507013469702
635,10.583333333333334,10.9182081173647,-4.263164910446379,-10.659446247816804,8.292035139824348,-0.2301777122470528,-9.925437992896297,7.95006884138787,2.201984526464925,0.0002576661595351513,4.983559813139941,0.3600103038383677,0.00028389472586305486,6.2048874897613295,5.900822977734666,-6.335482894059868,9.942428547431126,5.996074777137068,-13.219850660673169,-1.4127076393000713,-14.739756972976243,7.517964373748224,0.5281534280023549,-7.920562205481834,21.32615025546139,16.13608137731211,-0.003307325405600241,105.72514949054798,19.587480271446626,-0.004840180187891195,83.90986707315473,-1.2715476612169918,11.795326847732445,-0.007703733404896355,-2.862478336249144,1.4526904282290294,0.010112807850577468,-8.43586372121022,3.7030260537625743,0.23218448296773445,-20.745615890898616,4.813830764136898,14.261262431581608,-4.444756166022703,8.987074107010827,-1.7014377221948769
636,10.6,10.760812122972464,-4.1465849563701855,-10.500840963753515,8.171918294100385,-0.3558812205016613,-10.244306755440956,7.959587068368672,2.1420851853570344,-0.00018814594686874316,5.190822865684087,0.27718926123763205,0.00043643865222652755,5.502454796134996,6.234460693585171,-6.24429843460459,9.4948259958122,6.843270443368875,-13.031443164712824,-1.466808796897106,-14.652761590949382,7.816553651791665,-0.01859398625462291,-7.9707441071538065,21.072648227875757,15.881587759919517,-0.0004930373644086111,106.20192185574169,20.153825605244204,-0.0028113278791919863,84.37966034751896,-2.7824008313025654,10.172982857104515,0.004899669302852594,-3.4433280811282327,2.34566635705723,-0.009585024390758281,-7.700867405638219,3.6971164839778505,0.33615222774064285,-20.84390006790742,4.331588374774012,14.177950129022902,-4.568924611652177,8.609498087370675,-1.6065497968172593
637,10.616666666666667,10.800910566219319,-3.969896503728824,-10.506743018198032,8.271361817461072,-0.6128623539959079,-9.882384944762709,8.200530345817931,2.1113164329707375,7.706324520412914e-05,5.509006618687893,0.5118702582185823,-0.0011024158069179524,5.377943468674166,5.9226359006248845,-6.110054636483342,9.306766732412363,6.4027139163086675,-13.509703467018358,-1.482300577131756,-14.757381866610274,7.711725899778669,-0.3648262131747996,-8.28435152471684,22.48324418297971,16.237919224502807,0.0025305898438947503,107.66646419887724,20.688740929478254,0.0011289740997113002,84.7846487310365,-3.410008822844779,9.21006691927028,-0.002692328149373544,-3.9880469201727435,5.245706747924733,-0.007153262762722789,-7.026486050871197,3.7617665195023298,0.39718966738432054,-20.89537882751554,4.303748482623485,13.775112175641869,-4.537860718520959,8.348887325531416,-1.451009707509498
638,10.633333333333333,11.659447711016805,-3.600622135946598,-11.012611826397336,9.440911026004715,-1.0032899663213561,-9.6616902742984,8.550731027519276,1.9723542693923453,0.000151979189035044,6.565913050333131,0.4406956670956946,0.0002558625535957122,4.6393775396729735,5.626543803480299,-5.860532918146338,9.57042799404842,6.0222457709547035,-13.384211299959436,-1.6098542817119577,-14.769619553755236,8.032777093825292,-0.10380090702514096,-8.25625233527247,22.40683095044252,16.429866441326823,0.0048130125505941755,105.3409406877682,19.99612734445034,-0.0006898159973731091,84.14510214956518,-3.167875042977623,7.843120328741169,0.002376429882068504,-3.5861826221707775,5.270597382637735,-0.0017349698388422353,-6.7713194474189375,4.017604207590055,0.3833817988509816,-21.179533094639677,4.429465651411771,13.946637894209944,-4.42467203594086,8.68265174404477,-1.115301761761461
639,10.65,12.857569774310656,-3.512695394882446,-10.987449268947,10.893799231313212,-0.9270054135560577,-10.007735151777382,9.189827464257323,1.8427372093853374,-0.0008740067874930596,7.809345172366072,-0.329536857913026,0.0012295976151797535,4.285285109086472,5.772776143392619,-5.850684096237703,10.100745010041313,7.055925745626505,-12.938321883948971,-1.2607238978657989,-14.727530585678704,10.149688545314072,0.2428267496025212,-7.9856557462557785,21.371027939912857,15.818491374628028,-0.008528790105270332,101.81072394984963,19.3845762376348,-0.0007220508942359711,85.0685301594456,-4.532759296530162,6.9097793721504885,-0.0062858278923445515,-3.5146718486207833,3.4658578423236417,0.0011774781328583324,-6.447589128937615,4.0743292692115185,0.4895550095419338,-21.608792284002728,4.254035753313171,14.139956201125925,-4.484841671435144,9.174816129778819,-1.0134381054647645
640,10.666666666666666,14.05736125179525,-3.761736910636877,-10.54817863955303,12.209674338743094,-0.6337412282304541,-10.125910441972325,10.524656804625321,1.6981580535596783,1.1373578882499301e-05,9.153754144371273,-0.844430674437329,-3.490047583463413e-05,5.735679747260437,5.63504133220268,-6.100425435821228,10.889783038618512,8.030246736981288,-12.931275389293914,-0.39631675847071635,-14.837748843689692,11.9202738384215,0.3813049473865374,-8.115327696521069,22.462862576871522,15.105173679484299,-0.004764221353395433,101.33913911653072,19.45972002933024,-0.0008786153960457126,85.90070505184056,-6.357012611511556,7.58876589492505,-0.0027945639622330453,-4.2122382207306375,3.9101360171157373,0.0008585908649681851,-5.958557103191107,3.873298244572265,0.4301095440549704,-22.011914432887945,3.8797637302968213,13.52543931359574,-4.494595497188683,9.511603049822355,-1.24474158074646
641,10.683333333333334,14.984938104968947,-3.6253619056869963,-10.646562630432278,13.479884290569181,-0.9815318720486432,-9.523066888875665,11.61484179156596,1.482009199347246,0.001663263155561254,10.898967874775696,-0.5848116278012843,-0.0025990450441851303,6.258762916540319,5.336199354396747,-6.0981298816499265,11.61723863065151,8.031567138955072,-13.534484334940101,0.1412577345838932,-14.802148582101648,11.007950393291196,0.18793338368611423,-8.259189814874986,22.738636742856972,14.745582515227776,-0.0055743147730005025,102.9378144048183,19.66304237911915,-0.005087234735049843,86.31521238314288,-5.5173900075714535,7.451054986360324,-0.00037299134862157544,-3.2824768382469256,3.881370265882868,-0.004831356501757474,-5.3268909264690505,3.9776926841601896,0.2078336275362115,-22.124115289052394,3.2566425886293695,12.583122238022117,-4.397741296597979,9.588753106485779,-1.145669982920131
642,10.7,15.774051833946604,-3.390952262929831,-10.4332340283996,14.67253271649058,-1.384306632445799,-9.252763605384786,12.408078348218663,1.4138623930464769,-0.0033805205888542116,12.698277067091785,-0.4460059532040217,0.0009275189834174832,5.447428002847779,5.277612243814936,-6.326600903834946,11.69861783190251,7.8673354271267675,-13.87694420439879,0.19139005135501638,-14.685089487630199,10.750651769997672,-0.17726204388011127,-8.155850547399622,21.152210187625027,14.784320480766455,-0.0038130541799610068,103.22989774871483,20.056094427127462,-0.0055234092353619434,87.79296494354458,-4.109744115027745,6.4937158871484515,0.0013584433140103299,-2.2348797845837702,3.306677281166365,-0.0056220904718198685,-4.605067522830387,4.05048695258426,0.16755323841173544,-21.98994441872613,2.868249579407343,11.846303898344537,-4.3952415965386304,9.515147985072467,-0.9479623489802435
643,10.716666666666667,17.17895083376744,-3.496515885703168,-9.927963270121202,16.181786954910677,-1.2238989021924707,-10.221088119354766,14.034938254447061,1.1892758504907652,0.0007495045658421362,14.46471504834027,-0.9906408519696874,0.0025801292076466278,6.109166754356028,5.0898334491409125,-6.756923847831335,11.631792031104816,7.49432455821843,-12.774394474337116,0.1525393503067196,-14.766248919212677,12.453434914127179,-0.29163803056300636,-8.179395070571,20.535161528217657,15.134149574340322,-0.0006244562443979676,101.67834085849114,20.39795073610214,0.0033609168396980414,89.03186116742492,-4.510178619560917,6.247802197392556,0.0020742217845417872,-3.700075271768232,4.098126621903113,-0.0011927231024893381,-4.0905301155478915,3.724072487507373,0.18209410318473798,-22.143906463398945,2.9077748699553534,11.515779565913459,-4.374729220374636,9.770558689355529,-1.1379694920260557
644,10.733333333333333,18.916986235836823,-3.5050248471274235,-10.10972362903309,18.02520416683801,-1.1470937971336401,-10.889973110518326,16.23508027368439,0.5970690210647517,0.005600415532059429,16.68086282073244,-1.5390976723635832,-0.0034887136140477966,7.724117780090309,5.070427103190246,-6.7094431344843715,12.452194829351257,6.8819558453653915,-11.895644110535615,0.6515849392989309,-14.698265379854357,13.511353678980512,-0.23735076108925296,-8.413868393979367,20.289916126010965,14.889091120120456,-0.0015884107813026222,99.03800037835627,20.649491775078186,-0.0028252691834592513,90.71479918882609,-5.145953838551884,5.876570877273687,0.0023807188177101543,-3.477714413295637,4.000445089066495,-0.004337967664972863,-3.334099316110527,3.4854930590651927,0.002091126044202805,-22.634450152543934,2.7713791121789026,11.088129662312626,-4.20378786205654,10.07535072889584,-1.2427567552865377
645,10.75,20.75030670406271,-3.572811768171653,-9.858210174181266,20.06040849944464,-1.2591247488832478,-10.30584286110612,18.529214175091496,0.5711707715997012,-0.00789171053133405,19.3531948809211,-1.7950690563873373,0.0013007557998498138,8.531791759999983,4.891909273847913,-6.912954027107027,13.512313433700177,7.056746372306548,-12.688525177760727,1.0480311585833728,-14.29740027895649,12.238665917513385,-0.40016956199773307,-8.70123066954547,19.96039825691243,14.479336492886995,-0.008961290001246082,99.92939044422778,21.199229028749144,0.0005919802214407062,92.30833888546663,-4.802930149418112,5.031007309147897,0.0003901250677040565,-0.7311601022921715,2.679760447078769,-0.006043313516638034,-2.5219857957626344,3.401011018652867,-0.08424221636020286,-22.813644238406575,2.7955587927681362,10.03169669652474,-4.148880874462806,10.235150076918401,-1.1374467042435445
646,10.766666666666667,23.016366192627622,-3.693301059975591,-9.275769197759812,22.064845039945542,-1.5226523818961952,-9.787433194089083,21.075940020048023,0.8387592966983768,0.0009438774252410305,21.781679631938452,-1.8554365019984391,0.002641328345550865,8.314380733632651,4.371432806539492,-7.094688548036694,14.125032063040488,7.3744736990492425,-13.415908477476787,0.6425562298142888,-14.147257440939013,10.254211594201102,-0.7596662020320551,-8.818770263602001,20.675204761596945,15.038774126373308,-0.012836332266929009,103.61974666903474,21.580233862088008,0.0034346858220425155,91.96965683228541,-3.8757512825979665,4.236798759627397,-0.000323127469662393,-1.7565570342864458,2.1149008253175743,0.004177696571588183,-2.083849241063887,3.417302243910565,0.3304208467763162,-23.376552003043066,2.8373128441284066,8.890661882630411,-4.4119675652306025,10.525889154962755,-0.9660997976179223
647,10.783333333333333,25.156872848566223,-3.8109836640308106,-9.446390963574103,23.62115205041487,-1.823222783752927,-9.572996075353052,23.789373461344475,0.4722943009792821,0.005796436486925008,23.703826186504124,-1.5476843835227032,-0.006643224132433507,8.442235859122027,4.51251001832366,-6.748250655057861,14.788338560828112,6.483532693668214,-13.365681468740917,0.6376260674977121,-14.595779261540137,11.035898428998738,-0.7596518331541795,-8.832818634518377,21.179956543144435,15.890875216135264,0.015241417506792686,102.51120907011261,21.42809750251092,-0.00020116907163912333,91.89590586684949,-3.2672880275217917,3.912810329065839,0.0014112909487491822,-4.878649071093799,1.891572401055189,-0.0034874938099530867,-1.1642666956335617,3.4094957689159178,0.5992386753182483,-24.919684963832903,2.366598747967992,7.824481749567002,-4.485613316979414,10.667256063725606,-0.9269141321423023
648,10.8,27.3595710470043,-4.2883612401013025,-9.273213894256838,25.618951413956033,-1.6352083486002642,-9.603166380352219,26.647057235693815,0.19725872047584667,-0.007003554464178131,25.84547116851962,-1.6574436970591828,0.005124107673483769,10.1963761798706,5.152125697503139,-6.9925289559523565,15.730262474562505,6.470965227469636,-13.392819246473582,1.3184938074191601,-14.996672655046003,12.701828825594017,-0.18768028377097348,-8.969444265646548,20.823955276383987,16.19613852396732,-0.008008062360675696,101.90969074368307,21.219625676086693,-0.0012618091615694562,92.04570757060013,-2.806362282852358,4.447569799593084,0.004682843842938177,-4.30564581949828,1.6951687318013198,-0.0014142814940474014,-0.11399197021262948,3.0641635642547747,0.33448340805538085,-26.099602668057397,2.0900840690865317,6.539736658452079,-4.177844171177519,10.991741741702889,-1.264276359124044
649,10.816666666666666,30.13159040606833,-4.630200481652508,-9.0875930661599,28.315588925347875,-1.5587494486244589,-10.12960503215871,29.540751484232683,0.23347022158104308,0.003176708974630339,28.451589783525616,-2.351195368623297,0.004799181820840542,11.389748635013202,5.020696901137612,-7.012528949781705,16.643077210275496,7.709737116551408,-13.482202855673671,1.9303776593333617,-15.061415918975095,13.276024332978269,0.4658638884810239,-9.2563981769186,21.161821752344995,16.34186591463207,-5.7706239784342324e-05,103.87178442287416,21.297721950171347,0.001684385090522767,90.14588176357329,-2.2274574849275934,5.1567191203699885,0.006489897835003718,-2.5222454505763294,1.9053177951065368,0.002080053499619308,0.43475414172379223,2.764894283753358,0.329593572854044,-26.964974909451033,1.8786019003395114,5.304939494480459,-4.089812075031586,11.722283399720462,-1.4076492295795693
650,10.833333333333334,32.634155949162725,-4.8217337654134615,-9.544598226612159,30.507123416644664,-1.85499841215563,-10.208560149911373,32.35548980082466,0.21195869433977454,0.0012144391215748414,31.03057624330643,-2.4425838308797703,-0.00789063304868773,11.022432541835567,4.042064501087177,-6.12445891187373,17.182854649473146,7.081019761874001,-13.615637393971213,2.431724332232856,-15.098538307526024,14.136651571843611,0.9496669317516893,-9.691273477245224,21.97610041081894,17.345958411967597,0.010458041940566175,102.20119187279067,21.679102531963462,-0.0021829556858082703,88.84753079127272,-1.5517739178402066,5.968554415826996,0.001348219774545374,-2.131903912157726,1.8226077227393904,-0.0019611355435168063,1.435031931478998,2.558229985131268,0.5816314237192568,-28.31626273165131,1.2029526938453012,4.06445266615313,-4.244651597938746,12.022624541892574,-1.2880599367941927
651,10.85,34.85170502902884,-5.228015161504324,-9.422370895767932,32.550610683454394,-1.8817149297595213,-9.835042317065938,35.182959633195814,0.27539392803126245,-0.004752881662990697,33.621429974394616,-2.349477629520814,0.0034970205088603367,11.171347768966594,3.803685808002471,-5.9697263241636,17.444942676435385,6.410384981177456,-14.111004850718313,2.769093150951908,-15.05729539153746,14.130318253735101,1.537346341277213,-9.850078286797665,21.817405118041698,18.434539351458767,-0.01888053684967712,101.99908086805958,21.97007243338247,1.126169154085277e-05,90.67602121679381,-0.950420086132881,6.497507764212234,-0.013635536532624679,-1.4610635990754743,1.665142712971559,0.000873353257400939,2.7241434233533433,2.2615952942358954,0.6505076109318176,-29.284329867355527,0.4194073513869897,2.5049865639703333,-4.242897065247725,12.087787549248896,-1.3616836960873693
652,10.866666666666667,37.191282620533265,-5.5016031900066205,-9.170826770441574,34.9188917002452,-1.8063744660594658,-9.935744677634421,37.89748171469868,0.13803708271349518,0.0041987243272744315,36.340677219909956,-2.884213305005707,0.00188593035413349,11.942337076068133,4.440555457727082,-6.419194973417794,18.0773212882241,7.3877385696176985,-14.496266605488195,3.1063416956663175,-15.29108533512817,14.429441650373045,2.179681973006472,-9.708555825586139,21.60042471967626,18.296942660712485,0.0004588869097125235,102.6194930537794,22.094280598871553,0.0019644511078080783,92.76948203085038,-2.375888220109009,4.457853451967646,0.027345126514626016,-0.604980950476966,1.9685058438688738,0.0005846872649201748,3.712402595744139,2.167793344762032,0.7833089548792832,-29.950357943849475,-0.596652877583069,1.0303725954830407,-4.1335346911671165,12.389252493647136,-1.4145135742454746
653,10.883333333333333,39.42445551805681,-5.661499339022005,-9.135786126540802,37.16597591042402,-1.8886576712525207,-10.283739632130077,40.68574484319549,-0.012028094311248124,0.0011560576907172799,39.33160010318063,-3.439906884727211,-0.0023460246311457697,12.657175207227585,4.365895337095029,-6.746657987400068,19.17320198361183,7.145151493582151,-14.337985017448766,3.452488649806767,-15.973452556922654,16.507522755301153,2.561732288964074,-9.967047934706313,22.5117276004817,18.686752945107035,0.008355792050449644,99.67796892534153,22.463641339916208,-0.000617686939364889,92.74204244798882,-4.062722014882677,2.501805877356426,0.011822916594223364,-0.543093380706425,2.104597241732581,-0.00015307575966528754,4.866094445309888,2.105048453463737,0.938801702869579,-31.09160114481556,-1.5694689087018507,-0.3372825758064344,-4.100735626378071,12.544030241740758,-1.3951705725850037
654,10.9,42.136303027078725,-6.052543556252307,-8.377791468800213,39.850670329897795,-1.7754855218664052,-10.111541403953538,44.04888385819554,0.32532279031399136,-0.005041207526956062,42.81767223564694,-3.712075601033664,0.0018295638642829525,13.352039777407224,3.856469197928497,-7.342482795325841,20.14265217627084,6.2948282979535195,-14.578341479937675,3.782269135788979,-16.449831612277006,17.869629989427043,3.0544751317081342,-10.262600288274967,23.172751108069054,19.999160392848196,-0.015310223240592124,98.75564939922168,22.748353945627493,-0.00013213835121557305,92.30179415119383,-3.3945390910820294,4.121165340094498,0.006514684729010496,-0.9674434583847351,1.6834236149355366,-0.0006704855197178144,5.97862511006202,1.8997834294525417,0.7674560842831488,-32.17498675727256,-1.9770280296840994,-1.7249833929581198,-3.975108230164312,12.789705661037717,-1.5235400818200866
655,10.916666666666666,44.7474144982391,-6.872004291389192,-7.845820010606956,42.45538363869732,-1.1784544512340804,-9.479567304935792,47.59892128785882,0.6038456629759631,0.0014565391372237239,46.27733751426922,-3.988865076485098,-0.0019609585121350796,14.046885322694889,3.909299167468761,-7.699752250013329,21.161011280656535,6.665598131294077,-15.499032533519271,4.399067730027628,-16.565416658049795,18.011399933381693,3.864530799372584,-9.971474578300658,22.505485434059516,19.843369539697097,0.004195567100403085,99.78636954570361,22.94233635688897,-0.004006480018116877,93.54766899351253,-3.4103709774097783,4.351227302702844,0.006415951063706961,-0.7912302204014058,1.1946747411572638,-0.0013045974126781239,7.275135205734079,1.7782301531273368,0.29580504682050296,-32.925851381836296,-2.5596794692350655,-2.4805638282313476,-3.4248915636841546,12.834974842684314,-1.8364758996067108
656,10.933333333333334,46.161645522163205,-7.552960403828514,-8.1445878057097,44.042732917838855,-0.7429040787046821,-9.218836869481626,50.597340706310405,0.4577556067804719,0.003971643597751045,49.3220548602065,-4.506716122154791,0.0016298203289628634,14.806807749060814,4.2721070705875634,-7.634909706261688,22.224018369085492,6.766593223101624,-15.841930522953312,5.153613092601143,-16.52877127655769,17.644211957852658,4.6678005932151985,-9.602512245025032,21.66918950027246,18.78898238588056,0.0005779108061865383,99.8430991746647,23.07673300424978,-0.014050438813224722,93.90241201970085,-4.894457057911245,1.1106310268801232,0.00587271935314679,-0.06584612399120132,1.1482627225767479,0.009427383852986145,9.290527734219486,1.8634880729024348,-0.12715756895653568,-33.82558304602993,-3.6569283579746523,-3.01459830378856,-2.8717323031518243,12.161174836856153,-1.9576146166673987
657,10.95,47.9218947133893,-7.653429321222987,-7.828377872939342,45.97040455334725,-0.8977131710650498,-9.536548146551223,53.4122184205033,0.5394429980178306,-0.0022858924051267155,52.252292538024626,-4.946357375736119,0.0018796393687846107,15.358499895112612,4.321323888750411,-7.763280460565195,22.31424586018219,5.275923962947293,-15.565702756025816,5.915136686786896,-16.295593908915528,17.52573830477603,5.415332344542632,-9.561181490228476,21.674907347079692,18.510331957549774,-0.003826079999869813,100.78752312131283,22.883048026808915,-0.009555563838831556,91.27476129011528,-6.762549940347156,-0.4326627065445008,-0.01953700145153484,-0.7463344767889925,2.699600811811208,-0.009815470080112566,10.977858777239572,1.8609684778698012,-0.21402157553531626,-34.97469780857836,-4.077200499457626,-3.7042410500716056,-2.792541207940705,11.840702859554753,-1.8063837107908551
658,10.966666666666667,50.22562190497514,-7.982783425254116,-7.110015319513656,48.24482387536842,-0.9668629221510553,-9.329794901396488,56.42575420504017,0.9572836630952696,-0.0035133351888277163,55.22203575712116,-4.624066329882007,-0.002816109860448243,15.865244664643003,4.060277197304046,-7.903761927499495,21.975459353332603,3.3456903143921446,-15.514274230841634,6.571760590550044,-16.155847940380028,18.150750203619918,5.973645535495974,-9.715706866225505,22.14531694426872,18.47782791940425,0.0026342531581026634,102.70534272381313,22.860509927752286,0.003116640714222261,88.77178193442927,-7.0481344972978714,0.570935227156676,0.0019098279414824274,-2.0938087679698567,5.94133837069591,0.0029297502381836547,12.201691240867937,1.665734038593728,-0.3243103535264901,-36.12394686551433,-2.939327235010924,-4.009549153103251,-2.6631321833063923,11.810287373806489,-1.845087032082724
659,10.983333333333333,51.69407817306939,-8.417584180374574,-7.005629958064282,49.705561225236586,-0.9113099997490122,-8.080003130612404,59.25374210929568,0.9991593706107722,0.0067659191943613625,58.20795995292371,-3.8386462125058145,-0.0005613103833959235,16.379172203755374,4.33698572492693,-8.256944629150711,22.710999904791006,2.8071089353789116,-15.718988838792278,6.801335330166282,-16.2470664135971,17.45669408724291,6.32724434260359,-9.865617027763603,22.1567959447091,18.775876956141975,-0.004211620423775972,104.60381671647028,22.603200314089335,0.00119554400856614,88.62392374995528,-3.2819874314611375,1.1082596856044444,-0.001623972723469981,-1.8502813722983267,6.740961616528143,0.008375349898443962,13.800972001308502,1.7263232730728546,-0.8031725182844033,-37.013574855626395,-1.7484826547465016,-4.394486105691734,-2.271243308015598,11.181591164781508,-1.8621241789421825
660,11.0,53.4470419832417,-8.653532802994519,-6.606614915401458,51.46671959172338,-0.8148399147963279,-7.224879897777696,62.0714525780867,0.9602752436453453,-0.0019926073681377355,61.17285744066632,-3.5404515906760876,0.00046613381565942924,16.908359932298822,4.493647294111521,-8.901169597357597,23.951896267075306,3.0716606122922445,-16.18260747406473,7.030533738369761,-16.170735448694835,16.14488702403942,6.76819154942489,-9.808236585927697,21.470858681921783,19.2732655187561,-0.015156645053987004,103.51479240095853,21.965596155896133,-0.003925935018967447,92.17962974600333,-1.8934313958468076,0.540338295979396,0.01357896313118414,-0.4436851936075939,4.385530976317648,0.0015356378807827092,15.023978880280257,1.7778012678037074,-1.2719529309519513,-37.69282201170437,-2.2990428380843264,-4.577240663916568,-1.8959341596481842,10.860037899531731,-1.8709170154066137
661,11.016666666666667,55.73281190527233,-9.269748528177812,-5.779390515314373,53.667541512448096,-0.30645736067270424,-7.541617466274417,64.96976812254849,1.2655362559932462,-0.006257875373640966,63.84165240379049,-3.8804534590435007,0.0029620786700922798,17.880803183005828,3.7112716417652485,-8.881728770951593,24.266811706888298,2.792769180363365,-16.859794936292577,7.53243537488639,-16.232508954943214,17.728053275183616,7.376470102479825,-9.673349744178788,21.500857980353032,19.080081633654473,-0.01698581852149587,98.60830631786197,21.814808344975273,-0.01859253272515278,95.27207894376238,-4.889934714390959,0.8192580980616582,0.010631382701287261,0.9099483055973759,3.1665343396725696,0.010789219274925628,15.71222089505361,1.5235448339969575,-1.2884280331577629,-38.638861209600016,-3.6248912146764414,-4.282493324934043,-1.5116781372011494,11.012689391588568,-2.2338736835193775
662,11.033333333333333,57.1664725255943,-9.682622230456563,-5.694750647428329,55.15826647564186,-0.06183178722458231,-7.494043892756629,67.43134227637627,1.1747474347546327,0.008366261820998247,66.32148505591468,-3.971678243717688,-0.0019309026670517654,18.613934317326716,3.4981862367462684,-8.513951535955322,24.26403367781987,2.3750096834692704,-17.278903196038158,7.7147270898736355,-16.594589482934914,19.515951027895138,7.890102620153494,-9.708333655410547,22.1656861029318,19.32516828995646,-0.0008318079611945086,97.4491981643245,21.84691129648888,-0.006229303111491303,92.9155703453341,-4.411909335600666,2.1538228081693562,0.011294536721225198,0.6532634572998205,3.2809331284566614,-0.013502248229496276,16.865298386967083,1.46753860074997,-1.0470847989562817,-39.74594283150601,-4.235653152199863,-4.886536321666062,-1.285994755915846,10.675934873282648,-2.3348983842421087
663,11.05,58.232696346004204,-9.510995860704593,-5.809222737971098,56.50535058545477,-0.4475384114001887,-6.419620584938693,69.66606376842908,1.1065467609330908,-0.002984211866593218,69.00537269314509,-3.4521284748089465,-0.003596965509249922,18.793210752180265,3.772385152890406,-8.768717240192903,24.933897900869578,2.465971144474861,-17.222956317826903,7.87180214375606,-16.498240017921056,17.84136127120309,8.124184875680635,-9.66477962412223,21.33298167091758,19.978578519561797,0.012631845895051669,101.25091717743905,21.49229478901259,0.00741333882929825,91.03731617174172,-2.8693996145325826,2.170032158280321,-0.006000499627739387,-0.5264099295094721,2.3280594754096753,-0.02802771403993112,18.199991884839704,1.7120224623665479,-1.189871014982966,-40.51069949737569,-4.280824794662264,-6.201190480729508,-1.1755424496883058,10.074312204453408,-1.9410881117999106
664,11.066666666666666,59.41770835355933,-9.359994976496232,-5.204731776774153,57.73321967524685,-0.7367730857030922,-5.799188810688724,72.07302418680337,1.537917587219985,-0.005513066325486032,71.53136672231054,-3.139098253708945,0.003498003743909301,19.17973107582671,3.7769145343662056,-9.308873991878528,25.43477342964642,2.6338931925428937,-17.284090368717113,8.735270161511417,-16.198995663614713,17.03236154914388,8.422121241152244,-9.509027375765783,20.39341143409686,19.30716118680902,-0.014676179625836049,101.2675449588475,20.966530521338854,-0.003115259483926856,90.54496384217003,-4.6603802664850535,1.8545393013784288,-0.0033937491151507433,-0.5306089959547231,-0.10094267498640173,-0.02103899477800468,19.50112244018921,1.893226756117226,-1.4990581980071875,-41.11574654346825,-4.510888376196185,-7.034204004129998,-1.1144680329543175,9.377749976303289,-1.7200122937126925
665,11.083333333333334,60.38313409074124,-9.307695391426998,-4.845521191663281,58.3800651229322,-0.7444021439354614,-6.014351989730847,74.27328951643076,1.3057517290205367,0.007180250124946012,73.52728858875642,-3.1735115838169774,-0.0006589036058773192,19.5472016193831,4.0904490934957325,-9.462692460515116,25.332977381684607,2.142821044609904,-17.63957275505049,9.71448106314281,-16.209443271208297,18.69595785054112,8.987959006656538,-9.758925631765537,21.52663457643475,18.31332865854441,-0.01245118562176024,96.8321084115599,20.85346787632077,0.0038467444813057223,86.61818255109065,-5.496113131882153,2.3264446644474956,-0.002079941587759759,0.18873140747400202,-1.7277185100996537,0.013786208397773234,20.993341318243388,1.7635493661868455,-1.4871318849166395,-41.667436404830724,-4.8671353742557395,-7.245321600252251,-1.3083472031685635,8.53990051508012,-1.825332079527342
666,11.1,61.57652258558953,-9.384955960456843,-5.111348947093467,59.557042922898,-0.6945003773326006,-5.602021007008384,76.02918230632227,0.848641794698106,-0.0006608332564302831,75.41088474606768,-2.9708356109572267,0.0004482772220725401,19.527421212903953,4.137682011973177,-9.360806182791986,25.76579131351201,1.7430204193012524,-17.68970663646495,10.042867311475145,-16.09045296756557,18.416360324173343,9.354807329352319,-10.175223224578133,22.77766135545464,18.391378128944112,0.0026567945543575847,94.57385716630813,21.23893264978459,0.0034353749710944546,83.81655437385447,-5.519804122427117,1.475936210935502,0.014657086084685226,0.503113094530136,-0.3653972436380914,0.004897146465171027,21.736697593438098,1.6850092510986543,-1.5788032946554214,-41.899518106938125,-4.84418848925264,-7.127160975466948,-1.2739690430765267,8.297311034027032,-1.7988435193553531
667,11.116666666666667,62.75585875938506,-9.613523812703194,-4.8803527779163804,61.03164365302281,-0.6338869023492486,-4.4073064237409065,77.66629427282089,1.3913861441511217,-0.004352966978385801,77.33486546827032,-2.4252829047229616,-0.0009662943705736961,19.659461407694653,3.64269608383226,-9.47480158410887,27.015948916172874,1.8363642471957626,-17.46737529793009,10.039950925625023,-15.807580026253069,17.18152426389078,9.115002147457224,-10.242034995828734,22.424297612813042,18.608964408211502,-0.00044713641872200444,96.12957758492763,21.85975367242122,-0.006871277232647719,85.56785756599933,-6.2262903897930775,0.8512321380589699,0.00814502004986949,-0.7138070658681563,2.2029525672276624,-0.015418172724068178,21.7927599816862,1.8841500179696709,-1.8870054312194533,-41.64394008598566,-4.669441537899179,-7.502867440274861,-0.8380621042043143,8.28952446495293,-1.5635882874586582
668,11.133333333333333,63.203685069141955,-9.641475276740435,-4.390428337076929,61.537352514013755,-0.7283211740516389,-4.269508574645244,79.1869548786653,1.8314761898831065,0.0015315181061851374,78.77306005735961,-2.217590398721092,-0.0015436512193414472,20.12303465822424,3.1620958815740945,-9.755847870251895,27.188950065342624,1.1560615031347072,-17.33154465541914,10.204451344554629,-15.610542069675471,17.760569154431586,8.791895292102552,-10.154251303463472,21.25266256907896,18.221168854124606,-0.011846909388528715,97.54215645466104,22.481514750531666,-0.0018510161709486403,87.29111830322664,-6.449981353626404,1.3811843877390961,0.014363852246331332,-1.7684929306376327,2.3826530020424874,-0.0011378619025221074,22.397764627404747,1.8677511007099343,-2.048137107624959,-41.168473750026614,-4.436191314709162,-8.306641880804007,-0.6683320984287452,7.592578876932959,-1.4929356692141433
669,11.15,63.302756914999975,-9.451948034041441,-4.892340321779458,61.74297834765345,-0.8492105751797948,-4.9449624564253245,80.29461212101707,1.1259431679400118,0.001997520561488501,79.8065262934064,-2.778005314524065,0.0023749717442974705,20.355759960856673,3.5278156155864564,-10.013397201083297,26.010770451691005,1.0408250805882624,-17.58005653413537,10.17836770765215,-15.491324457900078,17.9057854295807,8.778495998976162,-10.125975195915432,20.547678478810585,17.879258564461843,-0.015625745139284317,95.65154037121638,22.777209367220536,3.0001960040025914e-05,86.58099827517715,-7.707439260748137,-0.4046208703848426,0.026352442243507353,-1.2858574339510722,1.0232027434205635,-0.0053152335743409255,23.220761556097003,1.9192210515933614,-2.071725562934137,-41.01809708816046,-4.3567477685815685,-8.621501952680672,-0.7460205449636633,6.72228330839042,-1.4213767743054697
670,11.166666666666666,63.441759408971045,-9.35078930600621,-5.590078810500469,62.145288282337425,-0.8181518454640443,-4.24107998003838,81.14451399239363,0.577731037982578,-0.0008583397958018741,80.9577130291989,-2.841113183444598,-0.001461781012428493,20.259860573705325,4.551578688364933,-10.032558070265141,26.194175790760987,2.3160543482497493,-18.070026157243568,9.873809761733934,-15.561272234539029,16.94205654003346,8.858673613458546,-10.161576707314602,20.662690560004368,18.153471892351785,-0.0008786563109810238,91.44948816868364,23.051938369849136,0.0002856820186627897,86.96465181822141,-7.523658852403904,-2.7020354085483462,-0.03611206359557883,-1.7923969894745002,1.9425541283398633,-0.01073946162405859,23.61317361584662,2.2370103111183446,-1.9315857028240542,-40.72044439144452,-4.482027268892898,-8.977189570973863,-0.7179030329835272,6.114558905172971,-1.0973891773392308
671,11.183333333333334,63.69170721347046,-9.502748316458087,-5.170472184894249,62.30935881756033,-0.734473093745254,-2.989954869879684,82.19733063640818,0.9962080383482478,-0.002108728271352284,82.01770230233845,-1.8845407552740536,-0.0013688367348444568,20.31083212331859,4.2416181435305464,-9.812766908066553,27.23250906529724,2.022613771663063,-18.13991932787853,9.9405605734563,-15.770577724694235,17.35127914450217,8.940249912074522,-10.147676283950508,20.388605244207405,18.365120536933507,-0.0042825266670551395,89.19732779321888,23.626988897191357,-0.0017016310581119984,90.39271513973148,-2.962445855476122,-1.2464742540218698,0.03527721161956579,-2.585436846567599,3.9630760371958194,0.0044337984768072795,23.817499231338918,2.0803246445274794,-1.7706177301880015,-39.926496483941015,-4.112861776769302,-9.583426180500256,-0.6028424759676217,5.447963959857972,-1.0740626278689462
672,11.2,64.12132295320811,-9.880030072780608,-4.656135914917418,62.517775199073725,-0.46925255678242217,-3.2136661411475105,83.40966187541385,1.1197974705265197,0.00223176340827222,82.79274456675242,-1.5907233675264763,0.0015419174949389159,20.59818290176183,3.4015513336784853,-9.858651292261733,26.60892328483254,0.9710587836709652,-17.99650585098168,10.210093294328802,-15.881165679085758,18.060795294851843,9.078268888012346,-10.013171885035478,19.97148050505873,18.090129109392375,0.0016464271228784078,91.28033974550611,23.867440814006606,0.0019996116659726213,92.5142147856525,1.3036628796947267,1.469772755717132,-0.0017486105126521849,-2.253528120439204,4.3273524565115125,-0.0006191092445148885,23.792533120695683,1.6964629662375266,-2.005693656670278,-39.479587258107685,-3.7095544864634244,-9.39495980054599,-0.30170193246248156,4.791071874359105,-1.5191796784563483
673,11.216666666666667,64.07525117532954,-10.242559942503505,-4.989337286512865,62.507497535729534,-0.08867951014066626,-4.162601125095955,84.24320108169147,0.6550455213325392,-9.040881281189782e-05,83.42172709185627,-2.4859317635936518,0.0007797181320550597,20.627546022488183,3.8180929327507163,-10.111551362118,25.823751106330718,1.003915858140152,-17.98424473124633,9.915730688840625,-15.787935102902534,17.2963793541503,9.626716385679417,-9.858591373847002,20.724115465346564,18.049687763101883,-0.0026218521898902438,93.7037639626155,23.27751425542861,-0.002378970732044509,91.53582624677068,1.3108846018486615,1.7202342117579634,-0.012035906105887447,-1.862315933006424,4.373747269680531,-0.003981661432772231,23.779351988142114,1.739834162733448,-2.170381730735896,-39.59892326815369,-4.039973918807069,-9.051126497147212,0.11133597504129893,4.067642618994428,-1.6939881166730428
674,11.233333333333333,63.37012624192055,-10.507152316598004,-5.417590259057904,61.87169365082118,0.08744768601448935,-4.174723745966316,84.77210219744103,0.503973592482954,-0.0008189154111641044,83.91722555177559,-2.834591299962336,-0.0011337390813894088,20.335022567364607,4.006949700881649,-10.156021461652573,26.27930450470139,0.553058089098007,-17.753791235662952,9.349416690216568,-15.440236938830365,17.48362751346719,10.092664800777301,-9.761102726058763,21.3079297493075,18.021781647467932,-0.0011727245634882992,93.63178203815332,23.131263460665224,-0.004440069602697985,91.48507543078995,-2.273042435288234,0.47264341126022535,0.00814295657099673,-1.265809462749754,5.2376890384758585,-0.0010350658791004718,24.12777315784179,1.9700444846336616,-1.9136951130455364,-39.64973647200578,-4.678543857014584,-9.42288107148994,0.3989297244291366,3.0238033898102725,-1.4814910888888897
675,11.25,63.14598113283193,-10.590367675229473,-5.246887089446069,61.5381888585342,-0.059455358534315356,-3.5926173222091875,85.35445426823517,0.6087228338926582,0.0006501332956601923,84.37124922888619,-2.1148123309906217,-0.0007354211776184992,20.357283644286937,3.718666302008389,-10.174492343924946,26.58176924423654,0.6480628074191546,-17.691139715440695,9.097760276085062,-15.205600798251353,18.464663868922038,9.967050608146748,-9.703234367138828,21.09994332272287,17.727040350304613,0.0064819610098164615,92.16763656626209,23.80118032237604,-0.0010074516045925153,91.01995946645648,-5.679914417941707,-0.09402457975284573,-0.0006174605544580164,-1.4957173146646807,5.02786414656961,0.004438452780926555,24.047837223773424,1.9776755041199872,-1.7216615265858237,-39.133674280376425,-4.782425369495537,-9.557193354719676,0.40405070527751363,2.28113539703188,-1.4969985876835135
676,11.266666666666667,63.26316899426993,-10.184406646968645,-4.674840763129389,61.502286725153894,-0.502051228477321,-3.6925701193418567,85.65774266871098,0.6767712696780498,-2.4672629212236052e-05,84.74612762403683,-1.7848497565320207,0.0009017505911666389,20.555710713613436,4.231772865984636,-10.40509069197712,26.48805618310695,1.4967072711828096,-17.862766299906298,8.705430259518911,-15.31699830365477,16.96798968517095,10.136824716943266,-9.607294032413236,21.541532114118954,18.135887830932663,-0.0015268210826619355,91.82405179177563,23.76811351617093,0.0065702583714425805,89.06185899655462,-5.323056359570419,0.33562773650630545,0.006166433877533468,-2.900454471796529,3.7730851408716695,-0.014409417497829242,23.46073690171515,1.8044876703827963,-1.3942145684231209,-38.29054749961456,-4.619798214923129,-9.416171020706008,0.0657805770950382,1.9025585640443345,-1.664252145338934
677,11.283333333333333,62.613786072884174,-9.76624011221658,-4.584777729339238,60.934103323310055,-0.7941071293478992,-4.009682376767646,85.54701553956616,0.5965527857914329,-0.00016692671753806962,84.8905398851456,-2.0153934415155974,-0.00022241652415609602,20.427220130316556,4.56153376381087,-10.584549761852424,26.59575640007154,1.1408494669574902,-17.783740090923857,8.339891140472817,-15.31052487308595,15.146427766831867,10.147412956111461,-9.773100246047019,21.82832991093512,18.516129157591088,-0.004591781904418726,93.54869842505424,24.404228804927847,-0.013968499389096124,90.42544930851983,-3.680060329072383,0.06051151376501673,-0.001310828481997292,-2.1704795787832265,5.246985121739729,0.019277992870127814,23.269530813728174,1.8514920293555739,-1.1130994278202075,-37.755189029953264,-5.103794780648078,-9.498357379342869,-0.1641854214795238,1.1493561269692216,-1.600157875643191
678,11.3,61.823317288837096,-9.879460881104723,-4.895452012108261,60.283661444745434,-0.5617529848850001,-3.860912140075872,85.4884467716147,0.30964243124946556,0.00019908223488052456,84.86770082996041,-2.0128777681252696,-9.600663761198247e-05,20.475027525807118,3.988864863940142,-10.4730170087914,26.513528438879405,1.4414230439054356,-17.928447432880997,8.559565460872985,-15.194009000413315,16.297450480648283,9.636102610916737,-10.105114168387674,20.79193696521981,17.99840422978947,-0.0034071469917630074,94.21174996301589,25.925048144296934,-0.0014434172432220157,92.35630428494737,-4.140809310682889,-0.9572981731145702,-0.001938565203378394,0.41223737011170314,8.504124346069084,0.01087557823615982,23.100825327445914,1.8495294668517595,-1.4496562105696134,-37.51655222265929,-5.270758142836342,-9.173177901194398,-0.034297627226417236,0.3599894823585952,-1.6190530638342808
679,11.316666666666666,61.402094003985766,-9.955995231712995,-4.727833084242921,59.69744118417956,-0.3410698534191744,-3.7591661478741734,85.67984585934276,0.16563686122583673,-0.0002355478020281698,84.89998414113781,-1.8848440263008757,0.00021307880715668376,20.732533761583646,3.385775089094313,-10.409559144505907,26.171297688259173,2.832725576996461,-18.30799043251562,8.273889099081924,-15.221091579252958,17.295646237367315,9.999363754691933,-10.03790130304523,20.21320101969111,18.36267864234082,-0.0017702619152698295,94.96603155729242,25.188272184427056,-0.00024135013443963424,91.28267165053083,-4.757543724979757,-0.026815362682301235,-0.0030313746342315873,0.5043887968343262,8.862504024478756,-0.005820931748055041,22.70560949665316,1.4113691738751306,-1.5617200225283627,-37.24644761837452,-4.354203971485975,-8.996854525756975,-0.05061074530189309,-0.3092905232065989,-1.847857475046015
680,11.333333333333334,60.85169078089403,-9.680430894560828,-4.498503821399394,58.98521939257436,-0.5437223412943708,-3.7378439552290734,85.91500511248277,0.23289191321695862,0.00012495864010953392,85.10800809990818,-1.744671493557842,-0.00019791277571828085,20.525670436700985,3.295761405057142,-10.69408273353328,26.076779790831555,2.4328209825237916,-18.286037444480694,7.467477870547153,-15.150379933188123,15.687068783312414,10.412033916463047,-9.917421779494592,20.570525457051765,19.561522940463078,0.02494116489941384,96.03010286996853,24.380429435908486,-0.0016998000478188704,91.35400996562304,-3.442276065738408,1.5808859136483047,-0.004759011905188443,-0.7719572586258742,8.097588093070113,0.0030427788959427908,22.55483845208978,1.2335971500657315,-1.2480471042703207,-36.94048199477549,-3.8369342200354843,-9.521341995222205,-0.29505278972365256,-1.170801746762551,-1.8459790981047832
681,11.35,60.250899459692626,-9.521975270857453,-4.269592462885398,58.410163459885474,-0.7162123767753036,-3.592891186111168,86.07600586459888,0.5657816802040977,1.004916880686062e-05,85.25230105876156,-1.5734130984909018,-7.308673319422265e-05,20.175320924026526,3.5841958006831316,-11.038785733034155,26.167512456332638,1.3413474103378258,-18.096738851080552,7.700931369339133,-15.19497078671135,15.957193665283652,9.791862508515743,-10.094105847500316,20.404378020581877,19.15848415227979,-0.0360618978808481,90.98751710724507,26.07798762479102,-0.005482760738233394,92.73488919285444,-3.072985446470018,0.6535691247458971,0.01527138190787975,-0.17650909913587595,9.659623377479432,0.00927867674711454,22.31151400295518,1.463180257190875,-1.4059750514327565,-36.72023151840857,-4.180752646235485,-9.562133880368172,-0.3398767759678878,-1.9303843575077033,-1.7271034837974808
682,11.366666666666667,59.71072359838599,-9.5267207635966,-3.6255599127570712,57.77200985055687,-0.6966122516688011,-3.5773391481364425,86.21382493126383,1.078162195426975,-0.00028160974192219815,85.20946532794555,-1.5430673841611813,-4.0180239679320477e-05,20.11063779192763,3.7686074388784636,-11.122718359373481,26.148499047033948,1.783270670577508,-18.11280974485569,8.471929655807251,-15.413017972742477,20.058336130330137,9.39412895985567,-10.059547670007635,20.252708437970558,17.62473164169521,0.011894410757016598,84.97922445679792,27.24595885863288,0.0018820382887248027,92.28666412939184,-5.249538737303647,-0.49863821595415736,0.00751403463296851,0.640146647950598,10.879324576175605,-0.008665074947532412,21.798360331659755,1.4539425355372435,-1.7056613236980152,-36.52526736920499,-4.14843051809289,-9.368187673872885,-0.292375384115075,-2.585441874282199,-1.8287621224814818
683,11.383333333333333,59.2632554688277,-9.466064685540704,-3.691761729700514,57.1812111540752,-0.7433587258493074,-3.794642376408118,86.29127934048779,0.8835046212563177,0.0001420700247601686,85.22132729311974,-1.686382833798825,1.1622708205053475e-05,20.11358240675611,3.3872088359068133,-10.83946563428122,26.164056651075047,2.2472842464234595,-18.349583270437797,8.121985307507927,-15.270414671300555,21.041859892707627,9.354379297255985,-9.769405087407156,20.219915309485856,17.772857723487732,-0.008163317245877296,88.81155005772474,27.25673702134746,-8.602268867419788e-05,90.97312317814607,-6.107440742263302,0.614126799937165,-0.005078995645260031,0.17589812403550276,9.111536744522978,0.0023652777892118845,21.369520309228363,1.3217167834383625,-1.4655320139611807,-36.424494325792566,-3.431942991779807,-9.73027699446995,-0.40362679257339373,-3.159263991758824,-1.9326177529912596
684,11.4,58.905513273439404,-9.522872512825247,-4.415629601880225,56.85817821673461,-0.646627244747646,-3.972843041545438,86.37489461845368,0.2748189602000323,-6.2943059465639785e-06,85.37268639464558,-1.9229431705198323,0.0001282174264873864,20.116680591360083,2.6684107439521054,-10.41942017570352,26.151223104550063,2.109091792743359,-18.57246468878883,6.8995771978179254,-14.954689458830206,16.380625885329277,9.208088137777992,-9.660201902403223,19.851607416558632,19.638759186159184,0.00034867671571862707,95.31517683323817,27.449194372296414,0.002168190882386156,90.73193511720201,-4.36275331929427,2.0596440521920663,0.0006973695463325876,-0.3298354912553149,6.562690368518008,0.003987672040171066,21.08465754574458,1.3630022037140104,-1.1824236734211158,-36.56519527050577,-2.8635416710783685,-9.801779285959778,-0.4284146056750695,-3.6796088897541948,-1.9362478132624021
685,11.416666666666666,58.60125200939047,-9.728469719629892,-4.379896016818929,56.66887364738074,-0.4717324215855636,-4.0382855114261,86.65903777085218,0.2941525612116979,-0.0006407774782322266,85.63276264342964,-2.027202099273667,-0.00018940967521635725,19.94354031363368,2.9685712061530247,-10.34694500268321,25.701020508516383,1.8345660829970725,-18.383966561860042,6.650144180505944,-14.974105621865277,14.191207148222347,9.214768310219887,-9.67626952708347,19.72727644741333,20.04895727868736,0.006878223312795494,95.4909544644549,27.333760962731244,0.0033702836286911026,90.40208847566211,-2.890800512730455,2.6984318861010226,0.0014318660691718715,0.10099093848529121,4.378650820135909,-0.009041365220797303,20.62296943706686,1.3673899082237095,-1.4332038512959877,-36.613308320691914,-3.1331276855651717,-9.741596017629487,-0.30435239771258193,-4.268087022310669,-1.9955470299418734
686,11.433333333333334,58.571399740414854,-9.798288545361762,-4.010129984218199,56.551847060753204,-0.6435262932919587,-4.360814676390424,87.1037466502095,0.35767657677794257,0.0006588632053522002,85.89039651282148,-2.006286996402375,3.475771102328248e-05,19.53184373515956,4.248280030282985,-10.46746373534123,25.091591109411432,1.265885411076284,-18.024057075164503,7.699513148466727,-15.29438448208396,17.380218518740723,9.094224769999904,-9.652087552250121,19.71732599516175,18.422776872062403,-0.007018808006331533,94.00938893192641,27.301233033832244,-0.004726316443318992,91.31489849919207,-2.9999772597165526,2.78838406340441,-0.0018134019109317067,0.3780182614773934,2.0035667550330403,-0.0005697734159133366,20.047957639156962,1.1899117997380262,-1.568191886043584,-36.78765649291878,-3.9769436916219387,-10.10692905068567,-0.3599403044503087,-4.706769090681988,-2.1702545827954176
687,11.45,58.299087535490756,-9.760882761410215,-4.048594160394278,56.05574605611047,-0.8660214661152641,-4.561586819168691,87.50433919740966,0.17557935231121372,-3.490945985441163e-05,86.07346984334698,-2.0380925151540095,0.0003116806814504891,19.40574470248337,4.283962749031919,-10.45799266847433,25.025575748518758,1.4806564231461936,-17.87121472145274,7.979074411475661,-15.406570756791977,18.145141421353365,8.9565666984064,-9.574268852382772,19.652853046194867,18.02449848075636,0.005043338373415552,93.85304746800114,27.421072758052297,0.0016406122448389745,96.34544451793606,-4.46051938024666,2.1577443526894604,0.0018628582591556494,-0.35482259888311674,1.3870846547883864,0.002289483299940116,20.05808647217484,1.154412315132966,-1.2233753238529335,-37.24875504988514,-4.262870136296757,-9.775983973268158,-0.4645058465691352,-5.369834099255877,-2.2925094907865033
688,11.466666666666667,57.46683761033124,-9.698938361012761,-4.194871621398049,55.24206539517437,-0.9439408510691817,-4.169899869336718,87.70352092559283,0.37174119867115085,-0.0003607367318533035,86.38850208756465,-1.954318537419374,-0.0003324561259318197,19.75457638105478,2.8758400635937917,-10.43599891947628,25.351720101289377,1.9580530827043616,-17.70350311576989,6.884736749851737,-15.236315080576238,14.80519972778884,9.151928271140596,-9.411495455575027,19.366095196874372,19.466941810118097,0.004179579632450432,92.98887283105503,26.72980354501339,-0.005433842604066816,99.99480438167807,-6.441539190453381,1.34741760815439,0.0016283462315461298,-0.42032235618591274,2.072360200321936,0.000449334455719319,20.349466881279838,1.374661103834766,-1.0765110147664008,-37.09064617837461,-3.5081923978227354,-8.655861820350198,-0.43925580545932047,-6.412753252298649,-2.1153991528675706
689,11.483333333333333,56.722095679807175,-9.684473798794857,-4.416903946694812,54.601250930434894,-1.0945072286736939,-4.028921777570256,87.84820838172823,0.502448229514403,0.0006916213272507116,86.7453516455772,-1.8268648784494506,-2.6096727068165662e-05,20.151640166355108,2.320965723255534,-10.361877519412714,25.5776473248316,1.275842100588559,-17.473940099027693,6.243261037674155,-15.385881475872779,14.495469628329467,9.273890273138491,-9.491084589390095,19.233058011425864,20.138001212456935,-0.004264709800981638,93.12212972277538,26.16943707578495,-0.004363641061126143,98.08116797627626,-6.912714025748496,0.9434201280313627,-0.0024001411780048168,0.13151416353706022,1.9293461630129858,-0.0031024355259415106,20.338072763705927,1.46287113270357,-1.1127808226764608,-36.624467697623636,-2.855665559803014,-8.173386096552745,-0.47878454946241195,-7.272113708131762,-1.9221819608421353
690,11.5,56.44173063430454,-9.937882369568179,-4.43447993369551,54.32378835853148,-1.1724409518591998,-4.263199013570698,88.10043363596597,0.5576246651903509,3.797555914599687e-05,86.86251428187683,-1.7277530565806833,0.0001378105067172021,20.25849170391766,3.2398684494871595,-10.265988258274112,25.500258381912026,0.45220553121656226,-17.40409225581655,6.710705147167905,-15.770511339387419,17.019236374335037,9.111517170846605,-9.92873600284766,19.683525966760673,19.749246841771132,8.37826934244685e-05,95.51223174709163,26.69879020661226,0.006900595516632524,95.11351779402092,-5.9982248552743584,1.1600027717985255,0.0014645922459952188,-0.16409261946063672,2.1300011620797803,-0.0019644224577814017,20.250792352382973,1.3790457650444967,-1.1672473576525537,-36.94176128864163,-2.8993032866492996,-8.16084716949995,-0.44998704355374297,-7.727057210735545,-1.9828928483715744
691,11.516666666666667,56.55129229261093,-10.141578751347392,-4.048514311120785,54.51461740842415,-1.2546165642748968,-4.2614702176163615,88.20582570919711,1.0036631859730696,-0.0001673729877555351,86.85765615677153,-1.6520425896426962,-7.853857454828815e-05,19.981519623270763,4.270262652353642,-10.246401696335017,25.214262016885204,0.3541439383031833,-17.337414206366994,7.198777328701747,-15.726111634389637,17.446408436725566,8.91981467691904,-10.19364115374698,19.523062389657255,19.87173260182537,0.011800141508696696,95.47324044495929,27.04153994834202,-0.004684768862667533,93.52293403834663,-6.498515189943544,1.4992647014545915,-0.0007768042081626462,-0.5299731965696141,2.5581371048885417,0.001753078717180922,19.926585059146603,1.3401240800812142,-1.4058180652312664,-37.488925580403425,-2.454887922111208,-7.859371090644264,-0.3783362945417434,-7.782655064126523,-2.0064089349155645
692,11.533333333333333,56.475844520912354,-10.08901837720854,-4.139231921289389,54.4538252363953,-1.4389827095195704,-4.508950497930642,88.19477277970213,0.8603499078255352,0.00024169503983234605,86.90607140558606,-1.9222749092708313,0.00010873146590025826,19.497161228432613,4.827382746344721,-10.149581175438106,25.145022121427342,0.5302958232299284,-17.128997766021804,7.372246622018789,-15.637096158435794,16.374500341371547,8.792489822429106,-10.17490617678818,19.27920180082376,20.033584171691118,0.020812232774253824,93.58324812951267,26.842246481960505,0.0013131026463347871,92.17909675279796,-6.855513913861503,1.37807430928455,-0.004757660907283835,-0.8390913622259263,2.5500438662360634,0.00033061081978234277,19.602284225933648,1.3203120358129758,-1.4647118579750784,-37.61640508334036,-1.8014157239337094,-7.702431621978405,-0.5130457265530753,-7.975592133257289,-2.009219480830101
693,11.55,55.956650718883765,-10.227715963533937,-4.373449945785971,53.833951313939764,-1.4801354718146098,-4.820901282050383,88.2799865333022,0.5392742280330195,0.00017102570109098816,86.95755653218882,-2.082738235929714,1.1998814603829383e-06,19.357375539168274,4.600942168330084,-9.985439737469203,25.15440471203717,0.7729844008324144,-17.01596563394428,7.6798411197943715,-15.739190804323608,15.652098201614942,8.643627760624893,-10.3881107634556,20.526604232828696,19.50201828077256,0.015379824539917809,94.8235923422063,26.881609826975904,0.003222640657162401,91.36680089101696,-5.39315940924822,2.052820161823371,-0.005257031606302635,-1.5634982528957344,3.0214876099647463,-0.001307951855242729,19.690514822324104,1.2835789618648068,-1.1763737283578262,-37.628562836256606,-2.373869356488755,-8.026607480492094,-0.5910592191643322,-8.637002871612513,-2.1476286294550695
694,11.566666666666666,55.5990260372226,-10.455692907224444,-4.076960507438225,53.579492464306306,-1.448654843398277,-4.584555737165911,88.23102123733813,1.1371098328896778,0.00033495970047169455,87.01663154495432,-1.9094275947829942,6.483553836079159e-05,19.700443887063905,3.900212536665383,-10.036216103011403,25.103671225876614,1.0756684205177542,-17.097490607879177,7.76706058792123,-15.590961996449709,15.560993261250864,8.334720873871412,-10.70797186514974,21.43989347774984,19.103040422856143,-0.004395106851726151,95.77675379292835,26.788734979314636,-0.002921197694027816,91.16119295765571,-5.861465886578137,2.7755218460660345,0.00227623568686596,-1.7763690450884622,3.026228581518673,-0.0019330810074667632,19.48476016295694,1.3099143143318002,-1.027445949018338,-37.7240638097371,-2.926727098830017,-8.608778685278669,-0.42139455222711336,-9.054245225276514,-2.0887027991511267
695,11.583333333333334,55.60129655176325,-10.39633797061815,-4.557026776833442,53.792300002028405,-1.5455872759448972,-4.331377336277235,88.1056295217638,0.9562092974468361,3.1580791340514424e-05,87.11885727894926,-1.9064355482181736,0.00014451649990868018,19.709755002864192,4.2323384277210945,-10.29377698159466,25.16687457851212,1.0962021017443822,-17.001084975640545,7.348892545085471,-15.278106860950793,15.968241086014691,7.93514633419416,-10.557258404615347,20.674385938999638,18.988259045764213,-6.318566988674244e-05,94.4072011803751,26.315170031665858,-0.0008625541781162729,91.20001380843965,-6.843143351823758,2.0749756785396003,0.011492928904127307,-1.7630038813152868,2.4401229582095127,-0.003080401438087439,18.796013844238026,1.394384136308138,-1.1402711115767035,-37.952569302967426,-2.2688015707396123,-8.91278012099537,-0.2692305259732428,-9.021777722511953,-1.856282952492861
696,11.6,55.481693048781544,-10.237873277926395,-5.159382429402708,53.57058914654439,-1.7295922047231669,-4.454456805693403,88.16070596680932,0.1627917937017676,0.00020314924725606292,87.08252912557644,-1.8770615629382605,8.466019631772651e-05,19.34075609181257,4.574535891112787,-10.403081806022454,25.0896355216271,0.7798732611926683,-16.5501489004321,6.880240121679074,-15.20697069676555,16.149792484423944,7.750092021253832,-10.184409057091663,20.1881547100325,19.060448914740892,0.0004023178390242712,94.28378852383362,25.92369979432731,0.0020626287910278504,92.67883871223287,-5.96235382485411,2.352965420985304,0.0005263392701945842,-1.826485050744864,2.5340746642610825,-0.0018936552404147167,18.51782271052225,1.3758024680671126,-0.955365155621319,-38.11713107712687,-2.05240455712101,-9.03266714589686,-0.37293263740683097,-9.244265864247497,-1.9324880164537173
697,11.616666666666667,55.13126272039491,-10.316262020801117,-4.535113359111187,52.992274451186766,-1.6801400970385871,-4.7290545894623275,88.19817658169504,0.544894893067814,-4.6798776350861475e-05,86.90076325387382,-1.7918335723315268,-2.652671420693942e-05,19.59784114921412,3.596573388205341,-10.323751619377232,24.969986835385996,0.9428495060559544,-16.41445207406366,6.636968459189316,-15.247970855368028,16.047580155145365,7.496296145923505,-9.892522469363954,20.06916162134766,19.08308073410568,-0.001781975192116687,95.28895245182026,25.80465115913968,-0.001713249668064206,94.49877448992818,-7.09066898233543,3.165945374457711,0.0075938767188430956,-1.2607059913274572,3.1606244101354584,-0.00016147645936821095,18.65203482156598,1.2815283025175888,-0.6950414513989172,-37.815908584355924,-2.660785348347923,-9.276647431322802,-0.48009055318343985,-9.738400885126271,-2.2365922201753676
698,11.633333333333333,55.05102269179503,-10.621489332802362,-4.558316065004671,53.02705588354177,-1.3607136774200561,-4.598826331592282,88.12777777837857,0.5974555618450748,-6.7200460862188e-05,86.86386452177528,-1.7509505596083128,-0.00021674932322713312,19.92700998532549,3.2412739986938495,-10.191166431862186,24.86164209150717,1.804207392872263,-16.72476988099,6.452886604149369,-15.313923516250568,16.024694365213307,6.609100560918184,-9.58968418858688,19.491449664376375,18.623318490553917,9.47084281522613e-05,95.85762029776426,26.02658462032609,0.0016774995418774683,93.86809853547287,-7.803461912371165,2.035335410281887,-0.0017909676840641247,-0.8214568457738618,4.021590500794359,0.0031122388038443915,18.32450092602041,1.3318328967021127,-0.8549184784167717,-37.46825632020574,-2.671202759495142,-9.39208015195656,-0.2893103679630649,-9.800533807044157,-2.3049919238890593
699,11.65,55.06295195899655,-10.683864526622145,-5.1164592093604595,53.24630933146224,-1.3517432578898454,-3.972986261994294,88.08715022902454,0.20525161649370766,0.00032943107769056376,86.91775728118358,-1.4473054755498103,-0.0001697739308274766,19.363900548810488,3.705648671021993,-10.038484352766387,24.591896439889663,1.9819279562486274,-16.582015448347516,6.089942109749676,-15.328171713164092,15.771794867115863,5.586451990860313,-9.606174987439166,19.22230868545605,18.409104133362554,0.0020529764378537686,94.88652181027878,26.138118853412784,0.0014675052756126627,92.52812275781682,-5.9230966967948255,0.5845651924856164,-0.0040424580868287,-0.5720432211533992,3.32080550063998,-0.006407036968211379,17.897622174811286,1.4222599133291147,-0.8776244659245268,-37.637126509935264,-2.415154676004762,-9.628271555844867,-0.11569462159500267,-9.731109836059586,-2.110559657719435
700,11.666666666666666,54.692521078274616,-10.451045725263992,-4.6144530297063415,52.84363585899746,-1.6503810585955032,-3.3611693887368603,88.10222889220238,0.7322854433366468,0.00015516239261046357,86.85647373688235,-0.7880535003496087,-9.6071474898497e-05,19.057288213581206,3.6582256143937966,-10.02576049454148,24.4000998707296,1.2380686952897422,-16.230334167977905,5.84868702032938,-15.035662401275053,15.44278452977015,5.274530526347777,-9.663280849153232,18.54034374203964,18.444532107650083,-0.002595430212112298,92.57575738312168,25.490114379049714,0.004175684581362829,93.07743203124397,-7.014428617143663,0.24776500679049887,0.0030324175723296367,-0.01554952919544329,1.5131110470996447,-0.01120384699855816,18.113467251368522,1.3424625720521939,-0.6026452021674864,-37.50873841862264,-2.6937995520338327,-9.88822735134053,-0.1877035871045882,-10.161168886270383,-2.002426086994537
701,11.683333333333334,54.39772590588863,-10.345966244187412,-4.418246669363722,52.6108286277667,-1.7146068753838508,-3.097153810513106,88.14675013666236,0.8713527717650913,3.936269433200137e-05,86.86863838415942,-0.35860470215299617,-3.152273412510882e-05,19.61053800925481,3.8420707058384727,-10.26232838866082,24.283993405091522,1.1242007234661666,-16.403165363228567,5.954072462011877,-14.84822470500014,16.130681075537,5.116178633693025,-9.278404471732587,17.554708817730614,18.089300253243287,0.0015178388396122472,92.62382973582615,24.777122332456948,-0.0030490980394735938,93.33464463247432,-9.329072401127513,0.6208926442343045,0.0025008002687029462,0.48599484733375015,3.0497807282721863,0.008213438034977857,18.21836906851617,1.3441919534632092,-0.6017361533609697,-36.96747044689528,-2.835492149236677,-9.664179008001266,-0.21192903833474816,-10.502962684865217,-1.9973283892133549
702,11.7,54.43290257748306,-10.306040949247878,-4.661407842473797,52.882818432659406,-1.6152161054748169,-3.14460516842784,88.13168375751097,0.6064425301325034,0.00011626196430055938,87.06191952888972,-0.5432715051064457,0.0003775304289559963,20.00115933593523,4.254488698450051,-10.552063915310503,24.207609199772676,1.8133119694759305,-16.623344164619766,5.925145143625501,-15.109021107615579,17.832013528411714,4.336267833690662,-9.131636180217338,17.744059317533985,17.90710150783414,-0.0001745257677628922,94.95151450162203,24.669708375517487,0.00021624236843345636,92.114865406922,-8.703572600926654,1.4292950644542954,0.005795974715238237,1.326812592176715,6.160444147504468,0.006684818913433135,17.77682443697602,1.5679376419101199,-0.7514397837787635,-37.10301877601098,-2.6191088134483604,-9.309123535376047,-0.12878682675703554,-10.425223874347374,-1.9313506789717825
703,11.716666666666667,54.39343065679214,-10.268219055472516,-4.3441559510427705,52.91534031059377,-1.5397565534616737,-2.96109040869858,88.09576871136589,0.8995285501133546,0.00019269980054729147,87.23724049422754,-0.46194744586782477,-0.0004202359905931316,20.057625751482128,3.952895956339187,-10.647336189824347,24.21350953147463,2.240351143116515,-16.640737676678025,5.608174731486591,-15.274834265629746,18.100548567221406,3.6703581375473133,-9.396608971394754,18.634002458655974,18.045996150023925,0.0010428820696017145,95.76395634881305,24.25990300506346,0.0034404626892602284,91.5836509704097,-7.723414479862607,1.8608616821305155,-0.00878357393883248,2.1334879680322465,6.850095306381764,-0.0045252488938899976,17.58861073819918,1.660065892679299,-0.5057004123691824,-37.57356833304205,-2.9122784051207957,-9.197527926872539,-0.13531819116543975,-10.485530714890407,-1.956234942094875
704,11.733333333333333,54.239352944574,-10.202290191949196,-4.495769133370944,52.79322051675328,-1.581711175187675,-2.6704991003025706,88.10757485244422,0.8646110737644276,-3.068297711972734e-05,87.37554111419071,-0.15105745982015362,0.00027069738815689457,20.14580939654012,3.3177604597072414,-10.708595118479172,24.245843764119318,1.8926188825800243,-16.662212400988984,5.4069085742220615,-15.009768753597694,16.574791741213918,3.6326662099672173,-9.44635485128202,19.337975735978752,17.830875816817493,0.00030334853163433415,95.17516181347989,23.462168359283282,-0.002832707370095672,91.16814120816298,-8.178658153903537,0.849342720310528,0.006447783035337596,1.8188715173480527,6.45120981362398,-0.002228568507450385,17.737051077668703,1.6662254299586612,-0.13065188233824687,-37.63996440160868,-3.2479217810013714,-9.248210770004741,-0.1763684418270444,-10.645784521123435,-1.889536420158268
705,11.75,54.0367486743539,-10.075131181124135,-4.978004775794744,52.69526262492154,-1.6884647229766092,-3.0015045727538547,88.09428479115965,0.5113852288609845,-0.00013903872183727053,87.43994312455251,-0.5364748478203285,0.0003238463327498566,20.167212294371993,3.2523515003576082,-10.789472929826347,24.37685010770099,1.3919852801122161,-16.621491313396174,5.355459538496003,-14.741154290127394,16.03406139419978,3.2076696339451325,-9.331019321995756,19.319283682592225,17.35092083692581,-0.0009038175350760102,94.00676637991496,23.320389792064535,0.0008194527592429007,90.28478774256156,-8.690244549259969,-0.5307741222868056,0.008247965491171752,0.15172648260070049,5.839055549116274,0.003863039191340001,17.76494035239117,1.7015769959146643,-0.1794320213993996,-37.48050600177628,-2.6648950883457374,-9.384640535696334,-0.13482909861491538,-10.749136361509006,-1.7113936315679927
706,11.766666666666667,53.4139590728728,-10.172801625686805,-4.807646703322797,52.11147567458377,-1.5605003181943538,-3.5651855636328547,88.07667528586245,0.4793414294649151,4.5362574194369525e-05,87.3517864879838,-1.0251512627174542,-2.389122272029069e-05,20.181719039161553,3.7198698617833656,-10.671710329350084,24.263765832399855,1.1542609689972083,-16.55285790568,5.139436179600896,-14.709474659920819,16.014760751961305,2.2519523948110014,-9.320635720673893,18.880691113244758,17.18937523960002,-0.001090064880908034,93.60415710214431,22.7881728186773,0.0030821568808198493,90.3024654640161,-7.293732890472416,-0.41090081740115003,0.006013888451862084,-1.8053746381317792,4.430296508292692,0.016192429812957435,18.115855000988468,1.5573986120235612,-0.40961704426615964,-37.49594518830204,-2.17136435715683,-9.400595170696638,-0.013949223001032844,-11.316696358754925,-1.8524812112872389
707,11.783333333333333,52.66158284827559,-10.348271770258476,-4.668359841990199,51.375371023458015,-1.4770406271237044,-3.377024192758392,88.12893606633897,0.4740479949953565,3.292487436023957e-05,87.33396125901791,-0.6906725148118766,-0.0004959599430848893,20.221351717013782,3.878335019140076,-10.592801819982844,24.091160419375996,0.9867355927067261,-16.384751651333136,4.71911124340863,-14.881226143304932,15.406222120674057,1.7571604429131005,-9.22649261398567,18.81289168706761,17.497167712014274,0.005545816537535884,95.73938448888741,20.952248922400656,-0.01197893211071701,90.73643130495459,-6.3503717309789325,0.22564704275003883,-0.0013080027590113748,-1.648489711507311,1.019158642861057,-0.02654762826998836,18.77999578515741,1.5205199536886835,-0.37686040062466025,-37.762237085955995,-2.473728303091029,-9.267458801441432,0.12360673457958274,-12.088312781747915,-2.0242356902063445
708,11.8,52.5141287257298,-10.548849955827198,-4.7394786261774415,51.14671164300823,-1.4771472240096222,-2.5323301504829296,88.24028441933825,0.6214296414163571,-9.29961394351445e-05,87.31424916096489,0.020969156707125843,-0.00035957923820493804,19.969747156305413,3.6965827150050483,-10.572851091727898,24.615322739719723,1.527938591789419,-16.173149681346032,4.462730259855009,-15.114129183103394,15.115154911429759,1.5549011546715574,-8.89122966669302,18.75124553374599,17.518114690613356,-0.001422743806374623,95.01645801107945,19.684945268180208,0.007539884943884702,92.33320394827956,-7.416128486157685,0.295898545712965,0.001315470212273898,-0.8889133928183413,-1.0263603934439607,-0.015029099310798068,18.867785757624567,1.7304982165162512,-0.3106365585565791,-37.641811903576,-2.7537245870685507,-9.236437848360914,0.3589416520847895,-12.261281930113004,-1.9603111320282591
709,11.816666666666666,52.60109199029974,-10.797598301725415,-4.743531188015774,51.212911057534185,-1.3179085716980294,-2.1685822083323645,88.24348325942286,0.892433880575644,8.799027676890234e-05,87.14630123009722,0.13656889946238635,-0.00010326836157867698,19.578209075105924,3.9018608896464864,-10.429592800108177,24.83267910465907,1.9009112633827616,-16.331238415172663,4.459300319201843,-15.006006482205235,14.841375704018734,1.1441725420701012,-8.635860494966495,18.970639785944073,16.883256326058284,-0.013774324744389544,89.67332242557109,19.090176977337755,0.010509595087037034,92.9702211943009,-6.4283583892341705,0.6146200258347791,0.003884986334928917,-2.2047512422935793,1.0598205821118971,0.0045099430361223115,18.502515537545108,1.8725760140401067,-0.5740201016059504,-37.253983336411174,-2.7176802646455673,-9.093446490086162,0.6286906100218904,-12.086492147164337,-1.8726284645923084
710,11.833333333333334,52.566701498102844,-10.604418168632542,-5.016391467259064,51.26582382893653,-1.4490363668817954,-2.734613711042172,88.07717926421316,0.6652840129604425,-0.0002894857584299871,87.05177437387114,-0.4334135394084439,9.417701010952983e-05,19.572920957491945,4.377687090515237,-10.378966782190924,24.35030617564559,1.4615202615271807,-16.66495473169179,4.297897314809038,-14.755703846130485,14.970470890260806,0.9726835651759078,-8.751297069569523,21.066821778826224,16.64697101036168,0.009175022162430012,89.8738513655878,17.605724348912915,-0.035183591302782015,89.13521420640791,-4.576473500837653,1.450982980396822,-0.006306273009549684,-2.410676263925888,-1.1643409068302242,-0.060483750172436644,18.332850955448542,1.8815307948150977,-0.6304626749536322,-37.13509160048334,-2.5707563832673017,-8.776942261763827,0.4889726699630738,-11.985871246169157,-1.7768306234659164
711,11.85,52.7208810204646,-10.296680059690027,-5.073811761529112,51.26641516847611,-1.7218724055403574,-3.08597351000043,87.91265018059963,0.49548739039573325,0.00039108899378405813,86.95678893448162,-0.7640259724611106,-0.00012036362256002064,19.761730464857948,4.505269820646154,-10.44997587721824,24.633526265180496,1.8262519911622332,-16.60397884926485,4.3746648487621345,-14.672487662864773,15.77429244500937,1.4734846100541705,-8.907318218197933,24.712053078199094,16.315128803354895,-0.01916576963388365,92.23805947289873,16.202069988861552,0.008404879728599905,87.76896894184927,-4.639123743117209,1.845768861683656,-0.003671525698081796,-1.2153040146522942,-5.75864544572513,-0.07179452265527533,18.33043110082692,1.787078789236669,-0.13896634134209743,-36.96741574729002,-2.4322839726124976,-8.745585295643016,0.1939093680606621,-11.83437597008457,-1.736053339723266
712,11.866666666666667,52.90828249541969,-10.409466651644347,-4.744965974929306,51.36501781464489,-1.6521403891147088,-2.5520976919503258,87.84675289067496,0.821935147153596,0.0003012692930427583,86.85204558514819,-0.2777949415265496,-0.0001765759716496419,19.788909376075747,4.419311920079144,-10.490050741105803,24.97852621297874,2.25535861364401,-16.464090548760733,4.788323527603349,-14.46844972863914,16.778025468844817,2.0892222329236505,-8.716778315847069,26.625236920770345,14.997696084334985,-0.027607207018476368,87.60051262156462,15.675280705368168,-0.003671503939766878,88.75551839138261,-4.214739631358019,1.1106097555053058,-7.359789950586352e-05,-0.9203711913695921,-4.173567557825072,-0.029895980153995364,18.268691615904405,1.6812544737770223,0.09085115774037177,-36.87328346182538,-2.4153109985020715,-8.947982016853413,0.2749112231330294,-11.686482692582441,-1.790370900285127
713,11.883333333333333,52.78934758831163,-10.487941604055802,-4.686385564094699,51.43083859792397,-1.6150576280519173,-2.619534932698864,87.84380215167542,0.8736233686330781,-9.986123968372953e-05,86.9274579553179,-0.14443080013707918,0.00018249035451272885,19.959827503572217,4.376098925106769,-10.38731875356063,24.342444312698884,1.8864667726744306,-16.62526241237706,4.4726040608240245,-14.27334617344075,17.692234167267053,2.117447706849959,-8.470324441675299,26.724179855213837,14.6204264610526,-0.0059983773596728,88.96926915414367,15.087470372078327,-0.03573318091385144,82.88128383616177,-3.8108130509548515,1.0435765414600375,-0.004354225589289314,-0.1336175419425035,-3.331285582106862,-0.020292617747885638,18.264428901603786,1.6381756181339169,-0.11963954288537795,-36.97909889000276,-2.113418960716451,-8.868231818469964,0.29169514434441035,-11.79828553130688,-1.8836979960386426
714,11.9,52.669790017983345,-10.37125186066026,-4.573045020692568,51.351099274520884,-1.7298573223592306,-3.4181451909041627,87.79117765219269,0.890186669658148,8.564438148424902e-05,86.94868200806577,-0.7479365284080529,0.00012562218934120259,20.29410269935248,4.106345254508787,-10.233583341707465,24.046287006818748,1.8904562317052722,-16.704877705607213,3.869008057866648,-14.156579543984357,16.852783319211856,1.8199023456876806,-8.378235953488915,26.61340383890818,15.375552795388126,-0.008981873548417398,96.77742550191994,14.212480692328128,0.013660006748812124,79.47732012244902,-4.248306608387998,2.586731323310385,0.00011215784355945198,0.6467463770483464,-5.252520336058114,0.01132134636751094,18.299108137896347,1.5506335088615126,-0.18048895712831395,-36.85467938750526,-1.4574086297792062,-8.466011906796187,0.12236664105295478,-11.890896557308958,-1.9692784991490482
715,11.916666666666666,52.82376096878004,-10.303301678234781,-4.1012555299220494,51.38591628965154,-1.761911002959574,-3.4156729177131533,87.68987562233087,1.4151670427762593,0.00016006711506272368,86.85194641347654,-0.8624413780900592,0.0002006424557823221,20.367100293642736,3.733709954560036,-10.31445983879486,24.60502380682164,1.9130645337864864,-16.59032044939958,4.007165770210202,-13.859048605301632,15.32231805191729,1.6802256957886932,-8.284835604299234,24.768173497441392,15.202537094918256,-0.01222931962584429,93.38454224184858,13.099023349697433,0.029048632051415942,86.03570830800898,-4.476520027570247,2.7872073341879458,0.011786792358224692,1.0551723548938632,-5.689320694380757,0.008869480916960593,18.24177409927996,1.4421621655258732,-0.04754752261986674,-36.659024896905564,-1.1655591874271745,-8.370211923256333,0.1612376085958836,-11.685706751528727,-1.9233091251315708
716,11.933333333333334,52.52647836496657,-10.154483019898132,-4.007064328122139,51.127052570109974,-1.918045855369356,-3.3912461839961434,87.58386894341207,1.626508058485703,-0.00025941245559690123,86.84112018977784,-0.8616572430605686,-0.00014789667454136673,20.308429628563136,3.753650987255942,-10.58116405789437,24.860515281430626,1.189255853225963,-16.363848967452228,4.145986385363214,-13.807277206425647,15.994321178706494,1.6837689009027095,-8.2331092937264,23.754849395775725,14.828449318498004,0.0054871726793659995,86.44699024870887,11.912347143128475,-0.030179859623646655,88.3237268073285,-4.783956861818025,1.9580960651575767,0.0037090271266696576,1.0167783221395188,-5.369753892988002,-0.02435534174138647,18.59961343839718,1.450660231987827,0.16645282720519086,-36.596450179172386,-1.4237220985993557,-8.491130542081,0.17901650935377925,-11.872428341469154,-1.7905387406188304
717,11.95,52.220894518930514,-10.079646465208356,-4.573490292986102,50.97802904093091,-1.9594423241988494,-3.6241007255020388,87.50678391935188,1.0181942984428032,3.925875711914912e-05,86.77897936445164,-0.9385697133227644,0.00021789736291843008,20.296091214138823,3.7656177162172306,-10.760090607122065,24.3336142859515,0.6193031138634422,-16.2158696877842,3.8910178686559873,-14.084289279546306,16.724670104530006,1.4552639600205604,-8.261739991052735,25.12640937324065,15.25123554678082,-0.007956083911018054,88.7125638482209,11.410177117186802,-0.005175111420318407,83.71889209411295,-3.483214638901187,2.912631344885819,0.017310511361914614,-0.5095367209581382,-4.227678681343165,-0.019076858830901846,18.900881514094984,1.5071929834740314,0.2355409039646191,-36.35404231183632,-1.65237110312657,-8.13024478756788,0.14569314182695722,-12.09519957403788,-1.8125330234136703
718,11.966666666666667,53.09156140875535,-10.27843707654926,-5.020154922967756,51.93415807284288,-1.6799950592531006,-3.1773164915918115,87.56284301463697,0.6110626352581034,8.5954862200616e-05,86.72854622971263,-0.5763008938097717,0.0003796408665753313,20.191275978784386,3.2143694388279127,-10.712178691044743,23.87038577914836,1.3050477366962612,-16.378994654471946,3.9432488677872333,-14.062708283025868,15.351848524037432,1.0185074582030733,-8.260939540023026,24.229055722895485,15.27121775985721,0.0033383774928907786,93.27210636568641,11.534811617098068,0.0008082627612085115,84.33496327724605,-0.8127099987666275,3.7168483011531506,0.0012397884154137157,-2.1896275723554948,-3.822762949288588,0.028018565623296958,18.237732910768084,1.5174554154155244,-0.027532394259451972,-36.07582843727281,-1.4859712187126686,-7.7106227744972315,0.3213327795543668,-11.29539205333936,-1.9362138381149328
719,11.983333333333333,53.510355706818146,-10.428676012819219,-5.053154432930027,52.404472421348,-1.596335852096185,-2.9483757318112165,87.58999746566722,0.8938859436484512,-0.00014444505128584375,86.84911883927758,-0.5963716152886869,0.00027233150756102197,20.05528899356387,2.769102079032641,-10.560514058073476,24.01351244636447,2.2804001155808122,-16.448146232788297,4.246530570755532,-13.853180917279484,14.680724551104108,1.1382659866324134,-8.220985234189024,22.910793189714926,14.849805079333114,0.0014127992999279988,95.34130260326322,11.646786122873333,0.0052839782141195024,87.32214073527638,-0.4056148383983522,3.580131142984281,-0.025272311151654226,-3.7004673526213847,-2.197115045907129,-0.01966479475662023,18.150498103710262,1.5471857420894806,-0.2843367150937905,-36.10287556879016,-1.2974999652573593,-7.428212389843103,0.5110254365799272,-10.891488980132902,-1.893769195698839
720,12.0,52.81097843775433,-10.414713604202122,-5.388057122384246,51.76174907309611,-1.6696983525703637,-3.075586637292259,87.49349212351154,0.8030905966641125,-4.5157610981253846e-05,86.8869005445243,-0.9104067412862148,-0.000232726372248788,19.824422315436365,2.76249551918601,-10.547507800513552,24.13473816151322,2.4764540082471247,-16.37320443852217,4.343290239274851,-13.98312800949132,16.619136875838944,1.7439957966609998,-8.202288263696023,24.897079480598077,14.749135967989712,0.0005933285326262138,92.82095066892332,11.612470255589793,0.0006983773703567403,85.38128381791785,-3.3519761454668116,2.949745950419168,0.020901725120728895,-4.860571229793672,0.9038647961770262,-0.013397751395697594,19.140164784154084,1.601968479603484,-0.28643510342629935,-36.19206112430575,-1.3661048900192403,-6.970285573936529,0.5788162805447831,-11.493848746754276,-1.7610561716210589
721,12.016666666666667,52.8827475061574,-10.301141499619662,-5.677043725356127,51.86320938183648,-1.771148589399798,-3.0970334132151702,87.50780454901508,0.491947372794032,0.00023571689425858812,86.9119313734811,-0.9920083666078852,0.00011367679713399701,19.590902405416134,2.7564361834456643,-10.62742808891099,24.014856929678228,2.5280136652123764,-16.325035049249387,4.3778265122283875,-14.258236663774625,19.48414559092511,1.8934040488035246,-8.253161917001663,26.799105893155854,14.571893290406074,-0.002948851900658616,84.77661935333315,11.32736401632067,0.0012619638821709353,82.33992279026907,-8.158479825911527,0.09138937175178374,0.04624538445337692,-5.155435252556024,-0.189276453314129,0.007741362266370401,19.409696704618433,1.6879314736515199,-0.20123386398617016,-36.21614032034469,-1.4473276957288836,-6.7968804225040005,0.5571801709155972,-11.451074477091254,-1.6912971523370683
722,12.033333333333333,53.38150668823431,-10.067848618448005,-5.027565494275864,52.33154257791174,-2.014110350476485,-3.484116017556859,87.62099136036554,0.9845554354928047,-0.00018444094034171705,87.02265288836178,-1.2698643566520276,4.018676507069381e-05,19.699298301647023,2.8336922634348816,-10.72123434278379,24.091930346210233,2.5452178718639416,-16.19256723363714,4.427711779506414,-14.231166082123409,19.72555724059196,1.7194225295901295,-8.268853155666108,26.38816285731312,14.53203512839929,-0.00540850799283487,83.36330246085922,11.164283761055053,0.002819645665273339,83.32900739006645,-11.074004322476167,-1.4145483873117233,-0.06350247149279674,-5.390791328564739,-1.7128012526155323,-0.0049412992701267965,19.327079698754837,1.8185607503780954,-0.1534012541296622,-36.25084644268177,-1.3938195901557904,-6.706556448450959,0.4426978422259253,-11.038312783593465,-1.6633951299513545
723,12.05,53.3593004818932,-9.972622689642497,-4.64351502070341,52.266269325171805,-1.9591956374854222,-3.6970422016037023,87.65478898127938,1.3058296862871415,-2.939439443569383e-05,86.99171409871535,-1.519173080992692,-0.000286514529041496,19.935535292215025,2.712146072720097,-10.76404886571914,24.098945469660592,2.4533867525818485,-16.337185818181844,4.482342699322267,-14.024601566367904,16.510369001490893,1.856852211752974,-8.10197388379047,24.653613859667185,14.931648567633482,-0.004053525612330129,91.75717158217337,11.868513529452343,-0.016437341602724313,87.62435381083756,-8.279777013322704,1.368985012474757,0.05382253542150776,-4.490313351056408,0.9951700354314805,0.008183063906557047,19.81239733768027,1.8937294250834196,0.04053277537944766,-36.17785083160025,-1.1720746148417258,-6.581511786876788,0.4056715441354012,-11.063036214037266,-1.6533787107350286
724,12.066666666666666,53.42087769705223,-9.940311768246241,-5.199380703295,52.37817484351183,-1.8722622561561475,-3.5265783389589473,87.62966103590136,0.9261172174079684,-0.00010506592366391419,86.96220564140631,-1.517391896046522,7.548674057242134e-05,19.938438087519913,1.953447093109794,-10.551612289088963,23.84272108965242,2.3067605746343984,-16.571407417774754,4.84517762007713,-14.217430149856156,15.318418375065612,2.1741296358858726,-7.98805532318408,23.320339299492936,14.87979872290973,-0.0042630568518159636,92.90121640601258,12.922270100736766,0.011295703635975105,87.8808717516978,-3.5537713837603913,2.8558050896461884,0.02319277007610809,-2.8797033606380014,3.3403710569689755,-0.020916745405917307,20.187529247760416,1.9346138948147766,0.3257609919892903,-36.12063714530379,-0.9188009394215125,-6.673163799893859,0.3461139391059787,-10.984146552352897,-1.56169721057477
725,12.083333333333334,53.96927694779249,-9.756349913133784,-5.228652787229311,52.88843054830343,-2.04744978085559,-3.390342299299056,87.68023962117935,0.8504363047873054,-0.00020252416956854352,87.01815499011379,-1.3388653071198267,0.00026004281216552536,19.800384817880364,1.803533327833107,-10.425399418299488,23.79192832200716,1.915757462716623,-16.476469873665586,5.521513037354869,-14.767580880651275,17.94273612357429,2.500477610938063,-7.965636890397144,23.622040729962873,14.44727231918662,-0.008094138660028994,83.89620992565098,13.155015197942333,0.007497124159835105,84.55338283611644,-3.5343415447570443,0.9238163198914687,0.01893535783600614,-3.247344762208931,1.8607182684394392,0.013461940966988255,20.240628490791263,1.9990503189816835,0.3178759350879091,-36.22649118061187,-0.8981264161525295,-6.28214639464083,0.18401123363571767,-10.548387884525336,-1.4757408437811517
726,12.1,54.623394952829194,-9.906524527450278,-5.045071659355645,53.401497660940954,-1.7681962317312154,-2.9955874658121946,87.81330960503105,0.743899321312371,0.00024101323977641535,87.03101910350155,-0.989819281170587,0.00031617958873147127,19.776232503963197,2.9832303951043455,-10.610294918083017,24.042335805561272,1.781934630037583,-16.585369559697938,5.990139978442905,-14.864516525266403,18.616688371812923,2.8780378106047895,-7.866163104521945,23.911240386479378,14.436595712439836,0.012046831229211052,80.51752444181363,13.012085475040559,-0.0028654512551571517,86.71767592084953,-6.616571122568726,-0.279581079130679,-0.014206684140687336,-3.7939866617343663,-2.1411693271030123,-0.011089982303190582,20.452022845737133,2.0872055160396425,0.11370248751420375,-36.13905932192214,-0.9978645214521341,-5.591014366660549,0.34376835359464364,-10.0588163322749,-1.5244405253248334
727,12.116666666666667,54.80221200204929,-10.355856241520119,-5.345588505106922,53.56689766170993,-1.2765730732460707,-2.844895972176368,87.80813446472315,0.5066990482888296,0.00045129960988158274,86.99864162248466,-1.0700128778653875,-0.00011257085579879709,19.887670453020462,3.6900420176335422,-10.646976407762823,24.420408457313336,1.9055750967711291,-16.842606944114475,6.074705771973619,-14.646450587829062,16.526621434409783,3.2048037865175143,-7.886895171351714,23.515394104326877,14.861059778435052,-0.0031441779557892613,86.40374860141065,14.02621031101837,-0.0072249406079311716,91.34897561398498,-8.213416694005767,-0.211736378984661,0.008745849925813148,-2.110287444805638,-3.1656881221026945,0.0042894173634906085,20.89460070087767,2.2387527670340193,-0.0039738880373488585,-35.66286008505177,-1.2893020230480519,-5.221976262513838,0.681737029118932,-9.816548183237328,-1.5505989295968043
728,12.133333333333333,54.76578533444825,-10.543378590490208,-5.328859520237113,53.50244146381286,-1.1164838469436908,-3.155818410578043,87.72537010248797,0.6096026189111876,0.0004923184567512396,86.90391465023045,-1.5101192488718722,-0.0002197589621007906,19.86562253247228,3.537653859799554,-10.472263919135244,24.714584923398423,2.0719072608815443,-16.65059950905511,5.992950252758288,-14.819868645029715,15.084365500905518,3.883927344239194,-8.050605521708468,24.871343877058553,15.580427606421674,-0.004632932509773562,92.42653554370787,15.924755893804667,0.01784555065438271,91.53823119441877,-8.470220639872228,-0.6218988284136571,0.004377823813109472,-0.6643806700516302,0.04668279118220713,0.00876633437101956,21.29754090471159,2.361739529883183,-0.21741371602082085,-35.247672283020265,-1.8417080446271623,-5.017155883247971,0.7968214572796954,-9.734773286608878,-1.5536680985396438
729,12.15,54.910488745392634,-10.468184049435115,-5.281098397634482,53.56588980591686,-1.0288523406059338,-3.3164845564811127,87.83557322381213,0.3257882404795934,0.00045021163223016823,86.91447936140257,-1.6842171485577349,0.0002634911178226268,19.80811426803717,3.8051422043367777,-10.404538738055397,24.710503604800365,2.4320944639311626,-16.487596161931023,6.0014183723017736,-15.135669770591658,14.792043233659804,4.710424056611073,-8.208617163293379,26.577773037052737,16.253786569239434,0.005562486598717555,93.86740614382964,16.568159908569207,-0.010548768269042478,87.20543042288746,-8.705356779149081,-0.9820186420865166,-0.022822516002875753,-0.17339498398203468,-1.7317497782744296,-0.04363440465268512,21.77117920618476,2.333430346118566,-0.37779525685908616,-35.16163049999373,-1.7648981589220591,-4.870299076198585,0.769235047360706,-9.638769432672408,-1.6168149675004686
730,12.166666666666666,55.21390938235009,-10.280619967917547,-5.362598904041374,53.99709988624096,-1.0259413190321205,-3.2360832752144812,87.96737010212622,0.04314535581242124,-0.00018542023803255498,87.13751039250118,-1.469139472655542,-0.00010302134118492518,20.0307275074539,3.843720781413284,-10.569150518910705,24.551789539867237,2.1008781147833258,-16.858594813105967,6.283585529052018,-15.238685869915734,14.772873417751267,4.777562962000092,-8.45529420457988,24.635979687453084,16.92965008234989,-0.006661337342074469,94.43476281246498,15.916172208112762,0.006613753953366127,83.40786296669404,-6.754009649595077,0.3255285191181319,0.036923197308301264,0.3182111717223315,-6.419071453862544,-0.032182669984981996,22.340871175930946,2.256184334777552,-0.305518554450955,-35.70447417722313,-0.9558702234293829,-4.432031784710071,0.6371618748106399,-9.34044288183485,-1.6031226325064039
731,12.183333333333334,55.743839124279596,-10.268321397579296,-5.090913472306939,54.67354379855078,-0.9361503452084086,-2.779663106143273,87.99546248300665,0.44762098749742296,2.3357639521320927e-05,87.28763419099987,-0.9116605418221138,7.584718700769543e-05,20.24863867065788,3.2201501815438207,-10.71431085789517,24.440441626478474,1.0792846852551012,-17.17480652167749,6.640217652111906,-15.13684527108639,14.047790756861385,4.8562793844940275,-8.558261453227372,21.840185981497182,17.773993330424183,0.005827702141045352,94.80379900299279,16.25204257069681,-0.043318793021286356,87.3220435713294,-4.826747044272287,1.331325187740208,0.05713993178293985,-0.652129452811064,-4.195005515363786,-0.004753442707925632,22.83008634572269,2.22378097693686,-0.4143044641163436,-37.034943716951325,-0.5718285112784568,-3.9116527935997882,0.5741881737441167,-8.757464836152826,-1.5611206782656244
732,12.2,56.36978413227641,-10.289720839120992,-4.882982582828753,55.26589872164685,-0.7485401960088903,-2.5988534152519356,87.98988594332127,0.5585383431909832,-0.00018057396789056412,87.23692365778136,-0.8399596180733637,-0.00020098358860462626,20.11038407100261,3.327405920626784,-10.61050458426792,24.26087783790447,1.1536084973996406,-17.32642473560843,7.0327560320182405,-15.136991437049392,15.348125477749532,5.540325816445472,-8.713720536677211,22.04282450648987,17.875486012269462,-0.018254814734109157,89.69551130626208,17.636099476904345,0.016876073640196484,90.0612673616967,-7.242943713985525,0.14080608983339063,0.03655330020083914,-0.7994308659128949,-4.019691994548728,-0.043593052549656036,23.180580580652812,2.1002364275655547,-0.3145082680080796,-38.1100357199157,-0.6844132957750748,-4.102547084545372,0.5787559374859953,-8.088323660223017,-1.5805253485987225
733,12.216666666666667,56.97868786135368,-9.96506705997796,-4.927418346822347,55.90807999876274,-0.9266651628000622,-3.1043512373925286,87.84585138430928,0.28185783970546485,-0.00010717301179658628,87.22044750431094,-1.4044105720744213,-0.00026764771186932367,19.87626011694078,3.9145795641751353,-10.427231675519614,24.035358864106872,2.0585732065639535,-17.753660932588964,7.733697018852651,-15.461023597810154,19.06687149574203,5.76702841082467,-9.232211445638013,22.401710713310486,17.222313609619533,-0.006058516932458294,85.46207627007625,18.84602243959301,0.02033346557056621,85.92780016534373,-7.625018670325637,0.09773975367643542,-0.0007826594128079273,0.9212481546310488,-8.251744365329932,-0.05335690874106275,23.25610145222072,1.9206395424986653,0.13546011998071378,-38.64024105778528,-0.6477748597378604,-4.559716845368821,0.3764709837060173,-7.3825333303111655,-1.510521120503763
734,12.233333333333333,57.59942400527941,-9.77047727035111,-4.774512791554789,56.52246230848715,-1.2500512553331327,-3.0872370846012585,87.67778173813981,0.5834281559287997,0.0002636001948245665,87.21426776269836,-1.2739811480732812,0.000236665525251104,19.795095400519813,3.536605729483645,-10.288218565147053,24.361334399346756,1.871828641614835,-17.878420100242522,8.3258327818563,-15.50538156808393,19.18858294007781,5.562281943962345,-9.633028812866344,21.29844475162547,17.20604122977984,0.005428523957530062,89.46673544896623,20.129712164395276,-0.047501543713686464,87.87487384478752,-4.164104264722662,1.0463000572220835,-0.011593808258728983,0.5146659087000102,-6.0979754604275005,-0.024200550496483942,23.280356763758032,1.9015123322489178,0.053473085477070206,-39.323125816910775,-0.47358616435021694,-4.189588277542507,0.1651099486272181,-6.677607853646623,-1.4066635358451023
735,12.25,58.2800137663653,-9.764751204415914,-4.404203573847543,57.1029158397996,-1.4191900155833734,-2.588620724908428,87.65097650365654,1.179860500237077,-0.00040129037084044944,87.16039312933229,-0.7493852056856722,0.00045960193248774047,19.72394224582737,3.094567475500995,-10.305744148774192,24.995287719159546,1.3427114541641254,-17.565265776144525,7.759137590328789,-15.326841225851076,16.180289331803856,5.866858450053057,-9.643045083113355,20.794325451079434,18.6778965711658,-0.002585561405793203,94.41746471679782,21.497516495827035,0.02177752488942227,93.32207075136782,-4.51660565925236,-0.0026577838777865283,0.010888537469859448,-0.8937860620383701,-2.006643508204317,0.03120055546401224,23.314542669620575,2.0715073955328673,-0.15739453863085262,-39.75556036812063,-0.416174201077502,-3.0391596033317994,0.13779452864271416,-5.89536580826526,-1.2998403415387223
736,12.266666666666667,58.945762755043866,-9.6360981030687,-4.667225370740548,57.81173317343468,-1.4220268905310842,-2.699179338064807,87.73765914779294,0.8953210344350563,0.00032487229788623036,87.29316287481161,-1.0460675254139506,0.00027892519483872547,19.725649736803547,3.345400024257963,-10.349359623744084,25.115033709899997,1.8543546175445775,-17.737030951619833,6.579657426721669,-15.272456578000888,14.46121253602482,6.497792748487418,-9.499280653346258,20.38235707186988,20.54583057995017,0.00413814138928198,95.55045381501421,22.1903913220368,0.007437254037128449,93.01768910690915,-7.112465678125592,-1.480390221027622,-0.003308489084219249,-1.9353822059514807,-1.5988711452858713,0.0017138373685008708,23.259941467099612,2.1860279833019964,-0.06915743713171617,-39.84476446709905,-0.4042529794156773,-2.372970902512081,0.10013917890292358,-5.095666496662876,-1.1500839808651628
737,12.283333333333333,59.437979511100906,-9.834624408079364,-5.728128962727369,58.25692581680427,-1.1524428267262772,-2.9400744407961694,87.87543410492259,-0.16126187018665863,-0.00010804379303916378,87.37717945220355,-1.4142370101674693,-0.0004501162365050519,19.8342855598608,3.3718801797896676,-10.106394223823953,25.223375952887334,2.1444525790659603,-18.16944916539783,6.912066695191469,-15.01004422521737,14.70640890584784,7.00823720354407,-9.320737433034294,18.982726368987215,20.322767293535453,-0.01658913247174085,93.74844416969869,22.592692182163194,-0.01771876550938206,91.02959176733586,-7.10914470082402,-1.3664061272396206,-0.0046960668640797995,-3.535528322375933,0.027095665473104585,-0.033716708490754414,23.421952113364167,2.043430247071544,-0.3721727069641464,-40.1800016261766,-0.3025026759097151,-2.618732952963991,0.04642941472485702,-4.523627300688853,-1.1780627093118492
738,12.3,59.935626114557074,-10.177346525104062,-5.798507631631455,58.522666812056734,-0.9709335473239614,-2.6363270844202167,87.81971399881179,-0.1755466912840163,0.000392904661609375,87.08695075786575,-1.0634576712212351,0.0006021608074274227,19.845621035669758,3.558307257655646,-9.892496880162476,25.744897571380733,1.849459024582085,-18.198081457311304,8.280229753952337,-14.911988379120528,16.313305135188827,7.3812818264066244,-9.333637924426217,18.20209489044546,18.915287611415675,0.0003803207693095333,89.98747149732434,24.61401160715773,0.014444578520812372,89.43023478754269,-6.394960760169343,-0.3269593211707866,-0.00016515924028537342,-2.8672259753530325,5.594590476571912,0.05797155447613418,23.65844428252309,1.9992781734806557,-0.7516501582687777,-40.756702459912105,-0.26518366886351974,-2.541081763803026,0.06078245643330125,-3.850981753081917,-1.2993673039386626
739,12.316666666666666,60.5221828152197,-10.089188749235232,-4.448642160616621,58.91581221378767,-1.0763167887479914,-2.7525297277678913,87.61442797861649,0.9639834455931945,0.00043597189338111475,86.78893001995053,-1.0329372012654845,-0.0004247623284979919,20.042113651366364,4.098569737706189,-10.008826215820653,26.136876048026114,2.0994912173027798,-18.19365119339558,8.447421916006627,-15.288226477119968,16.87091101923515,7.526991320561093,-9.622711142809813,19.328453448749638,19.38779603024389,0.007371170197573304,88.00464015257772,27.627935038634764,-0.014607531349696227,87.97826029709086,-6.851824786161385,0.13597291551081345,-0.0007812537900232553,-1.37342487764079,10.175293639142721,0.006621285063205702,23.627687187119477,2.038510593060283,-0.666151389913719,-41.339925341743594,-0.18741957927307443,-2.157953115781128,0.018880228197209185,-2.970738068043805,-1.3993221189862932
740,12.333333333333334,61.06393610999901,-10.044604138517517,-3.997745519400016,59.39483341720118,-0.970917671865056,-3.6036487658345973,87.54371115746027,1.1699406880613104,-0.00025118892487822854,86.66455107607518,-1.7488142754352574,0.00020243063432161035,20.545938631870307,4.111100242499697,-10.173631179170016,26.185126961299584,2.1240280916951053,-18.25159713451287,7.784933466942953,-15.490170876780063,15.703614814013292,8.206719876944147,-9.39155038432577,20.34363351979927,20.999760030767664,-0.0066214892755503876,89.14287613455954,27.57932614643262,0.017013766252129227,89.34160483163888,-7.30605817042871,0.04362200770137608,-0.004265979928322202,-2.4642498635240853,8.832304393592164,0.02310483992393939,23.411566034919257,1.9425715552194638,-0.5574145223561358,-42.01977675882408,-0.1412225730262004,-1.9983817231052714,0.017125332937907873,-2.112110088024605,-1.5552922089782586
741,12.35,61.32459384880871,-10.187556131352132,-4.783178136164814,59.70759168583996,-0.7020734317354242,-3.9629825317022846,87.1855726544813,0.49044786324043405,0.0003338390531740084,86.22753552182513,-2.1887484687817786,0.0005661281560923851,20.915948564822326,3.955005889421293,-10.2793432091009,26.335637387931744,1.780958672215105,-18.09135418756081,7.598351284321603,-15.514098119651498,14.795963956309604,9.743837956619167,-8.428392228721258,19.71602923489417,21.584534890501892,0.0046667493111924,90.1554604719892,24.883561794551273,0.006834078174687793,91.46449124089703,-6.37076650028352,0.42499244943829717,0.0016938444518605662,-2.9180104256581862,4.460090498862269,-0.02713145204194732,23.217055108706795,2.1132451394946274,-0.679370299012215,-42.855300352094105,-0.5479415852295342,-1.0965403667285367,0.09398014073202623,-1.2472761053517554,-1.5800196834716516
742,12.366666666666667,60.9578840819508,-10.082613548904908,-5.0881473501224495,59.3687907330448,-0.5216257997899454,-3.743866234134803,86.32022253129693,0.31588086265927584,0.0008148883454930602,85.44748871304097,-2.152865544180132,-0.0008950573226111082,21.176828860987726,3.7002499901079102,-10.280190652268011,26.836187575992525,1.86618337685341,-18.074585133808405,7.8776599977091335,-15.525891451652441,14.751515448068716,10.515147292902869,-8.160998915936217,19.702065245852594,20.895446896365886,-0.005092175557083988,89.7925640473662,24.499125130257838,0.01262700314308024,90.06272738702624,-5.503156572323791,0.5974699477384836,0.003157292932302803,-1.8934141930635948,2.2137184972137565,-0.01542221290120417,23.21895839463675,2.3121193906119135,-0.9799830517899903,-42.98786273615365,-1.0378364330113166,-0.12582078909942349,0.0361083336295246,-0.6403477922978208,-1.540974564103671
743,12.383333333333333,60.487410617995835,-10.27114639148987,-4.916003614646005,58.827842826268004,0.019558499049557213,-3.458440032371355,85.63368322256615,0.48856243749730216,-0.00044704107763881754,84.7134242319297,-1.9414670575371178,0.0008516088394926453,21.447618003294952,3.205768702118973,-10.098929967646079,27.411122615084285,1.31650935460356,-18.249704345717213,8.218714836658023,-15.476409647679889,15.22984969860226,10.039098066373025,-8.689068181041089,20.926037269160712,19.865368213562693,-0.005500617665072443,90.74362033261276,26.39004747981408,-0.000754100852683436,88.79512299779246,-6.3641433566500565,0.5871186072735775,-0.007812863655333778,-2.268832404422066,3.5879723380189086,-0.0023597571652298243,23.06731917480923,2.2388641382555696,-1.3974090630912401,-42.25960435585473,-0.9562189600961273,-0.03976709762294211,0.16650856798625843,-0.17482994743753388,-1.7099143441274642
744,12.4,60.58850618208932,-10.70831563216519,-4.938461871968608,58.85760552015593,0.6183096374888469,-3.231842562244684,85.06130598587927,0.516958733247023,-4.277472008885113e-05,83.95739629618666,-1.8100447852430592,-3.598620147760855e-05,21.609024891862603,3.5831952294179192,-10.248421827259603,27.76867300542115,0.845928253629889,-18.23822130357641,8.481314389126815,-15.635869940842623,15.737899351888013,9.635405281190552,-8.883571890576995,21.65917643183934,19.502861116812394,-0.011227008911867103,90.68457121424161,27.444414943174746,-0.0011514024367253487,89.55728846651499,-6.282617966541909,1.862331000084493,0.0024626104295648837,-3.555992138949372,5.964703557465914,0.006224999156999105,22.329056376011472,2.3430226641615555,-1.5801365788671848,-42.000984172524994,-0.4181028745623885,0.19729048019014636,0.5001401010766946,0.7619154204911788,-1.85298773292464
745,12.416666666666666,60.82033149467905,-10.511283824374448,-5.267087716431381,59.25194917114518,0.5581858918239854,-3.2019833809185165,84.07517605078081,0.32938326428101117,-0.00040735138302479474,83.23418769273218,-2.07619852959312,-0.0014011397616439838,21.756016440207887,4.2040232133675595,-10.586328114632966,27.54781578654141,1.9721323277011107,-18.298112021834665,8.53979467535197,-15.983773064309155,15.607538178770076,9.694424249689456,-8.656111411255681,21.181954488745355,20.19429962780998,-0.012625846166939927,88.0407788776355,27.67960729468135,0.006496203002972701,89.9530960865316,-5.111071853260527,2.817342527602994,0.00301500155000059,-3.6277862247875583,6.2827707872174505,-0.00480377843550201,21.418185591303963,2.701547692741916,-1.5215473556638606,-42.317368349692174,-0.27741739770703855,0.5986610260524884,0.4006979684996334,2.003448330723628,-1.6596002421292044
746,12.433333333333334,60.81119701446195,-10.25254630187062,-5.724826164158464,59.42922174832377,0.4806708735830554,-3.117877288960119,83.15881071514463,0.07998867425336784,0.0002520922275659517,82.48620639080868,-2.2584282186752507,0.0020424397434984473,21.730083903804026,4.344018009819423,-10.482532606188025,27.10842332603899,2.761707688031011,-18.605006477901924,8.18649977720997,-15.995182596102502,14.7662484944584,9.726834804694185,-8.277824209851666,19.926130454374174,21.11629675315687,0.00394423461959267,90.70072584779885,27.79734946722519,0.00146765617080836,92.42957047245088,-6.629092555073559,2.5474933408301146,0.003069176958057643,-2.6942496577088657,4.3968340770479255,-0.009755312464762798,20.578297230813014,2.9808353778397176,-1.7521130154177296,-42.524064818037346,-0.7089600983931473,0.7234819786859984,0.2140444551302986,3.0693724503184634,-1.4843902361598451
747,12.45,60.627662970656004,-10.514738566392799,-5.9240028127874265,59.19074688828122,0.8253086987940673,-3.12339816087191,82.44537948238779,0.04926060513892084,-0.0011629225514255697,81.42119666580284,-2.303657062474393,-0.0006946368275304248,21.60979271273373,4.927693056246887,-10.379621108421167,27.123435034896335,2.5384363247020834,-18.924258144936854,7.876719475139346,-15.649682648936837,14.779152050678995,9.746363720509096,-8.196206763537681,19.821464891352473,20.91220751593216,0.027628324157510483,93.6910261542066,27.626254257974164,-0.001316730714054541,94.4543698477011,-8.64501867284834,2.637923493597171,-0.0002484206127665265,-2.7300609056443728,2.4050405256011222,0.004868597390257872,19.689352612659864,3.0156230390079752,-2.082209825562066,-42.73754304880553,-0.6978563314052514,0.8081317551941911,0.48687346967133516,3.9110332021670593,-1.5720942485481921
748,12.466666666666667,60.055504784478444,-10.551349681923629,-5.876962232243661,58.67176119243754,0.828023627358705,-3.3814915313077427,81.28244555922463,0.3344585583628485,0.001875807531456663,80.2894181541701,-2.4589845673616972,-0.0011260550006508992,21.756759131530274,4.635357163941122,-10.362391087500416,27.116812528248154,2.1405948816518587,-18.838717161390967,8.148459384559018,-15.663417304494823,16.125175085721242,10.239292518873068,-8.44614923370647,20.942273306507676,20.019339411643674,-0.017389923270081726,87.31549215429585,27.08301718402276,0.004550016419678653,93.58752608818597,-8.046635398787497,1.9886135331702128,-0.0042171924727200365,-2.3668914542415878,2.3270897021479775,0.0010674638800113828,19.123777867309308,2.996227392122899,-1.771476102752384,-42.805725714666416,-0.29161331190734013,0.5079085969631117,0.5644155294077992,4.53983858245814,-1.5299916066749544
749,12.483333333333333,59.31341073414876,-10.188638761597225,-5.690228663977872,57.96166350964976,0.4903114438203031,-3.7551744975540022,79.78585820175824,0.5501721719484801,4.754952205395537e-05,79.0412352346337,-2.3991123976067166,0.0032182871597907347,21.81665434280635,3.4618631743157584,-10.075915961943393,26.82274982217644,0.9247544569707868,-18.36322352293585,8.651336964647836,-15.672882449081358,15.667711160882394,10.639897552696489,-8.380907566182204,21.17431862141257,19.288489960786368,0.01819531469578357,84.65539469026979,26.92851501957729,-0.005042919224067743,95.4249749733204,-6.739236372924466,1.3150642985179755,0.006550603141127423,-0.6943950572209326,3.5832249871609254,0.0006346726667897822,18.601941680403083,2.90311531952267,-1.2631263407944435,-42.64335775545192,-0.10790448486089292,0.1365004411360679,0.12374006304833521,5.132987000215632,-1.5050406022226304
750,12.5,58.62405489139753,-10.152248843612423,-5.6833534223459745,57.13283644472323,0.6568319558070854,-4.2208877168471455,78.37970324653415,0.3772618895615894,-0.0029148272947353863,77.4865404849402,-2.604266225676145,-0.0018401221621647396,21.472138639552053,3.959453817835969,-9.742290187641332,26.59802963397762,0.8579355005033693,-18.636652363827338,8.633747555649933,-15.176383324497117,13.519177950022028,10.270748962994855,-8.187350388614501,20.155116392614726,18.8123152531808,0.007110511697811789,88.68687499719549,27.49215610718212,-0.007870651024060487,97.68871568570715,-5.678058623191061,1.9879249875391893,-5.2153215584537405e-05,-1.288392830989157,4.703665116296309,-0.0060268354961022464,17.611150769072147,2.6480590824450125,-1.4532284176905614,-42.46599937269873,0.06426277716996531,0.6582336551161512,-0.0794850810435286,5.7484113309874,-1.7325398376561139
751,12.516666666666667,57.60769062472563,-10.28983219188703,-5.945814781504306,56.149536484776156,0.9913983892516968,-4.530516753025124,76.94259575923164,0.28308967670290125,0.004291468614582541,76.00428833159,-3.257765308353497,-0.002783688281981116,21.005668140466422,4.96090759285932,-9.438214950431378,26.4334082319167,2.512503480826075,-19.369783656930544,8.224074965903897,-15.12306220223526,14.8530216718917,10.047200229891526,-8.089613057382552,19.244265231888384,18.679582757376604,-0.007882560775792516,87.34396506132039,27.25788742547522,-0.0041232703151821825,95.72372473586739,-6.369116686547786,1.2372519506962356,0.00814737429375078,-3.5928211405557167,5.212671995067888,0.008169007857003079,16.69088627047983,2.5709535272829607,-1.7076593914181861,-41.83840839950037,-0.29381656888971686,1.4590647085005766,-0.04902487254580494,6.1052815597337,-1.775586299904211
752,12.533333333333333,56.62403764550138,-10.068943680683995,-6.18676604688154,55.09468768594841,0.8796572476511817,-4.739141649101064,75.3059609755724,0.10522531189407745,-0.0017560210243666205,74.44478012213335,-3.366854653667417,0.005231209636570923,20.6275273197979,4.774333165355173,-9.189806464697874,26.36736433606361,2.4172349281117014,-19.060040359202585,8.055864308242164,-15.531790120680606,17.856197161464898,10.230789773183613,-7.812779704316233,19.48073696768736,18.444492359067365,0.008894745497262591,88.60728377198039,26.527574211089753,0.008696514393496266,94.55331022308668,-8.307075548227074,0.28091696516526277,0.0008484549919344081,-3.736689404175523,4.5243448690206405,-0.00588318731090923,15.730480655626035,2.6001832454811664,-1.4049850681078393,-40.897737196643476,-0.8746597846989543,1.7419157624292152,-0.32375674600004267,6.559102868998464,-1.7827317242540186
753,12.55,55.93896781745079,-10.03901344192394,-6.518413887086686,54.12303329063871,0.9562980616114629,-5.042177384999,73.47458017051086,-0.30438670402158874,-0.00475487969419391,72.3787697853301,-3.2065773932434176,-3.670649105418362e-05,20.331091974187103,4.479146330225806,-9.031923540951096,26.46451191145238,1.8273054379129343,-18.474332574291726,7.783322495459082,-15.553578332901726,17.07475552637615,9.934041807087036,-7.54716935624247,19.757308765309983,18.069894969333557,-0.0018714921947235645,95.06286445883045,26.89191301834945,-0.004833063731688466,96.68193143295788,-6.900611282462341,1.1282464982526859,-0.00022723797233812384,-2.3779955928836576,3.2702691380664106,-0.004264388309376592,14.234647628383597,2.3761904977197,-1.268287051557233,-40.45084436353424,-0.6071488577222238,1.8702915559047013,-0.4090221438035312,7.401049660972032,-2.1227786209880737
754,12.566666666666666,54.78079848190117,-10.248046021953341,-6.533257290811986,52.9421090235084,1.3483042493926523,-5.1893222358050854,71.41941493589285,0.045721230571676395,0.00761545599838548,70.05278737181938,-3.5717047003052693,-0.003921496759107436,20.320771376460268,4.345912938977375,-9.061159091928026,26.24465640317009,3.0874809061371367,-18.488941954694027,7.23807624400675,-15.471588075622456,15.675745884233057,9.277077386803501,-7.639641598889161,19.34809414494756,17.912903185707876,-0.005108710223070646,95.94061974329985,27.47816568880959,-0.0004973017123973891,98.40034551254287,-4.552414311426215,0.8036577764545104,-0.007581406174558217,-1.916732350773202,2.4084275984733376,0.007070971528033787,12.900001259792562,2.133040225324862,-1.3859837805420114,-40.24371862500415,-0.6022563039462887,1.5554543724205556,-0.11200743576253003,8.036543990811015,-2.3303326847742434
755,12.583333333333334,53.038197107197334,-10.104565326545366,-6.354277225410639,51.456429023467294,1.4870376351866013,-4.96188062822089,69.10540848143879,0.659278489601972,-0.0025438748605310737,67.77100643842648,-3.7245988888952755,0.0028448713405863904,20.4675486364857,4.244213749246277,-9.201011940748531,25.42383654358517,3.711171587761579,-18.458097168183205,6.804329731086612,-15.642265069242603,16.311905918811288,8.791270371996168,-7.912139787487453,19.310280163390306,18.020843679941205,0.001845579697468657,95.60303531310285,27.22128975428884,0.0005412955361504516,98.75538006483407,-4.888541552320609,0.07684204379374591,0.010599442423370672,-1.9439334242913084,1.1072082003326034,-0.004189803525247183,12.114753304957327,2.2568237670205895,-1.2933522316829724,-39.87089877085685,-1.051623776373554,1.1403913791156417,0.056689952289014946,8.268254535109444,-2.1764317777251643
756,12.6,51.34443414329481,-9.737431236620914,-6.605354568730249,49.820015638614606,1.3681161213675082,-4.719056353439483,66.69217425692719,0.5904751115584101,-0.003143445995510783,65.35333162017083,-3.362460522624981,0.0008753890350475322,20.15859974680031,4.3448784449710605,-9.187263454990802,24.803214273510537,3.125477150545335,-18.394421665272144,6.365743005173751,-15.72179123939447,16.477877340333567,8.590602071263138,-7.963399065994963,19.238642296913348,18.50550077032458,-0.0009586982870494193,98.22542364825102,26.44421721588238,0.00034096182759313956,98.76367299034763,-4.481280596913889,0.944798906880495,0.00880629900700672,-1.1578428099616098,0.46654010805774676,0.001064152522386437,11.35641034714864,2.461636368842151,-1.0774627119745457,-39.62693513495889,-0.5434454791045217,1.6913067006229556,-0.07948890591661761,8.487029159649687,-2.0407847411170823
757,12.616666666666667,50.06089144740287,-9.383264230132667,-6.7285803720344335,48.151898115642545,1.1040970789654243,-5.163836237454083,64.388066106959,0.4853405031450909,0.004564405190045581,62.61118831978311,-3.298172510667935,-0.0009919782975717534,19.53960238644201,4.3625546665272354,-9.133325437308546,24.873834625088648,2.9494718471569112,-18.233721064938265,5.773282428581276,-15.506621501284654,16.1459817394972,8.257593460138828,-7.965194701604515,18.680889749162308,19.05204849037112,0.001576602399369735,99.51842422437177,26.10088379213125,0.002637088389848196,98.48861065220585,-3.3414261400795358,1.6523572060543912,-0.004712715100651667,-0.4320856029356974,1.5267652494096213,0.0015069044971474542,10.237567185258447,2.3065150068648537,-0.7963719945866493,-39.3498048339755,0.11595347424506129,2.272847683430984,-0.5088674722653326,8.976713461549075,-2.069012892813218
758,12.633333333333333,48.850725592715534,-9.234882351421092,-6.683128461819326,46.60699183415074,0.9948580453889835,-6.255481646399244,62.02934530274371,0.5051843089407709,-0.0034560539935874508,59.84272063853234,-3.7342726672087903,-0.0015397597955365144,18.86220088559321,4.374479618127936,-9.189620918487845,24.580953736825908,3.192028910461928,-17.536647392639537,5.14085187328121,-15.392451922147131,15.628044558248193,7.308870302816741,-8.158262647647685,18.50776636737032,19.153147344995325,-0.0018532806993305719,100.11192033933764,26.588532464031093,0.0013444270984789718,100.04364740450323,-3.975876755088821,1.9749006258243642,-0.0041594119734392155,-0.5672300845000725,2.0087191926691865,-0.0030661241246881334,8.94396612717191,2.0254123676092246,-0.4938940738082648,-39.02606095379158,-0.09711506414396207,2.0548687164508217,-0.736907865275841,9.549761551843654,-2.248701984996074
759,12.65,47.03462965187576,-9.126302641166085,-6.716868716415391,44.81931325701064,1.1314866387597953,-7.025784110997269,59.359801740537755,0.46254298655606385,0.001781206877970977,57.24446967453873,-4.075236515926241,0.0023185679715237765,18.1231606187794,4.45897130702676,-9.47484695580511,23.952099085928772,3.665668026104742,-16.862323554314486,4.425254896495853,-15.47825234018255,14.831746473965067,6.50654558465762,-8.278221888106291,18.739235064314006,19.010410245286298,-0.004525235826824004,102.04988276115681,26.59911333100173,-0.009102276637596267,101.49190275626077,-5.183060551450463,1.6450175453088385,-0.0012142419407365366,-0.368875104633588,1.8426431290235572,0.004771200825040541,7.8941765604739675,1.9447941313654635,-0.23056321489357406,-38.945375738379155,-0.47720091598140824,1.9427527156002886,-0.6174460879427373,9.734561536605693,-2.433727568526309
760,12.666666666666666,44.94333912062362,-8.658224139090626,-6.8207092495883686,42.741807817199344,1.0663733199483119,-7.238879538616029,56.714807127788156,0.3651106320317528,0.0009168812010856098,54.699081183451,-4.155589992213328,0.000992243394558982,17.91924133745553,4.514007583555518,-9.685408497976676,24.367494604001852,4.2397394332619545,-16.62310714857406,3.898109465886136,-15.554124091385182,15.242449981777163,6.129693030022369,-8.36700046469149,18.73465015508084,18.83792057750006,-0.004621916330108459,103.37694486820338,26.19853864123063,-0.005493785858119652,97.3529802543697,-5.245654101722274,0.8160657018665254,-0.002783854234287246,-0.20448119492265518,3.3458705813253733,-0.009048968099794464,7.000648002438116,2.096339370929097,0.0027985245622387796,-38.66067478693741,-0.8305744463470767,2.3707101167030538,-0.7409317652697025,9.7057241793938,-2.3257185664095563
761,12.683333333333334,43.27850720126147,-8.18127793415219,-7.231569018546502,41.00861247314981,0.8595674965321569,-7.607576558829013,54.2788529900693,0.06149755750119875,-0.0014071176862677885,52.18462242704705,-4.321374770887932,-0.000923614882055173,17.74431949851623,4.717370696500873,-9.422072014623303,24.826338552661042,4.425419454386288,-16.0626829217108,3.536293174424781,-15.80073140014145,16.0858896192479,5.478792106300284,-8.556211939510822,18.834509050359937,19.060179120864728,-0.005629890152302289,102.62874828690012,26.457934130012482,0.010095436870081445,92.21919321159564,-3.689209542536648,1.3645958162367458,0.008330105798022824,-1.1257814102586916,5.028550036163043,-0.00959403981352556,5.947175305394134,2.2973267355870934,0.3307649940148726,-38.04672464404806,-1.3825535863480505,2.6126024233356917,-1.0269711423080423,9.92930779579692,-2.112266221133528
762,12.7,41.60822227408578,-7.895216371288062,-7.650157584468478,39.335615293967685,0.6699496979545432,-8.177289245027833,51.70816282655973,-0.2203694751338607,0.0020935201468056993,49.62580542396606,-4.394222004243797,0.0003932941250083412,16.910591285512645,4.899246203341165,-8.97690328759969,24.1343641718161,4.365838941925163,-15.265732722716516,2.671157948940497,-15.91843618951143,15.423150398629193,4.796231541910341,-8.75433946888701,19.441486269947262,19.899439920474812,-0.013972508247160283,102.83787956535596,26.55003577142233,-0.006335994981112674,92.02539461162726,-2.5499327752316305,1.8074068373939671,0.0014787517435358765,-1.5742052672293154,3.7687173850413695,0.001045321812614847,4.90598512355999,2.2250149045752146,0.8912105031997997,-37.68854369742767,-1.539458289837053,2.224568424491975,-1.2140631892171279,10.130823026632784,-2.0311601982040903
763,12.716666666666667,39.74974014388422,-7.560161632999795,-7.983919630462631,37.35516202913987,0.4247610091570032,-8.434147201714698,49.272911523596,-0.37505318770771984,-0.0016547867682049368,46.972168915387954,-4.039402581476988,-0.00044623607827250884,16.54917998370506,4.806713299212131,-8.709257031464066,23.515946261646224,4.297639168134162,-15.221906876416982,2.0542644956950014,-15.477559377950627,14.500534669864242,4.106451049044157,-8.996107109917656,19.426214382355123,19.696510968643125,0.015593845566431353,105.56622188973604,26.684948379584487,0.013804344529657448,92.87690213790911,-3.8364162453198873,1.3360406579911768,-0.002139222476821897,-0.8473613253554272,1.836481914861877,0.00038888485859072747,4.097664412257314,2.0302850293818833,1.206287884759258,-37.57628589112039,-1.0134704276001774,1.8028713764439923,-1.4260343935895685,10.09193779769568,-1.9550297071826879
764,12.733333333333333,38.439388216288506,-7.355989826891947,-8.223262385538822,35.845103356232364,0.3810021858575392,-8.252414941063797,47.097636402976875,-0.37635089517323117,0.00020247894951710995,44.31813370522812,-3.4295918987328364,0.0033841432982434,16.581071923077484,4.66913255132313,-8.842328443458733,22.961838728772502,4.069647400594786,-15.488002443593283,2.3515166511570977,-15.223657546242292,15.38818405103709,3.750303321864753,-9.032784057237874,19.382519341276087,18.298966390637165,-0.00990139347700685,105.47539270181456,25.994187626352666,0.014528453196794227,91.27570804426391,-5.758089132896246,1.712985781256368,-0.00421775647236572,-0.8590527056173376,1.7813248052731234,-0.000923306858552261,2.976509560453007,2.0596690931917925,0.9393598323185153,-37.309880033286944,-0.5476124528332937,1.6337391855629058,-1.5346003627109233,10.409072556773586,-1.9623284398883325
765,12.75,37.22941468334146,-7.298809795753511,-8.308044183112292,34.71755439852759,0.5409949582087786,-8.126282788448338,44.51931257299949,-0.2435628611831285,0.0016651577771746259,41.755655176757166,-3.222611540042546,-0.0025575749681051663,15.873699255381611,4.715391483959695,-9.062492399974573,21.73849528774545,4.618735282805931,-15.22853587994039,2.3722819284850436,-15.554823554716979,16.98898420056368,4.244782014588438,-8.917417052464083,20.888672378302633,17.835505663732594,0.019651467326398265,98.94890907713877,23.127669224391884,-0.008124103797286251,88.2351227809863,-5.811903148147537,2.3132628216849476,0.0028609096107756367,-1.8213795538199171,0.88760047220176,0.0019933438530110844,1.5820480153392285,2.176827053221318,0.6495779583138142,-36.945364715525145,-0.5950213964815424,1.3581259819427465,-1.4279265863007757,10.970629379303904,-2.0472140935242122
766,12.766666666666667,35.20762388053209,-7.135378904585178,-8.615587923792367,32.9357759337196,0.6655994740909862,-8.462317556078352,41.67364409858447,-0.29764434430550574,-0.0014603075449754787,39.23319621719645,-3.501155393700074,-0.001652822882679812,14.970447848022191,5.033727459201612,-8.921258595479745,20.737254079771372,5.618327114688125,-14.703404791026182,1.9091235474952182,-15.639222324209214,16.61273805882742,4.001749197922773,-9.180092713429021,21.442583502244943,18.330518792448643,0.007531128005438262,95.96122306627218,22.075247252081933,-0.016499665492401838,87.71855163694468,-3.491907388328558,2.5519571424050964,0.00031577316811835196,-1.223430156875807,-0.7955332906161331,0.00697317072453385,1.0073251514480643,2.0502007646164797,0.7882278670726693,-36.702967461806715,-0.6674798918845182,0.8019721137589498,-1.2904498472353976,10.913273015888663,-2.05905754112489
767,12.783333333333333,33.241538838459384,-6.912964476236849,-8.990150583334527,31.062506347596962,0.7862067604714638,-8.859292595380232,39.04909450677832,-0.4037514456494347,-0.000733896156847264,36.61913106707402,-3.619795583551947,0.003567459894684572,14.116998413953356,5.422305355091321,-8.729886540992238,19.87243163066842,5.508013339871662,-14.28202287031626,1.516524357981619,-15.36673038994119,15.239375543470057,3.154462167798104,-9.221697112044877,19.744114601088903,19.466157302820527,-0.026549925819002205,101.03152770619056,22.95365038277986,-0.0041401787985669404,91.35592637940258,-1.4014196517884157,4.7113314262228965,-0.002624616207248965,-0.07231021917557683,0.056607398153503574,0.004407779216908665,0.630576021543902,1.8214089636174062,1.0401245773742036,-36.28200351201614,-0.42549949245478497,0.31252011085521747,-1.2793949117845203,10.761552153720569,-2.0466597877726
768,12.8,31.728404601800534,-6.743535985500564,-9.078974681868,29.653003099681424,0.8501248381582345,-9.056099342482378,36.2880348019827,-0.11877922714119461,0.0017261283206831933,33.887128596740205,-3.6276473314005533,-0.002323078957498675,12.785298981475352,5.288842218470612,-8.578186985412596,18.478831679014267,5.769111245892734,-13.935944447436112,0.8087361048993641,-15.281514946435275,14.555683264265204,3.182909504981831,-8.82298482308042,19.302859399115512,21.293714068096424,0.01700115862124427,102.02509750466486,21.953483268929983,0.00576732334339927,92.7816880409986,-1.8758056713270228,8.775249734384255,-0.023045331204239308,-0.6306128511683281,2.271249709767393,-0.015553002200544326,-0.5091739201128923,1.9102974901898224,1.0475137980098503,-35.631969959964295,-0.4787351451343905,0.4746581007042698,-1.3348048629512383,11.05891566703137,-1.9769025467437065
769,12.816666666666666,29.63670331478933,-6.625878482804861,-9.166996527581329,27.725035308217368,0.8049648821457827,-9.340868462212065,33.372630183291136,0.36542295419705706,0.0008650727380748905,31.22287002553729,-3.6615975551442483,-0.0004977202223296643,11.863796994294002,4.57961523728934,-8.182105165088435,17.8372352135147,7.124452579745793,-13.644693822397585,0.24892297790642226,-14.981610179518155,13.705739616859853,2.488089394989112,-9.25547664770796,20.532938790508634,21.281312143403415,0.02113025696291711,100.18843146657659,22.206009514323167,0.002191810990528845,89.86921756232059,-2.919156766203581,9.164233597809499,-0.005828480053423259,-0.4226714216523255,3.738479528282881,0.011358017912386024,-1.292562654049156,2.0959706362567996,0.9510641503725002,-35.476487559624196,-0.8298847068530866,0.750603587752024,-1.4171903167327757,10.918838344692645,-1.8698787543080826
770,12.833333333333334,27.52727059939533,-6.467073719542276,-9.619081191717159,25.66879773766042,0.7162657746992894,-9.63773529329582,30.94265273316464,0.5003764545501989,-0.0014730538736829983,28.83396807045396,-3.4291462832106574,0.002211765715008103,11.789067520468434,4.287817491297108,-7.8529500056100705,17.8662923875635,7.581555175528989,-13.392066454378192,0.4101208318827548,-14.594921144921747,14.031016543936241,1.257908097813464,-9.913859861594082,20.484295498909372,19.24150111568816,0.01870092809941627,101.92870737962716,23.69142596748649,-0.05062650137264431,87.0517111416102,-3.7228205496654296,4.977563351760764,0.004096567278323871,-0.18039594795841016,4.661335726885915,0.002521611085431351,-1.6161740270177356,2.089456965396329,0.9101991589681491,-35.570882578435956,-0.5291701770699705,0.5278079917811337,-1.5251776742654948,10.555963249345012,-1.8015304722601169
771,12.85,26.05573500052022,-6.269552466188748,-10.162861612016709,24.148760617586017,0.6753057479972839,-9.496604792178731,28.86637136323451,0.40387375569186323,-0.0010613854780431352,26.455407182503176,-3.08416347297391,-0.0017648160849764592,11.172920559538165,4.474754117115538,-7.936801772096273,16.572675207264872,7.7448749534028165,-13.139956264506472,0.49507605485718076,-14.81015690055808,15.410755831754232,1.293108352817258,-9.543771663732532,19.142754193623006,18.71098980565859,-0.009483312638516237,100.71102000378797,22.32760055668203,-0.008022923899447114,87.72153961454599,-4.119863689498226,3.4227002646671663,0.020677203045764415,-1.203199432538147,4.259881473157815,-0.008853812165802558,-2.2597430704925556,2.1239747598416727,0.9259425586989434,-35.15228713025007,-0.2325457556205946,0.4813011101368963,-1.436576452953307,10.595078532780382,-1.7685049491724545
772,12.866666666666667,24.24299079189743,-6.207817010377287,-10.298897602221937,22.31087228044932,0.8058518037823055,-8.995238647647582,26.42294573197792,0.5885111887397042,0.002327565594070884,23.803305961012335,-2.7735268078899,0.00017898253797565605,9.869016257813193,4.007431255061122,-7.99276781858536,14.675964862286142,8.456141280010796,-12.777693931711095,0.32126674427513685,-15.005898553184293,15.340725311766326,0.9202288697523775,-9.34695227353232,18.313563773357103,19.269057033323126,0.000499201987576315,98.73105129166395,21.59622427742318,0.007248178144262611,90.54324700391084,-3.6559204179208082,5.325423108387049,0.015270052233217413,-0.16372975032920425,3.3958065345489796,0.00020993141550629162,-2.776511889425895,2.0912659235811084,0.9619645631986863,-34.510735239075515,-0.6681586388596638,0.7610869597231237,-1.1317545233179955,10.425122756937078,-1.854221631969253
773,12.883333333333333,22.3725658226118,-6.012630198500453,-10.2460703868716,20.475487497550347,0.7903262144124561,-8.771481091304674,23.85878759706341,0.816577617656024,0.0005989519387754974,21.3121561270784,-2.3245390840536935,0.0014078285038328768,9.129296068857164,3.3994585701801996,-7.958864314026706,14.216731342271025,8.180178237013502,-12.360057866796351,0.09896663772254274,-14.555969608687088,14.458550741785574,-0.3384193625292959,-9.917642338742926,18.61593270752035,18.902987892235796,0.0068521880467914366,100.06654772045229,23.3322995273763,0.020328489042607437,89.91579037566409,-4.7680409558869545,5.666749913448128,-0.0038203471961532664,0.5873238083884214,4.399707532595146,0.0003186798077457542,-3.2681677324071496,1.9604919256856697,0.906221703273504,-33.825969414992244,-0.6937534748059512,0.8289482236034802,-0.9607940515282216,10.239094746158539,-1.8686651569206207
774,12.9,21.34281008898857,-5.434370885341092,-10.646320207569257,19.358547267864374,0.3918914549393384,-8.83204598017503,21.782901441467555,0.594087812620059,-0.002186695736174992,19.16529144921133,-1.808836539772945,-0.002416743408535645,8.874524882467012,4.077300662707039,-7.970589629949027,14.560159005529314,7.170505042169803,-12.300566746275225,-0.20720551484401709,-14.286788066905945,14.394997932032513,-0.9108701165835603,-10.09054306448074,18.5477067095068,18.96286582897075,-0.0001765546040917086,100.5252607383713,23.821832337525912,-0.006333884474793358,88.88187479384207,-5.869853901536675,6.395714820945038,0.012872057215016353,-1.23450370155537,5.964192672883081,-0.0067919540211499015,-4.22747034884614,2.157034248679271,0.8232245603137125,-33.06407738610866,-0.4175220222394408,0.5917615537881964,-1.05387618017132,10.601810933831867,-1.5879824772123046
775,12.916666666666666,20.253602151535283,-5.069263492193753,-11.340721598058451,18.05991803835376,0.10536013139415104,-8.678396599794784,19.781423490175772,0.379367728734457,1.6175269143970945e-05,16.837617696476084,-1.2666523503778582,0.0019436544521503271,7.989734073252896,5.262002580873651,-7.706802419722589,13.615236992704546,6.805449599261479,-12.327103528930145,-0.40665903204539566,-14.635900503496973,15.287650220895907,-1.3411496037618333,-9.8955911776557,17.942885544394194,19.72422368477796,-0.001971305375189196,101.54567926376434,23.175237482559435,-0.004034425711999347,87.81881378203849,-4.536904931230227,8.137759310584112,0.009901088432067953,-2.8985226281543124,5.540056948703424,0.006370002881146199,-5.104642212594019,2.3755491165934735,0.769361351958345,-32.53003177097412,-0.8723221823179235,0.07045568716231616,-1.1882251733884739,10.816016765643324,-1.3980433444317404
776,12.933333333333334,18.47691981319819,-5.154511397693642,-11.360041215408707,16.38656470060522,0.21397171705652548,-8.44905217614142,17.63761216702206,0.7620834865120034,0.0019933040036413043,14.646382974690857,-0.9012958219510782,0.0009323135383064922,7.0508823025030996,5.031948414156028,-7.758050670238636,11.886853322783868,7.271381459867097,-12.096721472488898,-0.5920025995512787,-14.927640209908702,15.889390141625555,-2.0547259831923546,-10.11208116247242,18.62105704450618,19.877829289518584,0.0018770946693164824,103.33295987859513,23.262596358166117,0.0027872383084560953,83.45907488838778,-3.7254600630825516,6.631772238617226,-0.0042620630345216745,-4.077504807512917,4.163713413932331,0.0002160564245874748,-5.515056667358418,2.2528612566166193,0.5465117958030422,-32.21890126226275,-1.2289810059906547,-0.09006457526780562,-1.0757231238899039,10.528834721253954,-1.529255677343636
777,12.95,17.124570325295068,-5.369670925628614,-10.919280489037222,15.380883993561877,0.6031429066908701,-8.545236554163653,16.123529339318864,1.3272938307571955,-0.00042077376052797853,13.242669154584165,-1.1000055606555101,-0.0017507251389995175,7.836772722286709,4.202851270513689,-8.30846193716225,11.499471710043712,7.6038999229748905,-11.732480988552316,-0.6740130916988655,-14.970820772623927,16.038282345325285,-2.632816102954421,-10.324311781867213,18.898452275906497,19.545395197547084,-0.003342033917532795,102.27291189904852,23.70494049341339,-0.010193062441679173,84.88410947458955,-4.70044848202574,4.565629458747726,-0.0008741844888143011,-3.201198621355711,4.140033818557693,0.005154986877439394,-6.047391374927466,2.1343585348096976,0.28634458742291663,-32.11892075478712,-1.0716868300295304,0.861356474136593,-0.7594371266864114,10.463893565589386,-1.7402529977455523
778,12.966666666666667,16.13210110388062,-5.462242199278749,-11.05917291825538,14.473410149733299,0.9673808877550484,-8.830978479176938,15.030325250671977,1.4569801379453926,-0.0003786659852929948,11.991522136589113,-1.4176950259774688,0.0005424916388216474,8.921515307868868,4.889033502605392,-8.568187898470184,11.674982713800217,7.98013802228056,-11.289246000046548,-0.8127882226790639,-14.950437823229148,16.164693492658756,-2.991644459182019,-10.266101323626236,18.140894659904294,19.651155658313154,-0.0018181487242893404,100.90388442420615,23.638622580557207,-0.001317158761563848,89.9253521181749,-5.918589596667588,5.032416802490399,-0.0035194587185630073,-0.8354699109915663,4.380435736651639,0.0035219991497639257,-6.537215689662507,2.091740006541352,0.34513268509030626,-32.33238253030135,-1.37335928794773,1.7877427739460712,-0.5608997954170757,10.403763101239468,-1.8635940596332474
779,12.983333333333333,14.621748566895883,-4.974705234685522,-11.35462444793782,12.97231664799605,0.6973799538999247,-8.952193147923563,13.398601610573522,1.3443257075781225,-0.00020467452369141541,10.588567434342389,-1.3172202106030686,0.0008692384359536548,7.702978711484241,5.979421993665545,-8.811474360904995,11.136202951051377,8.74478301795667,-11.223237026986093,-1.1485244551057208,-14.939810168550569,16.135881472438538,-3.048971690134811,-10.296572362984826,18.453132149719206,20.10219710863988,-0.0038046403016257853,99.7232846680374,23.104651130767266,-0.008855335205007421,89.64427161374408,-6.358070220920822,5.797492918847886,0.003405118066687571,-0.6116465324655108,3.471586900691458,0.007345974849968546,-6.478699653306749,2.3513458153016,0.49274997631222633,-32.459577709480754,-1.8869002250830496,1.753480212879703,-0.5971252134305163,9.882965564571256,-1.5495441940267103
780,13.0,13.683514858983298,-4.42563946331645,-11.192364731928208,12.23109260216428,0.20847046532915015,-9.149118997251875,11.910894450028024,1.520772801387627,-5.1725401996678455e-06,9.71706559239643,-1.098564327168652,-0.0006272304122145812,6.095948177651339,5.780519742566443,-9.062485859505333,10.978898295305223,7.724137854350293,-11.08713554729122,-1.1318989128921269,-15.009623768166453,16.435754850109067,-3.1580595917702228,-10.096169400757331,18.324550407490555,19.99706975355659,-0.0037729496493720187,97.8073092280525,22.71489463443892,0.003484144853513387,89.37303219201881,-6.075714870528285,6.156040112839594,0.0004952742136631686,-1.2325651644172557,3.263202618299057,-0.000238756037983186,-6.802752679634018,2.8366273314492267,0.38205869423566147,-31.955345833916507,-1.9665690883148947,1.629990994175943,-0.6948259123565023,9.837383424284475,-1.0781704931600182
781,13.016666666666667,13.572093300434265,-4.641116983927213,-10.950520229683153,12.248517879848318,0.37561645635180757,-9.374616407591708,11.210834735026348,1.8864618049683,-0.0010722550343783498,9.067084366606085,-1.0459037678502558,-0.0003067732668240799,6.341859643329133,5.301128814589704,-9.124785649209645,11.022661124947593,6.422643313625885,-10.369400964668458,-1.041032811280005,-14.99257233055183,16.18352117939372,-3.402262870052713,-9.617519027694513,17.34240248814688,19.616052738909186,0.0018004312020907035,99.76993907772803,22.475228958045356,0.0010436041909933139,89.63970371632145,-5.79892491340474,6.110573432152565,-0.001661733644684487,-1.690669493495179,4.476013667540185,-0.004225304980531571,-7.711562203654835,2.779359405726023,0.1878686067122371,-31.462815809688056,-2.0834698570573904,1.51150062605971,-0.6714880950306275,10.339938978712567,-1.2042736674128818
782,13.033333333333333,13.02738033268335,-4.88583182535967,-10.80023122946375,11.654139921559644,0.6005142271033064,-9.094251247776869,10.592356140161417,2.16610527335791,5.5178188119447834e-05,8.109702098192136,-0.9345623081737049,0.00034001938106595526,7.079482834965278,5.077521102673034,-9.277379938406046,10.451763991702583,7.334138388230924,-10.581734249633842,-1.0817005068970595,-15.027101092579057,15.732184642200158,-3.4191895445079354,-9.430413608309278,17.219842742905936,19.5012950209827,-0.0017702583680099155,103.78508414970022,21.991875349323312,-0.0024988860857455856,87.08812055353813,-5.091353956420839,5.922269619694532,0.0008211780568842791,-2.220352819206836,4.981618996291878,-0.0027174188244099254,-8.108272832992643,2.548337570111636,0.2902333966966919,-31.70348626115771,-2.4271713478903543,1.2717688913199896,-0.7091916198062265,10.395488500414757,-1.4313407969249505
783,13.05,12.290071901246845,-4.582531271516616,-10.95012295985448,10.83553151099165,0.21379982416728358,-9.12848813956715,9.863252866889761,2.4025909943110757,0.0004212089089301498,7.388831930769128,-0.6849334701894877,-3.712366445695112e-05,6.657241828960033,4.636664513574947,-8.919756061095075,10.17644621086111,7.933976796009963,-11.355730776963123,-0.8022363104490606,-15.18284376606796,16.420590068033416,-3.3007869723185665,-9.322696679885144,16.81021262155726,19.1942357146368,-0.000130217790179,104.44777252718082,21.372674899226826,0.0031616668951487737,85.51681374497261,-4.291033745351496,6.271433963906482,0.0024508823481201782,-1.9650505458617935,4.175374807453636,-0.00291885378559353,-8.074161272714559,2.868075188250679,0.6546433680787317,-31.94292945216449,-2.659169334648749,1.0918738556735892,-0.9743226141494845,10.15910435527013,-1.1083432507893898
784,13.066666666666666,11.751465556839632,-4.093780674737728,-11.397936678887913,10.398246558399682,-0.3267963998988447,-10.002498549911824,9.001599314043188,2.437377733034191,-0.0008849813349147396,7.038749686849982,-0.5661178994625355,-0.0002593012800904271,5.229859835277968,4.3475645269625005,-8.18035300451284,10.38184552140181,7.46695346064516,-10.658074944082982,-0.5652971343601063,-15.083776146823078,16.692110203791128,-3.4128216881550295,-9.16498484673498,16.53976669932001,18.750013392166863,-0.002116939825584165,102.61020823862926,21.213433610710723,-0.0009352461156289113,85.91526921486036,-4.507927287502577,6.256779533698135,0.001075943312863904,-2.0654967443779726,3.8745338301180534,0.0024467612080637923,-8.260983808578906,3.303752088287694,0.7677007948283814,-31.848406944229243,-2.5790792223985197,0.624811002110571,-1.0566664805651056,10.08640942256167,-0.6433968785813463
785,13.083333333333334,11.15311090859374,-3.9525212827680307,-11.503581403961187,10.038334219295528,-0.38418661748379046,-10.136401205052334,8.205525007279784,2.3617853000410256,9.259625370357733e-05,6.601806961158922,-0.5220554850433055,0.00023887399118519283,4.995149602360793,4.302804546207831,-8.186736517125254,10.55891098895679,7.178627561220147,-9.949991860129227,-0.7881217590344055,-14.880189080219479,15.931856633195544,-3.7308317879117006,-9.314405082945552,17.933238279509894,18.808396095719647,0.0018363193616153396,99.9878406629026,21.380101413966752,-0.0016573475798700955,85.77432150065752,-4.836336468312806,5.764497505157939,-0.0018373284934998777,-3.0740816370167847,4.71384342399653,-0.001269573496194859,-8.60320245235457,3.223370700320491,0.5143822182862263,-31.755113621796518,-2.153705601468589,0.4027992343107727,-0.8404307656161629,10.089533851844978,-0.6345016101967738
786,13.1,10.788683791433884,-4.356401027282991,-11.59168230150382,9.645451305416316,0.07760101600171425,-9.258313714510779,8.071129991445249,2.3655754827734583,0.00017872636298659375,6.067633089493916,-0.3801878288473881,1.8927414698192307e-05,6.2740357501012705,4.495122690341301,-8.22814622056128,10.381528895008476,6.718238359478052,-10.739432217333848,-1.00765709683422,-14.778317848673138,15.642388058042034,-3.915584910095063,-9.3808643205888,18.42800934335939,18.904473418305116,0.00019225067546394398,98.18979270462779,21.076487347692012,0.0035740722237912075,85.81268091243146,-5.564133281258971,5.284093818036721,0.00449187110802429,-3.4189883538863013,5.213859896099092,-0.002179367307597456,-8.857368150976907,2.7174966164736123,0.4243410899157055,-31.705421515173473,-1.9718145383385628,0.6375893264333393,-0.8005480665528972,10.098051521277707,-1.084860346734835
787,13.116666666666667,10.566681236745314,-4.553113667594029,-12.053576245626891,9.179375305722624,0.2509537390710251,-9.044278819065719,8.046018413387374,2.340272872866797,-0.000318877343884071,5.5343600476755475,-0.25278667569405444,-3.9755078931293225e-05,6.615308209892939,4.955315433731259,-7.7152907876693515,9.933517018857803,6.726421745815441,-11.2981787895296,-0.8890879164221357,-14.739946212725995,16.1658062946713,-3.915301384803374,-9.14562359049248,17.259507854770447,18.543943527462602,0.00024198398870876937,97.58485337742576,20.466243995910197,0.0019008314583213262,87.10674835330795,-6.784655293789344,5.169545340488102,0.00586051639241474,-2.8404347751928722,4.976709257014248,-0.0008633573202602924,-8.95612270716613,2.500006702130596,0.6564781593911788,-31.786239017809677,-2.3992465223401154,0.7420083715928953,-1.033795477787668,10.05562969400538,-1.2802777987791307
788,13.133333333333333,9.952386063376904,-4.377109678405381,-12.17133521752272,8.54624150477818,-0.07350315344835891,-9.825473552795241,7.5804245632683145,2.493812453656605,0.0005097739837811083,5.069220828879089,-0.23513044296238023,0.00013335261604909338,6.172387924861496,5.232040471766707,-7.728073295346984,9.936439476105992,8.066671400952744,-10.780863225666195,-0.8957791409007222,-14.78094874548182,16.174869217935353,-3.771401260508371,-8.980650135901413,17.122152335951643,18.619798749090474,0.0003793249849272541,97.51178747898167,19.941466591589602,-0.004621393781882123,88.33321747576487,-6.0572977736364715,6.395380173601084,0.010031142982833105,-2.839084217447523,5.236299443486776,-6.189098382422744e-05,-8.88308132261313,2.657424582474792,0.7419890333850395,-31.73072435368801,-2.709803495704695,0.8976334604539354,-1.1064469506690278,9.826866705749001,-1.0634469972389662
789,13.15,9.259696453352486,-4.392793934727358,-12.236992857406957,7.975673716705,-0.15225608795608228,-10.402794125379526,7.1888760758798895,2.655612626268318,-0.00024976028826342476,4.754093600061551,-0.27561091107906427,-9.438564046879742e-05,6.405291368683249,5.2522410824945025,-7.959869608074228,10.101197375215365,9.06103058952428,-10.158832414670453,-1.2099074290246519,-14.69257696159829,15.069858509448835,-3.7525895115730172,-8.870976684012964,17.24252319392081,19.10253932297505,0.0006431702608786886,98.27075577775818,19.50245286279649,0.0015636102510646196,89.7943745046329,-4.559120877282072,7.649993879600227,-0.010525647930952434,-2.635316362451347,5.48585566119438,-0.004099359089085606,-8.834535171274453,2.5670043941772263,0.6000937573063911,-31.5081177774378,-2.6111002253758744,0.9740584804639055,-0.9285330486952408,9.560743192931724,-1.036726319915451
790,13.166666666666666,9.291791640506768,-4.398822362556572,-12.62365138565387,7.929664072506452,-0.027150519726159443,-10.050855399889349,7.02330797384601,2.502243182599803,-0.00022322595971594424,4.469050982837206,-0.19034831806231559,7.058574918751085e-05,6.673582114680881,5.221199679727716,-7.506415147475488,9.886212233142182,8.24573095668526,-10.291081323209998,-1.2738206000170693,-14.727766245375133,15.222687142965245,-4.02046603319144,-8.672046662879547,16.547293757895996,18.859091037959598,-0.0034430881183751426,98.32921166486321,19.242663346194007,-0.0005319152288458275,90.21733253238457,-5.365224031633421,6.806820566730881,0.006969531216727852,-2.5450124612642933,5.003981768457873,-0.00026196122981735325,-9.231197421463252,2.3925619529597433,0.6730169273573494,-31.40655813430206,-2.5401413877308032,0.5864128346956485,-0.9937851107351716,9.763962190007655,-1.1506911482383508
791,13.183333333333334,9.352832284346349,-4.247613066927832,-12.72629994700153,7.845009120820121,-0.11354655319914964,-9.558026440276333,6.826201731716723,2.4340410254269575,0.0001673661503100027,4.22373104376268,-0.03342828057098063,-0.00017597177041736608,6.540594960402558,5.301671290598509,-7.102600153095389,10.004218522076405,7.192264961994544,-10.787314408324082,-0.9800876862245907,-14.961434172632575,16.702772888441995,-3.9982682316246567,-8.504952404996,16.838938064737825,18.12041151139674,0.00018675871378526557,98.62361325418114,18.811186297470087,-0.007588988348109476,87.26995519293675,-6.622730680938397,5.448513088591402,0.0016274877379738263,-4.683218687300739,4.999254209362527,-0.0006686146307106116,-9.500155130015447,2.5417650523594886,0.7624561201476584,-31.27445316540815,-2.613215146667379,0.17293740961200263,-1.2196883439643964,9.932828820261864,-1.055461570058088
792,13.2,8.549893918596434,-4.220717044851142,-12.306456407205168,7.081525013493051,-0.17403690126921964,-9.503326613452908,6.586084442291677,2.6148910728553294,-5.187133517919929e-05,4.043987298585258,0.06963069389925697,-9.214297922883543e-05,6.524327617380074,5.072241506674698,-7.572481911023647,10.45797306288173,6.791826513054046,-10.842653604579969,-0.9433784084595038,-14.814228397208606,16.022149711360612,-3.826013643266627,-8.59516179463683,17.825951690226244,17.78925461675568,-0.0002709603789172018,100.6986365304182,18.359800285649,0.0034919520011589635,85.12588493211294,-5.491875429420682,5.8278154188801,0.004723806129247756,-5.2227418831417225,5.007762644365544,-0.006861593387328742,-9.099575904953245,2.686106264249905,0.6709629817193694,-31.004301399430553,-2.8443973353542464,0.039322846434307494,-1.1186001465779585,9.393482225649468,-0.9870280879545893
793,13.216666666666667,8.072440880654549,-4.383229825016892,-11.51487630901494,6.606280977186677,-0.0022652673673746746,-9.201419257266329,6.322473493566364,2.780582455487405,-1.0333910018164261e-05,3.7385186548174363,0.1524342093972211,2.1352150873136607e-05,6.346447164409801,4.681879484452014,-8.33542777393272,10.142166075794337,6.6305665446653785,-11.234147328021889,-1.1987176882542991,-14.619514260375416,14.424018290529848,-4.006137210245026,-8.765200690939187,18.04780916217627,17.874764566820392,-5.5774486045067514e-05,101.04118704754484,18.36950189016175,-0.00031165666240406226,86.44097255053104,-4.107931362278253,7.102856064388611,-0.007463762052275158,-2.5522190505656304,4.586140622331005,-0.0022197357252972316,-9.05306665250241,2.6022119016925505,0.9013701656061844,-30.68119919131784,-3.0881994974776203,-0.010409902315549353,-1.1323976604002672,9.127269612604495,-1.1425656125997814
794,13.233333333333333,8.351978932442357,-4.523707245465949,-11.360951768137062,6.74755178374171,0.18032476226787714,-9.240048335618708,6.189695114185675,2.787076805112045,6.711549071980196e-05,3.5085663747666413,0.02042431814317104,-8.133323808011883e-05,5.9761160665954245,4.899285034591355,-8.07786580953336,9.593583566335967,7.001231898203087,-11.603453713262873,-1.3718898040823728,-14.711237322661821,14.472794803661325,-4.2565335898989485,-8.628822528856356,17.710358689502016,17.98279404278445,0.002510254527553601,99.65166464207547,18.550683156480588,0.0006673930490201906,87.48327308620692,-4.799937162974421,7.408866457264903,-0.005582991111682482,-2.148388327148758,5.390345910799985,-0.005409824694371479,-9.521107865678507,2.4924024698301297,1.0854128139253965,-30.516076120513496,-2.979718581925274,-0.033279090630731964,-1.4335882817372556,9.437541129065709,-1.2610282413606542
795,13.25,8.378100220881212,-4.572549987212315,-12.041009630262764,6.794662826333324,0.22658058646715892,-9.90730181228851,6.335996326109802,2.7212033176908696,-0.00010312835353575695,3.650719750439911,-0.11694316901745319,-0.00014311639606582658,5.994562175824972,4.915302567443993,-7.271539761826746,9.725391378367982,7.07034768097288,-10.972261642928895,-1.4174408263812739,-14.719689916395273,15.3311053908717,-4.481872967181234,-8.448987659916979,17.483720125311276,17.79249704069035,-0.0003723284875172246,98.52283901912868,18.74424749210706,0.0018869537665471346,86.9757387216944,-5.934430997868686,6.498708171296109,0.0010941458779232915,-4.021828727358326,6.488196787338902,0.00018688931686795956,-9.708719892481636,2.353559657028333,0.5882800254029573,-30.62685173223728,-2.7233746738387308,0.13235153230719915,-1.3423567640049148,9.488600578246743,-1.292236285570294
796,13.266666666666667,8.136700274427414,-4.673186184970048,-12.136450764360312,6.685790127505827,0.2310982064918784,-9.581839701689857,6.3204823462298645,2.7597803290828984,-4.806902764241206e-05,3.6673113023786823,0.1811495404949924,0.00031438391123500954,6.137683765702807,4.502255186751406,-7.450428158982164,9.706791499163703,6.5466417351027495,-10.95629279941048,-1.1537347350430265,-14.723159464390573,16.295143884654504,-4.498930323773417,-8.54438851187566,18.06306197707973,17.23678060682559,-0.0009959293819351515,96.98863351956858,18.739651218529023,-0.0021742164901115647,86.3815716324649,-6.015482659412132,5.921249352177594,-0.00032459762834382026,-4.19624208189549,5.953584039237801,-7.47710657377742e-05,-9.730474888390749,2.153055341748272,0.09936737582543849,-30.727398410662065,-2.7463727042652866,0.3956401479658123,-1.0088773449094506,9.39157534589454,-1.4205843983346869
797,13.283333333333333,7.9639098743817875,-4.839772333641312,-11.561222473572059,6.515451344639017,0.2940171490281725,-8.98207927194208,5.980691859354147,2.9139737857793864,8.421272356672696e-05,3.343667150820668,0.41379277991365454,-4.2694198584123587e-05,6.076605592982122,4.655063900412687,-8.18026809711707,9.379812343037813,6.571039145494611,-11.51654936532531,-0.9040844731919273,-14.77268423273607,15.868394420274688,-4.184317445024521,-8.4881391126425,18.951750039913616,16.964080212823376,-0.0011251847315857642,98.16581191572355,18.448429892324214,-0.002474363155732348,85.98406031824881,-5.181468134944757,6.285110631770694,0.0013020617035591267,-3.7179383731626174,5.152289375362795,0.0020376646048628835,-9.761100901001457,2.169747486658017,0.15846704688863347,-30.714318679099158,-2.9262219965537737,0.41661480170302156,-0.9945228050538096,9.43490277213258,-1.530514754232196
798,13.3,7.916111319938498,-4.993789256798433,-11.248312725905528,6.418925576239048,0.43324787768443357,-9.285401424288139,5.949479646683749,3.1145778953411845,-0.00030091644827947846,3.284340486488503,0.21476880381309696,0.00012281159361941191,6.143768832847763,4.662209884483845,-8.454192397843093,9.47474490383895,6.790564587533016,-11.407595941764871,-1.150587645110094,-14.716715775574928,14.644308660235291,-3.92091931303546,-8.153241389873212,19.07688969080115,17.106448309729977,-0.0034329163705837475,101.04924252868119,18.271041927846852,0.002095203812171849,85.80053228280548,-4.731413784848237,6.513267260388125,-0.0005851592071543648,-4.507726920178818,5.6159858438412025,-0.002434914448845078,-9.785283788922802,2.2808134500247164,0.26780313377799253,-30.72656801225438,-2.8866584464012077,0.4389664478856019,-1.119649437136921,9.462101132973936,-1.568345277888852
799,13.316666666666666,8.253119765957706,-5.036547245443064,-11.622783411242143,6.725914115949469,0.4314823996638894,-9.098162174231309,6.262536640295263,3.1704151906515885,0.0001081103968391442,3.4908473506388886,0.22009779965250176,2.729025910951319e-05,6.531475599551594,4.198916575872319,-8.140272106330034,9.946691877546405,6.351430409056372,-11.692894606135814,-1.3879759825656475,-14.663720811954816,15.141512205073495,-3.9046065758895803,-8.185531824934845,19.14385463360875,16.95222649033719,-0.0030197486121334586,99.93085469997219,18.46373781179027,-0.0005624630495856712,86.65330555634496,-4.946970745198125,6.479667220304757,0.0001358502843983171,-4.698895412511349,6.19146614083288,-0.0033969944495697646,-10.172558424251084,2.172509294557596,0.10344440561867839,-30.673410787818693,-2.6781950103391807,0.585612363728912,-1.1182702826127495,9.700452020212222,-1.6027794758630034
800,13.333333333333334,8.679174805544712,-4.911059386322768,-12.357369869091292,7.060873295740981,0.18740668780861186,-8.804049361271774,6.387139252271216,2.994676831555648,2.8615510436895503e-05,3.5071291504483413,0.48354358686149485,6.802271242180226e-05,6.891662619436067,4.482400289355593,-7.526835174070821,10.573088325025166,6.157199789800254,-11.997986923498532,-1.3475574138157072,-14.772338350353815,16.154716458664378,-4.071820612261924,-8.469201472510598,19.423169606005217,16.67129950190783,0.0010774418740640253,97.59016471367799,19.01356196777352,-0.003074623119329473,88.35352271156785,-4.305740192307233,6.501519182817651,-0.0009316955228514,-3.3503437580205597,5.975268158515462,-0.003940763106581804,-10.67566102461305,2.1808257451379305,-0.03917707033562058,-30.676654384587902,-2.7613152459826003,0.4355414838600643,-1.140607330371767,10.079960533165671,-1.5235896672387366
801,13.35,8.508507156115849,-4.694142987904754,-12.418663713462369,6.791971008865974,-0.010161309853440876,-9.214380103121359,6.265127209632016,2.8341902660964435,4.9052765152224265e-06,3.3114005415809475,0.5071893038161612,-8.683148340555207e-05,6.657448988755265,4.9398158339577005,-7.583268384734264,10.68096864743582,6.966691589659285,-11.74095043780714,-1.340788804056478,-14.875635103855462,16.14906022703133,-3.9515074450656402,-8.268532471157261,18.770279207579136,16.545009766559726,-0.00046437378082437865,97.7933225698248,19.301760215244986,0.0005015313688549234,88.38261267804883,-4.238111249166706,6.203761199306719,0.002488127633495502,-2.412863007182014,6.146732109248532,0.0005270538047651932,-10.589753360518424,2.4162850994796408,-0.009352611919285849,-30.90918981748375,-3.0037817702066767,0.3237796502529092,-1.2191317093370486,9.989080181046246,-1.3657770844492012
802,13.366666666666667,8.036802381385815,-4.65564537753213,-11.982659281045288,6.283358661545909,0.04327971396451437,-8.927677139954504,6.234992049901432,2.9040465568507923,-6.17387413636567e-05,3.1386561315528416,0.41169011181480736,0.00010681546024274665,6.356582732747536,4.9658062988721845,-8.259126712945346,10.233211278593659,7.321227908083342,-12.067910581433814,-1.3851028168359667,-14.713369072376208,16.29220937888084,-3.5661698198443883,-8.08615538137874,17.787882741303562,16.304831192710022,-0.002055498315347197,97.70326577968844,19.272489531155774,-0.0028842021028427506,87.87420561722453,-5.7885173108480705,6.109068853571127,-0.0008207157281301142,-2.022231570146249,6.762387382737961,0.0017918767043039996,-10.22641438911668,2.386142508417318,-0.15884045467516095,-30.841933347323657,-2.8244062732200614,0.32016985256611324,-1.1621505302123776,9.58577351318356,-1.318393088062184
803,13.383333333333333,7.816761778284466,-4.887155590081425,-11.893037563066917,6.012303023404294,0.22421282950171384,-8.394887368667163,6.415534949812094,3.077243572092173,-2.615385381746761e-05,3.145120467527365,0.34216998065450216,2.12938498314395e-05,6.673755176859504,5.260197949663128,-8.390395686951772,10.380821159559968,6.722937344924946,-12.310049796010551,-1.2701969647549936,-14.70799611846975,17.471142855996455,-3.5079456924799683,-8.374823239578488,17.44551649578188,15.95279609272668,0.0009094346177530245,96.06639979590878,19.52160602400496,-0.003517993351615015,89.45448550177795,-5.762822892369304,6.728061873222769,0.002990391904801437,-1.3731863295980966,6.595379593010178,0.0010044972390254629,-10.038923476559258,2.183934303605394,-0.42036601236756793,-30.443550486743533,-2.5327464924552316,0.02238319657086193,-1.0634822789297833,9.345119212289141,-1.395171953803943
804,13.4,7.898147131490634,-4.933676847704008,-11.654644065378399,6.032711065549512,0.27265954365615663,-8.657995843861674,6.45184665919326,3.0032358387901645,-9.660122039287735e-05,3.1726168359073945,0.3820859027198403,8.815274728484883e-06,6.776127923428223,5.398523133071705,-8.349547859404739,10.63032805677187,6.4178351293273295,-11.841929592917166,-1.260540111030105,-14.963324647955627,17.4678060632119,-3.417642620007772,-8.401633556457652,16.99835729914868,15.780745965540582,0.00024230265876185793,96.68494007255877,19.629544403298045,0.00013556041579533058,89.20689962204163,-4.52564552092493,7.072278527618926,0.00033707029412983726,-1.0304541520889612,5.871052349866731,0.00027100847294577477,-10.019559827652802,2.2492297692237067,-0.24431195721721127,-30.612842400235877,-2.8330045296602364,-0.17723961142654346,-1.0968147515269027,9.403054081854517,-1.4749026367647944
805,13.416666666666666,8.269892299829003,-4.694551286956367,-11.30383901028838,6.348475372154539,0.1687214630702465,-9.20887274024134,6.401549482410141,2.7720286403321017,-3.91468469240245e-05,3.1528315529954316,0.45870088074657833,6.291740297603542e-05,6.613643513849766,4.987803606819768,-8.498250171868854,10.267236287113931,6.489483667928348,-11.2530005520741,-1.7780579738909126,-14.832913707555264,15.476380543292391,-3.0551200613564946,-8.235487347819863,16.929282160813145,16.138224774498035,-0.004092521538435511,99.9855459556547,19.453712523040636,0.001971839455330752,86.63757382123164,-5.075250283549284,6.9839455588299195,-0.0014635388197843367,-1.7735546037571648,5.232174949504527,0.00604593945263099,-10.30849017971023,2.3706500134495405,0.09464533906815749,-30.958622905750772,-3.1870070897893767,-0.18328912677400352,-1.2233957580360841,9.741581156146339,-1.4416369065913044
806,13.433333333333334,8.49311281228067,-4.610998117401367,-11.621646767824672,6.547148169093729,0.16864751636793357,-9.785513422140939,6.547770857593935,2.7617792957058556,0.00017460094724435434,3.2016202394069033,0.2501939743127599,-0.00010756886807130165,6.92829668531808,4.56734357892577,-8.219475850287395,10.13982773169811,6.5414133176087805,-10.5607607013178,-2.1530332217739314,-14.628944664321963,14.604685776719121,-2.8262375127470896,-8.28550757444703,17.794182783821846,16.496441979590653,0.001967624206378813,100.72728861655547,19.59496526139627,-0.003078842429837017,87.62504627411127,-5.485673042094603,7.354742497452236,3.1625288035216234e-06,-3.193000887899292,5.486095468562961,0.0027412076916068094,-10.598846697338853,2.384343689104208,0.0732634084830782,-30.652607427078895,-2.9489399694325176,-0.3038532633772966,-1.2601668852192667,9.930030284771966,-1.3679847023177123
807,13.45,8.045762076076922,-4.643835015395211,-12.070453199591118,6.1043514237654515,0.22575540438829875,-9.71711676494609,6.4784043161211535,2.7366090138572274,-0.00020621448334391486,3.1014318259892217,0.19946394001162732,0.000285917889697445,6.883572492360532,4.744869888399291,-7.869169011312425,10.137865949861903,6.442484744509959,-10.545900294143069,-2.146518212136527,-14.861729704971163,14.742394451112675,-2.696616806800762,-8.372120969778628,18.50976164751857,16.48527947039936,-0.003844509056983792,99.31422758172266,20.03483095211346,-0.0017978835958564017,90.57652127342178,-4.378307655175105,8.104498793963753,-0.0006815644232382562,-3.6563691256432898,6.559782273031666,0.0014553594671065555,-10.342830772445053,2.450980200635835,0.09304390963989995,-30.454003767395992,-2.856891273781406,-0.4652977767280968,-1.1995639959004165,9.605033392768432,-1.420668609688647
808,13.466666666666667,7.498010745249902,-4.501273590567997,-11.924827072500305,5.503745480324541,0.11730359028946358,-9.084780035331919,6.102010191971072,2.50216483744481,-0.00022739285667416036,2.858626205681888,0.42837381973175265,0.00024926276328918944,6.296009484398033,5.240790316002571,-7.843597144284367,9.98816050953778,6.7176230148052705,-11.301179122810776,-2.367014323650282,-14.996600113367041,14.38559225841204,-2.534985157192426,-8.584751509537998,18.522045695109586,16.554736319744897,-0.002601245486817789,99.07348401762123,20.403869128616705,0.004806171435264664,90.1068174748017,-4.244896066137442,8.36874416234061,-0.0004247541902326295,-3.4729437325900343,6.519039105687828,-0.00010879699469760443,-9.929807917646082,2.504329491146689,0.2903712742663047,-30.809607842370834,-3.185580178228815,-0.5089055962498229,-1.305218628980489,9.236231852336283,-1.4358522824126718
809,13.483333333333333,7.4837543779047975,-4.3644335954190145,-11.564345500405215,5.499171491304771,-0.019266791607081408,-8.971274309598563,5.970598695702979,2.538945704140847,0.00015936331640494463,2.8031313288068525,0.3404966306916463,-6.145984450288317e-05,6.473204908920816,4.926966347683772,-8.035409367973605,10.180450241733402,7.728272536807037,-11.532873853359286,-2.5772097043300026,-14.818618579908284,13.74784628253142,-2.2024619449184644,-8.75874133538692,17.9904061944003,16.54398535431254,0.00040613689931981374,99.4160120752618,20.382183166090268,-0.0020682631230360686,87.87110335141818,-5.270003485939961,7.6769442282850715,0.001916590993397504,-3.6491887811617274,5.8946702316573365,0.002403344200046229,-9.855573410590042,2.584818046638163,0.20134968982140652,-30.98968410962951,-3.2420604042811503,-0.3155137066379412,-1.3804640959918437,9.270046370873528,-1.2996860162728758
810,13.5,7.615397352165898,-4.400051396757115,-11.437710358891122,5.642884186851911,-0.08495505707637176,-9.374935108362763,6.167797541931363,2.8076924216832313,7.850222622714906e-05,2.8420743913533135,0.24790830363411562,4.273760347173048e-05,7.098077119594749,4.283211646099392,-8.211539212977172,10.290882265948941,8.21545393931971,-11.14200031600355,-2.7959550148011885,-14.736189157087475,12.696714463226881,-1.9224704744101118,-8.74515468711505,17.750993846374683,16.657905489122886,-0.0022347875252025375,100.7533033415658,20.51933369623953,-0.003897615092280991,86.98431136853337,-5.150826482129005,7.1472881790938425,-0.00277332541936653,-4.04038492321711,6.293390072274745,0.0029245620454458874,-9.880496342363653,2.6864869141355454,0.11683922425515365,-30.695288503730467,-3.086407829867493,0.01443074654643613,-1.300041472917965,9.335070555341845,-1.238659357907541
811,13.516666666666667,7.571498303657432,-4.30767641067646,-11.524723712242418,5.477104850877362,-0.17129691312185463,-9.71269418217719,6.263080964622033,2.699610520028242,-9.914221100824021e-05,2.8335605637705497,0.3072020570769606,7.87908012989442e-05,6.861007862102823,4.324634508750104,-7.908486567225136,10.01765411155763,8.223000807609004,-10.898744368510739,-3.1539971330689385,-14.80513508979933,12.161760264730292,-1.9657603094509224,-8.801536362622855,18.030903667631,17.165736894624757,0.0018212374040052202,101.95650658356219,21.48402985439928,0.003120223795502323,86.40814713067535,-4.067824881646131,7.9003145267876,0.0024825650008022354,-4.571221955917432,6.453966374650119,6.207079829745164e-05,-9.835758200154595,2.6903602099692248,0.32176091012591734,-30.4378311518536,-3.1531431876297686,0.033065006650946194,-1.4050593266040066,9.204968875327923,-1.2020361913460453
812,13.533333333333333,7.436376342197378,-4.0786267952172555,-11.772434394191599,5.308926786046069,-0.30349063955404204,-9.683941936394355,6.152663768206478,2.4623578575991605,-0.00028572136150200336,2.82192063018387,0.2988752740563984,0.00016979344645854554,6.477527286505418,4.512590952734861,-7.416168880302909,10.058377424970683,8.124682319503187,-10.874906376296908,-3.2026580110874185,-14.778488750070768,12.34983902723502,-1.7470173113260994,-8.8559486710245,18.37845021074942,17.300428601801777,-0.002391518345837182,100.81901409582372,22.198329460659295,0.0013617622609839127,85.85153481557302,-4.189467915608643,8.503876630804843,0.004661584976162256,-4.6133923549904585,5.946568216246616,0.0005826887347136253,-9.778536526874383,2.7492447714709365,0.37780147272074327,-30.570809350498187,-3.2019943816457745,-0.4149685025140336,-1.5099748261258576,9.088457080853338,-1.0526409923834477
813,13.55,7.452852960988624,-4.088323033476251,-11.737879769672153,5.420766201823147,-0.4463448575815403,-9.52454751222206,6.042202986011242,2.708752762100517,1.9478961467640183e-05,2.770709725246035,0.5221179051499019,0.00019669238288540645,6.718379402761802,4.3429319522034895,-7.595912378753292,10.25408501546479,7.0288885942544805,-10.77093292144052,-3.1594093067428273,-14.724496780695535,12.576203808275983,-1.2721930014125096,-8.941788881210345,18.808416874720116,16.892656840436448,-0.0010926359649664945,99.60355486137588,22.123923975316018,-0.0007625464616188819,86.05114787384352,-4.567489031465041,7.886694030742375,0.0017057462133323563,-3.978155793975183,5.301043637772283,0.006574302448614081,-9.887541621460787,2.816453692963629,0.3185825919533584,-30.75044615384362,-3.003747608019576,-0.7211855570217277,-1.43117097623381,9.192025828445368,-0.9866549616293101
814,13.566666666666666,7.597027565867201,-4.274360455500953,-11.30206520812591,5.575483840853048,-0.3471562623441013,-9.448308322941855,5.99531198235981,3.0253415531173546,-4.006807667939727e-05,2.699642015592055,0.6058436084142977,-0.0001573979836493174,6.618015831229839,4.212640276033648,-8.164719465164044,9.928368929396822,6.146976849161335,-10.785248717737518,-3.1254583856724345,-14.781950692755977,12.822798057298339,-1.2140198015933379,-9.078508576762726,18.416500630965725,16.597092129588106,0.002057347102421995,99.83277263137498,22.257889197755677,0.00430811708509673,85.13188693314108,-4.085076846877871,7.422792743612889,-0.0034358085428988507,-3.1392947827503277,3.5654410596215538,-0.005915197938354909,-9.921708569531432,2.7494427421057597,0.36429436412462246,-30.82516885981182,-2.8133604692359153,-0.5004132773626077,-1.439160508830374,9.316208860079692,-1.0983484230347718
815,13.583333333333334,7.780918790259316,-4.413902864396688,-11.329716122895908,5.5912751674223795,-0.0844885620358363,-9.410979475039323,6.264213195847513,2.9156949134751446,0.00032063868867429976,2.716353458475623,0.34213334469480516,-9.06333488281431e-05,6.5006408660559245,4.717935011304342,-8.108769878992879,9.849596356769222,6.53667742640202,-11.168049869522962,-2.9842439888162473,-14.714617439822966,12.520693453287873,-1.3236745236304455,-8.979964252504043,17.288446245573724,16.74060841191849,-0.002350411165358746,100.43375870015757,22.84599601498636,-0.00674026250318457,84.68997476523792,-4.145269138350505,7.45443483561817,-0.0026908704052637394,-2.446608849142798,2.8313313694127475,-0.002639649430103994,-9.661280632500276,2.669717830410042,0.3763961848866341,-31.09807849283263,-2.7677585298958376,-0.16888321753698596,-1.588679784357303,9.267956744458775,-1.2235076836708676
816,13.6,8.071017685957653,-4.492757567927908,-11.813765015209523,5.7538947728288266,-0.10570208690585352,-9.69046115981932,6.673665769903514,2.8633428616087353,2.5820590692898253e-06,2.885277240841853,0.2832812726079288,-0.0001078325138539245,6.797334823896759,4.874881017077864,-7.470251522458369,10.002798363305219,7.105269220439447,-11.379130770509969,-3.160561945533089,-14.391649292076636,11.160205914552655,-1.3213561565089906,-9.006112963614122,16.95646025313333,17.179224498186613,-0.0024847184055497564,101.60879163916702,23.620270598684584,-0.010382703341738735,87.88398864647648,-3.847309462463818,7.418016780178665,0.002274857042100308,-1.9815572808860866,4.7015419720411975,0.0001732870170077331,-9.593053214852642,2.5699116874353916,0.5210967077492525,-31.217449666075456,-2.8987835814962652,-0.23986268836212465,-1.7928958433938962,9.292042633374809,-1.237467758140693
817,13.616666666666667,8.055094794413025,-4.445272366131967,-11.98778774822076,5.866535153520919,-0.25069580095277244,-10.218212286020156,6.58667000131312,3.0187993503981083,0.0001227990321970073,3.073860377944987,0.2680173499481669,7.806694500779726e-05,6.350569036910256,4.03210291862837,-7.0679543104412685,9.43331120511896,7.715200209894911,-10.915338635864778,-3.4753586705805817,-14.159625241768824,9.825998290470128,-1.4051661768672183,-9.337907527486976,17.064766117927338,17.650051393296877,0.0020405149732776423,103.14456057305352,24.1404243574375,0.012529133580408067,90.33127456322384,-3.1409815369354472,7.996859538907812,0.0021023606005690578,-1.6714473996922408,5.0281557966489245,-0.00393720901568365,-9.538203455156395,2.465168844402424,0.7507513830067106,-30.9079706427356,-3.137962252656919,-0.4881114325130305,-1.8795441874994563,9.232258958593693,-1.1899548503453763
818,13.633333333333333,7.878574033959317,-4.289597955790317,-11.877775546791202,5.80894189637155,-0.25359608683006385,-10.41338164508312,6.335117686325304,2.9046112402254236,-0.00018280564625458264,3.139192873999305,0.08912023734876665,5.752426425958443e-06,5.702705505698142,4.038869509780204,-7.297757172083164,9.148678435612698,8.730550710942305,-10.581830110721791,-3.4038106533343706,-14.322236038868134,10.270507313782101,-0.9810919705954265,-9.350760362772471,17.099875606681277,17.817543987458222,-0.0004937682377834164,102.98346825202225,23.39190915892874,-0.0038615796068554547,88.97827570519681,-3.6170212468624863,9.214912520593694,0.0014633666060692933,-1.984084311035967,3.759787120269513,0.0018733559647571452,-9.252198402909844,2.51482070853411,0.602616037343875,-30.737917505205747,-3.078953550121632,-0.3494633233526965,-1.7474373970798105,9.064347354963042,-1.1676213353428442
819,13.65,8.110686971192875,-4.183393558738818,-11.581177579264464,5.970946637617838,-0.24579635247290166,-10.384364043461076,6.442043549571287,2.6258374339716912,0.00017906042626000224,3.1645408532854367,0.03417676972200213,1.7391570027262442e-05,5.988187581911183,5.196354068861902,-7.766866114547069,9.65467315637255,8.971008473239037,-10.852897393286433,-3.193936910220204,-14.611836253035989,11.783768741715681,0.24906199717237718,-9.024792762555837,17.51007137417585,17.647430647923542,-0.0019492016892994812,99.77792021350207,21.421836443508827,-0.0013665886362538434,87.31304968542814,-3.8299726830035503,9.762584439092791,0.0050431494145297615,-2.869475165741954,4.29682127321256,-0.00012202222175864693,-9.18144138385271,2.5743172784718764,0.42964593825877834,-30.881045045925273,-2.7815796522928755,-0.1682805324642048,-1.7573277618448984,9.158341440755372,-1.169118016023111
820,13.666666666666666,8.618533631064226,-4.213408848138474,-11.144376519576381,6.42647463246504,-0.20553021363693838,-10.431416790058798,6.726925201717645,2.549452267790277,-2.5874400217891366e-05,3.3308713797714566,0.07572699557762422,-6.736611966375043e-05,6.476168363224988,5.809360255488165,-8.02098524338209,9.976986497965276,7.88448320778066,-10.979690052746637,-3.193326085027969,-14.704699400102909,12.086096494272525,1.064297536018509,-8.851411988994563,17.636213168021538,17.702299889761147,-0.0024206629252020587,98.40940863155963,20.220981867990375,0.004909259176997813,86.58732553050304,-2.985104757823535,9.40843179026333,-0.005344901334184963,-3.037037497198898,4.562857314868128,-0.002506540619417752,-9.29938317765956,2.5132433113376234,0.6003585034825124,-31.15263566512974,-2.6966149451400856,-0.22405084486348317,-1.9381514648562226,9.446506156928885,-1.2058707304504417
821,13.683333333333334,9.235454037659645,-4.310157905226023,-11.07032782076927,7.059026752562634,-0.12205275796899295,-10.521692761981988,7.115562025057962,2.6030988094696155,-0.00019896568032773707,3.752258372503182,0.02546900379098761,3.1001406101083544e-05,6.816837247787534,5.509840389895373,-7.993158605967834,10.334898630645423,7.17976543859695,-10.701817904461382,-3.2726752451883163,-14.644041393500684,11.316115497176064,0.4139555868911601,-9.009355673246883,17.102284784189944,17.884462151873947,-0.0022640853593530186,101.68411940649075,21.58840812743341,-0.002674220498760521,86.15149084195448,-3.3933828893522056,8.568152727805586,0.012359456629611158,-1.8720392697767305,3.700902719942702,-0.0004247482782142083,-9.38864083535391,2.5377021229312677,0.6367834570290962,-31.309240081078066,-2.6274261430009336,0.03253341204215153,-1.9209705039330214,9.752413802136466,-1.279632618489456
822,13.7,9.82719942024806,-4.279547585953885,-11.349097259808755,7.624895258257086,-0.08964590140122145,-10.94698167717878,7.569166918914123,2.524428975030358,0.0001310746247059972,4.204619670040933,-0.11386188495584813,5.2420764497946105e-05,7.075317026812534,4.838370736269399,-7.72280117101705,10.766938209114548,7.380224200640044,-10.190995366024008,-3.2349825272209083,-14.551585991875932,10.920778528878465,-0.981770563089398,-9.35364958552862,16.55792497199259,17.842350712774792,0.007188524659122251,101.07801473707175,24.61279768833924,-0.00925361767860143,86.9799265474247,-5.784156016869434,7.295362585261142,0.01495280274362639,-1.1127718968806593,4.318315887809871,0.0016590799194890356,-9.315012312468811,2.60537209953103,0.5872909535814064,-31.15474767284446,-2.3612879919671754,0.32775233793289127,-1.9163503077006283,9.959086051950457,-1.3107203883421712
823,13.716666666666667,10.087966191675678,-4.1473342753703015,-11.079101460034918,7.806893934933771,-0.1116948023618239,-11.205286639613142,7.811541804090378,2.431172593800671,7.427327051975899e-05,4.343309771727521,-0.16636721898918,8.824326835191591e-05,6.865576683550415,4.373042106811946,-7.789599665247712,10.601554024849378,7.344565044742311,-10.082540283175838,-3.133113614065833,-14.40190402204191,10.598628564250355,-1.3604417797225143,-9.436622574240179,16.089667536727415,17.88488832070591,0.00856309977128211,97.05112802297516,25.7295091131427,0.016699895616438008,88.10239428682931,-6.947776602997631,6.559615252180714,-0.0061045458122464475,-1.6642752948260313,4.791067600717637,-0.0012371936874686215,-8.962089402914327,2.5317058712576075,0.7080595664159961,-31.064164317750706,-2.2798639257007998,0.23154687702849908,-2.1128559269844516,9.904985189217761,-1.263392541421667
824,13.733333333333333,9.959537793134192,-4.158950179454469,-10.237284922207516,7.699852947834125,-0.1968245582336165,-10.751354128968144,7.806067188540507,2.5749897026732156,-0.00016261599894651452,4.404105088788626,-0.04719860207202825,-0.00020004473692004433,6.56618509608989,4.646535782905028,-8.484892543662795,10.242313466864763,7.048982566495237,-10.673376057548468,-3.205358853404341,-14.197262252889841,9.941513845888172,-0.36996601883512553,-9.156424337638434,16.003958823837888,17.888067989610313,0.0015631603111613294,98.22193385610679,23.555703337087255,-0.014693475570142545,87.18908251460363,-5.822931149630485,6.143823487829484,-0.0021262733171172905,-2.050327834289485,4.26511124159844,0.0001943974325695092,-8.527895285462641,2.4544170266057828,0.7592676895793122,-31.24419742325408,-2.6024781170739715,0.2560570852492279,-2.2315962929863833,9.613579871827662,-1.2154577004799274
825,13.75,9.93942185324911,-4.246184665603803,-10.288321703073988,7.910944122984135,-0.2235716776109763,-10.416735187223964,7.9333654087689105,2.6143412195910725,0.00011462569635700166,4.888761917328266,-0.03447635444867213,-5.21166628042236e-05,6.512394134524005,4.992611395344411,-8.658850680718972,10.11593791549374,7.189352730004313,-11.15381658982944,-3.2556658258661417,-14.189591364820737,9.812115720568539,0.25714208017636353,-9.038897255373529,16.654930653504138,17.767547378892917,-0.0014047832479422227,100.63321538606266,22.02262108696684,-0.016335942399087946,86.49957932762825,-5.210641369088519,5.449322702459096,-0.0035643308653475554,-2.1173373742516053,6.054677927660247,-0.0033542056301495973,-8.173088262929541,2.4341515394713245,0.5805713199773382,-31.39060384701155,-2.886041990867212,0.38451123903120477,-2.115065069306061,9.424438143847128,-1.2628942011433626
826,13.766666666666667,10.390960128473901,-4.2107129347951435,-11.070025122223823,8.576653690563981,-0.13669694150929101,-10.58064181589252,8.356741997171282,2.406371841757617,0.00029121306866196177,5.6856747704289035,-0.3022706179473106,0.00041691868679786284,6.410906904841234,4.678051109190291,-8.050852142658801,10.16559402120555,7.851051319523374,-11.363858386253137,-2.8835099702552083,-14.357901815964809,9.916913534081587,-0.4156658481443876,-9.22030625436416,16.96879454903232,17.955511930862507,-0.0003941984710833887,102.2532381394347,23.288248432224506,-0.012642038916962663,87.62734677421051,-4.650215219063453,6.571684037471937,0.013774430833292562,-2.335780736218404,7.52022480758381,0.00024384996251330523,-7.768677523801755,2.455612717245044,0.25436676417914583,-31.36471764604307,-2.5411289606998126,0.6032532267263188,-1.995973980972281,9.496425893881707,-1.3317428510171136
827,13.783333333333333,10.852805336949954,-4.177331713625151,-11.153540137177481,9.053860995725158,-0.14862948312359928,-10.73716872453305,8.745968708083678,2.3412175886951863,-0.0004373440173469218,6.2158811089375385,-0.4704682602922715,-5.377565908615657e-05,6.49017384658095,4.484045984687418,-7.72210743746267,10.429926427386434,8.291962931296515,-11.409131419354884,-2.4919782208188126,-14.412377723603164,9.917726719810029,-1.2146297555411734,-9.335310345763947,16.76951546531742,18.162707176867823,0.006994089989936076,104.9399018547557,24.154629539608123,-0.0026927065646709437,86.77304340276379,-3.958252621225333,8.527256971368288,0.010003234696715733,-2.0452147786545356,4.837297711031031,-0.004953531646823322,-7.329372647092587,2.5148260534036075,0.1823614202613918,-31.254400287708112,-2.123733010420678,1.0830007671273485,-2.090266940824536,9.535275814954428,-1.3326702782473316
828,13.8,11.260916101765485,-4.18235634193474,-11.006398354203245,9.390259390313302,-0.25977908683298545,-10.33330095903822,9.013076862523928,2.2479795937138483,0.00023809509526965126,6.339584490157925,-0.3129323366101975,-0.00040669344282296305,6.867419762441861,4.7658392219895935,-7.71151357861851,10.600842280289282,8.077143219808256,-11.389367895504746,-2.4089062842454587,-14.36416465487533,10.182600164902173,-0.8766305635404118,-9.183789552481414,17.17396146144469,17.699987858842388,-0.012621882864774694,103.91062437249235,22.787962747365494,0.007129100256956878,85.21941426459796,-5.464179514832609,7.318948496077033,0.01528122962572882,-1.3761048527259163,2.6552534043801703,0.003819189194837485,-7.252973936337221,2.4260979345944427,0.4077832437451177,-30.998987052065065,-2.3124042018499824,1.0758838571072005,-2.126390679261078,9.63664665202636,-1.3502355702650208
829,13.816666666666666,12.040565686044204,-4.115862468719931,-11.093950219217488,10.126380977452397,-0.3030620324507438,-9.9226820377032,9.499581479843826,1.950360895967449,0.0004624564131513759,6.7760220705514564,-0.3425309456507065,-9.290709199141893e-06,6.929687057886321,5.14320039171693,-7.658495661140333,10.63894566265608,7.866450196562124,-11.528498343934661,-2.3358947372512384,-14.353772741032145,9.882014839812967,0.2382686904961365,-8.896924090338535,18.183175011911214,17.402932288071636,-0.006424245235607017,101.06351468800818,20.99453419201873,0.014902426021463772,86.43681885145827,-6.354864617261851,5.734292716660696,0.001410410035330044,-1.4423739051620987,3.4690609657713565,0.003389342160461155,-7.233105597971931,2.333728669743524,0.5959760145461268,-30.908244499628033,-2.34194149317916,0.9704759764844443,-2.1443610034731564,9.943251690993288,-1.3622013959750605
830,13.833333333333334,12.973436718412456,-4.133338461722016,-11.131946398466022,11.12391556847151,-0.2664908971122506,-10.351771596406921,10.34388326111963,1.8276803983324013,-0.0007355180773746501,7.904893061379136,-0.7686797717342111,0.001319465560296732,6.760539846061731,5.1131086000088155,-7.441202691192089,10.864406318193065,8.223567639088348,-11.358631471442761,-2.0961941039357725,-14.538990846428053,10.228023902927106,0.22269045790978126,-8.993234664314913,18.657630345285877,17.870626967104037,-0.0001221814731109599,99.60719468654302,21.439668024597673,-0.004321404675100761,87.7450828158939,-4.990555670447358,7.631358606921774,0.011802042319042116,-2.4785836139480644,4.407295433774756,0.00015028982795383446,-6.679169758194548,2.4118377230842363,0.6655496889467599,-31.388975216424438,-2.0112052298119414,1.5200108031980712,-2.3031873916718157,10.117828267673872,-1.3506579031309325
831,13.85,13.755374750469386,-4.110957261288144,-11.01877351461855,11.99008249960937,-0.3317944132098267,-10.240557057013419,11.265909426641509,1.767505401128273,0.00011847769670480401,8.988949838241789,-0.9270555843796617,-0.00017474489396374058,7.034662903214319,4.601648053198081,-7.2277750950560735,11.258666601733744,8.265014999242192,-11.332230056166598,-1.6098915641556224,-14.781904894581963,11.912669566478666,-0.9967098889349665,-9.293669739111799,18.13532778727531,17.59083268487061,-0.013932288992411824,96.8528503191462,23.486633369912106,0.0011116065867160278,87.95346697753362,-4.469698887088759,8.833992045394702,-0.014819519828104465,-3.748142919779697,5.371229895719294,-0.003091850177400375,-6.03418391534136,2.479791413727557,0.6229873762905843,-31.875053935222073,-2.016390602528123,1.69234789900688,-2.2554064915104672,10.136462861202885,-1.3205592486493298
832,13.866666666666667,14.60003145748585,-3.777643508322737,-10.383725830855958,12.838817754214785,-0.6404878283741084,-9.307718218167047,12.245146363968422,1.4918336625515285,0.00036715597414474033,9.983908239639993,-0.6604300812005459,-0.0015680620354820074,7.398758513416093,4.590256834510606,-7.7833956759123915,11.616983505784862,7.082445198250821,-11.754533836519432,-1.1093482161563388,-14.788137274943033,12.758298945881197,-1.3502524971416183,-9.30681814558486,18.104533494542064,16.42939393863437,0.007742663660178013,95.44964590923487,23.898604388071202,-0.0034574022452647803,87.59175112036138,-4.902440444333495,6.4124181803176565,-0.0006309067763267931,-4.478358533282179,5.411145626732492,0.010016208016445248,-5.538473224570734,2.5485613280560138,0.5884978134628202,-31.975634085171396,-1.9998745666603706,1.4466050557442398,-2.1391470752275263,10.20366037191995,-1.168982009681402
833,13.883333333333333,15.796163217443443,-3.6844515993675446,-9.99672998567059,14.249291978265775,-0.8086565813815331,-9.383629161473298,13.577371175167237,1.2410631674388295,-0.00023996728418356674,11.78605537662051,-0.716229015249926,0.0006364724565571858,7.5617280766235595,4.985294692791308,-8.512350911928433,11.834302822938142,6.425122100293824,-11.546989656089886,-0.8025283308966455,-14.80846817322557,13.283271818961165,-1.090070704308772,-9.363796918745788,18.5519593906731,15.870560885585599,0.002732059857862168,97.3283585643841,23.044303587914328,-0.0027852220152426096,86.92533316950421,-4.739839161663109,4.0603310092052265,0.005864001871743342,-3.2089306301846627,2.9113357516121527,-0.014745507404765856,-5.024169721097692,2.5277282700771253,0.48897630083258253,-32.00921482860565,-1.5290856237198915,1.6374576215342747,-2.1298527614172715,10.388136057136691,-1.1539931357129867
834,13.9,17.345735603425766,-4.139180847376812,-10.266384706739512,16.230770164037214,-0.5707298467777081,-9.883968822296993,15.267357458794544,1.1204225919804307,-6.395118980066493e-05,14.297492202561765,-1.2169592646745258,0.002714288791086694,8.05482038031077,5.1654170157445645,-8.341789881363518,12.300931563034368,7.374765471071813,-11.254278679345864,-0.641351205657968,-14.904160453784074,13.85653819757191,-1.3022039179636304,-9.562121856688668,18.3173452186836,16.219173495332967,-0.0055563333767569955,99.13807056529873,22.797488661894928,-0.00018346755077292207,87.44103079778249,-4.329634102995176,4.372988096661831,-0.0011150362259020547,-0.747796836242092,1.086857754656085,0.007823622797429226,-4.655806557030473,2.2081527167420667,0.3243296404112386,-32.32399511710863,-1.0417330191485488,1.9260369124925674,-2.0351864089060814,10.688149959998084,-1.4584791153172043
835,13.916666666666666,19.054579132675514,-4.325249260318697,-10.289445683000016,18.112720351051276,-0.5725585006281517,-9.501254514756909,17.242704508812075,0.9576262036301215,-4.280821135668167e-05,16.775441922125236,-1.4165343345227752,-0.0022093274405461227,8.405306040364852,5.215107085781821,-8.041889321054903,13.163154421700751,7.922299285660409,-11.933777730727497,-0.7293787600874317,-14.650171798020247,13.318050501297485,-1.4913557472400638,-9.839666270024845,18.666669524405073,16.76940283785316,-0.002297338217664509,100.24821467700845,23.059584109695543,0.0023283614816871343,87.64828606775292,-4.8824726760526005,4.931273428232128,0.00038178504010161863,-0.898412147328423,1.8386576453270846,-0.006102223585554331,-4.220598371349726,1.9285124360039352,0.36542856871525076,-32.92674504239943,-0.835630806005846,2.136406863448856,-2.0414966044180267,10.920647677044874,-1.532126009909962
836,13.933333333333334,20.62714846830274,-3.8477638140751704,-10.365515772241976,19.714876047734798,-1.219297316600893,-9.111589627595297,19.36274836700506,0.6449027631283007,0.00019724129004533496,19.17277249817399,-1.3292384253358405,-0.002671614644762192,8.238067779642103,5.1499335737180205,-8.137692963921328,13.806558392491795,7.357997783792047,-12.55498110610148,-0.7472172001003623,-14.302635030299975,12.359244300428578,-1.4635535569789457,-10.142765024320235,19.744645906108452,16.852690548838574,0.0014149760861570995,101.33834690125961,23.391289742760485,0.0032948366968252687,86.62427755288596,-5.5798819434142874,3.854188430975169,0.004937802969107196,-3.5042170966083273,2.395346227145684,0.0008202323095786391,-3.3466365327648453,2.2559441778825122,0.5844876176757087,-33.41750861303939,-1.1475247832395137,2.4426262722661924,-2.2419614594467285,10.902911035868597,-1.033571890112491
837,13.95,22.427904802498258,-3.5281563399300215,-10.59798559495285,21.602002736768135,-1.7111786944341256,-9.61446416291952,21.761514151209244,0.2712566258889521,-0.00038367399873936813,21.81047822357134,-1.7978345771111002,0.004089555148736461,8.553050791368806,5.140453646813511,-8.066265186350929,14.364561292230736,7.305090961426125,-12.315270611690517,-0.295236342901262,-14.519899126202612,12.601481060296205,-1.380164359386563,-10.013048685540616,19.62354321675547,16.588659411154822,0.0015635016515211876,100.77334638243791,23.30251721183645,-0.0008537629657708625,86.42064205164534,-5.577760965973445,3.3760807935842716,-0.004220429155078146,-4.6655059052356656,1.883512847166684,0.0018415120800232034,-2.478435571062625,2.7790040259613265,0.7945684276334218,-34.02286818225516,-1.8357456426223786,2.750509758238979,-2.422274629366113,10.958122185846257,-0.6356720640024979
838,13.966666666666667,24.767777721162936,-3.763335642691098,-10.309940671428267,23.74712683556028,-1.6932296165612535,-10.44920614175891,24.593466252188446,0.04180149676543571,0.0002977464122091867,24.393505047560133,-2.6627240303477535,0.0008254244309518614,9.41430599829978,5.239247875582269,-7.878843990945661,15.618061077368951,8.808775384975716,-12.01831707017419,0.1443710456680165,-15.032656371296287,14.029854458903632,-1.2007805410166807,-9.602601031129074,17.935957359965876,16.62661717471978,-0.002863183092966052,99.47521944405696,22.87969499776465,-0.0027205980527034773,88.74231202625798,-5.283566909564859,4.27981032561225,-0.009721353650077204,-3.1197916891317305,1.558057892342649,-0.0013435026736967975,-2.017716902511001,2.7430127545395986,0.8569438588095546,-34.61126856019935,-1.909434237530754,2.627190398502412,-2.5042859968200357,11.328246224576136,-0.7316414867592625
839,13.983333333333333,26.70480238727276,-4.0128698438144905,-9.819393170363103,25.405981746598318,-1.7772647196169207,-10.553037111220414,27.259125540631533,0.07690113842366135,0.0006705429358837768,26.61736715408024,-2.9564843912889964,-0.0008666146615716123,10.28920363508793,5.1734529424513225,-8.059408977862565,16.954487709134337,9.901923961068618,-12.359334628003458,0.17793039855553008,-15.326852066590277,14.302132359508219,-0.8595645465685423,-9.355708591530073,16.626302133876038,17.431285670098866,-0.002230475048322431,99.23992816325834,22.43801134064983,-0.0026020222626065904,92.05711256419046,-3.516660410119328,5.544414631658807,0.00868539792750487,-1.541347325530557,0.9799831116417176,0.006373627943348924,-1.2894344016104975,2.5690659678172287,1.0651717113565666,-34.51110583127285,-1.3134274309351563,2.0513720610648862,-2.5893400890013645,11.443769351005422,-0.8084461050583774
840,14.0,28.403211085649446,-4.484821448535618,-9.738780296156614,26.985627509937554,-1.7577177620771205,-9.788773257815668,29.818425702240003,0.23351109682584342,-0.002386280101629971,28.92288136371922,-2.588461952642588,-0.001124885660823067,11.213072378396843,4.3528503986706655,-7.919135892830523,17.1421788928596,8.802982689159164,-12.897033043012511,0.3432678053803469,-15.564485809587293,14.269058085622158,-0.4945497707008153,-9.287196054259974,17.18767221919662,18.25226684379853,0.0017307043654447957,97.16027113682551,22.27856729111708,0.009069246480349572,91.33769394593719,-2.0679095556366245,6.671970764625925,0.003765540068898052,-2.694835790422883,1.0878675760555723,-0.006898234806896863,-0.24558359818431374,2.4272247556538313,1.478210700844463,-34.67574242749917,-1.0837703404115542,1.8586686971962265,-2.6338077053468294,11.355364053673586,-0.9881864652624054
841,14.016666666666667,30.732383772160745,-5.216477336620564,-10.120743362582893,29.11207186283572,-1.462231083419617,-9.359749849242359,32.63537368499512,0.017132516482813675,0.0008416793172815974,31.48941707568365,-2.396188467155489,-0.0018238924566378678,12.44593067764938,3.8824846918187594,-6.9410664029148315,17.495479238659712,7.512667296369011,-13.036456637911286,0.6123938672097532,-15.820295372262468,15.615133368759006,-0.5347552960347863,-9.407615227401196,17.922767275615413,18.182404182857095,-0.0009773297670547679,95.8714479869369,22.87590897650954,0.0003084467077437897,89.62606732982466,-3.0112554371510942,5.500151925658559,0.001288419215928439,-4.429291751328616,3.036088205977496,0.0036320339485142513,0.299708574392533,2.0172960820632944,1.6209624470682835,-35.50328368630617,-1.3046179925772456,2.06679459310484,-2.598394572915087,11.696869864486297,-1.4101625751720441
842,14.033333333333333,32.69409532160502,-5.428194816109545,-10.4843998449068,30.991122742045647,-1.4521467802664845,-9.799418390284696,35.18065054183899,-0.4985629338726162,0.0033115956903933047,34.014923512367375,-2.912938548746708,0.004907739971021605,14.028615518646427,5.053259007472232,-6.644125022945901,19.23910494322558,7.210419504393467,-12.961767875898584,0.45835142160042797,-15.784345469052559,15.653973177335086,-0.6907393240036976,-9.71934848780237,17.670502476852032,18.120052674605095,-0.003741888910502026,100.36642057132696,23.36075923691473,-0.004857218439077401,92.30497869538502,-3.918110373858501,3.101669847553379,-0.015167049219981224,-3.291717262804144,3.467851370840452,-0.004827661369724631,0.887843583231706,1.809128835663926,1.5568645415446913,-35.46996338481363,-1.363491657740786,2.273786887543724,-2.6055871500630365,11.900815782063933,-1.4738164319562568
843,14.05,33.89225945946651,-5.634702071293696,-10.30798390986312,32.239750976137934,-1.4344016821410155,-9.749911935736142,37.5277887642235,-0.43331123999614435,-0.004164755218964339,36.29552814979821,-3.3090777445792874,-8.280098234146049e-05,14.838992058426925,5.686396929287458,-7.262938162215086,20.224422806505284,7.017314025520337,-13.476543276079356,0.5350724600151795,-15.645116681660049,14.386358617241113,-0.41952711979643414,-10.12414114610647,17.79891125487721,18.406440089350763,-0.002685966314742769,103.39900794916578,23.162008355343893,0.0010162200538861813,93.91089279861629,-4.594724051407332,2.4393262243458396,-0.0011097630886269566,-1.2582130660323927,1.1344280760582284,-0.006489311386183603,2.244623221059404,1.7814705499897743,1.5031519826997302,-34.88598310527443,-1.636590972372983,2.2824532981453896,-2.511781305687827,11.504238346729313,-1.4485682503065815
844,14.066666666666666,35.73981878742113,-6.263800293749191,-9.92087682574782,33.92118606140616,-1.2909338244412054,-8.969468151794013,40.17216056520924,0.004501421307085578,-0.002306154843080741,38.53117553076927,-2.9891599276923326,-0.007031361851457396,14.665718255857698,4.84126658855322,-7.24625779361453,20.082220675428367,6.557182366192757,-14.204679165046025,1.070024623629422,-15.98313236176235,14.633322313667215,-0.04715396733277868,-10.29707966321286,18.73663059871479,18.661990796905897,0.003976559537145014,98.89445512660545,23.05125904086039,0.0012619269252578142,92.28645382268685,-4.796878104632495,2.6255629847157573,-0.0011466991849747685,-1.0596797037377155,-0.07795187648490316,0.0029019007470601466,3.3000487973222152,1.6110009907006082,1.5578289924909317,-35.41002538143848,-2.377016311916348,2.1221499385103026,-2.2865648353751244,11.479186449472424,-1.6639994692116753
845,14.083333333333334,38.238051250722414,-6.440861642769467,-10.047531444150541,36.35487753069687,-1.5049555214866164,-8.891747819250144,42.83442395548569,-0.14254289759030792,0.007585551531617758,41.198645614715424,-3.09823875981986,0.006229742914232116,14.85453866154795,4.361209147935034,-6.921550989818574,20.927815366286183,5.954950380808669,-14.003673383900543,1.1606211798443398,-16.607654872211523,15.616072803286372,0.2672483952891351,-10.081046217220674,19.462736570537285,19.388765178031154,-0.006192316519660264,94.59156454474899,23.15394485360409,-0.0004407469836953064,90.91157330046596,-2.987214141534319,3.375749897730417,-0.007995834298979662,-0.6145765627071024,0.8811910344376956,0.0013648935888239597,3.6479259670700936,1.7100556537753264,1.7133730266146872,-36.438477644216334,-2.4153900335677703,2.6376000773355615,-2.1099605677016116,12.030938578707111,-1.5796079003258923
846,14.1,40.29499256265067,-6.396210840789322,-10.089660725670203,38.61872175984629,-1.6913543448789248,-9.037598041861246,45.46759535678028,-0.2769960829853153,-0.005863812846630453,44.23397677738074,-3.787689023642809,0.0032249979410083137,15.272875609790207,4.554753001590964,-7.2996230694365325,22.099194380107935,5.928076843143915,-13.66022077564207,1.0909086080219377,-16.832792971489784,15.600017139959826,0.7566793735013003,-9.735210622499341,18.940537668134713,19.76097662297278,-0.008987759370866334,95.75946349528917,23.163809359140817,-0.003167441686583835,90.49128566225534,-2.8773945604299156,2.960212674835009,0.03898337599851227,0.6473928484134444,1.7398895695602594,0.00017996864664613388,4.473538081437656,2.0748125421658803,1.6095627048133663,-36.98937565345124,-1.6819235314606042,3.313661012531546,-1.9531123719953483,12.18914361379114,-1.2957582662422216
847,14.116666666666667,42.160561725628604,-6.657755910025327,-9.423810073669259,40.51454813722976,-1.5446025074993779,-8.441469240812966,48.32339514626016,-0.013005131085351191,-0.0024742513305148857,47.166523750187125,-3.9176541409281604,-0.008550184696712938,15.562834378045732,4.779935096145972,-7.947659282000801,22.46272136749188,6.275444337716707,-14.267528567325419,1.5412413821499342,-16.674463650062815,14.555131719906083,1.5858343851675027,-9.38005662209171,18.12026121158411,19.391558804677338,-0.0016956363844105329,97.29258886555894,22.765564020825764,0.005412432655268223,92.41404263757059,-5.3180616291412495,0.10287425497729218,0.039469545244168264,0.23218979228182166,1.9558213542153673,-0.005031742781620049,5.965763884499753,2.209783311951955,1.3587784539090542,-37.75278535606012,-1.7399234147499862,2.902601837450228,-1.8705987726732716,11.927466232006097,-1.291384929760237
848,14.133333333333333,43.92500970887366,-6.78803329860544,-8.98721284041605,42.27349085469726,-1.4282354947892542,-8.242473795450763,50.797585292709336,-0.13039867414227974,0.007144313691652601,49.677087464259216,-4.050875849266408,0.0037546380015721754,16.445753102535612,4.922147396696708,-8.297289438484409,23.001692643977623,5.917701133801057,-14.935645337913865,2.273575114558124,-16.780518958366226,14.422904211784495,2.696175488001442,-9.183212010786551,18.57094269326626,19.38820828035786,0.0028883075721636924,97.49748818785099,22.203572012415457,0.0009247374515401642,94.55282728462502,-6.025124767469024,-1.1856700554537016,-0.018940526372490576,-0.44714029627759255,3.095864191179203,0.007059587346974744,7.5477341598844125,2.1569662945663657,1.3215037045326945,-38.88311932359692,-2.568696822876112,2.2708125392430376,-1.8902322888669114,11.707606629411883,-1.379781751480766
849,14.15,45.78916943929923,-7.079549819298028,-8.982692652625563,44.30454550737391,-1.1685884585406758,-8.570083247446307,52.89167068371797,-0.2572983693320903,-0.005951426505395636,51.87208016784637,-4.706870068125168,0.0043059782297492875,17.577932572996517,4.7575727224867626,-8.340650890676786,23.505488933770344,5.431979244791945,-15.23580533028357,3.3232503071921404,-16.998676102324467,16.075966109391477,3.4427803674811313,-9.35671144085292,19.332073574494324,19.028710234656145,-0.0026913810377960077,97.58584327235562,22.149899056713135,-0.0028535291425682984,93.5978660690628,-6.513961201109913,-0.684404354646839,0.0034002781819396713,-0.11424819289435711,4.942498791192966,0.00883573491309482,8.598404522936224,2.032147991055907,1.2148104413023255,-39.773534055992265,-2.786868884757108,2.3330393864969765,-1.7182623027206176,11.894225001117837,-1.4835074868260623
850,14.166666666666666,48.24292321417119,-7.617682466759991,-8.744353889485136,46.72817251307784,-0.8975211477015135,-8.3025380097606,55.42804529641443,-0.10647928949767671,0.0018066408471040343,54.319965825902564,-4.836473302060091,-0.006720812612485668,17.94519702668968,4.50030427731977,-8.110306997128488,23.323831518500818,5.541917013366073,-15.742803534241515,4.463718458798095,-16.751448964931974,16.40924299812566,3.7691472562194557,-9.5205545778457,18.94773281410154,18.20883209672213,-0.0021023447243592457,96.1617834070855,21.629904983032947,-0.00045784755617116256,93.10064933471222,-8.492409344271584,-0.8144716381516897,0.0058079274587902905,0.07311296261712254,3.4510575771552796,-0.0015337056431563236,9.196972063818386,1.8303622250189202,0.9742641183317281,-40.40336859628701,-2.3455556201798435,2.5070557802318136,-1.5250575893759795,12.347969801130853,-1.6389118616973886
851,14.183333333333334,50.138491363024194,-7.768660153329968,-7.915292806526609,48.41989176209078,-1.035714446328178,-8.149063699274327,57.94046451864361,0.2273872591336796,0.003825975709278252,56.823405546286274,-4.658092657429866,0.0004717656092033452,18.06709224761237,4.2989188067246005,-8.117260027734611,23.62505552214601,5.561578183875388,-16.135279807862187,4.957540802261437,-16.664307032180194,15.739216901581665,4.3913702061265125,-9.334740630934348,17.90494816113606,18.614417152935665,0.005534469681783547,95.22182286252615,20.24354856982858,-0.002796346850581574,94.65977114061191,-8.916726346627398,-0.6070966116041323,-0.005805671307676105,0.09624270264271613,-0.11786717343924065,0.006488773651671674,10.48057975017507,1.66156947551732,0.8710204216399178,-40.88117457556186,-1.9476236121997514,2.648409355363592,-1.6775566995416535,12.185645589856739,-1.7140864564515257
852,14.2,51.417549978221075,-8.144376862594727,-6.751628589763257,49.55825633164547,-0.8884767420442081,-8.524351126501879,60.02140541383388,1.161437115246762,-0.006560491140831737,58.74847215781416,-4.958526617919101,0.003820641525477435,18.613970656369947,3.5578241969156883,-8.617104318877626,24.275620630336842,5.113461262410744,-16.21410576326094,5.048160448432135,-16.94356246517466,16.024109714137886,5.29376881087327,-9.169313523515836,17.81057306447048,19.759210090408214,-0.0030244509889881892,98.53959107713473,19.95844856457726,0.00477017867466272,94.35682020627651,-7.207013038948283,0.24739874150296778,0.001407467465955171,-0.9721859139580585,1.0372726719747571,-0.03363162053807296,12.064335766001898,1.5382476421202846,0.5085230099925644,-41.22097531351048,-1.587876587614743,3.019214213655007,-1.5985121286984076,11.79211728680282,-1.9225285953395241
853,14.216666666666667,52.974880268562735,-8.838703248385261,-6.275784421386093,51.13900673376709,-0.4189852889216062,-8.044866273865662,62.257292158853794,1.8523925125195224,0.003271106231838159,60.72749585962516,-4.933228038354158,-0.0019416415911433704,18.795414173869005,3.1331192244065553,-9.016493613090672,24.151237986310004,4.454930074202423,-16.62556341806926,5.653791251793927,-16.96272783828681,16.193433096237584,5.984638247803265,-9.311241755726765,18.569998035365643,19.905456169711606,0.007347823241051713,102.21994140084965,21.111893885420283,0.00024341537343811303,92.74315836775176,-5.5120298342876834,1.190744426024529,0.0005303316619952098,-1.6348825856257947,3.812445660963196,-0.03985686227819785,13.34898326974958,1.6533577433052251,-0.030010414637590556,-41.63830920867974,-1.5565532418638948,3.4069172456168233,-1.0706421479831623,11.607187943726577,-2.051322004331707
854,14.233333333333333,54.27931118943873,-8.9464064557505,-6.280649615426224,52.53099486855685,-0.47458509634010426,-6.883208796772093,64.53081124189256,1.659079274429856,0.0017742792670307102,63.104867231261835,-4.187172711469009,-0.003042313413963059,18.580462377438973,4.019386976981331,-9.127019601563434,24.244123705992862,3.750429221469134,-17.108806449196006,6.612566617177519,-17.047320488393453,16.674286667497114,6.569288708791113,-9.258202416133914,18.459007091518796,19.29641428052948,-0.006576429894594666,99.71192590556463,21.69279197157604,-0.012452232144488134,93.20584882463959,-5.4989608944716215,1.9256847796488878,-0.0005721107712940708,-0.892377744490731,3.169972277060113,-0.036732530748996815,14.892748975064245,1.9187922521556113,0.013447398942749733,-42.217882296621724,-1.92360602796423,3.5213828377097975,-0.8574791546735568,11.07989502779389,-1.877032128682044
855,14.25,55.59846896645504,-8.849203351573273,-6.093725778811586,53.730731107741484,-0.7260477142427105,-6.682191703888792,66.4228331597488,1.2566848949014529,-0.003989779946041815,65.09032844165075,-3.766784842626477,0.0023324416333411727,18.816812763091907,4.681928998289951,-9.105274426158227,24.775057440838214,2.8272552713777497,-16.875820715284885,6.982620703317162,-17.18951426491954,16.2451258673037,7.271167076297183,-8.936608516778065,17.95523460321107,19.312810733946076,0.00011554822256371259,96.76821737795815,21.27307142143724,-0.0036665964394372425,95.28132843281114,-5.852898302318226,2.028734898796327,0.0013677060478913528,-1.4063879259166445,3.2171155936387965,-0.01797737833479348,16.01484603335398,1.8211233382389136,0.3306625135291768,-42.79022801628002,-2.065711099442076,3.1933929305316693,-0.955845645106709,10.781280590810272,-1.9198464380186173
856,14.266666666666667,57.4721094192666,-8.977747863159996,-6.313454182741918,55.5982857296648,-0.7675169590468031,-6.995576717683877,68.19643718737723,0.851712984989757,0.00416553372596722,66.88382878428857,-3.9498517665459847,0.0033388580082041102,19.351561014570454,4.318009938097327,-9.111594454382677,24.642067380298652,2.0810137663671524,-16.50421698507443,7.057536319446329,-16.90108201502435,14.388432045574127,7.656808629887748,-9.172859666896871,18.317295372435908,20.009023928346203,-0.0037137185038666454,98.16203454599028,21.41640487378635,0.00824877319619458,95.26094005176449,-5.232657455748001,1.682698652373727,-0.0015895967724064563,-2.497159225324503,4.628853887616694,0.005324448630452247,16.267990223262117,1.6368863016216333,0.17227145833318175,-43.42252823748763,-2.1823583506980375,2.925946160920873,-0.7848596954676919,11.148977074851919,-2.0291331083982747
857,14.283333333333333,59.04105587763721,-8.92739474439958,-6.536348030554456,57.48777196543647,-0.9023226074546382,-6.3114884383756715,70.13376632647278,0.7954623739918795,-0.001577239718700529,69.1817669427589,-3.7268604754041093,-0.004833539322536263,19.77889765388127,3.706272368745841,-9.322919221362973,24.690742704966755,1.6388855885757965,-16.579000955717458,7.627688182202283,-16.812174338397234,14.405368737619918,7.800774968271661,-9.539214483572591,18.715797058221206,20.33477208045194,0.0009393632386548725,97.30425881658286,21.868202653595137,0.006736312347244167,92.56511748992949,-5.696427883690426,1.1806851796116622,0.0036226159088915875,-3.152800284217076,4.235113435338466,0.0135961229898469,16.811299141059884,1.9811328235033676,-0.15323048362225897,-44.08438276701827,-2.206578997371818,3.2236032481243524,-0.581429056298101,11.171736539611837,-1.7431840741642994
858,14.3,59.707889472291974,-8.858885407684124,-6.03289397645477,58.329825410775335,-0.9355281349027373,-5.2927013438344055,72.09674404198894,1.1670363422141992,-0.0031137287077288274,71.5384181793109,-3.1939515698745793,-8.833373542906729e-05,20.183551878491414,3.433466172678604,-9.481037667516794,25.725500743950835,1.7703545113750443,-16.96766476498153,8.323554672562215,-17.122064779088163,15.66453000911917,8.427695314533548,-9.398083941927315,18.470832520836883,20.242362695532858,-0.0025844901833865447,94.42063998116376,21.4582485113614,0.004834119897056652,92.87486835741667,-6.692270813961688,0.8247682446068663,-0.00014658873724939886,-2.3394413833923413,2.186363494838317,-0.01667031168683997,18.221246069990396,2.362952519720051,-0.22924313159301973,-44.313884067976694,-1.5214070566098767,3.499769865959898,-0.684220200572538,10.255497477584907,-1.512924007864556
859,14.316666666666666,60.28403720259887,-9.232915687113483,-5.687968131579536,58.85912259584531,-0.5570842732563883,-4.985446324912636,73.92891220730372,1.1266403700397287,0.005132705309711087,73.33350756031881,-3.1553855181358585,0.0033631864426295227,20.50319799422151,3.918315427509145,-9.49686142635536,26.297067222509217,2.7336529678404324,-17.63283331708199,8.760686383511953,-17.09624297336827,15.494535024472626,9.164480927037536,-9.400275962988445,18.167391302351096,20.271544246191,-0.0016366319441356335,93.03651903039193,21.576161017072675,-0.000998076634742091,95.41655575317408,-6.327677085061854,0.2655498529846566,-0.004054076903864835,0.2733643680848236,0.867598781598543,0.005679835159605994,19.60716362657113,2.267272569588669,-0.43794706940227507,-44.379584726479244,-1.0388487668178013,3.38738537713436,-0.5890262871011124,9.3148275005841,-1.6802974538765478
860,14.333333333333334,61.43566703201264,-9.75510507864672,-5.625066008484241,60.04134608672516,-0.12296857382583949,-4.726933236964875,75.67362393234244,1.0702293963852267,-0.0027408239872755767,74.86893833693928,-3.0893034271807354,-0.0017445484025803756,20.652966856487655,4.247842339482185,-9.675951456398845,25.826148900644142,2.465175682933947,-17.94307688614582,9.125875319221045,-16.779195637639443,14.694065273149217,9.329806029933563,-9.506059412575404,17.880883674846462,20.276633833871834,-0.001431147451262435,91.97695925912116,22.65183806668756,0.008277601112945262,93.7114347099256,-6.699485790533983,-1.1056029711208561,0.0072845593200019975,-0.10015586299663987,2.287980773154066,-0.015109832781630786,20.150303015714144,2.154160550623242,-0.839750053881272,-44.864833366053645,-1.4975657428319535,3.154525988148541,-0.16856878970391695,9.075349960155162,-1.8500311397732372
861,14.35,62.33921626764139,-9.993710564096057,-5.290665810224793,61.00967175240542,0.021782540245134596,-4.113452737180828,77.32165448955587,1.4428972262488509,-0.0032846439176732922,76.45157701242323,-2.6322939276135155,-0.0014719499669486281,20.851836786889717,3.9944169550264004,-9.945364436640238,25.638615351054515,1.5919913406735378,-17.874216717702513,9.293248240633908,-16.64307669576525,14.196818693554592,9.317860605330472,-9.421510070598902,17.301492208896473,20.45237282356813,-0.0015456125867673613,92.54561234776627,23.076819627845158,-0.006619520822153978,89.86453593959158,-8.766102146652312,-2.3840575966009445,-0.0011858081903084235,-2.9558833622010825,4.260436355410545,0.00571675959234106,20.581970511456387,2.2702983856407353,-1.1159934461104588,-45.028378401024526,-1.860643715770495,3.1109210095227273,0.0753882453782574,8.678976147731655,-1.8147754514814427
862,14.366666666666667,62.654795013223165,-9.918016966594013,-5.087559627066571,61.28655292494798,-0.08993120635132314,-3.958690927893674,78.75613227827657,1.3854544057837197,0.003496214076240672,77.8548794490421,-2.574314870014948,0.0006138684401700812,20.979535734265404,4.079765806133785,-10.050910089761349,25.93842115118002,2.119262832559172,-17.95679528095886,8.986194855647778,-16.6184098492924,13.44723625289492,9.434952253289007,-9.464139641366728,17.316922941320097,21.11468302952844,0.0015056556897406887,94.65161602984867,23.31074907876908,-0.0015240381272510356,89.34833097362365,-10.838074751421939,-2.4338592225385574,-0.004077935825411282,-3.3048950892820685,3.7262252848600634,0.001564211786189181,21.339133718200667,2.4230022954694355,-0.9629371444850022,-44.20700989267505,-1.4769417199482846,3.21466323805616,0.10659123871589293,7.8164070127286065,-1.7169012903335612
863,14.383333333333333,63.16907865196722,-9.604945316751262,-4.971114144818096,61.78295985219938,-0.3478548965745274,-4.3655658308878795,79.95913618343172,1.275973680781689,-0.00011499455011626383,79.12119731354869,-3.124626267916485,0.002330812569295128,20.83460415175663,4.287076491427228,-10.214334809006836,26.296296228808508,2.1458253899844744,-17.88645134055618,8.887700459725313,-16.678130657505335,13.902862411976686,9.59795950325632,-9.520819157468448,17.534344667197523,21.289347868415724,0.0014496358782639868,95.55468144827296,24.28704191831356,0.0005676360323794015,91.67508965972098,-11.818841149122962,-1.6702134678084761,0.00883574559766603,-2.506728755142874,3.407653991796029,-0.02061765144336258,21.67294628301761,2.574597961084838,-0.5071422568540948,-43.54517391500124,-1.0106096326344924,3.3531630709379074,0.04201476330401884,7.330774227046971,-1.5057929520403448
864,14.4,63.77546554300264,-9.53312776631851,-4.488960783054227,62.50675260170923,-0.3828438446186452,-4.146355843167455,81.0532638008725,1.940095826406844,-0.0018114958308335749,80.39054173977746,-3.2365190110552047,-0.0018916902489540756,20.720577208780366,4.092040259812922,-10.392843217749254,27.047635784290055,1.790370885157162,-17.931863336066534,9.397308885244845,-16.80065340355198,15.061185643993301,9.974911393724888,-9.369588955987616,16.79142018691937,20.7545813010134,-0.006201802134646948,94.61591723135442,25.571379771475954,0.002586211482036213,94.39883257434283,-10.6153146396573,-1.7211194137363284,-0.005653109283515193,-1.6615865399695153,6.825157302018367,0.01637674661610134,21.84734259726462,2.834693528426002,-0.48985141171195207,-43.87038778780898,-1.2422619325417832,3.795049601734998,0.06424922115699487,7.0136501850398005,-1.2700863272537233
865,14.416666666666666,64.06746515479415,-9.916583107522728,-3.940457868944431,62.78614126587541,-0.08878565438513056,-3.5345505877269434,82.24814313260744,2.49514455158283,0.00010191670436695008,81.58448571903962,-2.787766351920437,-0.001193413788341964,20.72219511310385,3.834476400446559,-10.216490404650726,27.849981244985774,2.4675266673225464,-18.530143310868972,9.269482167840327,-16.634482726314758,13.596303758771587,10.081720078425283,-9.171770233365585,16.33160568805674,21.000540400808337,0.0022546914954429532,92.85736416173704,26.80738783505047,-0.00018468424540232325,96.3719160064906,-8.678151735371628,-2.153243018226199,-0.0014523204319240514,0.09659445305350074,9.011402538244056,-0.0024974984544737697,22.268532754120233,3.0258235635785775,-0.6692372977861141,-44.06371989174051,-1.4785716957711912,3.8277038252294195,0.2860942059427165,6.241625398229142,-1.3089052396896526
866,14.433333333333334,64.2878651246774,-10.07153828409625,-3.8455468229115968,62.739036165425695,-0.04865649594721257,-3.811651239276048,83.48887939962401,2.1638145937273965,0.001724265196504377,82.62830780787664,-2.8171973824461674,0.002565585852596043,20.639968043316337,4.001277386062258,-10.106028037385936,27.651916241516112,2.3372296250210596,-18.671038148475887,8.996214664254412,-16.29498796143433,13.162616700618486,9.749230211944026,-9.195820953114174,16.582322193489777,21.218550610539793,-0.002568484145332829,91.63041125378183,27.22384853662457,-0.008176481505191778,95.867766386314,-9.156410912355541,-1.3556149663782613,-0.0022303522388995535,0.112513843000409,6.102445154150634,0.015094086900761867,22.542927247646112,2.8164463482717763,-0.5191397001422876,-43.521684824562016,-1.2142038406940903,3.1758315739864877,0.29725894539387304,5.2839163917014185,-1.4497010617419461
867,14.45,64.27684250802871,-9.983451020500937,-3.875141176575438,62.59551737839879,-0.22380214698926548,-4.218669626397296,84.35876588392163,1.78985537782149,-0.0005208650152864112,83.3185308738143,-2.8679820150305737,-0.0007284401421188315,20.719900361458112,4.087618585730144,-10.28323469172758,26.490291213984346,1.021065998372018,-18.024983186386343,9.440245114295932,-16.167459174889544,14.905749957316393,9.884973443925059,-9.371101133771704,16.872795462043975,20.46591073858191,-0.003946606582366354,92.76295657357369,26.946743561548963,-0.01700842531003138,94.84521901478496,-9.964641763542105,-0.6382215099132689,0.001161284110925418,-1.0910509792329586,4.4019489428304865,0.00676864964444952,22.77739173028305,2.5176247515782797,-0.3994279714876729,-43.07289331732776,-1.4802961807161497,3.177515199016179,0.17098046699835448,4.375697199658878,-1.5153687904473008
868,14.466666666666667,63.83186013122684,-10.216961890017384,-3.7551501453192477,62.26175684936753,-0.043128520583088456,-3.7100831565347856,84.82670013896735,1.8679734266043502,-0.00027106327162953553,83.73975623073696,-2.261355888220085,-0.0011686282587893668,21.157257765659935,3.7870375240234386,-10.436524582743338,26.07239851857112,0.8586496891740119,-17.869890362735212,8.897366086978542,-16.20568945612082,13.281205283469053,10.012906386862916,-9.370450872894775,17.122287364550765,20.874619971043778,-0.012091137236364985,95.37180848390867,27.593597007741,-0.0012885652560314675,94.48132732223416,-8.910702876114547,-0.26239146140013947,-0.0035391983250038597,-0.4341875608427291,5.691376515192263,0.00765428815147533,22.94932394002057,2.5976672540863994,-0.340904752175891,-42.82816769511291,-1.7018620704323706,3.812106655144192,0.3259149660477353,3.4893020484099124,-1.6093811596125422
869,14.483333333333333,63.38387209792528,-10.421256052754199,-3.8606101886622626,61.799342853203605,0.20842988963421855,-3.3249422569997114,85.29808610419734,1.7619561216085375,0.0009891976570067173,84.27717038040382,-2.0151231766324527,0.0011052442913115378,21.417860750189472,4.011055517165993,-10.70512833371642,26.818146310281687,1.6380408013669576,-18.410250866850582,8.08455545236652,-16.15923177991099,11.1492745867834,9.80577804661551,-9.205357115935975,17.011485710533528,21.684305738788826,0.0039004230097409755,95.19015363772836,28.355646556969806,0.0011140275972687322,93.31741400039296,-8.504753679040618,0.557598035004838,-0.009422900409976408,-0.011127737391374416,5.656893872061679,-0.004548629999355994,22.968773557108086,2.7934050574117677,-0.2991446888353204,-42.32584046321324,-1.156676473311729,4.065187136359882,0.4542164351732548,2.6496776443031123,-1.6463397472774972
870,14.5,62.91791862864019,-10.394433219257083,-3.9523969053111108,61.264166218828436,0.2948889832349917,-3.582765755305993,85.72625132479222,1.58331950554578,-0.0004887402269938723,84.79003346756069,-2.4114138895874606,0.0004234803537407257,21.138819826286785,4.373305041998612,-10.983594756119427,27.063733743893213,1.4397475492591394,-18.60282580075865,8.650361043388816,-16.078936955861717,11.924768563615663,10.079065687876586,-8.927707901475818,16.958217361807634,20.925407868527543,-0.0009513271409333521,92.975418365738,27.78002250739726,0.008788910436401749,94.72116636788554,-9.38653423909054,0.4358298497946899,0.0014077417607455454,-1.6924207811756027,5.377949096834777,-0.004381061322031822,23.1963008957985,2.9024731230801306,-0.461751260912008,-41.88588602732623,-1.2996420793182042,3.7514608560362346,0.4404491726526171,1.7147485652669978,-1.6426159713781077
871,14.516666666666667,62.152704760437295,-10.50955044665127,-4.0899624878531355,60.58459076710714,0.4985640249398139,-3.398189881609728,85.9255922441479,1.4517087366742327,-5.461655841637689e-05,84.97402980305888,-2.401071506458858,-0.00044024141778624794,20.703266152449487,4.078374308154488,-10.913944125827008,26.63236827619974,1.0098599525428615,-18.527775026415757,8.722230280892344,-16.07595025026128,12.026763031610388,10.221227403896178,-8.708316663086556,17.537511254402144,20.506518713596584,0.00040689202757917544,93.25239021000822,27.18220291552113,0.009362237621882197,96.23104652667729,-9.902604945702903,-0.3504979303309047,-3.2606883455762974e-06,-2.654809010454337,6.03123571683282,0.013031036167469066,23.361426639604886,3.0645740835387523,-0.47112988299689235,-41.50276912487234,-1.8578832599221669,3.4486391473727394,0.5918894131302472,0.684550350913954,-1.6631444248975678
872,14.533333333333333,61.26418920200244,-10.518161457120705,-4.441948990010871,59.6169655697186,0.5580633320163125,-2.9124330768119564,86.0919506159069,1.0870733143150464,0.0005310171389854495,84.96755409471935,-1.9745245512580554,0.00011292561926985521,20.428618734847838,3.591031891572692,-10.73905766421498,26.60251180612251,1.3685538731537021,-18.756775382817516,8.002255354439244,-16.00164820725138,10.732103952290847,10.30396890387954,-8.703097078138914,18.35661562593406,21.03020242748534,0.0017583846390620986,95.44768464965595,26.6272828403791,0.0033245490362430003,93.45987099612375,-9.400088539641388,-0.26110806670077463,0.001295634887239089,-2.0842835215584183,6.023185152373383,0.005488162125684817,23.432665985622553,3.0198606180564123,-0.16144813977435127,-40.74152947794292,-1.5226297560154134,3.591354638175918,0.5841139406068784,-0.38149825267334897,-1.6791362655031268
873,14.55,60.519573726031446,-10.383870872300708,-4.28837286735737,58.576945029975384,0.39849081665611186,-2.9608029502055295,86.27912393270272,1.0229992133905645,-0.00030277962132115645,84.96801082835266,-1.8009094892262765,-2.354414372378736e-05,20.304198618746724,3.390263534453299,-10.728084887357388,26.892826405520815,1.9218304430515007,-18.898600643738853,8.060317478363674,-15.929661552170154,10.839416879315033,10.454198776746205,-8.775024892631787,18.433670011095376,20.93837466997403,0.010716510235338386,95.61469576320687,26.058390267879776,-0.0031950736024625387,92.37940662016399,-9.365187265456695,0.5025222799732033,-0.0002609232829504469,-1.6327526518633957,6.100034560551361,0.004588281689004207,23.532853354972094,2.7258911474372916,-0.1512205466895182,-40.034030962259315,-1.1688520574273256,3.4405162637867073,0.3463714151170863,-1.3624556307660314,-1.8211447059370753
874,14.566666666666666,60.12085541599815,-10.517852806049245,-3.908373241835994,58.169360481355916,0.35499055514714545,-3.3956127970835968,86.38392620470815,1.278044565333542,1.642837083142647e-05,85.03686245988277,-1.9886124282880595,8.808681941475902e-05,20.34160255973106,3.608174445733834,-10.704811434456753,26.50540248794469,2.0500908985641377,-18.756093175712266,8.362285585941212,-15.964143074460749,12.923313632057244,9.470807351352695,-9.037197589571834,17.66495541364362,19.995572050577824,0.0051118623921030774,93.17884503346556,26.98690509980825,-0.0165659219121745,95.02602864548261,-10.346510171770953,0.12372181650137327,5.7263429292360094e-05,-0.835557168911751,6.812156906270174,0.00650220932149366,22.964584911784595,2.555922468328319,-0.6152356791542976,-39.80122903822565,-1.2217349123372372,2.7546679335007,0.399834119968811,-1.906838820900221,-1.9923189943675519
875,14.583333333333334,59.89154246528878,-10.518707255647765,-3.9907879872574274,58.268983994056754,0.21367433124857224,-3.632199792934701,86.3694665528735,1.3357652676216318,0.00013598762859350568,85.1730713695989,-2.109705045361949,5.660563909025801e-05,20.321740513906956,3.842899061388321,-10.627940986958391,25.38438035915523,1.3073835773488431,-18.638853625154876,8.448667979678557,-15.792123455281539,14.385138510324948,8.408718047272021,-9.368113056394144,17.52454044333704,18.79754238293767,0.007340627228311626,90.95560810895792,28.069429375653904,0.009721407997715472,96.23350882758928,-10.334216996840015,-1.520159357135605,-0.007715420629121188,0.1399120571591945,6.673825962797007,-0.00471829157009506,22.06978679656052,2.5812154132956895,-0.7533429132743374,-39.62547831367896,-1.1763867936100452,2.1910763054772646,0.46071743198878823,-2.1645813157974674,-1.8984335261470084
876,14.6,59.59259538895062,-10.153586151052224,-4.260039776276977,58.08904460839038,-0.0908730422555758,-3.197662410673328,86.37454329313452,1.228675676421327,0.00019080536214420595,85.29906720664994,-1.7214588651178162,-0.00018179915606401998,20.09646496804212,3.863152663220442,-10.579408563876882,25.04656182571435,0.24575336670384368,-18.647098788709382,8.419668421819965,-15.712074542573733,14.003350227339599,8.340002126549756,-9.40119116258165,18.45174411313975,18.402034138202872,0.00025430879963345165,91.27136208904344,28.107178305599188,-1.8186691900920264e-05,95.20551619473983,-9.753317089283291,-1.221088271201409,0.0031678475426069525,0.5708599768958632,6.555934409544064,0.002060563633800538,21.573913851727845,2.741432867898269,-0.21428814615575623,-38.89419718501312,-1.274319504809231,1.7968078434485777,0.17455088358224957,-2.530637081872078,-1.6492267342334268
877,14.616666666666667,59.27895063202735,-9.950258183154181,-4.392947443347462,57.53499390557784,-0.20119617521999816,-3.0111310903094526,86.53351037143,1.0559235533607747,0.00023271694888229443,85.35585418349767,-1.6505336086781892,0.0003316853976624119,20.020773166532667,3.6447711998107657,-10.384646303064196,25.623561436330085,0.484616739148253,-18.899667134679515,7.937898487366015,-15.90689410307829,13.219467646253749,8.32679167203371,-9.174128055712583,19.000311375629682,19.047783891065247,-0.0016546836098367734,93.04161623253502,27.99396348470652,-0.0024709655465011476,94.69224555765527,-9.328076003792438,0.4306340191390379,7.647303029766409e-05,0.9807653432858694,7.293627963925385,0.0026514933869112296,21.128368088251804,2.7369769102091257,0.2826821506528509,-37.832387519145435,-1.4148401471727554,1.691494562499149,-0.07524748655063362,-3.054931113850202,-1.6013745185202433
878,14.633333333333333,58.88709524176016,-9.967333643428965,-4.263938471342452,56.94182502608159,-0.18790902842243148,-3.5146704553256676,86.65313826912842,1.0162011680573582,8.418467918882659e-05,85.43600997911098,-2.172143639467509,6.519160159096473e-05,20.033540525570185,3.193239806795595,-9.964501091855487,25.85567626491505,1.8902473290389352,-19.22060045593654,7.4744013932982805,-15.82333740747045,12.979521939539135,8.137009426795194,-9.022258210459894,19.033549763951424,19.591636311201587,0.0012804489022768123,93.0266792236138,27.744661657073983,0.0025024763702441123,95.1180509545206,-8.702357962582258,0.33761995411965456,-0.005137156918506992,0.8315137739503562,6.967876153203169,-0.0005887160878365488,20.75238378825273,2.475269476983047,0.25376745770869014,-37.515063647588065,-1.4078681307251295,2.085913603026241,-0.20525413319656594,-3.71399533623424,-1.7518976723328108
879,14.65,58.316354539062225,-10.075823168206048,-4.066986817997675,56.42160597469458,-0.20159310185861373,-3.5651462119246418,86.7871446498234,1.224065951225173,-0.00029710036521211767,85.69425896362907,-2.2323752340539813,-0.0006186842610937181,20.03377938529438,3.063296758307458,-9.744168989095227,25.947635341777342,2.294015919630869,-19.105990181855596,7.560591807488073,-15.69412741926428,13.357365816936156,7.9003106878128815,-9.028755390622404,19.36075996952786,19.332251891757608,0.0006247535834376962,92.36222562017845,27.508380583019846,-0.0014507336713170651,94.51077904267962,-9.374155379966524,-0.39613158983777874,0.0022507621093817796,0.16575985254927858,6.262551978164761,0.0006945346369139454,20.72926870207571,2.493044832244165,-0.03743338754826764,-37.905345706055876,-1.2708693701173936,2.298832930063544,-0.18191692102439463,-4.487506346562753,-1.8148849008558485
880,14.666666666666666,57.75202304742902,-10.370732036770047,-4.120916117428382,55.99865343020238,-0.053798098451922086,-3.462833376125572,87.17006169128479,1.3077286916918478,-6.706026895816051e-05,86.04081579954936,-2.1694402290640613,0.000589063730028033,20.269147289715733,3.3448048773767556,-10.03542532225,26.086368842585003,1.5628510520171763,-18.724275755356178,7.610843990871693,-15.895012113996334,13.477543182545523,7.466973706394229,-9.011024069367403,19.07489142101218,18.880895539402385,0.006908442352320805,93.43410116799076,27.451333893087337,-0.005846401995750132,94.39907059689237,-10.272730820967023,-1.1205761575831203,-0.006503094826698129,0.4548049157196412,6.153435748688445,0.0016514248691326303,20.673111186930075,2.6637945466131954,-0.2890422430301362,-37.6699969327573,-1.0082490691842887,1.853427788653097,0.14708072268067895,-5.246315412567063,-1.799421264033707
881,14.683333333333334,57.3453747199773,-10.573846624435854,-4.335627413405777,55.65018568758375,0.008529293599518739,-3.7885908434196907,87.51780094724435,1.0609932548003222,0.00019290543603425018,86.25379193914088,-2.330851463799604,5.589751948633833e-05,20.34330228421259,3.5677834250541176,-10.2750040687749,25.780957199920152,1.2426192687834843,-18.490537973136952,7.111246294637151,-15.946237166547895,12.885446248868586,7.0147028427106894,-8.891619158981282,17.934175274725202,19.213574055078592,-0.00849740923771943,95.53702277268928,27.035867071147827,0.0059288249510449,97.62017744742944,-9.553566473105061,-1.342712042638304,-0.0045932253105872315,1.5648165636403855,5.033579271735024,-0.003321881912627989,20.362832374936026,2.5341692711501276,-0.40716964060547683,-36.562286391632355,-0.9990670736405166,1.596544447245354,0.3243448547794031,-5.900566526972315,-1.8598445229721094
882,14.7,56.96998750366525,-10.405058680079689,-4.407469682254756,55.29933142164173,-0.3829618815503133,-3.8190593633480217,87.60045432538244,1.0116057094844866,8.247893913838228e-06,86.46520201812204,-2.197814305363323,-0.00022634766923416836,20.1589222457257,3.542539947040242,-10.207379810422381,25.682414057539578,1.5418491365467486,-18.34380369277194,6.404787121513747,-15.829085540555766,12.308272837976455,6.826353046904895,-8.692886667360044,17.42476907425436,20.054511752495223,-0.004836579005412886,97.10887718630501,26.318243215407204,-0.0027111119435476523,99.4213211263427,-9.168677755907753,-0.4715882219385363,-0.0017672483761423969,2.0946686097756886,4.3411808640737135,0.0005928213439935848,20.080053623588995,2.608307650588186,-0.33395600927877234,-35.71825164541267,-1.2920539480591258,1.778147545415971,0.15980931479304009,-6.482686215558125,-1.7855318029358789
883,14.716666666666667,56.635453808496614,-10.172301205196101,-4.376132024527066,55.04561554336393,-0.7741252406969392,-3.4499206918998246,87.70420490996818,1.3032926704224013,-5.7520669151008216e-05,86.7957349886999,-2.04841510865204,0.0002292192485367123,20.023750899426304,3.4375067744538326,-10.300792233067877,25.965698258623323,1.8671896982091445,-17.968612742946565,5.933701952965555,-15.856220266165083,11.121961101794719,6.753765217977281,-8.620852731600115,17.832014430791443,20.61954740122986,0.0064135810663502844,97.46884241530528,26.043035191085995,0.002224453659004863,95.78207522135422,-9.021073060202017,-0.3109418846031437,-0.004477815092641009,1.8077867535175436,5.363031479252872,-0.00029845691162557646,19.979654736105264,3.0623803349375183,-0.13243838813825054,-35.657121483692976,-1.6196040282603226,1.5315020343809829,0.141511337976865,-7.011638713827699,-1.5116571127160385
884,14.733333333333333,56.361191245421985,-10.132160135046133,-4.664218109307031,54.84154676819045,-0.9296456530652535,-3.4324558692622094,87.89725704756442,1.1875023667041233,9.20099436809801e-05,86.92679518592679,-2.114245749535865,4.3659962473898815e-05,19.99185374644506,3.1494880657969295,-10.390472562947737,25.76600589394477,1.5347799191442584,-17.394873086638075,5.877636953701088,-15.829814646036109,9.912010797543566,6.567424786454545,-8.750578172489583,18.08447565162326,20.815441088419607,0.0013193234855647636,97.36911300385478,26.065037376390354,-0.0014663694141698244,92.35258713978241,-7.8186324164039265,0.16365896061153268,0.0033317346310324956,1.853908145193427,5.693222737248448,-0.00010036797066972474,19.962237988619524,3.2278517875097448,-0.03425354924259684,-35.63374784303875,-1.522721026096976,1.251902728284569,0.23589371312481977,-7.49401221076951,-1.4089236440672614
885,14.75,55.978279824492994,-10.128794757449665,-5.141589629111575,54.47411562357291,-1.1513153223477675,-3.5633647923065817,87.95530946440554,0.6830915120739771,-0.0002980634237668074,86.88030499513309,-1.8623393062106863,0.00010734168371670345,20.24870207437496,2.6530994457462427,-10.343925217944362,25.30905641712853,0.8087009300666801,-17.11549142619944,6.21897426969831,-15.691580956528911,10.39387494149091,6.449508719998746,-8.82722926859476,18.333325060400856,20.38580789918167,-0.009947165028365462,96.29964216996896,25.40299034752406,0.0037072902673705,92.8862880635404,-7.646596125616528,1.164753270102341,0.007412187043885993,1.9886855382646476,4.896500110407832,-0.0017868265979368984,19.97439203564815,3.017734543294666,-0.010150046542032389,-35.46841847744245,-0.9501318009371532,1.4971564594379112,0.12970493845105896,-7.998937429451234,-1.532155242068645
886,14.766666666666667,55.45377713947611,-10.125119778532072,-5.1504454682376455,53.94411578419117,-1.306306735829716,-3.043915250544113,87.943966511227,0.6633815516370397,3.07665099865483e-05,86.987752885886,-1.1381221314656802,-0.00040283477067728943,20.423502333994776,2.4030887830646868,-10.410641748791551,25.12936286777039,0.7579263573418411,-17.15824971512031,6.806606519617015,-15.554539891575807,11.375072463211122,6.530812772937065,-8.976391374529225,19.97061767209635,19.5259954957843,0.0011960454336092808,95.53811402364114,24.26642472893153,-0.0024631484187075353,92.76192148708212,-9.449749312789542,1.0522857610466105,0.00909934705998219,0.4947089397792026,4.431689729163677,-0.00021151499090488603,20.18447265557324,2.819154962041245,0.12288192346487349,-36.06495876937274,-0.9013254079481773,1.46166856952542,0.045937392709508994,-8.640807998604664,-1.6219169120363037
887,14.783333333333333,55.1303809281508,-10.05284192244575,-4.601530335288948,53.601855795980235,-1.4671740853179787,-2.886843471315749,87.96712636728216,1.2230766919098504,0.0001283223401050814,87.08576568537534,-1.0057359344824415,-8.705189033029325e-05,20.165577907523993,2.564345434322297,-10.444075874213281,24.97496839897956,1.271981790981755,-17.0868333514684,7.243314923965988,-15.503585978387289,12.034087899450025,6.539628044606469,-9.220922753898497,21.179834198238748,19.03562334355112,-0.0008483216142614419,95.2393885634441,23.66437715449381,-0.0029798337758432823,89.65097763904784,-10.94260442822629,1.352056073367552,-0.0002850210533773553,-0.14583967651491397,4.777132965797073,0.012215825166221588,20.323201803825796,2.725506184057503,0.39252410520323316,-36.842769955271194,-1.2119451357059934,0.9457367059184167,0.030810645854080075,-9.1392434512958,-1.639236178516485
888,14.8,55.0106532796268,-9.981617828268254,-4.412908565858723,53.601370379677945,-1.6905512955327644,-3.2690639860005004,87.92834178031998,1.4741687562651196,-0.00018398619310635905,87.08661174234798,-1.348000569557013,-0.00037153908156131103,19.88244394196265,2.9990901543817645,-10.43760265818265,24.619523110245435,1.469437920127241,-16.86396898823129,7.062713126021309,-15.542911394242612,11.808565490365682,6.234005888865997,-9.060655712156768,19.840709391088307,18.897060477784812,-0.005604597557953351,93.34161694524116,23.406531229880905,0.004360539084452584,89.22580230900309,-9.663182930036943,1.5774338150801435,-0.008277814667954537,1.8720748755258232,4.673064137543678,0.010366555636180339,20.086062211215392,2.857578610988667,0.5735731236607731,-36.67710990590757,-1.3308127931758464,0.6605750182220909,0.029866085425383375,-9.331266507281308,-1.5952367960756257
889,14.816666666666666,54.6257656844196,-10.172198730230463,-4.9315363804502255,53.520910622844916,-1.6424773932984462,-2.7959580795595533,87.84463726345687,1.2248579344536137,-0.00011633872239507554,87.17316516022653,-0.9860830478384021,-0.0002623158468073692,19.804889664741484,3.1408520578551733,-10.34707702083709,24.295361411965867,1.227327983611639,-16.696321961028197,6.465297537130828,-15.630290416640255,10.378143682575688,5.978016299271253,-8.613868816252888,19.01918784264591,19.061479647727925,0.0010732995737544834,92.285170911019,22.556181659627256,0.004483363717079733,92.3261682942273,-6.968087937481035,0.5481667882916271,-0.0034919855055111984,2.0488032584610756,3.561660371117089,0.00674672374176075,19.885881065351935,3.1868555830524774,0.431721101370232,-36.37587276964611,-1.888713613595494,0.6214736221111272,0.23123983509215548,-9.64971393272193,-1.4472744589763011
890,14.833333333333334,54.391535745668726,-10.221130848073713,-4.984654205552425,53.36147953942181,-1.6858924615554287,-2.6826172532030963,87.79797411794141,1.2001725509344046,0.00018935652200915946,87.13104446526842,-0.7967450089530891,-7.862638485404467e-05,19.799135227562864,3.1827569265468365,-10.238196318131749,24.125744947366034,1.0868054021127407,-16.722925939576044,6.098015285037166,-15.841493614103529,10.854174800212656,5.77844676669956,-8.508898754974956,19.97290220838358,19.596614465391283,-0.00021135151544507904,93.71424678751963,21.796434382858546,-0.006136716164009619,91.94302165602674,-6.7055462511514055,0.46936593650828734,0.006877453211886521,-0.025765413144981264,3.7368364541596897,-0.011538681214844831,19.72267732936493,3.2416354698412233,0.327669735807979,-36.38307105839237,-2.179438134938438,0.3651366660800084,0.2282126060870626,-9.900944309056088,-1.4189349310175359
891,14.85,54.56160023723262,-9.923569294104807,-4.59866599862882,53.32726834419925,-2.04391813601297,-3.767166454272926,87.72946636351527,1.1519065260064403,-0.0002935768558166563,86.92305602418092,-1.4518795514883212,-8.421647726133772e-05,19.781166336595223,3.7421124270364126,-10.43575668180405,23.958746145090473,1.6672323609277238,-16.879247067775516,6.078745046056155,-15.882742655115406,13.045046723864273,5.028576319028669,-8.681933960766873,19.584687643680134,19.714085111168078,0.005862925200302663,96.7236784403858,22.482820667395195,0.0026946293115500826,89.40426368569929,-8.66655934268049,1.6807855654062613,-0.0016793116273422699,0.2505268667726239,5.066590404815738,0.014399072247267747,19.384182359481656,2.987656026827481,0.39881271643383553,-36.29122677667544,-1.591018215997405,0.18161453095723434,-0.16171561917005445,-9.853999362467814,-1.6278791825608914
892,14.866666666666667,54.270747005660475,-9.824070248655945,-4.926798916340694,52.94371175341729,-2.2362692472666192,-4.416086152662515,87.69032351476906,0.6490444666589813,-6.252381393149731e-05,86.90033155592899,-1.9468011174069222,0.00030062484187786884,19.78822588764767,3.980950884046176,-10.45195954628101,23.99644804015153,2.2195171520133647,-16.751796171942853,5.952467725508006,-15.718054556749205,13.405928234066069,4.363755950875797,-8.590707565751007,18.04776608423178,19.067165124902484,-0.006919120895407421,98.13379829923387,22.854326093263403,-0.01871300836849621,89.46010623980159,-9.459153563434228,1.7832327889318407,-0.00607342853818806,2.6454817371533736,4.927472993490442,-0.017638432137533355,19.29057856559117,2.951251942960399,0.4995815758214051,-36.089621462734485,-1.3770840740102221,0.49276956277493345,-0.3299733227898235,-10.189499774721895,-1.7268641662866284
893,14.883333333333333,53.623550354345156,-10.04316170906527,-5.558159339106435,52.3357676291872,-2.15331666569806,-4.084342556581552,87.74852718531224,0.27393591664786465,2.3668266276036642e-05,86.95756308260046,-1.6947698193049054,-0.000128048898862674,19.78788625224192,3.8532072907677835,-10.2726734148627,24.20129897698762,1.1967835331316403,-16.342986565899007,5.671520530429857,-15.911190326229532,12.829919780006978,4.371900980430991,-8.236977326291607,17.796342239455484,18.822798680786065,-0.006097795589786474,96.28998659893279,21.429311833213767,-0.0004740777387144448,90.99292842608158,-8.584748412943805,1.0396783859463523,-0.00742569726894718,1.7383516385753583,4.632175297917129,0.005514110901150108,19.512099116738234,3.2237966593846585,0.5347481724309805,-35.65024314160067,-1.663874534245262,0.8782271833729102,-0.11520571756333851,-10.82435622506863,-1.6172488454877505
894,14.9,53.388457312777334,-10.139561599953907,-5.550521608667358,52.166424217034624,-2.096856157330127,-3.4974460400258605,87.70409797353427,0.4498894038395227,3.1644923841555956e-06,86.88487966433269,-1.1055512968781627,4.087020484886831e-05,19.703561514979686,3.870913295041583,-10.489100085658976,24.191004027994964,0.2884984022525845,-16.234585246739194,5.520363607258775,-16.00179948004033,12.411014184095146,4.204341819137799,-8.124213936180249,18.44843760883974,19.312235541161236,-0.001423860052598852,96.05199191780359,20.37798360420035,0.014322176757204453,91.71087379331713,-8.13095065131866,1.1914982577454944,0.0027301879270057367,-1.607907001579454,4.219400383752915,0.07423558129385084,19.55722748718915,3.364023224771452,0.27908802121043297,-35.27834194730478,-1.6024314706697247,0.8297519006340504,0.07186612074876436,-11.026956957084487,-1.5545607493001619
895,14.916666666666666,53.49859467664914,-9.790884380244584,-5.099952110339837,52.32617860560831,-2.3471619203560676,-3.3007028860464076,87.5446531282152,0.9048576723197592,-0.00012418125309445613,86.91507321763785,-1.0222185074830374,0.0001398652462530386,19.58995660538421,3.4496610642266425,-10.62200210587407,24.18210746435978,1.4454923839372087,-16.539039902934608,5.2945315874760706,-15.513265915052273,11.056456366266067,3.944233493112049,-8.236681751667424,19.666295070591218,19.254680486533495,0.0025769807695384212,97.07621738983254,19.76786941949968,-0.02518337181755123,88.5789063084834,-7.959407062584214,0.8915373220733273,-0.0025625596456127202,-0.02969150395093007,-1.5926858599117824,-0.13490934225501258,19.233891837503112,3.259206690187456,0.49769946538042653,-35.235929621735735,-1.5183929460961516,0.5084418568458041,-0.09655124443252303,-10.89284674238985,-1.4938331947534655
896,14.933333333333334,53.51834752068264,-9.487839272975203,-5.2590273970035195,52.350493756892966,-2.562349488586283,-3.3273134117227094,87.50363541200834,0.7481277308888096,0.00021286259769940882,87.03413814854996,-1.225857072226165,-4.219219080591625e-05,19.558807700774445,3.1373544675956495,-10.482769853478937,24.172755940832484,2.2783379988136696,-16.68523721225035,5.006196058784098,-15.191787352115456,10.717424988254963,3.8427111335016124,-8.183314857071704,20.820881648349577,18.667136802396378,-0.002310835356732619,94.96436550227632,18.512525456018302,-0.004724448763011498,86.73847978684516,-7.56594747985466,-0.153468839670661,-0.0021011544538433393,2.714570343546845,-7.181134926360881,-0.07185049451641964,18.981727174507014,3.1965415965353365,1.187927502385541,-35.215266780197844,-1.7055596262902664,0.6517506243789065,-0.292071259456226,-10.912917267651554,-1.404634800009237
897,14.95,53.05476008229691,-9.739602446739548,-5.7491004189048605,51.83710708520251,-2.319011625870966,-3.0512782837492107,87.57100364272543,0.19201868197022523,0.0005198391803237794,86.90066165078039,-0.855445777335339,0.0004379978807471586,19.634059702445825,3.350568153972372,-10.510718939865928,23.928377419456357,1.507051870855605,-16.436437462458272,5.107795130252136,-15.275082381923994,12.263412861876233,3.4660991342579432,-8.17028256613588,20.773346629079363,18.49192452683834,0.0020064548524284507,91.82021258322746,18.4626328482751,-0.009761792504060071,91.85664480039436,-7.335345575903734,0.14676718916352105,0.0014153464275532272,1.0209793265562144,-3.5649225150011943,-0.06283003189257681,19.312268704014965,3.1418331848359293,1.0081185156895194,-35.208987038829,-1.4686434913956992,1.2360937260545344,-0.15982140739762535,-11.402743595103368,-1.5320439799778296
898,14.966666666666667,52.72301550258906,-10.108132712899385,-5.165130585932297,51.356738167016765,-1.9715075343104995,-2.655355076167349,87.65687072740751,0.6326729960674563,-0.0004271815631180176,86.69153870677108,-0.23285101921093135,-0.0003036636180992131,19.73601885410242,3.1918737156891845,-10.572782571305806,23.91320903055626,1.1261868105825166,-16.34805731456052,5.279219087434394,-15.383662802411568,13.378269004484666,2.940159688422598,-8.276276837109883,21.06762586982975,18.570146367750333,-0.0029417272714863,90.05635069920463,19.35394239085939,0.014884895359804225,95.110963057823,-7.093279637171282,0.7736515779799122,-0.002118401640132069,0.07013140634076712,-0.761714617138355,0.025203689902100535,19.531423639641375,2.9953299242185127,0.33691455045490737,-35.11242778895451,-1.0821480929888379,1.1349064823205355,0.04038493485526307,-11.800727783246389,-1.7743541271292258
899,14.983333333333333,52.98218331470953,-10.24216899253001,-4.693100659652531,51.61059336616103,-1.8067133917852494,-2.6135250568319015,87.75125743378308,1.10224273941434,-0.00022133354909736221,86.7901798487044,-0.21388710851995366,7.744689186236406e-05,19.75915264775158,3.140851035248537,-10.551151662045143,23.97116696093169,1.4439112481502028,-16.699425947480666,5.214941055536278,-15.342647068136484,14.061202095416878,2.5332673087402613,-8.159033791480505,21.695449589199296,18.34877160315865,0.002494199166093996,90.3716379630904,18.90335222420401,-0.009037757416333293,92.31771825787891,-8.253496593645343,0.16032760936273666,-0.0006740154210661672,-0.011596147050811832,-3.7678301122746127,0.007027076649726245,19.18246095513889,3.0053850063602563,0.04511917658026615,-34.855630063526874,-1.416187925823871,0.33391125444769065,0.21316092474182732,-11.651936294109106,-1.7894370203925052
900,15.0,53.00892395303192,-10.2369797586594,-5.5878164725456,51.83481154005232,-1.791802797703677,-2.9618849498370183,87.78671276157861,0.41223068114966516,-4.7170091994620666e-05,86.98395902601071,-0.7772367555043554,0.0001901016696115974,19.76138294076319,3.588599481197708,-10.611555003900278,23.83684006962862,1.7530279916916727,-17.027439894216403,5.312672639972527,-15.16258288985081,14.019341542995512,2.6915488196774904,-7.812653791530666,21.57806535940333,17.887933913785137,0.004475590606496302,93.11284574589797,17.92857827348692,-0.0023660763474383593,91.35083932767743,-9.16813223288519,-0.08108877585233072,-0.0027264383512943966,-1.1462171883805505,-3.050158689497783,0.004094462680559949,19.02200487798324,3.235923294171895,-0.08554153763441585,-34.81013260948111,-1.7627498908080474,-0.08035159724386724,0.368053304397192,-11.560476691124258,-1.62195904072037
901,15.016666666666667,53.07889257978259,-10.240345348782084,-6.03119376690671,51.913619918526905,-1.7725078339180351,-3.308465232715738,87.81502759932819,0.02797961224198961,-8.12630166267967e-05,86.9882398895852,-1.2211136800550058,-0.00019030779519022697,19.8976083990509,3.645040418015157,-10.772182784764535,23.913434368111684,2.1628498396340565,-16.96150495796718,5.512448112763428,-15.113815763131194,13.581926466741765,2.905280602578125,-7.777089432377138,21.62348821649371,17.662615590211473,-0.0024948794345410977,94.74180453217002,17.96722620233203,-0.0029634896252092656,93.67315899208212,-7.749743895238774,0.966987768284469,0.0023827587552772687,-0.49671046623717474,-1.4807908572391315,0.019733246594956073,18.845704371338012,3.2737135920085128,-0.1526270472290485,-34.86535255137069,-1.4561243359724005,0.1352318882145674,0.44820034189648356,-11.420095045326145,-1.6024873243901814
902,15.033333333333333,53.48387245301478,-10.216980281946382,-5.716955005094144,52.21654631129323,-1.7392744427827882,-3.353796340199383,87.87338556504979,0.10535871324215759,-0.00012522437780041954,86.93759697209526,-1.1603409621634002,-3.8230437958839006e-05,20.006819714005264,3.4939259898578485,-10.89190550147532,23.79087425372179,2.098319916665442,-16.709618717381048,5.472312585453159,-14.994286942492353,14.179846052034161,2.201956238525753,-8.230394314230994,21.86468643379257,17.65990834868254,-0.0011260071921241213,93.71498797242869,18.205020320110275,0.000970407556677267,93.62568935746896,-7.529701789413733,1.3926600578727486,-0.0009842255390166146,0.4687322582838068,-5.072514585872746,0.0009624641313109256,18.452613414936664,3.008447826799268,-0.12198217033033491,-34.82090253729714,-1.1433831854383585,0.5147955764180382,0.4572928276119317,-11.121116696753854,-1.7312792528112562
903,15.05,53.37687429609649,-10.082701468003217,-5.785071933675977,52.17672544523751,-1.8648033321034776,-2.9926283039791746,87.8364472341238,-0.047501668108271555,-8.525371234336419e-05,86.88590615358564,-0.687202755109698,0.00015770063601694949,19.941125454980078,3.426053418700502,-10.828298062919279,23.37808539218511,1.5046029153284979,-16.6167495839568,5.325807803356898,-14.674285712168139,13.683716171950824,1.6035295921423294,-8.497679856177346,22.197176325095636,17.400560041718087,0.0014991610662009546,93.7659648309949,17.703311191878928,0.0027355997013969457,91.83759818043008,-8.293444216139735,0.2068224932952689,-0.0016546021451836791,0.5164482354801824,-8.848205177366111,0.0031618912098065636,18.526385578702612,2.9083162530001405,0.004260554291691741,-34.97840149872779,-1.3066263253972186,0.5118773132467445,0.4016338900420469,-11.24782957684297,-1.7434232362612778
904,15.066666666666666,53.01055995475554,-9.957542815501375,-5.4913413178421955,51.862091101495295,-2.0041795689926327,-2.6992716338669496,87.74959255888918,0.3939681608736558,0.00016253279673492907,86.82642545642965,-0.39629600311354496,0.0001792069783315509,19.905284849035002,3.2068651208996384,-10.694404464248958,23.435775423796482,1.2597390550104377,-16.807547451612482,5.335928144110705,-14.74156487709425,12.155433512750468,1.9350777661125955,-8.218028661835477,22.51934374334274,17.00115869192381,0.0008123312219768462,96.00173240043857,17.15886441919086,0.004403070293800718,91.24301855488639,-7.201366521556526,-0.6010814620383775,-0.0012708523775539849,0.9851529818611915,-9.29286021786509,0.010941262513513843,18.920019811943778,3.1271203932840415,0.2869861502698076,-35.257952142434235,-1.5409905891036504,0.0885482020068689,0.3032461810533821,-11.546106258617636,-1.6520117729125579
905,15.083333333333334,52.94597289187014,-9.855714596137913,-4.818006714452075,51.7548261001096,-1.9977003411340613,-2.87104332051388,87.73294646160137,1.0829232318047433,-4.22204313834884e-06,86.86377489570359,-0.6129008999325188,0.0001491217632079888,20.024521150807757,3.1965266907709524,-10.714207598547022,23.65561578177772,1.3976115477486728,-17.12185053008589,5.30926030737511,-15.02409609318877,11.848675837431855,2.125659383902454,-7.920512178084236,21.509190515811216,16.984710065839057,0.0006762763380165183,96.29097123292557,16.999766471320346,0.00041571740548114065,91.16485450998765,-6.5949874618931235,-0.2936798005294815,0.002548238612579557,0.6769921979671494,-7.167537177460594,-0.02572976115171739,19.11576255435864,3.311312679841675,0.4210910754917856,-35.28999749744717,-1.529000789376138,-0.07684210845049459,0.1817425611540413,-11.620602114041235,-1.5818849242847328
906,15.1,52.91305647799873,-9.921836008443611,-4.923917990569011,51.7644883480032,-1.9019539826883682,-2.9697564385207373,87.70107289224305,1.0008433060980215,-0.00011332811209732395,86.8905980331146,-0.8033467617804532,-0.0001177690922285037,20.069159182691784,3.4644219785215293,-10.815780241675897,23.566541243898676,1.681981852256464,-17.075006296025585,5.121013210809398,-15.02519840647484,13.055079610028832,1.8653967708869468,-8.001838715544505,20.298981273973606,16.969153349694338,-0.0008901565077883297,94.53449808435236,16.678728017727764,0.0012668631967451538,92.43531688808359,-7.674990407298049,0.02131511121932304,-0.0001723256697019863,-0.14344993002247242,-4.000749083076104,-0.013964298000337856,19.03005989352642,3.245613931014519,0.22163094818209247,-35.012678473579975,-1.690426487625076,0.007466909724413958,0.24310944292768918,-11.598841797579798,-1.5685696607578496
907,15.116666666666667,52.95687130965092,-10.045899094073484,-5.4049737833735945,51.77118070612353,-1.8814464420949661,-3.19573616766172,87.61878329877679,0.5258388610820378,-7.196415984167694e-05,86.83785574305061,-1.0467092105136122,7.271129260004154e-05,19.802329480711105,3.769493843990069,-10.876668529169072,23.92452796786234,2.0829791202752665,-16.80287474841845,5.098598362339244,-15.023840191485892,14.631130414662879,2.2099972929760283,-7.975403412541901,21.50003776074225,16.563789720101404,-0.0012008725426967876,94.1456598447141,16.79646869733122,0.0027117502739131684,93.51533156528964,-7.865505346657578,0.6821992958006069,0.002219438697872149,-0.2620380542235691,-0.5017273263136677,0.007453676883713538,18.859139998153793,3.0650832669966857,0.32229830022664485,-34.72093313168284,-1.95099220136169,-0.009913072920903659,0.3196775650292604,-11.479034970797674,-1.6636949209296563
908,15.133333333333333,53.033802249275624,-9.99111384935265,-5.5144011708317855,51.707882518660945,-1.94144516141013,-3.4695357648457383,87.66030713395344,0.2634033282386038,8.427369693491795e-05,86.84258397755423,-1.1564484906558299,0.00027698100578584043,19.7871497808656,3.671817542520644,-10.893804498935868,24.48178802232381,1.9755002064351705,-16.820689825049435,5.155174348294465,-15.073907074859857,14.499967005108935,2.7562531280282028,-7.851109328039691,22.990415146715094,16.392826757469354,0.005647595173776028,91.7212807348852,17.22550283432613,0.004559398995711097,91.39618119459402,-8.14700081950505,0.6861094552256967,0.025248732836135872,0.4541707376178413,-1.0770051452190745,-0.04747300554661746,18.99548110126652,2.9585963190481857,0.6539886610478386,-34.65429031018226,-1.8988276029057947,-0.03961042314976481,0.218170816637826,-11.436232013169125,-1.7778359528776053
909,15.15,52.98360410124778,-9.944878463199629,-5.630000300342857,51.74123309590084,-1.9882729900566896,-2.9340576747616134,87.81225325971084,0.2570959588049237,-0.00011140089976393993,86.93657454415114,-0.6162694123470115,-4.9433033782293795e-05,20.17026717872099,3.126138720258063,-10.883262509317596,24.14233763520173,1.5469252589064348,-16.909280742598927,4.978273488833184,-15.016001533320736,13.85211930189482,2.7893191992360356,-8.10294387610058,22.899271289890564,16.609389118307174,0.0016593499523682403,89.56489699339463,16.990519505739254,0.0026436518167752437,88.19965295037711,-9.968887235448499,-0.2840377132135906,0.022525175558823322,1.8280279377687882,-5.226999252337712,-0.021779612585139156,19.29364131407644,2.9773572748108146,0.6114649018597912,-34.67306615234991,-1.7474138980270497,-0.18940012393830072,0.22752671866713178,-11.498756613064028,-1.6981213816626293
910,15.166666666666666,53.08971688428257,-9.836731100697301,-5.560369419266589,51.955864888384376,-2.1800268745641107,-2.7248105543817127,87.82385219576365,0.5181922752490765,0.00011087047217774183,86.97906968967168,-0.55138269909154,-0.00014539889064020601,20.079533577088196,3.2006103086956803,-10.845781428662754,23.751568697469505,1.7034257421819663,-16.737290036098564,4.76862167259738,-14.824922798362026,13.725863617465038,2.9676294921878466,-8.132874285551718,23.19289569738743,16.9275810629654,-0.004568499752970993,94.07433779316507,17.529687110113926,-0.02104406247841379,88.29140336018149,-10.312781568633744,0.39190762524734185,0.0023028641711492206,1.1846517624070485,-2.5447543331066305,-0.05628924585903303,19.452684801031108,2.984473144259294,0.6206468506152234,-34.86852363819722,-1.6052364114241175,-0.31674566094354056,0.22422227179433846,-11.370178525569177,-1.5392301639271353
911,15.183333333333334,53.17240841773894,-9.87152581061999,-5.108838887740719,52.02760668176454,-2.2474927133330938,-3.1143235244423755,87.73147413573787,0.8789903100264479,1.440502059685233e-05,86.92215426652493,-0.862501374048702,-0.00016924428530786913,19.852498251538975,3.7974978200479415,-10.64555067928037,23.968939504252937,1.627934113253839,-16.4603096755266,4.760367861018236,-14.652020448314707,13.350182735302482,3.0489666354984455,-8.092541889601478,23.750628548841938,17.098417201885713,0.004911669954904607,95.84697853267407,18.519825775931086,-0.01984540034324614,90.49908555434878,-9.526043899605401,0.9710012895478304,-0.0008097595274299979,-0.6396041860008844,0.66986879940706,-0.03357547315619616,19.682765471331297,2.8683254506229767,0.6705575584850222,-35.318570192195246,-1.4839431868376038,-0.10792049348140438,0.2625120653681455,-11.255219449304391,-1.5657196496903891
912,15.2,53.39558705047096,-10.177790724801127,-5.07511600159368,52.35508191110116,-1.9399979712022133,-2.58161023925243,87.75470109154753,0.8602191125970281,4.4646842976041705e-05,86.95756776207124,-0.36380103095923394,-0.00023463305930509064,19.980247074552494,4.236393883641488,-10.479603154428741,24.011864253250074,1.3891977229407488,-16.54669138011423,5.023268774250666,-14.7818867741544,14.04006579070376,2.993401178172458,-8.382308483320745,24.297783724791703,16.645763579741878,-0.0034142235968369103,91.6201963915184,18.492441630762418,0.004295605483172604,89.93051266751124,-9.725184621190435,-0.5561129056737198,0.0032388390162269016,-0.555863095721262,-2.037567894444351,-0.05360063037606747,19.65981567770898,2.8206965609614714,0.3959190778193049,-35.44054078047091,-1.3181415918966688,0.4730757793181925,0.5093958941294202,-10.997176164010908,-1.6029519457708075
913,15.216666666666667,53.91479698780798,-10.163743497027616,-5.079640688722438,52.94834133569018,-1.7532494277079433,-2.304683270675333,87.84337332539168,0.8256315511946691,-2.94912197756117e-05,87.05844703132098,-0.37986824531037,1.915834601913661e-05,19.968779963087222,4.347766798186728,-10.602841616024017,23.813796693503487,2.1433933315795564,-16.77113043403246,5.369877482236065,-14.8670089246187,14.487498015059819,3.2976824627754318,-8.365495735548178,24.64719629493752,16.300429945816447,-0.0038368067710937855,91.08625623001055,18.65680037990965,0.008411733313014156,90.20435009547862,-9.80943080365389,-1.1265630861790155,-0.0011290089960273278,-1.1785292030450991,-0.5566624140545295,-0.03473775588081582,19.462529754107067,2.811108183361288,0.27328581145197883,-35.21158379317278,-1.0351443494487476,0.8726582543587456,0.5292351421173013,-10.513628124525143,-1.5631095464795381
914,15.233333333333333,53.75199929581449,-10.043163799810866,-4.584795101674981,52.76148866693808,-1.7554320299957562,-3.0587038847914836,87.87511506756339,1.3016298649871234,4.583039198280208e-05,87.02532200549463,-1.2212616324823808,-0.0002653756729510118,19.886614081225314,3.647737889474111,-10.718645231283963,23.716083264718158,2.2906724109070633,-16.55557266739816,5.414124691300387,-14.89605593512431,13.13924537006695,3.452389180430644,-8.251372197620801,23.568659918599355,16.936506881935234,0.001494413142861741,90.89236458942217,18.470744415140867,-0.0021910533460945073,92.87882794070771,-9.10155935668384,-0.4288177552775575,-0.0014406935596493438,-2.285163092191336,1.170530106241404,0.05104029323175925,20.090523770866902,2.739525505861014,0.39473261417008687,-35.4552145144701,-1.1474781570327954,0.6349720880111827,0.46985914989102867,-10.682416652397459,-1.5976495308899983
915,15.25,53.258208465265284,-10.136674184187088,-4.675711665323732,52.32107965694174,-1.6753154322345023,-2.876748783640179,87.84449664422378,1.3865209281647546,-4.392968268996774e-05,86.97613940500491,-1.0535420261504913,4.160168847670033e-05,19.68688422936714,3.3356512126244953,-10.725378815143088,23.71564445506201,1.2838752985481858,-16.423139073986146,5.465914579110014,-15.252282378785077,12.880067040613461,3.3152473042216797,-8.402345849328373,22.48134868441058,17.457481942601643,-0.003131796784990346,88.24441314502113,17.97072630791746,-0.0045176364842298726,90.65501788794641,-8.860322026636231,-0.6540996185148963,0.002082242843485158,-0.40519014691884436,-3.5221352213372725,-0.045430373360785745,21.066751263610968,2.943203072514447,0.45014997258145484,-36.28260105580185,-1.6292880590603527,0.4108475569296502,0.6247165521517767,-11.100319927753665,-1.499002496398692
916,15.266666666666667,53.71010712593547,-9.878762256809676,-5.306614660568036,52.79233379053756,-1.7404182883386858,-2.2880240344784744,87.76262951183776,0.7046481360387759,-0.00023268079132525917,87.03891548896198,-0.6011351320626839,0.0002015337584407876,19.436532516168757,3.970541135944435,-10.835946525470193,23.818864343025055,1.3612831777099446,-16.77712143660725,5.977223702596594,-15.609502962207799,15.32207196791779,3.246321128762145,-8.586896169349478,22.532924513064565,16.94287361053387,0.0023625696158059814,88.40386979419364,18.759643299940144,0.003946533856998896,86.82086082117388,-9.670714547070792,-1.2294418695554983,0.002023520633948924,1.0413832535180811,-6.23254981508605,-0.0576486333184678,21.202055042754345,3.22284604619604,0.599450186132367,-36.769580134486446,-1.9123619484345036,0.277336040629012,0.5818493355648268,-10.621727418655277,-1.2916202446189593
917,15.283333333333333,54.47079048247838,-9.5328823214007,-5.27068130728059,53.47883636593618,-1.8501830175591023,-3.0424886441679257,87.65378758817315,0.4697388829448958,0.0003315486149631419,87.09268687636381,-1.3798086130726976,0.00019841973074095757,19.59324740048504,4.122868910344827,-10.996616810594986,24.00613680154489,2.188977481236095,-17.07998497103747,6.43162847959601,-15.737587855420399,17.23534231420324,3.7134733676796,-8.71851235041373,21.99618348968336,16.452631260846363,0.006030541430773571,88.23436689242425,19.166306616385686,0.0034906698525207737,89.01045686028854,-8.481334938589567,-1.2466070773405222,-0.002085192198963459,0.4585551291532294,-3.8531298935770244,-0.03306396071900842,21.066879729363635,3.158543506962805,0.8302317913325704,-36.70527235702037,-2.031173774798204,0.35348093897662686,0.40397302480715563,-9.875068797380655,-1.2890729505755538
918,15.3,54.736074025169515,-9.791601041510509,-4.79442121723138,53.83586623021032,-1.5502263756267605,-3.517679418417565,87.62704474451687,0.9863977145779474,0.00011835716677035906,87.14624251285154,-1.9151871443437842,-0.0003931546189273197,19.717720019380995,4.361698562257953,-11.010005173594205,23.94736448398037,2.026384462443621,-17.1284482264158,6.388026024812954,-15.528701826551677,15.456647530697792,4.6720328920690015,-8.670055098829309,20.94293442961253,16.92895526257212,-0.007959930173567288,88.59584344621624,18.677223528970284,-0.0009333456051652723,91.69460871201683,-7.093377829427118,-1.5378114276430208,0.00510278586935072,0.5804099868682258,-2.576892763124116,0.023337625775103923,21.497860417122332,3.166500451706914,0.643154841945386,-37.04040913344513,-1.7263263146174752,1.1773136743640893,0.5337314604928635,-9.602385157816418,-1.333271750931819
919,15.316666666666666,55.150500290712884,-10.162108446247451,-4.560747538620747,54.419879855220984,-1.055985093300579,-2.2647772082635806,87.71615979453193,1.3413059116485464,4.035134744632377e-06,87.25418211196323,-0.937928294997521,-8.060035605482825e-05,19.56715239039655,4.8493298234611375,-10.777882579445354,23.702460974495043,1.7290834130778538,-17.162407015464254,6.381273841552744,-15.084440776586918,13.804319368976065,5.306744534585989,-8.594496252773556,21.91295805742295,17.668724574227063,-0.002140461626267537,92.53845701617551,19.129436302492042,0.01146391495376108,89.13245357560008,-10.096660722097493,-1.6836263029228944,-0.011893349089694336,-0.929427988925254,-2.6381435850528296,-0.007627501870744565,21.849791951708475,3.3091381024376885,0.13686165064861697,-37.7085457228448,-1.1020344468972165,1.3675896473832734,0.7341901329601374,-9.21932673933391,-1.285591497433585
920,15.333333333333334,55.92008871185634,-10.038140582174236,-4.609998681537976,55.10835498273827,-0.8991123641954137,-1.4494781170274336,87.74204430612602,1.1455856938516447,-9.009615133549128e-05,87.18694214365941,-0.2553656585629069,2.825972463855584e-06,19.499206883949498,4.245039756660197,-10.597185284280313,23.726725491974815,1.8396912445386129,-17.22189143561127,6.687531666000704,-15.011900074515372,14.84221007020962,5.613030599102382,-8.554272476749318,22.52297739823933,18.107027114212332,0.006719929391858371,95.2926423629388,20.045467090508183,-0.002251602324903875,87.69088592859315,-11.907466090731784,-0.007019596515199276,0.015820605015237965,-2.6718807376843374,-2.2492834727751427,-0.016651190082187566,21.819861167251172,3.125219446411889,0.057657770238616825,-38.17251761593193,-1.2709021033202315,0.5747457691550804,0.682671000338138,-8.481131932137592,-1.33857215900933
921,15.35,56.693006466201496,-9.72752120355695,-4.534671676687188,55.71267369734436,-1.070151136816683,-2.348494930733435,87.72291153807265,0.976719859421198,-0.0002120706145909257,87.02795770416681,-0.8896234933988559,-0.0004485661433353877,19.530723681419676,3.688967275660022,-10.878331696765585,23.729331188886263,1.3867317007002058,-17.31973990623295,6.943258262179012,-15.142471368904152,14.857777541847478,5.916136775989478,-8.358115066013802,19.82253606861137,18.485538118362992,-0.0064737954599798815,96.20876424219755,20.849228185699847,-0.0060736269644047535,90.61632888375675,-10.11920534201484,1.556323648901239,0.014138307321497116,-1.0115398984711628,-2.6463791418621234,0.012714536022790112,21.932286222395295,2.8285106785573224,0.4653211066166742,-38.94243424944492,-1.7263754139453105,0.5210001395223687,0.5337726359947691,-7.732484340707305,-1.4448439082732893
922,15.366666666666667,57.383528442581856,-9.586714948563067,-4.208028290994044,56.363106607824655,-1.2593684759375081,-3.089686941396933,87.77845464805263,1.1833198735158676,-0.00021409381331659704,87.10525515162794,-1.4314848046176423,0.0003371805420967156,19.58470583916483,4.384260256968255,-11.09823898925201,23.656033691100095,1.1539163874325697,-17.55745106224499,7.144215526023385,-15.38260560670889,14.679485822731683,6.072879591021049,-8.38410283474319,18.446793520526978,18.730000405631856,0.007690819640607871,93.49946589456489,22.013586557956373,0.010911850769753387,91.38291115920711,-9.685150198059594,0.7123583623232218,-0.0033730942539330127,-0.9324143230580341,-1.1406574331253745,-0.027848037528547042,22.136121979800727,2.688329060944434,0.7735774672648802,-40.1671873038455,-1.6105732958103915,1.0229355511405185,0.396283198043014,-7.094088874958632,-1.4162583349871372
923,15.383333333333333,57.65478674007923,-9.713085790362436,-4.491478965014472,56.62766309900733,-1.1176417609229166,-3.20649910052407,87.82290062110437,0.981927646757959,0.00020094976869803187,87.19197869615553,-1.7475483632337385,-0.00026272212849604666,19.711268989609348,4.7340199965025125,-10.71135771317494,23.93660633173742,1.521201596835562,-17.894239986406003,7.579509458384132,-15.56543557658706,15.81837208770402,6.293902153716544,-8.733203759660585,19.99146882369321,18.769809041245697,0.012017010167175143,88.92999194959621,22.613370007582333,5.369686330249208e-05,89.04361519786829,-9.215731253502216,0.022237317284121944,0.003680785522383047,-3.4625663452851603,0.7562536293086043,-0.0255583619306533,22.52015067465753,2.545579603828071,0.6186519065231181,-41.26298603780361,-1.8930420569537245,1.250335187536827,0.3575182449110037,-6.7471525407230715,-1.3753191720499873
924,15.4,57.750499034399326,-9.827481452254673,-5.057207999687501,56.68651757774662,-0.8775663671716574,-3.451700675309199,87.8697358813413,0.5000977099252074,0.00013321414805500184,87.1747792929593,-2.188966727710605,-0.00020214669944969795,19.794858802533465,4.061776774636588,-10.435743409771312,24.263804401297243,1.7086910395445718,-18.136494137928747,7.835867167018622,-15.180930731581988,15.688435253904451,6.751234710395144,-8.90162248642179,20.390269715709575,19.008441242503345,0.0011481421355001905,89.6929108176752,22.921195639642832,-0.008012634757509648,88.680325404456,-8.299162353568386,0.5042754921499504,0.008038862873453118,-3.096609187407845,1.379641850725933,0.025112163560503158,23.168149053588333,2.5356844447053235,0.3417435502458489,-41.92842237940372,-2.39735797160761,1.5707952608335065,0.4119068228975247,-6.519408281334973,-1.380899803350934
925,15.416666666666666,58.5097411682308,-9.773615559997015,-4.824250655240113,57.28996517739768,-0.9616483883133676,-3.2062225854401665,87.98954563759398,0.6180158317532546,-0.00014644387023293745,87.24841652928934,-1.9324582254661182,8.424253539953744e-06,19.749130633903594,3.8379950865240398,-10.543273389421481,24.634631230770562,2.313194515250283,-18.17418727241666,7.668904522103042,-15.010419875041721,15.062002876877623,7.140411552347144,-8.9973903970157,20.43259757880025,19.52491919387457,0.006977082154470622,91.17344550803506,24.613271325161517,-0.002110869235133952,89.59120564482316,-8.592613125847718,0.25699274206916717,0.005780674151595855,-1.7535169053570692,6.338644834121299,-0.008129125284159404,23.289343422611424,2.6600044849021156,0.24310548799938236,-42.26633071390112,-2.19455574722271,1.7289478267563039,0.38333610034283494,-5.787336419534611,-1.377300976783653
926,15.433333333333334,59.57079173502463,-9.937380846143917,-4.632257027083989,58.23491715013846,-0.9123544603675828,-2.7382271930839255,88.10828675381035,0.7626879324561086,0.00014131087374796803,87.2615435566662,-1.4276399206908024,1.75583198902785e-05,19.859735488383475,3.977932698124295,-10.444533007030591,24.97713454085919,2.32593936153657,-18.14373068106582,7.716764169360512,-15.312612282549612,15.47463193724541,7.2941563635626,-9.223773912387625,21.51249788166354,19.564326435260387,-0.0010763443880235295,90.3041920740833,26.39649280273425,0.006549120779622582,88.42393410518706,-7.99449696667146,0.06331463201909776,0.0020305237618740203,-2.673933545091393,11.189576635667471,-0.013960109629311183,22.79399690386906,2.618496286898713,-0.07776432847729085,-42.51021819825971,-1.8821447515216396,1.753587184557929,0.43243705306682245,-4.6586939914429255,-1.4285463370125655
927,15.45,60.0097073148545,-10.194416080610416,-5.167422410561551,58.79440260878335,-0.6286775506838804,-2.5926594983597897,88.05593051923537,0.5731329199918739,-4.1584854093382384e-05,87.06153233314419,-1.379054814141012,0.00023170907545339313,20.062452843794308,3.236494408422628,-10.324154902545205,24.779687251249985,1.2031365432889514,-18.182620967898952,8.095970209748398,-15.092385710182219,15.276260270274516,7.377025698258491,-9.238414799644497,21.132947239291788,18.978806957176744,-0.0009215830400258493,91.56735784619465,26.55732134510513,-0.003994906947143043,86.81561513824839,-7.483683805913281,0.2485219028502807,-0.0027699575540899345,-2.616483192991167,9.560163092136406,0.0019133878333627572,22.645084421671275,2.6325799054312062,-0.4407499252512838,-42.75203592257312,-1.69866108876626,2.465030947726691,0.6359870377058563,-3.861317825167005,-1.3573364250054454
928,15.466666666666667,60.13685194318581,-10.29088439359581,-5.354912090425615,58.7775850585569,-0.48019720989598474,-2.601661897442233,87.79373981714012,0.5993868016210891,-0.0002261599406962606,86.67832324697152,-1.4730823079960949,-0.0001700460445318044,20.087384601132694,2.553024084703036,-10.406193284515519,25.123954886342794,1.640668395594409,-18.30841406612877,8.192799867256706,-14.603485742695277,13.842100764360609,7.634554805921336,-9.013149542229367,19.906915468017996,18.555981370147975,0.003338486895435212,94.18515826891942,26.312623980265922,-0.00028888232635721346,86.94698656024963,-8.54715046858879,-0.605577478619364,0.0030947551259491667,-1.2893365946404183,7.941470693877774,0.003760659894313902,22.856871078214816,2.6490617456711245,-0.45431456215229055,-43.222641880551954,-1.6155184898768065,2.907085900870181,0.6306034100363674,-3.335537993659334,-1.342002998581993
929,15.483333333333333,60.6465364519951,-10.261287960621875,-4.661663201896548,58.892355042170735,-0.3993927748247358,-3.050959573615128,87.41759594202176,0.8969819351895907,-0.00033605877917494714,86.35624846348082,-1.7634468246549988,-0.00028063191296698434,19.986544596168628,3.0063683995160315,-10.383933262454166,26.560222622626757,2.9434566423234467,-18.56255641008843,8.17950284480986,-14.678458073456158,13.487728615002748,7.972393493168478,-8.783374365161883,19.85860057072996,18.196688422990924,-0.0030902257891970994,93.91249600900774,26.153715299527047,0.0052647403557790785,88.09879658553088,-9.1665648410827,-1.3239370327581375,0.0017422516007626152,-1.2135224120399934,8.360530963629673,-0.007823555276268667,22.565257517793704,2.395934710209751,-0.3348402536413069,-43.862896093915374,-2.110424220908332,2.1416092928956796,0.312208815775566,-2.43165650163025,-1.6099205197370925
930,15.5,61.02148709818388,-10.279471532550948,-4.228358746721916,59.345190821801715,-0.15702238723367326,-3.238754192501646,86.98529216855631,1.0668894834919675,0.0005969040101923654,86.12300472044082,-1.9122468456609762,0.0006943866898877519,20.01592892934285,3.7624588360256492,-10.308552882335839,27.08766148747255,2.5820299361070114,-18.761137240506173,8.271101506353993,-15.005915539007253,14.566072196869893,8.255347835353337,-8.539879815890322,20.16686818150697,17.82409453576022,-0.003606875081412647,89.82810465624534,25.24818652538977,-0.0004922586358228465,88.31062874007532,-8.375672638600282,-0.5785034055676148,0.00431667298346474,-2.2530320147093925,7.458857564750514,0.0021803631465127306,21.91271051827902,2.2211461999898985,-0.3586137060208773,-44.246296165410946,-2.3589139209885706,1.3898226800884104,0.2782403646846909,-1.4378694396175231,-1.7357813272827385
931,15.516666666666667,61.02084261852447,-10.724195999518562,-4.9535876003250285,59.567748858073514,0.34810996619908624,-2.7292568436960702,86.58998631626385,0.5433551049111444,-0.00044155867875578887,85.60587341100404,-1.5606953632536231,-0.00018066782834921346,20.422470337750763,4.645967445953038,-10.351696521984975,26.323316026699192,1.6242192775482331,-18.6958160421772,7.773090150118172,-15.05404835454145,14.519723488198194,8.50136835705346,-8.455163526684707,20.433734232351163,18.31811642546428,-0.0013879502949197071,87.36347685744921,24.592837014872273,-0.0015160853018043833,87.26009435399519,-7.0767637696352805,0.2142337966434362,-0.0045697919732788726,-3.617765686641842,6.8847531762476715,0.011097111019633288,21.386606548006487,2.167043860321217,-0.7889792351952147,-44.43020705515099,-1.7467282604108982,1.3985882046824092,0.6988334324926254,-0.683440663188637,-1.7782456491404524
932,15.533333333333333,61.170664312116905,-11.049724908769422,-5.686532978764622,59.60316589897993,0.6967827902248843,-2.536439341590133,86.14789537751462,-0.127340102242259,-0.001249410521764786,84.9292809468159,-1.2706736799750467,0.0011080043373142895,20.868383873611005,4.938052649457452,-10.323298211560695,26.00948442859594,0.6611574170271846,-18.521494750810604,6.878033843791479,-15.119273236682046,14.098967389521677,8.323379903594494,-8.596351495189106,20.331357305367792,19.009598991192675,-0.0087265856212337,87.83713126762481,25.086701869757192,-0.004074046381700423,87.53681528338593,-6.874377032382792,-0.12993399197820665,0.0007441577072220018,-2.6638894290913324,6.131034128106425,-0.026611205118230646,20.79862564031325,2.1947099760297513,-1.2500259263828921,-44.38644007011697,-1.749382435734317,2.1811357895038674,0.8402520667861171,0.1887289454098252,-1.9312661780422917
933,15.55,61.13818331362486,-10.837805051999611,-5.214239327535461,59.58616222170848,0.7343140361435206,-3.1266946020485373,85.52177530466832,0.31858178492478234,0.0022737249200880886,84.33708779033579,-1.7983503085037202,-0.0006946220230152713,21.28084626162522,3.837425426943843,-10.101822985075774,26.16386921063358,0.027766770101007247,-18.47299989517574,6.271051791358143,-15.226497209537548,14.584028469565613,7.709025691889138,-8.80084584242074,19.696366834959505,18.822419424617355,-0.010569562046552686,87.41389125034863,25.76849818093431,0.0019226494832012143,88.33395506561453,-7.794945908750951,-1.2860360055754705,-0.0008447755342362043,0.4298570355785589,5.425495503435692,-0.007985676919049218,20.106366425128794,2.3690219302033184,-1.3688272007021587,-44.15215263347516,-2.554758354142045,2.9317214620929275,0.7271616235593612,1.006629061460382,-1.891368617306261
934,15.566666666666666,60.82890475544487,-10.58883265187518,-4.886081972645396,59.63320713096976,0.7750246014624274,-3.57119210969798,84.7214105710261,0.9965317710769214,0.00026846137202279387,83.72666157019138,-2.713698142808738,-0.004324416086834681,21.869662630867616,3.6158213933666072,-10.145029500452736,26.260708286703764,1.0289247291085302,-18.79623094298132,6.214499687310947,-15.000595176304374,14.277446336788199,7.61749521485995,-8.875309963333267,19.347275890209083,17.862114111117414,0.015582114645470123,88.21797940990356,25.854471980883122,0.00423162515756364,88.34123625970649,-7.445045600434083,-1.9801705234527398,0.005051178123105506,0.7540814547237281,7.041532787721435,-0.0006975279710977503,19.28483166217214,2.4727695984527682,-1.371410401444776,-44.16733615882004,-2.5895389541276748,2.2916391519540333,0.8456902162602402,1.8441956218155744,-1.5864012584264748
935,15.583333333333334,60.61792543541737,-10.331034069484648,-5.452091819369503,59.520193957834145,0.7921388674766796,-2.8939643025629342,83.65186127328373,0.7186424937412228,-0.003384234856537057,82.83404219193807,-2.4721883932905726,0.006168488436109261,21.76811196265677,4.396815098700749,-10.559877124684103,26.687297733679355,2.067710096497891,-19.363270498464967,6.967590677002371,-14.770868668118684,14.28896570405206,8.155546738729436,-8.602115838971004,19.15407758221162,16.201777651060485,-0.006368072062910629,89.53671426721014,25.295289086025704,0.00014865226705993416,89.53621084053474,-6.821522790764313,-1.903080254076422,0.0035432717035613483,-1.1012523193057353,6.568507199842391,0.0038752515628825593,18.497425744242516,2.5105881937435073,-1.2122065203952288,-44.310519582617694,-2.122702951536511,1.3563075047261133,0.8236595429136695,2.849033330547218,-1.3835852509308955
936,15.6,60.28688954159399,-10.107632836557999,-5.23242357553964,58.805615562217916,0.8690727576073533,-2.7434136506546505,82.45107732499368,0.6382505689230542,0.0019705722435442337,81.44586608623675,-2.1549412149954983,-1.2277532335564458e-05,21.05137618544151,4.333190181738869,-10.687870819679995,26.986994220089343,1.649503910419242,-19.296229206502236,7.085778145471934,-14.804268373881062,15.460593357481487,8.352990994444763,-8.436720907606993,19.309312394390105,15.84158854412387,0.007413251689020865,86.89356822725844,24.615176078460426,-0.007193694839618307,91.01909048281176,-7.655093967039677,-0.8581736150523562,-0.022821596532471237,-1.7575564079205022,2.5737458010993524,-0.008610265919536921,17.871256339121032,2.3371670445868613,-1.1386816853051844,-44.19898620398266,-2.0882136922188903,1.3884514091444013,0.5263919451427646,3.5783550342941557,-1.620893853548462
937,15.616666666666667,59.84202433057994,-9.9571709642718,-4.4843266106840565,58.17908647326887,0.9550251640164735,-4.084416408214023,81.34650736866782,1.1371388291608084,0.0012420683229519022,80.05572184430872,-3.332660778616992,-0.007714006819344261,21.294529779129647,4.476886515767999,-10.557152619788644,26.808409804067832,1.3933538796419283,-18.641707281171378,5.992547714273777,-15.006344525179326,14.344704028482187,8.179598212908749,-8.661007708211244,19.7046477371351,17.88923200894871,0.0018888313946500623,84.02767270655045,24.524728569707232,0.0007873536274608385,91.40135901733206,-6.57135043152339,2.4204606125541215,0.030128782624538764,-2.253988020111313,0.9450774572999143,0.006376046841346994,17.083214390860856,2.0944278007754105,-1.3594349862636916,-44.22562691719762,-2.285705102613739,1.463073680317093,0.31123850464515207,4.2506415395197985,-1.8532756573646374
938,15.633333333333333,59.11335761160685,-9.563115038443497,-4.947473160996376,57.66579127307319,0.7414259092620773,-4.138069260991694,80.11514687027233,0.9813615672521081,-0.003715877614315771,78.97598696462143,-3.7004093274889045,0.007246565231518516,21.90276382287461,4.921582634630892,-10.621490653560281,26.876157898617315,2.380427063949493,-18.856133629486415,5.948720552439522,-15.153507985075962,13.499882393116353,8.173039626402883,-8.839652106008712,20.012246472491388,18.45733960653554,-0.009589495748773538,84.05953581905851,25.212574173418457,-0.005492434740985193,91.55159333829954,-4.920284472989606,3.7703963284174438,0.02721768627410687,-3.165494617468778,2.8232917143043013,-0.0014920130807185654,16.45291697112047,2.2858779967846083,-1.4536883787402288,-44.31890187103131,-2.1378036630877104,1.3765291623062306,0.15120196955796789,4.874853673130385,-1.5814526161407967
939,15.65,57.84127480235847,-9.341935980455391,-5.885146046838454,56.46817993601636,0.566678393091251,-2.9756409313691314,78.63431400838274,0.46677757803619613,0.0022809228542521468,77.61369759587559,-2.759264538108604,0.0009901427092645501,21.531397199531934,4.832315978567262,-10.737439627312082,27.121127728788316,3.2531882242922445,-19.670081060137264,6.747391872720306,-14.82007154859274,16.937668606361363,8.199194341455264,-9.017133724530915,20.948597895926312,16.30420856744646,-0.004961321988883715,83.85645133112897,26.02250080577976,-0.011877382637449163,92.12351579204483,-6.335546599548893,0.7067288037159345,0.03300829260308575,-3.278096513652631,5.530191062050832,0.0024287356150608356,16.00837698835664,2.3424553582884995,-1.4980137372440447,-44.0004267267389,-1.756403540274494,1.1080174163519325,0.09943007484245178,5.035104857988107,-1.3189594632842658
940,15.666666666666666,56.83844101038619,-9.484426051981984,-6.126314593353632,55.30663588313033,0.6421434841177738,-3.3246831656031457,77.13200769672827,0.3443933265877216,0.0006586060049061904,75.90359849294782,-2.784930088954041,-0.00925754279493174,20.844476569866785,4.775776094109239,-10.5992997228354,26.91904212337899,2.705219707259548,-19.551338732958836,6.393287286076488,-14.335275732695774,18.396812520396303,8.103486774007061,-8.879031060623273,20.732729766683487,15.607274672889567,-0.0005495481675004878,83.17391272771087,25.992052504163215,0.003548737405072596,94.01662595099289,-7.017404418940376,0.020809450946171447,-0.0025959237525059165,-2.865283521765179,6.619461819988612,0.005498919233521593,15.068914646059747,1.8769856924763926,-1.5761717583859416,-43.63350114893778,-2.170281839707067,0.21331502750619716,0.06723769499495459,5.356175849532504,-1.4853374424938337
941,15.683333333333334,56.355143308526834,-9.438817880369943,-6.250735175073777,54.74487577942667,0.6451080430517772,-4.039760917182443,75.47562211919247,0.24335554284990463,-0.002545878819133671,74.16315724091177,-3.1662113434198687,0.01069201625290186,20.38679926896438,4.483338843112103,-10.256763538916655,26.53316627833156,2.105996840226929,-19.036535099650184,5.837978686351137,-14.545746254541683,16.108214857242448,8.038430578723645,-8.063719183754682,18.652589247427347,16.646699437698,0.0014717384316726798,85.98327548771009,25.566272579310482,-0.0016640264696595223,96.15239307302731,-6.17871273714735,2.8725077236299685,0.0049678507007505715,-2.3794411034294014,4.178149071425695,-0.0029452421822209708,13.795605371392938,1.83801617606022,-1.4064211492102177,-43.104838293775295,-2.866715777237707,-0.0709984319871839,-0.13612194399039854,6.252240087604277,-1.643475925806975
942,15.7,55.470097000549394,-9.156949121711481,-6.689500987146567,53.984003777558485,0.5079260322302516,-4.30039494534441,73.21541532179566,0.15445603903159114,0.0037596206441632292,72.021095234338,-3.470404524726481,-0.005181198106760725,20.15749991023167,3.678638364494616,-9.953796744513882,26.250135854041385,2.50083481426075,-18.78892565557072,5.740251930581662,-14.925651065583844,15.09682110949262,7.851991433165644,-7.76392374711707,18.241123497169184,16.82231620448397,0.015852321687378195,92.12670536832132,25.741782617342203,-0.0010112311729583556,95.13055087567575,-5.716772530134245,3.629148184408426,-0.0015845281432917814,-1.5677946498857467,1.982149731323706,0.006458175230507507,12.399403127423684,2.2604308395206343,-1.1271392993968623,-42.270808419696436,-2.835488119452942,0.3587584018586437,-0.24618810404011846,7.223599866181248,-1.5261448018287431
943,15.716666666666667,54.207886366383015,-8.678828282107446,-6.9644244676091525,52.77286574721919,0.2379304480226965,-5.264469866177886,70.53507322906714,0.1222552537640953,-0.0028499926073765275,69.44870394774075,-4.327677295812753,-0.007139847347586989,19.900528405492196,3.5401362548746267,-9.793641740309104,26.1787647871889,2.70670744311749,-18.42315402990442,5.1777090179797804,-14.747813763175332,13.678364457688001,7.5152213273461825,-8.388996824176422,19.391712729443896,16.79013614837961,-0.01409117204213654,94.08606162382955,26.173317057201377,-0.001615033706067343,92.30877752080094,-3.9544834888053955,1.9205890179492908,-0.0054548281226220125,-1.2954349994478984,3.199603352558558,0.0011896910234818765,10.775057516670373,2.1544528103713283,-0.8053969259000295,-41.691677311519484,-2.9584190426301724,-0.42996926699659277,-0.43900461650767825,8.105499839551166,-1.398717752613805
944,15.733333333333333,52.94353003379033,-8.247548760382989,-6.688291413722016,51.316043927274336,0.03019219693766257,-6.007882762982374,68.08028666080938,0.2683597222503525,-0.00051894428126583,66.91770847516182,-4.736203464818267,0.01275658469183751,19.185719899932213,4.36108048569494,-9.841296925415469,26.066192104209815,2.76203106034793,-18.067577882658252,4.697405731077229,-14.376007853998889,11.912635440371,7.433662279228774,-8.701682204160686,19.26012897875141,16.693803600988623,0.002800232248672996,92.31288127689163,26.22026782021982,0.0016184199740512158,91.9795027827457,-1.6501973145182405,0.7909237356433672,0.01765563315393259,-1.7373068645065226,3.7199368958948633,-0.008277192390606166,9.548743495200586,1.6983109276940938,-0.6356438712919377,-41.40944803012302,-3.4105589026723306,-1.7500765666665186,-0.6956319486506268,8.732567086233782,-1.4172213958143303
945,15.75,51.43658480836355,-8.201645833440196,-6.542591025097894,49.71530011953268,0.12176531177313434,-6.142324672482855,65.8062238929195,0.7431923005978543,0.003598690071314082,64.40177860788224,-4.882625483689761,-0.011704791317985111,18.768268553972725,4.37906111475572,-10.13782316654927,25.682585244182853,3.4133602301651598,-17.594514822262184,4.4663238680646185,-14.170693150945462,13.026190279613836,7.4727615970988035,-8.518001880925725,18.868195306336688,15.954563748350079,0.017854127687565204,94.87317801080835,25.969064162474158,0.002869341253679199,92.40506113461231,-0.7172898304022837,0.9465390926809142,0.010126533121906103,-2.7311256474798005,2.2685682830154605,-0.004018373807427375,8.721540025369096,1.6188610129788397,-0.7690863261112183,-41.07346482867768,-3.2633765770081173,-1.8672501919347442,-0.4860991479237519,9.011787859122224,-1.4218683033091795
946,15.766666666666667,49.823945902025685,-8.016537792722612,-7.154934471823277,48.10267533858641,0.046255602539390664,-6.113749687896525,63.24533849720998,0.6972801512970807,-0.0020977213765405183,61.670403339467114,-4.7762319504397,0.0043510970117620175,18.920228107508002,3.5231854487526872,-10.392698859178712,25.44259188912398,3.8451088997638023,-17.05188301540414,3.5841372578922033,-14.118801970070162,14.43398162764431,7.192036173944124,-8.34391541206521,19.341480713290668,15.91435442639112,-0.014541273194536599,98.71418144967102,25.44316796175607,-0.002870696861731423,90.40721617094685,-1.240489537401476,1.5023458816833886,0.004365631887551425,-4.818983277990345,2.133076646944689,-0.013340776898835404,7.440527748494674,1.719007381931705,-0.4906263839530654,-40.15456594090213,-3.01508582659107,-2.0395081027506765,-0.3687353929494305,9.412666997059436,-1.3848383347590045
947,15.783333333333333,48.293105286672194,-7.775667225964483,-7.925494172705796,46.41275101470833,-0.11424700964071172,-6.066178151500378,60.58756369401333,-0.1555085674466299,-0.0018770577278226903,58.87855410909204,-3.9791956361604557,0.012214442011245486,18.57907148312773,3.853171651536915,-10.065218439103399,24.887157106522057,3.271902550661736,-16.809634915593566,2.557863525040852,-14.186552548491425,14.373354499479003,6.694831606477028,-8.321064025938275,19.4094443146186,16.862942538444326,0.002147873135212789,98.55336349028951,24.991010707696535,0.00600714300407346,88.54020653643323,-1.7347764215264565,2.5589300921969516,0.007249338914774741,-6.0835845213843855,3.895785542495214,0.011187137885931385,5.973347394005267,1.4655438910893082,-0.03211177459728303,-38.91209194965091,-3.2111581177843136,-2.758351095405407,-0.6696701452804258,9.870248448347512,-1.634172325619425
948,15.8,46.48051753535507,-7.901963462303311,-8.451076503203117,44.521761868919825,0.10114920508842029,-6.634463073484339,58.08518966754233,-0.7279910266122741,-0.0008874052323114178,56.1637310674103,-3.903152003349767,-0.015999451981261667,17.83371691986145,4.856035080391775,-9.474122869697538,23.998631293320184,2.5790392867254743,-16.36967776550424,2.0339312935065172,-14.216465508062706,14.124592210038406,6.203763929352816,-8.501886271571987,19.166542201048554,17.608391564205068,-0.0011225425109741315,98.18494753308092,25.094392682638002,-0.004476608448521463,89.85862174543027,-0.7945488508522925,3.041674720651802,-0.015276013059293004,-5.0122700811787695,4.763406945452248,0.010832554678289138,5.037542718226328,1.1834164027157767,-0.1887556179556154,-38.55333369864552,-3.139466657120506,-2.4046315158832505,-0.6566192893211334,9.962269056880842,-1.9414846201215303
949,15.816666666666666,44.336953889643766,-7.668362936245981,-8.30752694178361,42.305312404994226,0.03778126596919265,-7.073209564722051,55.57467870789954,-0.3305022564183973,0.006008461212791046,53.44106571812006,-4.1622297620699396,0.007818020963109646,17.273829859022907,4.674978815713657,-9.49854788594715,24.08598080391968,3.2781680344314967,-15.961959075757909,1.8882273682692285,-14.278670588533881,14.754106849405352,5.665225175116002,-8.540198289128066,18.7030552814378,17.443073566992545,-0.002611854770667272,99.69788354313498,25.353128594827187,-0.0026040591365405867,92.63328374624481,-1.1427279490528774,1.2313951426345897,0.019200330328893615,-3.0193836125362505,2.0505594333226718,-0.023306093910424173,4.637384679239842,1.3334441024606642,-0.15067484101399747,-38.804915508469385,-2.95976263328913,-1.7808186732791214,-0.696368532805698,9.742956578958024,-1.804499388748895
950,15.833333333333334,42.38408481927303,-7.101963085647661,-7.897696164083913,40.210241906102425,-0.3174664434758951,-7.296094863595108,53.075567175734484,0.06785392872242983,-0.0024051565114409372,50.875474771696155,-4.127607209327381,0.005864910939778406,16.8391318352574,4.094092274476395,-9.744057036391258,24.313212449699115,5.091677110569545,-15.968819700419493,2.070792975135994,-14.511048932500005,17.31873751480861,5.015003787530475,-8.45816614111239,17.379207845938648,16.72481878115492,-0.004262356974994806,99.75982452164341,25.584088740525512,0.01053162363863262,92.04044346652465,-3.7102104193946457,-0.42632535388990916,0.01409416527257551,-1.7627220690798908,-0.012902252233404023,0.0034871685202032903,4.141601995195702,1.3939113413577475,0.28233752214772323,-38.32592190810359,-2.99545077489429,-2.15950502164234,-1.1319493073829276,9.585679132067904,-1.6230867757845897
951,15.85,40.53210150436762,-6.885561057103027,-8.142494141756169,38.39240365185255,-0.27248092304931354,-8.577911117164088,50.41546620932707,-0.1325967444772075,-0.0060937093356466954,48.132767889672465,-4.804491164591979,-0.014891494570490438,16.764613871408823,4.2097508901273955,-9.58423660020538,23.52144234203684,5.83649351761121,-15.205073313469068,2.0824964911920993,-14.632845428570949,19.062676963602758,4.872556704233336,-8.57248282284286,16.853602644670797,16.392082724129327,0.0026226352435850973,97.51054513843819,24.9594836181477,-0.008710274896511886,88.91989547957864,-3.7099856318532423,0.18336315866364103,0.0015197624885340654,-1.403653503067066,1.6188969171180436,0.003985687222709772,3.0412616184111423,1.139510275015835,0.22664078701522591,-37.36587623690002,-2.5778509115579915,-2.6029210340122777,-1.2296852741807467,9.696108601708287,-1.7089491145479447
952,15.866666666666667,38.5830538953491,-6.854829795337001,-8.011348578879396,36.36889090116616,-0.07283258704422445,-9.44054514273618,47.5719726631788,0.10116657050835613,0.009141358383892993,44.94508309815829,-5.023469477092039,0.00997394739815303,16.394531519229847,4.152629386387011,-9.442398817762438,22.566089022633978,5.037860386627149,-14.182443763483718,1.752118006595204,-14.588529847282281,17.717690584162025,5.04234658361015,-8.551748826859875,17.211284583803018,16.29237789844861,-0.00033637412727861534,96.45229071295202,23.39013979349782,-0.014745879186655675,89.34907300691744,-1.7477065149130482,0.514660537147288,-0.002763953123109952,-0.8373557079827534,0.7473785419787238,-0.008351994093998182,1.8729758662944818,1.0520000240170613,0.0768577989873729,-36.83800899087483,-2.3549870788495184,-3.1520527698990657,-1.1908097715498558,9.857840779827486,-1.8027528742879064
953,15.883333333333333,37.12350542936489,-6.85343441026743,-7.763768712702518,34.764030650028154,0.08873383372276522,-8.825397125532119,44.93205719665779,0.45302852713388503,-0.0017523288788736293,42.110516946173306,-4.227282830697495,0.0031778184015831224,15.283464864430739,3.8780559400984362,-9.389034268578927,21.45760589100242,4.7434219637040105,-14.362721283935771,1.60575465046161,-14.558550977685323,16.214288647598188,4.068018533833937,-8.60467545537631,17.00733166760446,15.949071750827224,0.0013030117496173944,98.46441127752146,23.889578858287262,0.0070154057167487295,90.30509408969064,-2.300976705293065,-0.17827852126705987,0.0016969454085365996,-0.6899980825710188,-1.4890243224163824,0.000807945275947326,0.7987224062524626,1.0837641188642309,0.1692334108689602,-36.33140195509252,-2.7584642979795158,-4.218572303995741,-1.3147213928135848,10.174883246550339,-1.9060480078992617
954,15.9,35.6699344430799,-6.734840405204439,-8.506849673366604,33.355281635411785,0.23291317309903242,-8.776907410039414,42.43338394632719,0.004517673658069546,-0.006381879779673399,39.664705646137115,-3.9901911181605563,-0.008855511029333461,14.797111201196174,4.344103945979784,-9.159769725248797,20.630512213360365,5.426696375296134,-14.633208218478687,1.4412271901416096,-14.476367370568552,16.731166482499443,2.757192975848038,-9.030047714931435,17.13104705984474,15.731291538690144,0.00016529927779493987,99.3879188798253,25.67692095536215,0.02525858673846161,88.22392366316394,-3.760119275780522,-0.3180982632589676,-0.005796493698796688,-1.5128299395175582,0.10809846652966798,-0.002954227472878255,-0.20644344185735505,0.9114650899882334,0.09157130948405894,-35.41164232327085,-2.769439726249397,-4.687082730991687,-1.3224787975618595,10.381791052243535,-2.0002838761320167
955,15.916666666666666,33.59765830108003,-6.361342347961003,-8.889305721434496,31.210220734578208,0.1968632935408348,-9.18439353303404,40.13150128782508,-0.32070858451303286,0.006396687693768096,37.262881036564956,-4.0397260112430455,0.004619429072383419,14.909863283907208,4.988453172327679,-8.97876825470647,20.81661232926558,6.011776694100636,-14.445433126822204,1.0595034605597002,-14.334303278133454,17.395231357785924,2.9632150442049534,-9.148159957642854,17.768893563740793,15.836463227441621,-0.0008703216235593164,97.09233477457241,24.353506066918523,-0.009329207181324413,87.35011530681085,-3.7326864319887596,0.324481265073955,-0.001303859506173414,-1.4759802015598231,0.3578917583326526,-0.006706167024579409,-0.5216734985792428,0.7630087539356042,0.19471329904041726,-34.85720661469942,-2.8775555769394137,-4.770226808821508,-1.5114464133965544,9.950015209626326,-1.9419803303107444
956,15.933333333333334,31.76647460756804,-5.966668684810333,-8.770301691496517,29.40689557997163,0.07705600092151646,-8.87757920676659,37.848637110190445,-0.26285244547591996,-0.0032945483704088416,35.15040827993731,-3.6936865190016603,0.0012237153953403343,14.155209419938586,5.320079514931568,-8.886164720501545,20.465963741169496,6.345019131890592,-14.655677287339124,0.8471251330733193,-14.265271097394812,16.160052510428,3.342703356588677,-8.97993606744332,17.936040474824942,15.991919506649216,-0.0019083465563422763,95.34762739764979,22.489873949884696,-0.00333521880847936,86.56295755952347,-2.4940012194149412,0.6844624969708728,-0.005575565839493138,-1.0768727319784568,-1.1473120833909372,-0.019158888595760558,-0.7991300499573677,0.9560104250979676,0.4864528986576341,-34.95845633324707,-3.3758835945681716,-5.644141104660333,-1.8082929902542728,9.690236949186215,-1.7941285179347854
957,15.95,30.088383801780086,-5.626828015502248,-9.180693528394478,28.072895842784213,-0.04565977411846837,-9.061901591540183,35.07691141448765,-0.38677768886586045,-0.0022311806714771757,32.90900878463687,-3.5449983972599575,-0.0038449946940651886,12.848860833687352,5.418210333522851,-8.738694662728115,18.93851591603741,6.733668306837513,-14.526056515303567,0.8469409513747942,-14.13398553866311,15.023483729083223,2.323684525713535,-9.138361980114068,16.93802772232748,15.949954989139163,0.003008890423875936,95.71280231119324,23.990623838174926,0.0005285634011421006,86.13111726259882,-1.8050373920159783,0.38656994523357185,-0.0037318313949231737,-1.4749488146171348,0.7977132885199634,-0.013568033663737494,-1.6117984172166586,1.1203855616332,0.4478300346857958,-34.81279936294681,-3.100384595053095,-6.352191700547853,-1.8605981291638516,9.82506909555491,-1.6649614548779519
958,15.966666666666667,28.069767144316522,-5.260116168881238,-9.929530815525464,26.247382141150027,-0.3615522694834823,-9.764280581337083,32.51689152996698,-0.4567176225106098,0.004555235049809074,30.586777708008338,-3.4842176741874,0.002217406087299953,12.28126049926277,4.582337213914744,-8.101508115737966,18.20605620940813,7.652515832050804,-13.953534701278812,0.7691262020239318,-13.953296734184754,15.740494190561714,1.3487421927127794,-9.40274814094884,15.984601129215102,16.208659370497223,-0.014475479210303238,97.71065158395636,25.123669747962634,0.009471335057829794,88.9177455362157,-3.3121153744254164,1.879551869425897,-0.013433816424356307,-1.4938631526762465,1.6893946663281956,0.007879062944050467,-2.150348643744391,1.0493213643465185,0.6177780814295349,-34.13483772179466,-2.785845086244684,-6.397486243325834,-1.994582993226606,9.58933123701023,-1.493452364197126
959,15.983333333333333,26.417904338540858,-4.735855702777813,-10.382696713912614,24.691876094411654,-0.8540897006130138,-10.082014471081656,30.379041728997255,-0.4174031347160679,-0.0052944085276545325,28.69312348267113,-3.1943744204784994,-0.0012524585085989602,12.166365913046597,3.6426690610263424,-7.425923968316445,18.39517478431541,8.054070377855094,-13.50407644640933,0.6455936245121932,-13.957925632007077,17.081187127656907,1.1530939780112237,-9.565104124457415,16.440073569672144,16.641747323637762,-0.026560147008910517,97.60257576291842,24.027743507422013,-0.009656054285148003,89.7363460819955,-5.047886651989672,3.7410654896350284,0.017565217781381908,-0.9327764400348136,-0.5285015398568498,0.011037071968818998,-2.6790686976302758,1.1671747133187866,0.9791968521728892,-33.25917238084628,-3.217179663602258,-6.810363131674729,-2.2455930819503918,9.474674358290864,-1.1796889673869646
960,16.0,25.153794731681746,-4.236155245378589,-9.228877946219002,23.578466295789315,-1.0773842907462932,-10.339528232791942,27.8053604868556,0.0005794367075992954,0.004145864983528666,26.48125994572084,-2.8826737011310115,0.00025817156784454473,10.950470615910318,3.84234368461136,-8.401187641845917,16.7875134798854,6.845405606502293,-12.461113587654527,0.6377343308000173,-13.854909698489882,17.390158377557807,0.8305555791667139,-9.65659379874678,16.462915450938308,16.379800868915407,-0.01776528871760271,95.42456477885433,23.921042920706732,0.0040909944410196936,86.97011190921117,-4.959891142159376,3.120309368117943,0.007172460373578433,-0.7580466583265012,1.1827625553730219,-0.016469853359726585,-3.675428805358157,1.3076472622495485,0.8559127811484677,-32.2755267023559,-3.216312496183197,-7.166576509544021,-2.2833964131312654,9.81966483063335,-0.9697355613392121
961,16.016666666666666,23.620113584654504,-4.179382373478878,-8.156175285468656,22.05918209292019,-0.98236371384954,-10.375916083890909,25.280241693595368,0.6633190354513188,0.0012558856891279574,23.927446189803252,-2.626780202180436,0.0023089274888763076,9.32610957984184,4.193059482239279,-9.389051723906697,14.619326616522269,6.694033864475204,-11.709663941462765,0.7275998636742322,-13.747028237610806,16.93926183393825,0.5260754858045524,-9.526409054808328,16.09167240193186,16.099106966443777,0.0035321649636379858,95.65987693084611,24.336011397963834,0.0006277587268772003,85.37527543706837,-4.495918656316477,2.8382045277219192,-0.0036342146589653903,-2.1424475446902482,3.764468332322422,0.0013919917847604664,-4.297311473800885,1.34345428061039,0.71487999933978,-31.440610081805005,-3.1952500078842907,-7.443519377776475,-2.1399750836291727,9.842538953378767,-0.9795198712166676
962,16.033333333333335,21.959918648608248,-4.4319221857703806,-9.556214436246586,20.392493739601612,-0.8153223227026668,-10.33864613323786,23.446047914356086,0.740288386617399,-0.004386486783353588,21.90089554022267,-2.505823839123713,-0.002180550961529125,8.974918185745295,4.1449689236819935,-8.347447323389579,14.73575391301165,8.068865370539566,-11.821601201432626,0.9708944513034498,-14.039243698761377,17.628213541029762,0.2825407972671173,-9.319080381553455,16.873584902585883,16.196320449023737,0.00901988587287354,94.91787113240147,23.64231283025986,-0.00041003072798030817,85.63312935422265,-5.27411886427744,3.127604339425399,0.0018503365406464397,-3.8502996059367893,1.1859766185659986,0.01575699335355606,-4.507635220712672,1.4765946323117407,0.7420457675284623,-30.671829683373534,-3.8349013362246094,-8.118731933187332,-1.9630189121478154,9.522656708131747,-1.0458726415861161
963,16.05,20.62746702956847,-4.467792650008446,-10.48865645361303,19.00859160554945,-0.6131669280734645,-10.48738357935016,21.667022729948236,0.5497683012236446,0.003195648706530653,20.00445174930418,-2.303676663361869,0.0008471266025276581,8.348906988615054,4.323389517599158,-7.647160182979088,14.371473915148792,7.646649815263746,-11.710584569934815,0.987568921915339,-14.144715001751992,17.516891684439464,-0.23818755714964585,-9.4935451429852,17.430440896600437,16.479449655545615,-0.013870954015273747,95.97401145417427,23.542718532491488,-0.0017610798338220616,86.0936293653127,-5.52882512144484,2.896709502731424,0.0073546688793744855,-3.5289942957846323,1.321652473682095,0.002492569817062897,-5.07146006510511,1.431132521181082,0.6465622669523323,-29.912601021336396,-4.006592084607948,-8.306717938621054,-1.9256291405535475,9.453354816372311,-1.1283181061187963
964,16.066666666666666,19.54862818015708,-4.190057783338103,-10.107557407058822,17.731782553136917,-0.5798675489352763,-10.233736320555847,19.781607880776544,0.45385975593118605,-0.0005594431149972946,17.91800817400123,-1.8544064245275427,0.0011027369143167636,6.9250761667158836,4.74113780708191,-7.7465521980393985,12.506114576578515,6.259724716780065,-11.549170070361203,0.5136908605552039,-13.976190813040606,16.016958807396154,-0.575622208112934,-9.811936466565816,17.09460021272883,17.215199638992114,-0.00914887624614992,100.36391522496315,23.856865518018964,0.002885785779234852,86.61975734542317,-4.786494904965336,3.0667583916764465,0.005074340428259542,-2.7450847024784415,4.740664591709506,-0.0006624980879224284,-5.680114422638689,1.3752333157101742,0.5493573017497256,-29.49052232243382,-3.8466488430442154,-8.415901430995675,-2.031123517584818,9.529427922311308,-1.0796215250770724
965,16.083333333333332,18.318030126940652,-4.1875749870014785,-10.719085677191988,16.45850085582293,-0.4791926947006533,-10.010338161581688,18.312566077329386,0.40346505427284457,-0.002195897762598098,16.143582175494636,-1.5868746250879948,-0.00088959898769348,7.2710608496603975,5.24910723217783,-7.313254128009918,12.302467396809746,6.333106619268034,-11.50689849259474,0.4612090507936014,-14.036142485170965,16.224463168725613,-0.727845749061945,-9.804349527557457,17.162041765228352,17.466309372362645,0.004000255707604076,99.78014858995803,23.373467589412364,0.00224077682461898,87.16758281341411,-5.136779757517162,2.749257199783561,0.0005868636093935378,-3.0422541354286494,3.679758060580302,0.004053301950072288,-5.841210409573649,1.3623974089873652,0.37504237601154433,-29.01256833633095,-3.9468076781160426,-9.049511492935624,-2.0047163661793697,9.387113833261331,-1.1129038425115012
966,16.1,16.890686765964887,-4.573147400176267,-11.052991642985873,15.361981796614378,0.013363392619554404,-10.095256599093807,16.940151484538966,0.7867404849342735,0.002615416910031902,14.837037070992043,-1.7004850690166047,-0.00020404489017418975,8.592022979397127,5.349464318774264,-7.680106782294164,13.033467720373412,7.174733378528524,-11.342450617299694,0.9118513154143859,-14.03492427244883,16.28424650502014,-1.1950144089621457,-9.70090451664165,17.318904778324253,16.99024406268733,-0.002435275996433706,98.48493871882177,23.32913429961716,-0.0015316381045948257,87.79133636524004,-5.344096918929948,3.087956710844514,0.008280949088453792,-3.3412585507434995,2.715813564768441,-0.0023398825873038767,-6.022404657971824,1.061390760678325,0.10892175844905651,-28.179386225543993,-4.059077482639279,-9.564713530113675,-1.7253096578143916,9.145696446511527,-1.4449875773532281
967,16.116666666666667,15.800277036266495,-4.65581957959525,-10.661751120298641,14.609524843609801,0.3070695113175802,-9.908996376799703,15.433748300610684,1.2651392290729373,-1.20834877169967e-05,13.68915418980562,-1.7408318256193223,-0.0004768258034707043,8.539286480844412,4.8562528566657805,-8.404191314533909,12.570314907617663,7.246187946908283,-11.235678543424882,0.8581469951444255,-13.940343025113627,15.17294079139687,-1.6151849426655,-9.568027297235137,16.60081426379095,16.958129353240636,-0.0021877870292827243,99.76290503887515,23.585524797640076,0.0024959243057468866,88.10788918264342,-4.835622915890452,4.2667252888151435,0.0057860265210223465,-3.5377523445900323,4.790261756459623,-0.0020905635849655514,-6.634394318744826,0.9644905697639394,-0.010340570881420551,-27.35697184628682,-4.444373599467542,-10.226348073517235,-1.3977485365651454,9.147665569179885,-1.5612216749803052
968,16.133333333333333,15.296817389244389,-4.377078218646245,-10.943336166979373,13.983849287043782,0.07812686233907314,-9.61150673363305,14.398801824099746,1.2564974816875274,-0.001558336862760268,12.35280100672747,-1.2908303201352158,0.0015276865050857322,8.202136284570573,4.551976302620006,-8.18456567147777,11.7328816104104,6.665308631206192,-11.270812603659513,0.6009936498391922,-13.989051651590946,15.059256147372803,-1.530075748881918,-9.370378718243998,16.558620944899438,17.366386953370462,-0.0010733600631591374,99.16005857382105,23.11980225568984,-0.0045517495299669634,86.7942286915163,-4.271117059278316,4.50254753142062,0.0055233838381986665,-4.155684242570241,5.2997557095751455,0.004785697223201671,-7.305899365021756,1.208768275380696,0.11847748831288615,-26.7148710822523,-4.892323655904089,-11.095358621463914,-1.2367028638806854,9.387582965741366,-1.369416811794126
969,16.15,14.783423212934972,-4.2737080005046595,-10.972760761052417,13.235764539807626,-0.1319140736177831,-9.243408681322972,13.592519416021647,1.2321878288661843,0.001182658481008049,11.106595924903315,-0.7312161222325504,-0.00042200895515027113,8.062465778601839,4.544641744034233,-8.199015792338843,11.375593131349884,6.873541254453877,-11.751054218513902,0.7487144999696153,-13.939529236277446,14.846566477657307,-1.3424622630510588,-9.417133390201387,17.54961893662226,17.664260778456338,-0.0031937039543478395,99.51894218705691,22.472660995828413,0.0004212888152529848,85.71913420141992,-2.806847602167188,4.894920364761,0.012197565287136636,-3.979430749917409,4.3612132620743935,-0.0009246727061971245,-7.615401281193112,1.1923866303362034,0.3129639954861074,-26.38833611108747,-5.027554442120105,-11.396246245803658,-1.2004921741964245,9.515317026901425,-1.3324220186244293
970,16.166666666666668,13.999692808036599,-4.325435363237792,-10.347916240001929,12.532103470228172,-0.12959498279964288,-8.959657400005794,12.57608362089331,1.47318948768969,0.0005059065769059428,10.418770112903086,-0.5322561188081261,-0.00042267009680938976,7.445464917251527,4.6680015784712054,-8.737291615834598,11.302123339430866,7.569274926259815,-12.328891010465025,0.7786665230115603,-13.854774543540193,14.42374259158603,-1.38879958048222,-9.456525843073443,16.959619609220137,18.040296015019308,-0.0007572927930509371,101.88599417318633,21.775591933997493,0.0031776194168840867,87.0628585796702,-2.240659378316768,5.739569567873051,-0.00439100989210211,-1.8726139034171458,3.55649117088259,-0.004240268679770829,-7.6852130360594035,1.0805836881379272,0.25832932136706427,-26.418891733649694,-4.934180835066578,-11.103066647863521,-1.3059059518486535,9.415924937082274,-1.3884256907944494
971,16.183333333333334,13.490462989809284,-4.228410460910033,-10.330177396498183,12.04064886622785,-0.19928425870509,-9.503294547952628,11.821369456239582,1.6005569178909058,-0.0010243944822602375,9.810534015920947,-0.5572730764461931,0.0005848236931289834,7.372549368124007,5.007420086067141,-8.931126622936889,11.461216854202174,7.593448699755381,-12.137700674996488,0.5229525479076546,-13.940920579092545,14.747837211742052,-1.5823784353191435,-9.257094522570599,15.535400726855757,18.437291465130695,-0.0007380654460239025,102.58687467744846,21.169777905428756,-0.004045661586519851,88.19961556417347,-3.170139899421314,5.945912202386294,-0.001486686470902815,-0.039696719444805066,3.126837134428124,0.005510326007012872,-8.001075546017262,1.3187865740104565,0.08020228541546483,-26.359796509938207,-4.708642660758351,-10.899286085323073,-1.5035426500157154,9.433267297661386,-1.2638829882926426
972,16.2,13.15669971651572,-4.150173085256339,-10.799891867282524,11.523789633312752,-0.24255018623433056,-10.202804370117235,11.330927873797805,1.7237662040010704,0.0007602385639900428,8.81952825448622,-0.6168830690275174,-0.0006300775317213576,7.705505213799333,5.002847031411494,-8.734842634625583,11.500140473422427,7.005861465250832,-11.2915661442065,0.4797308231973479,-14.051298353281494,14.671088271993202,-1.871802437922849,-9.22385023606164,16.289100054647676,18.48265280294503,-0.0013451048411076566,100.52594494419607,21.271796827616143,0.003176918899079383,86.95049624966148,-3.5220858931963512,5.638296459146361,0.0012780339614179312,-1.082657988362616,3.7966479272982405,-0.006292207240893196,-8.506916268820305,1.5805374765696467,0.11538347908848037,-25.94680626462505,-4.856370283007194,-11.368154510215769,-1.4913375165162928,9.57286788696317,-1.1223070925936496
973,16.216666666666665,12.461512255788548,-4.171657059650789,-11.006876720512752,10.754828059678598,-0.18877014767362196,-9.975521734116445,10.785306315026618,1.86159075073753,0.00016832627045478295,7.956893662696003,-0.4838375861212573,7.491360541555058e-05,7.245913595076161,4.674656658265716,-8.481477294446236,11.019887569435127,6.523177825734086,-10.767998314878515,0.6299516770927102,-14.049871301594395,14.25576014582876,-2.0777832448426254,-9.262934538279843,17.586327714717353,18.603099360627347,-0.0013671212160768667,99.18994105178338,21.35441852594692,-0.0029749926967672815,85.19783242691064,-3.2849770727409098,6.4793295811015605,0.008566308609565304,-2.9259764257259877,4.661291806420383,0.00015851730967203246,-8.603383726402654,1.5245031894272731,0.24739893153592094,-25.567811798123312,-5.125669192685481,-12.027617816805966,-1.31139357587578,9.368213285015877,-1.1363054063178306
974,16.233333333333334,11.852601005408422,-4.094805062479381,-10.92989581528212,10.045456649352367,-0.2534551313717116,-9.817886922941275,10.309554595889043,1.7849297325691347,-0.0003557110934291594,7.423804919347434,-0.2127063927804883,0.00014886328437460131,6.6920972728420995,4.803164857262586,-8.538145606116617,10.835401585321907,6.896681434440153,-10.934908233394674,0.5546855797924285,-14.008592576142492,14.536794827337028,-2.2155492678749273,-9.037177103856019,16.644735226528486,18.9147339234723,-0.002055917299407939,100.26733987656658,20.811785835047534,0.00340364687329259,85.78705630836923,-3.4108045474379427,8.156612787468065,0.013304950108445119,-2.5357879528228975,4.443072569843101,-0.0004146465529113687,-8.556183871164158,1.4311234166125633,0.4089391478183429,-25.459362006157203,-5.203064105790081,-12.249116844609452,-1.3505677104063758,9.090089810159007,-1.1612895879967273
975,16.25,11.760598323954357,-4.046394862252998,-10.731953359890065,9.837332448587542,-0.28222753104287435,-10.095067657944771,9.91841390253648,1.804538286154512,0.0003775030472442784,6.961113567707951,-0.26176454143984296,-0.0005489506877542989,7.02689642871371,4.987410569225915,-8.777081776628025,11.26331067612446,7.29929738967657,-11.172711003592092,0.274662476126577,-14.055363975063834,15.0658161807596,-2.39425640916498,-8.774027715724351,15.351562253565335,18.84115208724753,0.00297529894039323,99.42986254309487,20.309723268059923,0.001360243423583103,86.77930674222559,-3.9399465126122397,7.90227933427572,0.00744152380461145,-1.6299155776336443,4.238748744174978,-0.0008481513781622242,-8.984564135007066,1.4715612412852617,0.5115014494749612,-25.35928185002256,-5.540860447178282,-12.505137850512618,-1.4712676801729332,9.303357912500934,-1.1412912408028015
976,16.266666666666666,11.629519543960486,-4.154167408467313,-10.589377382369637,9.832873473331533,-0.12630546498013545,-9.73515709506321,9.47677289403408,2.0348636373687627,-0.0001947921985765181,6.585750583656297,-0.4327483533547394,0.00018667536071838132,7.438530488959917,4.808240547743137,-8.9242651423319,11.02293654518527,7.009379190147474,-11.14883646565193,0.34765423852239424,-14.078268214035514,15.431583676271616,-2.2979267928595473,-8.744375773406105,16.033650315338328,18.397326229465342,0.004610614009882216,96.31844291909407,19.684760999269514,-0.007064160418405612,85.3774141916886,-4.195663011293774,6.639658780094804,-0.003984483821086709,-1.997108421353733,4.698563796729259,-0.001443599162880728,-9.481001849261666,1.4073498941331064,0.23418796368395892,-25.05866370690622,-5.513503014033699,-12.677075952016496,-1.364988030734373,9.612007488280407,-1.1958594004656664
977,16.283333333333335,11.053439349158692,-4.300614615420128,-10.501168490382573,9.399793952055154,-0.04212533999673128,-9.749810915568432,8.926503932103738,2.2982660581064294,3.866334646014671e-05,6.1555715567235945,-0.3633370200350437,0.00033515381866166047,7.08671616700126,4.97918718626421,-9.081949618237957,10.155114516132041,6.881318313342269,-10.650580932913357,0.6370740067688118,-14.07167231064555,15.874986218854707,-2.1206777492516524,-8.787751138682388,17.278084845932398,17.93977570336125,0.002807138518733822,95.51762470490561,18.866573042283274,0.00023843800400634582,84.11901941806813,-3.864013410620604,6.660799970933879,0.000643323532445297,-2.424087977518131,4.788198976909807,0.0007772843806501512,-9.571517576941995,1.3498831961054325,0.039928539581484845,-24.531358408031235,-5.226441054595039,-12.63755074127938,-1.3112841811802607,9.495399797447023,-1.2519002682001663
978,16.3,10.406972312510861,-4.3841845290186185,-10.385132049361152,8.739057496843726,-0.09781765529330744,-10.646839743736262,8.464097628712931,2.580920897970053,0.00014686357708109207,5.66118157413448,-0.37056981479187795,-0.00028510434727598325,6.865479099351042,5.178058159760955,-9.233910154248367,9.982321999506656,7.370796311637648,-9.791225062607824,0.4050368585875965,-13.974398323430854,14.966019570042533,-2.517179191622159,-8.737849894343933,17.900670596058937,17.797879853449896,-0.002868218657426659,98.18063199449179,18.788916902031723,0.003916180157419259,83.00644999312455,-2.9735040289712447,7.271876997912243,0.0008552507287592381,-2.969185455556241,4.42322082608739,0.0004841756368254221,-9.585280093882066,1.5008650728673796,0.3261435309342632,-23.874344931684888,-5.56975865184315,-13.107100614805,-1.3797688959849206,9.20413871753133,-1.1933576417247713
979,16.316666666666666,10.199150277880948,-4.372289333168065,-10.257240979410831,8.451878791148928,-0.06420635078228057,-10.768562007760213,8.31941138172945,2.64791162712906,-0.00018917379898924765,5.383783870863562,-0.5008564133456064,-3.427605258679256e-06,7.205585448603408,4.848175216577022,-9.204786146544055,10.381850680171377,8.010333023697884,-9.755290323219,0.14410306224395059,-13.689910819078566,13.431263403066305,-2.93336876786295,-8.82380769596231,18.985342646050263,17.845374542004684,0.000608114047362414,99.65357222569529,18.92585040170617,0.004704193163100551,81.4609321225918,-2.5037322526925587,6.993334254320856,0.0025163798871224306,-3.434017998200398,3.768508280476755,-0.0019464483125823603,-9.674105777797116,1.5723412121632114,0.49079582005076167,-23.55190401006129,-5.831634278305092,-13.478384727222119,-1.4331396512844365,9.165428033740001,-1.1668975105010377
980,16.333333333333332,10.10323973970568,-4.308707971801207,-10.439916673247295,8.319009113463688,0.039213302935291953,-10.14427859063338,8.159592054856121,2.4591271906818437,-0.00020157558845587158,5.116257850168495,-0.41742538475083024,0.00013420092661559636,7.137622164646653,4.845536280350513,-8.8858721346415,10.453145378347816,7.594305793937679,-10.483788514285573,0.31214023242287176,-13.647797759128514,14.658526900390708,-2.909696775273588,-9.019899393681902,19.703307401684953,17.801755077936242,-0.003514980553470948,96.89978359633051,18.53966571866228,0.005460530931099063,81.6464148232136,-3.5930060864953277,6.255226251954861,0.0033374863109939985,-3.1093256604160677,3.3365669924490797,0.0010195936719676003,-9.668056391539741,1.498418800600026,0.30415654201776143,-23.621827421648923,-5.806189077949087,-13.219646008513845,-1.429821059841397,9.238326924944836,-1.1840477537542273
981,16.35,9.440696946404174,-4.238630498473737,-10.79339938553221,7.683123486974364,-0.0020757459771788803,-9.59891979227349,7.738076277624213,2.403348083067867,0.0002652100739540154,4.618985459282408,-0.20039252794567666,-4.550372458876554e-06,6.721280877662441,5.171995269551688,-8.741368002566622,10.265050852043812,6.632505668019356,-10.903171255769806,0.36915009466820364,-13.722657953110291,16.60100443653046,-3.2176636773809477,-8.913500257412,18.696306779445077,17.62875186169004,0.003593439827999974,97.05588308521868,18.494929916799492,-0.005717638886909351,82.46570595735761,-4.667475383104008,6.2705538327830945,-0.0023333223757752816,-3.534473089792327,4.408785879814424,-0.005669013200516591,-9.518396774988082,1.4883848707453464,0.13164951547459866,-23.460534845817996,-5.676370073704368,-13.090973531165105,-1.2451250735460457,8.93408870301716,-1.1154830578089943
982,16.366666666666667,9.02864041398096,-4.090891915012236,-10.856873608031531,7.1369859471125,-0.21616898136172397,-9.159985506396243,7.524957775594738,2.399889033643612,0.0002741410256057511,4.262327866031843,-0.030704828901615175,-0.0001583812976481965,6.85620294275009,5.040201636398927,-8.791906318160297,10.452151602294943,6.540505786059535,-11.186415599212324,0.41318432580545505,-13.573590593605232,16.313661196692646,-3.5556478776074836,-8.589578235944918,17.620567236988588,17.270779243653767,0.004036671100617429,102.15538057838525,18.584484376660136,0.0001769732141955535,84.04789710766512,-4.24650274003606,6.394691754850186,0.000759502949148084,-4.306899736113924,5.748983736756521,0.0006100512710128713,-9.456763905256134,1.563415956789379,0.09150603928470931,-23.2675488881795,-5.191191769443399,-13.33702879374019,-1.2355516833502618,8.728652504046805,-1.0206178701753739
983,16.383333333333333,9.362894976824041,-3.9922189894457762,-10.973214329404867,7.3090047052879985,-0.2577189680360082,-9.267186271290797,7.545224319058742,2.281156516117083,0.00027288193305971027,4.167913150203795,-0.02073750384721311,-0.00029576275879246677,7.077273786363995,4.854181089508108,-8.448405070624235,10.610063062767914,6.807970915260535,-11.303910316534932,0.45761450968217904,-13.590346686602523,16.281889697516217,-3.5078729860080653,-8.475204950618485,17.392662529403264,17.137402637395553,-0.00042886944791614674,101.79334650076557,18.198018386066515,0.0015555188336983336,86.44367852942445,-3.9143219423002553,6.327483134479829,3.740719356204621e-05,-3.772137508171957,5.640211996470224,0.0002899484799747039,-9.808099823231176,1.602772173381192,0.12917749299060913,-23.21772230130648,-5.01828796939027,-13.905124746446685,-1.467761456233151,9.069833758146068,-1.0125984931811551
984,16.4,9.080017370838299,-4.1321317914272315,-11.15736738517857,7.21634696432385,0.0109788814738337,-9.866903982848964,7.287846751272885,2.367959356952648,0.0003439838226879637,4.129039310557352,-0.2965184367428194,-0.00029686864253537527,6.632541237164137,5.181439774997668,-8.32887740888734,10.276998881382678,7.385746466180995,-10.904457553775998,0.32055899670824894,-13.811967338964573,17.798718853126793,-3.8342996085928456,-8.66654549093678,17.56113169460305,17.243608141672617,0.0031449362334338687,97.05841977895184,18.299823980390133,-0.0004138074692910365,86.56994190451574,-4.452098973219982,6.656076287384576,-0.00043812649796466223,-3.585831080969063,5.634633843201958,-0.0014072079508577091,-9.955374007671601,1.5189693875197892,-0.061315722719365646,-22.946021576514216,-5.271296028736655,-14.10036581518167,-1.3455370244806246,8.995559348887953,-1.0883475457758724
985,16.416666666666668,8.574036862180252,-4.296796186477247,-11.016548379326792,6.878928676416821,0.15441897491319265,-10.055862708981886,7.020824409943524,2.6044337012560375,-0.0002577930950526553,4.072249787105198,-0.4807627386095331,7.28825026107459e-06,6.463624564513144,5.279869351766338,-8.628106888390892,10.178175147544252,8.13151242374898,-10.94700605370768,0.36578468153665206,-13.87024256339135,18.389359613794273,-4.199503576235434,-8.86049291424806,18.16283137914293,17.221154761683874,-0.0015563934345071946,97.88328375849753,18.805887319145103,0.0004796205256442107,84.70685070422392,-4.555342815102813,6.578500845101414,0.00031779612487716364,-4.307037015691769,6.274476935724982,0.0007895038083476434,-9.695795930775502,1.431968244482275,-0.3582771593151893,-22.75058176165615,-5.392286629415616,-13.64678198300449,-1.1207405876640795,8.704911202371681,-1.1632256040363331
986,16.433333333333334,9.069633391180512,-4.297859483023519,-10.686168428641485,7.196754186036012,0.0440108192506347,-9.632437129450897,7.064569222868458,2.6165422675318792,7.749387042618066e-05,3.908387761464636,-0.15506794278903957,0.00028290447759758924,6.809387004731529,4.802078390777329,-8.690793493939067,10.269439022810005,7.53044429972082,-11.599176747241163,0.18780247710292094,-13.694652726784783,16.571584267712424,-4.031739475504509,-8.692550563087233,18.473584617969205,17.519070308757247,0.0017840287260505493,100.43061690011272,18.61835905279463,-0.0006498809771938687,83.8681819764679,-4.226451412192961,6.178666076201283,-0.0003034647469185465,-3.8212121977447664,6.049641300105051,-0.002967831928939172,-9.999727783958534,1.4592139649485774,-0.0730998226941302,-22.58185656686808,-5.209050962389414,-14.059712635813344,-1.2551062242763498,9.16639853165723,-1.2038503823953823
987,16.45,9.324382368455707,-4.103960575635687,-10.767088134066825,7.411449753933892,-0.12658893015466605,-9.380065045688491,7.041164451790979,2.396747701145548,4.2458805695770875e-05,3.8761043815459884,0.12451028509464336,0.00015077306552697722,6.178750263973001,5.031894298982764,-8.772805202172725,10.039232967797256,6.45906543760328,-11.33548695662377,-0.34143338215711727,-13.532109359486306,14.90323756688247,-3.8712609394019397,-8.409011893191654,18.348845496755988,18.025178756117562,0.004767991979580897,99.8635345551872,18.033290316535563,0.000784419764666356,84.21553228397661,-3.794121757182819,6.996865395881522,0.0015496704131897053,-2.916154587733987,5.560323287330334,-0.0024299877926557984,-10.400790980140885,1.6777061414579153,0.17587123067912647,-22.294611469789142,-4.706500624214099,-14.830889362059846,-1.2009055671755182,9.413655676777559,-1.0940754666669466
988,16.466666666666665,8.611164949217253,-3.7483031444962154,-11.480074948755849,6.784803203796744,-0.39879207112190485,-9.844264813663868,6.791624468709102,2.192969387633614,-6.65375370027103e-05,3.8914440460979405,-0.13610677753287634,-7.110134851730495e-05,4.566896431205313,5.7978200413850605,-8.549500823702877,9.662499667896304,7.242749065438157,-10.44886311299628,-0.4961068991979347,-13.607597774679443,15.470090797285295,-3.8682833424372687,-8.356804890420198,18.515440003401835,18.072755509362924,-0.00039538138052513044,100.87732141344654,17.780927468414113,0.0013702121767720638,84.05726894884089,-3.6127151774833903,8.017120254713381,-0.0009339758515372184,-3.349345823382202,5.392400762686359,-0.0007478352002788567,-9.92259287911841,2.0804595210264134,-0.1429508850042534,-22.14229496327118,-4.690024292100813,-14.419715954197583,-0.9427392505154208,8.811195431545666,-0.7847962531948759
989,16.483333333333334,8.228568699148385,-3.6001739747220007,-11.908743953314936,6.307948895159042,-0.606618111967737,-10.165385871627114,6.605920207048745,2.2467466646177985,9.775620085916958e-05,3.672314908686694,-0.28667610323457743,-8.901270343005408e-05,4.012710896442297,5.742145008679677,-7.879636762967461,9.501061099622014,8.100953336194038,-10.438595805951728,-0.30420379367611844,-13.680846863302143,16.27347278011229,-3.86680225258407,-8.320690722013275,18.256363919303062,17.95395449416018,-0.00032538296293052637,101.98488399430661,18.06943477637452,-0.0025020624220064864,84.54734473440445,-4.506307781179256,7.45368926837074,0.005832874553255524,-3.6768142467218805,5.336296279653002,0.0006344520006929707,-9.447214257302507,2.334303963202576,-0.19270445144612444,-22.05177434261828,-5.301778355592663,-14.44569588771468,-1.0727785503060179,8.514574091183526,-0.5851808012384692
990,16.5,8.500494864367889,-3.7657718037578363,-11.779303842824689,6.604085801515801,-0.5639156590830017,-9.670851581678296,6.686411749453903,2.4593520044765365,-8.831358146663733e-06,3.650818642278622,-0.11309682228167266,-0.00011091020985021854,5.331028192938029,5.248616129213333,-7.847141565876129,10.115456477444546,7.371231025352705,-10.897166081934053,-0.06150643177512116,-13.633755254930612,16.473712463993415,-3.941770590433516,-8.244128181523157,17.079177112927436,17.711088124218314,-0.0020786556580507307,99.58929012577865,18.69989659468398,-0.0013661046429403563,85.84803455290367,-5.13354110486928,6.125274315560111,-0.0033980020643424418,-2.907201211665458,5.750072038699835,0.0013093028981454268,-9.607002747361955,2.298566014475418,-0.11036058216323257,-22.143277996188193,-5.587077995749895,-15.36007132552342,-1.2069230857705129,8.856832109217603,-0.635389520892324
991,16.516666666666666,8.630372101599004,-3.916730707225665,-11.944457842457924,6.832866138778164,-0.4176033143491038,-9.526388968541774,6.841221191050837,2.475247817832229,1.9766932915082117e-05,3.7840734155653517,-0.05402540437496785,0.000172150139698115,6.351542773603674,4.855766856729557,-7.933365501718418,10.51232554511309,7.36260586800712,-10.942556690596078,0.23052954232284525,-13.662365829858436,17.17211780787641,-3.886770067670384,-8.273952342670695,16.82422840549625,17.091561539745303,0.0029460053365204194,98.0384735177894,18.855978648271517,-0.0005561374195392159,85.42473381956967,-4.625818230014647,5.407820197433403,-0.0014412850332786121,-2.6011338019028885,5.632308201997547,0.0011026663238228867,-9.770295220310892,2.210403566878663,-0.24882605132704677,-22.401042439668302,-5.745609705023864,-15.198204962929115,-1.0595899440448675,9.031641632171487,-0.769510905961771
992,16.533333333333335,8.528649260689935,-3.9968230067390107,-11.885076053020077,6.7252310642558415,-0.2677654484312142,-10.158205301181177,6.758240234663366,2.275679663457586,-0.00013515585556398384,3.709473180992339,-0.019334631725586388,0.00011306750591614437,6.02475551513165,4.929266000794741,-7.830614981766998,9.845658954642762,7.830661296799034,-10.43908957785801,0.16407440538585394,-13.64053549462837,17.913531517924863,-3.6260807962429484,-8.25353511833581,17.948224923000346,16.676921821450374,-0.0023441197783471575,99.28734333711634,18.342593780654376,0.0007640172106867962,84.96914492974282,-4.337889766103031,5.609071135246114,0.004243029527138784,-3.9933609231672573,5.086966151557249,-0.001621869181451627,-9.934141243057024,2.025913923435769,-0.28664585659508995,-22.316356235787865,-5.89986713185152,-14.793291938550864,-1.0286935411090763,8.976230173466835,-0.9568084972129302
993,16.55,8.383708345862841,-3.934635897538477,-10.823091177106154,6.661591244608253,-0.22185487344228721,-10.244637557602065,6.462846819704587,2.2138121354297478,0.0002953848008047605,3.6284442020616936,-0.012574395205978707,-0.0001113615703609795,5.62730440108553,5.718884599744618,-8.696409793007232,9.432875742636087,7.270291760157974,-9.916899983238034,-0.32142722557560005,-13.468590501982938,17.85724556069889,-3.506657123909775,-8.18783883998392,18.429068940612392,16.615733745578346,-0.004015604978965343,100.44557431251853,18.24796715388628,0.0006499100705926509,86.21633396471186,-4.4332236232981,5.407931648927789,0.0034214884982874606,-5.160709734827734,4.979370191610912,-0.006790886157377181,-10.150953578101875,1.8954137726444784,-0.2595491967634529,-21.99743309502539,-5.821543465967369,-15.71654812326289,-1.0352972081979923,8.962888134377872,-1.0028282841977358
994,16.566666666666666,8.275972664256646,-3.945658346390549,-10.230890571005963,6.5265678572475565,-0.2536849468283781,-9.621450483427296,6.4052336646949435,2.4470361569360084,-0.0005437790785876686,3.5485062004584305,-0.03413910741433179,2.8969127253385936e-05,5.643256405084703,6.092901982243284,-9.242127392402589,9.577703700482575,7.0664859905845825,-10.379488422241282,-0.3028993557343691,-13.478134147111877,17.1573249236956,-3.58389680452884,-8.28292765780297,17.704392000316915,16.527856229361003,0.00013954589852552518,101.77935629922091,18.994558349572383,0.0011250898611992258,87.17819069407007,-3.7891119673068334,5.086607168333129,0.009402666504705675,-4.071846687831536,4.887894210770035,-0.00017740791679965112,-9.897956197845273,2.018502577564845,-0.02270457206926925,-22.085281304654377,-6.062781091199132,-16.478364043773304,-1.0400462380677125,8.90064436348923,-0.9365187969315639
995,16.583333333333332,8.447938977432527,-4.325499577433862,-10.802049415999246,6.419947659735591,-0.07467515152319781,-9.185033551066201,6.841758556130321,2.6100089288444277,-0.0001901210024510204,3.390447219676847,0.08030229724715311,3.9551830236333094e-05,6.413475413926856,5.638986199478719,-8.491485070525455,9.825301870567431,7.568946724555068,-11.362656857245282,0.2724005015226809,-13.608221516371074,17.020611706350724,-3.6740933418657185,-8.336904236820718,16.792428775481582,16.194308958036157,-0.004439359023348491,102.99696796829252,19.732358578844302,-0.0010835549080750182,87.50483320101952,-3.1669134870320343,5.683651499850961,0.00873793620632396,-3.1512632494156487,5.562011647817881,-0.0017216136636287905,-9.633469140377864,1.9163521032896944,0.24952551824586172,-22.348885560669157,-6.042705518795505,-15.829685419059363,-1.1774139216814803,8.92892263205273,-1.16257806674359
996,16.6,8.752304294507093,-4.483486614542546,-11.074444615151224,6.624215102775149,0.0456938641465694,-9.012977308281062,7.255119923995512,2.574637683849047,0.0002633929880561299,3.4285359689998187,0.10423657546035435,-2.0109864121799144e-05,7.327952422239198,5.1197887192085005,-8.35869645340774,10.282581645207364,7.443387118122051,-11.425502723878402,0.28031132791319713,-13.4977754534296,17.694176977383695,-3.7055033435422065,-8.23734496301555,16.228339664484743,15.7520104482629,-0.004285745340239183,101.88247637927417,20.018379575476274,0.0009311690709124357,87.13567018780698,-4.004341736426124,5.270532129607521,0.007462486785382458,-3.7233679098377226,6.637094501739045,-0.003624831801055889,-9.94661989311866,1.695266440617944,0.05936139708479098,-22.12879421875686,-5.232820249715486,-15.178344871322784,-1.0874439268196474,9.12792109791997,-1.3314296628201627
997,16.616666666666667,8.649520387563948,-4.237427749524804,-11.276066677206705,6.693216641075437,-0.13577692556298304,-9.182687499287214,7.232740061567759,2.5495718171819397,-0.00023082757588863974,3.6865756107947316,-0.0037819995697908853,3.356690773266159e-05,7.123943430345171,5.096427380813048,-8.677126463360826,10.519549429886327,7.0870760160260975,-10.616560197425647,-0.18632042843132712,-13.367947337168879,17.766960039444086,-3.588216306665602,-8.248238032849036,16.014887904941077,15.804491727949346,0.0026396586648753232,101.024868578344,20.19904902263129,1.4538020878717357e-05,86.59020033061532,-4.891810488398434,4.535582058535485,-0.0005356654070015349,-3.6618584777904775,7.069571340916826,0.0020170104058426018,-10.051532873077791,1.8412621744290258,-0.20620065949045843,-21.883388012789144,-4.893031008893761,-15.436492375352554,-0.7774328396375361,9.080088372861654,-1.1464538516208211
998,16.633333333333333,8.4617870068103,-4.261876165883232,-11.887436931972363,6.53020238615619,-0.07740337010788503,-9.720672999095163,7.158163997820305,2.428598241054244,-0.00011310060177542905,3.703674335284096,-0.06769786018437095,-1.4998182675654998e-05,6.947681589070166,5.671763655872399,-8.234149599641274,10.411428945059969,7.163649244057727,-10.037341119989144,-0.0780795616499045,-13.447133474224076,17.966849027367214,-3.4335154745938063,-8.387501664961636,16.44876741673045,15.74435207735146,-0.006855909570708618,101.11540933354554,20.610752415046093,-0.0008824770022522848,86.77351326271048,-5.2245889588816965,4.672938587213525,0.0012138007254318764,-3.5669494410816385,7.423411097051647,-0.0014067769767095268,-9.801974956601741,1.9614544602865824,-0.08303451765432988,-21.929081157273824,-5.3230013145087005,-15.666141991837765,-0.7555196589728942,8.968438913364947,-1.1727454940324622
999,16.65,8.81114150886537,-4.511377198488086,-11.55884278536467,6.777336118240665,0.24106962060010984,-10.020865526908091,7.165366805522272,2.3712213929539927,0.00023086549849529064,3.5199135559929737,-0.05811174245401122,-4.0289011279430054e-05,7.323644041289236,5.788158230504354,-8.25174145796014,10.250734115322523,6.640330888013006,-9.80881031553304,0.3628692612366976,-13.609451354638155,18.605509521276712,-3.399942203641999,-8.381786189404615,17.074456739620185,15.369780542917306,-0.010325530778076448,100.27117083103445,20.95128748417609,0.0012750136511221596,86.55307649636033,-5.196168974885866,4.841007555476678,0.005895791947829926,-4.694509515537801,7.35093768589447,0.002296420698413007,-10.01810909221009,1.873877713540189,0.17610366776114816,-21.964054466138162,-5.648630913006192,-15.531775396524434,-0.9541854196926574,9.324817525938615,-1.4267106144844683
1000,16.666666666666668,8.97082107471722,-4.326943980152894,-10.965611859424879,6.941136323182334,0.014194447940624758,-9.759170245898103,6.947895209957764,2.4974189825769546,3.057768434691603e-05,3.5240262673238685,0.13961076631481859,-0.00013749556515262965,6.594232032913752,5.400926916175257,-8.630190688293604,10.184754805346703,6.009392753265925,-9.8388791785078,0.32791071873288047,-13.685491786343148,17.843024417081764,-3.2472511793620638,-8.271793432441495,16.844288475032254,15.820699826198052,-0.0022606807384109116,100.37118618189567,20.65686618225774,0.001238464888151073,86.4793477533773,-3.9086179262284526,6.077852681790313,0.007837823922419664,-4.956006544529071,6.915294653621895,0.002421838477399819,-10.25828835026508,2.100505613372956,0.22108390980136503,-22.252285996332407,-5.68819809322444,-15.480208921425739,-0.9785847304901527,9.492319992404463,-1.245668715863587
1001,16.683333333333334,8.524992714403307,-3.9917168391160196,-11.188571041789022,6.446506562905857,-0.49008476477505614,-9.411446805851835,6.765586334374225,2.5667265721625627,-0.0004384637774165549,3.438977507075325,0.3627894152364265,8.986104311910722e-05,5.701404821966575,5.301206605559596,-8.339482808399532,10.295776940394315,6.501889255098631,-10.371542415559455,0.1401264644112598,-13.583238172512461,17.179388859163076,-3.030811866407653,-8.343782835036091,16.06074551368024,16.063386798501806,0.002427498555296076,100.47169114465073,20.234324325803367,0.0013482356714679521,86.19623884338101,-3.4335576746861114,6.435329241535773,0.003730439598081861,-3.3277400069795755,6.319282926312047,-0.004167450895920047,-9.965315111821734,2.42980801685248,0.1442216203671174,-22.60659235935822,-5.59919700469156,-15.512922149019655,-0.90323687124148,9.091391371180576,-0.8707746460260255
1002,16.7,8.287357169507557,-4.138136656023631,-11.293685271850135,6.165027779910037,-0.3431425808213805,-9.45173750236848,6.835583591221636,2.5821713834289852,-0.0002668627955859887,3.234886506075654,0.30094107757598043,3.260850381737408e-05,6.574116892925208,5.181044193048324,-8.122048341946938,10.49808066275112,7.16203492072753,-10.821702684512635,0.3745424452055102,-13.456983257428073,18.05082231206656,-2.992933562641894,-8.471216806490535,15.645678252842739,15.274895455067023,-0.0003709003869014228,98.67902342030429,20.3341377750196,0.0022248969029499935,84.4814058690086,-4.323307769133338,5.071172978348536,0.0055558675262430135,-2.4030250021135386,4.871534031341529,0.004505455724107036,-9.7618370543656,2.2976579084485844,0.10410673607179756,-22.64758096383105,-5.517950999807249,-15.534674504480083,-0.9448749635095983,8.960310366961707,-1.0082520832457467
1003,16.716666666666665,8.465316962250004,-4.397942277475672,-11.49214952306638,6.4320745770980565,-0.023436422633490175,-9.271589998584647,6.9342041024814325,2.5487335643701,-0.0001443477204595752,3.2896714836162904,0.27708017952856046,8.928644040222485e-05,7.6604260747350255,5.289159398032115,-8.008491009705317,10.721791336512103,6.839651955127098,-10.999792055184262,0.6489139634996404,-13.464784022427937,18.445633260335914,-2.917418498084044,-8.608744656715874,16.37748107585068,15.005328476414205,-0.000180362879571604,98.66346218143516,20.622718352919303,-0.0016861525474556945,83.09503972987858,-4.4851180768152075,5.00705008183236,-0.004835110725499024,-3.5288907697720737,4.124303440341857,-0.00199978438094666,-9.967844171003911,2.0456005062714513,0.046068444197496373,-22.535014276027244,-5.353593934489223,-15.503412202232385,-0.9456725669175094,9.24301510859977,-1.3141501254256032
1004,16.733333333333334,8.327469993218465,-4.417859733141008,-11.838140942306536,6.393316770956029,-0.11719615532860832,-9.073915925165164,6.941926739375083,2.5768251455651665,-4.4447253661114076e-05,3.435136292673042,0.4427579049795297,0.00011811023094238782,7.558766737140067,5.595491687923905,-8.017031509067598,10.672254138265636,5.936430838258054,-10.682121408217945,0.4652512239999618,-13.500189073022899,18.009701271544845,-2.842495624133639,-8.810654138736409,17.228593028072662,15.248417619742924,-0.001988544913223528,100.92609281020462,20.83980054037964,-0.0008511495703736412,83.05250442848589,-4.872055931863258,4.454932019976416,0.0075911132118927326,-4.375443243459011,4.856293489954476,-0.0025876444361212086,-10.010113882714842,1.9979254980478451,-0.008329408501455676,-22.135377863778146,-5.019924142388075,-15.482791332166794,-0.7345820817784973,9.168866842550546,-1.32630260308252
1005,16.75,7.752894777599354,-4.281998690074696,-11.562364356436339,5.8788364912675934,-0.26113092542571553,-9.700508719605342,6.786982929300448,2.6661440514168917,4.415567375869335e-05,3.438509952669182,0.3991151233718585,1.6543278893352213e-05,6.9947669886331,5.265469536773855,-8.368720410414495,10.356305698931894,5.774047428500453,-9.822130965144792,0.29627506164643885,-13.581218308357844,18.46200912657632,-2.7368535003757426,-8.715185726555186,16.677997019710627,15.109436598555332,0.006005036739278257,99.11764319095957,20.833378246523623,0.0025016114147472118,84.30188852551083,-5.401096235731384,3.114625837034466,0.0047733927450875745,-4.04384066498522,5.297207109700156,0.0013750440619108833,-9.564328003862624,2.1258834240674784,-0.0074990565581273035,-21.883581627891918,-5.074492992961288,-15.456040598802891,-0.639047896161564,8.694535276640728,-1.2132269042910724
1006,16.766666666666666,7.489869189880973,-4.123987838837723,-11.401246836060032,5.5595651604219745,-0.2846676474087641,-9.865731539390884,6.7024606031797935,2.5776907810766168,9.938747743939245e-05,3.3619971020358195,0.3018442913932935,-3.476469861644025e-05,6.722564474082282,5.02640864735996,-8.313783798073404,10.28085212774331,6.530006365472779,-10.172493764724209,0.39026347395481603,-13.775899827387994,19.24478675489929,-2.4537378757514,-8.54763820539806,16.596120065318008,15.310078950578692,9.472454526960971e-05,97.08145621435368,20.64968029501232,0.0024673370931963877,84.77240232498022,-4.4734679778624695,4.649738179111065,0.009390188084171913,-4.12752337185772,5.603869892554202,-0.0005652523886755477,-9.234836843860782,2.34075745145457,0.023953667508901866,-22.22314916894332,-5.446033680197666,-15.14938007223095,-0.8451796640986259,8.470213596092558,-1.1517056737536293
1007,16.783333333333335,7.510621048220263,-4.176515903759389,-11.746890979162997,5.503186830357231,-0.26230475484813903,-9.35719101588423,6.893601228947677,2.5195837332573414,-3.812521514868904e-05,3.3429039254703565,0.32686698681353055,3.605137864018416e-06,6.968722423504247,5.516208051229023,-8.15674430830665,10.460487844038578,7.1337010841242,-11.03361605344768,0.23301020889686105,-13.753355213486929,18.245897989441062,-2.417612336529962,-8.64651289076474,17.394182405879324,15.928991154022928,-0.007611775898979359,101.428130346428,20.711516516536626,0.0019820711055745176,83.42340782678734,-3.5083533729249345,6.80237573737771,-0.005729257815223951,-4.121650516368721,5.830650068543046,-0.0023004060378775015,-9.238552151600572,2.3854504746030845,0.036896655087426004,-22.26762529113813,-5.510817514686696,-15.035620562898561,-0.9152471402005354,8.437027324892004,-1.1708286457143324
1008,16.8,7.636615679507165,-4.218904648170223,-11.90523427168811,5.618222120851483,-0.27914488842087354,-9.669663015264073,7.091275413638728,2.6152311159918904,5.835877564729468e-05,3.3824975465677127,0.2270536329176971,5.7074127173830995e-06,7.283068485931274,5.501573235143051,-8.24550197791935,10.744616613643691,7.108610638880185,-10.332578816474053,0.06941467595595886,-13.580163735870805,17.06840547392876,-2.5710053986131474,-8.707637265876587,17.344718085021785,15.986666843876169,-0.001940905685895698,101.98318958584152,20.872936570843226,-0.000763601506553986,83.38175920817126,-3.4952791384934194,6.792426819042038,0.0011276328207793054,-3.478313784386628,5.057892050038791,-0.0023639218096552063,-9.386878222864567,2.400130170637683,0.10403791194406323,-21.766639934985108,-5.5158034145803105,-15.420749863520848,-0.7512531662434966,8.527979318906803,-1.125407991467538
1009,16.816666666666666,8.09835478209854,-4.058828269013858,-11.751998407795424,6.065468670455169,-0.3622066246445514,-10.04503205177228,7.050214950694054,2.5662707906256816,4.181436895390172e-05,3.3567695472084753,0.1511022678716683,-1.4472333355193462e-06,7.278540518609149,4.987884784239736,-8.205088667636193,10.884236820692015,6.943581135812051,-9.714205248786813,0.29536896178321814,-13.694886144157262,17.680010862230386,-2.436006831223644,-8.686541501077949,17.22961206608503,15.796965285357578,-0.006258779067479665,97.14290231418188,20.77508382951346,-0.00017451800365997038,84.23442648544997,-3.244807946099133,7.064974094782964,0.009924222907578247,-3.5397542461111957,4.651784687724389,0.0008263091459281876,-9.850165984586937,2.4955094451944904,0.20001208297824807,-21.675731485835982,-5.572537260024114,-15.313033850023954,-0.6732009696854298,9.014481596908062,-1.0359317520801001
1010,16.833333333333332,8.161934895197138,-3.9969375094182666,-11.705562044838787,6.218847532944271,-0.3771122164907845,-9.898846746498386,6.898183249127866,2.4056021290983116,1.6777814873680877e-05,3.3889015967751495,0.1961822570406156,4.773363644866106e-05,7.118568792773165,5.440173753420839,-8.32308369285644,10.581816532063915,7.52968098275357,-10.191751053279134,0.45012272247418783,-13.829122597616003,17.987529911647297,-2.2747160613633843,-8.63760594871513,17.124650869462258,15.97741660341062,-0.003949141407936057,98.98694627412749,20.730604816728107,-0.0014726396082677372,84.27060059836268,-3.244434744555397,7.300699661951767,0.023395003345128767,-3.9820988634652923,5.016709843917103,-0.00015193357961255252,-9.948699743586266,2.454028448613191,0.1360174118911453,-22.10031732255154,-5.478703589406248,-14.863535142110901,-0.6165992243585846,9.157666372500277,-1.0763036958723249
1011,16.85,7.648699945950779,-4.133474011377003,-11.762487781386078,5.8989115024387315,-0.28783232599082204,-9.809560787927362,6.834581981627216,2.420346470425127,0.0001940610075088279,3.549019145338622,0.21795559067393097,5.3720380143310345e-05,7.190049846385163,6.148395739619825,-8.731408298446487,10.396344974376259,7.996567412911758,-10.411577347217488,0.2916374156611092,-13.789647339136348,17.22806699283728,-2.382754284467352,-8.503529632549888,16.673811322861606,16.162021958849806,0.011551935730128322,103.70933604667147,21.025488428967712,-0.0008509152601570352,83.94960234082218,-3.670167146279929,6.532232487931104,0.018896652459229116,-3.958936749560763,5.008372874909482,-7.585884434172782e-05,-9.461646285699171,2.3546321842015714,0.011733674221265597,-22.31847677947053,-5.4936486589418605,-15.112818101777114,-0.4713168322925428,8.733482218338482,-1.2067489894395642
1012,16.866666666666667,7.813437079280869,-4.3420980674739384,-11.54603831161786,6.116520289657393,-0.09023664409559043,-9.718393002819417,6.8396745217537225,2.5550347829867768,0.000262303880172743,3.6341120217478804,0.24316707558120168,-2.1857314501663272e-05,7.4612795165197765,5.59917702111182,-8.814122467647884,10.586569074026322,6.804353898629412,-10.010775717705975,0.20440761312141884,-13.808690131350767,17.167416349261064,-2.3482851729273686,-8.336326099672583,16.448430007632957,15.91009547713223,-0.0037810258004066116,101.68700915236273,21.135637005354912,0.0031553595174278024,84.31317857345341,-3.8661611461860432,6.342882309699664,0.003014266802458919,-3.7339834449007125,5.263661297394637,-0.00012467343730671477,-9.66637423382475,2.2665185468088196,0.06993137025054393,-22.208134325151335,-5.73204303715557,-15.448043956010386,-0.46706041504992807,8.9220595281864,-1.38071784489864
1013,16.883333333333333,8.372927466287106,-4.3909917312510025,-11.639414626196533,6.577908696142002,0.027612750709765047,-10.000465188488663,6.84682656763814,2.484463369801222,3.0413326984795413e-05,3.6245792690435317,0.22138777664370668,-3.7134922817831015e-05,7.526614232101516,5.282588721778102,-8.246605341780521,10.739246571863433,5.841897594406855,-9.289543759423418,0.2362094588862197,-13.821008255845367,18.486944890011234,-2.170691076065432,-8.326041895067574,16.559214046910572,15.346758346547906,-0.004406733171202962,96.77235502567902,20.95613254212001,0.0037211942072574223,86.6654655897515,-5.2212460954133,5.412166853265174,0.00805121087269197,-3.5782429713960893,5.96646213533936,-0.0007747623214116785,-10.286858054143876,2.1744582980313183,0.24334322880342812,-22.05693133092822,-5.852887702767216,-15.351470670855917,-0.6205089283100498,9.456873187476154,-1.4600785158609726
1014,16.9,8.041484152427913,-4.207969003482023,-12.092892890226615,6.1984899588689935,-0.12678957405165311,-9.814989317276313,6.803513971139593,2.301161629433013,-0.00010512548209238292,3.507549687529519,0.22078062081751065,0.00011535772093695324,7.556883359395135,6.184969670512861,-8.016952523663555,10.86477838717854,6.681636266632232,-9.575156010227367,0.09772145000682642,-13.908728288234405,19.698266383394103,-2.19716747971496,-8.5602517832478,17.66074576565892,15.49117457801868,0.001232768981329388,95.3767822312263,20.844383110081605,-0.0020969731165490467,87.08947411590724,-6.1349215136570345,5.352884499279036,0.00873219361148173,-3.9474318222970712,5.7030116188748226,0.00262478162435153,-10.041376680344095,2.291521447414906,0.33463559779575525,-22.078291752869116,-5.752984596540641,-15.24850860863323,-0.6766732615390936,9.186716937772037,-1.3253382523225634
1015,16.916666666666668,7.674351616017937,-4.18885258588168,-11.76503660068767,5.871037755287107,-0.17863510048827513,-8.762860442633654,6.731742293960446,2.384346342890576,0.0001950004529556581,3.35183714292554,0.24325337938672545,8.148009208589788e-05,7.6305080365388624,6.235134132416226,-8.661160548415292,10.844816720969293,7.251236812274643,-10.792324237631712,-0.12204173165144976,-14.016334317821698,18.866113025705637,-2.1318323007496627,-8.69736096744597,18.422099204688752,16.377617699252063,-0.004153252204052002,96.88508425843763,20.597631803119402,-0.002218153938940009,83.96465590274623,-4.319495528213472,8.071398822874063,0.014433979101017099,-4.007361407019026,4.8573353654974865,-0.00016358723891198357,-9.716146895698813,2.380570762327528,0.2694462859432705,-22.330133805251283,-5.512734303215621,-14.895724519233726,-0.5890998456283775,8.922477263672986,-1.2765314273009363
1016,16.933333333333334,7.846877966074365,-4.411832604606407,-11.42098204360531,6.192016961769027,0.0461719642924855,-8.785814116725646,6.629198443054346,2.588929069788513,0.00012884407105688135,3.426094213592345,0.10064065044631225,7.310170455232951e-05,7.3649496914609145,5.4627351678588285,-8.982625736497022,10.422564778073353,7.079108315090608,-10.593893970246517,-0.20562714089399386,-13.740087258750195,17.105402253779573,-2.0151301039442076,-8.598473241470781,17.463920812954743,16.479895123495325,0.0038906495076615217,98.95033906150788,20.541563449113053,-0.0008138844908413043,83.19834171997601,-3.321543032961538,8.59688049411678,-0.013549558485569444,-2.9471618544234053,5.115315423571323,0.0031875877461784593,-9.90650269880968,2.1279395415702465,-0.006505518214677291,-22.382346052427017,-5.195350904990111,-14.29759160838999,-0.40509372780142944,9.180169485757995,-1.4577585499720664
1017,16.95,7.807482114212182,-4.508835782402228,-11.795493653309132,6.259771075416439,0.0891054625755651,-9.380384656176583,6.534826011909819,2.734188817152654,-9.859936081792835e-05,3.4859489844872806,0.008782690199785106,7.073467101879018e-06,7.054863322134084,5.24135540809596,-8.578304619232165,10.286960099783572,7.429865008550994,-10.059596164411348,-0.0499692082531343,-13.379532908166361,16.515643465097977,-2.009769232130754,-8.538154938783608,17.157032821710686,15.529171346601983,0.0005899750096741194,100.50024002785874,20.739579975797863,-0.0016981329566221378,85.44035222107905,-4.866651823310843,5.856315576077178,0.010005233775365848,-2.0320457213370084,5.441918478201148,-0.002410217642004158,-9.85920827646633,2.0558762623975957,-0.2120915805768283,-22.44120483859385,-5.2882283884642405,-14.049813210717993,-0.29537989032305945,9.233552957465529,-1.5210833107105308
1018,16.966666666666665,7.8349006028144155,-4.403847507667608,-11.782701152249667,6.1182349258385385,-0.11406026218185353,-9.218279272326141,6.610575109616565,2.817986396529246,0.00021123519340276585,3.3137720070552965,0.11287828206064648,6.255318437448291e-05,6.981501771202082,5.306332447597005,-8.328583319972225,10.483416775267964,7.593185749410051,-10.578001768416643,0.15820541260667767,-13.334295156620382,16.31374704067833,-1.9535318277690878,-8.534451268342837,17.78926041515817,14.824363191162627,0.0005301104177993881,101.42952917631804,20.61742854906552,0.0007321908449535492,86.00178698432953,-5.512475966151318,4.159687130642078,-0.0038681602907048953,-1.8945455335744088,4.640443322448959,-0.0012593847638325646,-9.714092024708577,2.379422634648221,-0.03138728190416791,-22.940755118372206,-5.623814883808832,-13.955347546697691,-0.4544634603311277,9.243930093075386,-1.3383206272256525
1019,16.983333333333334,7.781233307748788,-4.295963278604382,-11.670840271586222,5.929337009365769,-0.21993688034907666,-9.245961548828427,6.72464004578408,2.7649227837437,0.0002568397672797791,3.2116878034573735,0.1536602244595143,-0.0001039938866875832,7.113741548919581,5.5814604904200245,-8.400105615456077,10.407184672749613,7.339436986563291,-10.483157129329884,-0.0532266068411313,-13.408835256235044,15.737326436644357,-2.0322933259847415,-8.466924542001474,17.6947396984541,15.26829551838453,-0.005686171464761125,102.89532975186525,20.594143623135295,0.0008249877425799779,84.19812036819356,-4.940691352476908,4.833078897821873,0.0010645061406487878,-1.9306655845491967,4.471837157493181,0.0013182339413341227,-9.594259384105287,2.5642620864067407,0.15229595878424196,-23.131709066211826,-5.660601729446477,-13.809744886712426,-0.5348294759658536,9.161468019609906,-1.1904171232672458
1020,17.0,7.6788488899537555,-4.362114675875512,-12.068793340240275,5.901331704717924,-0.08532865135859845,-9.404817166402486,6.7895405443931915,2.724355518515235,-5.588319832127239e-05,3.2986950639561825,0.05715529767129948,0.0001180161390838741,7.642375104433506,5.642791563467561,-8.453496867596504,10.708025743808102,7.4717964389728,-10.182789788202458,-0.4429889689534425,-13.439475222608385,15.670266318462872,-2.0721859998391516,-8.435873359259848,17.868974814925885,16.159474870927543,0.00035146101622426847,103.1079255716365,20.66929916019996,0.0009689544645986112,83.6825259622764,-5.587035521924825,6.060925825879226,-0.0031720832413578313,-1.354472348204281,4.884746240023767,-0.0033342209250050384,-9.620460640643111,2.401824513939179,0.13839431827460746,-22.914604226573424,-5.712369341919519,-13.78493068723843,-0.3522305351213449,9.09067737931075,-1.273664403576617
1021,17.016666666666666,8.248517087537051,-4.504207469897993,-11.95209086968546,6.406050221853786,0.14463370911440165,-9.082053978509856,6.987508531911435,2.6944700457613386,7.668455763216503e-05,3.419646536632509,-0.04830298292784269,0.00016443206832461252,8.050447264052458,5.233933665964778,-8.616607391402043,11.234740844265762,7.5229500343346105,-10.60939410815679,-0.5034680677603834,-13.44158458035241,15.618489669035867,-1.8953172840848065,-8.390876712226154,18.338637397122397,16.47514581908462,-0.00037097585998823655,101.57808061622625,20.311492916325676,0.003994920413140843,85.438623986184,-6.25604482268065,6.6036499347709094,0.001892523350920326,-0.802214808387331,4.363684218576517,-0.003360473869088935,-10.092464344877076,2.2009341994646516,0.28778401355525113,-22.84472930026672,-5.753800229903557,-13.662390975012956,-0.3699234284235423,9.519534642788111,-1.4662251995285491
1022,17.033333333333335,8.666267487877438,-4.588803526044732,-11.247845202186468,6.708265009823677,0.2765940843985892,-8.988846406089063,7.131573308431254,2.7803242752053956,0.0001153985829698996,3.4142375636091704,-0.16194719690543477,-5.024981340570615e-05,7.813415814128678,4.816529398464556,-8.986650533735133,10.941858459239544,7.303046830323175,-10.542223383191217,-0.5034625712958329,-13.499778236838846,15.412367468083763,-1.8401906641505528,-8.24396327195818,18.05268702309982,16.465895901147356,-0.0007120892544847775,101.96155437391694,19.881367754412636,-0.0036479890625276588,85.73455064474624,-5.667907061131846,6.720077491534346,-0.0013688259649782119,-1.3836325275803067,3.929441349757749,-0.00016475361590096018,-10.344955543067723,2.206625884650551,0.38690199437107103,-22.700364093262657,-5.433837254465722,-13.693172559114878,-0.5377118735809869,9.800204386861877,-1.5449212257721294
1023,17.05,8.637568212277227,-4.588840908154249,-10.971073512448655,6.757312694013498,0.20717252640001857,-9.38821514343399,6.995530834273943,3.017446213578502,-0.00014684413220702796,3.340632706843111,-0.18558568718864596,-2.7082845844160253e-05,7.603453480671277,4.580941184777481,-9.318599314288669,10.62458316642537,7.237380349402243,-9.926717873873727,-0.6787792258941756,-13.642307564423719,16.051814515458442,-1.9018634148339915,-8.207718036960369,17.642356728801115,16.513086918094423,4.6981215397333995e-06,102.40885175448909,19.69271822750278,-0.001033377822900263,84.01532760405743,-5.588244960995414,6.014163464806865,0.004209711519072352,-2.0370409889647125,4.298538631921415,0.00036684774481044304,-10.44406070458645,2.2968316356319303,0.11013997989304822,-22.431642992692257,-4.9611832407446625,-13.822799337240905,-0.5002470181808253,9.88047653476692,-1.467846178691621
1024,17.066666666666666,8.79623673855529,-4.56290498244234,-10.974220585492267,6.880349967508982,0.10680208329757625,-9.461236518568802,6.953270376337996,3.012640009083954,-3.336576642274209e-05,3.3017466236068502,0.013225340673324584,5.553975345835365e-05,8.014510268351216,4.603766580927561,-9.473459073196556,10.872474690366593,7.146913934182542,-10.240108601509423,-0.8659277439035603,-13.610631733522771,15.866797726106054,-2.060921626379473,-8.326948290447321,17.66173556301565,16.518464129912946,0.00010313909115237024,101.35886261015895,19.72242563795168,0.001454619189658899,83.3001333035265,-5.587982430645445,4.869568551108334,0.0031934316771212562,-2.2323124342279153,4.492479328572818,0.0024340086296015086,-10.741983689601327,2.225297068410683,-0.03617503557492332,-22.292108711113645,-4.682034081592948,-13.38714548100327,-0.48348051482984866,10.09972079482963,-1.4590285495108548
1025,17.083333333333332,8.475106376478221,-4.485116988794097,-11.137199912406961,6.4535183066392054,0.02538184888797446,-9.320092862439255,7.031359150984547,2.8178571314321244,0.0003660907238143211,3.2322531692727567,0.22207612661037748,-8.154814363660023e-06,8.189994691588312,4.723833719318818,-9.260039046800976,10.980359573616552,6.601579839776425,-10.799683152095723,-0.7933158914037228,-13.420711450750186,14.495463046951514,-2.273229248651819,-8.34411856642375,17.967537572048823,16.382885723133967,-0.0011652657515781582,101.42422297777098,19.85647872549636,-8.502336016167045e-05,84.22743568287919,-4.51383047089794,4.745537634854003,0.002256748169299116,-1.950595586420513,3.876315036870895,-0.0027532920961940324,-10.422929989516515,2.200958805709002,0.17226329513941976,-22.361573080080806,-4.831976309484796,-13.135077636875574,-0.5105889423779103,9.797631899571469,-1.4710364469657302
1026,17.1,7.643776104132735,-3.9929947816946187,-11.827166784325875,5.77661882047549,-0.41562315439526376,-9.57482851109127,6.6950927054611755,2.596317728449635,-0.00046947465103818235,3.157909104380268,0.3062327396791782,-0.000131202296145213,7.080673026765208,5.197492688508858,-8.758402117941298,10.86264939225654,5.660549288420777,-9.997665442616952,-0.4394091152325542,-13.514729990029407,15.084499873252277,-2.239422477272972,-8.259632545620189,18.408101895495086,16.23956333857991,-0.002375970182890798,101.29047413981337,19.922231933878283,0.001924472084184098,84.27402401418206,-3.9670115165372617,5.504410840787934,-0.0012756614760389587,-1.6748912108117073,3.4750598061005835,-0.007341919995777385,-9.68052601778747,2.6665496124127435,0.08838072706017135,-22.442491256233087,-5.176814889198505,-13.694710140010853,-0.3209347481278965,9.18976356137713,-1.0925038372824853
1027,17.116666666666667,7.533519868310725,-3.7531968659960087,-12.303090401624711,5.819652514953849,-0.5963534861578159,-9.812143891810209,6.402039590304832,2.496968264278935,-0.0007538146099187498,3.2370909464657056,0.21737548435297172,0.0001690481711769144,6.3113460231361875,5.653357825483474,-8.381114262739846,10.769407881355209,5.521933067098073,-9.393894991910495,-0.24827116155083043,-13.762813646432052,17.160360392488048,-2.2099684903021584,-8.31084894789608,18.622488060608177,16.281418717437134,-5.356669546359863e-06,100.29644030911274,20.00090261170476,0.0016110951936287397,83.54897609742562,-4.403830914172286,6.306954814176217,0.0011805471427558157,-2.7514457806803665,4.258891036333849,-0.00768642213078135,-9.673802110504267,2.9077776755630946,-0.25590534274956217,-22.25355943924633,-5.127131569823154,-14.059434707706503,-0.20558558105132663,9.196751355517875,-0.8793556946006134
1028,17.133333333333333,8.091069519660666,-4.239179765687104,-11.947985669849512,6.280899027291787,-0.052282447224790855,-10.023531020153074,6.731250013904137,2.544276117092509,-0.0004898444812793795,3.429528926565515,-0.019413453691615186,0.00019642497025021812,7.128301795005005,5.350018157594442,-8.282587100882846,10.760520058664511,6.741742238629568,-10.123753496381795,-0.26470653000606037,-13.745323933620952,18.252572253808165,-2.523105600291481,-8.462123138713995,18.23202535022634,16.160061731749433,0.00018558191912528783,99.49964019875016,20.17350120553785,-0.0013688708869917933,84.990422935132,-4.8190831779716925,6.545307422454611,0.00019995198701129984,-3.5482138826459115,4.89928068532267,0.0056237414901310285,-10.18968029328568,2.3487954878040886,-0.1150905857633962,-22.181843128458087,-4.981017492544486,-13.911260993830062,-0.4643604892668519,9.585163569017412,-1.306019908727007
1029,17.15,8.444336393527946,-4.3044595771760825,-11.578647780555517,6.480520425357524,0.09474519402443678,-10.312003276444479,7.071950203580228,2.347091745879771,5.4212627848982096e-05,3.5224906340233924,-0.09285247528285494,-9.240582155921556e-05,7.614646187140716,5.21443823432487,-8.387484224671661,10.888339244746815,7.823245766400277,-10.501809038057106,-0.19284306153905018,-13.689977622730927,18.50915110035045,-2.773226950876708,-8.37507562956784,17.045671836882306,15.923719118622,0.0016596241059531186,98.80341342205375,20.1577058787938,0.0011349069913289115,86.56737035021116,-4.7961527039920595,6.732921032864161,-0.0025516434601079575,-2.4422488001954448,4.434120429695099,-0.0006832167603705888,-10.448414404828245,2.1058157752503823,0.19305812509062462,-22.584642516625074,-5.097818198619354,-13.723588195883954,-0.7074713960664045,9.789257221508054,-1.4634975694933028
1030,17.166666666666668,8.41262877212315,-4.106140564504351,-11.792375334876578,6.4244891602096885,-0.12890972305047343,-10.175918989638125,7.107754363547818,2.26708151160658,-5.026691486676061e-05,3.4637560546270225,-0.03791980677927201,-0.00013610079397346418,7.596290971500692,5.542941904128251,-8.514328446276624,11.02304513672516,7.841713874982374,-10.274500896205652,-0.14290679957206126,-13.789036961093716,17.654806880852988,-2.606161308035974,-8.029547834876265,15.859967181384517,16.125705548738704,-0.0019250861159515141,99.03451178698019,19.72988137326065,-0.00015266071660092806,86.05545460245622,-3.828856345292022,7.553895598191201,0.000230867603487759,-1.168634440965681,3.67856066626386,0.0025394763788605264,-10.369310044882202,2.3869752926175973,0.09518994902835626,-22.87605156809047,-4.957398502964534,-13.52572801873674,-0.6314667071688757,9.784175913375037,-1.2874452446507414
1031,17.183333333333334,8.159967409012845,-4.399042945951779,-11.704762385839107,6.180747365841265,0.01839964943528897,-9.794792342320068,7.044373446832548,2.6909054738589226,0.00013352628135855873,3.2330094410884946,-0.012996842718764532,5.410476405253014e-05,8.082147153008801,5.476139651652478,-8.851044523538752,10.897002636905809,7.2448477786965135,-10.375942053767407,-0.3887788138218138,-13.700925381098559,16.03887137030439,-2.37094278341886,-7.960834645797218,16.345748850553452,16.409164732758196,-0.0008110625248840143,100.81170619475253,19.443335921470506,0.0008163412038963634,85.29291888182071,-3.0720012430261363,7.128576589760644,0.005041738120843326,-1.408247444833769,3.912238498089792,-0.0024803874110546965,-10.174946276459973,2.341079295091621,-0.008946324006525267,-22.721333631978222,-4.766589870291762,-13.549794434284886,-0.5409231337998585,9.65887729110408,-1.371027087870131
1032,17.2,8.01920256257437,-4.467526439978498,-11.276024343947908,6.003474626251768,0.060443454068967936,-9.680753654249703,6.957355007640412,2.8555626579187363,-0.00016967370154661923,3.105095201726975,0.0572420363359993,0.00018983354877502036,8.231514936216875,5.246524568398479,-9.112782143070998,10.705727615018933,6.656451280770696,-10.311395272406228,-0.8142173401088384,-13.49256551661227,15.236972775689129,-2.393307888576112,-8.117413236568694,17.440665585116935,16.462036500533685,0.0013989736340388427,103.27128638279198,19.66770121791486,-0.0002115849405387616,85.19334945915175,-3.6758045154630627,5.576720761748766,0.0074949125238692,-2.464055897760863,4.893972075632872,-0.0030634987113447444,-10.110572381763983,2.24644986021234,0.03725103001349736,-22.583277932489118,-4.89398134628011,-13.56770752717181,-0.596786120197014,9.590559002977786,-1.3926407744091382
1033,17.216666666666665,8.325704412118888,-4.217603853992677,-11.629968848442301,6.369724518346587,-0.07466723396905935,-9.821629454310575,7.039460296083915,2.483251846527074,3.81954627869215e-05,3.4207228202320445,0.0966420249890566,0.00013214914740567892,8.22609678480475,5.336306889315987,-8.565064422266895,10.906238470273832,6.479591324631433,-9.889682693298989,-0.7866907128614893,-13.412777476454885,14.719500328680532,-2.483205341961269,-8.004359330967956,17.08434963492935,16.38263847464091,-0.004636721964728241,103.5020824351121,19.823703653387106,-0.0005341447855405368,84.8685253851754,-3.680206172866409,5.857437939932974,0.00146695244941182,-2.9152172409912422,4.853926224016497,0.0017544202959726802,-10.37721514762546,2.3431620508446307,0.017499115443454363,-22.564300676272108,-4.893881864719033,-13.167001416235495,-0.592195290471751,9.822569591011478,-1.32650264557197
1034,17.233333333333334,8.565887564064752,-4.281267474533515,-12.033561220981433,6.729194555711644,0.04667892847599935,-9.917807628304587,7.1545822938679935,2.3243096749289687,-2.5113682310595358e-05,3.6693722833264917,-0.019053022126006732,-0.00022844497466127897,8.612987920473188,5.677534274519995,-8.198667803997688,11.023049663893241,6.6066440865410945,-9.977888932846575,-0.2655567904241279,-13.355836527655937,14.810856708717859,-2.484895059486219,-7.983110905997865,16.715302267840407,15.995697941850716,-0.005356721096306695,100.7934015368499,19.792110708439644,-0.0002156920841927431,84.30756213140862,-3.0949499380296865,6.948702473102085,-8.806198747023967e-05,-2.6184888435243057,4.56798470546451,0.0005417711957369921,-10.613819170071759,2.2386420603375776,-0.029081434706975152,-22.52422978000801,-4.697398505764685,-13.014719270076402,-0.5765959783924124,10.028907991716201,-1.4309819153131682
1035,17.25,8.103841236904477,-4.417799560800431,-11.718743863178972,6.265551117826152,0.17465734978533737,-9.923485120874593,7.078087205936638,2.594988917195339,0.00015064600886015756,3.467221460799056,-0.1921547792027241,-0.000194649040223805,8.57491724504843,5.564747007372337,-8.548810201478712,10.786009047956913,7.063623628706573,-10.44294221689761,-0.17635156808069447,-13.28940702289494,15.680595151848319,-2.5012436902615334,-8.216572494192416,17.329114812610346,15.802949432392163,0.003466621564786703,99.73027143122148,19.915434263471386,-7.686137683372195e-05,84.16258296348214,-3.7393062243088497,6.8059488613195676,0.0023421044184916947,-2.398080916922706,4.986639083736702,-0.001412437197594975,-10.284814415205936,2.1356250035978284,-0.05317321123603468,-22.660079368787645,-4.562514961138754,-13.274797495998506,-0.6484000487517095,9.68949919015371,-1.4391590322594505
1036,17.266666666666666,7.802715533033423,-4.383649069395564,-11.432181430647898,5.867880708169117,0.053633385485350404,-9.918621872988838,7.073362896778521,2.840384054798075,-9.045903131333963e-05,3.318143744795978,-0.09255428112715879,5.9780750035708915e-05,8.332127151392676,4.41117324239927,-8.567842254032335,10.711043973107508,7.142033724701342,-10.445897829887151,-0.5454453553614648,-13.20776973530848,15.222889518203347,-2.5204086051627206,-8.291546246527249,17.90608953581927,16.01334082049365,0.002186982130304263,102.16460929325366,20.02823813695649,-0.00072603087841051,83.37009923366766,-4.21595355132646,6.204518652472674,-0.0019906981685283145,-3.5723496395021184,4.946331724956977,0.002249349572862194,-10.053663091700844,2.214607701343528,-0.0005161278490252275,-22.86447504679391,-4.633993387775954,-13.304247207134281,-0.6742802989553351,9.441785989835747,-1.349630806348291
1037,17.283333333333335,8.022425671255032,-4.371374396977189,-11.264207878096089,6.085357439820383,-0.028163516961123056,-9.843416650538677,7.114291869745931,2.8442755666416524,-4.676949435711372e-05,3.422643591659242,0.07651672844634186,5.844541209837989e-05,8.28234171943717,3.671572890177978,-8.539588177389776,10.602728064792364,6.747761307511473,-10.123054332928444,-0.4325349638907176,-13.37342733632756,15.310720188201818,-2.425025816046737,-8.340771822621944,18.49651037358708,15.938626008763892,-0.0009005051100810656,102.59598508817122,19.984340792856184,-0.00017866758334317834,83.84701781445915,-3.446935370846764,5.7644425659345595,-0.0011382460738946368,-4.693535498345257,5.069201096270936,0.008007906968105707,-10.207873325809572,2.2019691638728536,-0.020595376366616815,-23.02766392003593,-4.794271714326017,-13.251809726873445,-0.5779857684664178,9.634297116077809,-1.3898051381323957
1038,17.3,7.768876231295186,-4.371705418020283,-11.237203783015461,5.995092958137169,0.04350195682137752,-9.860670407439828,6.969726073965143,2.765841968051623,-5.448378021117652e-05,3.4903359114106487,-0.11226173958005635,3.001794065750906e-05,7.809943508388697,4.3404377670332615,-9.004367137308687,10.250139284075386,7.29846736706873,-9.904232316541382,0.0090688381390291,-13.850781246909056,17.164915621906218,-2.2867940349520506,-8.45871881365057,19.178534371812518,15.652483697074132,-0.00012607441073269918,99.67657763340922,19.838251201714282,-0.0003582453605992138,86.4122061668654,-2.7387139202651345,5.755062139339123,0.0012675726020725995,-2.809032825037357,5.143688742622574,-0.008590418913291556,-9.956941922501239,2.1773951990084477,-0.18575370164418784,-23.234920393084025,-4.847157127078804,-13.641807309159383,-0.3547601967254463,9.467399567560268,-1.4325134863843787
1039,17.316666666666666,7.443661035671127,-4.347197068997345,-11.453162032113408,5.763869450672689,0.08178286520873834,-10.083766326375112,6.905261690388754,2.6925860524388554,4.784518842685721e-05,3.479721515299282,-0.20346519964485404,-0.00012607823507597714,7.776131073994625,4.9763671741667865,-9.273307720214735,10.30055779936287,7.735347373798723,-9.658692055551779,0.0020814444368521066,-13.937357315886652,16.865567640632346,-2.2202821353449442,-8.439776782275695,19.31244531085475,15.661583661534554,-0.000507447812831944,100.69536266745752,19.662648274223766,-0.002195755017400432,86.47028006493774,-2.724733353052936,5.709173374496779,-0.0006708258821319505,-0.9453441016466523,4.3083470318083865,-0.010892547309299856,-9.703056829610993,2.240230808287981,-0.10011013609110768,-23.164899138132434,-4.854882181765006,-13.95274274901273,-0.2447629710943515,9.209372382257023,-1.4422683720337912
1040,17.333333333333332,7.858107517209783,-4.393914345314361,-11.42396740767045,6.042302456122336,0.13590654856464102,-10.29825270067284,7.078184051757408,2.6076543797793237,-5.720265433909722e-05,3.4286379587205,-0.020049984398710634,-0.00016255553229813305,8.714156812463594,4.926461305734978,-9.113254646154807,10.716265825557544,6.947680414634753,-9.56557016758335,-0.24726963909732919,-13.69909451712671,15.061204584056453,-2.1557362064335575,-8.355531267596696,18.983853814925368,16.072241616328075,0.0018582154900534296,104.42477277219463,19.638353461752185,0.0010790148792371706,84.59443305120963,-2.6287756718314723,6.183353440467383,0.004741250080734141,-2.060975259677096,4.430566658856345,-0.0036578066924799224,-10.047441541741227,2.2344791119964547,0.1599789812083304,-22.90861690140469,-4.679081946885549,-13.618966237310074,-0.43082637821187086,9.5386399702176,-1.5243232657825256
1041,17.35,8.165854129740092,-4.54434791000318,-10.988015325032158,6.201672854632691,0.21067694268306356,-10.405686030296186,7.170538574215379,2.795951073575783,0.0001641810717224578,3.305359901420493,0.09472062928607042,-0.00014728580257173586,9.045180060314392,4.579674665576209,-9.109522866320884,10.790537810345011,6.345989343117481,-9.668159089620588,-0.34594734604488225,-13.708935082563077,15.01756609309487,-2.2805106996822535,-8.289832141615689,18.568842410356314,16.462516393601792,0.00425675898120549,103.3220983895537,19.904681268982234,-0.0005708098968022592,84.32694265672056,-2.6000628080743615,8.156240160012326,-8.152613665061093e-05,-3.055568610251273,5.243247972295865,0.0048564985387492335,-10.329573986270669,2.2527333582613993,0.21589015605942727,-22.88196009942229,-4.525233136832873,-13.275819524379797,-0.6307916747794009,9.802130242130781,-1.5821128955028396
1042,17.366666666666667,7.690425336400513,-4.499590950023994,-10.87354307586624,5.77312149518499,-0.007790136587242658,-10.114624541656449,6.943497546466893,3.095831166912611,2.11137775543799e-05,3.2238034922523195,0.24333234069771473,-3.406866108677044e-05,8.185347526994189,4.39090469203232,-9.12520396043457,10.648958383714293,6.340453934835028,-9.81004892666928,-0.2842291228071955,-13.69248678989322,15.629876726382006,-2.6047662935829385,-8.25616978282715,18.138956828195187,16.26235641024986,-0.0031684821116286237,100.57664129062107,20.19189214056409,0.0022022467860997284,85.58660103467574,-3.313512263091882,8.604926913114042,0.0025670878728008546,-3.1260719711275824,5.125996822565617,7.891065172974777e-05,-10.07801609129455,2.440551340347522,0.04698385029649561,-22.852609463611852,-4.6861221781148386,-13.066307758910659,-0.553914636886396,9.438364601708725,-1.4122819398961672
1043,17.383333333333333,7.310402822840894,-3.981707171127519,-11.61697529298125,5.504159681804842,-0.5218516839565133,-9.508800587195298,6.656003610810325,2.850135739049029,-0.0003619700831127729,3.2865948506734464,0.34024317783790164,9.931471064878807e-05,6.9783370332514085,4.988528371364887,-8.505019041392895,10.613629499349505,6.6033299583791045,-10.262083357706276,-0.0342871101098614,-13.476534481514248,15.618197567982202,-2.452008235652183,-8.4415353363191,18.375805902287535,15.843990653484216,0.0005880475910944866,100.96733256536372,20.042950900922772,-0.0005164662826920652,85.71572092594707,-3.218895803414927,7.112048437244436,0.002585681145095227,-3.612066487504876,4.986767871707062,-0.0010092566897848777,-9.741931384525076,2.7022753292663872,-0.2778049484611358,-22.908972505582906,-4.566618514547676,-13.114060879465084,-0.3274822541226474,9.122013612249308,-0.9885263040596262
1044,17.4,7.364826912469944,-3.6204234414138257,-12.2525352477837,5.585612752305276,-0.763185073178446,-9.613295979541867,6.639273632365016,2.4248999021470174,0.0003718572427669978,3.3891534104470953,0.34943401957592457,0.0001216138945608311,6.552052610785095,5.567875774198246,-8.065708483291907,10.517538985033303,6.679084895203178,-10.143715101937056,0.07179727314592195,-13.41893263342467,15.566812992128373,-1.841223504363734,-8.619005462315272,18.900266194031808,16.002580621410186,5.180727441835158e-05,101.8589640114406,19.645491918493565,-0.003760310867345734,83.6979606519937,-2.3509030228983425,7.651590908168405,0.006268422270533675,-3.4236484222407197,5.047176182125197,0.0005063752372352375,-9.573001143460804,2.773050018922079,-0.43693393758289634,-23.23010819251411,-4.30768797958092,-13.733724898310207,-0.23722577883071963,9.14836046744039,-0.8113377518020142
1045,17.416666666666668,7.576001513778067,-3.9893589654463173,-11.8250496266996,5.80892157474117,-0.39865801259215894,-9.965518652584203,6.85405585761656,2.578191249104187,-0.00020272941132628926,3.35501272527877,0.39367303536520637,1.9676697536170876e-05,7.459341585203108,4.944379018355081,-8.754300362961228,10.363107307010523,6.1837635713066295,-9.422115615994745,-0.07776251360480299,-13.613180166931894,16.310665070215418,-1.604138489361743,-8.286717788307133,18.132774225744882,16.325954814764145,0.0027795549793717123,100.77817014932361,19.332731178861618,0.003750446647933545,84.250853265974,-2.598445797209535,9.238756551216985,-0.005327435896105006,-2.7745930915429007,4.563954411229443,-0.0007688186315125475,-9.819542005957569,2.495847101932198,-0.32248010274355093,-23.19042693636584,-4.552463713955969,-13.775372743203237,-0.22523437615364722,9.3954654027367,-1.1978431467438857
1046,17.433333333333334,7.997780091306935,-4.275025507035464,-11.17484884911484,6.1902212070981655,-0.05972289293592171,-9.689522928544735,6.97520445336806,2.8132490223009174,0.00013775716811984518,3.303481993933533,0.19719866278828618,6.774991848747391e-06,8.127425358959606,4.185269814733968,-9.211785541609784,10.512011040912913,6.503945364973437,-9.835455526895302,0.08150984623922994,-13.694828870441656,17.138608820821045,-1.734110582069356,-7.924002408480636,16.95810198396204,15.76126466077389,-0.0045344091220530765,98.64195221113535,19.200794738540566,0.0013748211638139045,86.4739366790702,-3.1345345507774947,7.963244272852983,-0.0028357405520628436,-2.977305289746704,4.014335406454096,0.0005453698783510059,-10.335208815360433,2.3089826125002078,-0.17833597354550212,-23.02742496574324,-4.788013698340906,-13.308386075511606,-0.33004289823492394,9.810177207725436,-1.423960298731072
1047,17.45,7.694888289067792,-3.823088674047054,-11.513574555248015,5.848033739566145,-0.38290891203953703,-9.905988676492898,6.723247258155057,2.5184149139372445,-0.0003168410341188518,3.3897834641768236,-0.027398788518207946,-6.022891731747679e-05,7.553898625545931,4.906026363156559,-8.54148646052598,10.969038162037796,7.684199988539377,-10.396109063804996,0.23564758646909723,-13.567096447507494,17.016339583867527,-1.741265996205278,-8.193374984928699,17.339737992464645,15.115075076327955,0.0036795999419154597,96.64380006647706,19.37357327549283,0.002853158738248872,85.31739175262504,-3.573592091761487,5.463500086070378,0.0006322203925003374,-3.1700292009467135,3.862917133554401,-0.0013095992380367627,-9.986325832117515,2.5893587724431457,-0.013787772456297299,-23.16642666079451,-4.865730316810906,-13.380657642939003,-0.5460058090101602,9.516015454206451,-1.0288376943275868
1048,17.466666666666665,7.018892564305132,-3.5781727081847654,-11.79718512821074,5.200094615427872,-0.6398333131808351,-10.36811654262371,6.514574402791578,2.4115603974907383,-0.00032706785773293205,3.3903235233009714,0.09648957706212329,8.455577114417502e-05,7.3563836409284304,5.602005518390171,-8.513405733424515,11.225911810840271,7.627741907692643,-9.908854269875173,-0.0036815149136980897,-13.558296727598384,17.16701404057491,-1.813940182616476,-8.5224609427411,18.25194506082672,15.373114633837574,0.0017805375382850663,95.77927496600716,19.61874988575482,-0.0020776607220623295,85.10382576583264,-4.066473486073151,5.602223429731734,0.0033265128728488086,-2.840902508906488,3.8432601513768896,-0.001652637173196978,-9.43627792831817,2.7007781502027073,0.16501990198414151,-22.93862368114332,-4.993113179390448,-13.300003479707671,-0.5610222567315934,8.941814278210638,-0.842713430423253
1049,17.483333333333334,7.338774231408947,-4.003155118739483,-11.214333230186588,5.490492266319902,-0.29821108956459186,-9.849736178277775,6.748542219142006,2.7863031923898363,-0.0006233888533999908,3.299152022695697,0.17295717943468422,0.00018404945843870837,8.304003613699933,4.846053523208924,-9.30911916373871,11.434686673783592,7.0093645033885785,-10.179381012227628,0.0783076638637495,-13.624394123929003,17.514903423250722,-2.084263696042217,-8.379281928997703,17.80438418911983,15.31633072314361,0.002117764436075709,97.02069280414611,19.850962003472695,0.0011098643412003938,86.90265304857597,-3.58018315542826,5.886022837768509,-0.0007223007519938075,-2.809280185983377,4.020036963139914,0.0006875515208614524,-9.809953827093175,2.3935901649934377,0.1835088623926578,-22.70566272881795,-4.846047004378297,-12.844667654699345,-0.5653294012733251,9.255038083154274,-1.1803288651041974
1050,17.5,7.987212518883684,-4.232322137878585,-11.192066318954227,6.045270187173454,-0.061376271015297995,-9.164859299697785,7.013036905155218,2.8614961135136783,0.0003987555361632281,3.292592076095807,0.06747823407917898,0.00013187745579614223,8.870140608896062,4.3055283311436545,-8.967112654434581,11.545294691472673,6.890806336565238,-11.207096590691531,0.32721431038519017,-13.639154346346366,17.524223087758592,-2.1775751597434168,-8.251070592947453,17.19323278195955,14.766196504718488,-0.000145040922276862,97.9744041623232,20.139425727255066,0.0037785203619662765,86.28486860287802,-3.0376932434238255,3.813884805838559,0.0008080948177276524,-2.9494667888675234,4.622985761489167,0.0005870381482250521,-10.308782844785014,2.304606044507719,0.09531177905022578,-22.911961460276853,-4.659939163005441,-12.614643607061275,-0.6904936452175612,9.793250761154498,-1.3425409307653964
1051,17.516666666666666,8.049631439197663,-4.2252525136229115,-11.588099587992598,6.1234810085464115,-0.06797122588665817,-9.023263369573597,6.993950317467854,2.718918750751885,0.00011302401759801614,3.295355888900168,0.08065732628006198,5.1059758940661605e-05,8.396116059095132,4.704269901840768,-8.394372707037453,10.929002537819143,6.324429298215087,-11.269668902755887,0.12363469035356098,-13.603486606047417,17.858239669335592,-2.16677562778667,-8.414255643879534,17.613978244401274,14.827153908456156,0.0018032212234218837,97.27370837140302,20.154311493435017,-0.001253393728222884,85.66956343883624,-3.510434318495985,2.8820991580515107,-0.0007643020969808907,-3.037190847313067,5.037135579005043,-0.0019399498098989873,-10.471008606672315,2.3010932652333436,0.008476625250369208,-22.87182615301747,-4.717396783775421,-12.562175403747032,-0.6679815637497083,9.85329106822236,-1.3331190083376065
1052,17.533333333333335,7.576066902681057,-4.4013652477427385,-11.586635590862329,5.750596270109454,0.07477306296593825,-9.21014862971492,6.895184173542719,2.7707458055015284,9.404533503121727e-05,3.2839740356629927,0.1135411574888925,5.7813728420255886e-05,8.113118229863693,5.10109225958693,-8.735453206414697,10.456617696834185,6.269687306174978,-10.739015361599387,-0.20018952349923302,-13.43454492412223,17.248706750953755,-2.2880318882942494,-8.487281203340004,17.766769992372282,15.22044185984275,-0.0014406976007722717,98.11711512552054,20.0590958276858,-0.0007731499662605645,85.89492577233739,-4.101674532453606,3.8275667666860236,-0.0002899393806820831,-3.324448024144333,4.578258235603674,0.0011200134598270848,-10.253405914103913,2.0971048392372604,-0.21281539551776513,-22.841150214992528,-4.8218332030602,-12.524925233099063,-0.49396331772620605,9.50164376327524,-1.5072299821069166
1053,17.55,7.185662920453056,-4.46450272896244,-11.544489202661609,5.257247307884819,0.14336162342437664,-9.491533866799847,6.986170804436727,2.7334315366426125,0.00021080638225301438,3.1744086017127535,0.03295219902671188,-0.00014056748255636162,8.458537172054056,5.265915614791445,-8.74433258345512,10.896606042288514,7.156581565871457,-10.559058537650632,-0.23459700428142546,-13.431163862510894,16.460112235730538,-2.4381732795923288,-8.415736389785941,17.555589440755405,15.313444565618388,-0.0013397336500900652,99.3481681734238,20.41326120200682,0.0017149937002119045,85.0882390987302,-3.8851605196172736,4.169534504451058,0.0008097389439109967,-3.712805396758571,4.341636405132214,0.0010652559324466802,-9.80983603961529,2.0837335677935256,-0.2297866251783313,-23.09496919462295,-4.938755352763893,-12.556658228560279,-0.48561356659120264,9.129712283970326,-1.5747861977031143
1054,17.566666666666666,7.314440642172609,-4.204410463813396,-11.290707105820935,5.245216509897953,0.006006343391507656,-9.51409560215426,7.03510631364195,2.503513502929275,-0.0003671358085967424,3.096943645925343,-0.12821514845799514,3.824610860065561e-05,8.458323067955758,5.5926699875261,-8.576998363390398,11.272188524862242,7.570723462813309,-10.805917129335857,0.02470424123496965,-13.687433454715293,17.505890809032444,-2.310849794396039,-8.482199402408753,18.08606660774002,15.122175578352376,-0.0012744677056669206,98.40560975210562,20.63948178708605,-0.004114228436439606,83.84964004035352,-3.3991605264613196,3.98757703522802,-0.0010868997192695746,-3.889026676483778,5.0467197054034365,0.0004278340899593266,-9.691815439973494,2.293552008327834,0.13958776718712199,-23.098284258846398,-5.020774331535346,-12.90264455126608,-0.6797326127868767,9.166074954680026,-1.3575053430943669
1055,17.583333333333332,7.477626775689497,-3.985343648019431,-11.086307554456232,5.671510523619038,-0.05001116216780887,-9.240004068775637,6.756233365625672,2.4324407900674725,5.210540118049217e-06,3.2969704179464623,-0.28279406049677075,0.00010895368848220965,8.367035823120235,5.751423198498941,-9.112304192813317,11.35123584148193,7.404617217837065,-11.147209361914035,0.24809880555445288,-13.756954743934298,18.282049457955537,-1.865273294824229,-8.583583373931473,18.836638471524935,15.149792936854203,0.00033744235898426205,97.97871031752202,20.119270052200786,-0.003939203688894901,82.16484730186016,-3.3446753943063174,4.585288867753547,0.0010688601351610293,-3.969021367218484,4.901976404789757,0.0006624062382971188,-9.85892200816254,2.367491620499535,0.0799010797242579,-23.067191833816086,-4.8884019038248026,-13.286325221906697,-0.5973876018560275,9.428092831443976,-1.2024846458816327
1056,17.6,7.29390806912902,-4.113571814534033,-11.367313892668193,5.672416451335389,0.04570353198132239,-9.115369269298009,6.620385275512641,2.6367253814084566,0.000118971369932301,3.3708232181012105,-0.2724435701298072,-2.4227150180806644e-05,8.631768871051047,5.301187413642255,-9.275976901169567,11.459657167040836,7.294581851292332,-11.211312908766475,0.1627760529097928,-13.541629805203664,17.262728687594574,-1.8359861731622158,-8.577260160353994,18.705092007017704,15.370308813656186,-0.000539787975571654,99.05673931031454,19.92589154933248,0.0005185427980291116,82.00484936046432,-3.421915668102792,5.158081720792115,0.003188931200340901,-3.9058112711141493,3.979434418924045,-0.0013498401973310735,-9.880420186830175,2.222256128878064,-0.23227113991968915,-23.233029853089334,-4.611639688986969,-13.33443306952954,-0.384721764080046,9.406149757628482,-1.2906332614432563
1057,17.616666666666667,7.139366620671835,-4.281035035747307,-11.637045350280351,5.270339677732463,0.04490325369498027,-9.34647974674069,6.908297446021958,2.740088744354804,0.00011394033303064226,3.221865907621102,-0.15963226888027413,1.822464212074932e-06,8.60716947242969,5.130041695661373,-8.676320499677834,11.358414314497567,7.695820239695064,-11.030302614202235,-0.1847767698546296,-13.303554051075173,15.825347718978037,-2.2764934764740627,-8.601481693760709,18.083934070516044,15.30911072188668,-0.0024579516865338874,100.26200634237092,20.376843891150955,0.00028853437265728384,82.96387694700101,-3.5510730656129774,4.210161819807249,-0.0007951716678287412,-3.093882476928721,4.06821807533999,0.00218646875525543,-9.797823970294894,2.1511517016927044,-0.10375722057993357,-23.1037316970164,-4.451121609955437,-13.243660128130657,-0.5103419451019704,9.159382150914421,-1.3543403991581275
1058,17.633333333333333,7.6304713593641305,-4.247117165183866,-11.59832708316722,5.694809284062371,-0.03346367404388705,-9.594416138630487,7.180765565389969,2.6624815015944914,-3.196169422646173e-05,3.4063819680797085,-0.1336396297264352,4.04406122499514e-06,8.743125020178313,5.427652719616917,-8.549022116038683,11.658242037152608,7.515620909243741,-10.66882478114965,-0.4019022895392755,-13.43110635228479,15.761976266323419,-2.2588325306882684,-8.60715629186075,18.123156676941342,15.549321721397924,0.0077891489321037,99.86185623899867,20.336850715973934,-0.0002768566186496083,81.6573549815673,-3.3898340136737497,4.303443599601273,0.003130845966401387,-2.4462869002756737,4.356326159005443,0.0020410760277650743,-10.183030210619298,2.2938441640751406,-0.09919871705785158,-22.931684779715948,-4.311802361146132,-12.911307321878867,-0.5699933432526907,9.463973251752526,-1.31055888742004
1059,17.65,8.021324251837616,-4.281028712673676,-11.635191244420117,6.260166753882129,0.0751496692209169,-9.652892938659095,7.1501385099446235,2.643699208576587,-3.7558001405001666e-05,3.638968345896372,-0.19217527119591138,-7.937831906283625e-05,9.022370285236125,5.52153912076092,-8.574478004227146,11.995517394276495,6.522501823386531,-10.40921125514678,-0.10180763218535249,-13.828377034042875,17.124261413140022,-1.9925516648037949,-8.46198896389238,18.630446206954215,15.99835376265181,0.00941604973773607,98.11704220594198,20.196857074969717,-0.005780546082465847,81.73900506351418,-2.9152973069566497,6.557421005598837,0.004396812366621352,-3.169007226916917,4.4943876551786985,-0.003075769741650905,-10.48422245868604,2.3855162344294327,-0.2559259516209531,-23.241070228859268,-4.171223221116814,-12.683082787085265,-0.47531119750128714,9.839739520160135,-1.3595700252082838
1060,17.666666666666668,7.4576360374291975,-4.318104733009443,-11.685380121959914,5.694225237939269,0.13879190588978987,-9.565769847421556,6.986887874103221,2.6349431061307382,-8.426882613885725e-06,3.425099327538995,-0.20028308681471552,5.2557143873462337e-05,8.326241016939255,5.2471928815103555,-8.212903751253549,11.0914839588803,6.959059300207614,-10.637548719496198,0.05466863350712809,-13.802150469339413,17.138851889023474,-2.079219081503089,-8.400776449974,18.645606793446685,15.843456394716945,0.0011556361234291088,98.15765935203382,20.469376061534962,-0.006009126745747391,84.66310800365191,-2.4299123415399735,7.293339398715214,-0.005142877661797336,-3.408350580137328,5.069633047805265,-0.004620809705246813,-10.027140850256542,2.31705203352552,-0.03737936383505577,-23.25987461352075,-4.419730239600287,-13.0458363391716,-0.5397235117390473,9.377257148111227,-1.3968668180350885
1061,17.683333333333334,7.145722103843598,-4.20407706726136,-11.386388817852536,5.383176018511739,-0.01531777370007091,-9.411816401451327,6.958691026838919,2.567294772348424,4.9498846076989996e-05,3.382936152183417,-0.14864056794678432,0.00015923540850301776,7.858799456060852,4.840057469683273,-8.505639353980746,10.552165966980143,7.8336989596351145,-10.68867921998199,-0.1814694910289158,-13.5056370219513,16.177713065490256,-2.0972984542350463,-8.481100547407701,18.06937400032558,15.494040519463455,-0.0007962801106670176,98.85059329020683,20.3185878373146,0.0008198536102107929,85.53129741774649,-1.9553661197482242,6.502127585411079,-0.0031789837593594753,-2.264492578487407,5.317819726647744,-0.003935524475647769,-9.905002724338155,2.164896280421327,0.11427596501420365,-22.74710268923477,-4.908304161293025,-13.312957710937486,-0.5100984300905157,9.095809584001797,-1.352764227778194
1062,17.7,7.500980325024008,-4.161815601446131,-11.215824533868584,5.820010894415971,-0.06151031392894026,-9.118531865966478,6.948881071669533,2.4918707157799638,-5.463607442791968e-06,3.6356438922367773,-0.056608245615669836,0.00032971882377384016,8.600738731388036,4.96277590493969,-9.104319646532003,11.446601772259777,7.198734201307844,-10.623252057308319,-0.01865157493525559,-13.518904995537664,16.986005866331812,-1.928917941293074,-8.366022914892962,17.483809734959863,15.166706584949438,0.0018959213840705647,99.02823858151196,19.999514808185612,-0.0013408253270891575,86.05589797426153,-2.4933089480779302,5.951149328976653,0.003935598931393615,-1.936526985596381,5.2105545926827865,0.0007002928048005462,-10.275072411546011,2.0887017435549216,-0.13916558681167226,-22.717123102728507,-5.057012744964779,-13.071012179179478,-0.4175366615886637,9.453393799495322,-1.4108412128743468
1063,17.716666666666665,7.655348357536975,-4.12555116518132,-11.38203702388536,5.967082522422804,-0.06356426725294378,-8.811276782085512,6.838335293404346,2.4148971393060075,-2.476915720607245e-05,3.6910985863044306,0.1240570629554453,0.0003929537492121207,9.074588871036356,5.233254222353365,-9.062370733945114,12.080849321503923,6.3501663778047135,-11.14023336420635,0.09802314181590885,-13.645526047519965,17.917542030066635,-1.9605502323106494,-8.256216211023258,17.392802935040308,15.269639643125632,-0.006999976646440949,99.69675987389901,20.05306869599277,-0.0035663761931108155,86.5345212029269,-3.284563649759031,5.606964876272597,0.005251133863012501,-2.2962032939777375,4.8523706479233235,0.001074801587909085,-10.343144937810969,2.1894928141140557,-0.3682103847610219,-22.94387921099117,-4.7446280245020045,-12.788157011045909,-0.5043625840532,9.651189865417814,-1.4519400526289636
1064,17.733333333333334,7.62025733316854,-4.018532446054437,-11.450491118176434,5.961106329316559,-0.16349189363319977,-9.33823116021811,6.860716605917557,2.3884166263997617,2.1236366208595872e-05,3.7651837537246515,0.18297462488850716,0.00023354458483115637,8.84314638905905,4.9402947431923145,-8.802044858459574,12.038816232721908,6.26090069792442,-11.083702531359798,-0.37885271643496027,-13.647914165174244,17.41159510914531,-2.1363264553246513,-8.471602017271652,17.69091464665902,16.14576231999186,-0.004704039035239965,99.14890837497846,20.132354147806097,-0.0020444527201949002,84.58954041137866,-2.551418452819212,6.388992473988528,0.0050237220677141585,-2.4491698201911656,4.763417301788594,-0.002349231400606161,-10.33198616967883,2.1859598127280204,-0.2814706745349121,-22.719242932223057,-4.3197742642361145,-12.869507613168553,-0.5269383590821595,9.607356445279757,-1.3666234236724892
1065,17.75,7.263661284447556,-4.027609187841132,-11.491299503649028,5.6518122928063965,-0.14639067191200145,-10.317452870119876,6.893803072032589,2.4558588021858974,3.572950522386137e-05,3.7080475908059767,-0.09208123974325697,-0.00040900984100579924,8.526523860911706,4.936655761678831,-8.64900373580861,11.531133543427664,7.175469597787615,-10.021598664832396,-0.5739936611632029,-13.67535645860807,17.080325181833736,-2.07404656387382,-8.563802527592431,18.32595224439797,16.388343062890996,0.009382298190040134,99.65292294995355,20.194979446534113,-0.00010259026258792359,84.53205153360237,-2.164554986122871,7.180165490198146,-0.0054571588447045955,-3.0696368769065154,5.6502679466649814,-0.003247654199922942,-10.053050117003574,2.142062322173401,-0.08934147772218833,-22.665425877926126,-4.22534020799348,-13.034609263525015,-0.37346789655437784,9.291654054731566,-1.3168788442708312
1066,17.766666666666666,6.8153983233618005,-4.074530260657894,-11.502628268006122,5.137528587323084,-0.04946144993465203,-10.309665480101481,6.767797669239014,2.459408545842774,-7.910525185365939e-06,3.393502501827184,-0.23610932558043818,5.6498034362905865e-05,8.265152302660962,5.540722084405667,-8.619538443016355,10.627097431094539,7.4297189788871645,-9.663187190815725,-0.3517389735068384,-13.774300817767315,17.565571260804234,-1.8037630773834532,-8.3567686112787,18.80729017528894,15.754289733868033,0.007130184532410838,102.22103843559455,20.058728386986772,-0.001298540616708279,85.17092174247148,-3.822176708678246,6.282693489479405,0.005559972049438788,-3.4953763800472095,6.058103490503003,0.0015007070908816024,-9.61582352411417,2.310000520878406,-0.06146693822053477,-22.87061588319045,-4.653018354283083,-12.817153447377882,-0.34413491065924423,8.9482000366429,-1.3327977553672443
1067,17.783333333333335,6.978580028792951,-3.9955012236123597,-11.428779018646505,5.250420813090735,-0.10568962877091105,-9.830343306774724,6.756911215677475,2.3854353471895595,-1.8059331738814225e-05,3.427561043976822,0.0014794802861437563,-6.774592421749611e-05,8.066039373353727,5.6278852984598435,-8.63182516292141,10.482651959435296,6.036989038856553,-10.047619896240212,-0.31140775464340636,-13.814912693182187,18.13503825977317,-1.791665818521634,-8.187077858334556,18.1052477026473,15.547568429981155,-0.004822134839891208,102.69123623343688,19.695569555812146,0.0018117309730642022,83.61204545087068,-4.890256865263114,5.130886509300583,-0.0036499075617724423,-3.515474612835257,5.603145832890838,-0.000642562179613014,-9.764375867984883,2.4766185615592406,-0.18457299503962454,-22.77827341423055,-5.033701332555473,-12.774715931704764,-0.48237643816192527,9.074692085160699,-1.2791286695791817
1068,17.8,7.376229712436073,-4.02273505311565,-11.573317753111175,5.690871735261529,-0.1323000773734198,-9.978048591912414,6.984108482200021,2.464787870361597,-8.297204667997746e-05,3.674707028384664,0.051314010114471,-1.7576146579224784e-05,8.419652203518593,5.183543799190148,-8.582387175970858,11.36897337186243,5.7675725620217495,-9.675441770514572,-0.2701007679503301,-13.884955132440869,18.808179889561497,-2.124531491202888,-8.070549161295547,17.409245851830615,15.518270529774993,0.0014107194994469106,102.37572240832063,19.893880415934586,-0.00372622989471644,84.56695786167506,-4.311730238054642,5.230173404506203,-0.001729541618125197,-3.852911423586448,5.649208299865217,-0.0008143691076695384,-10.188072354544852,2.4841404791322117,-0.2787837989355397,-22.721237638300504,-4.901284656934207,-13.0155493644587,-0.3957780656817233,9.38790780335643,-1.281753989552879
1069,17.816666666666666,7.546394725909507,-4.115967991699907,-11.563420273873147,5.840631615364033,-0.15888670199523586,-10.175716927221213,7.103246062626711,2.5509505123934506,0.00017709348916798866,3.6155381833053983,0.03070064413469219,4.694029182840715e-06,9.155498490260909,5.229755342370966,-8.703178720268488,12.078522317738765,6.535103212471422,-9.282175034806968,-0.17977421726983359,-13.925056024111674,18.96298124538041,-2.384582324368172,-8.080963897381949,17.871756793821767,15.296493018220206,0.0007422792284856883,102.1931231547784,20.457446959857272,-0.0008924101695761921,87.11654424443358,-4.171838684631519,5.852175832717145,-0.003577765206856637,-4.107377046539215,5.989432293122276,0.000693862105868276,-10.423405803687,2.4512395708102312,-0.21622123860132786,-22.6877006029141,-4.682619593896224,-12.681784210848177,-0.2846518362506444,9.568669645711116,-1.3559061174396803
1070,17.833333333333332,7.447355384715941,-3.7760116375165476,-11.3979942606328,5.667990440212686,-0.551296308744243,-9.978311052488886,6.760911290454131,2.4334380314948785,-0.0001923592236072269,3.3767207609389143,0.24624721608480324,-9.885467584762195e-05,8.39461660379129,5.649242620984012,-8.683720613583548,11.702370497571778,6.372484005653358,-9.706491165599981,-0.2393697168037184,-13.709895598399065,17.338796665175646,-2.2590064020939367,-8.23896298775758,18.113206056619475,15.711097950133297,-0.0007147289315177759,101.39396607193325,20.37496797034733,-0.00038449578986797175,86.9908575258362,-3.6242371338998813,6.433794815157943,0.0030152382221444135,-3.7855584271734983,5.964306821602706,-0.000986766551433487,-10.382989320440878,2.67693329439617,-0.2291145269435153,-22.608290055474587,-4.520988682710579,-12.237631404828313,-0.4880013607752371,9.530359623480965,-1.0652375738366058
1071,17.85,7.272425574165151,-3.564849870307615,-11.429536117543469,5.552057299433746,-0.7096324440715275,-9.821244535696307,6.445122873412229,2.3892994115427264,-0.00016030712616438097,3.262406256759854,0.2162777108993112,-0.0002841352198609744,7.095209583075687,5.830295555208454,-8.581808959758261,11.00133292515835,6.2393787919155,-9.776286901223747,-0.18093928632277934,-13.504741897003802,16.445288958057223,-2.1486141186407894,-8.313339949636113,17.73692699491904,16.079353334707882,-0.0076236695982865215,100.85362140949168,20.144895871518138,-0.00038583563547286146,85.93383206797354,-2.9083538377043743,7.034877832851619,-0.0010825140638337188,-3.4035945249043547,5.849710628374762,-0.0018644770789459642,-10.264115812335831,2.820439972450824,-0.3701052216081182,-22.83292321140147,-4.45613857386935,-12.559765539087985,-0.5025228270187534,9.420512984861277,-0.8503729780951037
1072,17.866666666666667,7.425808487541228,-3.865000991031986,-11.030583294821431,5.805678376877546,-0.38882378197942163,-9.490305138895827,6.647265887210339,2.4840512636751444,-0.0002299437955155236,3.4557663312079874,-0.005857669930058269,9.05621653609942e-05,7.670960234206438,5.661587634751523,-8.994696970060687,11.192483848124564,6.9188629114448945,-10.082455836037983,-0.026647508201871766,-13.478997199720748,17.978144987847102,-2.3633338830295996,-8.481018102361775,17.960957538726667,15.375784468687053,-0.009676459520246105,98.92815603159255,20.442366861524658,-0.0006691329905038467,85.08038204414984,-4.489651687613858,6.335779143974285,0.00306293220128745,-3.535919523807857,5.835109264836816,-0.001244781821250243,-10.392991932348592,2.4910362473039886,-0.25279405371345015,-23.101225078366834,-4.623056091127551,-13.062545737923495,-0.3994049312261232,9.540561005951552,-1.113538467774349
1073,17.883333333333333,7.54057076596273,-3.8718669273164803,-10.849594437793327,5.915224859534919,-0.413465329806904,-9.012199356372077,6.822963690077814,2.492928200219694,7.39153708667329e-06,3.6980708713240347,0.05604901007067623,8.377058023664124e-05,8.564977861971107,5.066851128688214,-8.984291099685649,11.698612971420086,7.18647384010391,-11.04573983720503,-0.08812566407487964,-13.535383086703497,18.91139964793981,-2.454937741453589,-8.797395017340413,18.820844362665856,15.202929368834106,0.004941264598608796,97.2110853621614,20.52738842559021,-0.0022113083396263426,84.47849493525801,-5.311563690251702,6.148200798429342,0.007622944079674097,-3.629557414460917,5.7377178572019325,0.0009272492773898687,-10.434073836154587,2.343703263099827,-0.031234672122354784,-23.273740823637574,-4.68658741853651,-13.126633484816267,-0.527719425474193,9.59367808598387,-1.155567196195066
1074,17.9,6.975732772395363,-3.823720148339766,-11.56429038230551,5.372523264624702,-0.4927936125522453,-9.022119513624617,6.6620930303336126,2.534059460620259,5.645705129752923e-05,3.6101807589056545,0.22652628097094066,8.366201240015882e-05,8.493570353012709,4.745386012655488,-8.320938095519471,11.726859644530748,6.767186880119381,-11.036791148949836,-0.23800754971251423,-13.71425339318401,18.493607281919974,-2.256294901165694,-8.704690710657898,18.71482014664947,16.077622776445924,-0.0029279791289967276,97.90558753032077,20.01098211413325,0.0010925746081482458,84.64937574772311,-3.760820488642764,7.854947828728218,0.010298384455189496,-3.1211485841472837,5.078247119335497,-0.0019524939237305701,-9.964781978443858,2.436585891197919,0.07243973759012504,-23.26998026582386,-4.75024926916083,-13.115935001473204,-0.5122738155635413,9.150710821564651,-1.119240027429543
1075,17.916666666666668,6.370685595624967,-3.9979432188443766,-11.974034513494988,4.838755061259882,-0.326203910735845,-9.301755689101935,6.589329983293115,2.6391366930222877,-2.8733146037557763e-05,3.500106095087414,0.12080805261845463,5.983003501691944e-07,8.263743038748178,5.234635213829302,-8.281097669036095,11.639490623326324,7.309448160043994,-10.570332811632037,-0.2684251404985292,-13.748856683961215,17.865864178326344,-2.0766144966556435,-8.366968502559327,17.77470107205655,16.17417042526311,0.003782112608943375,98.93128066038494,19.765304574966343,0.0005615979659251391,85.03660298418873,-3.315344408694674,6.942381770883316,0.0005861718807392073,-2.4685319972360835,4.298606587954333,-0.0007156583134520463,-9.385870495251298,2.4164816551329746,0.11278464760946003,-23.20886598606292,-4.861313732719054,-13.269448583426586,-0.37863590690085536,8.665500020043233,-1.2541914312566829
1076,17.933333333333334,6.733625276600777,-3.844802996208969,-11.94558112007108,5.123085602380845,-0.4801489630625387,-9.495534599251545,6.802084963093392,2.6078006676219063,9.549540710879674e-05,3.5811221777303683,-0.043291855161075844,0.0001221759788057181,8.073317848432568,5.50088421399044,-8.5725998939162,11.552248649743603,7.70220603900089,-10.356708151858655,-0.23277297797117721,-13.572471124212553,17.348680815428764,-2.1285391195104255,-8.495599244569739,17.923894783547407,15.80172476030497,0.0005446575348863833,100.18359184402736,20.179337393286154,0.001345454643931189,86.4436120020314,-3.0157016478973446,5.146726387456396,0.016112876146165633,-2.538266999030818,4.699728912755474,-0.0016337828234576448,-9.519243057074677,2.50846835396175,-0.09010905504046086,-23.287401985588644,-4.775747145178706,-13.367112721508432,-0.39183660082332034,8.889543210391675,-1.0849740972672055
1077,17.95,7.447847716244591,-3.8027770712614917,-11.784103961317456,5.5939505418721405,-0.5227992716159777,-9.681953955591704,7.033315051963766,2.642133823685599,-4.8931382905060425e-05,3.477213602721625,0.011912447980175152,-4.505489689821389e-05,8.16283834648675,4.983274733640575,-8.468410403115922,11.487501695857766,6.314358319973975,-10.04290140832041,-0.31937788744461143,-13.59242335410228,17.730788626942175,-2.2568251815049756,-8.699686736214492,18.596503041756392,16.08317563212725,-0.004198379312858666,102.99872265785609,20.25022422211594,-0.0028682420460553427,86.27956013666436,-2.400694314351454,6.245324242731693,0.015832272312012414,-3.4737492510256383,5.369517308921128,0.0005906637301033774,-10.144169803186243,2.5064772954965417,-0.0926355524098015,-23.029380057787094,-4.742881247297289,-13.202356173349468,-0.5787396429276129,9.418052112396344,-0.9963046504770073
1078,17.966666666666665,7.471990483745207,-4.221185374214187,-11.337684319296441,5.451835411126817,-0.13885664653646082,-9.750443506734896,7.0473643623835205,2.8992039004577403,9.131544628183929e-05,3.2062193442109037,0.06723788083407177,-0.00033771596831540625,8.498589313883542,4.425080047673222,-8.37244838183634,11.462793340344152,5.677043810107839,-10.065842220062967,-0.5862351388018374,-13.7759870697585,17.93795019899484,-2.1909236744008758,-8.451552339860104,18.376191298154534,16.37608581736932,0.0032251667437382843,105.06418338046353,19.750159066159817,-0.0030740811760170783,83.29633042904665,-3.7054935882595785,6.1732038866831545,0.00702725950614644,-4.333306339857612,5.0098838705611755,0.00046693155597700897,-10.272070325138507,2.2755165630495147,0.37178345954759917,-22.803881298599535,-4.8477297038422025,-12.927094539577865,-0.7893903778528901,9.442093233047185,-1.3178052482421618
1079,17.983333333333334,6.995131858389542,-4.326668455547352,-11.332012705707905,5.09189793400693,-0.028349600612520343,-9.669709761726262,6.961621505997089,2.9277233832030243,-0.0001265299350260693,3.2555367788564262,-0.06838667782612505,0.00021493847104010131,8.464319547527884,4.522455884608855,-8.570279489227838,11.272813907732928,6.793830679177239,-10.1670926617152,-0.6153739424231562,-13.615469177587444,16.65832708768786,-2.043539168457402,-8.367887486681523,17.859651675565114,16.372514208613502,0.003119126373136532,104.50643644774999,19.695366040352106,0.001810420460175751,83.55585355164548,-4.213943322675902,5.532920972665598,0.0032701343999746446,-4.140755127617453,4.862824412559784,8.9255006328493e-05,-9.771756327551463,2.158972709472363,0.3665736032930416,-23.167636068956025,-4.901300639650042,-13.039728493208111,-0.6831571219404156,9.053183941063015,-1.4403078804847014
1080,18.0,6.745336553581082,-3.979950058208247,-11.586334156576264,5.0564088299458945,-0.27446018984235776,-9.60964383047466,6.941343330967548,2.696830813808114,-9.813199312966723e-05,3.534289582983775,-0.24754498544537182,0.00012207502070512872,8.260465107566937,4.9327192824385095,-8.960586144755963,11.063702342135972,7.585287434816698,-9.975175087676355,-0.3288473121297788,-13.262722233237838,15.77583263601957,-1.9694108648265398,-8.566169878927756,17.533367105710965,16.113787585322036,-0.0008274033887837119,102.53033903216742,19.992984289712517,0.0007618186669701194,86.6992853961606,-3.0814234856383513,6.287259051400199,0.010558933184725908,-3.22828466900523,5.519848278343963,0.0014449117106970096,-9.398421282072468,2.2635028268757,-0.12385454126878392,-23.34275863050036,-4.837488182805671,-13.341432051330502,-0.4265806782254709,8.831106871286233,-1.209535117850244
1081,18.016666666666666,6.912178597788477,-3.869541567082969,-11.361379697563228,5.230859523709021,-0.3602559468762486,-9.409774560756826,6.882403671123245,2.691895482078592,5.69560594164941e-05,3.4744640080711444,-0.24297624669171844,-6.516834376299021e-05,8.179219388008466,4.921621305176687,-9.212319009477666,10.819463916005853,7.795922708743857,-10.31509247131041,-0.1317179982813801,-13.417562319390445,16.581034080603807,-1.8274890973694187,-8.388668875258906,17.159150722553324,15.437667881268046,-0.004010257546373167,100.09112511949452,19.664097560398865,-0.0021928015169580687,86.98518916583296,-2.8029463903457144,5.314100328588884,0.002919559628690389,-2.7330020440019918,5.741996105160631,-0.0009175896197674229,-9.574165278752885,2.445324462480382,-0.06634978452786534,-23.033429374218162,-4.8159705118265626,-13.344813728681949,-0.43766988781245036,9.000441534290351,-1.1168830381789816
1082,18.033333333333335,6.899865101261503,-4.02177933422933,-11.380941601443196,5.16707047503009,-0.2019121913831258,-9.269930587455786,6.749795130371077,2.709848594264932,2.9277579975929164e-05,3.2606092928601447,-0.14481195858462173,-9.055828468492442e-05,8.167995465226864,5.0242912721900135,-8.996854403111376,10.611485608153762,7.689495685293856,-11.034596299385518,0.030927817656399063,-13.78162983621122,17.12089476834334,-1.767662052120075,-8.123890852251321,17.057873091616425,15.020756293718042,0.002026217075409989,99.87200808801325,19.363824435233976,-0.001222351122216741,86.16821734229721,-2.8848612143099444,4.314544017433882,-0.0025495471998359634,-2.8160704070310363,5.480744478269606,0.001239935970229026,-9.663103240813355,2.5231281984028975,0.2996339580284101,-22.901709090872554,-5.0366195075140565,-13.227428588111936,-0.586564008745233,9.03806550476491,-1.2555014013755064
1083,18.05,6.520717502605551,-4.017791355748982,-11.965614185138508,4.847030570408406,-0.20546391874980718,-9.545736207068426,6.778252405213944,2.548299036712594,0.00011563807129372314,3.359580237460216,-0.03757803301675367,-8.988194729805322e-05,8.553014994774342,5.559109504858756,-8.592931218547019,10.937903322218009,6.879695378628045,-10.763637610921258,0.1617580765472647,-13.774660540610265,16.918112563389183,-1.9510501174606696,-8.110579325418469,17.173970201634393,15.234754590144556,0.0016671833971070905,101.74876625424464,19.877297465229297,-0.0024338249296177714,87.78648717619515,-3.09353314459251,5.26937361030607,-0.0016604600826382735,-3.3962495343689896,5.706049564841285,-0.0018575550719202086,-9.303514353993657,2.541392968952526,0.14476739536633512,-23.089108884683423,-5.244113560203712,-13.138800155560727,-0.5620131147850841,8.695952255608361,-1.2824826700891547
1084,18.066666666666666,6.429404511049468,-3.858108896032418,-12.174185481474952,4.790207576054745,-0.48215907685026266,-9.816162011524579,6.898207979612383,2.5243536400932904,-2.707556627409488e-05,3.521781364710291,0.1285730286004619,8.962457325398972e-05,8.890856640916168,5.5442739085114,-8.495687632196676,11.398434845286245,6.394378985930635,-9.917810028909962,0.16781712559803005,-13.77299246417162,17.629081552726593,-1.925855061141572,-8.146095386136366,17.71133409567223,15.394461603100192,0.003846987921864319,101.87203002612192,20.003177883584833,-0.0029755845169402466,88.12792622222933,-3.5084549383237498,5.671512073033566,0.0016233297564471237,-4.187101604096834,5.9414414705921965,-0.001376570482228751,-9.216902462556611,2.6378749760048734,-0.1849941967512632,-23.266325167843505,-5.209538135888397,-13.153759913834799,-0.43456358209391444,8.592181298389079,-1.1427988229855874
1085,18.083333333333332,6.664314815826556,-3.7184381433961775,-11.93713272999503,5.102282210182401,-0.5993437459016976,-9.905935683282715,6.766651550207883,2.570321308563983,-9.039437401202913e-05,3.5640466239700404,0.13513287190360135,9.493821157881794e-06,8.5324198027475,4.815936363380807,-8.750830729860457,11.368133603375865,6.712972435002936,-9.783544598617558,0.10170648573967309,-13.864889669271816,18.051575301666066,-1.7395717847876366,-8.306246932366305,18.67413965187441,15.411411187940296,0.002754360872603263,101.15868417687378,19.673452694528898,-0.004175471681126395,85.8489368210884,-3.420329507988662,5.3235490602997295,0.00022944704911046147,-4.316518342682787,5.72060682237122,-0.00024299038640641652,-9.533688940019385,2.673008488657849,-0.19816075276863887,-23.20187849403355,-4.953252694310653,-13.173258598465294,-0.34473061466893434,8.860685052938534,-1.0792333310888054
1086,18.1,6.823115627394578,-3.7703620029509195,-11.782237418415422,5.367451184105615,-0.41481620908207956,-9.93609924189935,6.602303405195585,2.571547503098883,-0.00016496806307083185,3.598088906322039,-0.09269789251800278,8.525505307120406e-06,8.150911660633609,4.688864071236753,-8.990117926564453,11.065029040470598,7.034566211915826,-10.081254801221112,-0.017024783377433666,-13.692764147518416,17.28761542924677,-1.797151101045839,-8.316759522685627,18.261851572852038,15.487953289557998,0.0026885085831539267,100.38293400226745,19.712839815841892,-2.7836220920555842e-05,86.01461165137088,-3.5692362210385613,5.543402535496802,-0.0006863219472119796,-3.832384999727599,5.614799574014996,0.0003121418679398482,-9.719172856845997,2.5322491822181457,-0.07198049264936364,-22.979940244014376,-4.513708360520012,-13.045741759502661,-0.3191281788777111,9.055446082641081,-1.163676794517038
1087,18.116666666666667,7.103595670649293,-3.9547898093997444,-11.498308995545921,5.542180394083829,-0.23729287952909353,-9.902325665566863,6.773042261307464,2.574001175085845,-6.0246253858098576e-05,3.634123461818272,-0.21934891447084653,-7.195856903244259e-06,8.255022022124,5.245429136251421,-8.967629883830815,10.839329664531553,7.032728027687537,-10.249418199942065,-0.08708441595979415,-13.535648596101533,17.183383514405946,-1.932022525572013,-8.105935188158485,17.166337507952427,15.496486969496889,0.0015745134911922057,99.50633622057366,19.776902263372037,0.0026079551654324762,86.69258354880408,-3.7646422208845047,6.032728535279165,0.0011966537528186123,-3.3353312272854123,5.398122111630674,-0.0001801707591289831,-9.893245574749574,2.4054570560248636,-0.0021960755750976163,-22.87009767293492,-4.340783621037424,-12.945985041771804,-0.499982917670057,9.212682473434235,-1.266722918327303
1088,18.133333333333333,7.2917853408951965,-3.9548191500999352,-11.290674155958266,5.593560388401748,-0.26143144097264076,-9.877862302393586,6.916069451350829,2.5093321224218283,-2.05116557214441e-05,3.6711919189932667,-0.08193932812251199,-0.00012587378009343446,8.31357031446052,5.381812384600901,-8.967696134432828,11.049269428434055,6.584045685548905,-10.12441643014615,-0.18546855898104986,-13.632261513584927,17.317220061858524,-2.1101231032409693,-8.137585956054847,17.42739272928175,15.673006966741276,-0.0031318362269217286,101.84988341171552,20.011762879291837,0.002515277912270889,84.69224625132493,-2.8659667140084597,6.106189413163298,-0.0026328999643888233,-3.5349854281936635,5.23215432019444,-0.0008092078426469395,-10.014912673963204,2.4632806038717447,-0.041917812183902656,-22.933180522977572,-4.386143187053037,-12.842321446263393,-0.6357072357956788,9.294718076479972,-1.2638600830494309
1089,18.15,6.931235647081976,-3.9046310822804564,-11.558524928180827,5.264853161881966,-0.3994006964184713,-9.688953615438734,6.818425991444634,2.5621778377272655,4.5410161730642036e-05,3.6157219793707216,0.17681137580322187,0.0001599611066861802,8.322644394253276,5.317319440722984,-9.149219148178553,11.350522554949219,6.280067748732649,-9.981751849691557,-0.29589470127683815,-13.673049646238074,17.009551167514324,-2.263317194270355,-8.243810471831774,17.91134599054235,15.658446665838671,-0.005440812866595222,104.27993513713595,20.319813778090058,-0.0020545107452562715,84.70080769024777,-2.5782436350525657,5.396368723327926,0.0027201458539523617,-4.223798544607229,5.616573035562678,-0.0008243781757734233,-9.762804049078804,2.5209712040148795,0.013178963117972642,-23.16232135328642,-4.1365930333523,-12.746979881122428,-0.48551150428214496,9.042808372521915,-1.239405447642518
1090,18.166666666666668,6.658634755604599,-3.8193442071815413,-11.655809551341747,4.973009014778789,-0.5857532795661786,-9.41215764907993,6.807408050515613,2.694399444191102,7.884535756172167e-05,3.4806733226112314,0.3841026046476556,0.00015340552813343492,8.449904588158557,4.965765756165343,-9.195128494755146,11.2042704694292,6.439132889910953,-10.22353516967475,-0.3383660994086278,-13.496935434998147,17.183276684185312,-2.212113371418858,-8.130802690686297,17.49121994754413,15.403660746518195,-0.004544024107068316,101.5834596583923,20.171801153136425,0.0027346283883168854,87.19878564403517,-3.9775274019553115,4.479835229162385,0.0031161132195392394,-4.076758409560555,5.689054867317379,9.355322123763198e-05,-9.552325792372335,2.539807854809268,0.11012344496211737,-23.192231999228593,-3.84508257228435,-12.61262697025076,-0.4683541032190659,8.835438489259992,-1.1530974269345502
1091,18.183333333333334,6.950622192842381,-3.3717669912562953,-11.61854751773068,5.1536160410177425,-0.9114106870437763,-9.437519492569063,6.749408812897155,2.5338097480498387,-9.284144877699744e-05,3.3857911140034362,0.3653654521487432,-0.00017059132641917367,7.841753186684441,4.747250873091815,-8.88409911763409,11.258524624722885,6.2152344989292025,-10.28179413248839,-0.2920665194286866,-13.419572968475457,17.64521050042979,-2.0719612659160767,-8.0455334236206,17.232603512284946,15.430196558479468,0.004394115471725106,99.93367344763784,19.880275555630394,-0.002516686587547196,87.22065070595397,-4.6298074558231646,4.3437967796561825,-0.0018116377304525514,-3.5620665661007713,5.574908763873018,2.3458469497439446e-05,-9.747087810820434,2.8415146940533864,-0.02480983569263121,-22.748193786192463,-3.707092062040664,-12.313939346925055,-0.5887068525621114,9.028400662968133,-0.7713319387704152
1092,18.2,6.9578327450779,-3.21429477718688,-11.971761616631843,5.226886640451205,-0.9666558293253541,-9.71996665435737,6.5770739229450665,2.314283215577816,0.00016116562193882093,3.398425020321427,0.17417402365231482,-3.37503666074936e-05,7.249622733212105,5.660943821880805,-8.592590615661429,11.492200260676716,6.220069678814311,-9.920182487031044,-0.12950550190072557,-13.67089618738595,17.768932976870413,-2.022005248635165,-8.083133740398898,17.815647616386617,15.362591470838426,0.0021984829062651323,102.74501868193813,19.824761977568166,-0.0015990520143454917,85.94113951068215,-3.9194995829168957,4.835567854245661,-0.0009444496031992356,-3.9596940288355023,6.183173459177925,-0.00032205737274470505,-9.806733604333358,3.064027340022193,-0.08571154735940736,-22.625484540850415,-3.831861739496376,-12.390079672288161,-0.43145771098939006,9.048977509332587,-0.6515252348965263
1093,18.216666666666665,6.83677257713849,-3.7774444658030486,-11.821815994578621,5.207763014596925,-0.5059233113894124,-10.027242468192405,6.7311987909940445,2.478756810854532,-0.0003351467462359531,3.46599954146551,0.08615633089307566,-3.0776014157816546e-05,7.92016354036363,6.013336299511313,-8.878319223611479,11.124833716447295,6.921600836645601,-9.76440363016613,-0.21044207926753747,-13.655883634627546,16.55828560121397,-2.1618230310929247,-8.015715673511945,17.439227294582338,15.55156788056024,0.002021208880233082,103.46370970690424,19.92654110224706,0.0003334093742118999,87.04074836405455,-3.145834209533861,5.7448541927753345,0.0015222960430308712,-4.102054455501589,6.308495109613382,-7.95711910764919e-05,-9.800166418004602,2.7206440641263927,0.02885849119370508,-23.03225710651233,-4.17833817723571,-12.702073048514,-0.33800908584860007,8.987502886221431,-1.1330037593271245
1094,18.233333333333334,7.433142515169062,-3.9857914743150302,-11.340077459101353,5.6457070650903995,-0.4383795176379976,-9.994271606205647,6.978876512163447,2.7050723773611485,-0.00013134414850810445,3.4755520644207127,0.1651271431849162,-9.532266073155109e-05,7.991557937457252,5.297745044890708,-9.100812902467922,11.044599464332585,7.186351746560083,-10.049442776873741,-0.3894439191209742,-13.224694765510725,14.997841522862053,-2.1092474154938023,-7.919400004120699,16.20572128936966,16.175260467514825,0.0013699325753931827,102.91337871652539,19.752844325270587,-0.0021676891881027,87.57291658859504,-2.1028300649352154,7.051858415544685,-0.002056042037613002,-3.164441042530741,5.527547800570416,-0.001215411071536526,-10.220114339493103,2.539392227842821,0.003519737017379512,-23.085290512986973,-4.172333662844945,-12.374232743554895,-0.507127013902155,9.43668288005935,-1.2268230026716767
1095,18.25,7.4880221198108226,-3.766274180699799,-11.915729385033218,5.642124825456691,-0.6492333322976415,-9.359321857409462,6.949925044371282,2.6160964620693665,-2.810134293636415e-05,3.5211652497025314,0.07348011527193019,0.0002619507056845398,7.397010984637401,5.140728442609872,-8.501975982931528,11.534674935733191,7.423927773217349,-10.644495576190787,-0.2387513275227313,-13.27156952594143,15.932561807647799,-1.79418244437419,-7.991621861644498,16.795928092269587,16.003918063426404,0.0005115761915355896,104.22024726869022,19.544864599414176,-0.0009374215487355506,85.89269617069594,-1.9123933222921596,6.8150451922002535,-0.0022230555497623943,-3.1416252219050986,5.4714401633505,-0.0017842249688279836,-10.07838643191509,2.71580242780739,-0.1720216222119899,-22.857093331705666,-4.144177640920583,-11.930884980002777,-0.40349606921560704,9.404571228537467,-0.9897996770162091
1096,18.266666666666666,6.8325143660821155,-3.9491365857326444,-12.472680899157377,5.1035070369662465,-0.27143304268459656,-8.902154955892078,6.994157379799656,2.559341501764188,-4.4692433843972315e-05,3.534736965927883,-0.2772643532100919,0.0001279967608267085,8.028731738087878,5.181832712269446,-8.138069796975566,11.26939286422703,7.960234845270329,-11.027055028275639,-0.25908603381549566,-13.53895713999094,17.34012576144077,-1.8592011135671382,-8.12332803817982,17.672689573579657,15.455933549438397,0.00013420324372442484,103.17687069057943,19.77444271831529,-0.00026425640619216843,85.67290839942272,-3.5210236833368143,4.584227164858853,0.006237935349413507,-3.9042642921443784,5.7391526826132075,-0.003705949919308738,-9.451024843148133,2.5214063847365433,-0.26330582881627695,-22.858268719684673,-4.423629011524056,-12.099207228755324,-0.2511488212573178,8.85035371387567,-1.2382934984813558
1097,18.283333333333335,7.067640724383993,-4.127924639567164,-11.755035903821831,5.340127884087436,-0.006922851722332545,-9.310809374805158,7.098961966714871,2.6925997820658987,5.7750073675700246e-05,3.4973270672335017,-0.38886001952390853,-4.255980058384841e-05,8.588183269572848,5.051590856035421,-8.843354742103537,10.747511606858836,7.655661849622704,-10.667478681731904,-0.6221739812130282,-13.37439715825774,16.469795121560526,-2.0459395171631236,-8.203037300559743,17.108511001607937,15.938857923352577,0.0010818941940430886,100.81005145216464,19.850210976160266,-0.0007309271121595197,86.37622728600834,-3.967721077019317,4.495484860740848,0.010772905547538054,-3.7931049203290015,5.622646578415151,-0.002676624573412963,-9.750383315564573,2.2056289807185196,-0.09042370944037652,-22.91935843006489,-4.330890796752629,-12.32444097337214,-0.45555068556133055,9.106482825264758,-1.4360462917380687
1098,18.3,7.553336425203068,-3.952080788152151,-11.052723205285854,5.811644500388347,-0.27582391579715254,-9.953682164818893,6.986341210121979,2.698553256316857,-3.807825195211994e-05,3.5384085662173823,-0.2227766639724769,6.231659929297694e-05,8.174999259152868,5.165481802900422,-9.388656724589959,10.946481252672013,6.868247105606255,-10.002272457483324,-0.6689834209367578,-13.343402275184925,16.41176665913518,-1.9932204770057291,-8.244306079163573,17.214772315089085,16.32093992548969,-0.009084799115868283,101.15808764622234,19.717872754921117,-0.00031004083935701773,85.44823841516742,-3.1954070242348274,6.1799660566012555,0.016762812794579637,-4.057905735541303,5.668816347444688,-0.0006245208612215513,-10.266462958264228,2.2596604234066127,0.05012449827141162,-22.842716891788786,-4.012974952642953,-12.213124628051023,-0.6242131656361233,9.555101048494754,-1.2575609122618956
1099,18.316666666666666,7.171013759537501,-3.9003266876665603,-11.181365758680807,5.4232664338655745,-0.34137517806991446,-10.318436455482109,6.955863821574942,2.6512521365671553,-2.0757168284193632e-05,3.523978642811687,-0.21854242838744425,-4.117050014161693e-05,8.012440387500973,5.000274615983772,-9.083563962915102,11.10128773206558,7.084462463153443,-9.85094920992535,-0.42204889990129224,-13.4970848778252,17.75413758455688,-2.0662239217012743,-8.378585489770973,18.09364508151641,15.506990391161773,0.0023986537149538797,102.25803751949233,19.799636671999323,0.00021813921879110124,84.31201233508449,-3.67598474752868,5.296363230475609,0.004238251558071551,-4.455421137279137,5.446930144755392,-0.0019003019902011317,-9.905090104133345,2.3879505611776684,-0.0691880586404923,-22.665055164465954,-4.053137708470886,-11.909008967094808,-0.6324301429438397,9.210984388421204,-1.222453889103503
1100,18.333333333333332,6.957681783321916,-4.043427508815715,-11.457227107625267,5.128235083292524,-0.3059072593461233,-10.059279379491377,7.113005545205643,2.6772705642304313,0.0001909015544670721,3.46245591165805,-0.18788438790802411,1.9708834180119344e-05,8.453851997543596,5.60880269462429,-8.847050710716866,11.186287290746193,7.744905834027994,-10.437120507382469,-0.5186581205336509,-13.574215703929989,16.90120083189697,-1.8367420004622197,-8.4286299783083,18.90282669433442,15.691924917354871,-1.3467110064640219e-05,103.25343101231178,19.749614102504466,-0.00037591137435089543,84.5394791570424,-3.270780437027049,4.842814242272569,0.0013109531531411544,-3.54552097724132,5.190129463955587,0.0013116702273035723,-9.671007688580175,2.4562761169607583,0.1526303339675785,-22.841290023364675,-4.047063747051412,-11.746912230391082,-0.608810197738475,8.947562220254984,-1.24377977965789
1101,18.35,7.200617881405657,-3.796526665853915,-11.620002299872509,5.3834925194059515,-0.5827917018938856,-9.641735258776373,6.904705337971329,2.504717621983037,-0.00018792258822744688,3.4974301424099776,0.057872878461281335,0.0001808526261974119,7.591131578732024,5.783564053335312,-8.716919561868366,11.236903844754089,7.299398506976208,-10.441149144787929,-0.4758014987689094,-13.47916765115,16.008933038395615,-1.8083179415090287,-8.152602923291205,18.61164304598062,15.941091512787418,0.002052378101856539,104.30530355571388,19.677114247500516,-4.379514270794252e-05,85.2342248390092,-3.162329490466094,6.309322874942991,0.0027311133149793385,-3.432272445897752,5.601563848931079,0.004668545151522329,-9.936190198640643,2.6586488750077772,0.18696441115131188,-22.881710911824882,-4.086472696661363,-11.801723473744998,-0.5663110899343595,9.166826478815965,-1.0545653846492093
1102,18.366666666666667,6.954043258187968,-3.5420931111993568,-11.632443599358703,5.234587715354189,-0.4414788170643737,-10.133729557521134,6.698321458593881,2.39286704783084,-0.00022216447312552016,3.5722374187464596,0.11837260541409826,-0.0003482662493332056,6.064117180717563,3.190115582202432,-8.43824368671555,10.739801835946007,6.647834364268359,-10.032466465690224,-0.05892532513290174,-13.054978462160921,16.93272118442111,-2.6554388405287734,-7.998195543303952,16.655031449357423,14.49047355521832,0.009220327039562265,104.6166954190055,19.928848238113968,0.0010427757429589911,85.81196005689957,-4.530842453716593,5.942288261931833,0.0032040798037516168,-4.650946607430736,6.026314899221227,0.010119262989562408,-9.77413618603883,2.5407076690454695,-0.44961416665722503,-22.46827307356375,-4.533015008665726,-11.458246484094374,-0.6791356321835574,9.084423832984628,-1.224497352878901
1103,18.383333333333333,7.692392425700862,-2.9934816493361946,-11.684779457781897,5.697362225196605,-1.758622011911217,-8.673590673961698,6.922793593043608,2.3481948566249273,-0.00030989432572048456,3.4427361960881298,0.5453939770377665,0.00042458720221186556,7.6343147351922305,7.293773109071907,-8.867206558588752,11.480837875781127,6.054392227512295,-10.112707131037311,-0.11489952711290653,-13.460547564952973,15.608572067366138,-1.9563860814566494,-7.917562849896608,17.894398928490276,15.495908581450019,-0.04136791911806154,107.19167308783368,19.998543495505064,-0.0010831470089725074,84.91081057631517,-2.559137325895038,5.563915392044898,0.006948507628893334,-4.54416633465282,4.35410436618468,-0.006197680458460958,-9.953270704082755,3.350506077677235,-0.08062891725007887,-22.945824282683017,-3.7160787464321885,-11.845976882736494,-0.4725473098789792,9.433314995509148,-0.1131500213698105
1104,18.4,7.274450025389089,-3.753570269208003,-11.427240189974093,5.283865633705405,-0.6194807325640477,-9.476869219202792,7.318676186222402,2.6565685924661606,-4.4768996221068306e-07,3.4514143022852104,0.2819138669333971,3.6480865109954884e-07,8.278207610394757,4.881596549817172,-8.746822021139288,11.0743733314246,6.549616376516438,-11.152220795435307,-0.4270623067150482,-13.295119067800876,15.172560291796735,-2.3371113324522863,-8.12201463279432,17.04426322332856,15.556742502455522,-2.0723328949180986e-07,107.04542945967974,20.124906894652238,-2.1814928393627954e-07,85.97061503390002,-1.6155663688288753,5.153358233566596,-3.5349264534964724e-07,-4.520054845522694,4.787114758535012,2.8607325463894926e-07,-9.734751369170956,2.5305161788812653,-0.045960709707726664,-23.162149518518124,-4.085014212931207,-11.181585300514687,-0.7550260067669317,9.136573344202786,-1.0587517050487518
1105,18.416666666666668,9.297734137276706,-1.858439259471747,-11.987393010238744,6.989043637768323,-4.437034036768694,-5.591073602548516,6.97217665816821,2.0753605007394778,-1.8099120430966152e-07,3.2246762310895387,1.3405951211198017,-2.1644685805084802e-07,10.216775123818962,16.458908265587795,-10.01081615793422,13.179257777854104,5.1293191193392875,-9.750649253742832,-0.3762299972423757,-14.441575011476292,13.262480982304483,-0.1386790288035374,-7.556606019056971,21.572789432422336,18.096657781283774,2.2044069547321183e-07,110.73765210958304,19.78051855441955,-2.740186784709306e-07,82.78907847881297,0.44455140303876106,6.486101503002464,5.4060833502227e-07,-3.6051448775339705,1.8021691601125616,-9.606300707876859e-08,-10.68395056232637,5.132747134044028,0.8854859369797855,-23.84107664538722,-2.09176301965501,-13.161506169985214,0.07103671179659231,10.325533442543565,2.1957619262589163
