frame,time_s,hip_R_flexion,hip_R_adduction,hip_R_int_rotation,hip_L_flexion,hip_L_adduction,hip_L_int_rotation,knee_R_flexion,knee_R_adduction,knee_R_int_rotation,knee_L_flexion,knee_L_adduction,knee_L_int_rotation,ankle_R_dorsiflexion,ankle_R_inversion,ankle_R_int_rotation,ankle_L_dorsiflexion,ankle_L_inversion,ankle_L_int_rotation,shoulder_R_flexion,shoulder_R_adduction,shoulder_R_int_rotation,shoulder_L_flexion,shoulder_L_adduction,shoulder_L_int_rotation,elbow_R_flexion,elbow_R_carry_angle,elbow_R_pronation,elbow_L_flexion,elbow_L_carry_angle,elbow_L_pronation,wrist_R_flexion,wrist_R_ulnar_deviation,wrist_R_rotation,wrist_L_flexion,wrist_L_ulnar_deviation,wrist_L_rotation,trunk_flexion,trunk_lateral_bend_R,trunk_axial_rot_L,neck_flexion,neck_lateral_bend_R,neck_axial_rot_L,pelvis_global_heading_yaw,pelvis_global_tilt_ant,pelvis_global_obliquity_Rup
0,0.0,9.165117581395654,-3.49216007498401,-8.010682407716008,8.35528827004157,1.321403315079596,-8.679505133730713,5.711435482387954,3.390495580327471,2.1963562631599174e-07,3.6273282249811336,0.5570485405957597,1.0742378619266752e-07,8.871642010201771,3.4730935928696582,-8.944032710134671,8.156687153831628,3.5222940602594854,-9.91629492967687,2.1870487119268507,-10.735408431754093,10.468393439288096,1.7945176106578062,-7.6215822502260995,22.568719917966266,17.444499562237464,-2.1809054545242227e-07,103.78160334609844,18.90222184738943,1.7625565378297838e-07,91.1698840577305,-0.9002837367817277,8.117402433439771,-6.179450183294003e-08,-0.6251268168870083,6.741441697290825,7.698893433453591e-07,-9.755695516507249,1.8027535714051444,0.2341247992860163,-18.766151713874667,-0.6156687561978367,-5.147607381041675,-2.476116972508552,11.38530006378799,-1.7082192313767308
1,0.016666666666666666,9.615404634537953,-3.3272968105385003,-8.138936645831164,8.232547291915981,1.2541712965067295,-10.062193495280916,5.998601546588162,3.1429015240707994,6.210607582760725e-08,3.11489678976673,0.5456534695090075,-2.6320394215314673e-08,8.429654384107767,4.35307833588042,-8.356162804351328,6.9344689879681605,3.5554470504911344,-9.026614407361974,1.9138035578206103,-10.722152335904989,11.787277112488892,1.9224248218843394,-7.703082763234199,22.215738786188226,17.155319218444532,-3.210933940336796e-07,99.14524347856859,18.238332752287548,2.0490943629712663e-07,90.93567783129835,-1.4650026585558271,5.151424579795137,-6.931241114657073e-07,-0.05290435674040819,5.801064992059028,-2.7412802773925936e-07,-9.923836444875384,1.7197198668660212,0.9733971297116754,-19.49758366754746,-0.3087645985181074,-5.805193304980843,-3.1234805623053163,11.58949975470982,-1.4957044758118574
2,0.03333333333333333,9.163496950023536,-3.1906223302549273,-8.332197766759156,8.249887796425847,1.12559727372561,-8.416013108556468,5.5895675336895865,3.0972477906536713,-9.385428707600826e-05,3.384945655370354,0.7386991132434336,-8.849678124593118e-05,8.539938090257035,3.8400420690141344,-8.560943815456612,7.70544174765641,2.968198566557618,-10.278763330579743,1.857414575165697,-10.74434985873123,11.37304587773538,1.867679175579382,-7.6087559523465655,22.253038536083714,17.384933515911722,-0.003508155639988763,102.29693857483404,18.530309786306262,0.00042897553429976947,93.01821641955463,-1.8034931948550637,3.981087521312115,-0.0008080525167950702,-0.15320970635429582,5.650257850986237,-0.0004872433441582305,-9.711698019337009,1.8684338770611186,0.4101848518990909,-19.498529560782092,-0.07469449875767134,-5.430110569437506,-2.627835475216846,11.43201912724021,-1.5062873010764346
3,0.05,9.061640906211265,-3.2183789057273606,-8.492689295773058,8.238502629394741,1.2358835418086782,-8.187122606510165,5.4969411326534505,2.980360224410248,-8.096310132465631e-05,3.4208428845769467,0.7832482313302105,-2.356460074894827e-06,8.753643128625393,3.8172744963626193,-8.84984172521084,8.220158265801892,2.9046175475011125,-10.46248906332771,2.0554388257148988,-10.798892115168378,11.13400424247082,2.028566812838812,-7.603420941236467,22.527383125154476,17.0237593819971,-0.0004925070644707946,100.95420782355642,18.330206264472388,-0.003359153076559543,93.92999716640325,-1.7812157939910667,3.6711032021547436,0.0019421592700630396,-0.08875270494085438,5.513574535183194,-2.3621096782186926e-05,-9.612815234348748,1.744839660202384,0.28954367080558985,-19.460580789974852,-0.0031392910166133645,-5.519979079666518,-2.394607056749086,11.397390124540205,-1.6566372541769516
4,0.06666666666666667,9.276439955794718,-3.6744338236492236,-8.285481257984499,8.304685664259129,1.615220212636918,-8.647317224837947,5.75959013180431,3.2337468820896347,-0.00034456122344057714,3.3531965188450363,0.656414224204758,3.234379550505972e-05,9.463962111793112,4.198158941401719,-9.170848927665073,8.350137737851526,3.2785136862339312,-10.13044930397579,2.141511549436208,-10.76858715342379,10.066217690014765,1.9730619281856645,-7.666689297310751,23.593712313183406,17.084910060357544,0.003088696449693787,100.04014250470841,18.161049217228896,-0.0003794485001271425,91.416808405341,-1.1530569600433083,5.362541327567763,0.005929284932328463,-1.4110002384755673,5.2352256668576045,0.0019284153220823217,-9.720002622915496,1.4527399904632656,0.48939011988256775,-19.59375131194281,-0.16403558445097122,-6.077602685601992,-2.3732552644752105,11.511279950249452,-1.9604029591873349
5,0.08333333333333333,9.092701120031228,-3.9797698083361115,-8.042346463640524,8.0304931318887,1.8233073021831758,-8.545393879343662,5.830931454543189,3.4901211180082674,0.00011038583582249217,3.209014157424072,0.5603510927671665,-8.104752525011086e-06,9.41668900138405,4.474939744858581,-8.904056170950428,8.064272565533358,3.6913303802099735,-10.479535604480407,1.814077274638614,-10.57567048831516,9.681772436619806,1.659428599423408,-7.728889972752331,24.123903812383663,18.07069130895414,-0.008551665376868831,101.9923946800183,18.492232977277038,0.0009977747303977836,89.55953595083638,-1.5103065071163455,6.686476135372028,-0.005783333566193164,-2.5770501042151803,5.183826473529222,-0.002247833191366439,-9.599260965643547,1.3107412681396253,0.7933290159143541,-19.9125167475387,0.01808789596452279,-6.780361888770888,-2.492600766314316,11.3178115419381,-2.047241026900573
6,0.1,9.078267012154061,-3.919109144259285,-8.40449257410767,8.032213934121694,1.7880047847847296,-8.198632069083445,5.841406788414579,3.354972317774013,0.00027586871272908226,3.2354471039743493,0.5511962053912397,-0.00013653094669946846,8.915850696767908,4.6197265092569335,-8.170567080383378,8.067377871396298,3.5888714293863138,-10.652522849693238,1.6505695771381277,-10.394543362257535,9.762743286545106,1.7758852379770447,-7.821768416155838,23.54386771310807,18.43422946774486,0.009258908948208428,104.30939527356178,18.78571579858665,0.001592726997395479,90.67729031269268,-2.3545755527170362,5.8474718050199845,-0.0056532818295687804,-1.9688781231854193,6.26145451885212,0.0037185472808485566,-9.573350605772282,1.291506230070814,0.6965259167802024,-19.966918932709373,0.36087037981890924,-6.7139701787622865,-2.563043987065994,11.30097561094337,-1.9704749434437268
7,0.11666666666666667,9.746154817930622,-3.8650178724592825,-8.503793477321885,8.698623180068715,1.7374042201018731,-8.474985698875814,6.08892713335917,3.2883526602142448,3.748867619282819e-05,3.487693022974928,0.5424400121822966,-3.755600768900966e-05,9.309499701524095,4.633962118746858,-8.18809132602394,8.480722874800342,3.3000656841598692,-10.11155941284538,1.9907599572610941,-10.299719180330012,9.069329669916716,2.1722073052813577,-7.944983942983674,23.37544944977986,17.341944248741594,0.005456858890824116,105.56046721678152,18.509239578921623,-0.0023907345553223084,90.59783509339633,-2.123703624388112,3.8269320889099347,-0.005408643763499332,-0.8892934439252203,6.830170401914182,-0.001718403266843985,-10.029454327599645,1.2874624762378477,0.39606041438953576,-19.967890157381007,0.20375785731768337,-6.169255047808632,-2.5680509009514987,11.826985220847325,-1.9624890822888514
8,0.13333333333333333,10.16102565946293,-3.932863805413498,-7.834711318403607,9.073030644358159,1.719971416318687,-8.71718296334839,6.326441280266374,3.4803744589362706,3.0456818210745767e-05,3.6509599798781047,0.6085438721973934,1.5792122307518806e-06,10.019744650594873,4.060825821095617,-9.003775475460992,8.712972757233784,3.3771019502448247,-10.23231550268885,2.1594093732361412,-10.305553711436618,8.458419146953654,2.2316456752857756,-7.945497055592809,24.552381685456716,16.581286301955437,-0.0037989395812508676,105.6679499649296,18.051856920832222,-0.0013846199956654526,88.2703943668714,-1.7022111900268693,4.013833597191262,0.003573980210244085,-1.3307715517660015,5.7806591374920275,0.0031397596033316028,-10.327049797822891,1.2681257541192863,0.6743848949131963,-20.01800059677839,-0.3409292209289242,-6.2421817566609334,-2.5491906836795777,12.080875583086737,-2.045888096704561
9,0.15,10.260319174469258,-4.015720932387329,-7.905908523321531,9.063247540651851,1.7664512143668454,-8.597098879413037,6.573895323685089,3.470823236439863,0.0001402237213109465,3.618704175346663,0.6674733519062305,-5.7542555859750175e-05,10.046966425342715,3.525332434640849,-8.860240014431502,8.544881020088088,3.2934976779491962,-10.491545357391933,1.8872919494838105,-10.547478054440417,9.513720508057775,2.162189074084061,-7.81304653603236,25.252107843312114,16.77837684886512,0.0007975340962950038,103.22258180000235,17.95351530530734,0.003918746212219268,87.74914789749488,-1.7849962420469412,5.166478556416747,-0.0007600208263570494,-2.485330604265857,5.764276698443623,-0.006278486222866812,-10.374612092897882,1.168039688868639,1.1007460809505194,-20.000791657796235,-0.4150447820702883,-6.808660383989086,-2.4661956970553724,12.04802683610552,-2.137269674942555
10,0.16666666666666666,10.086545876235556,-4.022274934725494,-8.441100750840041,8.918228684127405,1.7071829857429366,-8.77623290314127,6.564380044209868,3.439392642439912,0.0001333499072032719,3.6259467564433097,0.6454672030842303,-6.462890950510416e-05,9.662981591236521,3.441632704332033,-8.032095814457236,8.314892003170122,3.6952801618912123,-9.990199929026925,1.9459410831027144,-10.793818956257006,10.623699821896361,2.123575795058108,-7.694090013432889,24.13019439552532,16.66049865020132,-0.001562656721356339,100.55044548096949,18.405173403697802,-0.004299137440509327,89.83594365131636,-1.7357300129039,4.187405669287276,0.0003238042613758958,-2.120780076045588,7.668703628199274,0.005297378954517316,-10.166148013460909,1.213418931856116,0.9275285172103147,-19.903199227868974,-0.25583477761550555,-6.692442745563467,-2.4176122787462475,11.919672114879305,-2.0957897585648673
11,0.18333333333333332,9.626595582335831,-3.9304612047842378,-8.2273795009546,8.65551043844436,1.4898437458832383,-8.862288808757558,6.227836019224359,3.520886606098194,8.194797664013673e-05,3.7179936586456135,0.7839617860755557,-0.00013454867102588382,9.4855848670072,3.3662060501239943,-8.064819543262644,8.243592481768756,4.286864260405438,-9.775838843697553,2.2569316706288194,-10.85668342769999,10.493353170002868,1.9464723766318532,-7.678699506243445,23.27226557430519,16.316968839607554,0.005408849699123905,100.69009745001021,18.87088052139491,-0.0017778748635644437,91.50998509746351,-2.065409998156448,2.530649332334293,-0.00364386196774655,-1.3689189427069215,7.99755760579606,0.005283902844277867,-9.70512235839793,1.4231385865659771,0.6908018822130119,-19.71955213403624,-0.4132113642882014,-5.863384905636532,-2.4300552543676655,11.617683450119134,-1.9905379201362319
12,0.2,9.516871621440352,-3.7986129058905718,-8.523312974477644,8.617304065812556,1.458584870102204,-8.434001125072378,6.229425770297954,3.3344167305431465,0.00013569720833245374,3.8167271494345583,0.8321654877213792,2.340101783121898e-05,9.52007513926173,3.4838952005167663,-8.141676613424652,8.383932645375765,3.7424266975828613,-9.854224964322633,1.9689993208741785,-10.82227637305827,10.538690461763295,1.795623318226184,-7.714356384475654,23.947946809183943,16.923139089268982,-0.0022952261488404556,102.35800217606524,18.74414504327438,0.0007523947093004914,91.57752585329517,-2.2908987735383044,3.898043506962118,0.00023735611990450487,-1.863829288674111,6.023632963958535,0.008008873221349065,-9.595160448883838,1.4708546987784132,0.5854872799287597,-19.568663490946342,-0.4910196050041994,-5.503423735940287,-2.277769520130324,11.496298160005235,-1.938383623199132
13,0.21666666666666667,9.556732249802149,-3.665668455216592,-9.178637491003494,8.665202464020945,1.5418229635738585,-8.32538358888737,6.3172657213045085,3.2002614047091904,9.605470735334294e-05,3.908779710279329,0.5763760488279752,3.2232705345391156e-05,9.449517708127315,3.4281949520165274,-7.849308347038191,8.59966600272303,3.429722171528024,-9.74111340927123,1.5999585492842607,-10.52565006571229,9.960072381971726,1.8690812640421592,-7.732346121983118,24.281237765626802,17.70358795140213,0.005249765686344251,104.14645652923595,18.32449685358477,0.0008524813188588117,91.00822539056027,-1.3879605497594498,6.999478387203457,0.004223707311965912,-1.9308575527739444,4.839793362811687,-0.004045146871287052,-9.689026399725426,1.4643860332695053,0.3479478622231958,-19.453025346385594,-0.611822669142247,-5.60938436156657,-2.1700278368655987,11.521662892945818,-1.830745537316084
14,0.23333333333333334,9.591958708931985,-3.61122806559333,-8.763001287823522,8.72704523960341,1.5131369934438663,-8.623231913305561,6.067084680866816,3.3705833279019655,0.00021668530567133779,3.8026669044561405,0.49453227619112616,8.337835232737577e-05,9.356351111193232,2.770635286006034,-8.148267084929158,8.564318238532742,3.696651688156338,-9.902495101049867,1.9793627806072278,-10.423974303603732,9.465789921506547,1.968270621903754,-7.784529743094358,23.62396615324664,17.158476415544342,-0.004701277536843279,104.45605674730557,18.295730574656886,-0.0033465219516041543,91.06053389033893,-0.985313955477432,6.038146982869005,0.006501194758199598,-1.4245574231330898,5.300547574291476,0.0007320278511175837,-9.716975637333988,1.5289148319328918,0.3629763205679606,-19.517714822630417,-0.6707384716082474,-5.5561731246839186,-2.332910274156843,11.655872909343255,-1.7670530448903967
15,0.25,9.819322009097297,-3.695884341552524,-8.431517867043894,8.899020605186964,1.582797415412674,-8.841748543871454,6.079907999244152,3.4373505904817776,-6.940126375070922e-05,3.6682228381266717,0.5339791102569568,0.00016643092575820693,9.345240155838487,2.3999639793559746,-8.385970612439838,8.272364468762719,3.2595520812580046,-9.870789940365318,2.301703460158684,-10.882447639602464,10.928507852404566,1.9770426096161349,-7.852960613933037,23.336906275761994,16.80325177957998,-0.013776180195515178,103.58292451672072,18.579371603432232,-0.003276235431084339,91.67042809674413,-1.114425699195202,4.255247338273503,0.029382737537084435,-1.6863266111541821,6.141500086346413,0.0015559110783925788,-9.818999197920244,1.4862494521230731,0.5636518069014999,-19.733572376888972,-0.32538086498837765,-5.46610472434468,-2.3811073284617095,11.860509142482465,-1.8784523079461122
16,0.26666666666666666,9.844149574492755,-3.853083772631607,-8.585823369418161,9.004812988960454,1.7855175424941838,-8.841166132846771,6.373988371944312,3.388696223377469,-9.388038607002315e-05,3.8878703157595407,0.32375262484669076,0.0003038687811457843,9.449327145249624,2.6949808953012657,-8.252111011704766,8.155267877446132,3.0340577436127822,-9.339235242023536,2.1563786676436654,-11.183640088094009,12.301882621623452,2.1601385908278155,-7.89936030752864,23.596541073446605,17.64547642009502,-0.004833367507382093,102.49118053404014,18.5042484230483,0.0014315259080338706,91.83498574760488,-0.8072106942127178,6.941092886216124,0.01973314335704507,-1.3956510760939809,6.206134015884556,-0.0029533657578859128,-9.770279658110647,1.3528268525571439,0.29894328710319207,-19.723449841732855,-0.14359251135249182,-5.200616563883833,-2.0616385579377683,11.815449417129617,-2.013154443956194
17,0.2833333333333333,9.678244564164238,-3.848104079845814,-8.267268529649176,8.918912710460717,1.790225928333102,-8.422878767697537,6.472877592211809,3.3265892025913666,2.283045264761066e-05,4.020580265162897,0.20479903490994028,-6.458916246271335e-05,9.660747722141151,3.1633266571149408,-8.497293283428776,8.339101872079485,3.773045794696687,-9.35204027579479,2.276846633202809,-11.164445824052965,12.824441760217944,2.342254153793002,-7.928248251380708,23.613223621710763,17.615622506784387,-0.010857511993788474,99.3635758986176,18.233698988991012,0.0018844337093742063,91.84422474162606,-0.8221858196152259,7.819368592990214,-0.0106482037138946,-0.39831381608130323,5.559140268831125,-0.0016885525450499603,-9.521531755273195,1.368233892778113,-0.03610035896194418,-19.551973541305944,-0.13195938508634775,-4.819110039558307,-1.832603197541152,11.656799182387575,-1.9935086785859124
18,0.3,9.533306302335825,-3.7105536588811856,-8.167848503546535,8.641321600279516,1.5995737686242366,-8.288863277855674,6.4556753547316506,3.2578125310572665,0.00017433954895000703,3.8852043464343717,0.3794961822855721,2.091937660912708e-05,9.690993523206872,3.219410654348439,-8.551445919194238,8.484189012623272,4.41359978438164,-9.838820092226179,2.451148380526942,-11.160081369385036,12.595158996424386,2.1937640195503896,-7.843846107560125,23.379058044061566,16.744255336765878,0.007238197222067883,97.41168918541285,18.24780171963242,0.0005484881664724124,91.64723006115719,-0.26213154274278694,5.201068750070357,-0.00959097490699739,-0.7552219863236082,5.482038562555833,0.000228026570984577,-9.345245137358036,1.5045600884700023,0.16422236952507918,-19.243942919763096,0.001036934576388338,-4.985146910656946,-1.9700335180544333,11.50225625519618,-1.8786076912415317
19,0.31666666666666665,9.541279463772762,-3.7303604125183956,-8.437473082141478,8.641671568401733,1.5276789278901484,-8.710550957201916,6.4316514980561745,3.35356170711746,-2.635212565918092e-05,3.9412959176359394,0.5102845005029593,-8.099321534554519e-05,9.59838687726916,2.989186212581868,-8.336229516764218,8.564238297441975,4.183098277836215,-9.866450115325291,2.2516498096252064,-11.030212773393446,11.100011234429262,2.164027717265316,-7.7396470338415275,23.554863691605462,16.66810424914857,-0.0008761659515249894,98.79286246472245,18.102803105135457,-0.00035750328828781957,91.37376498650917,0.4452244549613322,4.746200133735489,0.008584356637577248,-1.6559468118174883,5.59826519249608,-0.00031261877808073246,-9.486325178554567,1.47879538691546,0.3802229670657126,-18.84825582331162,0.07344252570776919,-5.409215107667341,-2.0105974794403156,11.483096761091037,-1.8487182785904794
20,0.3333333333333333,10.016557143423814,-3.7148228290074115,-8.098337467880777,9.210845407220301,1.4475524497724672,-8.615764348351204,6.426709468447947,3.4893246062847103,-0.0001346514124793859,4.069239677112325,0.5404591203658404,4.435844480749308e-05,9.752846218476078,3.2179101546654474,-8.76763888744681,9.056049857296578,3.1196759620738708,-9.786003305744195,2.236166423080644,-10.90496422425322,11.166637520993099,2.4449869294864506,-7.756935266414271,23.93164058197795,16.821973510908325,-0.002054765410297672,98.29029826176689,17.92027009318415,-0.0006210803929978429,91.97662228642189,-0.7022547260940964,5.6141191703250355,0.0010306815516798286,-1.4700872339560094,5.6296151507287995,0.00035920648657771414,-9.875883910189051,1.4983218919866093,0.48537807524494064,-18.890360841481346,-0.04055423308562653,-5.346018217998286,-1.9511803501104612,11.906052214956373,-1.7689342046270775
21,0.35,10.325971735304243,-3.5713552945177436,-7.681489289254742,9.455794491238528,1.3298675915548535,-8.320701738300258,6.3771342152776205,3.4644890373364325,0.00017331682435556392,3.933470458712685,0.5664856839311836,-5.607901409095235e-05,9.83408217280078,3.6355898530412953,-9.25484798509752,9.266795079621964,2.5339700520311963,-9.868878295821386,2.396985518136397,-11.03738960390344,12.729078702889009,2.584349034754822,-7.6992622079579975,23.612262855273798,16.805112123896297,0.004537536598925571,95.85620612748515,18.246055234967887,0.0036365784597320637,91.76426862552276,-1.7292856294591532,5.709977827467176,0.0025038134095313053,-1.1573129162554638,6.724591974893138,-0.0008097728597948043,-9.915730255929509,1.6965448201905458,0.8139069879710762,-19.242196895471412,-0.3926949024631342,-5.0923531075740325,-2.1605214446635688,12.198056283210573,-1.6397714525092029
22,0.36666666666666664,9.984094690872368,-3.5864943600214216,-8.354956060714532,9.003015484693451,1.4356393746208518,-8.579416942385892,6.17203210179484,3.2250804515347493,-0.00018711533697753484,3.592680496537197,0.5548854374270483,-0.0001045003500774115,9.509977326937609,4.160684408960038,-8.74684237856478,8.395182827284192,3.1074072295457063,-9.614251776335706,2.2285327184093244,-11.001491595063737,11.351952078508758,2.5472733938725716,-7.575943560758965,22.962057162031094,17.149297050816113,-0.007119777056753282,97.38521463738097,18.286513043918013,-0.005142098918585194,89.71178148549326,-0.10768745045913275,5.5021005860259375,-0.004287710716104483,-1.3840178641066605,7.038379162180958,0.0016922237250749654,-9.602453652338165,1.6027750547186779,0.8928494021801883,-19.283495021427104,-0.5594174826508277,-4.880158286273365,-2.303362034736482,11.97251696617579,-1.728676993452788
23,0.38333333333333336,9.821861291663568,-3.7399824791676504,-9.332597535197436,8.842517772382472,1.665990581269568,-9.024099375418107,5.981585112438847,2.9719301946802292,-0.0002695143687852439,3.404205412861587,0.5368650357933265,6.344503045297963e-05,9.150622816329628,4.640005236952594,-7.87373823756058,7.5921251756273636,3.118816263077949,-8.906965849480411,2.189695165319066,-10.688939912434627,9.727743455427275,2.434421925333765,-7.619600973436462,22.77079755894533,17.058364032212022,-0.0038013624291209558,100.82131966310594,17.935298861420996,-0.007837512213671653,88.85315046973297,1.0524408914379206,5.070149784737843,-0.0033196807329035722,-1.3997849850151485,5.2542307643564605,5.732711011368721e-05,-9.603211401620689,1.235828004995612,0.7057848640521529,-19.206247359287833,-0.4604581503093133,-4.587406841560407,-2.1767621649614037,11.916995338134422,-1.9365602195441862
24,0.4,9.813240750055911,-3.8735629961823856,-9.117022434041587,8.99883834543651,1.7805372721051447,-9.39717056141,5.8057503958711685,3.1313640944022803,0.00019096967020335576,3.566483480695814,0.49736392060751944,5.0931396828889096e-05,8.855186633122768,3.834948522313668,-7.695990978558561,7.523925557967096,2.77248370483027,-8.500280340300026,2.4257176125559785,-10.67921326097702,10.879579995731346,2.4218601829669058,-7.705926562167978,23.18960552750449,16.582630460508998,0.0008891786681846188,100.18892390245429,17.93717870763779,-0.006314832854875529,89.4631411919531,0.3273123588031051,5.129259862629438,0.0008733609451699024,-1.293842008776771,4.571468352494628,-0.0006678497611565104,-9.654860922199651,1.1308010111827846,0.7766063147759176,-19.22994947922111,-0.4634796831476125,-4.6857332402310785,-2.05440381373755,11.97499898155711,-2.0158955339534095
25,0.4166666666666667,9.486045507725079,-3.8302816371907933,-8.624868739169159,8.859311463025447,1.7079009407878079,-9.362040956031167,5.633340225770547,3.386377961898593,-6.958642495640758e-05,3.7562136510169397,0.46140921318847944,-3.71800575385606e-05,8.781827618173757,2.8374420854840112,-7.7727756712608835,7.814466333554681,3.4510289524397026,-8.909181368063754,2.2237792854251777,-10.881870514469554,10.19644413241122,2.6049408322668515,-7.629620912769902,23.45975765436193,17.17654293334356,-0.007931371234926574,100.45602252718106,17.924691934295982,-0.001861244437769225,90.15980552601978,1.6027490522761294,5.557320610148029,0.0036996446587940616,-1.401693211608055,5.525074985259049,-0.00035679273173664126,-9.4154697754014,1.339862880361602,0.7629725719455559,-19.06783064360765,-0.3466588121552309,-5.081377435104614,-1.9425212719813463,11.764964205347772,-1.927893192698476
26,0.43333333333333335,9.540820116209458,-3.7807182678033233,-8.824731503392446,8.870800392305073,1.6718763912199923,-8.976410051893815,5.859816695301944,3.270685867791558,0.00012120616542358441,3.7758644863084982,0.4522528672644869,3.643137476390671e-05,9.16837704838318,3.2295854085878863,-7.867012874736073,8.162231858840707,3.922697342402729,-9.363137981887496,1.9529133811831472,-10.959034338691966,8.738180734967182,2.438906514630314,-7.5114676432932805,22.83214837252489,17.911596548934224,0.0033318248249151073,104.13011108336048,18.013077246917632,-0.0019248965187105087,91.75947652884088,3.0443123130068597,5.580529045612158,0.0008186316032647058,-1.1133500660477824,5.7810692856987185,0.0005121439632625711,-9.44955220382128,1.4136750119624513,0.6097666397886193,-19.14690400205656,-0.3118754936096598,-5.172962880549674,-1.843806665314534,11.754832892764503,-1.9091454237712824
27,0.45,10.034949313622178,-3.9019065298665976,-8.527478157127344,9.26855631038216,1.701712572470973,-8.909019912247182,6.1851517786736725,3.2467924476090286,0.00017486313708334523,3.8636222937842795,0.48754370911460204,-0.00012093875909881534,9.31175162911497,3.448790671021125,-8.63859058210619,8.116432917777004,3.4351947197249517,-9.124136963077833,2.1756403408417486,-10.963006931733274,9.61109054363144,2.1460187598464264,-7.478694176952215,22.264421951632933,17.685651994148113,-0.003777490875281593,102.5275258668346,18.296261559211796,0.003328993127490992,93.16029492862212,1.882789244555502,5.731225020869816,-0.0015300911971887962,-0.8696878320076765,5.833257783999983,-0.0008513944970784669,-9.761102232271606,1.2957429713343551,0.6645126143353834,-19.534412347377692,-0.6115339157604747,-5.312469550976883,-1.821062998624617,12.031338044720597,-1.9857468716651179
28,0.4666666666666667,9.833107492482101,-3.869290808580094,-7.897572317527889,9.156926144621648,1.526060966814198,-9.120720794933685,5.9406625808791045,3.3893112905761535,0.00025196991185978223,3.94391196016042,0.7073923948274932,3.7231659258462555e-05,9.012736405332513,2.9650907695004287,-9.142314065526287,8.074971581536259,2.9615253410020315,-8.827174386708258,2.278023735643722,-10.765190393451299,9.705560447634836,2.2291086374351283,-7.462257204273821,22.217132154308292,17.389822955321602,-0.0020157479259092156,98.54845508906268,18.114490205038795,0.0013683176176987337,93.30020760274338,1.0082798048791315,5.532188104892085,-0.003239422229356525,-1.4656839941327133,5.933649485823228,-0.0018524461064554603,-9.573668226168792,1.3044550225792186,0.6629892687912395,-19.431774709868762,-0.6037982587819828,-5.688453302239212,-1.9051167045907875,11.902594080460158,-1.9097537036542998
29,0.48333333333333334,8.79602248262097,-3.6992666339580036,-7.941370099393504,8.173983553539493,1.4909285772695695,-9.275158657977666,5.5587656282821785,3.111244163310064,-0.00016615313271907363,3.8357351635560275,0.8296652733845372,6.297537730717995e-05,8.784638952379812,3.1361392993959383,-8.659396179411546,8.169222219163268,3.0970511625302795,-9.125562142940847,2.267657989505635,-10.454379514297903,9.523974259746042,2.283496666622071,-7.560401687256885,22.31998520505736,16.793135293330895,0.009903554373731818,100.95487292059214,17.90905538700629,-0.0010646390875625354,92.88612626419811,0.5933690321691119,4.235454166253832,-0.00121936482371172,-1.503058479839981,5.973595374716479,0.0033879583050961362,-8.796133059750337,1.2435638028089253,0.579413465629852,-19.32639681032873,-0.28953636997882964,-5.519337233749298,-2.10265907373386,11.127446499856251,-1.8960565080351617
30,0.5,8.549214909516836,-3.6801370870245256,-7.879668112254947,7.957902090877873,1.6971132088551233,-9.314705465436553,5.576364764253143,2.8328250150064824,7.682780580632655e-05,3.9245444540282817,0.6429117056787584,0.00017468093377362215,8.811853521978101,3.532196592445206,-8.648701311527589,8.249398229063829,3.254333315043442,-9.48661643086775,2.3596737480121686,-10.386632901444937,10.630479909929127,2.2538834084888353,-7.7435759758984,22.74612509639458,16.279394443716615,-0.00858659039293705,103.70834974867029,17.96689514608335,0.0026907892256380407,92.9473913375018,0.2355497158363335,3.876647910681491,0.000624638548844658,-0.4123963808354398,6.586249339666752,0.004263677842816825,-8.734037191505754,1.045711556192183,0.6756081008912923,-19.58914547243725,-0.22811444996849922,-5.021737931532204,-2.1271111078487532,10.926169766189005,-2.025415954147191
31,0.5166666666666667,9.281787356280322,-3.7152218210856165,-7.685909817600288,8.795750499605626,1.6385308600697719,-9.015515047749563,5.779564263277315,3.176101106361243,-0.0002734127805296176,4.156088216306446,0.5742598063656835,5.516134486675558e-05,9.174374061128532,3.248416050157523,-9.275191757468432,8.530821603168445,3.042467603750699,-9.783464441071326,2.0846577782702504,-10.699815706405268,11.120113508443824,2.3263728330534397,-7.745178548471165,23.1531640176066,16.992622395320986,0.007164628206539564,101.5049964433453,17.790290131426868,0.0024637885666837184,92.88695517157838,1.0444817971636111,5.55615937902043,0.0037337382112093884,0.004105478204356815,6.434596832910734,-0.0012246102033255176,-9.530672812214366,1.1615833774675974,0.9869672366909312,-19.4777829064175,-0.22370184173691565,-5.119663946487955,-2.0522158502878822,11.581126469340413,-1.9637500356921105
32,0.5333333333333333,9.269094397182142,-3.7864324620924537,-8.137933964397982,8.654278637647225,1.5943799707166522,-8.743882093867034,5.941484126452039,3.4836730550124453,0.00024369221516538973,3.926005185013418,0.5865541401723514,-0.00023495500629440186,9.27753646909052,3.0047787761101152,-9.043320554286735,8.249435460371478,3.3090196610319045,-10.133683718197254,1.7916406596032146,-11.15134604422541,11.584029898738697,2.351532938171683,-7.572549746410756,22.727835949530125,17.61867483829841,-0.0007141100862225715,98.87671426216713,17.697193625895313,-0.0026885737121100277,92.84819078643605,1.3028049558243424,6.626495823894514,-0.0057964002375083855,0.08287812155297784,6.141030094648169,0.006988442490468221,-9.505390369779418,1.3790514631164619,1.253445598457842,-19.28733181114172,-0.22058151752747265,-5.54004001229376,-2.1826960669900495,11.540605283513749,-1.8892141282988517
33,0.55,8.889858245057509,-3.8493763566852035,-8.528940288801813,8.065340863367775,1.736737102015711,-8.928002610130356,6.018371024806887,3.2967273841735727,2.2676676192596048e-05,3.646453983494463,0.5230140814468198,-0.0004401738682920656,9.083574762747864,3.3132036671977323,-8.454420940938615,7.73802489866341,3.8241213854875418,-9.907890333534706,1.6540395538369248,-11.420830227209299,12.2957697733942,2.1373631715618147,-7.397931630019306,21.902538364382526,17.76756246584651,-0.0037214977507578346,99.26008585790375,18.067464569167914,0.0007045353892807593,93.5290121267079,0.5499726747183973,5.837123774995012,0.0025824089852268532,0.4672567928301187,6.769108647925446,0.010018538670842795,-9.033006772756806,1.3961554292137697,1.1831399753761234,-19.32816641435243,-0.49950378231439513,-5.891235635285144,-2.1953788603985966,11.128090103059563,-1.958466323404109
34,0.5666666666666667,9.098564748985122,-3.614019365368298,-8.70361758990618,8.384062420950348,1.5505471869112935,-9.044431679575533,6.045408785977405,3.0230622171077273,1.2376993661157208e-05,3.9251370562999712,0.614067906995611,-0.0003446191934058141,9.145026772767107,3.565631523670309,-8.43806692879567,8.153325367443278,3.8248696467126866,-9.523355190349994,1.3401964331864356,-11.446846448306546,11.468839578843276,1.9404706717609956,-7.372809568990126,22.301442171723753,18.19719295183262,-0.0017305284283044811,102.37999760178441,18.258428536300553,0.0013523950604270754,91.49898472089583,0.5428759869808161,5.177594728900437,-0.0013743952481580929,-0.3897839678808173,6.576189556988626,0.0054704649820084186,-9.231701765600679,1.5701327721557068,1.1144651552535936,-19.236920555761074,-0.7839928424405269,-6.14915123968817,-2.0074449668902212,11.328472000458111,-1.8350000276719565
35,0.5833333333333334,9.45651087651455,-3.251464619134447,-9.233757241590679,8.902252132545561,1.242626556910991,-8.922886097107645,6.011270125181383,2.7934463227131787,2.952348860838235e-05,4.254444645171768,0.6417535543660462,0.00021020943482433536,8.926370962126013,3.67144295077974,-8.145737652813894,8.624787130875934,3.7690383466146176,-9.658247296154794,1.2914637853638138,-11.262974529291629,9.82416206120571,2.135627781528001,-7.422593440488741,23.3189598258951,18.12423728227481,0.004359490835154223,104.3993752524826,17.875559427603335,-0.0010512226278820863,88.28821769554528,0.6956353541013297,4.458049810942159,0.0021202021170398247,-1.1949525446273768,5.5687505259539165,-0.005967959768507708,-9.596090115172393,1.879240753395679,1.2785530930606774,-19.28042079786893,-0.9656725636973412,-6.094832511524564,-2.0066684142725237,11.689480873306975,-1.558253832294545
36,0.6,9.879335603235123,-3.2043358393762764,-9.483703500175576,9.29893102935428,1.2425375762840594,-8.738452864136898,5.931989952923574,2.573929056375708,-8.108577704377371e-05,4.265125019149724,0.6024531817117358,-2.1453895970573946e-06,8.536107762681974,4.137610888819134,-7.71459027965423,8.58216885597704,3.520904087409706,-9.759800313933383,1.3771532795946493,-11.226545335165444,9.249913287786068,2.2164718677764403,-7.392038622129005,23.24232273418312,17.97517401001848,-0.00012604926432594333,103.35325650144827,17.718770868121084,-6.87168019028781e-05,88.41524362721918,0.09397590298477981,2.979037813185139,0.0034468549835783764,-0.6160686706466499,4.902549834461449,0.0011579641538108489,-9.87262687464709,1.9795303864445086,1.289797417835839,-19.54368882770823,-1.1864046508173576,-6.062249057174085,-2.087090348563276,12.05638423968869,-1.4945171765475618
37,0.6166666666666667,10.080971217138753,-3.455409555523597,-9.347709273113603,9.460655815459086,1.4737272316862353,-8.740339950548417,5.948809648438616,2.4719293617642975,-3.465033769658984e-05,4.154677892594089,0.6782002466969917,-7.403304539460148e-05,8.720459176923454,4.722650415838804,-7.652919716902188,8.549874240823227,2.885931917216606,-9.506928547169323,1.2565212587687826,-11.571746946694685,10.10940736359665,1.9851822076195311,-7.37166618446755,23.078201024713422,18.341328663462352,-0.0016278409767565448,103.28521884367127,18.172784587253393,0.0016262564515634548,88.62661580014465,-0.22372269305877707,2.481627555241791,-0.0022822864570104166,-1.1179741506951502,5.388573102521963,-0.0038905855376092984,-10.014419806857681,1.805190459188501,1.243561570967561,-19.572519786662586,-1.1394679328469017,-6.32396116157489,-2.113741845935706,12.26407644298787,-1.712526839781837
38,0.6333333333333333,9.92164862791561,-3.576581669551974,-9.409649702642875,9.337642930962355,1.6652213432960008,-9.019755403089784,5.914905309275101,2.549063265960531,0.00013213170449597784,4.036825863314937,0.5867531467420142,-5.027054324314365e-05,9.001615168146733,4.3147601741628785,-7.514236882152044,8.605105521753401,2.688265239434645,-9.228443228523703,1.2139120946413506,-11.87788648863154,11.511126707741571,1.8268817285986747,-7.47772622497246,23.475669579140696,18.427284744738472,0.0010494052614942642,104.17479605978393,18.65702190338879,-0.001850080746496995,88.02485669221767,-0.705985051313708,2.776060155316203,-0.00010916749345386156,-2.1394173130741243,6.284114714857945,-0.004292140099210078,-10.036032753050264,1.6655336870757185,1.3089295973723163,-19.41684923428471,-1.067403670712555,-6.431309148632041,-2.1015532048780696,12.232725211960384,-1.8489498526228312
39,0.65,9.861272634776654,-3.4748447568999623,-9.45709542724959,9.277919524794903,1.6047424393435672,-9.14949220148,5.806118959306425,2.673048275691908,8.81717046538281e-05,4.029797875861663,0.44583717912172743,6.940352416336751e-05,8.815089548414715,3.5591648737282404,-7.55156427128855,8.700875626672511,3.097619464725473,-9.136141879338734,1.0930016998580852,-11.906226067076725,12.009702698586338,1.645590754795094,-7.585854546204013,23.048964849119457,18.42310177349103,0.00044908376987599273,103.27827403701365,18.885747491045713,0.0010396028587194752,90.86278742086554,-1.124658713730288,3.07116617608228,0.0013347735888408956,-0.8965582807011425,6.1159030113282675,-0.0016773339556487592,-10.09891581078493,1.7542313771529274,1.2850786097959654,-19.28075022523708,-1.4289334609650721,-6.264019676440904,-2.019211786867155,12.202710942012864,-1.7260223899280835
40,0.6666666666666666,9.942006294903756,-3.5404565556354273,-9.182098718220645,9.231716721205085,1.6105575304469335,-9.359585073204162,5.942919031452199,2.653302386274261,4.1215512928030213e-05,4.086887366792626,0.4356839741677188,1.0089195006138247e-05,8.779647836165479,4.177268710048483,-7.848367511403032,8.669290035680019,3.2319421527282355,-9.185034420266064,0.9079750229341609,-11.765921167060936,10.932797730171988,1.5365493550417828,-7.461257080940552,22.5085857164223,18.378008891478142,0.001777686524118315,103.05047762947844,18.684271286077713,0.0037595170880698834,94.0183836101227,0.4056116044919907,3.4411486878517032,-0.0010552782758546664,0.048053860349672274,5.97988170716441,0.00215374602913318,-10.105011115372713,1.7621323474778128,1.36927806214498,-18.907579409982283,-1.5726907420683085,-5.943033047546093,-2.2168899250354936,12.135536853074907,-1.7003346763049123
41,0.6833333333333333,9.973987189785745,-3.648509062995768,-8.66822258421453,9.202310302661767,1.7528105164423982,-9.563753193238476,6.096828427051951,2.6637067767141724,8.652740136566966e-05,4.0287944571773515,0.39100730156635394,3.3902524386988654e-05,9.400657247843533,4.677153214898074,-8.2403307225923,8.590168193266969,2.881304125680257,-9.137189124335574,0.9274879893864364,-11.662954962787044,9.588763001824043,1.8510602116950212,-7.283594819066917,23.275232005815234,18.228804047297956,0.00929252810891614,102.33954562170162,18.085647408331603,-0.006878482328135977,92.56913417880415,0.9777554015837433,3.1081499068434977,0.002187724603728528,-1.0716409056583198,5.94368466423508,-0.001873997070286626,-10.004206097654684,1.7857925923379598,1.556388306393413,-18.492825309812698,-1.4520644542978407,-5.6735599512512085,-2.484421538518116,12.1303814833276,-1.7574247009948152
42,0.7,9.761403794310407,-3.509680811854857,-8.591616727599462,9.08291733512382,1.6518361448305083,-9.420986425393616,5.906733387750589,2.609681277867367,-0.00014496107826467137,3.9294267775658365,0.4526865532346962,-1.4696065932713375e-05,9.477933396988119,4.4842938987907,-8.412822241860809,8.562520172097841,3.153932382478909,-8.8842618509169,0.9163952759811868,-11.783742679667379,9.326733300235327,2.1956236453379896,-7.409595194886757,23.692239567214944,18.646524826896457,0.00322554598670467,100.85646225435427,18.03839168935418,0.004543051879515174,90.21737698593124,-0.34812160498389555,2.4495072733559757,0.008601183191350281,-0.600885283085256,5.939433081010722,0.005249741017444855,-9.73571631410428,1.9254992936637012,1.5529572338990894,-18.540094900341447,-1.5509839939524455,-5.842433320978726,-2.3083479700943155,12.076529082574682,-1.674572165232934
43,0.7166666666666667,9.395392129550455,-3.426657078611432,-9.147373875426563,8.79046718695771,1.5884072755482979,-9.496493773070798,5.70535222294291,2.2654439033352833,6.0609787604130096e-05,3.9354329088088558,0.5335578933010315,-9.677819936880354e-05,8.758685570214874,5.1844139135605705,-7.942813510779642,8.41264494315794,4.00571617224089,-8.61793347774921,0.7929076440692374,-11.806590615549396,9.792276715004526,1.872721556242056,-7.634648747074589,23.03136299805418,18.90821944327658,-0.0007385073723670062,103.53890243699898,18.910363066306203,-0.00041538298936693506,90.27481447992304,-0.9178702542520206,2.6017840494154734,0.009224490248215788,0.6655666833005125,7.561260306074365,-0.007471582671534499,-9.542650197141523,1.8404775265056283,1.374171254595328,-18.775219334212892,-1.3694554179160552,-5.866363718040144,-2.068199826956955,11.81407202140153,-1.6945300291239147
44,0.7333333333333333,9.301790943553831,-3.5580118768688296,-9.256779613853984,8.741020242818438,1.7936520190797567,-9.41642565620103,5.754740144616641,2.2070328351049957,2.4154663815335256e-06,4.060548999811966,0.4221008727023945,5.624668109573459e-05,8.604026066742852,5.060187937652181,-7.851841529119949,8.383193253402856,3.9271265124573005,-8.648060786710687,0.7766259840945032,-11.626787490759085,11.03326427519774,1.4514665247597143,-7.664404080699111,23.111408280324458,18.651553372987483,-0.0003202052794041991,105.7209598426062,19.363807356922184,-0.0012363918935481145,90.93068554853274,-2.494971270059111,3.7603614409270487,-0.0059914204072196746,-0.4449509022493963,8.225291854268862,-0.0013412361188690281,-9.54696772019119,1.6503955846176885,1.2522192753576615,-18.901220208233774,-0.9539046161625953,-5.534000534209024,-1.9916886545689998,11.686239845032807,-1.8438927488207173
45,0.75,9.651562571451725,-3.5720497353622362,-8.919041791866794,9.044188761825252,1.798919321893103,-8.801191508853528,5.964563729748551,2.4669860034272153,0.00010301567076123875,4.2068270609215315,0.47956832807168864,-9.732640546291778e-05,8.850184743824375,3.7640624108177967,-8.307305931001927,8.737643076455306,2.9866211422595725,-8.991492921469064,0.8236336135809729,-11.526824026680076,11.786656394117694,1.7121629900925803,-7.632000355410132,23.634687057117734,18.794164224147497,0.004777084806954639,102.61004417473063,18.754172273963476,0.0014559246769020088,91.58747557115456,-3.4407341317605526,4.31177338948565,-0.019659416870797232,-1.369738122446357,6.088606964827102,-0.0005301691078205373,-9.568030328815516,1.5777702403348004,1.408370809931944,-19.043882044250854,-0.8020659650428694,-5.712409133050009,-1.9168450791067524,11.89897661226341,-1.832269963854282
46,0.7666666666666667,10.017443027865228,-3.417406818804784,-9.144652359921078,9.266964033588037,1.5663855307348316,-8.531538328350248,6.282313453936902,2.4604712215917557,0.00022019892740253566,4.228146507934306,0.7005307232534821,0.00027942858284467765,9.168202339111048,3.723073112210871,-8.121064343526395,9.187015738845083,2.648953446735439,-9.22919716362064,0.7649597993219722,-11.573058555226451,10.915700819399868,1.9631648416014793,-7.571867504308016,23.24059621728941,18.961434472869527,0.00122510344814817,100.20622183290824,18.29780318966805,0.0003994942847870288,92.68615591249622,-1.2237592130215964,3.8588905767123873,-0.030284963393425575,-0.5437092741126159,5.111295628932723,0.0004379792448087129,-9.673608038115798,1.612245339206537,1.4829572075994704,-19.02546913596412,-0.7239150012551263,-6.046199628179967,-1.8825113624373333,12.1225444886174,-1.6812356342197494
47,0.7833333333333333,9.853088569128865,-3.388136876360064,-9.167746560847785,9.126348016374887,1.4612526995867798,-8.767214020177205,6.375952433525619,2.4750534039333374,-3.073448257537103e-05,4.1627061530978136,0.6872892416029368,-3.1345735778014334e-05,9.555720683732673,4.3518189093872826,-8.077563735592934,9.120450482836723,3.2868544059334326,-9.220193916248219,0.8099305946114203,-11.671704743324986,10.681158632515528,1.8942031421665964,-7.426188142954329,22.426920888214156,18.867593316448456,-0.006155534648633185,101.47580745097764,18.40415285462805,-6.786803616719465e-05,92.60174352056534,1.0754742278281546,5.443310298360076,0.009112434971856494,0.3322395754524105,6.137681484263996,-0.00021222709432621356,-9.596261648678846,1.7195976010580987,1.3529705881972758,-18.795771135497077,-0.48755522823180397,-6.087417104471322,-1.9148551399317022,11.993326908983,-1.564325009876124
48,0.8,9.590689186101555,-3.419026790303789,-8.361919360690138,9.031856896451698,1.4502876346244482,-8.804864350246207,6.266362196365537,2.7159435166502797,8.906555347671887e-05,4.377905405633633,0.49759343617398516,-0.000705046704019743,9.502400404814527,4.1313069334605315,-8.669391481751395,9.005467256414637,3.837523282883907,-9.343403375438182,1.2403957809207522,-11.337060617024909,10.309523643509847,2.003604709431345,-7.275249140308908,22.202100587485198,18.51714875621061,0.0022098472253363915,104.58191398190439,18.353490951796648,-0.0013245099900796112,90.67292568908167,2.295811120811467,7.763953102120711,0.00392737183893456,0.15909680462469342,6.447654790699765,0.0008213582661660176,-9.318900164269284,1.8292684505415058,1.3901348899159283,-18.698264285429765,-0.29591952497558976,-6.1078202822488565,-2.0708869545886057,11.776707749796186,-1.4791047044417314
49,0.8166666666666667,9.76822232373039,-3.4664275620651623,-8.42397495470712,9.523563534409828,1.571241020626457,-8.208093650144164,6.419945282229945,2.9056104129689113,-0.00017029413103834134,5.216272208386797,0.12307994464578742,0.0009782746182617878,9.43399005723349,3.410666552888941,-8.330710925556124,9.624691385026297,3.83835710138174,-9.873812663673187,1.6874040159748436,-10.879749091249565,8.92383550544321,2.0527084011791135,-7.42211453459105,23.30881871248377,17.328522094379124,0.002773638437929774,107.00432175220685,18.341004084485867,0.0002073900061712404,89.64545829272248,2.5911878112132536,6.402147627125959,-0.000659130340314429,-1.0028155805142394,5.927140718395081,0.0023122454211487835,-9.405026074132332,1.8978084813360803,1.2408450112522282,-18.564297961624312,-0.5126422257300041,-5.714385546769903,-2.127465914250877,11.852370168585182,-1.4563764997425166
50,0.8333333333333334,9.985610585032472,-3.623948147488431,-9.684852018641275,10.306546614837613,1.9256639667540048,-7.609639414922666,6.636311887531045,2.9718654685090904,6.032578796220946e-05,6.242880561425014,-0.49197806658333926,0.00016077990287806875,9.611445155366575,3.2170857638630967,-7.1568591693679515,10.037383424433445,3.8519712938784276,-10.34688583687288,1.771417621363357,-11.145281166746928,9.216578217695913,1.9823074982194266,-7.82704127177219,24.857564644252573,16.452822391353255,0.0016952695236742994,105.21780890622445,18.61584156623151,-0.0008843305788226001,90.06439333973549,2.278369531956857,4.095697204360607,-0.0001795155448883328,-1.5979300835116517,5.710559157044643,-0.001574063233880193,-9.684203540932291,1.8971916651299316,0.9762885271974535,-17.960560054479135,-0.8333530913032169,-5.246880282962299,-1.947964112933343,12.052546729856696,-1.491582570684166
51,0.85,10.203236499923987,-3.7586433008929387,-10.199812645113274,11.050509199587944,2.2200957655233258,-7.6767078039798395,6.717935200607697,2.9784489229137536,-1.1007781213669822e-05,7.113112130824274,-1.0243951375392317,-0.0010669402801467675,9.641149147231337,3.658138946590379,-6.6296982530251505,10.016519125767,3.8053500048935653,-10.295541929741184,1.9405586599793667,-11.563397821078706,10.181331916548862,2.126652346524437,-7.664802856366841,24.316864335941933,16.601420442626225,0.008164713420555927,102.61819041633852,18.675287955578746,0.0006071159429436058,90.3072945385266,2.8571473454278613,4.3561894238183925,-0.0027036550003191402,-1.4056225847856234,6.048343550373378,0.0004752983101321846,-9.77383497417311,1.9733208459806537,1.1985570201315148,-17.184371962149815,-0.9459172381078165,-5.292646964073689,-1.9553748375023112,12.258216759342591,-1.490445550030269
52,0.8666666666666667,10.328370263981226,-3.796659858885231,-9.646383282831534,11.661206918128789,2.293672074145244,-7.650099059385898,6.768164203118269,3.0602828399766375,-4.416284620409893e-05,8.248426443252734,-1.3394700113956313,0.0007359384389153366,9.488232023208642,3.7084341915429664,-6.722381252316137,10.46841778558587,3.4706465004061564,-10.38029522078731,2.148038297665382,-11.640993253962911,9.898489932265878,2.1665276225608365,-7.123232375066207,22.387586275870497,16.524433427373634,-0.0029823967030512067,103.86973485371985,18.57142852165823,0.00011469756100116127,91.54396283555506,3.8277813111827665,4.162215211582139,0.005256001000403023,-1.2980600325539342,6.20976089928082,-0.0008468385948117548,-9.671640170225475,2.1755010497178717,1.4210058064617794,-16.93525731238088,-1.0049041875412064,-5.293039862028398,-2.1530953379887046,12.28579767839063,-1.4342921776781328
53,0.8833333333333333,10.109183363018042,-3.8010477151202378,-9.396385130281777,11.854927519043311,2.3913662223259737,-7.152252574988236,6.756956235116641,3.087134414248929,6.299567519090196e-05,9.146194810294197,-1.5408377543680762,5.5902447471157615e-05,9.465320586241903,3.5653054042196506,-6.822220951242594,10.975768379587992,3.142030727758143,-11.093858860585199,1.8676616606699967,-11.702808871220713,10.01842433223571,1.8543197044524216,-7.29327858535482,22.047166273086894,16.621754199251424,0.006088557281017271,103.59452384185917,18.73139235637615,-0.00096041874430243,93.57151808729648,2.443009896389841,3.5118911153109407,-0.0005084095111637827,-0.8401664233781782,6.156075095242499,4.434929482840984e-05,-9.528682498095607,2.1098990412904355,1.3823781611342243,-17.037024300610714,-0.763944719835286,-5.332008623397314,-2.213283719274906,12.086507317622102,-1.3895114398235533
54,0.9,10.125474965543113,-3.9802681165687392,-9.825406062265298,11.940629905233203,2.7099030227000465,-7.017570320951678,6.868569015006452,2.97664428706939,-0.00028345299177971083,9.340449905270328,-1.7013647074259646,-0.000613089899387324,9.742406951875466,4.154529658985782,-6.7287748738319095,11.20904710137909,3.078952089804758,-11.533360363135694,1.6902520174001243,-11.637356106312959,11.309177298609924,1.7748816805675507,-7.619405165782784,22.70587101479118,17.338920975081255,0.0041928324660526275,100.28405716886562,18.846017130381064,0.0013073047162753628,93.92129183270535,-0.3804162064731664,5.933179597428369,-0.017413540947745186,-0.33171571110973314,6.690789931554843,-9.855730367781945e-05,-9.602960479809106,1.753219198882042,1.5452261539280103,-16.7318874699201,-0.3795246281446036,-5.812428609145738,-2.1980042767703756,12.099352253868306,-1.4988329058723633
55,0.9166666666666666,10.1108481040379,-4.07876616207961,-10.156199023327975,12.106027407626726,2.868633195591621,-7.3239553165061615,6.981881120988398,2.9423067015247977,0.0004642388041752547,9.745585470843588,-1.9987134416600953,0.0008189631380213943,9.740127289526406,4.587607912839751,-6.5764226685258835,11.507036544876364,3.806321321523659,-11.17012695380321,1.8912583796873954,-11.461682915493565,11.282620334402045,2.0743482898799486,-7.454035024690654,23.22507023983766,17.55247802062167,-0.0015773353872154594,101.32016120660273,18.71962753690181,0.0003987894227644639,92.58103792743667,0.5549299864527628,8.272105588736483,-0.006767703296261265,-1.1296570930126597,6.77656106643885,0.001563997722233708,-9.497924879372373,1.7787693557004969,1.56796785754966,-16.24472452931599,-0.14910788632164554,-6.141625197487847,-2.093297209503434,12.044868587225393,-1.4963803142178105
56,0.9333333333333333,9.678959493445406,-3.856179085027519,-9.648667920387272,11.878207191654043,2.6904962282007654,-7.250967644803594,7.101216592113348,3.0473007076622585,0.0001724679896316616,10.22390884720172,-2.2324156907743493,-9.749370938670953e-05,9.614491501270386,3.8062128945991835,-7.01211946111144,11.697703353651086,4.6426119037017495,-10.92785419309202,1.837371827127724,-11.369748669619124,9.08746720322008,1.9916138085595785,-7.674027944049366,23.935078912625162,17.636942799620673,-0.0022782493820509083,106.8160661005892,19.134049105650657,-0.0023404584825711464,91.5308286755849,2.8527135139055777,6.531751937979509,0.0037615967652464325,-2.1411349722579596,5.95040452141598,-0.005488852869044456,-8.938039843351035,2.0050879326166737,1.2841855544306715,-16.12460236551328,0.25962919639323934,-6.000416927153841,-1.9580027360675925,11.604231387845326,-1.231757151090983
57,0.95,9.725827911748526,-3.9461172422292874,-8.814366695880013,11.470705140245308,2.739322706809144,-7.302074685164501,7.751183555341412,3.1826568649138562,-0.0011048116804990163,10.061130632752834,-2.107233280694723,-4.0385789191910444e-05,9.923173791853918,3.18329241816921,-7.722711109866631,11.692575343296745,4.015473378454041,-10.791282219477297,1.7254297764124866,-11.278176669817757,7.805279728025341,1.6551360008793718,-7.997660146865581,23.55001748866741,18.48918626273929,0.0002656223607414383,110.80558574336568,19.9220902176177,-0.0036048806043488878,91.04824202489485,0.8161929557378457,4.805375087956548,0.02478801365124544,-1.1351734978458456,6.077102817458691,0.00011754637082883089,-8.551259178063093,1.7828308602895322,1.2781285165750857,-16.04994373931291,0.5501672088302233,-5.849522984742118,-2.0388743236618074,11.382410236956837,-1.2214824462068117
58,0.9666666666666667,10.396437877220556,-4.23061025216889,-8.936423737614406,11.630817772412495,2.9835260844916296,-7.76043230725928,8.63348123628417,3.0626887431878522,0.0017371156263696205,10.048392869396045,-2.0481544313095528,0.000507194158732234,10.355011736073227,3.936792851012145,-7.793203911170109,11.848952292013845,3.284001596945757,-10.158776339598617,1.9355652551715863,-11.342130983124026,8.951834409731516,1.71316022897812,-7.505856491900864,22.615695919303363,19.13352058131193,2.6326137118673883e-05,111.3884645794913,20.001923484728415,-0.0006906544492824049,90.05172118027014,-2.6426325903575205,5.999644896209091,-0.009394799713191595,-0.37865398744065965,6.17771828197184,0.01497039490116661,-8.725356215868473,1.671056733223118,1.39779949162422,-15.86204558966127,0.4784122815748763,-6.199938514304882,-1.9787048557381361,11.673358017456698,-1.362826470311701
59,0.9833333333333333,10.898743186847364,-4.092261032726301,-9.233497600126963,12.064746525430166,2.8856946206685876,-7.346034305278292,9.290295486154289,2.9012983609141454,-0.0016511618144454104,10.522526084728169,-2.161382482235217,0.0003434108006562667,10.811695796046834,4.020063673105964,-7.9885540255218634,12.417709818431536,3.7251738585041685,-9.980682874415665,2.199621642936401,-11.664210941615,10.942532818934048,1.752119926716451,-6.988174103939691,23.413816115405517,18.895451115270518,-0.007526828916008976,109.05408323274433,19.782167630848196,0.001127552799744796,89.62888174552103,-3.9683584961432703,6.806083626118401,0.00638008009670922,-2.2828538686867144,5.063454341625029,0.012517683673748769,-9.049346491885204,2.020299720736655,1.3570852597030512,-15.67013311715812,0.7004554475102392,-6.945380849132088,-1.5981510079265984,11.977001534815935,-1.151085403576083
60,1.0,11.117422243584313,-3.8992987649163116,-8.844948391183493,11.962935191996134,2.672996078371108,-6.775368358392202,10.261458326328736,2.859543563858657,-0.001011387625413206,10.926692453935674,-2.0562006703369984,-0.00017936955300668748,11.32035972920368,2.6565489024956617,-8.523639396101947,13.145512602643214,3.7738072937741185,-10.197251145483198,2.2432581556906332,-11.821210302131503,11.48780982877806,1.6443788821236462,-7.0284101775607555,24.765179670286127,18.833959528817676,0.006121742629931036,106.06960420222356,19.740099511776474,-0.0001573124344712476,89.89558600409633,-3.8420192400233466,6.441168870102837,-0.0019773285553614127,-3.8108080504003974,4.9145468702036395,-0.014387931814795647,-8.905272747590162,2.1561572963704854,1.3489711531949558,-15.176374477459165,1.1465486656799364,-7.050757296058474,-1.4583311804172976,11.813743831605938,-0.8973885863971425
61,1.0166666666666666,11.70764541522914,-4.092655773559182,-8.647447324641831,11.669768153657914,2.90470435598643,-6.939526364340282,12.006226669442771,2.4157839656718134,0.004854381024512419,11.132993368917502,-1.9458103885099098,0.00023473828305072125,11.854588812426757,2.6845474740188786,-8.772725913422237,13.357163297442606,3.364527307432206,-9.92738506343112,2.0487979771890834,-11.540400001723466,9.63426566030918,1.6814986421005822,-7.1866062332263985,24.606410682572744,19.185665723191526,0.002317107863437285,105.69282455614628,19.786672875049184,6.697875401970164e-05,89.8854984323143,-3.0589787248640494,6.740630941246582,-0.0028706495782587623,-2.7509339850810868,5.954362989669953,-0.000543099575992491,-8.504999661724021,1.786988716016115,1.2545259971582952,-14.926248978712373,1.309652835970726,-6.449864978757513,-1.4668168717666648,11.532070844828768,-1.0837310089270544
62,1.0333333333333334,13.014685795648605,-4.465830954104373,-8.254140206503356,11.790611781342134,3.4312330774119078,-6.935039978158242,14.132598497835886,1.9125273867063801,-0.0047951975123774965,10.87941648302253,-2.0352930171750097,9.389228932017024e-05,12.376695397633442,4.095195086432332,-9.435515945819562,12.767544215644424,3.511933784493527,-9.758535787271745,1.9621991485924906,-11.478237964017753,8.275485050484605,1.645558345198225,-7.287620524983242,23.81783404687666,19.140514205365967,-0.0005272821798009886,106.01922440962444,20.10202853325302,-0.0009514113316661034,91.02161979016388,-2.2350719490351505,7.268349395733726,-0.005304006900338668,-1.1801840747378665,7.03747694356848,7.814270422883967e-05,-8.547709539501746,1.2926066325199834,1.1126530386899327,-15.422000989528298,1.3791743810774661,-6.581169982896115,-1.177332598357745,11.724403345731487,-1.5064080042212824
63,1.05,14.65595480281987,-4.722855701533855,-7.76260901799324,12.236131238389198,3.7353222284514542,-7.44648956601501,16.29363168814806,1.5572068063675806,0.001815213341452116,10.686031328755629,-1.9925939986720353,-0.0004600138728181371,12.673992861785301,4.213448809857362,-9.938803178063722,12.079547848429357,3.4844415568428526,-9.43134148058658,1.9581167534634907,-11.77805949510971,8.754189453421644,1.627066284793479,-7.158137574232647,23.781726380883256,18.78101434147861,0.001889339842765051,105.88178799340521,19.938995312096942,-0.0023563279930378833,92.31766753640082,-2.25955888538915,6.301656631557233,0.010279124076242862,-1.3046426459556684,7.15503120941311,0.007662578304482473,-8.919499999440886,1.0027884934443012,1.142470603431285,-15.546861120750863,1.55335743860579,-7.2401698632259395,-0.955704550672142,12.198036269470345,-1.7736282410349675
64,1.0666666666666667,16.068845441051135,-4.950455466832405,-7.7545572733523604,12.661230803854927,3.8693339042443773,-8.406952776355853,18.7339014356562,1.0482363532611758,0.0027317699738501886,11.465818528934411,-1.7690399869126028,-0.0006133484755560215,13.057831161203392,3.2588526481855085,-9.790501349694715,12.114907109467989,2.933529752963936,-8.519884982543768,1.8027571557049136,-11.53748110588467,8.26801544705617,1.6850406274118324,-6.933435995252323,23.907378213090276,18.72044941094246,0.00224925750943662,108.14660160997927,19.547319189775035,-0.0004782127504012675,91.31571333725628,-3.2296091212021274,4.397859205787016,0.008001201038382198,-2.1325146154614942,6.6131897868062,0.006902666545567609,-8.865450567758538,0.7833320905421955,1.0645603656714988,-15.2749819110258,1.9873654656309832,-7.076591282673295,-0.9409286839954888,12.312267941990559,-1.9025517439130513
65,1.0833333333333333,17.08747848417226,-5.254260877210229,-7.633100547197129,12.74266006825133,4.164194900700887,-8.152722874388019,21.30401015492237,0.619480184301622,-0.006345523294204698,12.322583499208436,-1.7659837842429664,0.00035587722829952587,13.787812674423163,3.1664033167564734,-10.271930539508727,12.535261514354211,3.3051735314044377,-8.054809322527033,1.9964633879275,-11.134046137152046,7.34979230982045,1.735011567861825,-7.094515745424051,24.351652523207942,18.91791074226476,0.0005486097710622149,109.32743482549425,19.792939000408513,0.0028649028603949193,88.9829696864588,-3.568076848636829,4.154892090628546,-0.010905849523053608,-2.227387755272922,6.80842926479771,-0.0008013887454580433,-8.257259948257067,0.4905038858827571,0.6756150345384156,-15.532513614939953,2.088756966329827,-6.633007393582092,-0.5406157290498012,12.029389301610822,-2.063333622736783
66,1.1,18.40490011825758,-5.448729158230781,-7.612514256173507,12.832981978446178,4.586069424546022,-7.927858410328741,23.841659303803116,-0.08798426073310714,0.005306484951806449,12.569207404692554,-2.097612162529366,-0.00029206753722363,14.26699170694149,3.8094458305447945,-10.825439785047248,12.481199060030356,4.464534672629713,-7.743889583962022,2.4068331324355063,-11.406387933297212,7.736536907486794,1.9132019567698,-7.401322217256117,25.665871433542996,18.984149629180077,-0.00475121989391471,106.77659012705845,19.52150311863111,-0.002116759489584059,87.98670154208052,-1.2862575127910716,5.605242790205602,0.008131450686270303,-2.4708603720977744,5.6358546930329405,0.0035574320606818945,-7.905739924510609,0.2403964253578529,0.3386122331093547,-15.908602900435291,1.2441151311188483,-6.745348668651539,0.029663021809261118,11.97609476285214,-2.2798974812945505
67,1.1166666666666667,20.507474386938966,-5.378846301712825,-7.1682643232424335,13.288832691477623,4.799362900921213,-8.82745443444728,26.97457419368368,-0.9414267464383046,-0.0002261474923264734,13.039343150664921,-2.40896680942053,0.0005568453763106629,13.898661892897376,3.7064061353066213,-10.902869243366611,12.627766468049828,4.86646368530245,-7.108783940488178,2.186777445144755,-11.687157381157956,8.351321387098274,2.044039141823361,-7.6766495788131035,25.806317293863923,19.17910943189405,0.005582945890904688,103.9718417159955,18.90424236397558,-0.0014625163528796262,89.27212931253115,0.6195636713421855,6.514420081788446,0.00044562562539736237,-1.9272828764643724,3.938117150596879,0.006625587613943294,-7.955350615853825,0.08855379282975101,0.16449617216604953,-16.095127353193202,0.7236610913573405,-6.4335550577863065,0.10730757830867503,12.223451825547125,-2.3607343729646098
68,1.1333333333333333,22.565953273262323,-5.006528823319421,-6.024235964900408,13.571499627277055,4.60884945144167,-9.327523358442557,30.23652372086274,-1.424561444850998,-0.0044918022522357475,13.723291366450667,-2.3905780506731436,-0.00022677265592156983,12.838074858521273,3.3697893827312964,-11.433893182279395,13.710921523665125,4.646492780499824,-7.017125745922513,1.8447990469640634,-11.488016559413962,7.743951623677656,2.2348625801424697,-8.09351534481271,25.297497007104322,19.427198630064254,0.002640037539647978,100.74649196005484,18.91432732522349,-0.008335416902648218,89.58244279108642,-1.092054189513562,5.745583377237183,0.0159578022903349,-0.47739019243042685,4.98256807663162,0.0066807395020650265,-7.717321397026776,0.1803434395049706,0.04575477859622055,-16.23174394049426,0.843609881165099,-5.567104683606311,-0.09686821654445227,12.324756471137574,-2.1136965125630196
69,1.15,23.988736095041332,-4.454110810286069,-5.479250447565284,13.44137752288027,4.278424623397385,-9.525300028961325,32.769419630133186,-2.0683322082874587,0.001701507860341009,14.16335792425305,-2.330433787740766,0.00045153841681251546,11.773573907132633,3.9328189029901295,-12.133450067387688,14.492256271191488,4.604861380494773,-6.993823016903675,1.7817429754447631,-11.164054342325192,5.38243075191353,2.520337996824469,-8.190779113155434,26.461193633286907,19.69866106006138,-0.01640388746991797,98.74993572134757,18.59452965779641,-0.0025289175184082897,88.53007586122304,-2.285918628892448,5.204167967778245,-0.008920051539338036,-1.383361535578992,5.324476956669782,0.004183235590055923,-7.215785084142237,0.5317351381369685,0.3161305756288199,-16.312161692166473,0.2822018896417498,-5.383208664227311,-0.36274773504425234,12.176012964340185,-1.7081735980234827
70,1.1666666666666667,25.48287908927202,-3.919970166614763,-5.428661959246414,13.263876383676875,3.9948693925067795,-10.010690448145054,35.57982655130292,-2.7945018138347244,0.0015145780313621448,14.498678158123143,-2.463241503830487,0.0004076429790816503,11.033759051360285,4.69291182621186,-12.608880262572104,14.413744672419572,4.556850717528374,-6.636588407906044,1.6119802250039275,-11.120138244492654,5.20174579671643,2.3416184521178254,-7.949932484797434,27.17392127351962,19.673015761130486,-0.0059910720132918165,100.45421329184775,18.334534963086977,0.00760268239179386,88.57160190165094,-3.6404129136545227,5.622200373081129,0.003241817841113135,-3.5601729334115007,4.025458847399505,-0.005285803768449373,-6.803898359295051,0.9538586519011486,0.484726128738077,-16.765389437214136,-0.5833933622032808,-5.2862216198245395,-0.6224305970226244,11.969522382562573,-1.3085579310455548
71,1.1833333333333333,27.29393525552416,-3.433634359666737,-4.813754663241527,13.125682631262004,3.5658802759451165,-10.3312908624948,38.6764076579565,-2.711270704019283,-0.000731055225159714,14.54343150273744,-2.4267180605195446,-0.0004962378565990606,10.05543304107046,4.389818517042151,-13.089411867142417,14.182751055726632,4.010885332763936,-6.347226438438649,1.71062077690661,-11.360046574526285,8.159535576236449,1.989855989081075,-8.09425663061559,25.995471427958392,18.44727034037364,0.011586229100135634,101.86230951059835,18.884133034208485,0.001928522602069475,88.56522290499471,-8.153024197181423,4.013224326384824,0.027728020850789067,-2.9976090301455125,5.345347499386266,0.014336026721147635,-6.550463604404554,1.4169500844573921,-0.09477895515232361,-17.437752448613875,-0.7400379525089777,-4.7038570419420305,-0.6513532953426,11.978962274967067,-0.818856095751682
72,1.2,28.90060469337532,-3.191732703878121,-3.7472715349267736,13.047811206132895,3.2588879211199724,-10.675038329209064,40.87751862552776,-1.863973559372252,-0.0033450242458499956,14.497351835206596,-2.4772676539063876,0.0009209735610189041,8.959094515125434,3.5286769896441084,-13.130124462462202,14.232327207451359,3.9976483253660935,-5.843778735262782,1.3564666965486312,-11.2920716297707,7.981725451813582,1.7898100755566266,-8.60110420304833,25.08768580157877,18.395090964306586,-0.019286381744269016,102.57384244137906,18.949659147676474,0.00859302233896501,89.95545032119757,-9.389738161150849,2.8652336669400453,-0.021608168931669315,-0.8519787578812511,6.3019911189794104,-0.010080212482053505,-6.624069801807031,1.6636741576691632,-0.7387120462906812,-17.188076741498474,-0.707208430018649,-4.550600019272603,-0.6072521902593855,12.160200660981115,-0.40851920166257394
73,1.2166666666666666,30.570548605544126,-3.372415667264547,-3.941972926268778,13.056531426964055,3.4232041649711236,-11.068994635973356,42.800469987511654,-1.6711966587391522,0.003541292723492252,14.523928296140916,-3.056191788691689,-0.0002630019526807346,8.569764197707336,4.148753724187342,-11.858452069330136,14.66297622176096,5.0037135605181655,-5.244976886889181,0.2911063875255738,-11.13263636359587,5.4707743248022345,1.6852068106843394,-8.755168250087582,25.80340143068486,20.107822196723927,-0.019826233660045378,105.5060367868358,17.93601048316542,-0.005307668986159493,91.69117779710531,-6.062050352176942,6.126604079640588,0.026398124880988836,-0.9285369582264739,3.7273621990611074,0.005400565686638283,-6.971650786664023,1.6684145112954483,-0.9829567301940343,-16.17998380176766,-1.127429370943276,-4.668200359783782,-0.5331648496093215,12.356832668452267,-0.28061845805630353
74,1.2333333333333334,32.058833142510984,-3.325573649749216,-5.23055666869269,12.549529603390567,3.353827631829694,-11.327129970123247,44.38256919256494,-2.116236924275142,0.0023293463492416637,13.874302713575448,-3.4434131663299814,-0.00047731583506804934,8.627620291083211,5.1559727123287935,-10.089834362103,14.944750012986354,5.6384790909650055,-4.9652308359249036,0.5111822233513617,-11.379597472669738,4.7861892736172145,1.980697608524261,-8.454950319408987,26.983857492854884,19.456393472601803,0.023985129649782777,107.90196366439714,17.001133802330923,-0.013557150543788287,89.78665977852728,-4.762104640481082,8.068714126110352,-0.007506296547361303,-2.156693138215339,3.30422456445217,0.0027120021996988684,-6.912112298998657,2.0796369106022543,-1.13823462221352,-15.630573408091118,-1.4771667807055164,-4.626982804281915,-0.446534218461912,12.43377901079966,-0.011877790418460016
75,1.25,32.494308462908386,-2.81382582458174,-5.236562127533115,11.243801918157457,2.800513126105593,-11.455803877871807,44.64275350533554,-1.5816162227661077,0.00032520303940065416,12.849080454936729,-3.1895137583413327,0.0011258383896668837,8.781838717101548,4.645384748287352,-9.366723312900278,14.887129107125174,5.561906441022928,-5.169435341573427,1.6187332013700515,-11.38451098283179,4.339242705470307,2.125282479406063,-8.411366711493052,26.92266156313906,17.167955827080434,-0.006259393767456175,107.02702561666288,17.318880991329667,0.008872015412145802,87.34528483897684,-6.207666891496137,5.639474846397965,0.01679636140262438,-1.9322331518092144,5.728749883992035,0.010706444603403224,-6.086204617375924,2.7365347152230153,-1.5580064416585677,-15.58061247843569,-1.4581386128644422,-4.482564726948419,-0.605936150141348,12.015380702716998,0.5217188233475976
76,1.2666666666666666,32.69623756149473,-2.5782473268927357,-4.872778855937735,10.032534869771796,2.5495247684980593,-11.392873170211946,44.27708747109189,-0.7950944102632129,-0.0005582058035369555,12.251495514975273,-2.97961161077855,-0.00101748965200471,8.604538669291898,4.461899684052931,-9.033829479210905,14.856250678983521,5.583380328642888,-5.59921051331051,1.6007561131698642,-11.099009582700386,3.6551700724854785,1.758786880602,-8.661393887116363,26.316717502646426,16.549679047029894,0.0063828027798575005,106.84390593806366,17.925126766989294,0.0008134011607498015,86.06854194044158,-7.286778977668572,4.87545840456744,-0.01337611454249901,-1.5751467749809733,5.601896551679053,-0.001137347190964738,-5.459649494025874,2.9811594528471037,-2.0613445346316728,-15.435607425929746,-1.4422656554177418,-4.152045838670514,-0.7967360714292242,11.466230567245239,0.8468367460789975
77,1.2833333333333334,33.39344767320415,-2.462631131863363,-5.749574217325156,9.336961582906119,2.40673148784222,-11.457500156166873,43.502838282629924,-0.7257606199360684,-0.0024731331243342644,11.69444909006548,-2.913604737867833,0.000924506424885274,7.876583396687396,4.580520489628407,-8.316557405486318,14.710398700376668,5.386752634928066,-5.432544470003955,0.9715625265102934,-11.149370263707977,3.44429368202877,1.7794487993676311,-8.595470632017244,26.56672009424159,16.580487169156424,0.0025547504800920552,107.47166199241997,17.36262728738215,-0.0007836951369467786,84.84551282174971,-7.790120036092196,6.424631030791979,-0.0002234027622466238,-1.6130204874323328,4.321974243331305,0.0006814471425478389,-5.626654006140203,3.1666635806297907,-2.1169988322850095,-15.02838804595164,-1.3267084656809183,-4.043501317290388,-0.8868534987839036,11.434104326719918,1.092972521384905
78,1.3,34.03973209235227,-2.312895109104863,-6.465344028542265,8.898165816756942,2.132745403202336,-11.824132473212101,41.755489059171666,-0.2762900514339276,0.004791927909831679,11.143636054199973,-2.704201221559964,0.0009772375922598845,7.794782506359276,3.489877799043243,-8.139757062756807,14.776887530463386,4.581994430290848,-4.804255272675834,0.7964936562529381,-11.326659083245795,3.9719985112689806,2.115318545146931,-8.287222944032916,26.135820500075642,16.060102073876255,-0.009496749914418188,105.59889479573728,16.816177690975444,-0.002573590432098445,86.18457979193613,-9.18469712359615,6.307664558265144,0.00022460524727090233,-1.1179454097208288,4.821547855248777,0.0012730585646283973,-5.828587794570965,3.3761114386345175,-2.0957870978451107,-14.815818967670578,-0.8261989806604415,-4.049369162535396,-1.0189706725283305,11.687369002643438,1.313559337915608
79,1.3166666666666667,34.64680053408164,-2.7343310229383473,-6.684100096993532,8.544637352343726,2.407003053409105,-11.524088495391593,39.6116464735019,0.46167922856703275,-0.0007546523715200599,10.793337939144243,-2.61577526592974,-0.00033405752545519966,8.023016113638722,3.106927513341878,-9.034253918531565,15.403520522122253,4.474046013863271,-4.896844854386484,0.7081263869578542,-11.333288379825524,4.286607400076013,2.1222967222027616,-8.116015323814127,24.49725039877568,15.619140697331122,0.008746247758545966,107.93304482176585,17.383114147790526,-0.008709070348649813,88.64147660595415,-9.688217686204977,6.1748800849630285,-0.008678570080719357,-0.680775859740263,6.061066426547021,0.0001283079683577659,-5.776790708409026,3.1639594063438112,-2.5079154298850237,-15.0496916950251,-0.342702143450918,-3.5751359395422653,-0.9489426003028865,11.939694114489148,1.0705600811680862
80,1.3333333333333333,35.07076103167121,-3.173785456118269,-7.293349400464587,7.888067107231716,2.787706805722302,-10.611361579735409,37.340490913771916,0.6385028806798831,-0.005136729607612559,10.408313440610316,-2.5260814691071167,0.0005518311655399754,6.766315529852029,3.934803957998865,-9.976412674848898,15.80850652113036,4.697964186479041,-5.490518805394968,0.2411030982053964,-11.346649860303657,2.3200562534532936,2.006221136650623,-8.221037387554864,24.738842318583682,15.73441406321047,0.0007166051776315278,111.77915218670768,18.23887976808075,0.009612192417952343,87.44286475251009,-6.49744031170029,8.405610272983312,0.01549661533602606,-0.4735641112322778,6.745164850127191,0.005928977107767904,-5.6819003899113705,3.040879396115902,-2.8320951410535717,-14.972953571461167,-0.3858250976718512,-3.282065152119397,-0.8055375689078161,12.02391372796807,0.7748769123292844
81,1.35,34.88115462531817,-2.9330930798889177,-7.796404002004793,7.097255794102703,2.5766794652002205,-10.516972179969523,34.49442373936631,0.754697600530798,0.006463433305413621,10.413914060552997,-2.355841705230113,-0.000285124696615514,5.091514378202779,3.5891975119230857,-10.49251388962916,15.726637071516762,4.218992509819304,-5.302178044538735,-0.450998290931629,-11.412748542363403,0.48510161538192414,1.9456551849747619,-8.576671354392102,26.056231259217657,15.710431389361109,0.014723665577666502,110.76168081119494,18.902211000911493,-0.0005639048153528842,86.01263889252654,-4.754185151166953,9.279606482750202,-0.007519064497201646,0.3128454625105412,5.9999590655670065,-0.002083341564143903,-5.420755174994491,3.2814265028451373,-2.9475492205130203,-14.558068269142556,-0.5029654340810732,-3.4745994120381023,-0.8694161357135802,11.76403305087236,0.9068499714135848
82,1.3666666666666667,34.52657823038876,-2.5362035369958003,-8.056035017766327,6.349818038675387,2.2554323389364486,-10.603744927651947,31.2840997083814,0.8920700070698641,-0.0011387878998129568,10.436456293304461,-2.275539938976093,0.0004621538573706296,4.465424685094854,2.9970004283251073,-11.50099572160509,15.782975522402916,4.13001548399248,-4.644497166991638,-0.9810726085640592,-11.416826466584938,1.7187588122297546,1.979968269615625,-8.777890603927899,25.427518173333947,14.503019228810299,0.03359069935516703,113.92765544548449,19.494625403120097,-0.008072478018078411,88.8228566713372,-9.486892617037968,5.852459008445424,0.04954991290185492,1.4747780249355438,4.815425130241381,-0.001515732652120723,-5.029030364394287,3.4512975600049347,-3.2778214339789336,-14.450971437964588,-0.21843159845536073,-3.3633483704301717,-0.8435992574590295,11.435958561085478,1.1375329544330237
83,1.3833333333333333,34.55416992013863,-2.445960919473072,-8.391214959080427,5.560288806588594,2.316878471703998,-10.050005331477383,28.03065668152755,0.7350995621212497,-0.0048023222228304775,9.828659688409342,-2.256489760059668,0.0005173694533486024,3.6041880718539145,3.925006507665911,-12.394077049571635,16.195127286719853,3.9330063540031026,-4.4812466859143,-1.306074423477988,-11.60756215943643,3.2394561691522794,2.227932396020952,-8.716908321711928,25.262596391251815,13.653909007124343,-0.02433824687788749,114.95861880217707,20.138526948164003,0.007435163787838233,90.20212698768985,-12.413147549277317,4.255697586145667,-0.03412627184882702,1.129779141261095,4.250930211658513,0.0018862178829881617,-4.753862090588649,3.5362765964549316,-3.4366318801413356,-14.601494509201167,-0.028166032479911618,-3.1678645246413306,-0.7254030960157859,11.390615722837035,1.1395145769501498
84,1.4,34.64483652079819,-2.6713304865494654,-7.978295075382806,4.957279696966183,2.818341781723493,-9.9438454554028,24.632142612222772,0.8926482716257262,0.006517121096845439,9.407824724651551,-2.3854662935299333,-0.0008347509754427087,2.0521132441219487,4.12309057062001,-12.228286878925159,16.56232776928877,2.920128118838214,-4.771875356034503,-1.7467065753261097,-12.167328123164767,2.2407923303421753,2.6801846663535263,-8.784525501195667,26.90818023209742,14.684119593419915,0.025084609842060703,106.76878966738589,20.67368362674571,0.003290365028310745,87.48870972125862,-7.447644763445519,8.62401434364245,0.01764805337381174,-0.8150311346261992,3.775333571605268,-0.000250866803992587,-4.542825631451623,3.4449566194686136,-3.3494985230805012,-15.138029940151352,-0.09180678446653358,-3.5954106267390156,-0.7421571152570097,11.428875722747815,0.7908111187897764
85,1.4166666666666667,34.41591346142173,-2.7922109785009073,-7.091213149883912,4.2110893856289,3.081403709562399,-10.389856035684504,21.052972044614464,1.3203633697766861,-0.0024235055073748494,9.091943117505997,-2.2724784775460627,0.0012196354222784168,0.765341734467524,3.464570304722919,-12.077911294945574,16.644321304640048,2.666510278550298,-4.670115352375889,-2.0327011371028445,-12.385876913500491,1.4599218688599136,3.4183919701796843,-8.988551482312742,27.64172325625082,14.922727441435674,-0.009426527713848585,102.26580307029037,20.75113213833676,-0.0015740296906839434,87.05134142756269,-5.82809211361761,9.006097735159349,0.03795785642577531,-1.439755295893976,3.879503709708343,0.0044756659227224325,-4.251743669122904,3.2097916739854946,-3.4363021828943765,-15.50117816770675,0.24295688329950552,-4.198145054868247,-0.8241491825128464,11.306277237989299,0.49935858867335536
86,1.4333333333333333,34.1657856853862,-2.7516169179037275,-7.252683963709268,3.2339618184067698,2.830520997342025,-10.526837412062028,17.49689493392283,1.5526795164878453,-0.0019207915812021641,8.506494896343725,-1.8215261981088808,0.0011009332319982918,-0.12252429836957662,3.9087260281677674,-12.40938735760949,16.84148294851044,3.462646239756871,-3.9612886386754376,-2.2178548798267266,-11.986671793849741,2.425829542525671,4.016783763237216,-9.035864728766109,26.960235469887664,13.416252827677068,-0.0008839809613999611,103.18331531254509,20.771473287074116,-0.0009976082371512623,89.33221545296719,-12.52403292268325,1.3966752799398758,0.12320255711824947,-0.17055739268740594,4.2449744768961635,0.004146488533506082,-4.010573425594241,3.0600981257409203,-3.361299702834011,-15.195307798419325,0.8352065434330326,-4.5224960468714555,-0.8148480008382881,11.216275562632037,0.4924758418485105
87,1.45,33.84237808184103,-3.1209086384010623,-7.977542142810368,2.3046115741736704,3.0059817274571055,-10.37544143234469,14.199859142638662,1.8306865237971444,0.0024697914434300963,8.358902201919916,-1.595637729980061,-0.0006794951206665072,-0.44190267605819483,4.405725493243178,-12.320499272152425,17.451208871628037,3.533069808180046,-3.7849342942799047,-2.7852126440513616,-11.918203488856664,2.0682597425179305,3.9589611382002436,-8.811693963270171,25.946041231392634,12.987334570220007,-0.0030705524729094055,104.9069610389797,21.32076761634848,0.0016190593999905979,89.49976534369893,-14.001915596518717,-0.6429341537496894,0.00225147238042182,0.25634674922117157,3.745999448677696,-0.0003744433814622896,-3.6574041609810903,2.830082168071408,-3.050647699923953,-15.39422750799425,0.564932192838711,-4.9820816500398815,-0.7987954932939995,11.01507685731201,0.15929711372702762
88,1.4666666666666666,33.174478314388715,-3.683996311786378,-7.7919409122961225,1.264716734013995,3.5904389295028767,-10.347300084347285,11.029276174740966,2.2031017548656093,-0.0014367844320683975,8.472023212499977,-1.4714782101289323,0.00020623411944723887,-0.4043179158343785,4.136115355576514,-11.68540571909185,18.283038400240656,2.3337238067569657,-3.9311923344913136,-3.1515777867211017,-12.393459354212656,0.9862154273946441,3.9190931500826633,-8.507046924412663,25.339921178442292,13.375536243514725,0.008784116105131178,107.06540622590633,22.14987561293282,0.0002668577111051569,87.86138272687532,-8.627431047824038,5.166425885568145,0.09794395827014159,-0.8138615047773375,3.288203853060342,-0.0016369569388579234,-3.0028242656558386,2.684051848765722,-3.0548647948930623,-16.27438734228958,-0.27371522138893695,-5.232894169407512,-0.8021362610230076,10.584568982279798,-0.4403396095605663
89,1.4833333333333334,32.86287161110897,-3.8586186823219863,-7.290567924562613,0.552549360703865,3.6540852635340406,-10.702031715125974,8.102090380842531,2.533486634888001,0.0009020320392415645,8.407560046731708,-1.4283653166138608,0.0002092991655275615,-0.985823473180158,3.805179611834399,-10.655223108663863,18.822522209491563,1.6077508365279134,-3.3497146659188672,-3.400783907731002,-12.604146131353971,1.5375393662096426,4.466118869481617,-8.623011745447766,25.478797428695025,13.23131138732778,-0.0023596987538584626,107.27219556525276,22.64565462259372,-0.0005373338139066715,86.48437389025533,-7.490901291709816,7.84853936729999,-0.05462633316535702,-0.9648511212063421,3.631326925043876,0.0021003625681628,-2.616637147472068,2.894445637391063,-3.2897675978775753,-16.74818879875775,-0.10599494782406566,-4.836996125098493,-0.5632543451586356,10.514791892060002,-0.5639881698090132
90,1.5,33.2457228258167,-3.917858140809404,-7.47962422990726,0.23750568440149147,3.5148269518268105,-11.045656890245535,5.997486632057591,2.728057271437223,-0.00024504763065808725,8.332912912964709,-1.6907069697467352,-0.0001599344687129836,-1.672933547095083,4.566602459473788,-8.912529261732786,19.000345727432087,2.2765226829477325,-2.952897319761614,-3.859998742748752,-12.629400966719377,2.508307329090528,4.879928780727527,-8.95563098454869,25.470671825797705,13.091027375955903,0.001319563481620807,104.6692877881839,22.713279877459232,-8.280671849091183e-05,85.62777889287726,-8.475912473066085,7.38110747088869,-0.00013218786958310312,0.025604074719203316,3.8021603171742857,-0.0006521619192548042,-2.6872796164293744,3.0143908433326443,-3.314319593184145,-16.714937561391043,0.5978684064073263,-4.57624577120188,-0.341517283725211,10.811761960493284,-0.4824907600100733
91,1.5166666666666666,33.47654722324667,-4.407795115796351,-7.587954305113898,-0.5096303307763138,3.910676035040985,-10.55330275024705,4.56381241459278,2.727504074277719,-0.00017645651821567363,8.152864615784278,-1.757415527586403,0.00010816684059494115,-1.16791035255361,5.880394235578682,-7.327003468135732,19.330130161971606,3.2612442600176563,-3.3595676456360963,-3.7719744828216157,-12.987547157386686,2.5816743933239907,4.960653406974874,-8.653788663710278,24.830540519764114,12.724634846405415,0.02204850455306028,102.85285256285181,22.81225852483186,-0.0011626216555969853,85.20904548836899,-5.929036915658431,7.919069346868837,0.0149774743028726,-0.4803064587381728,3.2546775030509645,0.002344554415978288,-2.562892154439427,2.8002885549913956,-3.345628981817424,-16.878825298010554,0.25261589303538656,-4.835900992883333,-0.22873786777687147,10.847722651677538,-0.9567197971691839
92,1.5333333333333334,33.55433720887125,-4.981569196175446,-7.507568436936542,-1.344444235760299,4.174165909104943,-9.950859946728274,3.625455230871774,2.7571033192300485,0.00026471693199484286,7.861627601643407,-1.4411497467303618,-0.00010034414811319536,-0.07279268529327851,5.836316466546857,-6.676410304555415,19.679199993520662,3.333961694631295,-3.2683900182918366,-3.8835327691159405,-12.996279368174253,0.4807698291336279,5.200973617729249,-8.273355533567974,24.15904456138092,13.009636396557477,-0.04604258881841162,107.43629913450849,23.174524196262528,0.0030480450667843646,84.53548404422776,-3.9610966849232163,9.3238676128168,-0.009610543605349693,-1.3513393869358823,3.0607456007303773,0.00286511639340231,-2.538413440659644,2.713353388141775,-3.728235358856062,-17.12928919823551,-0.594868424238376,-5.061358487112708,0.2750991788450977,10.923719484124256,-1.496782929356124
93,1.55,34.26175584675624,-5.046544542557532,-7.648509216875039,-1.4908601079361903,3.875608273862132,-10.38680721649541,3.7653978983097582,2.840694481062913,-0.0007149955119809091,7.872176516482682,-1.3742740429996316,4.718445286215312e-05,0.19427452233204487,5.236878419861818,-6.457021827583389,19.668639866159683,2.819524189560732,-2.1994334459774048,-4.731924775608671,-12.546797519960618,-2.509704335464673,5.364036612541777,-8.613113352328023,23.915827441595336,14.775654247063644,0.0059045587177096156,110.41571170666204,23.523870427051822,-0.002368382455224364,83.98661645655869,-4.593943642245254,11.508163896851967,0.0034049730203164507,-0.24464405232179587,2.6060009149640075,-0.0010349409261569797,-3.098787003791255,2.862804623239861,-4.086672692049928,-17.125221090736026,-0.8132382826382156,-4.705689206619857,0.728166395277045,11.451133736603465,-1.475350511150536
94,1.5666666666666667,34.99199444101314,-4.7567992919775515,-6.979352424532905,-1.6872495625676835,3.6136892987158364,-11.107897502243551,4.859344125210518,2.7341832561326345,0.0012975877972802772,8.276629728526961,-1.7573592115298702,0.0007154095701957549,-0.7114788675000063,5.417265411120667,-7.018772372273258,19.544723667240536,3.3976760331616473,-1.5131165972711116,-5.022150676358729,-12.836087644288181,-2.798916745927184,5.311558924685444,-8.829712341124976,24.208314161813018,15.600809162423545,0.01994735235914258,106.21949286702893,23.929579226347318,-0.001316357049005011,83.41952654512443,-3.786675325713952,12.628940671342535,0.0033429147724098485,0.6888670354036335,0.9467261972133058,0.006323474291581782,-3.2876687564779687,3.235371650931055,-4.075410380481434,-17.374851576752476,-0.7005236957780674,-4.050656783883579,0.6546274183930875,11.702311174776671,-1.291992939522313
95,1.5833333333333333,35.176253346355466,-4.433425954291691,-6.340947024829574,-2.381804446859004,3.1549419052392857,-11.159869075929812,6.328486026897402,2.555339231493363,-0.002267812338659367,8.630186061478955,-1.948104846558586,-0.0004699562307690637,-1.996049265251221,5.995935046048838,-7.830285718528235,19.80443034699207,4.116576345443857,-1.4944694697070955,-4.900398532375179,-13.159963596536164,-2.5634353561542738,5.208933533870602,-8.700260091723473,24.666603395657038,14.655506465113161,0.01720082380084542,109.40699534170298,24.878833584134185,0.006820751804422253,81.88494391058063,-1.1927991433225897,11.525253615553654,-0.013044393118200538,0.2865856410031697,1.1114104411890116,-0.004211144559054141,-3.0670529737874475,3.9504928011348506,-3.9968452899643623,-17.691678242236527,-0.4939011666416387,-4.0196309168947915,0.7813495208427576,11.581498391875556,-0.995730717822049
96,1.6,35.59375617814731,-4.097142203616333,-7.278331973331396,-2.7827479750768043,2.5226809958360423,-10.8389472396969,7.958917191518079,2.2476039861798327,0.0007584494007367127,8.799881571574804,-1.8307749016436228,-0.00023496511068245654,-2.8252024687842043,6.748501250387248,-7.456192539370261,20.18755417240476,3.283936315575593,-1.4565549266349267,-5.133325037641642,-12.788270513802628,-3.260302344055645,5.050861774746748,-8.812931547886393,24.671921430625126,14.062780635123664,-0.023387128233483618,119.83258545955137,25.7584963639848,-0.0016108546090428581,82.02826897591224,-0.6041317366993086,10.582035971061574,0.005872016454144833,-0.16749281436215221,2.264966383687122,0.0014135423446849174,-3.3713381085469027,4.57139206896962,-4.090733585902671,-17.60950577481266,-0.10750111975525993,-4.319479123693734,1.1008017431998556,11.90894604591818,-0.6017358539784803
97,1.6166666666666667,36.17762981225829,-3.7073696597266332,-7.690313415018837,-2.931635232657983,2.491570079031132,-10.366935502666136,9.327476834504134,1.856325519082347,0.001753051296944984,9.010777136118929,-2.0839339699551256,0.0006000622262146278,-4.017868213286211,6.609048470509617,-6.760539572026137,19.85434833521503,3.008933347405266,-2.1473043325971815,-5.186082691011914,-13.080595623766007,-1.5765633909678576,5.084471283620186,-8.881675666263728,24.403417483826317,14.400055815101132,0.01880141843848441,122.81839447409686,25.774329447897376,0.002478458954996614,83.69100310495266,-1.822143972604616,10.43408542322128,0.0011772430648443583,-0.5790781802303457,1.1167357954865438,0.007453236208978486,-3.6232538761892066,4.989431210403689,-4.335999017587026,-17.749166644409332,0.1009877455737111,-4.149969735010974,0.9645961482075371,12.377925168764436,-0.5346244161720249
98,1.6333333333333333,36.4372975518451,-3.0579640661691663,-6.681658467181612,-3.2039230993496077,2.319424268387451,-9.598035728987307,10.52834993058606,1.9845954525307377,-0.0032606772452114592,9.57506307355937,-2.671403775973551,-0.0003979726170479797,-5.5669175011784455,4.6054881599207595,-6.777598819053965,19.392198537154403,3.55158945581059,-3.2465773049858755,-4.918370974641818,-13.718830126573078,0.3554514476297825,5.185449419304204,-8.731571395102135,24.471287061759977,14.703993311105226,0.013977538101024015,119.43864347940529,25.915314878119595,-0.0002321820220007495,83.39322834941918,-2.2050436829443276,9.671102325938833,-0.003921737560219119,-1.0720241112536988,1.4202102872580087,-0.007026224227033284,-3.4923917874028487,5.77086543449814,-4.474700137685056,-18.43066554024255,0.14842120675326137,-3.8798466645188086,0.7289540725385327,12.551358307516862,-0.25417065931788196
99,1.65,36.78781492820599,-2.2389816672198317,-6.616016787662626,-2.995123692563976,1.390986041127112,-9.22448471484716,12.024137434344864,2.246598257570283,0.001693320920123631,10.88066277783093,-3.1645175018666873,-0.0011124091999387736,-5.827760291668496,3.1736497832926256,-6.788054612106278,19.355692371790926,3.5153666200671063,-3.09474488830544,-4.899718473883256,-13.649259128789055,-0.2376301802954197,4.770812821877539,-8.786675924341372,24.673814086938368,14.646423159192361,-8.575533713806133e-05,115.2778158026531,26.79083031833541,-0.0027941701133711817,82.3573570409612,-1.6826136125983429,9.558432316650972,2.8916497860683946e-05,-0.6627772791207055,3.9565295648465106,-0.0004524859255616681,-3.7989339926996855,6.7802540300046505,-4.24368981305206,-18.949014799986948,0.19299449174087233,-3.642678839247565,0.7907573684411908,12.909727243335855,0.5252914457284171
100,1.6666666666666667,37.08690846242665,-1.8598492349358824,-6.862287192965782,-2.458485283847728,0.9369107673092628,-9.38912662658752,13.45864922795592,2.1998804751190693,0.00015367016029591517,12.508107115031718,-3.7519087133584503,0.0029230640049745273,-5.260605183894612,3.4922763502288947,-6.9039319267648525,18.637596577469896,4.253356256450442,-2.950840916983,-5.136741956529062,-13.499654218308546,-1.4666895529524544,3.849012796218136,-9.109966608677404,24.422669917903132,14.850340546963443,0.0011801066852278501,113.1279629493459,27.459541152189107,0.0014256011956451779,82.40925802881229,-0.4041159971418338,10.733894503547386,-0.0012027827499539881,0.49059247617497737,4.167676867911687,-0.005757447445128794,-4.4462167993829755,7.238543616469355,-4.015369621661465,-18.6848565516109,0.08025110999286325,-3.0700984782417806,0.8126682564979615,13.33094654414349,0.8476163997765827
101,1.6833333333333333,36.71466443644466,-1.5820742819251412,-6.274557751003746,-2.2047037386501143,1.1030578400108104,-8.55616708776809,14.416819901139537,2.124438283105357,-0.0016031130930209663,14.233127148867352,-4.274595191205752,-0.0013700164724764524,-4.8379634699774146,3.38403764891921,-7.1053890229132755,17.0754393879112,4.582355714806352,-4.705705619003159,-5.173790661669149,-13.509800616603052,-2.207988643909872,3.082542552442492,-9.157923280115403,23.878992952491373,15.259484323759972,-0.005105149977231754,115.12734787939834,27.539836012546097,0.002233225032525948,82.63027907591783,0.5774451257680958,10.08796198302336,0.005778696985034113,0.34053521147205434,2.884001179646677,0.0019750734965252184,-4.64923067905052,7.413657613498673,-4.065947821801032,-18.086117916823685,0.03676035193224087,-2.235532996869639,0.505754685375046,13.35959388386391,0.8125376663165276
102,1.7,36.19462693927078,-0.873700632900226,-6.530675867532824,-1.2909458793494473,0.7502841057107041,-6.699697578178242,15.255850417469322,2.009627748582732,0.001512067147592737,17.288387216117783,-4.4822539242862165,-0.00463207359105055,-3.759857892615154,2.519425760637692,-6.509447345065093,15.593912639070103,3.6783035324807627,-6.8747459032323155,-4.814347846761772,-13.455547001173894,-2.39157285938263,2.7852128790549866,-8.787775375549064,23.52806719861658,15.172101194559337,-0.0017996606860660707,114.1022622779114,27.36611226169178,-0.003952435077365434,82.1627007446747,-0.595177396564009,7.909571736236973,0.01926696481997456,-0.3404088587852577,3.2337435332593487,0.0015504218324968596,-4.597126157552463,8.091272756204301,-4.182773011863285,-17.659443191842794,0.05487516351295078,-1.8625684799584146,0.2548577916120515,13.444031840576915,1.2121841025158315
103,1.7166666666666666,35.93052987030894,-0.4786843106018083,-6.928118792019863,0.3918944572503878,0.31423313973193323,-5.80718942054937,16.276166394214044,2.1933872525580123,-0.00152776733431489,21.271709352686063,-4.986455971903071,0.006516302807552068,-2.268810990918389,2.3665548116502197,-6.248791687287159,14.067602147414414,4.4116546574333935,-7.745765450571073,-4.19290302613857,-13.464476857729064,-2.3532615434020614,2.4922538843522215,-8.428542104551049,23.455993668465673,14.57790802106122,0.001335176899384202,108.65946466571657,26.956445987490625,-0.0017352561709351848,82.2189756818815,-2.8155952180876755,7.865403547130668,-0.015879072635376325,0.07945126847697186,4.368477386795757,0.004782197323537531,-4.747589938909886,8.805470530506941,-4.171161464762826,-16.86897107581583,-0.3198353404481526,-2.6693710280679515,0.2899864548569188,13.73279541480272,1.5505607855718246
104,1.7333333333333334,34.907268701657514,-0.4098327597280129,-6.795390364374837,1.1515241261933578,0.34856079841813703,-5.988091299511927,16.83428214337749,2.439977724418438,-3.861925076421317e-05,24.082294616532696,-5.740396209846026,-0.0013922416778793124,-1.4826900804169023,2.7140306038680664,-6.340738321527312,11.093216077902273,5.687349295534651,-7.642164804034155,-3.8599921547755094,-13.511844787899259,-1.76658271811616,1.9194115854346758,-8.221349712320768,23.351360092704994,14.297050001353698,0.011255511334264794,106.9156774039456,26.150828429819786,0.0002471165826309328,83.53247374839356,-4.100911361006243,8.774465481149335,0.000343264508011829,0.4412125384323594,3.707135112819687,-0.003122077461572677,-4.732593329838166,9.00363006094976,-3.994056508772589,-15.553438560399584,-0.5451862074387933,-3.7161358279725265,0.11885988649780334,13.541785867202845,1.4857092136611694
105,1.75,33.41519059338982,0.2798432601621955,-7.231883837431945,1.9506596181391245,0.09212879791666774,-6.007825407102096,16.57470716195325,2.0580760262898665,-1.4511049851351858e-05,26.766644133209887,-6.132271338487732,-0.0037950816224551053,-1.3276669494857938,1.8881565850124329,-5.295329088585758,6.714203028728213,5.43110765336764,-7.347525026297608,-3.9840549158822816,-13.616437806308308,-0.05761913450780058,1.130894524600431,-8.101458058343262,22.329856313129746,15.168280520288636,-0.00958272729662528,109.34140242415454,25.622056056737925,-0.00851379293132469,84.29931989241399,-3.5930660240775047,8.572594682697021,0.017621825882811085,0.8393940296490335,2.759574370107855,-7.581990999993702e-05,-4.816255922522297,9.148581221140981,-3.690169265676876,-14.246489394507623,-0.029479206788405325,-3.8721727887376027,-0.41659189019120124,13.298767623120467,1.6471275463764696
106,1.7666666666666666,32.670063974961145,1.1637938993741133,-7.490284871077463,4.465784695447299,-0.4943956614677755,-5.7556377020174425,16.28670953244539,1.5426555256725314,-0.000123443826366431,31.2463531780518,-6.439371590639959,0.006264860824790572,-1.0033414970952557,0.8121337511493214,-4.523115289803826,2.9642922813738624,5.3300306303183485,-7.549903193821646,-3.6605225578134832,-13.839647220836378,2.123541783779847,0.4377712589684316,-8.032113708411197,20.840755357546126,15.845649756648129,-0.002578013357594697,110.81533392936528,25.73409177329648,-0.002450066007087504,85.45028686331148,-2.9532959011105593,8.602972501272754,-0.01071426219590967,1.5925585364825543,4.211238236694948,0.0023693490388421745,-5.36042172774499,9.45696388785367,-3.3527555078541407,-12.92812854990038,0.3486702013243905,-3.757283709683652,-0.8104021751414154,13.703218927677462,2.021126625512605
107,1.7833333333333334,31.664764743847847,1.2716862606744042,-7.519692784986672,7.013034789600045,-0.6156095727894166,-5.170573054623314,15.96879398557548,1.5269680208884733,-0.00013005764954817018,36.022264115476695,-6.620678261084614,0.003315882638967913,-0.06149848092948711,0.7095704407507705,-4.808854473696439,-0.09550212270538684,5.409371575600923,-7.982271914902627,-2.7387575730281437,-13.980867763946017,2.7388651600647163,-0.03431100524619379,-8.100740683947349,20.74307669827656,15.366425264294683,0.00938513446724671,108.53311622854504,25.775746665242746,0.0030796095298695893,88.89919266509673,-1.945755274660401,9.995379868852744,-0.012945703533231453,1.3895436282642684,5.49149119591514,-0.0002876971888298719,-5.566627305363742,9.473171662001455,-3.1975087603009826,-11.529406456705189,0.3440761863422122,-3.771453536041571,-0.7204940252229933,13.940342426370341,1.889099743456534
108,1.8,29.95935767393466,0.9172095539527951,-7.727243202157711,9.011894340961245,-0.37929381789607863,-4.3090428600023065,15.114761421796015,1.848001197256636,0.000844076747904796,40.113682216382685,-6.296912217203533,-0.011787174576872316,0.6060202502049701,0.624510698924266,-4.6805762307911065,-3.4473672332124052,5.121157123624733,-7.983712072385445,-2.1474277868381435,-13.998459155110075,-0.146817330654873,-0.7421766043640395,-8.499696725850082,21.806306795902128,16.32572689087393,-0.018545871819130026,107.28384055234483,26.071936166666667,0.00196554267132498,90.94478800555314,2.7362505983754257,13.202319348659938,0.07169588813679778,0.3053690955729737,5.096995521725355,0.0005959888017677735,-5.437824054810504,9.138376761860941,-2.9402922410621564,-10.716571829946426,0.7025086566164055,-3.6439439284873205,-0.6937591158964843,13.788357984191794,1.351633678902257
109,1.8166666666666667,28.96740034203106,0.5806031588441598,-7.685097158417641,11.862229380749461,-0.1088004594526053,-4.472627252528359,14.880284603197376,2.0342904261542953,0.00021345992114797234,44.613291323413634,-6.509073670963303,0.0016848246706947238,0.6451103023745094,1.272451412297575,-4.096659373913721,-6.821040516031236,5.112282352239552,-7.482355029163875,-2.057758782882209,-13.85611104612955,-3.0372213021811283,-1.3795074418662836,-8.887332727770684,22.27637781319209,18.98167219763448,-0.012169316325857904,108.75243750321937,26.175999171681692,0.0032320307167855674,89.67417789311739,6.220392711658772,17.11546299676258,-0.04046542120720421,-0.7527772530648597,4.13593435313471,-0.006307126050356627,-5.529441019689442,8.756448554121583,-2.1082937207055004,-10.552859774756524,0.8025965749143278,-3.6827091602463877,-1.1268994184681265,13.8761056291782,0.9658645309721285
110,1.8333333333333333,28.40495307197169,-0.23941692096742256,-7.609976170719222,15.0009939214236,0.7120420650043314,-5.930557978068409,15.57009887451025,2.1506501155760964,0.0002668316244771386,49.29883484704247,-7.961355942185486,0.016604769703188617,1.3663482616510192,2.381201519800922,-3.8052519027098914,-9.63651642506299,4.756405940834975,-6.725375286013409,-1.8490278394523654,-13.759666296307229,-1.9924691050738619,-1.7343571914276432,-8.914778987307677,21.85350836867027,19.81847723542863,-0.0010114092002828738,106.29917831895614,25.275665004197563,0.0012242073016893967,88.5879527524611,3.822311613958038,17.698692539625693,-0.01725114164167474,-1.7903328725597538,2.492017361414605,0.003512228442502575,-5.648099824692362,8.011655695863498,-1.583333984330849,-9.98630049879103,-0.027695627059414436,-3.70147364564851,-1.1443284612656675,13.93256659807722,0.24302467555363966
111,1.85,27.26666122319506,-1.4639643768631971,-7.324273130850236,17.726983451438397,1.8891886437447432,-6.943697952252339,15.609381110189666,2.4408708779548243,0.0008043258866235763,53.67038095636323,-9.071517122242,-0.016173195100045747,2.540123976136181,2.314731388737763,-3.787154750854596,-10.153348019915937,4.66426058544754,-6.481223188808076,-1.3555982349136284,-13.980319221326413,-0.3339214416835953,-2.110770216445178,-8.971247899153937,21.351930178303565,18.80575366431434,-0.0011895305366542294,103.65565595526745,24.909840997926327,0.0064298381627091155,87.20621662806128,0.5878294342848687,13.096200995571717,0.006362806687096058,-2.1524981198501063,1.9029504822120955,0.011134121037188416,-5.5310244073548835,6.803884855116297,-1.587755302954364,-9.331018511942835,-0.812126113908459,-3.3136977708280235,-0.7068778523053839,13.751285548026443,-0.991118071949385
112,1.8666666666666667,26.181924162433553,-2.0978063668007234,-6.514896503015725,20.76469077706129,2.4440783179634162,-7.829638997419938,15.202415195746617,2.5577589108461387,-0.000530386495363814,58.280320470105046,-9.484532786644085,-0.00334958289400799,3.378840324160789,1.594594490341141,-4.15602683838787,-7.752521659567848,5.686082275769072,-7.195093084579563,-0.8529852592695032,-13.851276724023387,-0.6254928249765066,-1.9281066011972168,-9.224677596695932,21.15879361400665,18.383936979075152,-0.006925048580049908,106.47020404552934,24.904558045218568,0.0037463965589777724,84.82972159466169,-2.482910997857431,8.072895581380083,-0.003490093313044278,-0.9304905301519799,1.7502111234603293,0.000257840827400477,-5.154709085942843,5.843582340318991,-0.8385223180067429,-9.563874265363971,-0.7507611417605262,-3.292599399745808,-0.8599618698312478,13.673920603962367,-1.8138882748599867
113,1.8833333333333333,25.732835740617155,-2.291703372895776,-5.912643780934787,24.29267268553815,2.648225624552729,-9.529247466708142,15.410842126187646,2.3852197328570792,3.739904123068076e-05,62.66207680960733,-10.263733919852712,0.021573206280074492,4.163176514516024,1.6192608108091626,-4.624357935547892,-5.09599609898986,6.457363908509565,-8.569408440528509,-0.47833750050629026,-13.234172491806957,-0.34459947243313654,-1.4629827144518421,-9.497316625128803,21.32955107879399,18.883503095006734,-0.002484015793324351,107.31905232015339,24.053559889493382,0.004588957799792857,85.0235423075084,-6.041628279818564,6.659849226940714,-0.013641035969913371,-0.1469769607860894,1.1537738259899364,-0.0067306499471345895,-5.035256488772347,5.178177069901812,0.02197163679400468,-9.778642791073343,-0.5456620685584348,-3.9793943527364073,-1.2190648572868532,13.848040012689715,-2.238774287752804
114,1.9,25.274459876997224,-2.483215708072946,-6.144940465968163,27.517110028247764,2.7725426006701617,-9.802507979801224,15.739401352888908,2.2315851809606193,0.00020937055905126376,66.18611296708113,-9.895347064208217,-0.012482082622488316,4.354368313653208,2.668939653032482,-4.3358949993315,-3.1173274341783306,7.178347827310097,-10.455184526453559,-0.14618673287505188,-13.199335947808791,1.572268359462934,-1.4655536811254422,-9.726626603672864,21.62431055029691,19.682462741184924,0.01640771099756973,103.08310167727059,23.44483881844746,-0.004902131479417174,87.38354875840982,-6.449166494237994,6.913491867140949,0.003903273191945787,-1.320852927707636,3.3612049804393735,-0.018207514396673983,-5.137691892429322,4.581794805003417,0.360774327956388,-9.1985401280307,-1.0165876663067697,-4.726482807009808,-1.4237198247957024,13.938662004125815,-2.5682277494469266
115,1.9166666666666667,23.858437815621773,-2.5714320436116958,-6.894378750506563,29.745641316928264,2.4670554391457067,-8.624995150639256,15.743724418794955,2.2725376144721774,-0.0005129237641613141,69.09029987506842,-8.018102401422054,-0.00834114402310277,4.540044625206991,3.0370913937750994,-3.401061523848097,0.189092327860688,7.096133257041023,-12.431571557372182,0.5414130393587153,-13.72595914959561,3.5412360308882547,-1.502325185570403,-9.801417697746123,21.327489150834783,20.04365539003144,-0.006302143026905829,102.15704780732183,23.55765443100143,0.0035183340037791733,88.14797057775152,-5.507915542183506,6.587813116197775,0.0036469341829782173,-1.3252041095483234,6.26859465538009,0.00826740766768296,-4.450875454152576,4.338625520182293,0.9216013059726936,-8.717708396904124,-1.5732295159816898,-5.342810603882646,-1.772128022892585,13.344139366737041,-2.6217147302507735
116,1.9333333333333333,22.18273424771345,-3.096160527947312,-7.443105120433276,31.527631207526678,2.4854786651856005,-9.169094867590289,15.978698029784644,2.3689594554930102,0.0007221713000222349,70.84756240608472,-7.624800582567679,0.007391417720414748,5.801078226374686,2.5781847939209883,-2.582242510812882,3.94775570090426,4.381661900133689,-13.17938555262823,1.1756237791396236,-14.07772021899523,4.694544317737796,-1.5760304149841227,-9.659379376172163,20.15019118090327,20.66934919143133,-0.0056739318787074645,103.96730884146575,23.987522078910235,0.00018329724888850287,87.98008708603733,-7.1139015689726985,5.765289191529639,0.004687744711093291,0.860699183640793,6.833930264947788,-0.0041549703547782875,-3.51388889453431,4.09424507334614,1.1097326918318626,-8.750239093650855,-1.434332274841391,-5.767075257435655,-1.6419029471745352,12.551607478073285,-2.96368917028763
117,1.95,21.394659476962516,-3.8867343578464073,-7.709347767640633,34.2969117634637,3.2793463035196044,-10.8106421955141,16.350692036799895,2.066605284384739,0.0015616981333066151,72.1043083571722,-8.905808579577972,-0.0003985998294864297,6.395341889441367,3.3759146463933076,-2.0277201314654696,5.988968378014909,3.3622183139174897,-13.390154396882624,1.400260454676553,-14.37009273446916,5.816349251975419,-1.647982517119891,-9.47755114927756,19.435780893256936,22.34618118074732,0.03784131248571638,99.50938185163973,24.151573443039542,-0.006136560436902528,88.65132438992394,-8.63073350642522,4.780798936840913,-0.009588847225687615,0.9102113257198374,6.910902340874008,0.003052338959249322,-3.2765901469867895,3.3439088002924953,1.2160651927318122,-8.791809676314342,-0.9879764394576616,-6.094364475986333,-1.3884093724993238,12.384212073511048,-3.733444125653412
118,1.9666666666666666,20.12510240605678,-4.269663571022861,-8.761623517501784,37.658753977620016,3.8936216626490694,-11.106245909022851,15.547381163720992,1.4224079426001792,-0.0034321754445458506,74.16310724996377,-9.074228153994184,-0.006796381695093432,5.957491746712482,4.713493956602195,-0.7019508458037189,7.671395284989528,5.469575777542406,-14.614649606823575,2.226020083348041,-14.615064263122777,7.0316302378203215,-1.4287145892570126,-9.530912461782862,19.57244284195628,23.285323161957876,-0.023643665301598074,95.68149960803675,23.657390248241512,-0.00222905260082452,88.9481891840685,-7.435364275875426,4.306100200904823,-0.00036860415823392897,-0.874888754723287,6.3807125286061295,0.0036315378138938024,-2.6805129198843787,2.4101097851576077,1.9207407244556918,-8.633717647144385,-0.7530614204235629,-6.2939359172594855,-1.6982793874206144,12.112021507970242,-4.342194559947302
119,1.9833333333333334,18.06765076145715,-4.859186760533629,-10.122353246641275,40.47327730989725,4.341049856351445,-10.861817796300684,13.67947318300729,1.2486042581598096,0.0017709901873802804,75.48640686942319,-8.036378101551154,0.004692256738861659,6.02180322383986,4.497152238601164,0.9851384943862277,10.20017922498813,4.9758107799085645,-15.772511905510175,3.3715908457760984,-14.784612244135651,7.844238893676401,-1.3233341877524094,-9.594671234366675,19.14899404083459,23.529783169976838,-0.009069952316168925,98.79501516738242,23.38228541510554,0.0008991932648455362,89.57142023560266,-6.34288697195812,4.96446070224169,0.0034471885907381536,-0.4062840579732528,5.596235063789719,-0.005019163569507141,-1.6855215305554603,1.558257242475701,2.2371838471227736,-8.584458539521716,-0.7089026720572508,-5.757286429488298,-1.7213089877417145,11.602798984563842,-4.997352419382707
120,2.0,17.183920395542135,-5.795591507859093,-10.0995446132687,43.57509071128727,5.193616568017429,-11.399476030750487,12.767920633342689,1.5278740836106983,0.0013323266967582416,75.48869095410977,-7.817019493597206,0.0017282759236660226,6.324076979897962,4.160064871347006,1.0250511273725713,11.703659148967356,2.5021834818171937,-16.40656323317242,3.5210793444029784,-15.218312986239333,8.450328376970141,-1.1872583579129101,-9.524329678338153,19.18855065703032,25.03823819860973,0.03524294240453564,99.00796389194024,23.327717650896716,-0.0026742500476274558,89.66943926548902,-6.756422030684061,5.186137249109439,-0.0042531550212891196,0.4122548935631052,5.7145127567171805,0.0025890582764709195,-1.5154463312883215,0.8382292157733776,2.3369882010198366,-8.995701727675538,-0.8198100517403595,-5.11740905853468,-1.3139915698178706,11.779032225864489,-5.8020891004589386
121,2.0166666666666666,16.699037366689552,-6.156775107499881,-9.54790530860234,47.071738128846526,5.720635157973423,-11.258892487643434,12.912856075144626,1.4287649616298033,-0.0001425658676738089,75.72731180764883,-7.548551069075003,-0.000547642643032338,6.887663672057963,5.468629526654236,0.16351434245231686,12.12094755699727,1.994064116956913,-17.133423017526383,3.4626616511438244,-15.694583119348593,8.561884652546732,-0.8715244793119364,-9.534836913525512,20.073475293787055,26.954297418434763,-0.017767265595054416,97.08917608704797,23.090565667667544,0.0002891433534239771,88.20985373843514,-6.468439524352741,4.372950937899298,-0.0015027862457687314,0.014639505844749625,5.533915750702781,0.0011111488201438488,-1.3963056382364296,0.4046376142776523,2.752226921366377,-9.204631799501412,-1.0364941074634908,-5.2999287208972925,-1.0884384654711425,11.98829662512788,-6.242568325318775
122,2.033333333333333,14.687494924690997,-6.142246308346558,-9.77991674941076,49.41895571464754,5.8294258960253025,-9.62748634421973,12.016857782669788,1.150205573652579,-0.00028543987974778657,75.5734155160568,-5.972146526876246,0.00887977931634018,7.498382923984319,6.138466029831277,0.09356787898362805,13.192182729702488,2.911028880269642,-17.90828031015633,4.375178751150308,-15.918339215002378,8.722987231330839,-0.937036958949532,-9.684214532947296,20.022265488954925,27.600103692085053,-0.006683738996601073,97.39901459362123,23.417862486041322,-0.006558731533724041,89.54335518146627,-6.357449811302166,3.92305799258267,-0.0005476475667667435,0.4910171381010711,5.799415205454378,-0.0021579861657073933,-0.24152716151042225,-0.0022413110202655594,2.724292226571123,-9.212161241027363,-1.186579947062177,-5.443659407139106,-0.7996740134657706,11.247946718455735,-6.455782168915816
123,2.05,12.34193685961804,-6.613164402370396,-10.80856892356154,50.774450278080806,6.457424502356625,-9.188559339985003,9.914872211584607,1.1873457485516994,0.0010682994700112593,73.76913126044775,-5.358756239538847,-0.012102665091714718,6.522229507824737,5.06841323911779,0.7487424584624215,14.33601468994902,4.131250429129741,-19.068661598082038,5.537260309058746,-16.202859435565326,9.307434676141021,-1.3088613126856212,-9.842601466227666,19.409134209061275,27.587082951414477,0.015521365456494001,94.97212109624378,24.012077996610323,0.0019261515670635917,92.98660292612533,-7.393347597578025,3.602874811644434,-0.008139202672451194,0.9077426044595489,6.639115135611123,-0.011309408926747092,0.9018929965217851,-0.6594831724357452,2.2117710485396316,-9.703674460885374,-1.5306179366881405,-5.238057429281656,-0.14288958583087266,10.451678923818932,-7.00772375114849
124,2.066666666666667,11.316111970604636,-7.237028476000718,-12.096878841965207,52.76270461185183,7.197890801940974,-9.930050265201936,8.3915540183425,1.2213392950124027,-0.000844485040763952,71.50230033577218,-5.846814582795517,0.0014239039144198534,4.846739781694502,4.296159424064211,1.7648378421422846,14.959630363231511,4.761997169247344,-19.430729721783667,6.118280020659712,-16.6264220962512,9.538984402826895,-1.4545614863337033,-9.517434591429078,18.99787397381776,27.94143830470309,-0.016848866217989786,93.92550005400183,23.7462765356418,0.0016532049926109103,93.44412032409852,-6.903062007947424,3.903033045114534,0.025882345092610882,-0.32888885868166673,5.302606044638564,0.009680466222059404,0.9601359626435197,-1.1731010408596325,2.1143060557144495,-9.615502184123368,-2.1136478620397323,-5.264569003364921,0.33809687687529694,10.621584129147292,-7.638501180806986
125,2.0833333333333335,10.370035613354643,-7.322454961396465,-11.76896743232715,54.92278898834763,7.317612323538745,-9.824044015211223,7.911055143108622,1.2694146603421024,-0.00011156024803669932,70.10406559595265,-5.745634935716718,0.006568372375096731,4.834770088211649,4.181592852996425,1.8586851352924283,15.74923295378089,4.2809454451515885,-18.41063373048621,6.606724734368067,-16.536023873236875,10.358382145329704,-1.1075370836468987,-9.189278954685454,19.058971146564087,28.57454846078193,-1.3631598327657157e-05,96.7199026776594,22.883971903344527,-0.0032290095592532424,91.52490151477865,-7.327614914206372,5.193499244174746,-0.00890496920909393,-1.3215695253920703,3.8390984840612488,0.0024231738370735557,1.3786692740461604,-1.5026295741147724,2.4864575430777114,-8.951428166081604,-2.2040629605159454,-4.967592985476237,-0.09018943761683845,10.5755382169275,-7.7042553488234535
126,2.1,8.618890238128591,-7.582416613785272,-9.889116237287046,55.88167171323979,7.318661217932651,-10.384083039736028,7.523188539068935,1.5635007940267758,0.0005603038606444323,68.138244692839,-5.864947353033146,-0.013221550314290877,5.695175145741144,3.9511533627033826,0.30439897724320286,16.341495403158156,3.866332535224926,-16.85070762434246,7.322277724286777,-16.36350993754187,11.580663515989395,-0.4004269755070828,-9.557931941012676,19.499582816469722,29.694922935344735,0.02039062521440827,98.41471900899073,22.34905039139862,0.0016451439357636692,90.10662614669562,-9.198178006819793,6.444378565939823,-0.03704631502501931,-0.23879200217105243,4.715045359629693,0.003105061517499415,3.0018703339706887,-2.234809855412175,2.7339926158236207,-8.90278938491439,-1.9339468841800538,-4.544978291785994,-0.8045953222414503,9.634192620772644,-7.864178918657214
127,2.1166666666666667,7.72011804054057,-8.336567005138113,-9.571653833975326,56.625408615760755,7.428731362843089,-11.339329700835084,7.084845877388271,1.5738453772170335,8.663264967671193e-05,64.76045404324415,-5.8191197437666915,0.012003264324347467,5.836160867419041,3.6395581977901315,-0.25462357737856733,15.758335533289726,4.93000418050634,-14.542793804745004,7.714576743294721,-16.950304944066065,11.191666362249292,-0.08195021730017646,-9.608567800819124,19.48142312757864,31.24083988534177,-0.02544126283728504,103.45433856987724,22.070509932300567,8.161796425833198e-06,89.73348138985433,-6.229644593860136,8.671245034978641,0.059263260221595594,0.33089542225025426,4.447444802074428,0.009407228784162116,3.7481440601295937,-3.0944870680795495,2.7922867243674947,-9.189845538941691,-2.195505767250603,-4.490305816289642,-0.7551937850672473,9.460546705863699,-8.715939174937246
128,2.1333333333333333,7.843226897195721,-8.733907820766927,-10.98619070956007,58.17552970585969,7.24640847999429,-11.356368912474617,7.088465099205231,1.2142556061480567,0.0006364052136454157,61.833898996232044,-5.244459774037919,-0.0034066596647193254,5.773717948399847,3.9054496774042997,1.153435453270275,13.687941778516855,6.742000140037973,-12.115084045966453,7.824169658743835,-17.249456800597056,10.256136940808743,-0.21587472726292628,-9.254579131045366,19.592657615949832,32.0396931915117,0.008208785590683458,109.15768740194771,21.601348529462214,-0.001237014033147358,89.61132928306723,-2.990072422370077,10.546964443800094,0.02510959034486955,-0.7957138038761308,3.079690669369826,0.011560338595538714,3.32690101400206,-3.5507334857457287,2.9370077355382223,-9.649817595195156,-2.5848244831666323,-4.057543619526782,-0.5127729995684023,10.228027131098276,-9.322046445614811
129,2.15,7.42079786278309,-8.86187249396918,-11.504006262790757,59.35101538493484,6.891927913525305,-11.197383055339992,7.105377354418216,1.1047533005044659,-0.0003511531634217262,59.56638323544379,-4.833392830522425,-0.00872256313442912,5.776054544251049,4.616854488274654,2.0426122912969085,11.130702103447824,7.261679522565775,-10.438082567687967,8.002131266684117,-17.14415067264112,10.986938668988298,-0.14597674447642434,-9.241317915201533,19.900086701770803,32.071479053439695,0.005789462328827784,106.85805330015506,21.000524429909543,0.0012061227302239668,89.70354756208452,-5.234161405699826,9.451604024533301,0.011692901559658728,-1.0060948587482368,3.0904077040325006,0.0023126757423857433,3.559810961911838,-3.8331975273182683,3.4260275913019265,-10.210310014742934,-2.3950972195746867,-3.996961453255268,-0.9677707690488577,10.446001744049001,-9.348922215768301
130,2.1666666666666665,6.183189204833104,-9.071951069500043,-11.195025582389292,59.259442437642555,6.549803145690533,-10.409374995362873,6.82177414391791,1.2803682446670965,-0.00026370500300528356,56.81157821144904,-3.967845697844177,0.017606168934581248,6.331844235318117,4.326414718732845,1.9922557479960836,8.703584049035817,6.809605485248729,-9.815256824797924,8.177866760236794,-17.699696626189105,13.021953103473123,-0.05776886925816415,-8.988227433273504,19.447672535344775,32.032509167981786,0.002869055553663049,100.6925996102525,20.609597734633834,-0.00036947195306526816,90.55297382757004,-8.161686871921047,7.162067652833433,-0.011201974860489027,-0.9225697178247171,4.072086798950189,-0.005922536764683731,4.3611567990778815,-4.081667277883296,4.285553103581835,-10.751788867792362,-2.5312867836340107,-4.664636290405393,-1.7809504266877052,9.998648722583766,-9.367127147481337
131,2.183333333333333,4.956448196204338,-9.017661714931444,-11.070421026114357,58.99194910513618,6.07127963151278,-9.909048844140512,6.357886794484468,1.4476203728743922,0.0005696778069696986,53.997134791116395,-3.6658289767263006,-0.011510787626127077,7.5275905497281,3.5595511148345507,1.925649947362273,7.2368761068916765,6.375873669677049,-10.486933433831233,8.576383881434484,-18.241118672858498,14.432741060316168,-0.2871682588500189,-8.638372982847919,18.968899833981,31.793079701601705,-0.0035545364161389454,92.68867566020556,20.766197717484975,0.00012899619170677985,90.81876472447264,-9.18986021564608,5.362009790203228,0.010347513219218752,-1.4618646488047586,6.218764970639368,-0.0011843302752505365,4.755354340578477,-4.17204555110648,5.101380830918072,-11.606499425734711,-3.546410322166804,-4.584057991306062,-2.3800117414517903,9.810368811160453,-9.27067829194328
132,2.2,4.075573714195335,-8.646154633872797,-10.771415716429601,59.12157044700641,5.828033375189288,-10.331476250410207,5.717849229430732,1.219771324326757,-0.0006632285030580228,51.1661538237686,-4.206881568058364,-0.004890516444710581,7.786518536981055,4.024920024932119,1.5267814520103467,7.648149311854613,5.059585233605167,-10.797995829984613,8.644606812550157,-18.01882771753328,14.096307036557098,-0.962430709257502,-8.7904449745603,18.429936209342497,31.856892789225547,-0.018069449525206754,88.0916517698181,21.168763084342725,0.0001691098648383666,89.51816483917207,-8.843012814919742,4.769076862727372,-3.1208290488497626e-05,-1.1544827608683372,7.003203665757349,0.0013471115559801343,4.6566811169567535,-4.2649631603054985,5.2598679101221935,-11.993457842646874,-4.383546805467938,-3.912807823997657,-2.4289608433743695,10.011230834077264,-9.066309086030314
133,2.216666666666667,3.1858044784608373,-8.650352531276344,-10.756646885465777,58.6202814239522,6.093557994916545,-10.128609100329511,5.543979565388849,0.8112971699891359,-2.6379201225812827e-05,47.80466845774889,-3.9160285883149135,0.013641703579582285,7.478274555483213,4.762979168641667,1.014231529135318,7.003924087371724,4.340066150829362,-9.585082062147283,8.090136657526498,-17.596266591997995,13.800843566773054,-1.9213242581368615,-8.845707039025132,16.889318709149805,32.37363549620718,-0.022886869356581258,92.88314989777021,21.258379354770955,-0.0023682178556800994,90.02969847972442,-9.232435655960947,5.569635586535062,-0.007600994546844901,-0.8152366592565704,5.355166592691434,0.0013987923240111103,4.533843198352928,-4.731532143562071,4.807018040304726,-11.477020076425806,-4.311510434197127,-3.7604975808681407,-2.059836479090133,9.987628255253151,-9.269302252446396
134,2.2333333333333334,2.089532645058478,-8.894265250728559,-11.042556374676131,58.0886533859489,6.233690070103145,-10.59075058441071,5.683516793754182,0.9881975746529739,0.0005974770112184865,45.70379354213671,-4.492530967009642,-0.004794366897680943,8.053473726980219,4.6299525684165,0.8826902647685089,4.676661354157769,5.26962696489481,-8.16393952074087,8.002467849810635,-17.572670337159543,14.274311235126046,-2.3653295073639673,-8.640263071968326,15.772558647333078,32.64656083077199,0.023049581154342077,94.81587040489872,20.923719718361298,0.004286216774827177,93.95172874071696,-9.34365134529754,6.299993924209524,0.03664665693731916,-1.1671251291428784,4.6935365422455035,0.0009938465312811522,4.603314814025545,-5.148923564856793,4.889723741643587,-11.320525925259702,-3.764682273350759,-4.091631697580941,-2.18244968050165,9.825387545133768,-9.344134639740517
135,2.25,1.1053422723615103,-8.48964992488102,-10.735615062879406,58.692443124289895,6.089778554023278,-12.217003172346082,5.150405124944278,1.2628626034626995,-0.0003511307596557757,45.760890331995654,-6.74407265019771,0.004302012860885065,8.637677806500566,4.907442635029064,0.6380830898637389,4.362220407113064,5.176408225698869,-7.5540138451595515,7.873345503441088,-17.732957027743765,12.909668981608815,-2.235584960582036,-8.663218510925676,16.00769543457543,33.23679818732794,-0.0013999730510980124,92.2267473197095,20.48372505436524,-0.0018634063534803014,95.73105988743566,-6.9287923109248,4.994639628431975,0.004490704875996348,-0.21856997723231397,4.5604891019848885,-0.004456136010081755,4.487249708157497,-4.841633936561778,5.628301327889216,-11.746904032546384,-3.843565628884553,-4.014354392079055,-2.6032280934158534,10.080318221780887,-8.754290962788364
136,2.2666666666666666,0.42705794840018413,-8.32811147436327,-10.53380869333807,58.70519472729822,6.476705346482532,-12.070579289908,4.510632735487402,1.201593125571724,-0.0009494342633970183,44.88766001289088,-7.027770329641841,0.006195084476360883,8.538921217272703,5.326677445880678,-0.27277285968100834,4.773452616263177,4.781491051406707,-7.937188576170803,6.768211277818772,-17.669562305635026,10.61481439842389,-2.329468677370323,-8.827465330181116,16.232066812593757,34.075788645923765,-0.021068477257532636,94.03376470568239,20.61567165363014,0.00011855449183051832,93.5275425286435,-5.523311455308149,2.6291614146832942,-0.012750506078014307,1.28128014719167,4.700098595206605,0.00040212801138766167,4.136667793995601,-4.848685532758362,5.424847747844744,-11.85051809253259,-4.475662650143605,-3.5256587894085,-1.947246280525973,10.52537448485257,-8.774050390337456
137,2.283333333333333,-0.5030327712879438,-9.161975672940834,-11.284387341542457,57.257659210067644,7.303913695730618,-10.598219219279349,4.545633462200219,1.2333626718729007,0.00010875692186085958,43.3513180106739,-5.401483615304899,-0.01504608632745449,8.531975843134212,4.669977807987882,-0.7846174878658034,4.158149376809643,5.869107914236268,-9.111454815086853,5.991535928393785,-17.570025963124195,10.611857193061569,-2.772542117335638,-9.091619804451268,16.125782261649682,34.14831724474662,0.02014757006392694,95.05541854646174,20.959516572402098,-0.0032638114217379186,93.0095658123698,-4.488565946185225,4.218180845832701,0.05244173788862885,0.4888277866944706,6.551359557628693,-0.010540880749175632,4.1371375155884555,-5.967731013508281,4.334069304040897,-11.486938044543566,-4.200142913547001,-3.297499544770099,-0.9554091697037749,10.37977624783944,-9.715029364096647
138,2.3,-1.3873888919735946,-9.214670374606689,-11.98386392833775,57.05146889877122,7.407945529433887,-10.934516153403589,4.93623029516859,1.0880928982198836,1.8577769437350845e-05,45.06356744079358,-6.008869283814915,0.022580313400844095,8.886208216762377,4.520515391078051,-0.06714519136456344,4.924926625132241,6.4986715390456515,-9.77009174834992,5.899736329613537,-17.67556826300447,11.497794214520555,-2.8788629426536994,-9.3278923906906,15.829976240308252,34.31150223690119,-0.01262885885485869,98.76167222834056,20.291430713975384,0.006448717976556437,94.83861142168112,-1.6266490344063993,9.041673395364509,0.025342846904851852,-0.5787116030202232,7.1336373301527525,0.0009127310229868032,4.188911650285423,-6.552852087582177,4.406164922197236,-11.041314652499016,-3.2872526664588078,-2.9657642921843594,-1.234115332131076,10.169460466350031,-9.663302205881275
139,2.316666666666667,-1.2101670752418874,-8.226332116260645,-11.905065528255449,58.39528253648188,6.962503658240344,-12.119732266499993,5.63586602084052,0.6241974450707715,-0.00030941090553818023,47.998656325905635,-7.694437808120656,0.010037727149110033,9.404408404026684,5.114273513509485,0.34122756033335505,6.955463733022431,5.704047719029751,-9.18051347509954,5.169093050800094,-17.703474858509328,10.392916076249943,-2.6914959740359796,-9.2191483333553,15.418158376533702,35.22166852868437,0.003537653662016672,109.86280431437304,18.93657683819518,-0.005365190913677878,94.91943864617974,0.03122464499982002,10.96961531657134,-0.04123928761629652,-0.05642513147636655,5.70003463711385,-0.0024445221912275006,3.4590781976840064,-6.070141947472153,5.3200204535387305,-10.977214812919762,-2.9506799231369714,-2.7236206944731767,-1.6241319731909205,10.860315396367872,-8.729009326409303
140,2.3333333333333335,-1.048446514486601,-8.12031719330897,-11.798350793279745,58.346476154977644,7.088068272122481,-11.993547813118164,6.687859709711045,0.2227016137412604,0.00077969255323798,48.71986930802935,-7.112732063100581,-0.002623811003190804,9.635051107326793,5.491647602482003,-0.22783376359595672,8.211203172911674,4.339649681338013,-9.209831759877671,4.2622626594292505,-17.28972331712899,8.757440915679183,-2.8088315056668725,-9.132820773106001,15.634368620639798,34.968725663628014,-0.008255795793961492,112.00937425619881,18.081503843298893,0.0010040211765406674,94.351300645759,-1.1683616256137863,8.985249437054986,0.07274725455034947,-0.11187133782347798,5.597694851754273,-0.0011924016567392004,2.8882057367477274,-6.2077505824087,5.1649260339982135,-11.240023625934285,-3.0060652307995244,-2.5701854557978496,-1.2365619053140156,11.28613696697091,-8.740263289544885
141,2.35,-1.568814734543178,-8.788699295966499,-11.303383447685494,57.34189138436162,7.409966759295539,-11.311415518775487,7.679949785634877,0.14256854041088854,-0.0004235192143764417,49.26140580834364,-5.866775738912252,-0.0006890737642147036,9.156731640379617,5.880448347363929,-0.7774239697906966,8.570080535466776,3.515865734903769,-10.557456152180256,4.007292040417498,-16.973050911979264,9.365922881832079,-2.8973402946548643,-9.348299564784448,16.29395591191638,33.38884371290398,-0.045364040367662485,102.20347977204835,17.7281209446032,0.003297355315687759,95.37402295436608,-3.062616748791243,7.9022391292783425,0.05556425287972137,-0.7723059157845494,5.548736229131001,-0.0038516806030737677,3.0932893728608746,-7.003954161476948,4.725507306334319,-11.506939963734288,-3.200449747962761,-1.972397400596947,-1.3253337112343453,10.969294117200743,-9.19978547232456
142,2.3666666666666667,-1.4481458604137547,-9.19533064787911,-10.27648262413449,57.40893501639356,7.621150921527465,-10.711489450703658,8.437377645468843,0.3234968057233779,-0.000803992845362972,50.388490857608076,-5.5259795751646035,-0.001710274544197827,8.458276104606014,5.083464791509234,-1.0295413419492023,9.114195034856618,3.5710104716666216,-11.24476522372894,3.5622765480242022,-16.92934788034502,10.410095324221432,-2.8878213218336057,-9.593122101321727,16.573660676761513,32.47861450967566,0.026067803521461097,98.47182050406218,17.33552001231222,-0.003823282751122508,95.51045475781292,-3.8556426183130865,8.257975028028667,0.029112357352862304,-1.3179273970010286,3.602348038320635,0.0021017264196498005,2.683906291572739,-7.617576357354521,4.818663423126863,-11.96987738596024,-3.2757893339688673,-1.2483579350780296,-1.6042272844295615,11.47722931185351,-9.32349631700179
143,2.3833333333333333,-0.7135523589096012,-9.403434596254622,-9.783719735481752,57.527252680749214,8.234679673284356,-10.548377934435107,9.350716024759507,0.28405949506994055,0.0019621348597712775,50.49660637433563,-5.6694554916901145,-0.0007675572781008182,7.6105692406440415,3.9576888639024164,-1.4827427809391487,9.690428082931192,3.487993474969637,-10.94504701784702,3.0311769275696028,-16.53935993778722,10.382822622045376,-3.1170364870316725,-9.628767644064432,16.164563770070668,30.56070918870215,-0.0061510358894006625,102.059469893868,16.806926799272812,-0.0010238876336016705,94.39700612557068,-4.647623039861556,6.119899982802105,0.032695210029490156,-1.8161577647080156,2.679087733036472,0.003968549935600641,1.6674809764876115,-8.162111204522136,4.546442888841091,-12.523030743602519,-3.190919792658525,-0.3969612727062931,-1.141744438413893,12.515582850424225,-9.51920557918153
144,2.4,-0.3466454706237232,-9.819609329759533,-9.361272599515484,56.431059718755925,9.017453439607353,-10.902738904311558,10.694422067734763,0.029548987008867725,-0.002164889255644702,49.858919955282076,-5.958235563588467,-0.0022422251845284364,6.022901046556437,5.038641906387972,-2.2590311308370747,10.215781699250485,2.9816726030452547,-10.790767542071233,2.8487134644904577,-16.312936823936425,11.536050318944088,-3.080926297478977,-9.509675717580368,16.0961180248545,26.81672456260582,-0.04146060019572563,100.88866771189544,16.155075104983855,0.0021950445803362324,94.70506862427739,-5.3899605804261475,4.55241564052092,-0.013930823462844853,-1.6511359209087837,3.4638248240617893,0.0016267448908925313,1.2178105976204088,-8.737616476650537,4.286115168791205,-12.526194054152157,-3.3045208185531214,-0.22031315342763783,-0.7575852284184064,12.786103330291574,-9.782020718172262
145,2.4166666666666665,0.026423572185152403,-10.542995333092001,-8.937912331532784,54.83538777315168,9.789270383288494,-10.050996715945987,12.359276460443509,-0.25981433501473183,0.00034128363740154924,49.07971388166189,-5.198255547168623,0.002869565208321456,3.640121454903206,6.648249133707354,-2.4589812627136807,11.333593396966846,3.085037980611119,-11.46129928805851,2.2869560958841144,-16.250405468391527,13.281089280486238,-2.964529883053461,-9.463550064590514,15.908341291154526,24.324492403016794,0.026974358457893803,94.42375689196506,15.461563394511044,-0.0019982193247147697,96.4532149716049,-5.960222323645963,4.631271474560302,0.009257557132767286,-1.1397981814633693,4.265049848318466,-0.0018823616020662913,0.8046936613921858,-9.560181996401264,4.273495036759976,-12.102886512939774,-3.075539616881589,-1.270000756122048,-0.6431279066856852,12.794539877698874,-10.134526431455551
146,2.433333333333333,1.4217424093944375,-10.825978332731578,-8.451396008096395,53.84053492314656,10.237532563691651,-8.516002164123327,14.737856358268997,-0.58497269439925,0.00438833036407347,48.492355501879075,-4.149348979827553,0.0008166324453261428,0.5118097483430754,6.751338583809181,-2.2092353167958736,11.628977610768208,3.7185754221470195,-12.32236341773657,1.6712791279914017,-15.640344837603088,13.422101593849945,-3.1813618976204565,-9.35729740169051,14.186559931304556,22.744460728757566,-0.007716523789966982,90.89629797807545,14.815383909555774,0.0020323902052765217,98.43025185657507,-6.370254324599674,3.148295004405344,0.019480889281042347,-0.24418182629061444,4.936848609177531,0.002488934331423571,-0.17263396116710975,-10.109187889586119,4.026039274386483,-12.099134160826019,-2.9312937904555776,-2.16346089240565,-0.46161356473664306,13.316290919259941,-10.123338111967117
147,2.45,3.5862529935447784,-10.658362491060897,-7.370726421909415,52.92956554810473,10.216192642918182,-8.533260238810271,18.19543976100329,-0.6195774301944028,-0.008030937592329607,47.95324182893852,-4.634416065813919,-0.004883863610044188,-3.39996740019598,6.642192121223786,-1.7690573408971755,11.32520701391363,3.1516770616752274,-12.340418593086513,1.249353629759836,-15.35662605993154,12.653281480748939,-3.0233243950145323,-8.865792350499108,12.694418600210495,20.98268515595302,0.012403721180059264,96.52844331766273,13.995269843655452,-0.0009806533280113188,98.3533355424653,-5.851562347357568,2.640200172553377,0.0008313225515450357,-0.080686038281249,5.159866270812618,-0.002200671834813773,-0.8734175043353175,-9.596648545552661,4.047626821692902,-12.02050709443344,-3.488802020843531,-2.4636698657727987,-0.7062514377059028,13.856732818336129,-9.391711983533007
148,2.466666666666667,5.70074720342062,-10.750037914802268,-7.068456604061717,50.84941541207518,10.20611785607459,-8.350890103423652,22.220471418596556,-0.7292346773881796,0.002982823449909253,46.52913959388402,-5.060538563474388,0.005812655797540431,-7.871027831731553,6.491246694451654,-0.11704344601458379,12.827725952038548,2.009381219871679,-12.78342717172419,0.015774857614724785,-15.629747754053918,12.351158621139502,-2.733189534556442,-8.407187595577433,12.376905384757015,20.64157067727346,-0.017387888604890288,103.86045919746172,13.726870921574346,0.0017798043625194494,96.22321403626785,-6.664220835972783,3.7071790058744734,-0.002412501756652706,-1.6560289316726884,5.381552110839253,-0.006636879501808051,-0.9288339609610526,-8.820040325440733,4.4375444922540375,-11.359950380721996,-3.583235799870215,-2.890072637398,-1.3450403178395813,13.843410347311968,-8.622861582902955
149,2.4833333333333334,8.33311667292283,-10.810172879885219,-7.189357560552766,48.44470018611038,10.082279513439449,-6.969526929937042,26.488730711257503,-1.137352179784803,0.007993944729704237,44.43782536781448,-4.558163895809126,0.0013105425524381257,-11.621491998282101,5.838992662751837,1.4108602312747438,14.34537944497312,1.8890790917275853,-13.779756077674968,-1.556039493120521,-15.451273294745617,12.518671006473294,-3.0559879106392938,-8.647812044488717,12.616048373462487,20.990928670228495,0.012853307154557795,101.45290193328059,14.689006414054218,-0.009798091777197503,95.79334440758416,-7.831366163806174,3.9115377959481417,-0.0008747133502695321,-2.0478109914747775,6.0196540787107775,0.004486572595383449,-1.1915908877915484,-8.508002501023789,4.709163097629395,-11.36627781491439,-3.2985492857440466,-3.089793918675855,-1.9464215272457082,13.891766674853578,-8.002803782926662
150,2.5,11.343791806680098,-10.732308108790031,-6.35537805240304,46.616308477405205,10.065922174461061,-6.301999829016564,31.000049546287524,-0.9391762238915503,-0.010706941283985912,42.58474921826349,-4.589111250212217,-0.0053654016349099385,-14.130287395915502,5.731113840736246,0.8198432296404182,14.066267369143693,1.6201066070121055,-13.931651073161284,-2.2402654927296464,-14.959853561693338,11.395997784832062,-3.180874042696077,-9.00201032538822,13.149982020546707,20.524777857701075,-0.005597369295839127,97.76950687039408,15.40285842873886,0.005280301365100321,96.6792226051461,-5.975786931296822,3.828695456606927,-0.00434277717424993,-1.1837387367421714,6.998089358629853,-0.004115499736598676,-1.5392672228152997,-8.29804758395613,4.3340007195011685,-11.867892514481126,-3.5012485813174186,-2.716410757911613,-2.0386082800248184,14.135354350155138,-7.442233037940956
151,2.5166666666666666,13.52637252412832,-10.888092372668464,-5.642972921127088,44.28260252710744,10.47889625436833,-5.851489372227082,35.56147515884481,-0.32321232886573725,0.0007803031441012429,40.96746198498643,-4.8773673551320185,0.0037916864468459928,-16.856816972425964,5.803990349165233,-0.871109062856832,14.074632512312325,1.2726540084090894,-14.055783901556003,-2.6445967139424464,-14.869401257494426,10.147479450997544,-3.2805754185754874,-8.874550916002391,12.418846963722727,20.021431451171114,-0.025229347852686147,106.57252118639784,15.878602219244183,-0.013553392598118118,98.23615975090313,-3.861978525845153,4.552506201008468,0.006703791596724088,-1.3577511312479307,8.615247585954831,-0.009118785032914894,-1.205977842950961,-8.053451540804435,3.3935838144683244,-11.65196762657697,-3.4429593505543226,-2.7636136182367816,-1.69991991851837,13.665021839943662,-7.111369099622117
152,2.533333333333333,15.853312375582133,-10.586898827591385,-5.483004869278573,41.9743838773844,10.344358589880606,-4.924088835652798,40.24104339515756,-0.18736279249944857,0.00958425325865305,39.511378295135344,-4.996223585987948,-0.000671105850145297,-18.736038209682388,5.34978196687189,-2.4552973698584557,14.841479194841188,2.0493697851513324,-14.205281584290304,-3.4261981684823537,-15.05257121411398,12.407792680046468,-4.016578225950851,-8.844575803585075,11.034420772977914,19.038133149216527,0.06427556160120586,120.48517454314819,17.179784527507344,-0.019006291098778362,100.81003174805439,-4.469233969512179,5.182530957168479,-0.0005983714409510041,-0.9745123271750928,9.336086216017636,0.00279130893230804,-1.132053358694915,-7.355635642316026,3.0350586994662954,-11.38932955186453,-2.967172240295404,-2.7097548378286294,-1.8540266781584873,13.1635695717067,-6.357324580531619
153,2.55,19.32510160067427,-8.902900594891301,-5.125025798853383,40.96890463561976,9.08481597687217,-4.1195073188427935,45.2850758402685,-0.3661577977432496,-0.013534248163889684,38.55690039549512,-5.33043789419918,-0.0011193007984053925,-17.40163380044408,4.81762111106945,-4.043623056364884,15.457892897105982,2.397489267732374,-13.541439345225303,-3.709545166553558,-14.980555952266968,14.751784175469037,-3.7601288694624686,-8.974998507021338,11.663778104273806,17.11269191387566,-0.028081855888364458,121.35101711239977,17.68609807803189,-0.001870210054876427,100.0139275705382,-4.404783580656515,5.235214991923736,-0.0226062547871873,-0.2010240077964234,8.475777042233773,0.006197173168396154,-1.6938661002815738,-5.585722433844695,3.3070294279265835,-11.812006901302773,-3.17517633771084,-1.5604902124059794,-2.569326530649282,13.528551568412226,-4.5267139087948465
154,2.566666666666667,23.19131803022572,-6.888248184131659,-4.803276657762301,40.10853776809373,7.689247799217203,-3.70569799240455,50.906034894369995,-0.964405463669968,0.003838627486764715,37.58845053185545,-5.635790149222733,0.0008827432346975345,-13.936709085271945,5.186524757611717,-5.44814179925405,15.961711507332481,2.066114056580301,-13.438062258725923,-3.337937096734305,-14.88480332518304,13.514993252670315,-2.7025175278407625,-9.077891954595234,12.819678051220874,16.56935837903628,-0.012812414727332395,112.3296108727328,17.542118228877836,0.004835721331681428,96.09685567524136,-0.05414214213858976,6.9451439694543575,0.035914831266501954,-1.3021767156456172,8.411892056816601,-0.006266031445666615,-1.9314793573642683,-3.9743725722584053,3.407102879627939,-12.646049155362974,-3.7434908369575877,-0.9917845604095579,-3.41229373239803,13.975372974422788,-2.755336639078988
155,2.5833333333333335,27.31478745525169,-5.638191163669489,-4.498878716677205,38.56649582039952,6.823324217448007,-3.679518752691458,57.223195151813066,-1.8629959076339573,0.01878899608170649,35.992498715675794,-5.746449833165411,0.0005575616906844867,-9.296600461046419,6.456306619171497,-6.970978756805413,15.514210077164963,2.901028800932818,-15.089945503038715,-3.1964813005664574,-15.071945445227655,12.426814602123365,-2.5149418683361806,-9.445924607015884,12.100987585250646,17.15769798394234,-0.05428387887810646,106.06023022152038,18.100315721536507,-0.0017814109461696441,94.9093651328107,3.8542467976308856,9.723851844770302,-0.017291769737282782,-2.831004804593508,8.176656652461897,-0.003986403997581896,-2.0528297255336927,-3.469292163298838,3.332723669595613,-13.151974457659879,-3.326510045977412,-1.1790575614049208,-4.340013841363598,14.169685851301894,-1.9337412445310425
156,2.6,31.452424658900572,-4.477846068639928,-3.6277235665628673,36.806039328187396,5.936586371393445,-3.7393672409903735,63.734297105166135,-1.7208336835674392,-0.022136314953858146,34.29764147961714,-5.750454109274775,-0.002325645066304503,-4.696352441662808,6.320347312421636,-8.161486469203686,14.060845044316077,3.169612179681848,-16.320933481306156,-3.437646440986545,-15.13899317770689,12.772947007532256,-1.9733963109720312,-9.551463377840726,10.645379505860346,16.488872548934946,-0.05210535545604294,98.60194368081531,18.057160693395844,-0.0009430975707420893,95.9176729865506,1.7397838521084301,9.148726670925292,0.031501118194376676,-2.7584570111216293,5.569369802463242,-0.006414635534130207,-2.0570071715797096,-2.838714130855862,3.1924671879372806,-12.818856179891547,-2.478526452330901,-0.8018779883789229,-5.121448993584162,14.136833881064351,-1.1393708274556167
157,2.6166666666666667,35.223741745098245,-3.5675870950496376,-3.233696354843391,35.27442909356481,5.023674946013338,-3.9221402894722424,69.42815608409084,-1.0724578676929417,-0.002254456571379294,32.62960610266304,-5.391080756795561,0.0015562173575210708,-2.3099978066122415,5.019935038418712,-7.351868454776003,13.486944685761774,0.5160751734284534,-14.618077659749622,-3.7359514622546905,-15.098049932893058,13.555176187405072,-0.649203847668294,-9.295935316861401,9.977856949573217,15.090476799119932,0.02982623809310187,91.51605667336565,17.793166519776893,0.017069939618635895,95.21641597911318,-2.1125894942092067,5.7224606527423445,0.008122454001539362,-2.0550455706414574,4.420620038538795,0.007460104226907119,-1.802937829244384,-1.835683333759855,2.8451018739772778,-12.564759046533215,-2.7444412196807697,-1.0041011014478904,-5.405981131488089,14.067061781814154,-0.26598579952183204
158,2.6333333333333333,38.70972699136813,-3.05261762371001,-4.2442353601958995,34.05545471464711,4.255717152782677,-4.300457462614706,73.97363320224648,-1.5069668910246292,0.014576519136644426,31.146299582726133,-5.010497712593811,0.0038422729495804944,0.2040660972705595,5.16585755308196,-6.083390665100916,14.3610379790727,-1.5357612080137215,-12.153393889097483,-3.8705660553947245,-15.196872733862708,14.640038986756867,-0.3529366750422436,-9.427721926636625,10.778062014041257,13.943089302094947,0.011193746576711273,92.45249980882409,19.23853818211357,-0.01420692735312184,95.17325092993384,-3.83399972030771,3.787012814028186,-0.01871020997433813,-1.924724218121959,6.102795442065497,-0.0002907473347129235,-1.6798462484834968,-0.9241265788877303,2.4613996934277917,-12.908561597850932,-3.333536579974168,-1.8988819679569395,-5.626813652760993,14.125979753205629,0.43491200137548724
159,2.65,41.911354465120006,-2.062591990489652,-5.258479314137331,32.58315949683072,3.317928056457667,-5.165217129523434,77.7428345378606,-2.022120670255209,-0.007090757523230234,30.268595448632865,-5.6634329699119945,-0.004313180008326123,4.0630251181992785,5.686931846914059,-6.232323386757749,14.635519681341222,-0.04416864804299326,-11.849333176268237,-3.7170978979642837,-15.231692719033548,13.52288967959479,-0.37000407148837344,-9.550980724676457,11.648066531141783,13.654838190846396,-0.01823055752922361,97.63557962239149,21.259602489278496,-0.015075021104077428,96.67447767846394,-4.7448130995317825,4.429279755954723,0.018275430622647384,-1.9644746499674157,7.42538692876864,-8.498335446265802e-05,-1.2232317737999152,0.24089306675248126,2.286078151495178,-13.029325316981355,-2.9240691888132897,-1.7260703493604115,-6.264629885177282,13.822504361347647,1.4692006551417087
160,2.6666666666666665,45.02180387180471,-1.022255070610195,-5.471080330140127,30.727425831671145,2.425965022917233,-5.7656974180845655,80.74539035189872,-1.5092783590242975,-0.00320857633977761,29.101846415589154,-6.214242801303706,-0.0009884616030617524,6.9975459925286145,5.533719604726314,-6.537933474636092,13.236314202878184,1.5678297075874474,-12.748008640181586,-3.5457270876826437,-15.274026118940514,10.84214775084757,1.187406890698383,-9.08955708994457,11.1437594929698,14.117715240287545,-0.0026402315666128762,98.15955738834951,21.614888379468564,0.008388194233636698,96.67690468651715,-4.333140255589748,5.722279083062035,0.013187234952164879,-1.975010703417414,7.572159175656399,0.006262951116398951,-0.5179080560079682,1.41936976203351,2.0357211466859106,-12.888385599506227,-2.6959441635376615,-1.1544797735121046,-6.660546097194762,13.450660577526842,2.452164776762517
161,2.683333333333333,47.32185895976422,-0.7151879725679822,-5.633798357739944,28.410984936451502,1.9413261874090146,-5.092332961802743,83.07420083647608,-1.0211453747170227,0.0031820844315764386,27.4963182105018,-5.1924830385549425,0.005715778775436214,9.727790427769166,5.779743784872743,-6.322246323946471,10.79412696740655,1.02682801419656,-13.557937371270775,-3.7169999890460144,-15.45651434744929,9.841116235908467,2.8230651849200945,-9.035106966416054,11.240314706083495,14.244244618399481,-0.020151372534220263,95.4253681093182,21.006291788413993,0.0070184982793620974,97.91197532434921,-3.5905559485330305,6.201254516779609,-0.0050563849398420155,-1.7648842723393778,5.869276135492231,5.431588445503745e-05,0.4409935103686492,1.8630670653086208,1.4926598459082847,-12.89772053258984,-2.9140213368607326,-1.6804405594124052,-6.506109226990665,12.750120607477546,2.6620773542918847
162,2.7,49.16255132499107,-0.9164952575129249,-6.590639335661173,26.28965745639048,1.7497927688176695,-4.806136802925275,85.13093478994963,-1.4160498884119364,0.0005730097923437312,26.799780094364323,-4.462557082326761,-0.0026537816128706887,11.069938230244487,5.423532705766486,-5.619290590706935,9.045313821280862,0.8801054958362148,-13.273429998151272,-3.9516094630752776,-15.458367993686652,9.47710517799428,3.145648479960376,-9.70096988441854,12.23839613625781,14.719806739279354,-0.008561459979295097,96.75131958966307,21.334756115302177,-0.008133346751293733,100.34178868949013,-4.182677266893882,6.769996040418675,-0.0013340187312630375,-1.7918705099667722,5.268186618243489,-0.010250869551836555,1.8379542813216851,1.7063672485903412,0.8762683292957334,-12.729260556783295,-2.069791450345194,-2.209275141206259,-6.4651750467964115,11.530815438776168,2.5544830070871334
163,2.716666666666667,51.98739401690934,-1.1750196378000928,-7.941405093349434,25.64584454423712,1.191610614272721,-5.307508939165433,86.43663795529923,-1.1268795564551846,-0.0016161335276527527,26.693431427895604,-4.902325522520627,-0.00250452199762437,10.105518286131268,4.621709188687787,-5.048815627931588,9.047734425723359,1.9070848232274513,-11.34078698729905,-4.115017150556931,-15.243049975089749,7.914634545483084,3.7868739732008385,-9.982648290175046,12.193770777626073,15.917000690374664,0.012168116039277548,98.86410171762401,22.245190043400605,0.0011352425288430868,98.79897450775965,-4.248990870086135,7.862319567945432,0.004308888215563179,-2.7749009118586696,8.43906494094738,-0.004182703946186554,2.3576410878814698,2.2808512500989653,0.1657987681709914,-12.268418801643765,-1.033294216085113,-1.5689381236282933,-6.510306560626263,11.302865882553444,3.171865002044274
164,2.7333333333333334,54.34828705096494,-1.3704482499861979,-8.511705903933834,24.693069700635736,0.4416152457389264,-4.784505577870182,86.28033685137363,0.49020357911144863,0.0031122749630957676,25.0325956740057,-4.747371030581845,0.005144324571961664,12.646523870029744,3.776989670289224,-6.099447893412384,9.639636142948744,1.7338672147036285,-9.817609533598224,-4.397309890855033,-15.071099287000175,6.067421513780019,4.699277865591557,-10.086936287810918,11.950118213748391,16.40068279291969,-0.006562701349105486,99.6604819446794,23.110179109510703,0.019516041286277503,95.52973601752754,-3.642797716188951,7.743196648415808,0.0014030519269357755,-2.300652215465521,8.990082475449128,-0.023395666763451593,2.0703160598417445,3.4620022456591775,-0.6310098428356894,-11.89305587146694,-0.910393010043488,-1.0113608333557242,-6.338691058087934,11.682849568602128,4.043734801614743
165,2.75,55.279874537140074,-1.2820329961656833,-8.915864686685877,22.109050645443094,0.3992739705196601,-3.5213055751078213,85.33822707104282,0.7996622785185022,0.0005456829242914709,22.19893772081332,-4.060183751872504,0.00025513220253358456,18.440011375450364,1.6471933033071537,-7.947715570394779,9.690138781302032,0.950279916398667,-10.49711525997967,-4.440503095135192,-14.89807977159197,5.096800288833483,4.717048932583549,-10.437253802642491,12.337618659099403,15.808289284873409,-0.0004073845002005545,102.22433723972456,24.670852191666924,-0.020275634541210053,97.37766689352563,-4.069183451663924,6.416739871864656,0.0032831179289260818,-0.7054597761093495,5.011775884656402,-0.013536054143778887,2.3844315181286557,3.871180726811995,-0.8051673014925845,-11.746419378353242,-0.632139047113591,-1.135275609662182,-6.577835092182108,11.29593962688357,4.135837692818543
166,2.7666666666666666,56.556323446114924,-0.8563404798115365,-10.240934704473899,20.44698104375782,0.32794016056655195,-2.771685320343672,84.17995701926804,-0.42279357416361624,0.010736319024312128,21.11509350448993,-3.969640403239675,-0.002847513739404502,20.292448423514212,1.3535699842307076,-8.634792262420065,9.476158792964155,1.4311777818128437,-11.314496288513949,-4.174346233910594,-14.827547776294319,5.4615762594655255,5.005058479783375,-10.188660660133802,12.200197104305822,15.551241875491856,0.004706857478720223,103.59979281214525,26.469304934626198,-0.009985260493984034,102.93943567649445,-4.447646361172335,6.219240569761809,0.0011013542814782456,-0.9442778622630735,3.02209338877894,0.015894441746820226,3.029717794771763,4.281066138075326,-0.7517825288715451,-11.779793385536315,-0.1615178584101532,-0.7448269000941644,-6.980591315005519,10.929740088928522,4.250345738563723
167,2.783333333333333,58.657014851666,-0.7470718570909777,-11.967219562512842,20.573641289254162,-0.3046731468586377,-2.6862471371847843,82.20855988643925,-1.0875192368324043,-0.0061350687761773885,21.67507846518365,-4.042455222406167,0.00250559390118816,18.69981246485752,4.584599071263915,-8.341713715812931,9.586960931062057,1.7008121384149797,-10.277453453723547,-4.105251717762798,-15.030663979523625,6.5885754972263255,6.124132145317617,-9.788072534896996,12.146467715376508,16.31370742427068,0.004353855706976835,102.98544790862584,26.82942187143146,0.014861497326424227,104.61208646419733,-3.790886135879476,7.4613006347845126,0.0020415405039629687,-1.6683885563634764,3.8083484380321093,-0.0057779068424944355,3.064223325145701,5.232385388823951,-1.561911818867164,-11.7302979757851,-0.1578077570016397,0.16594813164150296,-6.567824361805284,11.30657424225584,4.8005615618127
168,2.8,59.82473531291273,-0.9176113931881849,-12.092433960208094,20.08559620578824,-0.514145030702909,-3.353980560249426,79.69134993763664,-0.38365406464326995,0.00595803960359538,21.26513277430429,-4.166789815255267,0.0016642782837821097,17.311616780539996,6.384373044752922,-8.500398207837009,9.79002798356636,1.6894368208928614,-8.95257702484089,-4.1028165568121695,-15.257143069904311,8.000926707827357,7.325257435632994,-9.861467354702109,13.166125249478986,16.475557393950105,-0.0019856571106367203,103.40756470230494,25.91265493683004,-0.006828010151924819,102.53454772427446,-3.703961905829409,8.248298340384103,-0.009412783462623347,-2.6421617514516864,3.734389052354727,0.005067368081138944,2.9945907230856093,5.702021619711516,-2.3244129931019137,-11.1858541863495,-0.25396244000299995,0.6189149264485965,-5.898145595393694,11.48006400487262,4.927460076701562
169,2.816666666666667,59.864851163351034,-1.0669872433685552,-11.315861257565297,18.29992729076973,-0.2863021665813512,-4.937808692116968,77.76424822368037,0.7552610242223847,0.0069247311610171145,19.519455083550568,-4.87596445030887,-0.005377592028593382,15.2694447701439,5.745165688834779,-8.554254360769063,9.511740023374182,2.150447030521384,-7.436016818400206,-3.954057469941419,-15.221288186787804,10.263769333120798,8.484552675350923,-9.828971342586083,13.782808002498523,15.691894342722513,-0.008980985829194476,101.89800022557867,25.553840706172075,0.0002652961205865414,100.70917664884558,-5.300929660096225,7.342371838869134,0.010707113877558974,-4.0382526427752525,2.679905137493539,0.002411714873393097,3.5126723224394683,5.91729198360548,-2.634330965441542,-10.623026832719061,-0.12169255752940787,0.6613183932555698,-5.339983060445746,11.026381733271098,4.8456491060973805
170,2.8333333333333335,60.85033389780772,-1.0595049140400135,-12.959281340188594,17.29967150114968,-0.7735238163877293,-5.398824072055933,75.7786877908566,0.3900459200248175,-0.008012832110177025,17.919511944243663,-5.054530759634677,0.00033346147043172153,13.46360264149502,5.7323236837023135,-7.223271131158067,9.15645820691415,1.6498176369296753,-6.173162348479399,-4.14270486414832,-14.987364920371286,11.140088117074637,9.505755943648353,-9.871981117291371,13.890235067442267,15.88786426240417,0.008428178620032093,98.22641906629549,25.984199117917335,0.0017376613793472322,99.62300609166138,-6.755094309633039,5.785449441458309,0.004675797647234651,-3.6373766841473425,2.4608581145502546,-0.00433891467205725,3.478221464585612,6.598818776858246,-3.027698185964603,-10.61441203264241,0.04384524945232616,0.7372882572595829,-5.076235258873882,11.200596533656764,5.351208122370013
171,2.85,61.90762540529995,-0.2920125723597316,-15.353820909061923,17.337581441100752,-1.8968604659774535,-4.011444778695696,72.06047984696328,-0.5262231589668778,0.014743397230842135,16.65266025958,-4.136004022769716,0.0012993654665556461,15.058551537821561,5.713891415677612,-5.985172815824274,8.747023536261388,0.9268054321578859,-7.040470413982217,-4.262334795161694,-15.0330156164514,9.95778874401582,10.389250927496652,-9.97355352352595,14.398367591068252,16.44358087342453,0.004593542549888471,97.87493779735983,26.39458852052463,-0.0069469467244634995,100.33088917891007,-6.301612220783257,5.202785774115562,-0.0005973561462718438,-2.2664700157729234,3.467642970524801,0.00207182094280192,2.744974483400004,7.580639332371228,-2.8430131072652447,-10.779790893487979,0.00876966311960059,0.4210974394856858,-5.537968659854807,12.028905809221019,6.1999331158962585
172,2.8666666666666667,61.626174556408714,0.37913845101062094,-15.211630179691445,16.66715795393452,-2.2647133555407826,-4.11160738835084,68.02448233265056,-0.27013030663288873,-0.007184779342213387,15.393092771487241,-3.7630280034218533,-0.002869145448572726,17.23377973336567,5.0810900545311055,-5.074212838985719,8.031498138699133,1.240598073102833,-7.38053045513128,-3.6418369922703895,-15.426380649782697,10.950565848576264,11.243325874494934,-9.806099007009555,14.220313052329214,15.868971701308014,0.0050541649726329775,97.63851562973353,26.88423699976547,0.0017629494887324026,100.82382218574678,-5.242601043679725,4.445982759885281,-0.0015220339699993414,-1.346289492454328,4.436307633378605,-0.0024058020705714314,2.7573570431322585,8.05404996270865,-2.6170970530567783,-11.070981757782608,0.15617321626368325,-0.1002829111993303,-5.495498217881206,12.20110886226178,6.384006752609122
173,2.8833333333333333,61.64708344183787,-0.03832148833721303,-12.82168795343533,15.733870612363383,-1.7627967712448853,-5.855881081025373,65.55168909734694,1.7489544407002695,-1.6706226359315168e-05,14.882809722693587,-4.167501438561825,0.0010124076385136182,16.17794086292769,3.9181296601868363,-4.343109515472001,8.169138596140376,1.4896331018414202,-5.852755551770116,-3.2313389402212973,-15.405107503881753,12.340669593267208,11.953611210010223,-9.847519942968342,13.599664058099858,15.82859340808162,0.008798195827379902,94.46318630405996,27.240710432496144,0.010307408485334273,99.01444204155291,-4.3730922733695285,3.609455949043141,-0.00035568599671976316,-0.04731144062803119,4.623728106831678,0.0019179662939653238,3.0732528989013184,7.729702695660126,-3.0698549515614335,-11.476978706549628,0.5782396408281296,-0.03655670896429946,-4.774849601748659,12.117815520793828,5.855411312003133
174,2.9,62.34151820918153,-0.16789929044300164,-10.034876463456527,15.504351613864857,-1.1559001612944526,-6.239790614994864,63.58896981539136,4.2221918993333025,0.01432012886364718,14.854969297523565,-4.149872908728643,0.0006283243344435564,14.912323154278324,2.796657710609505,-5.359800300606017,9.382061746210661,1.5290554341430782,-5.911178473033105,-3.4824054461906595,-15.001696908621621,10.20971306661678,12.421840890492389,-10.084231005508322,14.181443562426766,17.075081669003975,-0.012953077805435004,93.63550471717389,28.021161614444285,-0.0067508687303556155,99.17951062388711,-3.8933219756561783,3.865526545998565,0.0006628506206220078,1.077637354954985,6.1157527929472275,-0.0008459888965510555,2.6492389766693876,7.293239112196929,-3.0275152193795054,-11.673955566004524,0.7846348080905049,-0.393240096725015,-4.854075948638904,12.70722116138145,5.268245191153371
175,2.9166666666666665,62.87568126152981,0.39762876104938144,-8.412180100619581,15.208220320310636,-0.3520227807585394,-5.897714754750868,62.33001535842482,4.515979412829995,-0.011480564439959961,14.618925308017545,-4.053583018304675,-0.00011229602348991087,15.146254587273134,4.107684134735398,-6.657497794312622,9.91647210768779,1.7475490669673255,-7.495728002844985,-3.4915253134462385,-15.040842374873547,8.696650822160557,12.554493213886321,-10.241371598974068,16.183141964879727,17.564682154655195,0.013084998954230494,96.1484310312521,29.65891775873784,0.00478441851659355,101.07330701828157,-4.688046736855222,3.2007917064052047,0.00482415652544851,0.07984352272629446,8.889541416267077,-0.01831078092226012,2.0312106353033386,7.039540373537988,-2.365204840703099,-11.948769680783558,0.6120820669448377,-1.494464390491952,-5.369978574131619,13.341261595934052,4.6583287768911505
176,2.933333333333333,62.86947841448051,0.9301977935004644,-8.418816726313542,14.426284897439228,0.31559220374421404,-6.34813778908876,62.48485652707405,3.137431689948799,-0.004456062672294431,14.460224054803447,-4.500587615341691,0.000348756729909179,14.909176803708599,6.654550366044779,-6.51422847401524,9.151994683419781,1.853280230031561,-7.8023665251118,-3.4835301158222625,-15.365004520500511,8.923090172389715,12.540700151701326,-10.17010226552441,17.645009193132285,17.39110326050897,0.012979712700777045,97.83808456104346,30.14965967673986,-0.0017786143160275023,100.19778959176277,-5.2270777556523464,2.287104723044729,-0.0005185457246745469,-2.045725195364657,8.113645974066833,0.022683919262411544,1.7902319243926537,7.158190097400244,-2.096059839867644,-12.049352926933558,0.026457031041179455,-1.865532593358898,-5.401232603954188,13.338150653027744,4.294380892487423
177,2.95,62.31688662952577,1.626213869333735,-10.72016052697831,13.404257845415556,0.721907338512658,-6.4777106177031945,62.990832525267834,0.25121932412849096,0.004913361871132129,14.129399516482128,-4.91318556159648,0.00010949381606940951,14.29671856130013,8.026787918572577,-5.961501986513794,8.931103361082863,2.1968683801276545,-7.596588840589737,-3.6646249705457685,-15.344144914328595,7.888799115981447,12.492719416855106,-9.74615048593902,16.632166511057083,17.86598596835888,0.0018714576320683963,96.30704829156221,29.50812223761288,-0.008657475397298999,98.43922571366976,-4.54731625852696,2.827537539096305,0.0036447912702194324,-2.0251786864928816,4.2817673496924105,-0.012930909840206783,1.6365255388323015,7.391887876822126,-2.16790841932069,-11.517330146921836,-0.24433593352075128,-1.2907002729837131,-5.4622208336855715,13.209837885768573,4.158291654717205
178,2.966666666666667,61.61806587196687,2.279692369454671,-12.705691346171927,12.296072064244047,1.5589941316703928,-6.500052364146743,63.48217658459067,-2.767425244274082,0.0049257734054907,13.516252357251824,-5.133108539761972,-0.0001667458219241382,14.985058461901833,8.27482420048074,-5.467042957083085,9.694905693436793,2.642013860681642,-7.567629219846779,-3.095808166047227,-15.422464817840838,8.384103413088994,12.319258340223412,-9.667638059086954,15.77701825510275,17.89049406253919,0.0005586531995149308,95.7632561994653,29.746584399412466,0.009797236296891053,96.7553714232996,-4.872851503584977,3.0557258146542154,-0.0025642541341444527,-0.4057620610805737,2.64309707727937,0.0067513104406428945,1.5459350020959715,7.03149252838993,-2.0244232935171986,-11.098816314886259,-0.10113887684862384,-0.41246497361951867,-5.935397101318129,13.261291361114013,3.6019197163569645
179,2.9833333333333334,60.53300624525035,2.5147210309988943,-11.908155925965712,11.516526258870062,2.166644371282793,-7.299067334721449,63.60502772866491,-2.8769259526445117,-0.0008996843811766214,13.268488002645046,-5.3899337114569255,-0.00011365082365103098,15.774418775503001,7.476188122711432,-4.985841688689885,9.936525868571474,2.785327805799521,-6.811001561709959,-2.2550896370681333,-15.880345394205104,10.841327847263301,12.232962758427819,-9.917169516226016,16.980702600645333,17.46772847384709,-0.0036912951777019975,99.86054666467795,30.230788053913393,0.0014787464984139741,94.03216013214954,-5.94522019907884,3.3607129474964994,-0.005255166269339569,-0.19615395145078576,3.453026304499417,-0.00012489903437944594,1.5457136244640515,6.9093220760584675,-1.8628377952699537,-11.243317709980753,-0.5517682946105538,0.06763225179053094,-6.112720818656657,13.304658761566055,3.138521728486478
180,3.0,59.266249707526455,2.5207759522760167,-11.197144853027531,10.946186758929837,1.8697330390236995,-7.653757170356841,63.280659141078594,-1.8001540125455333,-0.0003119405328252146,13.48314104621729,-5.443290796369213,-8.461206176023976e-06,14.602144441609585,5.5722506483382865,-4.997680187458772,10.096504875629986,3.4455965279446277,-6.356556619944227,-2.115087156537704,-16.005321375940248,11.579556804687938,12.12481840842716,-9.815404768420631,17.234422887359003,17.661320991650673,0.0023092826109676282,101.4556518858792,30.24579613856358,-0.0023969137123654076,94.17889099690032,-5.691004954321301,4.746976702494925,0.0048139237842641505,-1.0000665329156344,4.799745167708629,-0.0017896469450491056,1.4511567006248824,7.51669376866379,-2.515478267423242,-11.486571413900192,-0.6261833997956295,0.09736087999793996,-5.394307970593397,13.312024079460178,3.198189851517384
181,3.0166666666666666,58.108296819556635,2.772522480873333,-11.00331326289347,10.19593599893497,1.5291431394701873,-8.119828984024409,63.21207216139565,-1.4946160446676888,-0.00020426324020360561,13.686991154190837,-5.542365388796792,-0.00014458892625072363,14.75921162546502,4.044311625806157,-5.429274594069711,10.379052780377256,4.616340470679231,-6.241827313213045,-2.2392136268459195,-15.680919879463419,10.88129366755284,11.737021217364664,-9.763439927529909,16.845648329285304,18.062575820177397,0.003915474325047627,97.56178534681197,30.23344997461269,-0.008075184197367408,94.77852734618888,-5.747973658389229,5.503107024737727,0.002550502783266767,-1.1278581876512426,5.0461041553032215,0.004330796114143513,1.3980250754684618,8.00097035203405,-3.16970982487979,-11.620249440901093,-0.00815048530831993,0.7223100390565982,-4.718267293230306,13.26144503979616,3.2368464562915302
182,3.033333333333333,57.075600596937484,3.5795749797170107,-9.87111848600212,9.788770005954335,1.4497299349048849,-9.294942287732383,62.57054743183317,-1.3335199894665435,0.0014123303014731408,13.566497675642468,-5.900753252699474,6.861427250212506e-05,16.897051080760246,4.548834459933287,-6.384155442650232,9.837765939711854,5.4143911606109025,-6.129397431094208,-2.333136678946324,-15.653570334967457,10.209929554941635,11.385286909065604,-9.744138374150536,17.55551003769258,18.680430924210903,-0.017230295709667005,95.96718698086177,29.881429300273343,-0.01516844330814323,91.23091376164187,-6.671557967648641,5.314966846394994,0.001600587632056214,-0.9707773322907916,3.6527814704813437,0.0006162006166529319,1.1898502456862508,8.454868803571015,-2.6692847204427204,-11.743774233081748,-0.4476194425252008,1.5259779991302058,-4.8089376197427764,13.46316655918112,3.2880590922918103
183,3.05,56.43081346472987,4.220553787703632,-9.193913412674988,10.033730958031628,1.1453653406068711,-8.969198554116652,61.18069681724482,-1.1526613636776932,0.0020014855811596247,13.541689221622939,-5.96057978567494,0.0012307467579128584,16.69813038221346,5.194633850412506,-7.6549342741854485,8.690958079583782,5.308313227865798,-6.463352061150976,-2.1564729870995447,-15.926192694245861,10.400512431703058,10.976795327697344,-9.235311355663447,17.27005411742096,19.04020328290331,0.013177604249556076,99.79496720107339,29.416246187333748,0.009920671420094201,90.87490015341268,-6.153417278109107,5.868156675837415,0.0014859239438562593,-1.1227668812363103,2.6940114660592016,-0.0018443250066923166,0.4720126768543909,9.27783398997893,-2.5926534486240778,-12.109377491267228,-1.2282100503701094,1.3614618324365102,-4.475963595198762,14.066644278480426,3.55495189344939
184,3.066666666666667,55.533225328492584,4.283663232625547,-9.23846281724001,10.530824871601489,0.5586159727407014,-7.407226592777689,60.27446604379394,-1.0138093773623282,-0.0017239128933450316,14.338711799129173,-5.64015690563423,-0.0021152342980361206,15.464657425295945,4.684796198202559,-8.034651116253432,7.210672847467521,4.892548902285223,-5.878018649332192,-1.8135741034134087,-15.881559261714383,10.44019345847418,10.273520022728524,-8.848471630419416,16.804460200498166,19.05670675609384,0.0007626553242959638,105.1133729067967,29.25159653315385,0.007307917093438983,94.22252012536224,-4.524486820585307,7.063827625638119,-0.0012183322844482342,-1.8326974381519154,2.240299285804936,0.002455745556252652,-0.2766933675278815,10.1728631551119,-3.4904168138360863,-12.870312946980272,-1.2967715358237608,0.751400405897683,-3.3208954665501205,14.553891771723455,3.8587691504356387
185,3.0833333333333335,53.6722612406297,4.470704821314025,-8.451135333883856,10.62411827573285,0.010103105480525652,-7.248013575000756,59.33094076987911,-0.6223754339114485,0.0003781331977368133,15.358710620442423,-5.652863730752058,4.0936810992917525e-05,16.29124681970311,4.220627321923395,-8.011318367450569,5.625167058064185,5.421138049606261,-4.473735398147212,-1.987001255330089,-15.442311489281465,8.526213134537485,9.633443146774354,-8.961748871442218,17.722710574804204,19.78577946068558,-0.025905168033043973,110.03904115988709,28.84173792402328,-0.011506004267515713,93.13118059132205,-3.4394194060467203,7.747215999300811,-0.0021154736250328676,-2.846613776500981,1.9167690451567576,0.00010258189635789471,-0.45325978141224194,10.838568516073444,-3.9114580094173714,-13.197024136586998,-1.4029846159209731,0.33683326451692785,-2.4094216581803836,14.528104897441755,4.020608624162301
186,3.1,51.5892942293349,4.974344965054993,-6.915906540033329,10.408317492074115,-0.3621534758165957,-8.115830848766905,57.87590239960488,-0.050123581395408616,0.003829957345032143,16.074805744393235,-5.800155604374774,0.0038967115358708795,17.786262215063953,4.66587681279447,-8.457629816613416,3.7299097942955837,5.895467950908134,-3.222794052669215,-2.2409546247590306,-15.194865113752956,7.102419660047979,9.022514404698745,-8.742602269704191,17.218768301260692,20.364485525989966,0.01971137941156228,114.93135445959288,28.0384155147453,0.009797196646506117,91.8895237636522,-2.6884984498753832,8.318522656188938,0.0011833311107129964,-2.713157373098275,2.475133927299244,-0.0029226398271816954,-0.484794317790839,11.400558855980528,-3.8921329633890394,-12.415898339409443,-1.7070563437955402,0.6110337689254691,-2.2121615662247254,14.279374866010711,4.037619908763697
187,3.1166666666666667,49.8161012108032,5.601415737123564,-6.488723256109444,10.901828216524837,-0.9664660827756392,-7.654682044551774,56.26846678166378,-0.24038411902642165,-0.0031962338514985775,17.537968047929205,-5.024691967834729,-0.0060678206341107975,18.296608071756317,5.852165618581885,-9.014189804725152,1.1527494158083647,5.123177537371549,-2.2446815501728046,-1.949254837350889,-15.384372956017673,8.080492869161489,7.938228736001557,-8.44052493531282,16.120698554100255,20.157191437427777,0.00657485491014962,113.12566471881242,27.390040973713234,0.006127610165399164,94.65167172217245,-2.158880888508436,8.363454529164615,0.0036140532745423106,-2.2164161371369104,2.2979250642353457,-0.0015153353363040753,-0.7830188414278946,11.8663602283941,-3.446176777349887,-11.506635600379486,-1.9966951521322793,1.0438672036571264,-2.5664097158926515,14.330124463861807,4.130220125770251
188,3.1333333333333333,47.902082836278026,6.24881703795367,-6.800021653455554,12.023109124558891,-1.4338896228694054,-6.20330045166402,54.30073409864536,-0.9698267623574461,-0.004165183108543203,20.091819631517293,-4.080489778338917,-0.004208458303417693,18.731315822650508,5.9150481511852115,-9.7970003255868,-1.5420688644650176,4.423833481871001,-3.3403600171272774,-1.2151508107255207,-15.523863068192934,10.160526376196842,7.013203569899633,-8.797199454998937,17.18949276615934,19.660355503259748,0.011961439384805374,105.19969764578518,26.179571556612547,-0.02435117662306092,95.9637541670425,-2.7767054911515845,7.222533394277206,-0.005580012462813113,-3.273570764379713,0.7090209348465315,0.007733046519025792,-0.9552364704136592,11.750004104563748,-2.405447405218129,-11.133249150236937,-2.0385374708286204,0.22002201076838743,-3.166786167120892,14.485828467873697,4.110933401242944
189,3.15,45.98086734356561,6.112534524926145,-5.7848242822527975,13.420913161561929,-0.8135766592908372,-5.754380522348932,52.47970797249232,-0.6323731045425861,0.004622759609727636,23.561113586021666,-4.443103269645743,0.0071682002336682475,18.650088512934282,5.64130163323519,-10.950110892568466,-3.2748844048496664,4.774367093987336,-6.074796628867672,-0.46510048820429467,-15.519364772169665,11.462913781408414,6.825615395706559,-8.775180445687566,17.616040319130178,19.362037727400825,0.025194825860184556,106.68793209974685,23.946529282731873,0.0004049776507367917,95.60596335546118,-1.6472539834190758,7.176713375563526,0.0052945738761337475,-3.6056163415806726,-0.424631798558533,-0.0034558176041054856,-1.0343093255272597,11.122673747796945,-2.0454802123560474,-10.701409614116708,-2.3006571252807504,0.0466068228121341,-3.3588722163016165,14.425881293594717,3.442366898019651
190,3.1666666666666665,44.67596202212297,5.169297662564961,-4.290820708914722,15.3259230360919,0.2623580515571805,-6.170764498009381,51.275414094185734,0.43997575253286414,0.0009223165269387697,27.475722405321733,-5.341256350350138,0.0032148124547712147,16.759917353645353,5.853854847147014,-11.22787117562501,-3.162430426459226,5.293727928226087,-7.921102716187043,-0.18624044762755,-15.36632683236551,10.574543572960431,6.18926311673322,-8.25978645340877,16.684392006231395,19.853710213149593,-0.0198661135652831,116.08620302150999,22.83992309429513,0.014159818598537724,95.54823955753255,2.5522983518431928,9.098964747962794,0.010974037275309026,-2.5962827031799875,0.2715395641026312,-0.0026661811986359325,-1.4003936321062458,10.45061016063383,-2.1693612334905716,-10.159341462389513,-2.70087698366549,1.3209035594998757,-3.1395462190703243,14.497330212085343,2.4266932805462655
191,3.183333333333333,43.59255051658507,4.416097372232647,-3.7033776275692984,17.44223617052605,1.0468034945450104,-6.430029653495211,50.0009561713447,0.6563202697027173,-0.006264923323924119,30.953550407029248,-5.3403942517359075,-0.002479305328007371,15.823770607107257,5.100337471260494,-10.202191514019859,-2.206082478801011,5.26532000795034,-9.915578953855883,-0.15302736607581008,-15.132526760874365,9.983912651363191,5.126616112844744,-8.226311627501216,16.58276807131337,20.328837842634908,-0.016082453310543275,117.04110138343701,23.194653129310293,0.002880026170292063,96.15542972806834,3.0052150321910482,9.745838847147187,0.0008143526799751999,-2.915598194374699,1.9539500342800833,-0.00649961352400118,-1.9205549523838361,9.43719643596197,-1.4193251213156914,-9.987448345667186,-2.115270136780843,1.2917375872034926,-3.315954048239794,14.838555581714843,1.5028196829371765
192,3.2,41.48893892541568,3.547038347505828,-3.1144993142208395,19.567229065022772,1.94511658698192,-6.792785571630051,47.51341461235255,0.5021631224283891,0.006450546582846392,35.10287912337536,-4.649531757836763,-0.009533720828417368,16.47939254027404,4.61935141326813,-9.692959584725934,-2.610866639747441,5.207683154441342,-13.186975433052819,-0.010799558980694951,-15.454279012254148,11.647823504808056,4.822542954871201,-8.232365029000283,16.47124894052737,20.791486433379152,0.003261893828515086,109.768481724171,22.803628412656057,0.006122979483908341,98.27657701189509,-1.2447332527016577,8.029707902290866,0.01983254997128866,-2.7636387869968684,2.0767483745191706,-0.0013770574785064744,-2.0507280577519666,8.062082977343332,-0.5957374984353967,-10.104167311153846,-1.6206034710888297,0.5271432577051917,-3.511009385485529,14.92457295220058,0.29843517853767293
193,3.216666666666667,38.69286219927601,2.6585794672865,-2.0394850047021187,21.83519554654662,2.744961816272902,-7.816446495028305,44.272832066710436,0.5415166678875467,0.003859365610506094,40.86191739383222,-4.344397009716993,0.014151494290916649,15.220397945872653,4.048629760598471,-10.075774737035928,-4.482177303081308,5.453194797376891,-16.131810024846843,0.2692583892378834,-15.871623767494508,13.099549203906614,4.425937385424782,-8.194205621915076,16.322867806653253,21.577166482626446,-0.009567042628266745,107.18271033577075,22.280668103020464,-0.00011518198881658456,98.65193545091377,-3.9483317443454733,6.205397326466192,-0.017868914629590425,-1.111010293683278,1.6066818614772627,0.0021561329409326654,-1.7052163150591224,6.791498814415661,-0.23934896609007078,-10.16287429280113,-1.908452981283668,0.27550571234385024,-3.501808368573677,14.57693717394232,-1.0134297078317807
194,3.2333333333333334,36.94291072802284,2.513841049716529,-1.350411561070165,24.650070528057476,2.9186620845697644,-8.837439812161513,42.04396112539564,0.04636475705567174,-0.006961231739325847,47.31782102880277,-4.371700365061776,-0.006813223428889534,12.412263430985414,2.28986374067371,-9.653586849606485,-5.212302477313064,6.011786010483321,-17.693707500585592,1.0229742356883287,-15.615912882194372,14.01709240317327,3.4562075767288425,-8.47438641397345,16.446297564661098,21.41958725330828,0.0031502771011449045,109.42351671226979,23.028918180327565,-0.004980675497230355,98.259157750339,-4.7943115906834874,4.569329549177409,0.002815402674719981,-0.6774621321740711,3.547698520564326,-0.007123397903352521,-1.4566656120804182,5.654007130189565,0.3803859604606664,-10.373823387194212,-1.9417619433021236,-0.04939177095097002,-4.0085550046025125,14.404467664583336,-1.7854754439119027
195,3.25,35.63861880512226,2.517289962587433,-1.5694384717846612,28.0262789028958,2.607988211827638,-9.515887048277014,39.52248462478248,-0.37627868110690954,0.007493126964756824,53.773128236018714,-4.433512873656742,-0.012492496872606482,10.576454131783164,0.6241148849812561,-8.45642311370618,-4.543439280182381,7.128699154641861,-17.955092138513944,2.048456205507056,-15.684317025304138,15.768317856213072,2.7857275893458615,-8.651777367746114,16.385201084523256,21.143017513871033,0.024994410584279605,107.67448856669498,23.69791964852018,-0.0035548167435494045,100.05836437896501,-4.432594999202894,3.6031798704682303,0.002828854121347954,-0.7337608207083478,6.32350752041167,0.0013436318458300495,-1.4364219252348374,4.957004017777031,1.2484761690056416,-10.526879253054924,-1.8687685872977544,0.19691974326055903,-4.757374625256697,14.567206897102869,-2.0619248716288854
196,3.2666666666666666,33.762406700281346,2.3789078110086033,-1.862933579738594,31.64364689894754,2.0585404505233846,-10.40150040767597,35.48407325729061,-0.3642217492691574,0.0011291136720241923,59.932995111099366,-4.736856314536054,0.02931399187741228,10.226523342752824,0.7341909719062237,-7.486787014222074,-3.936125192044667,7.676774024941742,-17.348907712558095,2.5302170790440477,-16.311266882191735,16.720588316826802,2.3802958432256625,-8.43553849927556,16.051853220230694,22.286012062031357,-0.030026757008360726,105.4410518220153,23.296386793955286,0.000561320553251323,101.08083954477763,-2.2498646394692456,5.027969598567938,0.0002536296544882913,-0.19560768014274138,8.376653565148688,-0.0019755702927272438,-1.6800213358961213,4.731533293626484,2.2786848531922264,-10.324033327788976,-1.5377696236887468,0.5987023678360632,-5.297509431853537,14.853923189914477,-2.2081808124670923
197,3.283333333333333,32.23736810026521,2.321775485111995,-1.5084445820570058,35.11553168965549,1.4061278620356128,-10.146745974718156,32.27626986038376,-0.587290405986188,-0.0058241266937294565,65.38859357436164,-3.7613815660642427,-0.017193254939656857,10.554248776943806,3.086231223791696,-7.08710600492669,-0.6311590706766196,5.801375217229569,-15.923780754038283,2.4576514162740777,-16.349132685067833,15.196551106797084,2.1848485426001107,-7.837423683276778,14.749943410268573,24.110466115980827,0.0009754379622527364,103.43867448329607,22.396097133970606,-7.819580679365554e-05,101.00073080626248,-1.7482865225233477,5.427202683407538,-0.0004213224815771535,-0.39456591235373967,9.227739375963232,0.003291021673545365,-2.1055940698521285,4.548699233174446,3.065959075925517,-10.598936236572532,-1.2792416047203228,0.380113379222836,-5.465890282445365,15.238895240076907,-2.3419764554730396
198,3.3,30.61570949210497,1.6173875691895718,-1.2141613572665428,37.30802941693895,1.3573300960970063,-9.175582428677291,30.843672969943793,-0.3311347447035439,0.005396004934424494,69.75432451363395,-1.9544360883745509,-0.018590295794984512,10.323886470945638,3.8097282291479835,-7.171755320966339,5.6512887310303705,3.1935928955933703,-14.415426579235634,2.486914144238042,-16.085476276769544,13.052574207551785,2.004904759145171,-7.598552917953026,13.846948313250598,25.533671517319416,0.04681671196846545,97.306500564303,21.876036144016826,-0.002241292880798878,101.21858666451799,-4.0757680934558405,1.854925692747183,0.03463130252596569,-0.061323986097325305,8.006863210252588,0.001283157308560519,-1.801154766153624,4.212026048196651,2.965226570120127,-11.030586627134456,-1.6126884827525096,0.243343894002462,-5.053446478275719,15.007914845184066,-2.6964026248622313
199,3.316666666666667,28.752467012280867,-0.25920549656517655,-1.8300927674191505,38.80158601581846,2.4707884302916936,-10.735119891380068,30.769673991590896,0.6102954125463725,-0.00046508611934502776,73.61364245727344,-2.893905943929058,0.03306205793399446,9.64428092813478,1.500559101616997,-6.635024063978057,9.572975549895165,2.9698991416090585,-15.126279988503763,2.7489317738668646,-16.057139770136004,12.460134951330573,1.6877718663150987,-7.982940468618674,14.498952705968813,26.407465792171905,-0.03465281769471472,97.82610879926398,21.897316561101356,0.00746437591115438,101.18939852657861,-6.109868313554285,0.3270797556517984,-0.030014867330188297,0.6275512596365402,7.885256178334553,-0.015059397484995395,-0.7654185593534235,3.2101738167553493,2.1852874194130236,-10.963150625415887,-1.313377801303516,0.09466921801144156,-4.105999930528513,14.047904101210731,-3.8309737830689325
200,3.3333333333333335,27.63205848293444,-2.313403861082578,-2.8399180362221528,41.3445172943118,3.967658702816286,-13.612586506186258,31.032101821953574,0.8434575565971368,-0.0026996557803208423,77.33421905100505,-5.451687616253279,-0.004901895480644088,9.278632596246148,1.3064743082894825,-5.793920778882673,9.665802371132777,4.039988107179865,-17.06428164363695,3.0659338892556804,-15.956883945494816,12.758232432452793,1.7979555446950417,-8.185709287111996,15.833016424476357,27.273025582417898,-0.01003233483165872,104.28085637525139,21.22266714782795,-0.008733109088256951,99.43961001075338,-6.129759177245835,3.6496081721578695,-0.0020277109497172994,-1.1665044202278116,8.584600133644868,0.007172668682207698,0.08407843576189498,1.6839020893280474,1.492472940491345,-11.077495867677285,-0.8774413187529813,-0.21607024956148121,-2.9719907197174824,13.336204570547542,-5.493444596643002
201,3.35,26.4837181523574,-3.4192662477245896,-3.2287731640551764,44.30872175779911,4.990322527755719,-15.113071479608786,29.693352359970074,0.34321279465024673,-0.0018833005247561603,80.31558560274843,-6.6470239000355935,-0.017008723982486852,8.641646564534964,3.803371191773238,-5.459784719429665,9.418339545561889,5.576210310719173,-18.926742588198184,3.6164601547262367,-16.105160191857838,12.583228510228858,1.92946686394013,-8.411593602104649,17.67486283518454,28.37354890887171,0.030972841407585355,103.32728188908179,20.10445168177038,-0.006349883805044528,95.82679662600619,-3.927240822759752,6.0153457040343765,-0.001611205669600439,-2.4390597861815335,7.311226895625971,0.019618884874769267,0.7915831540917213,0.6556432869397536,1.4280097863887864,-11.04964778805899,-1.4583276359075577,-0.4824528162717328,-2.332948219330142,12.857487823729493,-6.568855891308484
202,3.3666666666666667,24.90999055958658,-3.824085303099265,-3.3642314931987363,46.74196025060513,5.4928864751495405,-16.529357155545085,27.61068846810061,0.15064196130327,0.0030930370594324397,82.6473031644255,-7.688373962597568,0.015592361851291587,7.580896507387157,4.468418265288546,-4.11933608167035,10.627876135514267,7.281425911342987,-21.32507658231342,4.288592712548658,-16.521310016673304,12.116556845405137,1.9878285419471176,-8.667194005018553,18.49810563100543,29.695245448116076,-0.026555282304190894,99.97432344911094,19.516836473665418,0.013349851416369294,94.20260173752455,-2.3605748990701745,6.011856465612601,-0.006399962983477257,-0.5634758399576277,6.113966171365458,0.004342775671829698,1.6462565458897462,0.22424789983736362,1.8166567148797095,-10.898769414355694,-2.079194625382433,-1.064943400350686,-2.5819585773682148,12.31690744565555,-6.88503611966328
203,3.3833333333333333,23.420135245248492,-3.980936093233882,-3.5037675643756043,48.26626229485008,5.303988918017843,-17.706487775008405,26.339037540579827,0.03934331468408797,-0.001716421084571563,84.30073385930935,-8.250549226859466,-0.0001815715642030398,7.16297257794939,3.750843252948721,-2.757655262189991,11.532723425435595,6.092097166560979,-21.447456112395894,4.6487469710255045,-16.628772675353613,12.246985803191187,2.191392977740533,-8.323183222892606,17.283282725041353,31.066767226584933,-0.0004631131108663407,98.75922442625482,18.887037936295588,0.006545035228181833,95.09993147944276,-4.052072186923936,5.609126306531911,0.005396788337894885,0.1818187587881366,5.188459184805146,0.00623540028682759,2.4398344138027785,-0.1779393354407817,2.319081999254522,-11.18029865110943,-2.012701998027737,-1.5065456010188214,-3.2982587660904428,11.901455427309328,-7.081574123964386
204,3.4,21.87236713566162,-4.014557371996807,-3.485383305374897,49.19386012306178,5.010071463311102,-16.554262232349256,25.108865587650797,-0.31181879631764486,-0.0007696769355009318,85.09403826869033,-6.769630359502992,-0.0028865198854272135,6.9670606701853535,4.155921927220388,-2.9852285611292855,12.580881577751098,3.681134545836444,-19.505789051644552,5.081762636908639,-16.525258055785255,12.755496736590196,1.6518534509164278,-8.11944122783413,15.773827036856686,31.748938974525792,0.008082867122279624,97.79411385529762,18.868421190458623,-0.011226661065110144,96.05690749486101,-5.8075403324821595,4.656004862559423,-0.0026142736640515497,-1.4851331183030378,4.186049204366027,-0.00147493676711916,2.9753413388778736,-0.6010239094269031,2.471939997972375,-11.29628455339437,-1.6984661954599565,-1.288938893973732,-3.590833951210436,11.56343649879833,-7.297736335023009
205,3.4166666666666665,20.02641358789186,-4.209503842118007,-3.9913467138366787,50.94600932079619,5.456194047985174,-14.64222621819273,22.817500781925368,-0.49050784917155127,0.0003825328158945895,85.50097207925948,-5.198085718837105,0.003983826547193589,6.217692256316363,4.279075681025427,-3.015192205147441,14.135557632336265,3.780370942657612,-19.33843277974937,6.014114222910166,-16.480381770782223,13.245831830065079,0.9116111468035496,-8.390296532177203,14.898090305929268,31.66762437237115,-0.003399734414316771,99.55103322525959,19.455030635182855,-0.007156214625319039,96.98269275087138,-5.0970539125145775,5.033292360039267,0.004865210995974569,-2.0720394145275085,3.5006154591074328,-0.0078144529966647,3.432515744781956,-1.0236030930735107,2.305488216709623,-11.467199613445796,-1.65434822931923,-1.075394846015256,-3.342073760155133,11.338286742788824,-7.599637609169213
206,3.433333333333333,18.154222226119145,-4.366183532594381,-4.0428520584486884,53.185042580476065,5.985056928279986,-14.35193429257735,20.274830286759865,-0.38678166449885815,-0.0013634072176335408,85.2923109560149,-5.0230138931639114,-0.0027568961393985947,6.145141371386093,3.8776210436207053,-3.2752447108549423,13.652781195740946,3.9347574506856957,-19.79913804141342,6.798053743210594,-16.448500396735934,13.651375003084162,1.0718680617767289,-8.520434991021405,14.807163036277199,32.022314303377726,-0.0028212806326896782,101.14006021007971,19.319301247510005,0.004051331072028519,97.74080971407571,-3.9979873858873143,7.008998975503249,-0.014227284073610421,-1.0717851090982955,2.4407902926893055,-2.051949959804449e-05,4.152241191569198,-1.4049112774246642,2.602597512861319,-11.875565585396604,-1.5858441270635484,-1.1533481081322299,-3.257143370439733,11.182701573465087,-7.909053882225433
207,3.45,17.19938362080334,-4.632455147807658,-3.688814269004036,55.233721110501996,6.349820058358153,-14.42740770097335,18.99080577026523,-0.184763193048212,-0.001001987395354189,84.19188316947809,-4.994138531376907,0.0006564201743754642,6.6096017269019365,4.534647367842957,-3.930682229548598,11.948888797270902,2.677196336365647,-19.60868425166153,7.002581883425896,-16.43268906289891,13.476959887428869,1.3030260139597756,-8.657838577604808,15.384961392499036,33.14343661008225,-0.009511734997548819,102.02885674629908,19.31184510287503,-0.0035245885469908874,99.17226491033061,-5.073075014361983,6.441020285066125,0.01323150019725885,-0.7689402659299968,2.54225048115141,0.0037488815787149526,4.582820805718293,-1.6547754664245016,2.7595639828493344,-11.946903104908749,-1.4362333275399355,-0.9117589056546966,-3.1079697542039546,11.285008525723239,-8.163777999144347
208,3.466666666666667,16.816457917431016,-5.387016160518311,-5.099911249640981,57.44871230757886,7.15720704847851,-13.584034595067301,18.230433039425108,0.09893613544760833,0.0001605319758799272,82.97384490116674,-4.429509158354357,0.003062062892557405,6.017844461184238,4.927707879194919,-2.5310859718560894,9.991251601251339,3.2604080817192367,-20.392672064379678,7.129622493029933,-16.518037176389253,13.351657319029986,1.5751487432608828,-8.851123878930304,15.882581661906581,33.917853294101285,0.009759553706899847,102.9667283624681,19.29957014948747,0.0009954236339965875,100.92490641623898,-7.966936501597149,2.3822022466033244,0.025294499773292855,-1.4684834422573518,3.6118067288649516,-0.0001413776061650077,4.661971665358668,-1.9328602191365465,2.1724026781427304,-12.254404088653898,-1.9857833457003742,-0.5414804473325914,-2.666501787371829,11.65424759395374,-8.559787204011975
209,3.4833333333333334,15.939234953583256,-6.037593765147113,-6.644357792001177,58.8864042353969,7.453466005083923,-13.357779345673178,17.31309446603432,0.5972609870731546,0.001066981385771837,81.59369191251734,-4.183548253717418,-0.004960631252270629,5.47229432517635,3.8356633814770427,-0.9535418849457058,7.500328533505789,6.337056112338527,-20.914800523335515,7.67887339931591,-16.59083854668662,14.305548812489748,2.160186800621024,-8.949455978389341,16.652783638631067,33.802581778724786,-0.008925204940934557,98.65667930180328,18.515134888189404,0.0010929311583658685,100.49374699476527,-9.392770833636584,-0.5902262936414204,-0.036175262688605395,-2.3295039940649898,3.412651700211813,0.005494352322964964,5.239688886011054,-2.327383056343962,2.2140719173816334,-12.861108883561828,-2.6877470990230665,-0.6136240548567922,-2.780343573884489,11.65709254871259,-8.775987671140772
210,3.5,15.054486912957502,-6.084514414408085,-6.9053164735381865,59.20379903888092,6.955077128148326,-13.877494600578155,16.539414315698167,0.8030994256330642,-0.0009694566512557859,79.04016054497536,-4.156438225459135,0.0022983781496915172,6.13852193519229,3.033250536546449,-0.845897501176173,7.557470894255172,8.938647484725525,-20.532133951051165,8.56765500275194,-16.4917879354337,15.500410931947442,2.02969700244114,-9.370921308848976,17.483835358557364,33.47179839821782,-0.015671383286526036,94.68440871240195,18.56534410712986,0.0062387402481836425,98.92510456075493,-7.907101645040113,1.259721522526473,0.0228219192608302,-2.3230596835140256,2.9977261670568227,0.011912866660525125,5.654431423678511,-2.6725000443518545,3.097924654440355,-12.918786544566874,-2.689815787702831,-0.49163348827410325,-3.3154392091891296,11.604959471945927,-8.586948735763059
211,3.5166666666666666,14.362990363305896,-5.6793995842718825,-7.422675523257302,59.261014172620314,6.628335623555114,-13.469901495079462,15.494916827534128,0.4596688896980313,-0.0011959054875080608,75.70803540162012,-3.6650031063883457,0.004906584596182436,6.21033279858279,3.7430226565109876,-0.06810222944164718,9.746197603206577,9.118038654560285,-20.795832384710415,9.238102434199345,-16.41283027078205,15.802083755758828,1.5225333188099506,-9.757048712435545,16.967887384589872,33.43525134946868,0.00042345035639649746,98.8190203097422,19.313152716481735,-0.002937641221385466,99.49563167075432,-6.618215161750223,4.473160448783559,0.0046899097015459705,-0.8869605484661767,3.5522251329135246,0.00912511556412778,5.5345244766172055,-2.562648283170883,3.5872399084297357,-12.947952141566116,-2.6935941348639134,0.09202362544318873,-3.5587387238938684,11.805245656896808,-8.156524985097276
212,3.533333333333333,13.514208835029711,-5.408079692472484,-8.161322905716448,59.10696736892338,6.427927645518333,-12.991367323203585,14.642455037129304,0.4616879857777601,0.0011893014646092185,72.52045276083743,-3.366004215867078,0.0003407727545647958,5.096401059050608,4.855121579623304,1.0638022412919594,10.52218813315819,7.571985681436702,-20.027925062395976,9.463932844244473,-16.4055182090196,15.347835834957724,1.4031746702482892,-9.619332466151373,15.935276659816454,33.13943566408041,-0.003914223236383345,100.93008912004393,19.62575773060694,-0.0005985660528055966,101.0492814113992,-7.5052595829941025,2.551386346902861,0.00814724026141987,-0.10864217007739183,4.218008829893613,-0.004841777675773861,5.836828469219826,-2.2809538655618766,3.614698067943163,-13.298322288600897,-3.1367265813127156,0.5211762047350904,-3.676405211144778,11.716583064150143,-7.8301201344504445
213,3.55,12.833352542227079,-5.629482339693513,-8.79910355028853,58.98868758931459,6.479194897341977,-13.533054349422484,14.404331561113567,0.8943293495254293,-0.0006749164436325274,69.64060612678523,-3.7037914440720487,-0.005152475058953668,4.708273633593387,5.168401184430682,1.4366015128715477,11.104308976652153,6.5001437286176955,-17.201200740215405,9.395955919745901,-16.243781090753014,14.71761086245279,1.1916841433317007,-9.582915993970488,15.517792449362215,32.64206572255566,-0.003939934725101383,96.07013616688329,20.08417875497407,0.00022608822496408091,100.03912661920285,-7.3667006115290965,-1.0800267776165213,-0.003294876023413836,-0.11444399060751767,5.375465868953024,0.001381568767411813,6.16007632563616,-2.4050822371972154,3.495097030076587,-13.000794525110141,-3.3715220212043326,0.6490814417984524,-3.633937385233503,11.691100929489673,-7.837420351283813
214,3.566666666666667,12.518036468658416,-6.083169617573241,-9.069997551023613,59.19557110089139,7.0728485003243495,-13.363846195181688,14.061222780545119,1.1083073318550094,2.8286198111874053e-05,67.19377179259071,-3.2244423755885574,0.001733264522179676,5.34448048175973,4.955488183923531,1.0076376177756934,12.4515833720693,5.909133335249034,-14.612086407041916,9.302515133451225,-16.057648312995617,15.051718988536733,1.0660931103008762,-9.527073179241707,14.660113138451116,32.54971729313646,0.006675532154526342,93.2935508053468,19.943362133767405,0.008346662710740714,99.19614330393536,-5.943935968814067,0.29189783541525766,0.008921422261940119,0.26492729092466555,6.116714500689874,-0.0033228729764748915,5.8289679363808355,-2.7764789390394293,3.1603609539889352,-12.221735931840497,-3.488901937037901,0.6437417890265427,-3.279393811484919,12.116874648503703,-8.103065761767361
215,3.5833333333333335,12.460774901119784,-6.4640363335048185,-8.798316489046474,59.25582768594606,7.5716137441469655,-11.844915916967068,13.666675910473248,1.052596117377883,0.00046526914994207035,65.09756819790768,-1.2769766985616986,0.011082130101209217,5.442212614430448,5.073402006109292,0.13608586882086623,13.314447044129816,4.64132569352023,-13.631613310595549,9.441270160459961,-16.057406462048036,16.499685695059224,1.3102384627672075,-9.166869923679961,14.101571918526844,32.58327301967811,-0.005407955444280945,93.44413333341983,18.77468035757784,0.012658212754834763,101.2983115388581,-6.477114825155883,2.515334912740984,-0.009790866840450602,-0.3320891905391201,4.319027616154323,0.008008021745022605,5.446424871137755,-3.1554647293650766,2.862217187015052,-12.04667204967215,-4.098970636689452,0.6334574100562568,-2.9914248107884136,12.523744496754315,-8.476534637556053
216,3.6,12.311418686956692,-6.345173073558657,-8.982768421140142,58.89252477322376,7.636870952449858,-11.473927164691693,13.379597106211532,0.8903764145319142,-0.0001317726280667422,63.624494103328,-0.955915063853003,-0.007311612322024918,4.842129672598573,5.673956147443452,0.1805868389109289,13.740727876271562,5.00235218202707,-13.402628729684324,9.14849194747839,-16.31510775008981,17.510336690391252,1.288126239823849,-9.234256217674117,15.038243885260256,33.12703851768497,0.00023667627350945568,92.6733264194932,18.2646258830618,-0.008185328860268593,102.38581558566683,-7.0665482172169725,3.195815425419718,0.02504637115127491,-0.8261071431811873,1.5011895591712856,-0.011403681479390726,5.323533782704652,-3.215193698182912,2.918241196745289,-12.128318433874343,-4.2128705391450785,0.47735947194361467,-3.08049768177726,12.797013661936724,-8.369326755839245
217,3.6166666666666667,11.533830071635933,-5.832887338060976,-9.436452405254805,57.932568301970534,7.5233285982971765,-12.379724212524557,12.93788000884399,0.8444825205974253,4.3292040919311015e-05,63.18968531083237,-2.777309885666252,-0.0013995692588358454,5.561434203224753,5.36414195997585,0.5959768089850417,13.646315510742614,8.101835019580445,-13.346689612634481,8.278700062226102,-16.810060188700483,18.201309451550337,1.217804589353588,-9.508538431178538,15.356685077775943,34.182734896306414,2.7349790424349618e-05,90.03362027741034,18.34150513284986,0.0019253498138445437,102.15856283544899,-6.890795584416451,5.77315610292744,0.009473083743277683,-0.24326226584636745,1.3918008728122129,-0.020243319738640565,5.445432013237318,-2.927465102340311,3.325038041766726,-11.853747552254262,-3.6022455897485903,0.3017119661794985,-3.4550487617749877,12.860163075456455,-7.707079470334866
218,3.6333333333333333,10.407703836621087,-5.331243402563713,-9.343630046320085,56.54522920828078,7.258002796201313,-11.945085931912814,12.68565961908248,0.9531761016261956,-6.329413321496888e-05,63.13066853004455,-2.984801050461632,0.00124848076791136,7.0933507908391995,4.08219256050212,0.21998723635533604,12.77372535602325,9.208875097907349,-13.912002150739584,7.754177337791495,-16.87244238521141,18.477568513074193,1.6325401268077897,-9.50136255294475,15.107744809045938,33.853759836860064,-0.021720408848923893,87.23028233020405,17.955801310313785,0.0007101811061480709,102.10828476094424,-7.607877524749701,6.584237324486864,-0.010572571040383616,-0.6029948150307735,3.3586522698321475,-0.01897092075544753,5.741743979202276,-2.811676781564383,3.96801433128207,-11.336950273635907,-3.415457161737609,0.1980308060161293,-3.794029612524938,12.599758811554992,-7.087920503755013
219,3.65,9.579665728487294,-4.9343208767562645,-9.030192016575555,55.35849057289332,7.307966247498159,-10.553295079460971,12.57315379473515,0.9743075509531349,0.0001691086476273678,62.62689268073081,-1.8956636747428668,-0.0003071768271474775,6.790702630186875,4.430632588220763,-0.5329758237150174,12.687211584272518,7.423681037275245,-14.261609245795036,7.239109757966497,-16.269119185942678,17.289298013226848,1.9077526025843452,-9.593098277472098,16.17138042040289,32.08100519386311,0.029076862338672366,90.8914817163953,17.702819976701697,-0.0018104746966099013,100.1760998392896,-6.579729776981516,4.520021369549074,-0.010490263919483746,-1.6957127957538043,2.7492729608752673,0.008568255739705231,5.591030448087728,-2.9485733823551783,4.402175566936839,-10.359874720274531,-3.209887379409566,-0.3847018603022516,-3.800510644579315,12.532263288648009,-6.738974456488425
220,3.6666666666666665,8.98259013650818,-4.777314482346853,-8.74143814254165,54.36516528352211,7.971455710835374,-10.136669920838806,12.232121223004773,0.7326116358489593,0.00027776821892264137,61.794952429765516,-2.1215987429104803,0.0012528358090988245,4.9329790794879855,6.228163513222989,-0.8759810202402527,15.01966061155655,8.14732064285607,-13.527142664697209,6.255316582808135,-15.939451498096789,16.693805678727475,1.6763123186559354,-9.593841204480468,16.374671927145425,30.980956062995226,0.00029661806455802647,98.8102474470874,17.886754810879612,-3.1051017046608995e-05,99.29049309207336,-4.7174858659165135,4.746738497021921,-0.0022699182489276824,-2.2762288675863074,0.9659447415187635,0.002385387257032234,5.025538902316117,-3.201357614114781,4.21029494842317,-9.267248177742692,-2.8801784433888287,-1.0301025045757441,-3.619200400451188,12.835301860835404,-6.717541506676512
221,3.683333333333333,8.52258289295275,-4.96098404582736,-8.339589486996612,53.205642642200836,8.573222349253102,-11.265006582973703,11.99268625066931,0.631355630064588,0.00011999099776019762,60.7745750512407,-3.5873679098952986,-0.0021796992291549166,3.075687933803255,6.496314391079206,-0.5203275631165698,17.862682918922008,11.344662575927316,-13.055756011142945,5.437806494709048,-16.123622382342955,18.238626263241738,1.3956428142027095,-9.503319492405742,14.938169477546055,30.466029318787708,-0.014323082076332039,99.8762708005726,17.748975389731058,0.0047486223105560315,101.32985607186365,-6.611154063999359,4.884762687162811,0.015168659181944643,-1.8871813741997823,1.1063760071589865,-0.0009095670117710735,4.5507873318098016,-3.7036360472938425,3.8972652839326565,-8.873026634748603,-3.012780304949195,-0.8979167279625984,-3.6003675789742777,13.083745551069265,-6.89567408349356
222,3.7,8.685814038163372,-5.39170528290597,-8.482096497853856,51.95699820604115,8.96630699171377,-12.696650883176542,12.442784087593939,1.0008819015754102,-0.0006903780587665059,59.26032313694954,-4.994972172533347,0.00039095712623129846,2.3535331914413873,5.578085679089995,0.14635079869351938,18.723336285210802,12.092728977893987,-13.083402248350946,4.824284514661738,-16.082570272517955,19.47706669843532,1.2799326284042072,-9.84611214132181,15.015032242274472,29.300234950483638,-0.004667247636187061,96.1461283321353,17.261101565646076,-0.004346672000298977,101.10156837782004,-9.274352259271229,2.770117418746547,0.004538207998737057,-1.0499906840332727,0.5280989513103717,-0.003696189651232356,3.960200343799218,-4.213588342021604,3.9425983233606208,-8.432678630654632,-3.274263015481705,-0.3916353761183568,-3.5165954208347996,13.329439976528572,-6.914562972854043
223,3.716666666666667,9.589800731765074,-5.658957575282512,-9.325014619201177,50.97471213292651,9.387182442382477,-12.829800280322853,13.633601211754211,1.3330267478425242,0.002233565037164159,57.62809687775697,-5.724208891096703,0.003604991916434741,2.152894712577888,5.391511363526297,1.1965968841581673,18.993376121374137,10.586220255818773,-13.013570173601218,4.04559478554714,-15.50941846998501,18.690209824501785,1.3633690724053469,-10.084049499334936,16.053925980271504,27.955276266377815,0.01684914047917919,95.7081292025673,17.0191339255856,-0.00474410124226414,100.14130607025744,-8.557668293471819,2.9064729926585113,0.0012364499715452645,-1.1506180692082197,-0.6075028128955882,0.0024522609547002897,3.0389489543459063,-4.2291913358814455,4.028658265719938,-7.260816084166081,-3.517802349148821,-0.26045071797758595,-3.207885805267913,13.945835154125245,-6.586616395502885
224,3.7333333333333334,10.587003294197114,-5.943225659962683,-9.524943435282518,50.11345811735577,9.934529986312398,-12.332059171555859,14.856795936566197,1.7158303055532493,-0.0007777449292540234,55.991524728033085,-6.198311870125002,-0.004968823165871269,0.3667290801138765,5.3957638671248995,2.3551277922348275,19.636295380530957,9.37061934387621,-12.780814661512297,3.484901647418679,-15.109649642286582,18.0727990116475,1.649261182038159,-9.730665836840641,15.241189607198859,26.952585296582726,-0.0263946512962545,95.20686996240184,16.667803846479334,0.0018592579456915492,102.95483073089133,-8.531511545987629,4.114980331237362,0.017557031643173994,-1.5152013823751778,-0.39756579250303703,-0.00032923944030651287,2.059462880500921,-4.138011449259425,3.7657844487579877,-6.712413284105913,-3.5337740680923257,-0.5334401780271613,-2.836872301919697,14.737381090115788,-6.360975052531897
225,3.75,11.44913993078392,-6.41986049588275,-9.2389635498211,48.64972983784728,10.321073654082253,-11.438003266508732,16.16209141379582,2.1855541574777417,-0.0028592464694048047,53.645218248350396,-6.011519363847017,0.004310711625300689,-3.3190215334069686,5.309787373479761,3.1280477799308772,18.85539928832526,7.875423890162919,-12.264401454044531,2.9712985291234983,-15.406197957299145,18.120792941641984,1.8689701340052391,-9.608370592962226,14.502516108268585,26.29812497196386,-0.02352501563287733,94.7209059814465,16.302809533875052,0.009720509713771286,103.14043911919724,-10.234520763602266,3.3079719114559722,0.023755491376500463,-1.4118623659912153,0.34289954154321556,-0.007470961779206969,1.4251665465376029,-4.2816214569622355,3.384073365772156,-6.943845768805601,-3.5181640274752364,-0.9950502601893654,-2.4745669415339226,15.17155674433789,-6.348144962393838
226,3.7666666666666666,12.564676743939314,-6.433535374760282,-9.288559869674577,46.56193923013261,9.954599285046942,-9.754103249510003,18.437431458358347,2.05538308629542,0.0052395920959478,51.00997981165745,-4.900160046255949,0.002456512276702124,-6.677606550751051,5.579147096394554,3.576790734938229,17.37334186647687,5.953080582357987,-12.069144463083495,2.4071298034411814,-15.536419178614825,18.164306330101883,1.9755100196103195,-9.812139154027824,15.574870668721687,25.02160857390075,-0.013691128357862778,97.64006417220381,16.977238691231253,0.015030254755219675,99.52954876861601,-9.404419587052091,2.7288708980326226,-0.00043560626262739737,-1.232608262822501,2.727988806935212,0.0025035750121969757,1.2733173673179286,-4.103420722244172,3.385734446254225,-6.4674004784034285,-4.086192477358657,-1.6001716902723373,-2.594818353113542,15.166908048974586,-5.836356553519516
227,3.783333333333333,13.86484210046612,-6.244188064289609,-8.230095133279848,44.53133865593943,9.303946246596851,-9.008725726953212,21.23113482846435,1.8962800893510625,0.0016962470759307976,48.64371878050342,-4.1465770000244,-0.0015323587558036486,-7.976626647122681,6.106434394750344,3.647473857060707,16.383163564554163,3.918510336790255,-12.241775367142477,2.5541119611572634,-15.040330611432072,20.432596838112044,2.2761661311654393,-9.631462541326657,15.703303489471184,22.274941093017564,-0.04549102101513823,98.56331671436371,17.85172212151945,-0.009833304713983316,100.65205620747088,-7.808082899831993,3.4275176965117247,-0.00907593167025407,-0.6708198066471731,6.379741513555365,0.011437594827293953,1.3016742783458752,-3.9063590287263663,3.4242379276498074,-5.529897092103051,-4.4520844462650135,-1.8528400906709954,-3.1438510638655366,15.000501373962626,-5.1756701005816215
228,3.8,15.197657930783297,-6.013814083143784,-6.246799434713467,42.71183729518514,8.675711151934786,-9.569337545705695,24.032200404310817,2.2857495069198026,-0.011731470240910714,46.47492256711601,-4.312990936555002,-0.0007222882440546165,-8.629989712928285,6.830024938860405,3.476859832362518,15.207760588761525,2.8416479744865484,-11.874343695374193,2.6900775443856464,-14.378118868732606,22.440522319925375,2.662547626004238,-9.50108014134099,14.540143897368807,20.24010425788182,0.017091044308088436,97.12552703809399,17.706036090083835,-0.004675435067171183,102.36704399534042,-7.04684094410077,4.695884942357345,0.010138679120012777,0.08299258467576857,7.884183661245862,-0.010149018294402928,1.0799942981084105,-3.859958421142195,2.9143562058930064,-5.094841908110634,-4.280862287955143,-1.3011380552770948,-3.3804818636118954,15.009011392366803,-4.672186705278883
229,3.816666666666667,17.186955301029812,-5.121479953330537,-6.030293636706981,40.79931779105721,7.514825856947647,-8.952897802027747,28.09160448533895,2.170246365311677,0.009161389727732562,44.463286359876506,-4.280062018570208,-0.0013970040521975333,-8.854939780208696,6.860317610370071,3.32370329394517,14.877101299282158,5.012433734202814,-11.996704294395279,2.0128105007736306,-14.053882118479972,20.889585506217156,2.899265034714136,-9.682464175836133,14.931293917215577,20.224970866512077,0.008370510049121677,97.4254881917801,17.53968592226089,0.005414338084294289,98.14139672588942,-5.548841333431654,4.927954033804462,-0.0027376049144317784,-0.22087975459319356,7.373091983395888,-0.00710316973255659,0.6080611608332146,-2.966398236664603,2.4806482962678675,-5.277802711375597,-4.742926750222663,-0.3461800479833959,-3.7351274264715575,15.29329831136123,-3.4945085985491953
230,3.8333333333333335,19.90195176031062,-4.32580724240176,-6.61179523536272,38.67562441586581,6.326223693102,-6.943120886178292,33.58648143578875,1.6241318327683087,0.011510858713814208,41.90795731089668,-3.0890891345831837,0.00818839345049194,-7.195843892664793,6.345214501657446,2.2865897255626386,15.399980253866719,7.4492726937239535,-13.723469108555292,1.4486032832270377,-14.035264368211422,19.369227682510775,3.144800747442334,-9.85064696592416,16.194794356781735,20.43189940618445,-0.005444813673505039,100.48780633896959,17.869241361016424,0.0011911268494155247,95.22400425135271,-4.1127781795361695,3.820104907957584,-0.012414833812936605,-1.5526475363800105,6.383424505066256,0.002002985173322731,0.32104631875451783,-2.025877843916276,2.593713922760092,-5.627917197496491,-5.0072362406360655,0.1472781515616861,-4.7314932835715675,15.400166966654691,-2.2033606037079814
231,3.85,22.42260359196432,-4.369403184606303,-5.77331676050644,36.723635051098945,5.891057906679994,-6.002131820724184,39.13721470466461,2.0947251245776233,-0.01990772238193944,39.03445416846474,-1.7556462374159163,-0.0020904851395003054,-5.404546912535228,5.865599720391227,-0.6360673976554895,15.09061766403493,5.301314146211989,-13.83228809830409,1.0910893966682889,-14.064904859679013,19.353390450297457,3.319627945741783,-10.255557488924177,16.22341475569668,20.49935686298895,0.013476807843501316,102.3810655141945,18.113560769546858,0.000981149361161886,96.04716771251336,-2.0807157936200653,4.158176722750375,0.021877671094187402,-1.8832505902275796,5.260755418647443,-0.0021670681913831037,0.24731551831534354,-2.1340922994307934,2.256056522848687,-5.409516434560657,-4.05365132536143,0.12498019659144953,-5.236721530108947,15.19442833545936,-1.8211344140462524
232,3.8666666666666667,24.93886219801043,-4.1309778765701,-5.634591911471751,35.45693267055369,5.318099833952826,-5.9132050871393895,44.40134044476458,2.7297203186750743,0.0037672959200449924,36.934223591482706,-1.3583179348851222,-0.004243341547038073,-5.21087034245687,4.70002499562101,-3.2549614357416696,14.928993359467139,1.7818821523024284,-11.603303006972693,0.33811658372070824,-14.260412902704868,18.48147123485221,3.209739326098283,-10.676801462542489,15.947895467818263,21.101779639561688,0.019069109824076728,97.22283944966726,18.667392360535924,0.004980809395885334,96.05286593171432,-0.10130551377995264,5.2031635373214655,0.012580982820942126,-1.7789866062598374,4.51148805356762,0.004018075297478069,-0.06785955981056359,-1.6648940855507115,1.415158352333888,-5.132125844086133,-3.8646856268236047,0.7509756146423554,-5.084387613797834,15.304113173620813,-1.1953879188854861
233,3.8833333333333333,27.773042194502942,-2.64748306382158,-6.549760580684154,34.602749472573905,3.6695711324392986,-5.259905526763104,49.3368984367149,2.1591460499520365,0.013332139888714732,35.5485597134611,-1.1871278913006453,0.002988153576160373,-4.83864350533029,4.047667748341898,-4.358107061039999,15.64148799247905,1.8224420196861966,-11.328480745921695,-0.22662038500825465,-14.07336188576323,17.32826584908246,3.335450007340041,-10.876933718661872,15.436388012713179,21.038842814451147,-0.005300473373342352,92.1527129613998,19.40933979232202,-0.0020261659949384714,97.3048555615323,-0.2840636564321738,5.170182974941881,0.0018466512380061724,-2.613762068174828,4.341323117810226,0.0029643995729851584,-0.4009077577918405,-0.21574470927691464,1.343953845512529,-5.638167177534198,-4.405828987223548,1.6469698610872794,-5.699944208234389,15.640026375745764,0.491874996242505
234,3.9,30.183423856299232,-1.0499221323072534,-6.125569347317243,33.14578316231028,2.1026611894969487,-5.21140001079843,53.97364495640895,1.48587373958391,-0.004631807531886691,34.22651203187851,-0.9242438991234606,0.0019543946176124242,-2.791591848244821,5.6498996266313695,-6.037183403012636,16.126974030915726,1.9853937407601345,-11.819502070947488,-0.30536026946974765,-13.464418822215475,17.592725419822116,4.169200236547417,-11.222358224855585,13.922019617073982,20.158418260293672,0.00751884098950286,94.46872745573963,19.542991078007354,0.0036368583850186335,98.65595473558835,-1.0649157798395528,4.64018911153194,0.0030033848929810164,-2.173491404712995,4.622557070077367,0.003725554936594997,0.14295441411626392,0.5168104570787985,1.6961746962288167,-6.397772397292204,-3.8021738479250486,1.4844111792475057,-6.679030972350968,15.28323632884891,1.8456914582490684
235,3.9166666666666665,32.383006772465045,-0.7294695250008716,-5.753631348035943,30.932098151763466,1.6361208445921367,-6.446581792335843,58.73407772169059,1.4732237526385912,-0.007744281598522921,32.050399126445576,-1.2037916070226946,-0.005185772716510125,-0.6756895174100537,7.090973048846548,-7.24395630605773,15.754702546648675,0.14708839022673503,-9.460448128349798,-0.43451606888894834,-13.396917103171779,17.891340163925882,5.118520256050691,-11.3832791042278,12.531173251775476,19.65551943156997,-0.007629342613651108,98.78847871101651,19.175678321971812,0.000295518266356055,97.3579306565414,-2.1014218820071604,3.1356861843382307,0.009357726647818077,-0.7235540942313732,3.633492349555307,0.00989446750407764,0.9193560263331213,0.7013416170840866,1.2675064409447678,-6.8974469849107285,-3.262654149519274,1.2269998998367042,-6.6783399607395,14.667794054227473,2.2375756242199007
236,3.933333333333333,34.94653377703899,-0.834654322755773,-6.912406091703964,28.78359874698716,1.1920421345440637,-6.898495722115732,63.473555129217665,1.178957359579417,0.013059667331905724,29.238533620740125,-1.16989676293792,0.003933311533923427,-0.9781152201111664,5.32959358954168,-5.70505926158893,14.553397816614385,0.10239878453277743,-8.396703162629922,-0.748413703018983,-13.357348801795144,16.394841113012657,5.752491969398029,-11.360060065100917,12.063712088688922,19.462323652485015,0.0014923286299690594,101.36962767561339,18.852395075006438,-0.0007482905529634112,96.87389051490676,-2.690862772584653,2.29591914794058,-0.005254715971831011,-1.124223936993787,2.812874314252752,0.006819918803432252,0.9810133450490152,1.1991764654468509,0.5699374145799104,-7.0157968449561405,-3.4186481456518876,1.9305917480900838,-6.4569275080927095,14.512983967200052,2.6726991061755117
237,3.95,37.5893621130119,-0.15417419387345258,-7.622006834063033,27.10962605315061,-0.06538498444295719,-5.526906003115954,68.18936374765102,0.7126625834686071,0.0013934515103140924,27.57174916908712,-0.22084549734298628,-0.0012988809645967225,-2.0942138494013034,2.645689591551762,-3.73457666798089,13.29053754042354,1.9451770422246686,-10.702275538157977,-1.0989416195565864,-13.04938173730238,15.041566012730739,6.6071063181616925,-11.788178474660574,13.27890196828641,19.818116027233938,0.004191005254474066,101.89197836863843,19.205524455174,0.006670043596155673,95.61269393563389,-1.337187706914327,3.811239369591312,-0.0005383115982528168,-2.710064743409093,3.7268262664404763,-0.0036723701639987693,1.3396870032066088,1.9968485317375562,0.46376457111609254,-6.77289028241877,-3.220082691461261,2.605982307619553,-6.876918983917662,14.203087693215137,3.613625777197946
238,3.966666666666667,40.49520769807617,0.6930042570528524,-7.321829837973114,26.30058688342364,-1.1759125393596042,-5.179740826103436,72.90288846723433,0.8135052808312024,-0.014880448370835558,27.421561361554183,-0.1692653752016612,-0.0018187677421837058,-0.7180790164113624,2.366686609698776,-3.575918483328485,12.497647402760663,2.6461715274907194,-10.711999721782158,-1.2966072808136393,-13.160649900286236,15.979723791291756,7.795971412922851,-12.242171088516477,14.90291552841707,20.232454330026965,-0.005072992595473588,99.87916733762232,19.906243970370834,0.006232219092456755,92.37593915837361,-1.594056839021642,4.257865723877091,0.012308681289228542,-2.742249857341609,2.993515481180327,0.0008996133148652042,1.9386436447670525,2.853260322396025,0.3429734270882864,-6.582732152456591,-2.651767651183855,2.7137332909609553,-7.1508332264117564,13.847220240586104,4.489025898327661
239,3.9833333333333334,43.34636983679079,1.0886578373347875,-7.776289843744306,25.8448566828296,-1.831331907723916,-6.969983662904788,76.86473695928998,0.5494239534093049,0.014354569758715364,27.504709153188198,-0.7223268931390966,0.0033615326475237677,2.4062046739433662,2.3635816668095155,-3.905160592196139,11.078078209837635,0.9723650971731881,-8.555215574641538,-1.6503061542482673,-13.206638519213714,16.32754098099579,8.561892220969304,-12.378934314139851,13.948222387142701,20.044713876212686,-0.006867373961251153,99.18367682670802,20.227693753324225,0.0055677383276305885,92.35398381082233,-3.601406823063872,2.95176600733448,0.010164544586516533,-1.5691229239397901,3.379232144252897,0.009541196220268937,1.8919337161033916,3.232030251924817,-0.05938380169529569,-6.552389714364532,-1.8973651756875018,2.7202151990036985,-7.209131067545369,13.756218469279307,4.942015284107785
240,4.0,45.25322685476576,1.3745474717989203,-9.031710569522348,24.687936159927062,-2.720910029467337,-8.143981775030456,79.60688352703768,-0.007806950008796929,-0.004085875127993408,26.588669217688373,-0.43860468100585215,-0.0021283538858478442,5.8192851264647905,1.725498405542125,-3.9838004312193904,10.01608773933789,-0.5734106034515508,-8.624647044493864,-2.3726814481609226,-12.998692095604241,13.815973322515243,8.894059326935986,-12.398073554250374,12.396202707302114,20.415932946539762,-0.004762704849682093,101.73559968883876,20.843723841482547,-0.02106952707732529,95.51663490367929,-3.087957582919719,3.646705323353599,0.0030686896915051295,-2.2108958169347397,6.90717693672402,-0.012239964804377964,2.094818599638983,3.6705115300560767,-0.18128444113664766,-6.727872626918295,-2.011102744183941,2.6256566242120987,-7.387647809413991,13.43821080773443,5.511694633602406
241,4.016666666666667,47.18613437345298,1.2182587341019384,-10.417265140351164,23.512569595778285,-3.3024329096276306,-8.210035497791639,82.02090939211446,-0.3036191579691475,-0.006658892393076955,24.923870063571044,-0.4476806257048325,-0.00708495028112373,9.292122286104556,2.904959873160604,-5.0629196940844485,11.165695003681101,1.0531589880915664,-8.446954892497079,-2.459009463778843,-13.156699508231071,12.246791760204609,9.455496672719473,-12.355429679982565,13.284810625069476,20.55689732067412,-0.0072532666585212215,101.95516268301226,22.629094870508425,0.013324163090600501,95.58508885239367,-2.166837446579309,4.0017859234844355,0.006707394146425848,-3.0941853978289604,8.351660089937488,0.0057845010397656335,2.6193649800089482,4.577727285858397,-0.5370430663325565,-7.170097543802053,-2.8399877633752477,2.3175579431503923,-6.892610895540041,13.347246266338043,6.077768824855793
242,4.033333333333333,49.99095489420608,0.49988451008098,-12.179721864160603,22.865738415477082,-3.19075408553113,-8.577169561045386,84.66458323431121,-1.425811987689274,0.012790813026454278,23.91871304291966,-0.7944260203052681,0.0021397211234183435,10.68906925906759,3.987862100900222,-6.152111751967983,12.658046786396985,3.3504096798673255,-6.572892923041276,-2.039819790110069,-13.361007297428205,12.57743173153165,10.250554138573264,-12.50468228119443,14.66312939232241,19.72048038616294,-0.010503494773323711,99.63213484803379,24.694327161265193,0.019944236313488944,91.80734205682441,-3.0634416446590245,1.8629407077579259,0.011624247318463345,-2.1634019754850415,7.412555496509112,-0.008761038071427798,2.6754645196205376,4.876978957006321,-1.2862718191040454,-7.622526796944783,-2.487963715544663,2.0827713665977425,-6.165085467050328,13.596523206016345,6.020479283155961
243,4.05,52.5320409609303,0.4411708009691548,-13.594169633886551,22.04757152765854,-3.4758654790682737,-9.155867493019127,86.12404181012761,-2.6277609206323147,-0.00515052650796087,22.977520851220422,-0.5355834456920127,1.244503377498247e-05,9.656168010679847,2.936211928868629,-6.276591544590315,13.209080583694218,3.605159383027709,-5.412366455050733,-2.345191681137929,-13.339989653916808,11.642952058860697,11.083389751863933,-12.632911753594698,15.007726032049256,19.70677280085127,0.0023354574244826114,99.52185501540623,25.42227815857197,-0.00963772158471921,91.31677199290704,-3.2283333558421488,2.0961733492151757,-0.0018984483126561567,-2.246263387775869,4.846088513014252,0.018383421130903778,2.515708655447429,4.967848418129329,-1.4199268178266153,-7.971788758925722,-2.012052511478292,2.1090019093118384,-6.3657159039060875,13.72335995482091,6.074618729038027
244,4.066666666666666,54.304030536047414,0.9260500302120993,-14.123373279120969,21.190595418142667,-4.265310620519966,-9.182092266477548,85.897394444932,-2.3255530159019275,-0.0007634067882255549,21.254795800812055,0.051349207770523576,0.0013159788582885648,9.554724855936005,1.7148611333409054,-6.68175489623163,13.876225252539422,2.7709602620620677,-5.037297060491468,-2.70666726101192,-13.931550577185025,13.134500055365205,12.171972083571543,-12.544255037267325,15.761135282111901,19.97325836163913,0.0021411409137425193,99.14352930900259,25.509148572813732,0.010707232777121609,93.33363229375263,-3.178367148601853,4.256023122188999,-0.00505617350309826,-3.210174750259515,1.7041822511950364,0.003908888571035218,2.36977852146694,5.670688904841753,-1.1859372951814409,-8.156633931432102,-2.6339881860424064,2.2184978199910437,-6.7129611879271085,14.007698938419225,6.595513061390278
245,4.083333333333333,55.906172864344775,1.039606683535735,-14.109739585164126,20.752024271330708,-4.574885703293537,-8.844612073368436,85.17382068189661,-1.0557859304395405,-0.002344652171592482,20.22498326060886,0.04590588690324589,0.0012377451263414292,11.793382696473033,1.860222343731347,-7.10384767992379,14.509118512708858,2.075404707895221,-5.166685717279209,-2.352310092426392,-14.947258921183158,18.220596213890758,13.28337485072348,-12.444541408650483,16.724425407618845,19.209160054331786,0.0018583585840736595,96.54136765940962,26.2252760966927,0.01949990242756057,92.79008034330509,-4.558620352616954,4.052696675171139,0.008654891189434244,-3.5373293109653803,2.1290500661173875,-0.007239281376082699,2.2114302851142167,6.336447921139788,-1.2393355499601657,-8.274498289074414,-2.815239511083796,2.183423275548683,-6.669737997064446,14.282035127050026,7.088344293695188
246,4.1,57.319452147552695,1.2775281165816346,-13.841722195870458,19.954026111836875,-4.482584697575425,-8.337003249148262,84.28605987098881,0.04403142286779305,0.0033104477757550563,19.993845606191098,-0.8723564247842727,0.00048378997885159585,13.532041819546865,3.1898916510823607,-7.241187091096935,14.666805389749115,2.8507641029455417,-6.245819376680361,-2.5424129960991455,-15.134893232881113,17.727870666779886,13.728956411900704,-12.36337242092455,16.52748736102124,19.25813406851277,-0.010470871983950563,96.19335556748634,27.38806645005832,-0.015981578387085218,93.66402097263631,-5.549627833738411,3.002909412346453,-0.0013260193218134968,-3.532292941969763,4.9070753208958555,0.009946731351717062,2.4991042601367237,6.989283443622863,-1.1739743666217581,-8.480195256361913,-2.4346874623116608,2.054951394416759,-6.846287331667466,14.003788052990888,7.649069609723907
247,4.116666666666666,58.068978419566314,1.5436341435891296,-14.788642647479485,17.99353568335301,-4.316348014931329,-7.645655799125731,83.48172714451304,-0.5165769012543315,0.004047077967084262,19.10822786263159,-1.7624696802782276,0.0011896268594728688,13.027077169409564,3.2166266085008672,-7.147939938229308,14.799714515254212,5.255091856557199,-7.072898015940917,-3.429263933469331,-14.659337987570336,12.474937930333198,13.66258726363498,-12.454465298295265,16.319337474729167,20.430912881017402,-0.015578979234411365,99.55608719694854,28.69070571717341,-0.006184904377848241,96.84479151560244,-5.593916895419425,2.7286895090495857,0.0036338409148250067,-3.1241644987090225,5.833926181866135,0.009984475101025403,3.4614899928775444,7.484417294530002,-1.0734006196198362,-8.580386211345836,-2.3475423543951703,2.072732873958757,-6.9519108697458565,13.141833536380005,7.877255956411164
248,4.133333333333334,59.023760760888486,1.3940954257990086,-17.14021359207876,16.431925675941052,-4.032349493576787,-7.59536453712189,82.5514808179338,-2.554674763310353,-0.01892174353015113,17.551473451478273,-2.4181606264850295,-0.0014950973173289638,10.74928689322234,2.3752048074790673,-6.185964356564982,14.747470897620673,7.071559034671277,-6.879734406126619,-3.383526561922425,-14.337505835918883,11.225929869769407,14.139454501940234,-12.622998701350882,17.217576961865536,20.265026783168246,0.006447578314567032,101.33054246415713,29.215702759324266,0.009286973506696454,98.57128694304431,-6.195697560618717,2.136856015027375,0.005485200082830369,-3.5356453691466205,4.970764759785,0.0011737895259942238,3.9621061978676195,7.486552047060934,-1.1940100418079909,-8.605798734662697,-2.3464724062711166,2.0798086655883634,-6.739570678162763,12.759338773298474,7.72381966874461
249,4.15,60.85282021785048,1.3916571224321725,-17.264870499264315,16.634673333034737,-3.91973784107812,-7.795557879902682,80.03291579309342,-2.5004712907524564,0.0215515462919887,16.11192228820039,-2.870623400903162,-0.00022009673725127446,7.9606801236034,3.2977428575731382,-5.616757304069515,13.746784083656205,6.939119585393458,-6.940313096872914,-2.4281231354653676,-14.240901378661999,11.902378622557109,15.225525551282328,-12.65553570625688,18.011764068020724,19.324543144676944,0.0055224666041677785,100.15189682749009,29.0373914463514,-0.006172442671817126,98.88983636429113,-6.2101894474838115,1.597727096480024,-0.005485932318268971,-4.199006356704343,4.905650029923282,-0.00459236989857564,3.371770041767749,7.560741334334976,-1.1728431998932287,-8.79484676363288,-2.529207578557084,1.7980547423660749,-6.727327524016146,13.675397304538626,7.812134733675269
250,4.166666666666667,61.938914766803066,2.096322352319083,-15.269638175996805,16.82604256058358,-4.2443544507443605,-7.096254820181267,76.39454645230387,-0.5693999483068104,0.013056646042469434,15.257584691465622,-2.7671562324253123,0.001709228483470948,8.721043846763978,4.310263578044385,-6.632304104548171,12.555299461579182,5.743099294537392,-7.339525593166667,-2.140688901170574,-14.379379796093875,10.792776251392775,15.743256935306269,-12.751731798896492,18.364069173260486,19.813195039666677,-0.00974332298824227,100.91558620520598,29.821351632865067,0.004773733939523982,97.76896134754202,-4.593465846562299,1.9231389850120966,0.004940686039171763,-3.8432706376541614,5.8622990453058295,0.0005111454460730659,2.8378263123304466,8.026569154904976,-1.0049868558854156,-9.061151372585712,-2.3250873179188147,1.421831366775669,-7.015473673188537,14.521479735329786,8.182826822134484
251,4.183333333333334,61.64344691774109,3.0576037829256975,-15.365305101828653,16.022740673312406,-4.786584037315844,-6.354510276164188,73.34836658703047,-0.6070442104439234,-0.02501057414807589,14.684946637906396,-2.805104671701656,-0.0011458539723210044,12.726935373228974,4.914792217291836,-6.735562659540408,11.870223402247573,4.072948616393257,-6.781560988102146,-2.4331107184139267,-14.403083492385662,9.038811371345094,15.66239759770678,-12.714616661320973,18.422829694840956,20.900703854562078,-0.0058500107544750815,104.23931375837398,31.181961394397163,-0.0006738732864658229,96.53493988035338,-3.393355557540194,2.6113451678921975,0.0074448370009803574,-3.8996035613966606,6.298473399286424,0.0011244838375592111,3.0182019931334407,8.835672327002516,-0.9509327154629484,-9.190848964271957,-1.3915147133985772,1.197577501790796,-7.258042806902118,14.40562233522082,8.852909784812958
252,4.2,61.41037694088059,3.4270891566979333,-16.265965071334666,15.058823501194695,-4.82684540223438,-6.9093803146347454,70.66467125856157,-1.481569042366889,0.012269746296668719,13.68716318734241,-3.144339600167605,-0.0012139070690074755,14.75736156291002,5.577330557031686,-5.149279913440804,10.939666981842569,2.7000058167666756,-6.010541706691055,-2.1959363137212544,-14.172920609357984,8.132569238061718,15.75639632539437,-12.528714362159839,17.695283064754328,20.87176537413397,0.016932895707547097,106.50580201775277,31.50539664648246,-0.0020864604553936204,97.27568371799124,-3.2268528696243464,2.7702248528628637,0.0035150235102245626,-4.006756850706649,4.778348763819662,-0.003782842944462132,3.408712359773757,9.283711353439672,-1.0848830148655655,-9.125580676611149,-1.167277606282969,1.11049675634483,-7.178145672582288,14.166705106602176,9.176390751891022
253,4.216666666666667,61.47527767381681,3.544700624533163,-15.732593936146507,13.731748409002043,-4.5435004021251055,-7.735476486674429,67.94572392968205,-1.459950532842312,0.007221449106162247,12.424756524881909,-2.8143126010402124,0.002688664757543218,14.680009559031905,4.819959932090399,-4.746009560858936,10.551776059222856,2.4682141232296604,-6.24364424371649,-1.8290480845929904,-14.224897564548296,8.709719990397769,15.805746845760819,-12.537813389838666,17.327182168147765,20.09287462972855,-0.0010384094056753532,105.12314923694233,31.50942151808223,0.0045706623761264855,97.46961468336659,-3.1356651509605045,1.993428851841188,0.005603645739670137,-3.3422746850355125,2.34446379358971,0.0018931950437777844,3.7982753047292506,9.121713042959927,-1.1129650082737512,-9.115635001528226,-1.657944819204056,0.8440411191369692,-6.910096348919349,13.921646141045546,8.760562330089124
254,4.233333333333333,61.111904792584035,4.254029096581442,-15.515963357813801,12.252782018903309,-4.722451056419359,-7.0460369839881825,65.33648848709585,-1.9411589960717188,-0.015475912072813505,11.7419377555148,-1.9693866450891273,-0.001047988415743515,13.849139029185547,4.936519554364217,-5.044463912991308,11.331559756355679,1.8408601337199624,-7.6695945919051205,-1.5578385049852883,-14.316171434314525,9.329573980347682,15.785891523794058,-12.551821584529026,18.10945260265266,19.620811515387583,-0.008234698838867327,102.1668371297135,32.09670922123705,0.008243636916238542,94.83146572082457,-2.7732844520388156,1.735060359964431,0.01933119524117261,-3.510468161174095,3.028998681346487,-0.006565800484604257,4.224389218822484,9.186537804492147,-0.7731549342620608,-9.107249095344542,-1.7027731153657857,0.7325267198585271,-7.055782311406303,13.570610552362686,8.572955029580017
255,4.25,60.42450026726362,5.006763752539498,-15.072895286185704,11.568781996713106,-5.23558097944293,-5.83077030237948,62.664401893406165,-1.902727711379733,0.008527306152040602,11.665156087016213,-1.3233892976928296,-0.0005047072775101256,12.247088195009455,7.2366042910760715,-4.271645531716565,11.595280946700145,0.00999061453015834,-9.35655068307245,-1.0217534477883594,-14.341624120979136,10.389680814797215,15.888866957920126,-12.397850420945549,18.534166600003438,19.63806517892653,0.018916390464955638,100.11464348369249,32.17130773490671,-0.005238775165180652,91.80946676238905,-2.712897807838876,2.80100920409833,0.010562323480927012,-4.449297552346013,4.773465363456761,-0.004438406360797771,4.285047563417187,9.646373763180897,-0.701852421747474,-8.761846999711668,-1.564150767656034,1.146165574909348,-7.375383736903046,13.628232807248695,8.863448106725661
256,4.266666666666667,59.83105148897326,5.232364965767657,-13.62307196885934,11.110079182159955,-5.764648425049918,-6.1511695123563435,60.813086474494874,-0.4381813295709782,0.002680131327684529,11.495317530404485,-0.9388059431315463,0.0010201380040133245,10.494291856071115,8.412239126994418,-4.268309246789083,11.354215267235595,-0.6155136299546601,-8.884767277637346,-1.0609122786540683,-14.377221595930633,10.442950117714455,15.652121685005344,-12.190556726794151,17.985050977137174,20.557428127184487,-0.0008683542220868383,101.46288060561595,31.957639313843572,-0.006008981145768128,91.47785951867408,-3.162186030358393,4.02885394285892,-0.004149052755072577,-4.5797949466353005,3.8033743425826088,-0.0008009163603930881,4.051431695086323,10.249266629412329,-1.2198805994510251,-8.578141012902615,-1.741208498628673,1.1060297460720017,-7.075640201675776,13.847421617683931,9.109322289781993
257,4.283333333333333,59.4924974775227,5.192576440736335,-13.839016880373439,10.28965258919436,-5.761841316390461,-7.772576099349616,60.380552238386876,-0.30061334287820957,-0.004417911757120904,11.118012585523626,-1.0104547229366971,-0.00046016083276521083,8.757082717267446,6.5691156150049,-4.848009894461553,11.530673399202056,0.3158292131446189,-6.719521318210735,-1.554215396276071,-13.963876338565063,7.6558690412462695,14.961700782937147,-12.082976565506465,17.587533787054248,21.86978290819,-0.0012506456975923859,108.76328981240299,32.88887023467542,0.001391548689565505,92.20676414209755,-2.216457789696313,5.632790276849736,-0.0011294060836947379,-4.114703501743643,4.078750677585427,0.002039051299938839,4.05437081406518,10.576879278778916,-1.477297281390556,-8.881717120048439,-1.9542749967152264,0.640732716389601,-6.74980547779238,13.836526467863,8.965450775892583
258,4.3,59.36190801091298,5.031964074140267,-15.571344787552661,9.90900058665322,-5.065986243646884,-8.963082557710779,60.39797483736875,-1.8519173086186573,0.0011260800503624315,10.922271922693463,-1.2203655670824862,0.00011836161483969217,9.158701131914171,3.902062046902416,-4.023574870573268,11.189623984163248,0.7412756652769618,-6.286093098867402,-0.9626797206008748,-13.958301390458871,8.903528990657833,14.131378843471744,-12.137285473006582,17.55214809482285,21.50318459768882,-0.047302419048298155,109.80629640445017,33.990174818060545,0.008443902642983982,91.50148540035912,-1.969517200298834,5.547284696589168,0.02150208834628962,-3.954701429240872,5.4476283004153,-0.0012175519727115592,3.8900718706829984,10.28267153452964,-1.3918596276057635,-9.26497520299755,-1.580822509461182,0.5961978612368837,-6.901042878355087,14.11539884592238,8.37372792535621
259,4.316666666666666,59.15196650034013,5.203892496413229,-15.546612200044288,10.147383461513142,-4.860010048258561,-8.579204145155682,60.27272719322347,-2.189581033996848,0.0005409464211473134,11.139343063105297,-1.0615043408065514,0.00036496909026201193,11.65818447385382,4.715942503039107,-3.4764404456167446,10.105634630855375,0.9350277518778193,-7.607774489284883,0.11906240548352864,-14.488633290386046,13.41290001229732,13.269600758451181,-12.20940842750061,17.393026128360162,20.256316995300313,-0.04246926864975151,100.32512361361566,34.07878529201855,0.0017924718418127915,92.10906678775916,-4.394630650125271,2.8170565147803477,0.021092638342993627,-4.455821860143067,4.40703370710087,0.002896356080242962,3.277683174546231,10.250935030734189,-1.4660869993336705,-9.822104744384951,-1.1520048994126366,0.5881850962967519,-7.070196909601415,14.753129016532146,8.14664898553979
260,4.333333333333333,58.52485340916718,6.229892245662952,-14.288095251399442,10.061490994341163,-5.676956381955231,-7.656495034564913,59.987203006393926,-1.4003002225096262,-0.0014479952706364482,11.527323064600926,-0.7840487849724254,0.0006262400544279077,13.117928098846397,6.813659466179267,-4.715961505316736,9.34789301182687,1.481643355548628,-7.757406600671553,0.708734497552632,-14.590078524356892,13.514211323054358,12.410681132486456,-12.127379272007312,17.353711323623745,19.65421614470801,0.021051176863312086,96.01489861856008,34.17036041079053,-0.004286932477910318,94.19247529885747,-4.619155548486276,2.790595898324557,-0.0013431422493606136,-5.017951053654084,4.153411026768145,0.0030783416475199687,2.993719111200696,11.26825537846188,-1.2104090194729378,-10.196162035559025,-1.7652755601186028,0.6998177635214873,-7.34769231739562,15.047708582983512,8.805448121984547
261,4.35,57.68988927563854,7.294984919836787,-13.706026977933895,9.548478531525241,-6.26887531120044,-8.014831306015289,59.527336514546946,-1.168941421513456,0.0020504072489351765,11.739467148116665,-0.6455453227611526,0.0006304717633331592,13.19963657760633,4.7316131092348295,-5.958498268127432,8.379477478598762,1.7649399374882555,-6.765838812021969,1.4359385793928259,-14.885882732549787,14.020098022036736,11.509624054371262,-11.788706955117469,17.38624378877135,18.545626380126013,-0.0001693314253562543,98.51341316468005,34.28073413675622,-0.0018440357608859675,94.34847336513035,-3.000069886902677,4.905894564022759,0.005114654102436811,-4.49722924316443,4.134729247148838,-0.008371062555571419,3.0483767960448676,12.345607290133852,-0.700958235443474,-9.89563567544701,-2.665688857093774,1.1425056505770035,-7.6236537560240745,15.061553051104708,9.229441045736118
262,4.366666666666666,56.95884244480633,7.789853626995546,-13.553094434299604,9.30157396718055,-5.942961496874525,-8.532349476902317,58.82454039025191,-1.6934397593181256,0.00010074262411319857,11.658835043550628,-0.8763857777031135,-0.000268390801763407,12.282344447431475,2.6457905716478307,-6.246891949926791,6.292994110177179,1.7998959506311105,-7.225828613025098,1.6420061006660116,-15.38369272776511,16.138270903029404,10.104216502085682,-11.317644669484553,16.695220482199236,17.77778377457253,-0.013885478060782469,101.42130328450321,33.47531770512354,0.007740743587076695,93.78467272880046,-4.247833705112783,4.49972537220508,0.0043477292097951585,-3.351034565880775,1.6714677274282077,-0.009443722371797593,2.6992619910154714,12.773218034084893,-0.7855940998537528,-9.77857552533893,-2.933429219849499,1.350958473498024,-7.714510908886856,15.293721991287583,8.951241663009041
263,4.383333333333334,56.0192618266417,8.501697546989897,-13.700586728328052,9.331869395083316,-6.009137788419156,-7.766016055847533,57.708055417862056,-2.599620450540547,-0.0028130056556466437,11.526432591633148,-1.123468437252459,-0.0010314433868545102,12.108849276340374,4.257828197828887,-6.790544232559843,5.170005372418121,1.768950452676707,-8.135122985197999,1.1160441348068189,-15.201910361843694,14.42159806059884,8.48369816565828,-10.865254841169271,15.12184758653567,18.167707053657402,0.0003102174907863031,104.66135014845733,32.001642328120546,-0.007324832823399526,93.32778587556861,-6.0180739057255295,3.9721931846583125,-0.013399565782963212,-2.4888494883164505,0.4413379167566742,0.009094298613841971,2.1442604649047765,13.335752522827155,-1.1488107881060279,-10.225905772932318,-2.7892400953507157,1.215648752611587,-7.721289866897926,15.64380533686041,9.060374472342826
264,4.4,55.0182663812416,9.208988338686472,-13.417680509659768,9.470337296474826,-6.423245169354145,-7.086600256490845,56.89044950765072,-3.135977199907458,0.005646470363533014,11.974309696783394,-1.0034126937443242,-0.0004751981602619256,13.350075202061966,6.02206292123786,-8.33788752042407,5.2667289199934775,1.772630588158715,-7.673652198540233,1.2460961313835905,-14.687719523115412,11.65837953180943,7.6396412110235365,-10.54201485246264,14.199656693268699,18.20675629306944,0.0052522662410683174,107.30528006666168,29.998343525785106,0.0004206265697497634,92.99914819100488,-4.885124770625684,5.105057900029417,0.007483560807958566,-2.1379223711844677,0.7882498000253246,-0.0012757761289969424,1.8560171523918898,13.804987240420058,-1.2828496312209836,-10.448299135486131,-2.6923286983148937,1.1610271149366636,-7.403627783406874,15.96142432535453,9.201215873487003
265,4.416666666666667,53.91502086356446,9.458740034081298,-12.590335326868535,9.39652718905226,-6.186664905925582,-7.226270256340862,56.23693239585407,-3.5311119761762377,-0.00511246797064315,12.786580602879232,-1.016424351015068,0.0014654662480901054,12.851338524669506,7.063086903989841,-9.301199138798864,3.568498523813633,1.7516636332632878,-7.278130434700421,1.7738818603647308,-14.639739970095059,10.69220333389395,6.884907640717031,-10.364775604174127,14.949050611216164,18.04367193503904,-0.008095646710260546,108.01218071294555,28.411956305870625,0.011225389913875877,94.19138427279579,-2.6805006593009333,5.519322681532836,-0.0013233551363671695,-2.742065928819604,0.7594436046552147,0.0009251461781888122,1.8611147901193648,13.745572150375958,-1.1647146728827313,-10.468363956720076,-2.829936760976553,1.1942632314383146,-7.188151382432679,16.05046780420074,8.732411628587741
266,4.433333333333334,51.9335715061596,10.221036791107457,-11.862839391835957,9.036161203559324,-6.532489129914294,-7.2364975461215515,54.15905296472855,-3.67997118521464,-0.0009417276900302456,13.31138597058984,-1.009172811190074,-0.0013329338526204605,11.89545416708742,6.729560339857374,-9.900425753622518,1.9350179849855107,2.045461555207641,-7.026189087440946,1.6801739263908166,-14.824275617430294,9.966403223351689,5.4521680114050834,-10.154955925052795,16.156212556426325,18.436403719862604,-0.002013446188408899,107.06218394353543,28.21104829914086,0.0017563199789118495,94.04955485480559,-2.0140665900988717,5.243238763548762,-0.004017154785189539,-3.571789559712341,0.7596628918717201,0.005520462225069214,1.8676327526589147,14.1780277858688,-0.8993700894834988,-10.856039202679755,-2.4006523606818333,0.5644301532618372,-7.3767977313981685,15.830621278456132,8.77548197035237
267,4.45,49.570225553659654,11.129702728040991,-10.529306245479823,9.170196002409751,-7.484451637086079,-6.328129828352138,51.40626554547898,-2.8793836695602466,0.008785787028117066,13.921008722716278,-0.6604286653400403,0.0006445595125409518,12.290280366602188,4.474507611900616,-11.201586433943135,1.7036648429053876,3.197925101169328,-6.693619204296524,1.1991588076505344,-14.64446008971661,9.356527857779914,4.14294382478683,-9.978300680877826,17.097974347827872,18.59583427675486,0.007129698640369817,107.5773983549003,28.345958357108927,-0.007070285942645672,91.68800442943355,-2.984005002653495,5.141515037624623,-0.0008908866552619595,-3.284616600933603,0.48647574474802363,-0.021372200563786397,1.4941356324364772,14.840932104076884,-1.1144101500843022,-10.978448137427185,-1.8623158056277884,-0.13032401851617476,-7.232198895731188,15.739030607558188,9.07914765235078
268,4.466666666666667,47.77089070956412,11.19010943164524,-9.60051084559331,10.01464767993629,-7.4540402206251315,-4.416372710279043,49.61717281378614,-2.7261826364192596,-0.005981867162224459,15.559935393100563,-0.3745054118508059,0.0011936139070121124,11.663952767579175,3.40057546627919,-11.548141671012061,-0.2544817323160094,4.270670263266245,-7.431099790395044,1.154752145039492,-14.397922595522209,10.464826897194888,3.3892136232892263,-9.801612508471283,17.74072932565787,17.869733279269095,-0.0038859702605001565,108.45905581687299,28.125905239046187,-0.004663366415105378,91.91677863976783,-4.012126642606873,4.68928652965187,-0.0022131712898713577,-1.9454138531771266,4.294078240471605,0.0021849029268689486,1.075524264789069,14.688663900869603,-1.648897848125187,-10.336687871435148,-2.4020847367253406,0.41034957728448895,-6.872623727331486,15.823922753781849,8.561352886337044
269,4.483333333333333,46.08560338738914,10.993035385905102,-9.73043416696958,11.10684093366413,-6.849609845567077,-3.036722823444027,48.20091129256282,-3.7316959053591843,-0.003550308999933726,18.61211949504967,-0.28021777684124555,-0.003794739948776297,11.2189144081031,4.399956476140623,-10.939157944009025,-1.8342760421514135,5.014689688064468,-9.066516628555313,1.0767800376945826,-14.13470458500189,10.88442108870842,2.9699732703662005,-9.460973906742975,18.071350161938188,17.783389359693647,-1.554981085537564e-05,107.02751372600981,26.773434080965654,0.015269843917343043,94.44408912075694,-3.5314073678687588,5.097261867348429,0.005815180578163068,-0.70667266920056,10.349676973935711,-0.007653488822281121,1.0836836769083886,14.055989730182644,-1.549532953613548,-9.931743720776238,-2.685960557262063,1.3310360882881886,-6.99075514897485,15.662754956581251,7.776522041397617
270,4.5,43.918501102069044,10.502177215112061,-9.023300971412374,12.326757190446253,-6.1620298390430275,-3.107650595028531,46.399523703488335,-3.8718466288592692,0.0037747783429936447,22.345534971998575,-0.36251268560744015,0.004206411605815771,11.460503354176875,4.51180601378155,-10.42354311700497,-1.6174493488903556,5.673451972420432,-10.636527312613778,0.5705245755834629,-13.683577051717524,9.654707420875019,2.3092334482119186,-9.460307131358132,19.6449964722649,18.342735042086147,0.009133232601501664,105.48538710652302,24.4629543715003,-0.004616027101654403,92.89253289400162,-3.026456025655217,5.926885430878557,0.0037020291372433377,-1.0682837186637435,8.520337450138728,-0.023226001206167565,1.3258004061097028,13.212124425441205,-1.0202775606035046,-10.253202951457437,-2.2679479978129127,1.3955621000160203,-7.278744899570638,15.229148772673225,6.8771284450163686
271,4.516666666666667,41.580206421331305,9.129203283813917,-7.486379336925015,14.116323096179018,-4.860524324966051,-2.60600667944385,44.26795949219514,-2.920660149342956,0.0017498357120055885,26.816242456386593,-0.4362376451450643,5.6064124394183285e-05,10.652344063187007,2.684632833621671,-9.520573932285991,-2.701341724630932,5.8680419945121916,-11.517525885849055,0.661065994891907,-13.817445464592774,10.768840030863446,1.2668008551381742,-9.961271438179171,22.43238769235684,17.69100813008562,-0.0032372308548243903,103.26319088412177,23.918393068860684,0.021326463795544693,88.49335663791967,-3.527317278903672,5.387112498493107,-0.006867133620353408,-1.2154617830880274,8.108412367873651,0.02463924040351662,1.3616379759965973,12.092339210974243,-0.8261926525499947,-10.671601607385085,-2.270789242306145,0.8350118485097435,-7.187063749041642,14.979910243236594,5.4197786821321055
272,4.533333333333333,39.284295053226636,7.555273745412249,-6.248279550330162,16.71989525234698,-3.2283777962237585,-1.3724053334670465,41.72506351904614,-2.173412379236196,-0.0046504138503776484,32.689874161582445,-0.4412955007804761,-0.01237191323154736,10.754941171405543,1.7630203523839072,-8.582582848078893,-4.237723397512713,6.599061774290298,-12.333652872361212,0.9864932987830825,-14.160391443305002,11.621559986223994,0.5616579726226321,-10.193809524607113,23.622897601833234,17.376702742828318,-0.044081494629319366,104.00060978305328,24.864922522978297,-0.02023585808970907,89.85028161963837,-2.145851462413138,5.832305392991803,0.01321810954058622,1.7349634100786195,16.95755440258951,0.08710004139198865,1.1458568568003613,10.839530831815694,-0.8548722479964017,-10.860260357172374,-2.19543970464139,0.5222937082975653,-6.831060389314826,14.984576402608198,3.8227730800902817
273,4.55,37.01704060476496,6.15787849649618,-5.2725868864826095,19.536538421024574,-1.836567849109885,-2.0704219849701047,38.88968737595448,-1.5449103960280444,0.0003451200525773882,38.549920518649024,-1.2279769893339112,0.010449739905332676,12.19633908778505,2.0444071659843286,-8.148968424241266,-4.966535660384664,8.226934099862927,-13.12070327719784,1.0324152193208822,-14.047843696632158,11.067478993358678,0.005715355786939447,-9.879271853819207,22.86341592124867,17.52680335857016,-0.04530390793331391,110.01904800772054,24.39491500895708,0.016192220209232444,95.1631789935419,-1.1182019016699085,6.530498535680086,0.03656870201766145,3.9660571237500344,16.36816345398571,-0.008934549873826546,0.9295224060890384,9.674481245985007,-0.7979406323549137,-11.073742720039382,-2.1118369788515583,0.24073461071660704,-6.234228314503245,14.965380797417716,2.4609825464505937
274,4.566666666666666,35.40949162500184,4.652678796008419,-4.476273457851775,22.38285669378892,-0.7913734122873883,-3.9128264216683593,36.550760727476536,-0.5229897806443919,0.0036673422770451157,43.614177526614746,-2.476288549147284,0.009965046304290735,12.821524219734219,1.8308784254766788,-8.481732432502133,-5.2171491664524705,8.620686518250585,-12.439824241710333,1.4270391488651089,-14.168760368316022,13.23067979392056,-0.6732682835295773,-9.553573941668374,22.676816984833852,16.792342559223233,-0.010545845524042273,109.14481125832627,22.456154674442153,-0.010521584833904913,95.78735083531382,-3.498874620705364,4.853218523174687,0.03573923435080573,2.745092931995205,5.2298130299516945,0.07896848206097755,0.4873277399268847,8.818103757753022,-0.8003074821680972,-11.107361424792536,-2.319995357495607,-0.6746637118055284,-5.341812900736955,15.194194161872908,1.2959940412116713
275,4.583333333333333,34.514738230963175,3.548601488436279,-4.008839213724017,25.47218831062558,-0.1879481097152988,-4.3723028695696,35.116244486750496,0.08405583120330919,-0.0033470424706747697,48.8897240002032,-2.4803813752177497,-0.021231270859745084,12.60859377405203,2.191085255791995,-9.46596643253179,-4.6081651277438445,8.16332854825551,-11.489992310168711,1.691313726412681,-14.488137376667915,16.43703255121404,-0.8540541018526049,-9.597459188064715,23.76942472987759,16.79424983556764,0.030826486911454214,99.73743360742434,20.580215806389006,0.002081578252419866,93.26338173392456,-4.928837031500472,3.5482220229758443,-0.02017803475612082,1.8089593883159059,3.235973223230431,-0.03590286682675202,-0.20879122373350817,8.148357029362938,-0.8726318864734558,-10.758423570296475,-2.1183119402127857,-1.119852364679478,-4.7098865563019645,15.64849670045217,0.46719417646258926
276,4.6,33.38319296764906,2.709043953534801,-4.144785930142364,28.468301589275008,0.26328634059660627,-4.052773799510519,33.82646743563978,0.17372779955949513,-0.00010059074837793763,54.32012063506494,-1.551109476161097,0.01384502931499068,11.795849450555787,2.678498577947434,-9.1526221427193,-4.543843352456604,9.587417544104936,-12.71879423967718,1.9887055900965291,-14.85065670040906,20.069847934340075,-0.9625212726874216,-9.764116522829292,24.30733537600509,16.49326333486512,0.006586432739169646,96.33296232829913,19.804044529690188,0.005587495650038917,93.03743967831679,-4.399432182665876,3.2551896097255866,0.00272482428098186,2.0134576389724246,6.675804128747241,-0.002204004962415619,-0.5559713767442566,7.483398000425577,-0.6727983539252926,-10.533131364739855,-2.0356032666884474,-0.4757471536468641,-4.537198818442597,15.740332797135501,-0.23786672444939536
277,4.616666666666666,32.0300759229419,1.4875420487732947,-4.812926625800927,31.14276491098452,0.7244939200374227,-3.9270043168240134,32.68527656527249,0.37799727102060643,0.0019358547005252594,60.00063359260888,-0.45057264153185556,0.010757379209312596,10.136504955844407,2.295893468060189,-7.095603845943621,-5.1257917303350755,10.318994206145844,-14.686766509026398,2.6680551183150416,-15.269037125108467,22.91078840076362,-1.754582745186391,-9.832090187918169,23.544670286911334,15.318575334132367,0.00936572369116831,100.89200780690655,19.883939611338576,-0.0051567058502140295,93.5991830454388,-4.528157292742738,3.1207894570854386,0.007654209596526869,2.158908410731098,4.786665252550864,0.003900518995566329,-0.478453777099229,6.6497293436823455,0.1387036074949512,-10.540295390667021,-2.494340128150447,0.06900359475490077,-4.736916239381079,15.463690408893907,-1.1669345714078403
278,4.633333333333334,31.326309594853324,0.464862411584829,-5.508385566783923,34.04247709873974,1.0826059565296118,-3.418832158274935,32.64503621137638,0.11466454896280943,3.0470267217226744e-05,66.18312568891209,1.0678927388743478,-0.039733292859868666,8.591651577865482,2.4667070568327905,-5.34213414967662,-3.620411653428627,7.906261853665358,-15.672280128478237,2.70780995933032,-15.093657354344794,20.81329952452178,-2.4965700622409934,-9.978724449982415,23.031523573298994,15.781563257932122,-0.0009854606974569172,102.66210154987174,19.467519188550504,-0.005326822040276334,92.50081085181945,-5.542858195711048,3.8665143268420388,-0.0014533895781437302,1.9608041446985534,2.9419341242970782,-0.005691051118939936,-0.6918972979820672,5.61284683194517,0.9932897247937605,-10.52026753493917,-2.6297136088956545,-0.002006620698393928,-5.159508654958905,15.394992705342073,-2.066844060942258
279,4.65,30.41827095983284,-0.10039968414217847,-5.76783596088795,37.39493283454795,1.6674697794282851,-4.138294877699955,32.13909079361292,-0.3436594757056727,-0.002074476183068211,72.00515915401311,0.7580734888550379,0.01836268489063679,7.706009108172391,2.9318895482949405,-3.8288021100671443,-1.1039507330433131,6.16663186608286,-16.103983753897147,2.4827550076855456,-14.61995854885974,16.22865141827589,-2.651662203124871,-10.199471264118918,23.464087253518088,17.11249921556544,0.0013498334636451743,100.21252152927978,19.357079307122167,0.008298645695881042,90.9139369805424,-5.999685077166956,4.231644601599148,0.004881025639495189,2.0318021540566447,3.051631427681071,-0.002042245725717798,-0.8422787305790732,4.832748479087313,1.3684182316343505,-10.58478199158361,-2.421763050608313,-0.0946995067962516,-5.344297837210967,15.385305567980573,-2.775880501818355
280,4.666666666666667,28.14630671338241,-0.7173723247567023,-5.043699997298315,40.14712290147745,2.1311878601599776,-7.561207022612617,29.430401956174386,0.08477030753885088,0.005108514511152835,76.82804682801992,-2.15730942158171,0.025763351628252187,6.873308258197016,2.8738399537188126,-2.6353710132888493,-0.44101752172094405,5.992717063568234,-16.115226776851642,2.7936981812175796,-14.453622823188313,13.287272867213874,-2.6076808978797237,-10.17222632601481,23.34709976824592,17.77780889885284,-0.00840417475098326,100.32726311565742,20.38466287371999,0.002575807114340358,91.12739075531732,-5.185491177948695,4.427000281417042,0.004961314981354443,3.1428044061465856,2.362041338467375,-0.002415600225382777,-0.0074380455338961295,4.238844843340727,2.1876712220008936,-10.50559139998558,-2.337070591442882,0.1764918706070966,-5.75092308153022,14.85817839380735,-3.429337093390091
281,4.683333333333334,25.84330483139054,-1.491792701357683,-3.9449857061323272,42.0154650467495,2.171614535920436,-9.892226336018378,26.564077447041306,0.8189959706061655,-0.0025551518185197093,80.64803256136177,-3.444943872438508,-0.02696132115688868,6.71588808913702,2.803711158383922,-3.215345502374442,0.7032255405022462,5.707197010920612,-16.29947367029891,3.5438240558058522,-14.332590721990071,13.40691437754766,-2.5286877201171927,-10.008691362559777,22.34551736429531,17.684516570919254,-0.0059250288803329295,102.25168595829133,20.859927904407535,0.005172602695041976,93.94888983792794,-5.203629990200395,5.279865324170355,-5.7950587881219175e-05,3.4015910207528024,3.242058624561474,-0.013051197954583961,0.8388620202211257,3.37907810465811,3.3491150464396973,-10.166886342243181,-2.144930955697711,0.20461996537605104,-6.341560564068279,14.33823732568376,-4.088439012662938
282,4.7,24.25228478023277,-2.2255888898724185,-4.140951472901106,43.95056520771182,2.067835408210021,-9.203102737213642,25.287824261951528,0.8418747147673807,-0.0010867518987769161,84.20190172514324,-2.0581891932504015,0.003526002056888421,8.52812303627268,2.851090490437853,-4.068708195311146,2.970847965291004,6.181860870846277,-17.00530373457448,4.205720880260081,-14.34952022511865,15.180196151153615,-2.5363737421475134,-10.09012882845557,22.224542013911748,17.32876742552905,-0.009672275235584268,101.64596076914124,20.75918692584015,-0.006300430851969875,95.88861956096984,-5.255258372520678,5.314638130870099,-0.014328611919881221,1.9295807365995654,4.19463672922173,0.0013794287718827294,1.1582949799257962,2.6161466927817845,3.633165847670212,-10.147894118855943,-2.0456764326484627,0.007711808787091787,-6.306069102196995,13.943526460747819,-4.7176594469264925
283,4.716666666666667,22.844259598530694,-2.8752456395015358,-5.151971989418943,46.08918230618171,1.7691082463979035,-8.512726228413696,24.571945174970143,0.4161643483429583,0.00026446874466949335,87.811632566142,-0.711394041652923,0.01137576907313158,9.403568881867889,3.922348724807594,-3.5078501627644787,4.821143009588594,6.452675796472746,-17.2869687703607,4.042758925810896,-14.3416265592508,14.432249069552814,-2.843157879649641,-10.199594297940532,22.937191032113095,18.138312923145243,-0.006898975805331937,100.24975864236012,21.356938685436607,0.005354517495838853,93.32252375152758,-3.987132264802876,4.473653978132284,0.019365381029375617,0.2716694244863132,3.6538345845516735,0.0032088056707494155,1.5824820800001644,2.0398435876443366,3.676337773382922,-10.248178109951391,-2.1104690334117455,0.14020112110128177,-6.224265523091205,13.346720503045006,-5.336375847165636
284,4.733333333333333,21.668100442152074,-3.268423319204003,-5.037332996188116,48.314434886906234,1.5546996704082803,-8.791746833061978,23.32595588100653,0.31155633850904385,0.00017777941227793554,90.42769684357286,-0.18928506174485676,-0.010847283698444675,6.961953296480934,5.1758970224814265,-2.8599825239757544,6.781617741948447,5.185280047022652,-17.191368840806245,3.869287577826288,-14.016137523986663,12.450052163680386,-3.1884100373615416,-10.251992526865816,22.54675966524411,19.120707267752092,0.026031444673519318,100.7637514413979,22.12695844875802,0.0017930423644318316,89.10080403233788,-4.255510048204102,3.5679518359536946,0.006292723137591833,0.021953576406444172,3.8840735124287304,-0.009200025607585018,1.890204732840624,1.435844037756203,4.17971297101032,-9.906464151336575,-1.9284499773370571,0.023629434999748167,-6.350007534684185,13.014955323460928,-5.831492136086741
285,4.75,20.221437444768604,-3.24876494110706,-4.237930639914947,50.67337874801974,1.7392987387959242,-9.156950796349648,22.056260472986033,0.3662933966097882,0.0010085334526614546,92.02822213008659,-0.6381980541909117,0.0062705755725470935,5.568388704521272,4.884573521008703,-2.8815130335017436,6.95166808529185,4.771150683492271,-17.464025333174487,4.003115685989819,-13.770080920949653,11.95751457130631,-3.12805199906175,-10.557575172755246,21.145507024565376,19.910493992297614,-0.004728195911372803,104.16535862266001,22.390114014652028,-0.0016892013102816,87.7235732471644,-4.478796484188445,3.7374519259714676,-0.0715880934806982,1.2609735744452968,3.230589619050139,-0.009688860369077299,2.3997815503111313,1.0979400949950946,4.3395843031934325,-9.800899798496147,-1.9907963589561248,-0.1639180599818236,-6.0841796968818,12.57749036789451,-5.962731809661644
286,4.766666666666667,18.361471485463053,-3.4011253147353258,-4.6203091573354715,52.681575870299106,1.9426763536111586,-8.456420739867733,21.32712553595568,-0.11825120469973384,-0.0007728736768393914,93.24743864090308,-0.20673805578735097,-0.0006350938028187914,6.514474858031217,4.809126934974223,-2.189499009095746,5.963511759660779,5.43744727421446,-17.52217600011069,3.8216448380737518,-13.621168684641345,10.851008129944653,-2.756039319219194,-10.812075196716671,20.43965859415258,22.10512882810661,-0.009615731683300446,106.40402304783221,22.3695611309998,-0.0037045830043011315,88.38689657744794,-0.6850885002883419,8.025018682393227,0.10778411491662425,1.551516773032308,1.8739245154388013,-0.0028961404300213247,3.439187009214784,0.7013742023504588,4.228433088810122,-10.684737001134863,-2.3551984735463747,0.09164301590067674,-5.81628704809456,11.71123535142485,-6.226497408836094
287,4.783333333333333,16.72633612788808,-4.043033529894314,-5.421739817608459,54.141916055597534,2.0931656749557943,-6.847939624032452,20.45365473081269,-0.5899253096668163,-0.0004324497581506646,93.52668483555172,2.0828204588125856,-7.732369245338885e-05,6.524255127111215,4.9603943762007425,-1.529923870913852,7.230736262187084,4.327668804351453,-16.423196946652535,4.107602549157807,-13.586879168448252,10.67048746399837,-2.5444292689188193,-10.7248718422382,20.55006642109916,23.277994968127,0.013494797123754657,103.65880721809951,22.106731631997537,0.0062954280731122025,90.62998958894259,2.1325177471744534,12.534091439177953,0.0871587827950406,1.4737621804256864,2.2988360469215525,-0.014194656823401094,4.202490021632432,-0.16425828151109312,4.343058149615496,-11.612739055947216,-2.4003190878412006,0.2808438394167895,-5.758487357311521,11.064759609234091,-7.072293620678965
288,4.8,15.450602155250209,-4.585057062706395,-4.510840909584136,55.788370574738956,2.2820184621007673,-6.703759069922472,19.337290705159514,-0.17812349197932698,0.0025208660238955185,92.85877184834713,3.2041125263520214,-0.0020238591270635093,6.704679133460169,4.05280633159419,-2.9597203439163833,9.25642252772439,3.278894700537387,-15.937109790167796,4.434495441911806,-13.98981731596533,12.969094548515713,-2.318966021204048,-10.651806613629253,21.401896492320795,23.036151762474464,-0.10685413128671606,108.06665348017876,21.68700861765929,0.0062129607363701315,93.46462738732305,1.0133785839731748,10.90043064549429,0.03426185966468219,2.54497824321506,4.448414401034032,-0.016845972599864697,4.419493587650286,-0.8458900378168648,4.427033943986542,-11.506713922876319,-2.2964977627373173,0.44733975079165206,-5.508100470165085,10.74055633410086,-7.757508062666985
289,4.816666666666666,14.161856967920656,-4.74199800009432,-2.6478301332552574,57.863660967403995,2.0828359192759094,-7.957106000997764,17.945419176108253,0.2541865915954829,-0.0031971994622559756,91.84936259759641,2.951099588411167,0.003146672554644797,7.166500833617576,4.256263730668442,-4.174271754128607,8.766521950643375,3.427293353542251,-17.382171818885528,4.041698124672902,-14.421240222315388,14.221615438413979,-1.7233011639526246,-10.566091995277267,22.652636690055427,24.685224611677736,-0.12141539678129791,119.20343213085158,21.341074298038016,-0.007912659831525969,93.14377290865687,0.39368846163474286,9.046235796808762,-0.02214394051207517,2.5101658704856775,5.622441920991415,-0.010246062416603127,4.6437151325525985,-1.16058798169054,4.808475288102665,-11.287296149017227,-2.4435669154209556,0.8177956284136274,-5.561672422604394,10.560799300527275,-7.889047037042136
290,4.833333333333333,12.47402709779723,-4.853875563469569,-2.1188595551562743,59.402083181887726,1.6535758982277504,-9.130694158675686,16.045336844856756,0.06102386647634464,-0.00293372395347617,90.51736941520375,2.509128401643991,0.00031450657922855963,5.4146564108326745,4.807457665855727,-3.262501679559013,5.908292202446756,3.2695227609926354,-18.797956353184286,4.017284878452176,-14.098700613211987,13.28164461981649,-1.1362654946356578,-10.33425502052417,22.523909724950137,26.76334882903926,0.07891660080000738,117.43738244228226,20.942735533489138,0.00015847116842779998,93.5049604398719,-1.6428225058964367,10.793126588132928,-0.0009687420388586936,1.8306859460651796,3.7078641171211655,0.002429048894665521,5.281377504807656,-1.618617083583479,5.424463780176882,-11.644592336520443,-2.8382941918459172,1.3127406714111944,-6.001779898716537,10.29331799197364,-8.011550718033597
291,4.85,10.764392870891008,-5.3243593609683355,-3.2680176685797626,60.07709012195152,1.6021798546208748,-10.297024931708743,14.815370775931473,0.08143852340695742,0.0024400443178580287,88.78267294213974,1.2740678885144863,-0.0027578559961461365,4.167771182525585,3.949181836107613,-2.7433356683545136,4.961875355128122,4.689079820744652,-19.412106042800275,4.543891658260576,-13.613179579416233,11.896513064946904,-0.5355351249669359,-10.355132867518915,22.178690776008594,27.594377703207403,-0.012821161247413976,107.8724717585798,20.652238066833664,-0.002321401410915427,95.79145191549254,-5.063624868266907,10.355040684019311,0.007474377377961973,2.530845091055117,2.859878137565594,0.003190996557486649,6.222360283331366,-2.269200290710042,5.526948948297367,-12.084263885017899,-2.9974838995427704,1.8770050784683556,-6.029195178038131,9.686596514908084,-8.377369728888855
292,4.866666666666666,9.557368631472432,-6.018450623624344,-4.998487718662476,60.69490005752513,1.6898838439147585,-11.335869266735013,14.274677806543256,0.3181284170333455,-0.0007838901529759232,86.2408632725367,0.1587214539185954,0.0027132159997529633,5.953453482747829,4.25457245791923,-2.805248245786007,8.891931762453748,6.652296551898781,-18.702320073098125,4.9677957210132035,-13.838291779733124,12.28708127733095,-0.07180758721137608,-10.510923351337054,22.972431826665783,27.878219010477455,-0.012741256373378902,102.37365156698807,20.95651997147826,-0.0004618738685723584,94.46599314412903,-7.1332723864966106,7.257693339754071,-0.006248141483441461,3.1157438530894797,4.025281087493747,-0.0006792368432079514,6.845878655654438,-2.863440826597615,5.51169025514576,-12.740045924651051,-2.818165234149598,1.9787852290449541,-5.86688662608254,9.25169979970952,-8.774601128943932
293,4.883333333333334,8.74364339095461,-6.347884543657101,-5.867663294717915,61.66494593209902,1.665093358557908,-11.895325681056717,13.44064146485318,0.3596883184848465,-2.365448670258054e-05,82.63521412342163,-0.265792279084944,0.0006750435691881737,7.602899283035617,5.726195022623075,-2.5130901790997195,13.230324203637972,6.917568951916382,-16.330077848821976,5.175842091313413,-13.89920695989091,13.758169669543095,-0.31312323035133216,-10.466768180800175,22.92242897267437,27.853549209093803,-0.0013662844361342782,100.1831085589219,21.783897784777754,-0.005082679897167732,92.60464006296752,-8.836596092678787,5.987826362061012,0.031799517904515184,2.515230064780566,3.7047783192056953,0.0013030540659848108,6.77781729827603,-3.2286394633494173,5.704968789758135,-13.341533192649024,-2.576522747610477,1.51568164182536,-5.900795457491537,9.39123482554786,-8.938400216761691
294,4.9,8.34287087086278,-6.429312470395383,-5.593152348972254,62.581535283685874,1.8494227142235566,-12.297296785791252,13.085639315671902,0.48477589758387485,0.0006662734354886511,78.44687413907009,-0.7881286348955742,0.0014176118270246797,7.147470626643335,6.04205615290077,-2.6559268975933423,13.490116961643965,7.533343608319086,-14.828364160380278,5.016101835489108,-13.391544481945907,13.09255107273198,-0.5743968877474674,-10.437732533770001,21.44564954397751,28.17885665988182,-0.016076124557319344,102.35619841332127,22.493297569893627,0.0010068621943767214,94.2055657403689,-7.602379230777974,7.225872940874252,0.0245901281602992,2.3124959278526016,2.5020473419126303,-0.012708636071066925,6.451474907913297,-3.4093467564608617,5.767184731633645,-13.160260455663417,-2.4195738765708885,1.456687084254348,-5.766710727088471,9.7277962978746,-8.964475132068474
295,4.916666666666667,8.191773713623125,-6.710787784837169,-6.083503106976252,63.211937954601275,2.2946649299728707,-12.742134830190032,13.22246411359386,0.7029710963247772,-0.00021268828607061936,74.36293795322726,-1.3989938971196854,-0.008848219140909833,6.480865909839722,4.712409629792201,-2.4287813632949535,11.485444569212016,7.6555698930465175,-15.007592710206712,5.187849752004284,-13.312938605489434,12.249293802154881,-0.35536076088080015,-10.41990263534443,19.76637055856842,28.078028008611508,0.006014996908226464,104.86140026951881,22.681504292901103,0.0024761433660661597,97.99423392860872,-5.411744147346215,7.895516776926379,-0.014916408243965378,3.40640830313484,1.3128789176629374,-0.009569793207404148,6.361060878013937,-3.4839094688506784,5.592375283155052,-12.937591487253838,-2.488334847577379,1.835887580367763,-5.330046022156615,9.995933149731712,-9.073286933390747
296,4.933333333333334,7.493856364139598,-7.154074180423863,-7.109892821542388,63.309885803513716,2.588725643952951,-12.597869676715076,12.761621136249259,1.050567459845742,0.0012403987864111473,70.5914757662494,-1.2371316517581745,0.012401543331836594,6.920555369915384,3.4386572469375376,-2.1716534468854287,9.191878470851172,5.42949871942201,-15.153827673208548,5.947953844136344,-13.651871452972177,13.937879595622567,-0.3618034649066169,-10.423954666428543,18.94395626323762,27.390356318453016,0.007201359773201356,104.0310728652464,22.710898576400528,-0.007296946012410818,100.70501343715675,-5.872880357595147,7.62356583777016,0.004885233648007427,4.5115808552518635,0.8062945066443363,0.00031441298008149987,6.636426650595913,-3.71350509072862,5.377938709097822,-13.466915709837474,-2.401462650475398,1.5661639470590971,-5.087739782849575,9.96166687458586,-9.194294134633418
297,4.95,6.2127433092872995,-7.454788329477052,-6.9513232027917615,62.479283031029475,2.607874132103594,-12.539858333619062,12.092035593991929,1.2542413949697275,-0.0007204627030290062,66.55828903976527,-0.8412053332692876,0.0038776182733736204,7.454243595896065,4.414641686103147,-2.795268366627789,7.710095347424455,3.7157281054157076,-14.662110342821276,5.883535464454463,-13.595557462997538,15.078567297497557,-0.829194754353423,-10.601244478328896,18.933613004535204,27.894671766128855,-0.0043623820289120435,103.77104678795939,23.19569008268067,0.0102378311986621,98.4388538253807,-5.750114336816367,8.634094325649974,0.0013293853157006186,4.8931551010516054,1.5016981018806395,-0.011616999983557811,7.005410426321668,-4.1859909387000185,5.4728880546608405,-13.804363325243626,-2.5486839609274266,1.0674327821936238,-5.285388840440055,9.548429162178468,-9.296549670535164
298,4.966666666666667,4.875299835818591,-7.423866790970213,-6.910397738003307,61.16078793267309,2.737312231580858,-13.536223238669917,11.775512109414374,0.8879604125421097,-0.0006823860940150684,62.289433268063476,-1.3620261908851115,-0.020863202408974768,8.20612257168276,5.5153184110493,-2.5679016617293766,7.268318882029248,3.534369039124622,-14.190463872436254,5.213681288408172,-13.288618498956506,14.507504193092274,-1.1050918963233278,-10.686774705593894,19.15578288968563,28.609475940611123,-5.281104292160324e-05,105.70729255260106,23.773552491306386,0.0006535120491001861,93.93846751881294,-4.249079163150143,11.225102750867817,-0.005510231816442832,5.375439886269328,2.1107635770273343,0.0007499577857640041,7.321802928438737,-4.473856305383789,5.459863019708246,-13.559141596394927,-3.1386090494144376,1.3623197836773844,-5.459182310320359,9.06103086835772,-9.407279845026132
299,4.983333333333333,3.5999383850186453,-7.322442366144197,-7.653487103953015,59.9527460802398,2.9613541104082657,-13.621209261091908,11.652262978030494,0.41996445922046616,0.0005760816633441642,58.74333211475519,-1.3115465818251155,0.01517406685985219,9.538322506898853,4.913077605031094,-1.4048840512292065,6.0155327710114195,2.8499611651139665,-14.425755159333518,5.665034587600015,-13.130812849210724,14.856534438030229,-0.9538220154444074,-10.59161394322482,19.41911876788263,28.1267286428761,0.003348698302606152,105.85579972907003,23.74925523006627,-0.003262884917482655,93.08562555981369,-2.540135422726207,14.620169662276878,0.011637731453829066,4.8055316907271495,3.2946929268252263,-0.023980687942289757,7.906034636420936,-4.709823789620789,5.082961181057932,-13.744341355727302,-3.0752659838913763,2.044424120162918,-5.606532365283069,8.535529908734263,-9.4751577280318
300,5.0,2.915577791739953,-7.228415528510367,-8.655459528372086,59.524955593981005,3.0153235581752433,-12.318145163673341,11.501640236751639,0.16107322758120232,-9.812232122151108e-05,56.380876683349726,-0.4951052811203382,0.0019432104599987913,9.446489164870087,4.306427099026131,-0.22948419690225874,4.740628648402727,2.358407366578651,-14.333239307039685,6.472857837513955,-12.866196755235137,15.410131942762858,-0.8598234545788318,-10.454948730418971,19.19941805869698,27.409465782978764,-0.00271360446658237,102.64514131255378,23.517561646193435,0.0016617928289290465,94.87223529831675,-1.0147519356035857,15.933040226909574,-0.02149214279094914,2.939400098581148,5.2494524954291,-0.025125366908447046,8.088050009066675,-4.906548108118187,4.970032749997517,-14.290033316889033,-3.007411201271348,2.635756382997782,-5.784645494808315,8.47123923154145,-9.318847505601033
301,5.016666666666667,2.873223082399954,-6.912016348376737,-9.611995489162,59.90090923133358,2.9755981539782894,-11.620088412202048,11.289086857201118,0.1338107203698028,-0.0002678376949450077,54.82781359788139,-0.6637451824617009,-0.007347241903439924,8.525251279747074,3.2292173184131134,0.5857356482758059,5.218844263786433,3.049381283314609,-13.547099937717661,6.377527059187354,-12.653866299958464,14.991548614853404,-0.845851190568633,-10.455911177536043,19.0469299512816,26.958189162552657,0.002363808043852521,100.5967042109566,23.535055016213068,-0.0006860803526455309,92.45334178622804,-1.8007036536144567,12.742188630472203,0.02290514756136845,3.0363330817393237,4.953724827984172,-0.005037799936064472,7.50908895129075,-4.711201399438728,5.182212618159596,-14.8133033513175,-3.124677450540676,3.0622631016385884,-5.7507931330984,9.082654708236712,-8.862655306184918
302,5.033333333333333,2.670900124747002,-6.606948493440606,-8.894179506340045,59.81751361258988,2.8861019570132944,-11.878183649535561,11.448047929724186,0.26934803892221654,0.00039402362813101266,53.681513093496044,-1.4263194232205592,0.004694401798984659,8.830279036057489,2.6267556718182425,-0.3665509987173484,6.47168430652266,4.156453524137629,-13.449704344053865,6.210746337316137,-12.800748946750419,14.89457191951418,-0.6297033128193701,-10.655924786130516,19.474697659718334,26.52600260981825,0.006104498436340706,100.3810076042199,23.471226617643882,-0.002136013758212639,88.35754755938784,-3.981524296000183,8.61106737705423,0.009502614574991686,3.958767616256028,3.2954064051290186,0.002434016038959674,7.313371538657225,-4.641921908183247,5.482056571313172,-15.48430612852535,-2.365192212262015,3.428559178832995,-5.880146079341643,9.468545230360851,-8.469907671986434
303,5.05,2.6260754318546793,-6.392445466675507,-7.438206328482951,59.470961943346666,2.751407949690675,-12.70715518668826,11.984528231843042,0.1903628708362481,0.0008627396664161781,53.082990496642466,-2.3811041126332815,-0.00017337945488696792,8.905965527613509,4.456734535441828,-1.9273056363142171,6.612455172251783,4.605462055954927,-13.535121375524346,6.499500899982566,-12.975695339223046,15.72594474141505,-0.5851212535639285,-10.66867025852936,19.46527871674564,25.634389314242508,-0.00894441200902483,97.63403166075769,23.15437834173133,0.007493877775216011,91.98446288171088,-5.102585130344163,7.125120361010862,-0.01197779219568188,3.155979908850069,3.2282210045200808,-0.0008094342395625926,7.266168090156094,-4.717805337537876,5.933403965831678,-15.846005277496467,-2.1995728197102773,4.00561291525548,-6.279976464115176,9.760712582523903,-8.172780644084101
304,5.066666666666666,2.9575529327827854,-6.111402671590963,-7.689327723640183,59.405981539740836,2.590579306820379,-13.008619295087982,12.653634326545653,0.10323368144619774,-0.0008929179375216106,52.955445322773976,-3.0923784662730434,-0.0015237415330526857,8.790366763728901,5.414258155257682,-1.6323858316148083,5.815154023124126,3.6511599991100514,-13.253708733284775,6.81764015157451,-13.119575459239625,17.247019287961542,-1.0908166431962567,-10.503063669870677,19.056778271837658,24.715625498870452,-0.0005068559063005584,96.04051300756338,23.191701242839947,0.003106245967004596,96.8780260013669,-5.893591157410775,7.459457221976086,-0.00904764265190977,2.0348845817457266,3.9685377278865657,-0.0018983647662171137,6.751084781710035,-4.40704057203017,6.200707185378123,-16.13483378377657,-2.7443549113541006,4.418079594472681,-6.542330129401633,10.331043297381783,-7.676494778817468
305,5.083333333333333,2.91389706349219,-6.166665589220442,-8.564055909031596,58.79060751754411,2.796931519494086,-12.085890034326335,13.298340255672912,0.11661705455151254,-0.00032774723853174983,52.62988390174272,-2.61370182042144,0.0015378234812157842,10.25180251097407,4.503565886855486,-1.020039677865205,6.150657359614572,2.794858152727185,-13.832146639074622,6.620314015893586,-13.158522972471989,16.97424012827232,-1.5652545660611363,-10.379183443009326,18.730035742972532,25.315172803552635,-0.03818715154662842,101.06758167777498,23.65420473898261,0.008216206332244617,94.42839376590587,-4.674213853212764,8.945633958493728,0.019626842693062585,1.691174961465668,4.933008592790545,0.0035358448260541194,6.306865825200817,-4.38428551852647,5.89932436093474,-16.668548143181514,-2.3538387934289102,4.702150958662109,-6.501159584692315,10.67445691689483,-7.492110526226844
306,5.1,2.864790653086045,-6.785165400015705,-8.489120651968655,57.98353449827562,3.584152099214056,-11.391261953537438,13.382702286151565,0.07662575566594708,0.00029415967862741674,51.839131736409186,-1.8682028003480124,-0.00019516895466640367,10.08062278435422,4.875453939629386,-1.8642401431683242,7.529016490744128,3.0069098940529364,-14.842282699395666,5.665699186484674,-13.122983756465059,15.039381911928915,-1.5941738986079146,-10.166509510182653,18.096749123844486,26.584649930353923,0.04804232103748266,103.91969789972158,23.808447321948048,-0.00866295718889964,92.01519962918918,-1.6618840694562635,10.412634381316035,-0.014188222174998847,2.7820440295435582,5.544511300749967,0.0005635858220063515,5.597030894110314,-5.011083739690535,5.409661289569321,-16.772127887378677,-2.1781201452144074,5.023172910353907,-6.189719957669324,11.168610867488344,-7.996379200035776
307,5.116666666666666,3.1157136443755795,-7.372772261086193,-8.138878308798333,57.608549248746925,4.326565847537714,-11.397915683599935,13.187451890332405,0.24647884461772188,2.5765444281380187e-05,51.20320108205593,-1.809198709199013,-0.0012871472989265309,6.217680813587311,5.85832926287885,-2.215385401136154,8.519885156420441,2.519222180490268,-15.114365907549944,5.02834776113329,-13.295984202206727,16.629577719317,-1.5989062635775129,-10.024183058905438,17.599391360624935,25.674858372663422,-0.010138357355392098,97.604857362426,23.33655915814525,0.003995777868431805,94.47282605013832,-3.189370553809807,9.115370055954562,0.025885322167265506,4.002214518502853,4.366455127950138,-0.004980135290871351,4.6150054306281945,-5.5608029896446025,5.175504428005728,-16.862761225395342,-2.7231436188917253,4.493146508462256,-5.904033253232285,11.951320904106444,-8.39628623915668
308,5.133333333333334,2.949276566044419,-7.7143040488820205,-8.194592075535736,57.07207421741915,4.707228190620139,-11.203142387772361,13.415342891334065,0.4648919941444991,-1.5015211292664364e-05,51.28888686405512,-1.9805253799741822,0.0013317930050451073,4.007464434545425,5.741674689199753,-1.1343809951332327,9.405365581118636,1.621204711465112,-15.200114600915795,5.193632944285443,-12.994938348435111,19.55663811600481,-1.545411115590082,-9.970880413662405,18.018781073406483,22.80892493460634,-0.014219687282908497,91.3066712917704,21.983534764975346,-0.0007137170070672657,96.75105620149185,-7.306318916956648,5.4935426236281115,0.0035648027752861445,3.684053240008467,2.255968852603047,0.007910005497969424,4.079742831167758,-5.958644593306782,5.05582090167897,-17.242112076592473,-2.536165639259376,3.9326924079599896,-6.082063777692749,12.317000843969527,-8.303201958952943
309,5.15,2.776486315975465,-8.359254201072915,-8.43997790060066,56.441075263946374,5.362751606879753,-10.979409160431995,13.89174475796643,0.5257213135906248,-0.00018221529717005725,51.395180057531576,-2.286726369575801,0.00037047125147384553,4.861725496352271,5.494655851200424,-0.6059540569466454,10.393791615626217,1.7091731521894602,-15.611912491493333,5.083675961108359,-12.498016483085307,19.57662933440378,-1.61283951280602,-9.971972656977018,19.291480693339206,21.225967599803223,0.02362233759887749,93.27927818405408,20.940992934336357,-0.004213185966642668,96.10440357587582,-7.103933525128761,3.7565680051667343,-0.01614382890916875,2.9465305280197875,2.076690186649695,0.0033452966275136697,3.522179922570213,-6.538210137995689,4.650017941398065,-17.28059164185293,-1.8971558496681162,4.83826816907431,-6.38534587583352,12.642578978804094,-8.341457503123143
310,5.166666666666667,3.0090886300320134,-8.829738708722509,-8.326108602916374,55.668177606043315,6.277877728661445,-10.765150261065392,14.255725086215802,0.5694649357915846,0.0003318105167468491,50.593404731491134,-2.796505818403767,-0.002635078312857085,3.924323703134693,6.124668189599351,-1.3413209271708202,11.097586664029397,1.8701825680026583,-15.984061276152723,4.733684317717968,-12.96477819514509,21.679012459943277,-2.2375685043801727,-10.073500645390835,20.21783466381159,20.785816807660755,0.015575642472829774,94.63261215400948,21.51270874166368,0.0018531967313893149,95.45751767624205,-5.152455818169262,4.913864971035862,0.011851247422828323,2.0592422820712533,3.870828502450714,0.00247719653742655,2.7537848713728215,-6.838717340739131,4.190288370455795,-17.249310332367628,-2.0006312459227185,5.462571890966189,-6.26930657557807,13.198885980250285,-8.36407906446559
311,5.183333333333334,3.1653061635887765,-8.616757368163745,-7.411502713419156,54.298662724377216,6.387670094361073,-10.16268417990028,14.569817384768237,0.5453834241533828,-0.0007592472684390855,49.452490892169344,-2.8533097760242936,0.0021133214118815493,0.9762739449697136,6.4461659621697684,-1.7681310177842553,11.846539767387743,2.00976328990637,-16.35351736500257,4.7729485520077235,-13.274025716947762,24.6268086746584,-2.504956173945282,-9.782998506013197,19.65682995970714,18.96751815496829,-0.06580268584955647,87.33324480644765,21.42959662838422,0.0015185918313658073,96.02058538204291,-5.426069208998009,4.680744260909238,-0.004130346838143706,1.591781515388326,4.038418250404327,-0.0009217340220792148,2.2006734014340825,-6.721616696011231,4.406860951266677,-17.274274167612592,-2.5072162152437394,4.881993653258568,-6.520065160828468,13.444835173997536,-7.88087941031811
312,5.2,3.3999804666448505,-8.889603524587091,-7.125291728751992,52.74108239647377,6.129367999958559,-10.156875065133699,15.146784768859114,0.33389333457980225,0.00019550127485391445,48.39275602359465,-2.6774453649539405,-0.0011802550220775974,-1.8067505430560407,5.643780377184858,-0.8605220058015475,12.378824463903864,1.8880077337785488,-16.454436929922792,4.621666624746085,-12.594433515907319,22.160574573294134,-2.1451730561321405,-9.205191069435317,18.66753895743872,17.31709930932521,-0.005321988418099839,87.14643329563214,19.89898043185668,-0.006099206694955669,94.94658079293178,-5.978790642369012,3.0084948568616623,-0.011088968776503448,2.3692216274048428,2.942412275899968,-0.004674956246995097,1.7275832455229843,-7.044233352809251,4.76545685819578,-16.793228865001733,-2.443920555253773,4.98912222563658,-7.305317486577211,13.523568985491723,-7.675876199513162
313,5.216666666666667,4.0365326929771275,-9.381791777337192,-7.752090146792956,51.08738072802203,6.418138887419792,-10.38626002979417,16.206935116599464,-0.061106564837408665,0.002121065487935085,46.91591497316544,-2.9396165797574905,-0.002890259363804571,-5.1880967836836875,6.31101662398189,0.3237344963127993,12.529029128096385,0.9928768254349041,-16.363633813722505,4.118906173549154,-12.33315777933083,20.11160537460778,-1.9893539794582635,-9.025683508560263,18.72337251744157,17.182564461384658,-0.03343194510910314,96.19274937047008,19.348233728064262,0.008034158403784662,92.59939758666866,-5.052359518677228,3.854132274083592,0.01397422364934663,3.3781231445343836,2.935336846223214,0.0018798725973516207,1.3207904639188521,-7.311481312804876,4.860445704982519,-16.05171379117168,-2.2153519276946385,5.694025502967007,-7.625327512558126,13.676840732072902,-7.606905078632821
314,5.233333333333333,5.121296994211377,-8.656869499484543,-6.420012042762877,49.400827398501356,6.32170417911362,-9.286013611128935,17.935629543512476,-0.2178208985801097,-0.003954650188944488,45.570117871513716,-3.101009999954502,0.0030890403883791673,-8.668655537775507,7.579431247502789,0.2967775287033578,13.123465200611236,1.2743356324098787,-17.224115150035896,3.977589147738124,-12.670699163533579,23.366288327037278,-1.9665653216531196,-9.353354552741036,19.034906630756915,15.868593674631494,-0.06375495073162715,94.6881286681686,19.563688798000364,-0.0004364733215284771,92.37019575280593,-3.46197527732739,4.966416280714087,-0.003001543433542317,4.2367438639429595,2.5144207700210726,0.00039164084306361557,0.7846416505049968,-6.520043087497676,5.223610716183763,-15.68701577073708,-2.3761275992565727,5.604141431980794,-7.798494263805882,13.790153494154232,-6.554259535627355
315,5.25,6.327797309232475,-8.043191761439935,-4.11606279901245,47.76345871162581,6.109567772702091,-8.483166974383769,20.56008655260038,0.02093608268389798,0.004476725881012301,44.445761624560205,-3.051242675212524,-0.0017168550210225778,-9.796325450528311,6.681233380900132,-0.8111869191438349,13.653040365053737,1.5103363905321041,-17.699453365353275,4.190695070992405,-12.685984844484262,26.603808960656337,-2.0714067639779237,-9.687715287373223,18.17781483959294,13.691023659917612,0.056041399484808574,89.98599778706772,19.526054480602347,-0.0012022120353618855,94.28175445971345,-2.15770500915871,4.536348170374105,-0.014667317580476883,3.91983271691479,2.2229389668838047,-0.0051871357032031145,0.06997077557302017,-6.002413741440445,5.1708657395916795,-15.482845357753234,-2.5245661445080794,5.267268561828442,-8.026456919233555,13.77280680454194,-5.720990540864697
316,5.266666666666667,7.358769319340116,-8.584338481202304,-3.569324481871766,45.66051996215891,6.62376078605221,-8.86394268404745,23.871654053036007,0.37563358764500665,-0.0005224288763441736,42.88066090828627,-3.145882098504205,-0.0008107202513366903,-10.604346764646916,5.452298046572691,-1.4443476715408776,14.11265673157584,0.5363834851457838,-16.635900574817867,3.568864972517591,-12.756884183011408,25.96770729541477,-2.2051494678452626,-9.732721228059296,17.924924924251947,14.28049247857459,-0.024589938078918933,94.41528878774353,19.519834423887062,-0.0008991066185082932,94.72825844025924,-0.39650262701603184,6.480039605667219,0.022294350567142095,2.3137051098487413,2.9731316386647126,-0.008039686502739767,-0.2746997227660552,-6.320034043352801,4.595294371742894,-14.988610604867478,-2.446412353818604,5.75506383157927,-7.800971895076081,13.492884086638684,-5.9256327856154645
317,5.283333333333333,8.578673854592484,-8.746278928156649,-4.278470252950883,43.71259041833228,6.867271698889873,-8.713176288000142,27.289748516554493,0.3667051049763843,-0.012553559803639742,41.62656922360539,-3.3555647116171756,0.0028224279174031684,-13.392095596238295,5.202107190952468,-0.7938777083949712,14.978592874264907,1.9344555550095164,-16.38949940886766,2.1177582372144443,-12.967718312658848,23.287207282585694,-2.0405604171504907,-10.029031816328795,19.865547996880142,16.753918566754894,0.011964350375009807,96.8398512618432,19.241544328615085,-0.0017874025129017415,94.22008952530653,1.76666106765308,9.757416259375827,-0.003694457147319876,1.6292755434149184,2.274929014369235,0.007165185514664359,-0.5582935925452216,-6.126441316083269,4.344084496294307,-14.33488858388517,-2.0902864821437404,6.496542318364881,-7.576800743670533,13.209317544601342,-5.74096780607844
318,5.3,10.572559920604812,-8.6651638784566,-6.152056571745709,42.41132473811544,6.885747792430575,-8.67629031268874,31.22030641197247,-0.7658107977743325,0.017535475411910327,40.45340073101538,-3.7145907604829573,-0.0024688086141626594,-15.117663676665451,5.721081637481208,0.39462020269360704,14.688373854120544,3.8025678389826707,-16.378159367932096,1.4039551145162463,-13.134925581976693,22.494752305251172,-1.8366504502981813,-10.364621599635006,20.558893080187776,17.59006824253538,0.01511206694727585,94.41965450677431,18.8438176385219,-0.005377377696747937,96.29421429852023,1.831008430169103,9.705683370699422,-0.0008394855855362249,1.5668674989292124,1.8561750672330473,0.010471929534036044,-1.2515778366639652,-5.753074531267949,3.8715416576616364,-14.018959637112003,-1.924244215070604,6.901362985889771,-7.473570259254638,13.283569977280072,-5.382183122563389
319,5.316666666666666,13.111333520357666,-8.745759803506292,-7.12526021132866,40.62521867191163,6.95420608070182,-9.114547346702055,36.17039295580241,-2.0605704064288095,0.00031119494769931354,38.311542354581796,-3.617463289335477,0.0015354457960867149,-15.44655387569692,6.525769064731083,-0.184755891318761,14.112441446074193,2.212705631770076,-14.86432806005723,0.9354254128476435,-13.324005349538286,22.121655956227666,-1.5718376673041405,-10.339178736868796,19.43123303802161,17.901364237182204,-0.045744229493890086,96.79837572606763,18.815843827984946,0.007402248171271171,95.7479606147386,0.016794586127915154,7.747131093809842,0.00379971182693998,0.4656949124498329,3.6497314510027117,0.005036734861739339,-1.7770789666781681,-5.618209092379336,3.2179010277606572,-14.270540748182007,-2.343835942895148,7.1742723732836104,-7.262214062213944,13.339011262533585,-5.294097364920858
320,5.333333333333333,15.696667459853643,-7.556455700375269,-5.568562077604366,38.49806241539037,6.071418206527041,-8.611579316823944,41.22078146409715,-2.3936133727222466,-0.017504001535732835,36.125037344909295,-2.8579874309176723,0.0019557773250305764,-16.26874934214588,6.221181688270743,-2.7970925433346365,14.552402582456574,0.5991942129359931,-14.216274295312148,-0.5500578370916563,-13.219203814008184,18.966178282851306,-1.3614718961701797,-10.764098876314517,19.989502798157098,19.761734943051273,-0.0197281738431441,101.93552863559874,19.556887526685262,-0.01268296087562556,92.46646319742266,0.021583360231148974,7.646483420360154,-0.00028116975838831163,-0.6610032970823505,4.529156934466654,0.01429720070517671,-2.0921765229783276,-4.715755956560403,3.445115791717873,-14.519309535125204,-2.5860682995043267,6.933508181221415,-7.38477748151016,13.205786299620193,-4.2831460680310425
321,5.35,18.653235325923138,-5.842846051978418,-4.853061260761424,37.51264532866755,4.850615190909136,-8.046104718619334,46.16087809470221,-2.9847529697218653,0.01702569860883625,34.80768864614816,-2.5451610874534296,-0.002284341424124295,-16.75539467010586,4.71153528909765,-4.05958628334336,14.243465428148191,1.489943765098166,-14.740225684524145,-1.5543870527074033,-13.060292552553578,16.255009263837923,-1.4071243207066613,-11.384890002229405,20.727372599998795,21.385446429252934,0.030765880683869193,103.66401626308257,21.280354355442658,-0.04634037639761985,93.983585817819,2.470601170368771,8.81001601396139,0.00407846343616487,-0.7418752110455934,4.511699215017888,0.00580446991150031,-2.841661325827489,-3.365353455091998,3.724214481426929,-14.412337473433212,-2.214228464261105,6.557010123420686,-7.63945957561155,13.507126155435829,-2.8301398733265652
322,5.366666666666666,21.686745799922267,-5.096974699234573,-5.6414768739734065,36.91896644350866,4.356941602317593,-7.964038148839181,51.288561280151654,-3.9017581223243276,0.0004752474319750547,33.87196001829477,-2.753033274435461,-0.0007063988663930064,-17.029650757833085,2.7798108751956025,-3.202312505879194,14.015711362843694,2.366130270265034,-14.578869866067341,-1.419854673725181,-13.151900941775105,15.731143745233686,-1.3794541624440866,-11.381372807254328,19.64838113105584,21.48662814103197,-0.007108285417660902,103.87808002543176,22.9833416220224,0.03192702856978732,94.37782918914822,3.8074451322552534,8.827706751327266,-0.005275660300617973,-1.3626015862045742,5.785915334283474,-0.005716442245022718,-3.5991612435858436,-2.4856177042012,3.1280228998070245,-14.38627038343157,-1.7834440818628552,6.79454569086277,-7.548423601589323,13.984992383683327,-2.0598312781588937
323,5.383333333333334,23.49858696671632,-4.6543917827721515,-5.758904190949557,35.123674342297996,4.007411999580499,-7.225642483123121,55.77105433498851,-3.9830012062173723,-0.011945997161307346,32.66569709188965,-2.466944757487304,0.002610286871209932,-17.562188966753613,2.1499184649135095,-2.740049104680411,14.584415575189741,1.9295857023576486,-14.210979480515709,-1.579943050395287,-13.094223318832967,15.263245759151953,-1.1448925765287001,-11.336077922061978,18.54212970461549,21.126400455833043,-0.004294513689816099,104.34258807856813,23.300474857871237,0.006267135636685025,90.93771015065762,2.9394437467248387,7.841818368133145,0.003168830301479371,-2.141383409895882,5.867792786754525,-0.0024781349995299583,-3.6759070583987907,-1.767489465798746,2.5697901276241075,-14.51344450789881,-1.9011021345062962,7.201291151527007,-7.391544694676732,13.635189698106908,-1.4582033989767107
324,5.4,24.824266985411512,-4.05461914325092,-5.598033676368849,33.11584434045999,3.475515863026428,-6.52722200262563,59.553808012810364,-3.842042041405248,0.00965363298898785,31.464857785469093,-2.131182246090736,-8.414731424552591e-05,-17.62680341397219,3.65089652177265,-2.9469482863205476,14.580062148216758,1.5367266139943376,-13.71606213723617,-2.1746601222860953,-13.025280326770192,14.546906569191004,-0.36718159056515387,-11.508875323246516,18.29602349658476,21.41833939944321,0.0017410187145630563,104.97557189280086,22.44552343611398,-0.0019433145752145668,90.07998497082735,2.3414039127694353,7.678206164623995,0.0035349273264211733,-1.7869145860096436,3.64528675323784,0.0024497245591772886,-3.5732297526854473,-0.9406645287214129,2.390010606136555,-14.377776966399702,-2.2672068036968884,7.345441011495385,-7.2395143988864,12.927447555463841,-0.6751873885931039
325,5.416666666666667,26.86292913261376,-3.516764159852745,-5.684404121781774,32.00598776478273,3.0398470151132018,-6.70727411839167,63.34409069499508,-3.8726041303322787,-2.6311006183193334e-05,30.781823897398834,-2.686231593317024,0.00029229772424945594,-16.85368635493647,5.377750146099726,-2.750783961739898,14.54598957570838,2.5464437108516815,-12.98409642113003,-2.5073323455870096,-13.068167414238182,14.355670091173227,0.69611221458447,-11.51744485404607,18.2161741331271,22.09840975547683,0.0047121282568021875,104.1659290571203,22.159863391482403,-0.00027822806198386974,90.44458488771895,1.680918795077654,8.531009797391176,0.004880754972957156,-2.2731452460627586,4.017984417508268,-0.013291375890734267,-3.905616654514963,-0.17876637714972374,2.2150271529607486,-13.79873166701736,-2.1516091267744106,7.477542445421188,-6.978282555564111,12.75842126701068,0.07813900841431168
326,5.433333333333334,28.90598982707008,-3.19718053298804,-5.9259383739122935,30.96337903578732,2.838427421633682,-7.126939830701884,67.02072469564602,-3.5730067298502513,-0.0049153526031627225,30.164933644986327,-3.780005671639603,-0.001005622930963856,-15.569264679262426,5.2503929773172695,-1.7543515143512192,14.48229619471658,4.181610625084627,-12.515333935198083,-2.8218953407598137,-12.812684748116364,14.215039263505572,1.2102403301543416,-11.496264290374409,17.165125721532473,22.484457973770176,-0.014705025390574658,104.7613601211995,22.370219487851298,0.0035875399065974124,90.8697575936926,0.03684017744212789,8.961366004474185,0.0057346736751942495,-3.229638924878721,4.962235368810739,-0.02475684394630932,-4.416070222271295,0.39638180258514116,1.8858366867104008,-12.999428402631917,-1.7640696088853884,7.650656636765184,-6.548296873437711,12.686940606155886,0.6829872672731572
327,5.45,30.780228987650283,-3.431498877291543,-6.428537397158611,29.924600054703504,3.1292649850292595,-7.340360213693087,70.04920265525764,-3.164304603036389,0.0037614936191401023,29.211503929146797,-4.46920870155235,-0.0001494216153248323,-13.423233419821436,3.7145955100040675,-0.29217385970832277,13.814498347826532,4.210243150240688,-11.958216026445761,-3.345793524298114,-12.590391803553706,13.68037599918939,1.7446992474417589,-11.434112436642897,15.503292601432507,22.84515853982426,-0.017355271666274697,107.62682319341943,21.9266471387126,-0.00340447760694984,91.09221111360986,-0.5530325183271142,8.194174735354563,-0.003253451717906372,-2.9228384030137318,2.2207800579956154,-0.019938931256380358,-4.98921191753133,0.5513616898462715,1.3410900923636688,-12.471558986860524,-1.574952508478844,6.956641895339398,-5.84143862776351,12.664004451391465,0.8146789788118473
328,5.466666666666667,32.857038283135644,-3.883026071048547,-6.491826930957947,29.190219991117985,3.5493424226295254,-7.1307403890979595,71.8160423342923,-2.7768683689731333,-0.00036708298050067573,28.010821034158177,-4.284208460909228,0.002241073120560815,-10.77500484645555,3.654072661041227,0.3552926014846647,13.317358335554221,2.868327736106049,-11.432786559323896,-3.6732110733773258,-12.716520472228407,13.400797584202968,2.4313578704186054,-11.162940074770825,14.096637360411586,23.03622621540276,0.0036635165202284553,104.92096393279007,21.571598084463435,-0.004977112877400003,90.52308829944272,-0.5703983367605224,7.330991786402961,-0.0001530689022869208,-2.3572355387260995,1.2614453660970206,0.011636066370472773,-5.939472712591552,0.3647715733834014,0.8847577278479086,-12.359854504638802,-1.384724521083943,5.817751274728792,-5.221679366773135,13.098767878926843,0.5667836189142911
329,5.483333333333333,34.645677239946835,-3.9305777129553907,-6.254120177863638,27.97989612722766,3.5291404743520918,-7.034148144975818,72.43700777342863,-2.6096343131721143,-0.00035904249389083704,26.485124380266953,-3.856226685216591,-0.0014462426406908835,-9.710784275707267,5.487219620269546,0.24516227678041644,12.983462384799163,2.006517521926042,-10.562160611098065,-3.844717826677998,-12.548701401958551,12.845835095787912,2.5448052079494454,-11.158910589565142,12.778627587527115,23.120553091866892,0.002672641190847552,103.86834293990017,21.734601832669746,0.0035538808993154304,93.51664868406898,-1.2574660897088545,7.554075976921525,-0.002823939979254226,-1.8596023135752469,2.425217251863438,0.0019837971179497466,-6.742545685358756,0.2623152527363813,0.4743702375473963,-12.302478176631398,-0.9385816799251812,5.9311419278222655,-4.902992455201706,13.34899762782348,0.4547967736541042
330,5.5,36.13964831373771,-4.215772151063782,-6.682264065434219,26.52650243361913,3.4678708431807337,-7.814633168096605,72.66050864023798,-2.6277603029613057,-0.0014401458109396664,24.70557367341576,-3.657673737626009,-0.0006526318196318997,-9.011837172502391,5.905003929799145,0.4945488981540866,12.546879768732593,2.2473009601432117,-8.879059881882561,-4.054933818553169,-12.369766222255965,12.303760053141344,2.594608896359861,-11.39911509366641,12.404953337441881,23.506140787001048,0.013408125465899477,111.33577140916232,22.603716348205555,0.005649567203858846,97.74148959507912,-2.0315337337562256,7.570923347365181,-0.0039084291772577525,-1.803067823851583,2.520170663916077,-0.01415100850774691,-6.9561168453319935,0.2562019101548177,0.008869686673779747,-12.235125085865425,-0.6065857392957209,6.54173133806859,-4.532407809273945,13.309111057991506,0.34153632725182415
331,5.516666666666667,37.34374583972208,-4.871651990355663,-7.335978002503104,25.478420926821496,3.4268281354496644,-8.333850268735736,72.23573377447751,-1.966836091426622,0.0036453244904789462,23.173653153393648,-3.204790531427763,0.0009073048718847252,-6.591049112266252,5.057670093189134,0.36399435331051405,12.174775780598647,3.1219368405959522,-7.837620733119015,-3.6962376279469957,-12.734533278890686,13.62272005003264,3.370080823197803,-11.10876483892414,12.709731653977473,22.926406483868515,-0.027055156144861012,112.74332669833748,23.935726520078507,0.008015180747424227,96.35298837809425,-3.9602279974567156,6.364389984561222,0.007273423525115266,-2.4458488337548516,2.9300998098318716,-0.00022823800188088308,-7.098186755425512,0.3987928117893398,-0.30830198230675643,-12.172652214069215,-0.7243755381788615,6.432977247775199,-3.9081010647593413,13.491213733793876,0.210998641389929
332,5.533333333333333,37.92331223488967,-4.671503229008808,-7.570729605332372,24.161158945444296,2.8112803974339844,-7.73642229213262,70.78974715570924,-1.2803216285977093,0.00025618088708926305,21.932077797826555,-2.438286138992051,-0.00013501024562680126,-4.2486732175980215,5.929001899275622,-0.7707644863152092,11.415257496344582,3.2541585184826554,-8.091723834808636,-2.8050676082593626,-12.86329196505633,14.547808334777267,4.4472345389654615,-10.602703330295975,12.546884175205513,21.63786917421612,-0.014017842524322234,107.65714798207293,24.44574061051946,-0.01723438138207061,93.95988488117843,-6.204608472615166,5.424998881518705,-0.00022671223354551562,-3.3254474547830735,3.744610655380918,0.004429390200496437,-7.080482489491599,0.9197666486249912,-0.5406026499750328,-12.125245875406542,-0.6376104568634756,6.358233626296306,-3.4377622790516287,13.456150942633059,0.5289818232072706
333,5.55,38.759352548501525,-3.89973687318803,-7.6323529171385225,22.902670920563924,2.129651736584584,-7.364951359944768,68.85435998220981,-1.4386895486538567,-0.00544324817098686,20.76960206930193,-1.9415543754166253,0.00014443170537624763,-3.0231889431347816,6.782771918864145,-1.7760346456577292,10.617162009622621,2.917517132632286,-8.090299762949586,-2.3803381700530015,-12.623533615601225,13.395035489216776,4.9266468312760185,-10.567532052256377,12.609189259454597,21.476578733793634,0.024553538670139353,107.50725098816618,24.96121496485405,-0.0068355797926291685,95.70300708445676,-6.562394170578231,5.465432199002174,0.0012650361451834794,-4.575986333352335,5.289506192514263,-0.015935978411464914,-7.06567844206707,1.395228641522854,-0.6851694451055567,-12.44380021582397,-0.3825174446319444,6.477907258709232,-3.3117634564858793,13.346497711532932,0.9538756110132312
334,5.566666666666666,39.90365050060591,-4.032913413856506,-7.817578374269635,22.46306775150959,2.220436793669275,-8.032602110754485,66.75688927284529,-1.1811693132476468,0.004515499715148191,20.387369145634487,-2.0323622501649785,0.00017134867613297693,-1.9612466456080997,5.858618224405738,-1.8809086314529668,11.011583508372032,2.5984778439449427,-6.946335728398299,-2.0946083975467094,-12.744552828517083,13.776236119107178,5.031001673974854,-10.659574967332063,13.046459219573462,20.99258146866005,-0.03525350056837295,106.51301868344137,26.093958435214414,0.009824889478976135,96.8862796651355,-5.5817074750247615,5.375401336735876,-0.004075807352883218,-4.4833728853659585,6.888533883884013,-0.000687229402685743,-7.430633428515912,1.4659268224287918,-1.0157334507848117,-12.768492699647156,-0.7660091898158068,6.359348848884054,-2.832842295049242,13.502470082392048,0.8628564982562598
335,5.583333333333333,39.982448138557366,-4.758889638935198,-8.20457488779469,21.704375674271034,2.608313001798349,-8.75880916133602,64.03595672016348,-0.3965628567317088,0.0018873418482050085,20.65627060424418,-2.147943454377492,-0.0004954565607188557,-0.9757929023094042,5.0732405228028,-1.5936558801651741,11.192883121001866,1.5514049619552874,-6.036171687410537,-1.641690376129033,-12.949344313760356,14.403171679882146,5.441976104510996,-10.717984045622602,13.886183164056023,20.28926608872089,-0.035881366032655154,102.90070473848202,26.68840715984494,-0.0009919482805080863,95.41583684038773,-4.129085736894839,5.315362880506851,0.0026971184253434663,-2.9646195281011436,7.756444671617172,-0.0015679371722710075,-7.208766141676701,1.4122544382596296,-1.5992766900247835,-12.840332318808949,-1.0645288087880984,6.190556149654716,-1.9647112896749237,13.132152971341345,0.4944672875567821
336,5.6,39.69982242407708,-4.69366198752948,-8.82968750332456,20.31894812565424,2.4212877311170455,-8.421313879929903,60.030331055698184,-0.5757117224914703,-0.002163328123720724,20.201370812789648,-1.7657779828381743,0.0013184970065402816,-0.6519873488272648,4.832770125818371,-1.6600777640929447,9.983541641052438,1.7148980361809711,-6.086666791173561,-1.9821215813696513,-12.738202612659828,12.159613579323095,5.985762286570276,-10.836460852459883,14.694480036123357,21.80035331893689,-0.03746232057287726,105.38495934130714,26.384365122409417,-0.0007729432711972581,94.19486187392417,-4.248908426900198,6.0318570612454945,0.005118552838261419,-2.3994239924908745,7.986207720125811,-0.01475948591032913,-6.653791153103193,1.5952981731867724,-1.974195360049544,-13.04707007562722,-0.6588966512877373,6.13451382789117,-1.4064116551934815,12.586369172289146,0.5631656177064717
337,5.616666666666666,39.65239214296775,-3.7984575904915263,-9.799922067418377,19.08430734646047,1.663311673362813,-8.430599969927584,54.94873537346077,-1.598838177871783,-0.004374968869538367,19.335530338857623,-1.3878407221549514,-0.000153608162658714,-1.1109563962576332,5.295657613671058,-2.3359685832797084,9.941201897917614,3.11697859730871,-5.507553951107342,-2.6858684658302265,-12.518110599865786,10.750402648523847,6.485683284598687,-10.668766295315663,14.01281480149931,23.400932479028196,0.04170996280826352,110.876572789435,25.435225547304704,0.00449860405869238,94.44667430822498,-5.959757869566932,6.503309258007736,0.009172665956307498,-2.286017186887433,6.996358360088049,-0.015208648452793202,-6.683258238345287,2.0466362004519585,-2.1029760232776016,-12.943655913194942,-0.396955708264703,6.552089842717286,-1.3265868290196123,12.449420960224876,1.082162467092185
338,5.633333333333334,38.81987363396631,-3.0078089272741915,-10.265417348981119,17.967036271487398,1.116666235586412,-9.705503015278648,49.679164015297324,-1.9358705165992014,-0.004106486563409993,19.029425619346174,-1.2409392612338,-1.7682265097979295e-05,-1.8976076514848348,6.334246304810235,-3.1606823955893675,11.022759187868072,2.870685835469833,-4.625303924424741,-2.3290555897221887,-12.710053072425103,11.846734924384544,7.263939690265564,-10.269319831994991,13.254391771289237,22.768645992118227,-0.017357990781960975,110.24460270945592,24.488118891442983,-0.0020440778903371903,94.88167471441177,-5.308551195251697,5.918424818178332,-0.00393308341705584,-2.4105755305451058,6.1278535846196736,-0.00014109947016745824,-6.560007986326764,2.3353098245237214,-2.0338523088418055,-12.65556640313103,-0.5461868722912038,7.211150640808893,-1.5109666979073466,12.167273778508363,1.3190417195819297
339,5.65,37.854846789542,-2.9557129183166664,-8.810151636940827,17.39646387126966,1.3271718797625724,-9.684573690021837,44.528770860075355,-0.7784905441215585,0.014524571051904536,18.694010026117372,-0.9858243006513239,0.0002820890335425607,-1.1744229889854754,6.761147224778914,-4.345098826520556,10.90652956642134,2.315100291039452,-4.996884826840044,-1.383485199831862,-12.943874344893507,12.844659601462821,7.995545529213597,-9.980859979631823,13.854692600169088,21.65579178978874,-0.026993605712559644,103.48662749362079,24.139198525145513,-0.001058577524417064,94.64316799863192,-3.866466500170376,5.172860285284147,-0.0018632619835117815,-3.4488449039524003,6.838086448944869,0.006094067962560584,-6.387640324442536,2.178946323192379,-1.9347626190899456,-12.96467239900355,-0.7216194444626531,6.966241737559969,-1.3583426191696935,12.103003467853183,0.9776178383694306
340,5.666666666666667,36.87387103308953,-3.434995853353325,-6.856539253211469,16.669783967810293,1.976037038020486,-8.432622563112256,39.179080585269105,0.5294216438835689,-0.004139102557938356,17.793503655593753,-0.6684200952909025,0.0002849657643004667,0.7678405336351328,7.093319310473087,-5.251314940390124,10.520615608622336,2.5893938117516195,-5.506740511351454,-1.450516940666344,-12.911935456640762,12.521428360167667,7.971669625284053,-9.950993046341038,14.088863184661454,21.862192043730673,0.01723278174215651,98.87395683644324,24.044397174418553,0.00019097108299938415,95.21562497701238,-4.690540740064216,5.577886945510344,-0.006438330028231211,-3.16088788998622,7.028208207687074,-0.02360524434439121,-6.364304310571815,1.7267851213748435,-2.0955932361063074,-13.12802037513857,-0.7961911012211689,6.12968166740954,-0.8273090376096812,12.017894500088062,0.3525206410929244
341,5.683333333333334,34.850191694012075,-3.817446086336062,-6.1204495154975564,14.670090382369565,2.477882545501381,-8.152621560241634,33.50785269434958,0.6816162669590928,-0.011563416590238193,16.762235544908513,-0.5157913349815573,0.00037408193239087096,0.7025908029342907,6.721540927372187,-4.511454164180606,10.587189762282266,2.6012113937783132,-5.3077571530425365,-2.0801394157156037,-12.7353298648618,11.323187615358181,7.802227577817221,-10.014042365156854,13.119298715870325,22.72577149918858,-0.0025264576207274392,101.87728074009699,23.352908369890745,-0.0009126996460584949,96.50056285099156,-4.548893611687053,6.743021205536056,0.007597521922065182,-1.2227200853931202,4.059650369848528,-0.03154786443423089,-5.713660291163857,1.1733516303829958,-2.587038720572485,-12.540949178003304,-0.5023671786959306,6.157876874166174,-0.36382323823642626,11.064298317980517,-0.2670599518720528
342,5.7,32.943727990361765,-4.137832497241239,-5.195262197709954,12.869459234289485,2.9636015588032762,-8.449455819588813,27.892139618847324,0.36283335969770375,0.013612169928850431,16.107518832264837,-0.5869380151242558,-0.00014115494158892605,-0.5164537510498,5.587834062916517,-3.7545488918982075,10.49947729930925,3.2042223700546435,-4.9855393987063295,-2.2878671325905344,-12.620751037310969,9.877606170790166,7.96534020691218,-9.864459989081842,12.813572726687301,23.32373403341516,0.00035783467019102574,106.8367828012137,22.574894170717883,-0.003519672592683297,96.65603876550603,-2.8423236403987633,7.057437536282649,0.00394423405832754,-1.2152796528683834,1.6035690120097414,0.019229286574908595,-5.15724734263374,0.6029054155043422,-3.179289218575078,-12.009784290110993,-0.24504568579189745,6.514895813882249,0.1361107251612158,10.293330611240178,-0.9293310743700436
343,5.716666666666667,32.27855134135835,-4.7138302479505,-4.380015743987118,12.064054452842464,3.7557285903843165,-8.468127618840557,23.003267978734605,-0.26541979771399,-0.005611597140517325,15.680769602332054,-0.644474272989163,-0.0003444250609323746,-1.226023127730835,6.198158822296997,-3.035452593330323,10.293620712419198,3.908998828742712,-4.528386532769406,-2.488816034920368,-12.622393123869552,8.664113123692744,8.11979278244979,-9.746168147487325,14.207475486161242,23.820324532487025,-0.0022568307328958734,105.84293247745357,22.329240171765534,-0.003064706950047505,96.00105917116493,-2.2914801019770135,6.588397150592224,0.003022470444573013,-3.056397540580847,3.3282569414636596,-0.005253955581699554,-5.2963814372369695,-0.05944602865111754,-3.3647047593382213,-11.935983023860272,-0.5959701246120023,5.994835348279219,0.5320059008238303,10.270820105284956,-1.8202899576262856
344,5.733333333333333,31.828909123357505,-5.020800005912233,-4.26524355752207,11.086975374203824,4.308818027651444,-8.120291330769623,18.842704762823878,-1.1544396660028577,-0.005893016778517073,15.111646379392926,-0.3671058949064551,0.00034509057026833103,-3.0239373059005787,7.1720813481098995,-0.7564791803830656,10.30423863716036,3.300655932896883,-4.523270842704344,-2.4136967138408254,-12.766304450425114,9.080041100242147,8.499785360780093,-9.582301581181005,14.733468294717582,23.691903889139972,0.0003125553254449217,102.75782338595818,21.511062629681035,-0.0019850044482083652,95.66501604273616,-3.362585646365127,6.224411321849138,-0.001360291247512512,-3.3785205281477446,5.081414272715055,0.0007340387908897123,-5.321380338196743,-0.4804410041373637,-3.250964354562634,-11.87632014541422,-0.7508346899615506,5.593576906962658,0.5783455783476685,10.137711790138228,-2.483043309268235
345,5.75,30.748385947788652,-4.744135768252512,-2.808013142748853,9.938590680788161,4.167283532509955,-8.160934345329947,14.651935772745224,-1.249571684419078,0.010862476289680626,14.744011956429784,0.056021732539795296,8.308168924298223e-05,-5.544573573312952,6.768476538540898,0.6380437700426872,11.263080247555772,2.6832080932425524,-4.990680959487679,-1.8207874904051353,-12.919376658106989,10.992950116257248,8.122648212560067,-9.417394659771476,13.68063032268555,22.856549372250424,0.0036271638833756353,102.27657550972094,20.741526656125288,0.0065564891593939655,94.24473748559275,-4.657329393654994,6.009968441365263,-0.0064839433190615955,-2.548048881811647,3.9225053127352063,-0.0047189056279099886,-5.280915019602648,-0.3892330438142108,-3.1741586284251206,-11.628531343079109,-0.7552167595958503,5.858366665835077,0.5792646811845542,9.888923907576366,-2.5405799755860317
346,5.766666666666667,29.772081202523182,-4.6568585990579665,-1.5071791345660386,9.300307794492916,4.177995093116839,-8.64423036217535,11.089694044980646,-0.9236063085512739,-0.0033641306950549814,14.847796520645678,0.24456535055862008,2.1594872462576775e-06,-7.59040249929239,7.039555526381574,0.7319906186809684,12.230994885930995,2.712002717300128,-5.25276290968843,-1.4738375658784202,-12.84551473967626,11.815473511247818,6.6259410379346955,-9.928648664016464,13.895144481628568,22.579868841532697,-0.00783028069188327,102.56386403188314,21.170183694171673,-0.0006447431827721901,92.07489810230481,-3.0307489698346872,6.657938430150881,0.01459617465062133,-2.528807700572188,2.8112677848312693,0.0017190279563328783,-5.518221175672089,-0.4910253082272637,-3.092350298991613,-11.48172981570032,-1.359581272565752,6.101231876275159,0.7187732626751896,9.850514841383536,-2.6550508088216693
347,5.783333333333333,29.44220211939342,-4.950118402253191,-2.2121543564314115,8.919411870388103,4.682239887644556,-8.386639614909196,9.472302706053414,-0.9250650340308878,-0.0014220122345643222,15.135123381396573,0.26721471305445466,-0.0004292987353774184,-9.300753541079668,7.650967872209008,1.4969454423003095,12.038154205699641,1.9214859408162697,-5.5439422762454535,-1.3412088958727715,-12.717679638692521,12.114230228298688,6.240837854376902,-10.258653411995878,14.607663200228595,22.59638548938062,-0.0036852626563158223,103.75382776322441,21.06583998185178,0.0073168349841858564,93.55454028653416,-1.3360195547200509,7.602382543844497,0.002363001270031398,-2.529312800944636,3.003028067974871,0.0001853816849936494,-5.506657018824139,-0.8836615548328222,-3.0537185848343102,-11.500472638827613,-1.5117807545575639,6.816747727968382,0.8151136957189068,9.757973818319956,-3.0678541053017354
348,5.8,29.558187043528296,-5.072285008462163,-2.428068220748222,8.922982388070311,4.815441012912779,-8.006820672703238,9.361548953103407,-0.6747642328536289,0.0006339030194376477,15.608338872041651,0.13489523468891515,0.0006343208405882059,-9.873367134832414,6.892225825928079,1.6017469675998368,12.127684201540127,1.1931712969464539,-5.352243842435541,-1.0596024385344285,-13.012280821036324,14.139264116009066,6.885966281956955,-9.64697807191539,14.427595466633273,21.896386550212323,-0.012224929492083082,101.53106663877124,19.998844732739354,0.0004379746178394407,96.68068599090331,-4.122651699545991,6.437706275444643,0.023816794047449758,-1.8684955475555727,2.869076823202381,0.0018388455555979574,-5.647408537996597,-0.6505889496771097,-2.9515267646056733,-11.461613023709244,-1.170054850137039,7.559603073721949,0.9607027841892055,9.960139029610602,-3.1616455277229414
349,5.816666666666666,30.003244024830604,-4.727536950556234,-2.012238174168012,9.350399397828266,4.367244530995488,-8.254054884420412,10.072866135326445,-0.5016685399368908,0.00020267268122237136,16.14150847736772,-0.14336545773307827,0.00037773571952134146,-9.113580063279008,5.921500253491738,1.5041117526154968,13.057570831140751,1.6743582286451055,-4.732386764704989,-1.1039953016784025,-13.459430806549967,15.103239593547059,6.5088717984672435,-9.37793795894324,15.187607919724764,21.79361386386882,0.01574912723241226,97.02626389561726,20.100261650537764,0.0014221327941622104,95.78345903363787,-6.7443805071561895,4.8472406571281255,-0.00901930079783011,-1.7776028097908203,3.730527785302672,-0.0030086385531365935,-6.385176575200671,0.1342085834927708,-2.4687533712804264,-11.462866794800172,-1.5701794102642006,7.186404827723278,1.139779647449486,10.618060865584473,-2.8310353957104133
350,5.833333333333333,29.72881000521883,-3.900136146177354,-2.04341518329582,8.871701275595598,3.8505394026249755,-7.885279401531329,11.054422366142262,-1.0635164071034622,0.002184800562094501,16.489438661879245,-0.3158229487159379,-0.000173801209964629,-8.548341282596985,6.603190970507168,2.0714049304054147,13.581425629025055,1.8592263870711556,-5.288196082501108,-1.6079523332964256,-13.324678417091768,13.368668760991042,5.437308491007521,-9.94443959587346,16.673259406448246,22.89260496727593,-0.021211077780455515,102.27764038853496,21.53249292845306,0.0012286570733571604,93.11825693383196,-7.440360947365384,6.160090727239971,-0.007195909518235608,-2.3714069606434007,6.865774343972765,-0.004298741327598636,-6.312971744951273,0.7451501540178768,-1.896022771187797,-11.496800519515176,-1.855848790239223,6.806805960821849,1.0780102253090598,10.45385319810107,-2.337683922310817
351,5.85,28.730115835678177,-3.2046214189720708,-1.5583018600696283,7.893798348965454,3.6265362753845443,-6.831973677264601,11.507141536085635,-1.4003870781506487,-0.0015187566141513682,16.971111997997678,-0.5744092781542711,0.00012962010067562734,-7.9907001397799995,7.564011986082007,1.4271901108618623,13.310986463987652,1.7775932462986717,-6.497206546466116,-1.9027246681261494,-13.086105278512681,12.16341845327477,4.562356804279391,-10.39780927089862,17.263015857141326,23.360999902139135,0.019274907379278002,111.4425635011945,22.403068804883482,-0.006731263445458281,92.46617689532091,-8.671904260127429,7.379747097924066,0.0024043331194827074,-2.75601437515615,8.279269229728136,0.006643821635278475,-5.581134341559586,1.15696776636013,-1.7654824676458658,-11.379346905942638,-1.4422971049055056,7.098822997974801,1.106094673822117,9.733335091728405,-1.9673149393213036
352,5.866666666666666,28.544252755504736,-3.023583698823966,-1.7571420717777388,8.021158679926662,3.6905660217417613,-6.593325894639979,11.85043544692013,-1.2948607149800178,0.00027131384448499855,17.64268394756008,-1.2172478897827086,-0.00019333357646664256,-6.537234013922983,6.932259327666649,0.8124152535592554,12.809328454934898,2.264984965766205,-6.6393854640130625,-1.6992273261050481,-13.155179297011218,11.13535880492839,3.796549942223756,-10.08626733242877,16.342043512259394,22.913802247848903,-0.008937786543597613,110.37071453604528,22.29633481113085,0.0039582335949878075,93.54535835965595,-7.206685372342338,5.800711154518543,-0.027980205175801992,-2.5075158540511917,7.056174244050963,0.0006013351923954514,-5.863844703981107,1.5938251081744816,-1.888796489995726,-11.41398616059163,-1.4851084149498364,7.277870037708498,1.4344634834775472,9.947484110282888,-1.8599739903862007
353,5.883333333333334,28.445070656396148,-2.823843574688784,-2.983957856576502,8.383872895946352,3.574885335070199,-6.715739572941758,12.3257218841165,-1.4184399215125643,0.0015553698399129682,18.487270218041115,-1.9485807620007656,0.0008196561129347295,-5.626502945024405,6.545826816092784,1.3801395437187423,12.801224309928399,2.82499758122912,-6.400622301851034,-1.2216645788549998,-13.00874208127913,9.603867251028804,3.3589095980763393,-9.445456684750885,14.987800855886196,22.539845429073004,0.0019734647934651255,105.26448744868237,22.144790893536054,0.00029259019112787076,94.08470548526878,-3.3756107409507234,5.752882263478939,0.023556399615041662,-1.9801570171728244,7.200827076933659,0.0003487302675892709,-6.214375425713441,2.0175519852405506,-1.9427778295776008,-11.674519868489686,-1.76169644426005,7.347155686386149,1.7595062280679326,10.19544798293806,-1.6461005191494589
354,5.9,27.656119375675033,-2.547517347526638,-3.015450556322557,8.330742829141121,3.2514357012530737,-5.913695063560448,12.565015263835614,-1.2072875946841721,-0.0007563877522799312,19.7821544189814,-2.3205638667669963,-0.0009223065922281388,-5.43483128085779,6.639313147334794,1.248481550652638,13.056821527855954,2.842258047973323,-7.004485532026549,-1.0391753920627527,-12.9083138292336,9.622219888770305,2.940112393515448,-9.3691800112689,15.316321747307592,22.497812211352834,0.0068001184222719075,104.95609446784333,21.62580795211786,-0.008789459714582127,92.74078556913635,-2.8125345373037396,7.958061305393838,-0.0016672314683478834,-2.662359429737055,7.997602964580922,0.00856768117206102,-5.84353697266232,2.3446188480970025,-2.0446612576193375,-11.699543709120727,-1.4438772302455811,7.560248555642944,1.8855840776508568,9.806223393179842,-1.316235286352703
355,5.916666666666667,27.06627584914538,-2.3225734518540677,-2.6832255275696792,8.681866723443685,2.955582427855524,-4.975207370167204,12.504216439098181,-0.6674446598418605,-0.0016681960394231046,21.059484077901583,-2.5660985069051607,-0.0007469744169290263,-4.656156205310627,5.469242610763171,0.887689479787794,12.804735076165544,2.6395002209845537,-7.589777653171339,-1.342618732089148,-13.033631055838592,9.056116394717206,2.17582178164539,-9.614140610289333,16.05331117362986,22.91987929212261,-0.008351818110652111,108.84469044891799,20.14202719970074,0.008345470961417958,92.15123515964257,-2.7939483118956163,8.773692430744436,0.0012387863412896953,-3.3662314698340854,6.873247885924697,0.0038892481414211314,-5.942304356252168,2.7659266456970806,-2.1595455180183007,-11.57312086067629,-0.9742727648341541,7.666092527800491,2.0060305960838507,9.83033973369593,-1.1265894630943263
356,5.933333333333334,26.32460540763195,-2.2092005645690604,-3.345780793150928,8.987220324771384,2.6396212398042596,-4.4931229989740284,12.176809276513994,-0.35659490875365174,0.00043543294025845766,21.997047068477887,-2.9628313671636572,0.0022333535775090787,-3.911469399484774,4.738221317222441,0.943891168957304,12.176764252244883,3.632516066950081,-7.36975420375562,-1.5129679064343273,-12.983538663252812,6.920979136469481,1.7172004543445833,-9.529371555717555,16.14627402739369,23.265120818534868,0.0002648622454995583,112.58794755040361,18.733402752007343,0.0020322202786339436,92.47218291069481,0.2145937547157757,8.438921037907726,-0.012997119779852925,-2.2713810487219335,4.419781370905948,-0.005578720694599812,-6.132091471089417,3.2601425493080165,-2.0760838960568075,-11.502650230551714,-0.9692148568936301,7.216805960776263,2.42810307377352,9.930165679845468,-1.0117663256250604
357,5.95,25.156612851637853,-2.4231537892420505,-3.7787893990572003,9.232197581019662,2.5147246686246643,-3.8138023454863754,11.806205524332142,-0.0638444345743307,0.0030166824654341154,23.640952331029673,-3.044172612303578,-0.003139933045009808,-3.70559434150074,5.573314223778099,0.864480141210291,11.327784856025076,5.207196453630582,-7.641585793879645,-1.473561078457539,-13.037195457731771,7.001705395580959,1.3119843319716427,-9.354897520948537,16.637470986201357,23.08528302199367,-0.00012110688782750367,109.5849865044547,18.500773468773936,-0.004062622453754712,92.02180962698236,-0.5922031948624396,7.223844219858519,0.0402146173988055,-1.8591016988933993,3.3086960677334427,0.0058740273849668305,-5.650566984880206,3.3812375081607193,-1.7995309592733821,-11.573922577792416,-1.1019743849434254,6.530618489896955,2.6714625488759083,9.539787989492993,-1.0985771367993187
358,5.966666666666667,23.776572699522816,-2.2121226627744637,-4.340633803144905,10.351102953058263,2.4026872617225576,-3.219052011821392,10.456720086304564,-0.16829191751090639,-0.005503020541629814,26.44106424119887,-2.9973221079073915,0.0001582096025814345,-3.875813663065151,5.9231650687832955,1.6206577496513528,10.366623118220247,5.65067002845652,-8.930584876654393,-1.7659278353164831,-13.255530284939914,8.240668063354558,0.3700274454662379,-9.275276280664567,16.717630599995108,23.25420798938875,0.002146086604480715,105.8287894801975,19.050469901774132,-0.003036861066652716,92.71224695312304,-3.9702127827647438,6.243593870025011,0.04429687683608574,-2.5390990992589315,4.998862749212884,-0.0029772828842409087,-5.3488768514196305,3.4619162879046694,-1.4243655079576005,-11.827823076790736,-0.8835533914964089,6.398698126320681,2.490912758440087,9.31798963001644,-1.1166832489775127
359,5.983333333333333,22.837038782056766,-1.7576120120769378,-5.235409963426987,12.042314473789578,2.19937690464563,-3.1970369696999668,8.68402449641535,-0.32442092346686563,-0.0056407473712833875,28.94834565354068,-3.422155320795962,0.0036839319113878897,-4.156524078222723,5.369665141764747,2.400657341958415,9.316207077687277,5.305772221372585,-9.2701005015044,-2.2923418192759852,-12.951923349933853,6.899990651113694,-0.5658357484261055,-9.34171836078116,17.00173675737849,23.672064299155718,-0.00112735816791473,109.70480510814515,19.52549234847136,0.004450488093672347,93.96972926421995,-2.8561925294156865,6.597308078312432,0.019228652831061756,-1.7932803342776324,6.347226009017837,0.0009622483694602176,-5.977661375153609,3.6289380276415417,-1.0545132015999719,-11.86609712518956,-0.8179176509650503,6.356641622949113,2.56089620020667,9.69967801816605,-0.9436932579276955
360,6.0,22.8771110033733,-2.127948357562128,-5.051933191532947,13.50239118742463,2.2158654366698025,-3.0472517675497355,8.313472417553571,0.3461733712231199,-0.002778563974156894,30.559017831709784,-3.7239613567166607,-0.006290410211914744,-3.9896709285992573,5.700093658792617,1.5792070422460127,8.001503765041338,5.327985620091153,-8.431364862593085,-2.3829293273377,-12.476009362239868,5.54548059930418,-1.4572643631205395,-9.670133225115627,17.98346949452999,23.32771560221951,-0.01558184653825964,111.75570997501403,19.89985768879576,-0.0002823843095345785,95.09064854969934,-1.5272911795136535,6.452580102608883,-0.010822411667883622,-0.6689949453677301,5.782770261205784,-0.0012671402150172682,-6.981129504030172,3.325957606920749,-0.8219224101291006,-11.693906605521635,-0.9236804370961521,6.046432662309464,2.860575433984826,10.354878520798202,-1.1065254536962688
361,6.016666666666667,22.077063065960356,-2.402632781647575,-5.250623104811378,14.402070202762769,1.9398052611517942,-2.7526262312869294,8.000088003226132,0.9724904478295816,0.0014439769575258804,32.60176215065361,-3.7722889536923447,0.0031355861607460325,-3.9357483549365964,6.319582785850791,0.9316679584184405,6.676159562499678,6.229864191415834,-8.28743006666327,-2.1533215400253747,-12.61772591332442,6.029496868249615,-2.491933937410288,-9.938499770914317,18.367685875522703,23.319152371134688,-0.0038072449694919047,108.12582258791008,20.465829634428037,-0.001248358901727296,96.92480198441638,-1.2977332201325145,7.113588850854614,0.017069046604085317,-0.5701777871508076,6.611144837025612,0.0011681010281158902,-7.096017861489796,3.184392590600309,-0.6839430220732767,-11.613834485040133,-0.8300308538642446,5.846724977580401,3.23320557624799,10.336292021849061,-1.208383174688415
362,6.033333333333333,20.56836089877845,-2.0805790552448835,-6.589820988858116,15.23220223767972,1.3186732668443792,-2.647896121501734,7.461886806223774,1.0731632152606254,-0.00034597554529197644,35.16598968600258,-3.822935843990788,0.004458338931039111,-3.7317281956764745,5.288177606710341,1.4803501526810305,5.042219903462574,6.370165803357111,-8.513558142044417,-1.890579113902958,-12.93600938074413,5.988998051720079,-2.9013639880299937,-10.06402413532874,19.60609377838835,23.89312682446728,0.001155621848959754,105.49069509426067,20.78958710577914,0.004206984324133916,96.71953445705984,0.13281469059678716,8.739028941945074,0.014272275527340056,-0.3725966063860639,9.152869379775963,0.008208925373648562,-6.558934754943714,3.5438633538342947,-0.4883539526249455,-11.809928059493377,-1.1081233750511128,5.365901517459322,3.8635921293757387,9.841461430942118,-0.9539509307699291
363,6.05,20.450398510518237,-1.9940757615106117,-7.0400900765773295,16.50044401764041,0.9205329836004005,-2.184621334079476,7.931786601653006,1.1432421990680044,-0.00038842026113567683,37.13200714913896,-3.313608479022719,-0.006435361361330944,-3.0203423452611684,4.154720174376464,2.122701478353606,3.6618962101337167,5.266445117198445,-7.716633233079985,-1.0577706344066873,-13.370772888229366,6.854240625260486,-2.9180700829908766,-10.140968385533942,20.8830632403139,23.16791239827453,-0.028426864223303466,101.2947861893718,20.404729865064667,-0.003522454434124003,93.60513474548135,-0.5625476256078555,8.467629966017656,-0.004479748866391562,0.27711889292583447,8.969754884078654,-0.0037011254757841265,-6.573504234574846,3.6543749527987988,-0.33096447163798876,-12.105300081180157,-1.455315181025529,4.893609499912502,4.264157027923863,9.935572560540566,-0.9215785584085371
364,6.066666666666666,20.635592358039368,-2.080117094798534,-7.422113603397118,17.66495267270614,0.5276399474573885,-1.9819592251006253,8.466768788386505,1.231222742742515,0.0005433734836244794,38.88076894155821,-2.908444859296923,0.004737384526230123,-2.730509460952788,4.5371891126982495,2.8769334755034945,3.6712203385820237,5.726328926335708,-6.651268765109646,-0.11875985831827521,-14.00052235766037,9.45440585631458,-3.563661725267759,-10.187278933148258,19.63577070469034,21.954607180759954,0.010680712593064152,96.93842093667604,19.89101668469865,0.0006309968242684607,90.65032651327091,-3.235432621341936,6.940154321139435,0.0018782063874090643,0.9824035552902245,6.588553698954601,-0.001800551404634454,-6.706705318345029,3.600315357464313,-0.23388502012503412,-12.221902444482712,-1.1919975366552311,5.192370218642845,4.453423193825355,10.104611239210328,-0.9703821156095278
365,6.083333333333333,19.951923541814327,-2.1272421826895904,-8.594181198969011,18.453033956506403,0.12236251639032275,-2.4384598521416034,8.592159363026969,1.4750262277795183,-0.00032062322035353,40.99410466929751,-3.0973860766387147,0.000920898716212501,-2.201738355166701,4.772498131032963,3.3630813827697033,3.686206760929174,6.5941846324729685,-6.583224414712459,0.07636734764393843,-14.398320948133254,10.917022945377196,-3.8631247675653975,-10.107097746720848,18.762414880066313,21.697360391624077,0.004935568850598567,98.28080240978667,19.57307108648359,-0.0007000329893054591,90.27517888092143,-4.863392053039665,6.188330217145179,0.0036688500794872063,1.039782998336348,6.409792685010412,-0.0007460161596944602,-6.246216224976995,3.794510937723333,0.22743151277693704,-12.737426507403326,-1.3293647318966335,5.519732884476941,4.970335780140761,9.771276143722101,-0.85585045306351
366,6.1,19.323884579701744,-2.125404078852085,-9.085200709892225,19.418141948017805,0.03240359861038615,-2.7888335814991096,8.506423746283366,1.715747765460899,-3.670884052913168e-05,42.960405965049816,-3.3437842900564316,-0.004195403704988198,-1.6252217330476992,4.393388224545704,3.0041612378717004,3.9393680856795026,5.83748209991365,-7.022608070500803,0.10206307968261526,-14.685520923780516,11.011097099048362,-3.3151993906599047,-9.667408396461575,19.148498824406975,21.62842992704018,-0.002583685362967784,100.70936901900652,18.985523728515105,0.0028878823609076614,91.98593081703164,-4.059263841974748,6.817707526868488,0.006938162345734233,-0.2705547088121426,7.197976809378494,0.0024979522197815375,-5.981800036422053,4.0186684125334935,0.7164514651195371,-13.245894050223866,-1.8585915683124388,5.425843487990534,5.632293719770229,9.64521238985403,-0.8309910144795317
367,6.116666666666666,18.94377803869287,-2.031797967378016,-9.513946271216035,20.37209026790648,0.1438847366359603,-3.2071111657965337,8.276013166138714,1.5886372957710595,-4.208609164521024e-05,44.343072507357704,-3.8919267123552514,0.004123318749257274,-1.936633955699825,4.343700090127959,3.1004343729284107,5.939078347272496,6.067768070008482,-8.190126027532706,0.3360951085632159,-14.820388131631672,10.277036090799063,-3.4387949290307924,-9.239362527854073,18.283618243323705,21.66540026473021,-0.007543596838112808,102.80019461871673,18.663076016956488,0.0012567605084011682,93.82586347589273,-1.817722042669858,7.5426596661584195,-0.0038936694282632103,-1.7084828130963767,7.465692904451391,0.004167600484686808,-6.018235313038627,3.9905408036534773,0.6414635468524085,-13.036004376390636,-1.4916028425165897,5.454321404697586,6.175606180017615,9.688312332047046,-0.8817878637603052
368,6.133333333333334,18.52231159261947,-2.0196325091613447,-10.37188891140429,20.87757680897774,0.11801921787969666,-3.5719280563720623,8.301291817184607,1.4660869937951917,-0.00028162881891700747,45.044225690326876,-3.991114021105801,-0.0001318201834070548,-2.003221564793061,4.307536026214477,3.883999652957574,7.627717042692961,6.521183815527142,-10.710422347024576,0.5617060402542774,-14.615256111960285,8.620061519823452,-4.001649877598667,-9.246601821657313,17.889205760858104,21.874346797605963,-0.005470082794978762,106.26566051801447,18.861140666137665,0.0030755616429517666,94.20374038303423,-1.6271138686927678,7.505857054609255,-0.0012182202736823803,-1.7798078804056683,7.405649900892489,-0.0020964492149720447,-5.677310995455797,3.888055770870739,0.7331791541100389,-13.184451555322964,-1.249021757570119,5.429009344835072,6.574465913047909,9.488352431063367,-0.8967375887519671
369,6.15,18.181553009890898,-1.942798630496012,-10.067068385735084,21.532817780361505,-0.1475075943425367,-3.3126642947234792,8.021179582113637,1.6590411154360163,0.0003661712311399371,45.11804615023966,-3.095216435985652,-0.0025846620639138353,-1.4434386154582863,4.6244503512027055,3.044406706200283,7.550812244857142,5.147106564511388,-13.545440409551817,0.8305338997097507,-14.426558749168366,7.766305208009385,-3.9833133212264933,-9.371449961933862,18.658836574729747,21.348622624614837,-0.005186520248389935,106.38194765586373,18.68516901556051,-0.0029471513046973696,91.42984686180662,-3.4998292088617715,7.569065375308002,-0.004738647188149481,-1.1093770331185144,5.996569846047663,-0.0030661202115517695,-5.5397798786412675,3.988641816685378,1.1650510972917345,-13.504531259171761,-1.6394442685112323,5.4781695871160405,7.219813492686192,9.581486592778944,-0.8078705323155541
370,6.166666666666667,17.618278947245884,-1.8759194369719352,-9.36102550338319,22.164493648330108,-0.2024348282328825,-3.0296483851365426,7.177708632659612,1.8758617533445843,-0.00026175214731460666,44.32061346007799,-2.3656155190841135,0.0019259662837265814,-1.0312025270830325,5.2929058007737355,1.0121384536376603,6.7651108627593635,3.95324854743556,-16.492295859013044,1.0932290362037504,-14.528059106668103,8.48552018606357,-3.9725460342299628,-9.332202313353447,18.64255603082071,20.414208537363685,-0.00036657218663119294,104.14389010186991,18.521894943435473,-0.002131053657017293,89.89446132875347,-4.872303955086579,7.149499053768477,0.003192029397619973,-1.152379361971711,5.4240821196905085,0.0010511398204735487,-5.676417508135445,3.9826351431555764,1.2014508474439922,-12.954999762543054,-1.1372179561208104,6.197919798797215,8.378699604466314,9.782360195249158,-0.7872485477253408
371,6.183333333333334,16.841665913461146,-2.2293720905790795,-9.657150229598297,22.161028693121718,0.07397778727071203,-3.842896620884211,6.536169365397517,2.067333780774509,-0.00039357013291702937,42.658025524193334,-2.2300419320043483,0.002134462654307225,-1.3507644362783007,4.751458397491958,0.42129032503695324,5.713667863034187,3.253631722083589,-19.29473881788929,1.162482057581048,-14.674317557039434,8.417807045701712,-4.16942283722057,-9.322259849420236,18.65026265548714,20.337078481984825,0.007680327448700875,101.91625692189326,18.835789824957427,-0.005915568015226888,93.98181567070462,-6.1143864670968755,5.980372784134567,0.014758746620347492,-1.6153572244833645,5.668069453907775,-0.006396589775390308,-5.448250276950467,3.6561106005075286,1.1558826964684061,-12.418682207191353,-0.4361883090808092,6.794132041258642,9.416682602920584,9.602126699394914,-1.0744931620443547
372,6.2,16.411869907820304,-2.6358041187709698,-9.587950970749404,22.252295726437826,0.177352427435954,-5.38513540877545,6.032381828043278,2.3965405985258625,0.0007196442322949294,40.92523383908947,-2.287530113337045,-0.006311826756999274,-2.039232372023874,3.7762571918346874,-0.1081370188279164,5.135108315654837,2.4687422919258624,-21.387121197954386,1.2533322904988795,-14.814129458763396,7.425045215158504,-4.323567940875114,-9.424177830151935,19.820993879299635,20.612794609629244,0.004456647356651246,98.56880851413702,19.465606906782032,0.004700567308995967,97.11769144061371,-7.821375753527165,5.216491644876264,-0.016338242722555,-1.325407970325895,5.173295269483905,-0.00567267711678808,-5.310885932592016,3.535693670723578,1.4613482951772894,-12.511829408598535,-1.0675190531029186,6.597736304143177,10.200467726020769,9.658636944333184,-1.2929586005745848
373,6.216666666666667,16.398245687252786,-2.6235753585429022,-9.164423507824363,22.59658801890527,-0.0011198332834160805,-5.967552322161025,5.530460374311366,2.540853411843686,-0.0002811037525521015,39.018336662920454,-1.7932947127875323,0.005921333198864631,-1.8806516614428903,4.110021246641144,-1.6874182896300844,5.7320994500155935,2.313086939821808,-23.4519854659923,1.6592010478134191,-15.074568767390494,6.960850605997453,-4.512301628082235,-9.385267921736808,20.601061303283355,20.301554760741094,0.005322908895013148,101.13834904052332,20.720457672501198,0.001973657390299973,96.11290806481321,-6.885042954846142,5.738948273240702,-0.006011498214239024,-0.28615902889964273,6.290394066070371,0.01606234498063878,-5.497533117951417,3.8174146135156475,1.7570088952604026,-12.915508434894052,-1.8622948460521738,6.150874847007893,11.146680845311664,10.128145113852012,-1.1739081448305753
374,6.233333333333333,16.32520312282174,-2.384827862765387,-9.570138658087288,22.466348282458913,-0.2864797641181642,-6.133772677156614,5.3001192369047505,2.3963108502314427,-0.00041880755108525283,36.510819631919425,-0.9474233605852911,0.004097736009399103,-1.218017086981356,4.60109208553388,-2.4677914363130418,6.861546295840889,3.254459163157633,-24.968336380816925,2.1621202188048203,-15.138524396523216,5.670345039027663,-4.447229797987086,-9.13678832726339,18.997047073632263,20.123664942098003,-0.01800159914161421,109.1622036186382,21.5299886958651,-0.00038796473929689977,95.74162810430639,-2.7707040270456336,7.768984378260255,0.029646521185618512,1.3471167845627066,6.875702254761407,-0.015043707629464265,-5.498154070547497,4.08618308350509,1.7754634135558192,-13.547289494857607,-1.4851339105766745,5.58464652431327,12.238459180192844,10.416854229697437,-0.9479994157796052
375,6.25,15.862703758806772,-2.131843198956015,-9.932288473639206,22.112436240978667,-0.7815227203700792,-7.331443298223582,5.039074256765553,2.488894612294117,0.0006957523496314085,34.127457051946585,-0.659068262645169,-0.011011473941452405,-1.0417171891529124,4.186753776325541,-3.095985264106141,7.8900376808804085,4.912244042035794,-25.417592774890085,2.529095049345839,-15.229532208395135,4.8635399575148694,-4.134063256796302,-9.010530677690985,16.665341158741757,20.44702839481674,0.011800986754410738,109.3416137843466,21.172251259611535,0.007008381320123701,96.12894365288432,-1.8881245832335438,9.12725137435369,0.006450700117946406,2.586881772336693,4.939510170687731,-0.013177041287879046,-5.321704742362715,4.345854221479874,1.5501332560786394,-14.044903749395855,-1.0749871559365491,5.096475495366283,13.748423624155723,10.43838501350302,-0.6081491772854385
376,6.266666666666667,15.45572609201777,-1.819527825185079,-10.019612200866373,22.15051026786926,-1.4264013355411713,-8.134662606518988,4.640517002876419,2.6648176731924904,3.4967111528421744e-05,32.143509871580875,0.20469791011601252,0.007734166864435565,-0.862760887347517,3.7000973732015545,-4.572429945552494,8.560848747753154,4.139607815829471,-26.306842615945683,2.6888892384081045,-15.600244200615414,6.0929680512724245,-3.738428153390279,-9.085981837070753,16.534797256859633,21.130952726835947,-0.016737656065211926,106.34783007957756,20.736488178533047,-0.0002843408207623827,94.91546524059451,-3.3889427761103006,9.234868421208194,0.035487715632131905,2.1177457493991825,4.0215388152435585,-0.0009370900982383155,-5.382319878037056,4.732915303934287,1.0465399506095394,-14.364561613895777,-1.139621843203526,5.17051074901779,15.657446133360189,10.61349623020806,-0.17544762186181367
377,6.283333333333333,15.186886950348708,-1.6063163198871515,-10.207467239595632,22.019501060990976,-1.7084535143378767,-8.428602148750672,4.347134453054404,2.562879189138545,-0.00021301863762359478,30.091736220509272,1.5791482886884332,0.003499641605207386,-0.4493586448563543,3.5625295069122327,-5.5803928913130445,8.925884519244933,1.6535294801364422,-27.767326111047815,2.600669107604024,-16.050420888025688,7.301639997995468,-3.3116510054148427,-9.062663857053781,17.73692864586999,22.016323883830676,-0.02951305684427902,109.70986513766226,20.671402021108662,-0.0007020348840079575,93.69271282359955,-1.8600504890193152,9.802969293512438,0.02714569470430061,1.9612984527277262,3.5396685513045436,-0.003155749935173272,-5.3777444207953105,5.005115550635963,0.7403056590662902,-14.579358526035204,-1.0892058266342606,5.609128316631043,17.155589870956284,10.74354454628912,0.03328406521016049
378,6.3,14.568433342841972,-1.60138232091963,-10.509971040286377,21.329507697566,-1.6423087377374481,-10.35082163010524,4.138338395900338,2.5697983505741417,0.000341422468062364,28.277862431809268,1.5870788252694146,-0.008847950939529487,-0.31665287018783805,3.5121534784665904,-5.822835119450492,9.579332759015992,1.8717434139126863,-28.722142124221886,2.430112452445569,-16.53343235825236,7.3397116491046,-3.323807946482125,-9.019468538981409,18.480950873761383,22.400981916992333,0.014033174888045648,109.96849892422468,21.168103456776084,-0.0001797109802346503,93.49361696892161,-1.5788081890670758,9.572119255313694,0.002591690504621795,3.5215391155012643,2.4747621768063475,0.01665971130481022,-4.9673771531513955,5.289331459120462,1.132860691061194,-14.337135188148418,-1.5972939723767066,6.326541592398274,18.29913521621528,10.45200993335343,0.1492426781738395
379,6.316666666666666,14.022072837600096,-1.42064490470424,-11.197052692254077,20.96363991657588,-1.923864563356747,-12.599717639852484,4.118984329962671,2.6735563090844736,-0.000160251851245334,27.202694753502286,1.4151542780817727,0.003769537935823187,-0.23694395024400894,3.2306247951951463,-6.372047424462918,10.438855016101419,2.5725366853769347,-29.668530329412913,2.7983550829601875,-16.701689046889076,7.1992649516040155,-3.2411629239134587,-9.19001291396241,19.03627613932423,21.923577454166907,0.007702908899194844,106.27149544521606,21.783049184823827,-0.003890358777445477,93.16038029867391,-3.1549516231753767,8.189803716383516,-0.004468767773453299,2.9696052682680065,3.7023158138695726,-0.03247616872356923,-4.634435887921631,5.717608249861305,1.3983952080116129,-14.082668846277535,-2.170191973826135,7.174940426036048,19.860563497983648,10.216927757659178,0.5377055487638635
380,6.333333333333333,13.763628072282994,-1.1671630410962848,-10.983454008702132,21.033336991732078,-2.259545079526558,-13.342914942571117,4.110033302371727,2.754795776403598,0.00028328867565586706,26.396900010535337,2.234655928884555,0.0015379117542318164,0.4705112341258623,2.3631951941888354,-8.24714122911382,11.01154385051053,1.3854112990210692,-31.442620943408865,3.3293571494434966,-16.504104537157453,7.715770802647501,-2.5529002359533464,-9.371899557340447,19.651942968754206,21.29219323838106,0.004132393731426073,105.88797184952574,21.439297761644205,0.005410266002655283,94.03164622655498,-2.7578685630557906,7.308257858201265,-0.002122180006060786,0.9509122657062454,5.786060345399526,-0.032139822494329506,-4.713726421908073,5.838891959596385,0.9677145577339625,-14.090397758420266,-1.850360218538582,7.6167384520102175,21.758056859899863,10.309291548563131,0.8925553581821679
381,6.35,13.416976655964577,-1.307637230206362,-9.905231096389318,20.874138118024728,-2.0880006373287348,-14.314981730475864,3.876038457611004,3.0215226464298297,0.0005119260891281221,25.358589288765103,2.7551212678961,-0.0036152096168722224,1.2709562515062478,1.6431377242009775,-10.666097228619854,11.305512651257215,0.8137111181610592,-33.55994759045838,2.8559845453076873,-16.44183787311374,7.417872522961607,-2.371088366043711,-9.515300570823827,19.997501296207144,21.68392109515234,0.004018431847709508,104.9416682895326,20.968449010979167,0.009418898052871397,95.19149150146829,-2.6704032672933025,7.051828339800929,-0.0007455419685546104,1.9836953460277018,5.39939824236952,-0.008826130714612416,-5.113196203769511,5.634087194337155,0.5953565323249407,-13.791686467636664,-1.5345539364647038,8.021533877210585,23.509665199368573,10.431634832333208,0.8718134178453169
382,6.366666666666666,12.823850626066717,-1.5776931896873687,-10.2537140866491,20.247072813319036,-1.8958692661619936,-15.716208937388709,3.8567240082041745,3.2336132416182166,-0.0003270368750878496,24.280020761394606,3.018118761095391,0.002220184741667431,1.3162671031175497,1.3814011324781261,-11.660687104687481,11.1292237644996,0.43225675463968866,-34.94851166283582,2.461588874414752,-16.761807622574732,7.272159646999612,-2.7412876267336332,-9.654378727311286,20.13716677303799,21.96767209299323,-0.0016193708490395595,103.33136027928035,21.42926271851557,0.0037775527679088055,94.69339122334736,-2.799836671168257,7.510015988199662,0.004290334499172583,3.5022368067992002,4.536926345468751,0.009092556818202278,-5.2135050529621205,5.551266974107914,0.4219771386955073,-13.374373049932139,-1.3617212898723343,9.035382184467181,25.325926919372833,10.220000752906948,0.8000815097046028
383,6.383333333333334,11.993942241539433,-1.7182720326228418,-10.710442048373444,19.435618252413267,-1.6676842653280677,-15.834149728115435,3.8672479362100054,3.311775301246828,1.957356504539782e-05,23.257492719960723,3.330332665032889,0.00029274418154078664,1.6344957585878488,0.9701790326150729,-12.6297253108719,10.928287831668008,-0.4001130393577887,-35.27326321093995,2.698589472082436,-16.795637032593266,8.146172971532751,-2.759475651479236,-9.739537616654296,20.068167443754295,21.04231082402343,0.006418760972002945,105.32835292174033,21.983760668932316,-0.0036841730903399276,94.97195645442947,-1.0842873353505327,8.316076640046832,0.006251773296427555,4.2702928502348705,4.753783540901114,-0.002601938685565045,-5.001633084564453,5.33579426040277,0.06536942864432675,-13.18487276896214,-0.8861881660390367,10.06054692264585,27.434732029102975,9.826294301126167,0.7998213662319543
384,6.4,11.524793950300236,-1.7917037036701355,-9.777887536304702,19.17085260609921,-1.2811477717902213,-15.521620413434375,3.47976608802915,3.399579922733651,-9.88847271740133e-05,22.402723989171513,2.986352953672205,-0.0018924392504759684,2.5340387068331847,1.199939625939003,-15.240667069748007,11.06557132338057,-0.1974999064422288,-34.34387270561972,2.158083150538863,-16.47794986887109,7.52023618383991,-2.490322935515837,-9.869135381407421,20.49529663033327,20.604902154517042,-0.009254230306153953,108.55811060383587,21.90093166011105,0.0022206016277563816,95.44586520533895,0.310086733182986,7.982633999139286,-0.010362461731995138,5.770290506493911,4.068779529088701,-0.005629697066651174,-5.432229480632753,4.958644412795443,0.05930566792198727,-13.237002152097276,-0.95468404189783,10.384184321445513,29.48681071414286,9.959009054251082,0.7782466432489572
385,6.416666666666667,11.248335755866659,-1.5492732654605628,-10.195003281966468,19.098285087875087,-1.276626268787049,-15.290753211903079,3.2310846559703226,3.347911538706492,0.00043769761041122864,21.874956154416896,2.3982948403537927,0.001516474312212849,2.644077611638892,1.6617582803167652,-16.869775630582055,10.835160413253716,0.11827356535688516,-32.40560032961484,1.4664673417544059,-16.63778209610694,6.36288685815338,-2.1213480518458554,-9.842981385186524,21.503432185650027,20.762675922709413,0.0010420580255924036,109.30634969680726,21.702440318054986,-0.004823367340885043,94.57950133069428,-1.0196264341316128,6.385684412014732,0.010851749389847346,6.093467345472796,2.743600581577788,0.023257705900105993,-5.800117757478504,5.205580493785463,0.36819296835489335,-13.461619551858245,-1.565855320317696,10.550594462112604,31.558514503033944,10.168469991199707,1.059870204712613
386,6.433333333333334,10.840435973359101,-1.338654245629736,-11.522814958008894,18.50845552394906,-1.2589933727418856,-14.657758247729808,3.4891239913840946,3.4355565347111,-0.0002308595395018658,21.184382504112374,2.0684061607160547,-0.0003151353066820898,2.5642806038650856,0.5971030136454026,-17.328802580362318,11.040878491721699,0.3596688880628253,-30.69864397824243,1.2056092158808198,-16.69439653699827,6.328002653950012,-1.9847392179421988,-9.969780110860356,23.028184308736403,20.708135582707122,-0.0001581662310429374,107.81252443830304,22.20536900868363,0.0008892615550426174,92.51650707280692,-3.9103237199632805,5.4998224530072655,-0.004856238455540498,4.899817706325185,3.3676423985396546,-0.002828394312763143,-5.652860995011447,5.504482597142871,0.4190747381501332,-13.465222931299389,-1.422639167227856,11.369032414026673,33.602938268105774,10.024544848398575,1.38825598203393
387,6.45,11.114744791493305,-1.6992062527062386,-11.105590667080545,18.125257721976727,-0.7187961253027771,-14.804277371292262,4.020259088606358,3.7401134599418424,-0.0013338319311695934,20.035102754756643,1.7084413657604312,-0.0008626007620181787,2.741419562218636,-0.2965893822704272,-18.943410058892653,11.487914845817624,0.8299036739116862,-29.056499075238957,0.7064042771837499,-16.34280282965481,6.281490167731207,-2.089525317180186,-10.824986765912511,26.105743840775155,20.952181230869556,-0.0005653724756187584,108.04476809156404,23.176718954316414,0.00873862653868457,88.08323624335178,-3.830622175692054,6.392176737357776,0.004939072389460548,1.7868153587503224,6.286133160922408,-0.02892130021409415,-6.145366530770951,4.999063645489048,0.6319904152229486,-13.52462118278588,-0.8690101354625599,12.769823799736042,35.13231649606406,10.327376468570117,1.2117000174093313
388,6.466666666666667,11.601758095697937,-2.017187182394784,-10.714427565189732,18.04103513040353,-0.18040109637707571,-15.421854539316945,4.588720861756566,3.487688201923638,0.0016563245400170845,18.939086474090146,1.339203958129983,0.0008225596440737007,2.4745680624613344,0.6911821089869221,-20.281776834059883,10.834081848567115,0.5393692088919138,-27.247554788025813,0.7081975809963857,-16.2036185804115,5.794189455366698,-1.9955838118982925,-11.512526836011352,27.570839392883155,20.863489078050474,0.005978208232618924,110.32647686324732,23.64283530732595,-0.0032070823918456267,85.69226124527955,-1.007993808777861,7.492787495327074,0.001170817841026062,-1.4318522381686911,7.684314485604063,0.048913441644735094,-6.60793917451433,4.520748549840469,0.9363708894857539,-14.02451855679677,-0.8312948334590251,14.175939761356567,36.61950096457801,10.724464009237616,0.9584135279737034
389,6.483333333333333,11.470909358093275,-2.177348046400643,-11.417288186141906,17.657873223027977,0.38999558091859965,-14.891750441164742,5.3546647272511745,3.042761975331294,7.613690205270679e-05,18.329014781529267,1.004586968381479,-0.00027279258997468055,3.305979452129273,0.9071593924687507,-20.88063229481065,10.441929462082411,0.5320524384587263,-26.38703490149854,1.1393317129276803,-16.05242549644993,5.507094977086879,-2.084453928837026,-11.264814880420412,25.10707807576989,20.242950288207176,-0.00787055303053464,109.21562833384687,23.668345473051968,0.0021417653390410235,89.28019536991427,-1.3278649994689653,7.796276702869424,-0.0008600586406946548,0.3753235937571985,4.9979670146655595,-0.04301323637212393,-6.39501244849449,4.289568599394915,1.0139625958058607,-14.212005213332075,-1.1327232378090273,15.257863748274708,38.57571081810707,10.581623538912838,0.8203753732661194
390,6.5,11.473969834441997,-2.623499089492408,-11.854992838377864,17.39789564129701,1.1155295230651805,-13.559976561431231,6.5979771333239725,3.286852557126257,-0.002196936723037213,18.079222645452536,0.660328690590005,1.323233691830035e-06,5.294884675385547,-0.3848907630372547,-22.360747814407805,11.029926766133274,1.2744508830159564,-26.121543496903712,0.7156717167111423,-15.796232476918801,4.625723232549229,-2.1370414125078807,-10.682120314255007,22.574783576034445,20.147101951030077,0.004150649211358589,105.23898898658454,23.24850713509185,-0.006401538515175697,92.56897703227621,-2.9635792062557504,7.630308621249457,-0.0001596971668956668,3.4851488242132014,2.7838160450990745,-0.01834903192058487,-6.559298762020749,3.99667357899379,1.2281341737383502,-13.781207249019067,-1.538607046744123,16.292676713321697,40.728079172377484,10.507267037693532,0.6466414778960612
391,6.516666666666667,11.75990634098168,-2.8652753283024324,-12.196615871872899,17.249823814629178,1.4888624775027686,-13.010319635487539,7.780286809297321,3.4088472604695026,0.00150509893419791,17.624908410071416,0.41907271490951603,0.0003943264869812486,5.92205069929419,-0.9999183224286116,-24.199005537979048,11.188103590391528,1.4760900680063982,-25.001446161948756,0.12960747875234901,-15.624478292055393,3.0756244173213476,-1.5447977176241092,-10.31590451433375,21.855990121885558,20.127706491706256,-0.01298571458241692,102.22173112238971,22.26463810871157,-0.013567894013827615,91.41869429059902,-2.0878211062131853,6.841085851091316,-0.0010085479560750868,1.4174627176233627,4.72514673869842,-0.02444909150766654,-6.887711690198304,4.020530341593266,1.4322286718772417,-13.528623551833569,-1.5702195689911995,17.497046962583827,42.867466125891404,10.596232902907937,0.6773723257414682
392,6.533333333333333,11.719407374458218,-2.713087300260712,-12.89022221888272,16.72292491891384,1.5714958014372877,-13.678392519996022,8.426937339798313,2.809997114812176,-0.0016496349525520525,16.86637033202093,0.19755637553734587,-0.00017760957678846458,5.378640056665308,-1.0204628010952972,-25.769899305163726,10.592038188340114,1.55912844545329,-22.507106263685,0.12049162582348721,-15.389646249137959,2.366979555290573,-1.1135823726891407,-10.307530427832171,22.16410790838094,19.720396386722875,-0.020692050679276,102.13371792616529,22.25054484952161,0.013076909199225637,88.97753182571904,-2.129219053168021,6.315620235392812,0.010321176379395816,-2.611533072812411,7.528874979070176,0.02415501799162384,-6.744099443124293,4.037512681270309,1.5642602634175469,-13.534466593755791,-1.2903585108195488,18.499793239426875,44.988097584214756,10.455854406103416,0.720759059158061
393,6.55,11.52741401534939,-2.7234574064021824,-13.54311358882353,16.05382391237758,1.737613175682513,-14.130767454990991,9.34093214187995,2.2368323580986953,0.002641144477694271,16.382924567304784,0.003959904892938829,8.894485406761042e-05,5.377285586738488,-0.9343588716266072,-27.252250526431673,10.160894248163107,2.61160993488852,-19.95396685903603,-0.06223604186923783,-14.892446162017258,1.1180747227544452,-1.2714903923068912,-10.621502681943618,22.53223792764341,19.639561961533765,-0.009803095611795773,107.25350323673088,23.159692242548935,0.0033043738205769625,87.99277358716074,-2.2862273366211308,6.577541801584466,0.001925479143241316,-4.8546234319905395,9.236089532892755,0.0008580967820979674,-6.561892374580414,3.5059057870474173,1.7484873203103406,-13.234731159041116,-1.152208829289375,19.383242887982956,47.097718609577086,10.174554248661854,0.5147011768140708
394,6.566666666666666,11.595359664052085,-3.32458582183721,-13.65022867725663,15.47049604781328,2.16005514002782,-13.611982477086427,11.102781148493664,2.3586275405858483,-0.0005464666834023425,16.22384157319242,-0.0023418712686889345,-7.43534934358021e-05,6.12975800770857,-0.6976212477414216,-28.685460332969225,10.401458075898875,3.4487909376053207,-18.614501051283565,-0.5423492650007514,-14.377343854714518,-0.971775029663151,-1.1570696644936738,-10.907648880252294,22.071263100211034,19.969255243510357,0.008558980858545307,111.87541687677381,23.19810393130105,0.001240123401824385,89.10196303761462,0.154384298498336,6.48351936335205,-0.006421326615307113,-5.812777439126007,10.67536133835611,-0.006782231953608071,-6.468263399997721,2.8011738246773326,1.8034368820030402,-13.157811256955217,-1.0893718484338661,20.488657381355797,49.077072640952835,9.869733804587396,0.1705965138341191
395,6.583333333333333,12.022792088246273,-4.481670838508677,-13.755313220116703,15.110133666586082,2.897557007254458,-13.050412099470472,13.383175873150144,2.96690551911083,-0.004705920384470213,16.215111108756986,-0.1907292430566738,0.00011392111640033838,7.110961816458703,-0.7293480591800185,-29.96992704178629,10.553365057361367,3.2602450538961683,-17.538286085568405,-0.9188735794790286,-14.148589512165207,-0.7098602295365983,-0.7901223864588187,-11.046540472906505,21.600946624458217,20.11103592183074,-0.001213331139252258,111.0473167240034,22.848699001130033,0.0012718703964338897,89.07195779773404,0.6536532917853048,6.156183872964713,0.0014293652347147914,-5.92220217406721,11.088284857441634,0.0059255723772783,-6.3543418390551425,2.189344350226492,2.017290993307657,-13.61871676074519,-1.3526711666824072,21.333714031376005,50.975426836922246,9.600788989211676,-0.2677394843411513
396,6.6,12.905006560075549,-5.675637863860346,-14.3056245488575,15.196419816442006,3.781534646036115,-12.617181033688187,15.955925718163007,3.3174678675643605,0.008300458875275363,16.322683691899528,-0.7077727436457327,-0.0001489624311298187,7.938312343082058,-0.6303684354691466,-31.42438528797932,10.181409854774069,3.172492508192284,-16.105526859377626,-1.000686527920438,-14.07910290042568,1.390878871065198,-0.49583268614044007,-11.043454641225301,20.896286219367447,19.646329022716074,-0.004240103392616286,109.29077159673467,22.63853644654555,0.0005469927840466569,87.3219940090461,-2.152779268670964,5.78255291204675,0.006807235992502875,-5.59209916475442,10.397852070518363,8.285621207953551e-05,-6.565942240035769,1.3994345719445973,2.4833664519497995,-13.605018151413319,-1.6529507716342284,21.71244958405329,53.182259723466025,9.610800395227221,-0.7822326516946286
397,6.616666666666666,13.964574897216549,-6.619578967946189,-13.862380661353507,15.24809198091342,4.482550930323155,-11.069375700709596,18.621867749778048,3.8600101805569116,-0.003323542225481946,16.20793060224195,-0.7858667179049978,0.0003322217936771503,8.504983700186925,-0.9961365390550787,-33.647649471278314,10.471064893178912,2.627458493252558,-15.260001250348513,-1.095036247915447,-13.91713515804893,0.7073504124705724,-0.04841643701645508,-10.99761086672669,20.320325757950634,19.53244168788523,0.006422880698491024,109.45460563669485,22.037248564240972,0.006474399246073837,88.78331670568781,-2.387862102862986,4.733873897532641,-0.005365276579592839,-4.5048523907650875,9.63620974825383,-0.0031271336993015496,-6.965751591441631,0.7844969968353841,2.496910410226334,-13.281567943121242,-1.3857181786503237,22.42229163735959,55.693511696649075,9.789295543113058,-1.1634180149270668
398,6.633333333333334,14.64584059555922,-7.155067663408148,-12.981618677292078,14.744840204354327,4.679641637999595,-9.464398708125135,21.137116252801246,4.696981778154441,-0.007590458999392827,15.918862534665644,-0.6278285198240542,0.0004615441889576775,8.510027216761387,-2.340764343794743,-35.570338843485295,11.36630506043655,2.062081903803017,-14.437583464129231,-1.2516975681310067,-13.529518688569429,-2.026285754138721,0.13060272896055852,-11.268978381661006,20.36331133757551,20.2040767534396,0.012202463009010128,111.19006888826135,21.635539453811944,-0.004579871323172593,91.19060853857934,0.5852023478823438,3.754781297248338,-0.0032552864638887426,-3.7249360416620805,8.67789430684282,-0.0001866128816445937,-6.847712497127191,0.7414677454780662,2.0002896771502954,-13.554683727945923,-1.0897241876733987,23.292893793991365,57.948575716858194,9.61158394906136,-1.1311348018089062
399,6.65,15.310166632493246,-7.164218618299181,-13.823019146891513,14.299086803180607,4.606312918504005,-9.662971848571498,23.53341655087711,4.378727701080927,0.01331699901689352,15.761374369871493,-1.141257203363141,-0.00020539600267298997,8.220882476485782,-2.4966155512989996,-36.17749770334164,11.36110636809093,3.1237521297600006,-12.794220928068007,-0.6941788446614121,-13.379575753724954,-0.9797549387510173,-0.24753061132120951,-11.518650822333916,18.34315651170552,19.945779206561667,-0.011404522037484054,110.66391640296959,21.679213136512605,-0.0033376428403172897,90.93226817211651,1.169414549386386,3.2595876361537557,-0.0010569213944175144,-4.505458959033537,7.642209042967388,0.0015353533225319932,-6.433946189903606,0.8236818650687123,1.9178877511820842,-13.862323637248092,-1.3619853183013413,23.431612935031428,59.87289744013408,9.309360091676773,-0.8230125705324483
400,6.666666666666667,16.78000883460032,-7.253445843059493,-14.957433151703903,14.560126304746456,4.500184628723121,-9.599301627374977,26.338670162682945,3.846268050175213,-0.006433640221141281,15.68471526755358,-1.653654418638927,-0.0004683086550471553,8.562232295674244,-1.9087189133265712,-36.16388697089085,10.954650822853775,4.006522103382384,-11.285857926938451,0.09663298512150417,-13.469163935579802,2.2578734097643873,-0.5631544512960808,-11.25311971538694,15.175832675342333,18.862990309835645,-0.010808815242283165,107.17501181810407,21.51485576785205,0.00579216506005201,92.98512933366962,-1.1049885730657645,2.752458079124815,0.005239110202287823,-4.370128621422511,7.583214073245373,0.004235030107243108,-6.694150662933169,1.0227284065286633,2.213574166686842,-13.742943602894353,-1.837278817197573,23.773129795195995,61.927793325649354,9.614845422156344,-0.5058177884506757
401,6.683333333333334,18.054654898505945,-7.732757368835633,-15.120692860251888,14.774708454255716,4.2002123288537225,-8.541497880280872,29.320760877849825,4.645137731266185,-0.011149915921297396,15.727526639214512,-1.7347841799268584,-0.00041593676735791034,9.22252452059558,-2.80204117129303,-35.47221147738185,11.06036155564739,4.296160055443042,-9.584402030134216,-0.012605772768757968,-13.277354624206282,3.211047868588476,-0.4065885890058091,-11.044221108831175,13.845141643653621,18.85242206970402,-0.0006604644343795609,107.6341247048706,20.80291596065792,-0.0009183739353370098,96.71323501883447,-3.0280312891104373,3.742011015951903,-0.004926072670351119,-2.8138771911957683,7.350646255737853,0.001339471071131479,-7.218737072603618,1.4173400191524268,2.006957210557927,-13.627670310448591,-2.0287211608627813,24.748502632447238,64.31499558786228,9.921550123381213,-0.19172067258765102
402,6.7,17.87241012458839,-8.088444507043924,-15.279045818159709,14.296137319815482,3.893636624268981,-8.625091044444135,31.24319400001863,5.619403358431643,0.011288850166569712,16.094308347274044,-2.1593669619099023,0.000254685486197207,9.583538506644816,-3.086963400865841,-32.93171569726238,11.227410513789115,5.223426885664957,-6.919404611496858,-0.4030669195368992,-13.459327856651731,4.425078329658012,-0.06728105708883247,-10.993226579793566,13.35096335468934,19.613592793101812,0.003384433482501331,108.80030142095889,20.12415682298908,-0.008956237218992648,96.17035307925354,-4.024112687139269,5.735077212233527,0.0007141649128313042,-2.674901558698959,6.701236718537,-0.00041574870214338073,-6.9695760942767775,1.671404490026141,1.5769449856830466,-13.326461797190348,-2.4027367604328727,24.438283018474156,66.98070118988848,9.40713958273652,0.14041012607502787
403,6.716666666666667,17.747764386681265,-8.36644515428002,-14.626933907818449,13.77340488712604,3.787750260532518,-9.111977631883077,32.70406599085397,6.390821735666584,-0.004633863936347487,16.24945365838344,-2.613013200146997,-0.000960390195430512,9.631353633559948,-1.969910954567363,-28.21252058563837,11.296280497948116,5.456368165898604,-4.712648602480597,-0.37825212183068746,-14.06863140009772,6.013257206913628,0.04611119314402318,-10.728947832781836,13.196968278874255,19.816391028743976,-0.002014362119495346,105.81209336501593,19.98489358840184,0.0014174630470759572,93.86830974576803,-3.500292763051701,4.954022662201736,-0.013321154924329625,-3.3675466641595273,7.2749342239636166,0.0012976670536420528,-6.726774418256326,1.9279713229910778,1.4834386973476976,-12.560287626902957,-3.1891985302250823,22.866446030181255,69.64165838187118,8.974661270983942,0.4330616106570366
404,6.733333333333333,18.97511662210152,-8.865607703983544,-13.637046160109286,13.537426787089117,3.89502353389319,-8.64356803547979,34.87301736168044,6.9457216433769275,-0.0027084457414042356,15.480690847065055,-2.5842074299504847,0.0006882683833376803,9.886711596864082,-1.1326570976675223,-22.954626615236112,10.97676691415275,4.981864028619953,-3.5366496728396806,-0.36195338291743223,-13.990449693464724,4.647596456516369,0.24223514002137164,-10.549668603480038,13.871430504834255,19.586225121000858,-0.0019847654921173693,105.40047287659654,19.47036430047555,0.005012644707144901,93.9246657896012,-2.8012993029878315,2.7245840499619516,-0.001913807102198836,-2.8558896503798894,6.917498557407736,-0.002809782131692505,-7.264470889970528,2.1407279370740335,1.337051919830887,-11.745389198486805,-3.5666509222708527,22.551718100258565,72.24774437260142,9.273143966028023,0.4512996862779655
405,6.75,20.38458315343858,-9.1449551394972,-13.92775668059782,13.639971266747663,4.172686850528608,-8.593802944432118,36.59780068240655,6.5601327240360465,0.0036302761431641455,14.640014341414728,-2.8852273069876397,0.0002786116929007444,10.770005950557447,-0.5839957702085895,-18.25068006774032,10.073970161648965,5.139966707014715,-1.7994405763620542,-0.4795152842044986,-13.645872054296538,3.576597243618981,0.6651939905101152,-10.485172740941575,14.220080839640381,19.7348911755458,0.006449613377633137,105.25599269017992,18.668116046835234,0.004688607955203292,94.31071387556653,-4.595381886833374,2.693390263901683,-0.0071379331872624555,-2.0541502889175103,5.8823550192815945,-0.0022022308709535657,-7.8619379904461,2.0856296680031634,0.9786093344125569,-11.239823871689964,-3.510936555751802,23.477575510743566,74.96778714983922,9.746841669557783,0.3380767352302814
406,6.766666666666667,20.839691174263365,-8.570830886355045,-13.203261178477728,13.7391588908695,4.026361466097507,-9.315379642489882,36.756845934651764,6.279682014784141,0.0001820180726090648,14.479421690749396,-3.6386826646092225,0.00044002913030434656,10.756975208086324,-0.6055715939692929,-13.694301651209834,9.20419205089211,5.508162661645941,0.9067885099400627,-0.46700526568825507,-13.813980231154959,6.2508369774242665,0.7548472996021405,-10.449931637058672,13.728032193958452,19.957067810272104,0.0012474919459286673,101.32673284914237,18.48977828871791,0.0019436780295258476,93.01375698849935,-6.638007490082392,4.417698083537497,0.008974937376852793,-2.556816522309755,5.956154892215173,0.0015383841053612473,-7.979616000733081,2.1223350995050314,0.6713145483255293,-11.217722530436172,-3.352183708177103,23.343649873487774,77.60000349292824,9.81822888140435,0.6758432938165208
407,6.783333333333333,20.396553981088946,-7.620659767948459,-10.781691447219032,12.924126989521755,3.4164341947820027,-9.120261324832633,36.17255585576457,6.411385265563099,0.0010138766347460421,14.200544253948731,-3.792596219287939,0.0005435751685834301,9.558748507960631,-0.4094787306219553,-10.296642638472067,8.719511018738562,5.716476875245352,3.362401906016337,-0.3139473051700584,-13.728007040849421,7.6250783099439206,0.7135062842342391,-10.46683484778807,12.628955503854698,19.582225465017245,0.0021185568789079266,101.62013679492182,18.219859737895113,0.0013114268203043996,92.59130095189528,-5.81168280866451,5.286499834669811,0.007849622408524996,-3.591063441649374,5.296881647692783,0.007031240631295672,-7.747675927279414,2.4271475823397592,0.25342765983962595,-11.166090652476337,-2.70310124621775,22.495711177018954,80.19122379282419,9.28605885880062,1.2173680798421833
408,6.8,20.262670901835982,-7.349846959613527,-9.398039223046025,12.098346263285789,3.213787894922827,-8.057393618372336,35.883687034878946,5.7245366171763665,-5.735667215328682e-05,13.911541631177844,-3.3809786429754185,-0.000990257381072091,9.376900694381527,0.9665006519939326,-8.811470297232864,8.534456961679762,6.240435360846863,5.147685269572675,-0.4240681482854768,-13.150095431093783,5.375700527741968,0.8961376589250805,-10.497042507241735,11.389412522346646,19.512906350465038,0.010646980611937059,103.17462271230359,17.85861264329613,-0.0014359246065962813,93.81863298006513,-3.373876428195685,3.30805544892788,-0.016397605032109224,-3.4388576263063526,5.497707669485164,0.008472575395394916,-7.65624172560501,2.355072614482845,-0.1825597509049289,-10.735692617216847,-1.9080398511511922,22.551068124251156,82.83948383867882,8.874526421544513,1.1607158216242313
409,6.816666666666666,20.81277716717541,-7.468303826006807,-8.92414267071307,12.229573087697027,3.5219386292529746,-7.572298793618921,35.716555797836435,4.284242393689917,0.002119828828550476,14.531494816529017,-3.3678663864536436,0.0005113959800398868,10.255970199990452,2.8391253837028314,-8.350553113362988,8.96936477002803,6.379702441719991,6.502666793523335,-0.3389421456722027,-13.048277882930208,5.2951926627502415,1.2526646674986104,-11.051816806106029,12.563045272575742,20.04552010433778,0.011987174715012192,99.64151658980765,18.06152710583342,0.0008863299751612296,92.74497021402985,-2.9475222688049487,1.7152454143961202,-0.005983150589713792,-2.6812804775873764,7.075244378615599,-0.0014120924728526006,-7.507734396692578,1.7013655557873244,0.1077479485256095,-10.986188570836916,-1.7203359656593604,22.680776964036593,85.3682410029058,8.856488924502365,0.6183674972406029
410,6.833333333333333,20.763733561830886,-7.208211629096818,-8.633061936021459,12.200119739456122,3.7054458007244775,-7.770304521893347,34.802224487602274,2.512933254236968,-0.0025393203184755336,15.292061395123378,-3.874438893441313,0.0007590165441340843,10.642243144304473,4.315431211403377,-7.990128456278201,9.72967371119506,6.134851412944782,7.936524558234818,0.2835709612199402,-13.569327480589859,7.47950798439756,1.6071818412981367,-11.699565779081851,14.987231615420004,20.042212117131978,-0.0016041634128985912,99.09472852701255,18.437109029053314,-0.0017613357978019943,91.26190268234446,-4.55748878690024,3.2187589135720978,-0.014646192001631397,-2.000812132069261,8.553786588022513,0.01179710979148866,-6.9285114237384695,1.347499897000935,0.7158952796650339,-11.716842169263439,-1.9986134002132685,22.28961370450309,88.00783577947561,8.511745451845549,0.2588643505666295
411,6.85,20.129054387667733,-6.5561418180948525,-8.377757272555435,11.710567557524042,3.550243185947977,-7.066161567498714,33.08706281918622,0.7912553016266842,8.621026472995308e-05,15.45790095063831,-4.0599672198621,-0.0010211126131340065,10.636153239990831,4.496919755139321,-7.596483461514521,9.963177424573118,6.662302482024854,9.005896103479218,0.3470513222928592,-13.922756242523649,7.6628644808994055,1.3573758134615375,-11.470642634858605,14.425970188279345,19.894747980920137,-0.0025402183824620992,102.15158220575631,18.834009732933634,-0.004685567921969488,94.60372024833804,-4.702220859535656,3.598502025542002,0.0019915428470937946,-1.4045237511543014,9.858749525141217,0.02259078153175156,-6.685031035187316,1.410761058755743,0.5399955696275118,-11.546860799363719,-2.34311282733158,22.034813939765428,91.02240501184498,8.115524284190439,0.1905925954974102
412,6.866666666666666,20.138017456035218,-6.006914935302159,-7.696644620410716,11.889287422207335,3.335062187307279,-5.2756221554859435,31.35389472306168,-0.39766410786528095,0.0008929899240319035,15.939184983410891,-3.7753187665948382,-0.00017745368233966917,10.834859255980426,4.539361388937949,-6.486983008838934,10.288490070476449,7.276878926141304,8.92216122988801,-0.14277608050835758,-14.03986629920404,7.293823576367976,1.1714464660509523,-11.10992853545136,13.513432678614443,20.445205064572235,0.003049222530035103,101.85380003393223,18.888073425188136,0.001117736566925919,98.20519646378222,-3.7285557231920747,1.9796905165165457,0.0033066953116679077,-1.462998054044137,9.043076006227333,0.005361406225636082,-7.1161710517302605,1.3499257952306023,-0.03055556756711843,-10.763189504559884,-2.8024831654268447,21.865154445108026,94.08332468958258,8.348477731843454,0.12687909644254583
413,6.883333333333334,20.290424481649673,-5.778355061175227,-6.678807789334387,12.352113778640069,3.1617388639776896,-4.105300493632961,29.676010736883775,-1.0003029822949243,-0.0010792351377695549,16.456488658839383,-3.8690696414377257,0.0009469191992560232,10.6084374236529,5.582064834727431,-4.4297191311111215,10.359706974516165,7.556342229977146,9.510224417611695,-0.23807914357238014,-14.321311237412434,8.188350379218678,1.5633491808209747,-11.164902660819,14.617456289354873,21.134716439010383,-0.0006279837629271327,100.3340480188401,18.308675385440438,-0.002227717364733919,97.89205460352271,-3.8584738081642223,2.4643787410603686,-0.0020307374342580877,-1.7000102746171644,7.435700084704981,-0.007529592425896482,-7.429570366260073,1.535362911564134,-0.2822373971466256,-10.231043306215751,-3.343618847567546,21.710607599336964,96.92672650080686,8.581827493765388,0.13783701428975595
414,6.9,19.76107877904741,-5.402573184975682,-4.396624572997477,11.904128404366716,2.9195535484957613,-3.7967555519493725,28.233686003128458,-1.393950016818097,0.0035412347084430498,16.066985395878294,-4.413746410121937,-0.0012081658855308203,9.095761781445416,6.810207788257236,-3.189101831470665,8.994154006958915,7.382093807338342,12.41332661917242,-0.050206100480368526,-14.41959866712466,9.054402144194247,1.3455798162338266,-11.299841954181916,14.903663164980474,21.083077358888087,-0.0005523108092684151,99.66702246128548,18.162142147586554,0.006889047196099111,97.872073072792,-4.615877862533417,4.44944132930675,-0.0021194619505283253,-2.677051499691337,7.071159706885181,0.004357109255494986,-7.114863125638222,1.767998492602097,-0.4223686432465505,-10.280439737409111,-3.6075214326109295,21.45570706285517,99.820808792583,8.13446345455708,0.26670024726092073
415,6.916666666666667,19.66584723690217,-4.87579914718057,-1.9959677783596992,11.377080510988637,2.8957143431424717,-3.5501463467900396,27.430377256173298,-2.5693528132051635,-0.0018331971518304527,15.665415335192785,-4.803942453914117,0.0005485662762819947,7.164864189997536,7.702558154185879,-1.5261835449914374,7.662210256705841,6.579456306303875,16.08284092837794,0.2702886348647266,-14.27017404040142,9.851238329856173,0.6966484664825094,-11.659548768137295,13.857950725359936,20.46775454074372,-0.004204018815647298,97.32207595951076,18.83824011389061,8.297192969400787e-05,99.46942392441937,-5.374935083559421,4.625806950295235,0.004781660327326264,-3.9491971019437826,7.045246153165755,0.007990674145438074,-6.786825316905268,1.3480250704993173,-0.5419324078832523,-10.465551959171128,-3.5477120050420385,21.17725262630194,102.65215972868135,7.866518249910383,0.13357601035645558
416,6.933333333333334,20.148414580622433,-4.659775593176505,-1.1950078628129825,11.64431482545131,2.938622165492356,-3.0598429264130385,26.341009374078542,-4.0451604353101525,-0.0024720457378811737,15.644076603790074,-4.9178436345991745,0.00021751668691337528,6.6525925448378045,8.032717415247586,2.567084779891457,6.9021327009863,6.4940976153049,18.494409640787126,0.43503727555595423,-14.594683728004313,11.01323477663944,0.7215677186161197,-11.997627930594714,12.940098307586165,20.404484963887462,0.001465585598235958,94.79552343407467,19.27720907181067,-0.003977036646147894,100.17020541069118,-5.783031026770864,3.4171064663554054,-0.003078033788123739,-3.099443976663029,7.075128947383963,-0.0011778871984459709,-6.952888271902654,1.0024452908505046,-0.5590844222119784,-10.105819887212247,-3.478172742439269,21.20139817942093,105.27307070624349,8.23338031137422,-0.09202154160902562
417,6.95,19.782540694387905,-4.621892400871991,-0.3213167892077207,11.886303675928797,2.575760102281532,-2.90583553283916,24.219480798413695,-4.547224440649108,0.005904389855038912,15.442550781742687,-5.128983950175035,-0.00022868127763851784,7.160443718889576,8.970516382977287,7.321258886130723,6.019080489121174,6.522069639535912,20.492903020811475,0.32120166550151114,-14.854312557492314,10.216065396124195,1.1195400737862946,-12.003728911748338,13.18546592420981,20.6821575962238,0.002767661848022561,97.5201263555759,19.394839110767666,0.0008912044191972832,99.35707203433391,-5.169634375636768,3.566593427034015,0.002257737157926176,-2.102938615118549,6.592794106518179,-0.0016610282547500769,-6.919773218730434,1.2039302793643838,-0.5925711568506425,-9.629425738891598,-3.638787175900681,21.106913246830814,108.32983747438108,8.33906628261288,-0.009859732382638698
418,6.966666666666667,18.707273211754345,-4.565704948255477,0.6538935732783024,11.8775413715873,2.064732569068528,-2.892991892014063,21.37480561324955,-4.699163230225022,-0.006171200857669378,15.348754538404267,-5.475781830069709,0.0005020840945927782,5.906751866790809,10.73071231637252,11.994253800939708,5.722458693845675,5.6493661219879785,23.804040537458167,0.39473546523637376,-14.419311460941433,7.310592827991214,1.8066568414989432,-11.994293944645472,14.380877598395207,20.8651173764118,-0.0010133110548743657,103.81023212109726,19.375703750007307,-0.0011156994233826635,97.65039662110685,-4.405178455043467,6.493873003112249,-0.0005951779075605484,-2.756836644069986,6.152644344741895,-0.0024742104113154445,-6.4456362538121645,1.3175370990624473,-0.502071573880924,-9.455935345409266,-4.0875845689077765,20.940673263621537,111.65819735574115,8.122134450078596,0.10659862936195368
419,6.983333333333333,17.668019351716072,-4.830363347218396,0.6187941975918422,11.696350148063324,1.8778347036847292,-1.1775398456981725,18.607803070950798,-4.741138100381022,0.0008122245802063552,15.18311239858182,-5.512596249924996,0.0004631949098378743,3.4300191315250292,10.949110069745071,16.291817063915556,5.931188231930054,5.525615732743009,26.16659353727864,0.3377048645153825,-14.427815935290198,6.765369506842739,2.9930687306240937,-12.125669044261116,15.395535100327734,21.55237577552533,0.0126134641858629,104.9265781080476,18.960373390028995,-0.00019684892065307017,95.3117549038688,-4.692352321493356,8.526153116587121,0.0008300476627328221,-2.4252796594703603,6.998180403803631,0.004455320319794855,-5.916948026545479,1.2864160136288652,-0.27126977417714304,-9.537774209616826,-4.615215581160801,21.018850618131886,114.42295721702098,7.969768832698361,0.047951157038283586
420,7.0,16.866466682364727,-5.397398922268264,0.3289211655441631,11.245837951641313,1.9735374507639551,0.9907723275806335,16.901654864329497,-4.394458311335708,0.0030575944930758235,14.605259893597175,-5.5647019858204665,-0.0008621205565020049,2.5059917562831093,10.387052818359352,18.850299573084577,5.705994438422111,7.033474657994378,26.332180120215384,0.17275225749125098,-15.067822959689469,9.02535769165394,3.577559244864695,-12.197281849155917,15.070402312895272,21.746611853057313,0.0010138973706012877,101.29105656532997,19.56657469271058,-0.005676726531880428,94.68052693668497,-5.0200274763323165,5.851391381513587,-0.0018638926922842968,-1.2132406289982347,8.568020683015984,-0.0003317580485852105,-5.347168384344293,1.1712104154861038,-0.16708407803840514,-10.068710880830738,-4.8029350044463355,20.837854092930154,116.91505897965423,7.765950214311185,-0.11310878712132422
421,7.016666666666667,16.881034054695665,-5.64437397011585,0.011602100161472638,11.545954313404744,1.9517612381331768,0.624030249979696,16.000187037620794,-4.42553002601844,-0.002682281743112592,14.307864996299081,-6.17852063741804,4.806301358881486e-05,2.2414423740258385,11.255125767398646,20.071553301319483,4.316927644698505,8.171119131322659,28.125947731610175,0.38216653090377184,-15.460847746330867,10.731507832468733,3.3652829788275294,-12.249876059031292,14.007621233812424,21.247665766518626,0.004487187635799773,99.70677143974648,21.252683752457994,0.00027419722338619556,95.7409976740091,-4.811056811322227,4.321046885647766,-0.006391913910111245,-1.3113346688628202,9.459586484042752,-0.0016067017772841336,-5.262802130368945,0.9740430524384768,0.03625777359525398,-10.654255427938914,-4.842102292949297,20.485258134058753,119.37825805462937,7.942967026755848,-0.2947071678701531
422,7.033333333333333,17.416768129663684,-5.484170905868235,-0.13633940774280998,12.543789505237358,1.6539244571722365,-0.22216010382601975,15.352885669762408,-4.625132046300039,9.570548115920576e-05,14.477335213438698,-6.710738996705223,0.00014790125044832444,1.6454360526722738,12.099141362875793,20.02527162937781,3.0322306419118483,7.581849841232205,31.145087169883663,0.2931899823434952,-15.655653525975382,10.943443978685048,3.9227281831645953,-12.523071709263329,14.796338733539633,21.73445753217367,0.0019731339638843232,100.21628389514382,21.564692907581364,-0.009046646272865147,93.3822350603709,-4.705110589201973,6.87920865487312,5.104238822955181e-05,-1.5903510597049253,9.051974281492196,0.0008534654889979091,-5.691768305738519,1.0398414269316372,0.5103659136551778,-10.754067343876851,-5.15658256912958,20.085225268799864,121.58663504084682,8.528527680319584,-0.3365527823993875
423,7.05,17.99026945059774,-5.329470744208743,-0.13492478520653084,13.320788970146396,1.4173707017827961,0.40523436983760974,15.903286326478348,-4.571422837210063,0.0012390334201102366,14.647308821483223,-6.819245062251343,0.0006640701125655515,1.8656184494982015,11.779950384084506,18.62881707245172,2.9194003297177162,7.082028062148568,32.76407182984021,0.1324735516658485,-15.698224107592468,10.275993156984917,4.651025506346926,-12.573792352790319,15.733945001385983,22.260925174666497,0.0025813458664057333,100.88944804267996,20.945393635542963,-0.008714716488938009,90.59297473900764,-3.816924158819835,7.1278663394828765,-0.011579801789496968,-1.3337002028291938,8.083179010766795,-0.0025219929863211886,-5.992363332666821,1.1827676608557687,0.6363188409952648,-10.784288619462059,-5.342530378380008,19.357431378316033,123.85620705859027,8.957874803268899,-0.3462909782516285
424,7.066666666666666,18.896326544858226,-5.210735552352606,-0.5894324972400798,14.279715973748662,1.3460650545502204,-0.26682330800431386,17.509897812785663,-4.592318727761138,0.0006117792784546352,14.44710926980731,-7.297012827806779,-0.0014629742338662132,2.9174273328127813,11.263856011809073,17.03871442492394,1.5786638979074332,7.004662964983099,35.53510292723435,0.7619043950204527,-15.63609480304728,10.48845449583438,4.125890796604224,-12.182413973686389,14.490186206641802,21.496967111753644,-0.0029155138755657534,100.57816998861172,21.007125326956825,-0.0006245642060747971,92.86882074002347,-2.655451281840927,5.400665075602564,0.0026851957237550472,-1.8542619304271841,7.19723855971903,0.0024049909725367444,-6.483686433651547,1.124294931073581,0.2176206947728421,-10.970420677950823,-4.687221293893409,19.284507806781054,126.27164621462872,9.474589487853246,-0.484694564047309
425,7.083333333333333,19.314779599752416,-5.064371342830065,-1.3346040055764001,15.063105695811174,1.2384696702986564,-1.1666229386698799,18.097291912111512,-4.3295074881046585,0.0006579346930473773,13.70117070081817,-7.950529423671544,-0.001145959845954939,3.7489328373829447,10.626251725655088,15.851291157878144,-0.5040159596643895,6.713787170159296,37.697127653665035,1.3318156404203154,-15.747410862660676,12.015454739149085,3.7849849779233224,-12.063301338046793,14.341721325730548,20.70206751240055,0.00022471949204763014,99.27238596482385,20.909754811965527,0.0012150389362055815,93.8533680127103,-3.160760463544644,5.247135732701226,0.00473216561227376,-2.0242479914583598,7.116315692374273,0.00782704305385336,-6.957766931974985,1.1220078959581354,0.212632610826667,-11.099323471206118,-3.891339166803607,19.828103397043925,128.4363799954949,10.04873130007277,-0.5500665861304764
426,7.1,18.83936649947559,-5.0058131862184005,-2.2422042279386596,15.182145167521837,1.1780217865571798,0.05503822580343402,17.47549930907525,-3.9032160483391443,-4.155907730227895e-05,13.140197027410805,-8.127303483978785,0.0016377626710269628,4.017892578454007,10.109948283849969,14.998898575407718,-0.1775727165364013,7.915413011646271,36.27908107627341,1.3168865124679319,-15.902476746169423,12.744980056814171,4.427452394526091,-12.229393671003079,16.628471203379128,20.542066510616316,0.0034188278956139287,99.11602873964912,20.131092202490304,-0.001660657277552123,91.08565513363864,-4.6577596335391345,5.237517701688461,-0.0045974908761579406,-1.6329197185139435,7.643112404809192,0.008210872336597862,-6.970112637663999,1.236692333453218,0.8561555494266694,-11.279043971324821,-4.57084716972334,19.34020764897904,130.2561857111543,10.276039081101036,-0.584581035487254
427,7.116666666666666,18.279440349347496,-4.8793862765799325,-2.783196741569812,15.424284813200336,1.0593315614225547,0.5778911735613464,16.86713314161909,-3.764410240749863,-0.0014825127258255226,13.173776099829942,-8.146177387977557,-9.4423630958822e-06,4.385201886192092,9.961017595840387,13.810477519710881,0.8104428368483775,9.218357450932672,35.91527930733391,1.3803108312547072,-15.87031642164581,12.86746160772951,4.76912791507004,-12.131517043296244,17.976893057195277,20.44175490112884,0.0066322673535359825,98.27187823060909,19.620671132584686,0.006154069881030905,90.72512702045306,-6.563150760127028,4.346214029209922,0.0038701308727730043,-2.251301889115114,7.218923511244827,0.002615211028070641,-6.962302341252053,1.2327419436040734,1.3671603880854426,-11.315806619426656,-5.604466982011443,18.073536670609208,132.0069475593708,10.38146490277082,-0.7225086089354114
428,7.133333333333334,17.77936206177674,-4.611729699125369,-2.6076736076189806,15.846505925315654,0.6781146071333417,0.932270847309946,16.084766908166152,-3.383333435704445,0.0019833213625857714,13.096228739729533,-7.807470044549819,-4.897447708606956e-05,4.839747464461955,9.33597776668338,12.087338549241917,-0.03474647662651129,7.784896224511902,36.793370488446556,1.3344619344378725,-15.721047251178371,13.713409638253967,4.452779164491391,-12.107921297466614,17.18131468193619,20.370629106864065,0.006914243649379026,97.63575250431094,20.182832132676634,-0.00033234878133348716,92.08641394674325,-8.038598895798213,3.229223578997585,0.0024928225863794064,-2.0282913666750124,6.810455430528534,-0.0001658474746968535,-7.069757034114111,1.1094111586664168,1.8418664547616783,-11.40519878610896,-5.328956650831809,17.394865867491898,133.68254463545338,10.651196497519788,-0.7628178069502809
429,7.15,17.322839048615396,-4.491854097607206,-2.553896290519791,16.079782849400985,0.4169759980893149,2.880565992819346,14.936509151675615,-2.8175560779875903,-7.223660715120472e-06,12.64294707847245,-7.10529590795138,2.4116913244887096e-05,4.774319422681607,8.868691574811887,10.591237448515772,-1.132834146965891,5.227763245361947,35.09813869578714,1.1325680311394533,-15.783155571880416,14.192814545513636,4.483317286850195,-12.205473760671197,16.781648866686062,20.67988653046661,0.0007717150646265207,99.53122434241752,20.594968394069852,0.005373244054468016,92.07878827714006,-6.907160110607857,3.3785650341907525,0.008404278177164068,-0.7122775698302971,7.014573424823406,0.0014271994829021745,-7.060320553627908,1.0585342943520815,2.5398216735814754,-11.842131974200583,-5.200286105242003,17.611329218869216,135.0867078188784,11.02521906694279,-0.8163029532675119
430,7.166666666666667,16.750116604617123,-4.339790325112095,-2.8553552779453595,16.162040423194497,0.3208131674497934,3.1298394448274203,13.962563552474851,-2.5140681824986126,-0.0010468294519592862,12.209351694030206,-6.800559550402805,-0.0005853797401602691,4.904653602625294,8.763763589438748,9.193980433140517,-1.6752162250479794,3.7855494832770034,33.494471281865216,1.5317722978249888,-16.15306622792637,14.321000762684816,4.825924291927984,-12.074659143416108,16.681674037008662,21.28647082545394,0.01081745942777615,98.45903359270659,20.470436880905883,0.016960622315853945,91.44221851586884,-5.0135246513739045,4.73358522735825,-0.001892688761775586,-0.5624563241950705,5.997443319676291,0.001489381104178538,-6.67365889481648,1.2232881775190583,3.206361455699068,-11.959727580095883,-5.731097170017644,17.943900359081457,136.51590536732834,11.169100908390623,-0.9138892914607288
431,7.183333333333334,16.0372640740474,-4.122431631983548,-3.523917176027934,16.16145906959501,0.14583256101339503,1.8977349315488632,13.221435474391594,-2.055029233420297,0.0009531574127318985,12.101302762550954,-6.620567341238593,0.00046154208066896175,5.508826704109816,8.08385162499391,8.12927806717125,-1.8178785613130792,2.5689328651957877,32.46029078769578,1.9915867673318586,-16.392870883028397,15.107655439106702,4.263066987841194,-11.877002690411098,15.19842087301783,21.853807518364434,-0.009363033650013763,97.22818325013861,21.68129403003528,-0.004882423679466568,91.90633152963657,-4.52920785379939,5.983450157814595,-0.003359487632224561,-0.6016998039681718,4.912569402084736,-0.0009733265058460276,-6.428733651144459,1.444976247419871,3.9192335765377337,-11.45012910799811,-5.972349507976526,17.272128812509543,138.13901392624396,11.157177913000536,-0.8783992701759338
432,7.2,15.79811658888674,-4.226428397229298,-4.186778489975258,16.47207623566408,0.2878007907323787,2.7028123531354398,12.425871235853819,-1.3739444249531614,-0.0003692346961243852,12.254958207057424,-6.003200816584046,-9.968099971967695e-05,5.401311328802342,7.744506134542115,7.301064417129502,-1.9157944497295578,1.1771237490397373,28.355889866553834,1.9458614410527268,-16.30073172900932,15.863175709829772,3.682481320589291,-11.859684082664891,14.716017130952427,22.129143363234782,-0.005086178779203879,100.08680828858809,22.842680117600466,-0.015202041501145982,92.98751256300235,-4.193644271973839,6.535603574779021,0.0043017313080959425,-0.00422600891263792,5.327650076363522,0.0009633533987085373,-6.9009863473993915,1.4057063284993738,4.473438039820293,-11.010011777657033,-5.983574939152743,16.357629750907414,139.76310108758457,11.502888641862375,-0.9839628326865124
433,7.216666666666667,15.59903734454213,-4.285926926290813,-4.279594613258456,16.921810689418802,0.5730679949278261,4.175636672978211,11.501312524533278,-0.8193093702362492,8.733149230314295e-05,12.402366113735575,-5.1748681961035325,-0.00026507931346646534,4.878318227004262,7.669034293475102,5.690618240282142,-2.176357211887031,0.8904292221287301,22.648815511074506,2.4031882199474555,-16.293231088243477,16.64124102546998,4.17074843536242,-11.871422062098523,15.436900722482319,21.920336199530325,-0.005070616859671497,98.83836777602643,22.34618649711028,-0.0075009698323660005,92.7602894518142,-3.9676105951852607,5.978849321731465,0.0001774499029290811,-0.0028999156291384994,5.701723528083786,0.0002686569751509159,-7.095602079599847,1.3168932567517895,4.578170407091327,-11.385097537071404,-5.5905749666617615,16.81000298921973,141.46449968564872,11.879958166997223,-1.1688967213886066
434,7.233333333333333,14.941921612973047,-4.151385295363803,-5.090724948651143,16.790131881395354,0.7129479332114274,3.7152784182558265,10.91076074819043,-0.4622147540945899,1.1144809153186635e-05,12.27835248381371,-4.658533249852103,0.0003223861417916275,5.194618227712926,7.113656798910942,4.532275262102467,-2.9803122833695,1.5318332922088584,18.07748221717947,3.2355512900850063,-16.45189869195292,17.487425169344693,4.4350510456707,-11.609137944705921,14.51305977174539,21.826840420117925,-0.0029684250281889,94.97772102281067,22.112954277130328,0.000168090030081197,94.52617074433208,-4.134078984408171,6.085721453113007,0.0023246706588560353,-0.4733867847067739,5.969974841920097,-0.0005599295764977965,-6.58668200065002,1.3848658670133955,4.5804735680568855,-12.20942627294106,-5.244406390696051,17.626672024213825,143.1782595519479,11.827947787761056,-1.234828522347616
435,7.25,14.953880400883016,-4.135672217482024,-6.455827214549467,16.811015014490323,1.239881643645428,1.9104298193645561,10.931723515391496,-0.4001158886046103,-0.00037053324428057926,12.169074394135706,-4.694571265316335,0.0005920531363254904,5.7863019626113505,6.538989233010983,4.288303994397445,-3.7622105033037108,2.81014098270702,13.939869436493012,3.5454822574963214,-16.30042302152029,17.54072200439059,4.189629263128683,-11.377796464589238,13.581025460326043,22.00700739547145,-0.0028315571153961225,95.47503366322343,22.419307178751232,0.0034141460202075638,98.21595909080602,-4.610074280528795,7.146053655638935,0.01076014434704665,-0.5212466247541749,6.570384024433214,-0.0023544733618114386,-6.492629657818275,1.2230967042808876,4.638738999341382,-12.256307184277494,-5.596274348674586,17.510183108783995,144.82544275434898,12.025471337868181,-1.497515894985408
436,7.266666666666667,15.577958024955391,-3.898836784855125,-6.549340001424853,17.614680911329756,1.8212625455412363,0.5962027266442363,10.751652052733105,-0.3773340757851827,0.0010599108124664258,12.665948110658789,-4.642174349028893,-0.0014762817539749002,5.954025819003003,5.497202253422367,3.045902758508395,-1.1417488902534756,4.713783370673518,9.78404626880536,3.630661629737515,-16.028230920381745,17.224518118947877,3.9739914823968534,-11.547151105369526,14.456209871770037,21.813295862045976,-0.0046598450127446995,96.41995826189071,22.69182400247424,0.0009537768261075649,97.7038117950155,-5.018287606263276,6.123817672925518,0.0033193352274112574,-0.6716627086641406,5.851687559395661,0.003068129868587012,-6.80752714288207,0.9947241992761187,4.483231362339265,-11.68817777148535,-5.788284388917824,17.20573726287075,146.7155972418319,12.59041969496978,-1.7599783051919382
437,7.283333333333333,15.614802044220292,-3.4209131554108714,-6.336762601141066,18.0106312922124,2.10426504811775,0.14558908017485436,10.091015728222736,-0.2545496795453491,0.0004438196825408488,13.015955616381662,-4.1431040638757475,0.00018762619172999048,5.638807238109116,4.670351574118863,1.4465949761541081,2.8901048690215068,5.406290619704306,5.605381073574352,3.578978789990747,-16.322503069736438,17.71178520403215,3.4716520393306527,-11.511212513805205,15.105555711376025,21.91601820338724,0.004780971891566987,94.44645979876675,23.252328896904636,-0.001842852842742228,94.8886416433826,-4.650705723589577,4.026683918627515,-0.00424975881506102,-1.270051575988287,4.324373960058484,0.0026233214308670465,-6.72709476840804,1.1559269492043212,4.275972128245535,-11.654788405468265,-5.66552647073901,16.95759070626361,148.5381786010065,12.799930174570019,-1.7092898493545794
438,7.3,15.567065507978699,-3.0178595507527475,-6.883088852545869,18.037747478458392,2.4468168040164695,-1.123970541743297,9.612012815881354,-0.2640457355537378,-0.0005034919137512302,12.693799925032895,-3.879251422512584,0.0013149732552453486,4.994153667942564,5.050096256552461,0.6760361267529671,3.860657183910209,5.019826042882775,2.071568885278511,3.2021282480176563,-16.78904492368759,18.45343883049548,3.3307570593066336,-10.909868133232578,15.092989998019466,22.66228221691264,0.004428909573109304,91.9739758251412,22.725958458440275,-0.00245253289955871,94.5693242179142,-4.968654753495741,3.9501232818315444,0.00013207583409082196,-1.4988241824612436,4.20823430920721,0.0011217572398088784,-6.759345494047399,1.5511014860053274,4.385123879190132,-11.939033177632183,-5.92285642851408,15.98429306888753,150.05601944111822,13.032419450763987,-1.5484690112973631
439,7.316666666666666,15.439117487271723,-2.285185820124769,-7.135591762006252,18.293253185406105,2.364517043216211,-2.845936241862442,9.097922016281363,-0.25482034648228385,0.0004068471586554127,12.781607124291394,-3.6174643016743917,-0.0005572185992432139,5.257074641845571,5.424817716337459,-0.5871985815033992,4.377381236130658,4.831955182782941,-0.7717357261168211,2.614460787096506,-16.74739181952448,17.458288634439548,3.6743423479087656,-10.454159737781113,16.064464365686504,23.290537952538315,-0.005430784165281126,91.81625853984701,21.695249224200648,-0.0005310008413589008,94.45373989570228,-5.4887064424622745,4.879377687014729,-0.0014269095362672607,-1.4971161662362238,6.271865669702072,-0.0026892716867462888,-7.120268395018573,2.1981709825231293,4.323289686474039,-11.840833643873557,-6.138040636579252,14.575277563192994,151.93131386707407,13.357554827028649,-1.1624017099871882
440,7.333333333333333,14.72920054939796,-1.3779999576555664,-7.047315777327898,18.03604520447903,1.8338805452070823,-3.7494994587801505,8.523083361271755,-0.1114767586843001,-0.0003734139722148937,13.490880114380651,-2.802964828327994,-4.643500292498784e-05,6.022728184494333,5.196894746692197,-2.169869438772102,5.940991550816411,3.9536664583311487,-4.801300084376378,2.100264179263989,-16.69107752448633,15.839804507970477,3.0902122756669503,-10.462597868141623,17.19465083818391,23.637754324275924,-0.0011017905257361593,92.35906894085144,22.41817230866922,0.012362122386192657,91.92094069845331,-4.31826874667496,5.097728918802045,-0.004206334326432716,-1.8435779574960702,8.327445720076488,-0.004662997757521139,-7.134259703533264,2.9607865260737287,3.878075468035774,-11.539956772274712,-5.737444979325909,14.039893698454195,153.91248997739623,13.161425127860442,-0.6060792101870247
441,7.35,14.421966759737952,-1.0691338871860896,-7.381412593385024,17.702851842012873,1.7728097717624505,-4.629447551791805,8.491186448530765,0.20571036054581696,-0.0004917708705766529,14.36476477810225,-2.107889653202456,0.0010679331718539233,5.912910189172634,5.145262207285797,-3.1938092474326965,6.770993624623145,3.1035924289285513,-9.625989607002962,1.9444726390284608,-17.101430361750396,16.36176257186241,2.5177683499539727,-10.160778455637805,16.88937283500359,23.47995717576472,-0.0006874239506179449,91.39665175612423,22.29680614663274,-0.009546796645157268,89.88903377108609,-3.5946035724490506,4.580631991758802,0.009103043792638122,-2.3953193811416305,7.008521764872984,0.00686379381439835,-7.022284832807314,3.3082167362780197,3.726220512732444,-11.262040342985625,-5.082564118097266,14.209697209368452,155.55453883035904,13.013850488000596,-0.3756807132398263
442,7.366666666666666,14.714951149253505,-1.108021596214828,-7.513681978634336,18.00013897505324,2.10008034270078,-5.502480712707797,8.71243548534379,0.6388239678657794,0.0005569962455912005,15.234531667178693,-1.7444457212814577,-0.0009307079621033538,6.1582620172514595,5.451375685501995,-4.8307544548120065,7.632416962814345,3.1938607753509265,-12.4483389942235,1.812700737596459,-17.31680266597401,17.068444356222685,3.5423862080476862,-9.33923962834005,16.619942263149383,23.110490502841945,0.00043008042155462015,91.08063972186694,19.696691549653323,0.01772015089261677,91.24518256645547,-4.084670105772704,4.1577935314542085,0.0034290191876013517,-2.932443782762106,4.797172193457362,-0.0009126038778721372,-7.258420866198978,3.351627670979285,3.698635278281064,-11.01952281807848,-4.604700640868986,13.868342911755368,157.3806947685916,13.346730010770088,-0.446886194094825
443,7.383333333333334,15.189634112894959,-0.8709183398044071,-6.973683257480334,18.54490700804551,2.2837649385369767,-6.3630273573527925,8.819668507135198,0.9465961441921819,-0.00012809221757533842,15.766190135716657,-1.4261550721150318,0.0006423030342128913,7.052866948586103,5.10679757490571,-6.85181761776751,8.376732809502187,2.366069306272501,-13.271559867104587,1.3229750356779815,-17.073160571855293,15.332936686055596,4.6552135288637055,-8.652454583466158,17.525032655066607,23.370317499978505,0.0016650519238843142,91.99253787819951,18.128085929543317,-0.008943451729212628,93.5539519528428,-4.097001524896589,3.9779258091629655,-0.012892302871513876,-3.1685019436002433,4.936935773360271,-0.0005563045794635932,-7.632989211542322,3.6247573491471683,3.4366018581233395,-10.941976046187687,-4.812386001902163,13.055956481009915,159.22683602870958,13.901263884468538,-0.4180713179278824
444,7.4,15.734782097341121,-0.4905513217625936,-6.8720015426804455,18.832674126375405,2.366729288569192,-6.997382455257228,8.852125317512055,1.1382768930172207,-0.00022946189451482604,15.786587413988505,-1.3161295495402385,-0.00027077076642225626,7.350326750659111,4.175302709514849,-7.7601853847882225,8.54764320703469,1.3095318297200378,-14.194902133979223,1.045508828530125,-17.24904493374617,14.572993833072115,4.988564004141787,-8.011399298910712,18.135188312303207,23.1601367038085,0.001103397160046229,91.98123470143675,17.755593324158742,-0.0032808242376848365,94.09874085451816,-4.970352348297474,2.0950624087086047,0.021341336809688225,-3.105137304617475,4.5488047638383104,0.0015891102646676965,-7.793214363276139,4.283254139859135,3.1365088466135673,-11.005253995799638,-5.5223043180823135,12.316697404801666,160.86741322775717,14.445773132200298,-0.19990275628850745
445,7.416666666666667,16.024725454470012,-0.3517863534126051,-7.731802769115083,18.196298619050566,2.5596647806968917,-6.623644310851234,9.037958534123195,1.1813771021914026,0.000248303371123282,14.796417624610102,-1.204175060574678,-0.0009288529851427636,7.677488793012741,3.8677878648290163,-8.040793801385615,8.883071789674338,1.699509338500113,-14.971348693122719,1.1170131865373414,-17.74970401249798,16.472455621554687,5.058295130364871,-7.469296797841197,18.14689073843732,21.901739680730643,-0.003447353391231055,90.30757495800158,16.654928134015904,0.005875013941311611,93.8205372799319,-6.686543133091468,0.24971434333312864,0.009492770696756136,-2.7602965355732003,3.2452928907658114,-0.0059230455527952445,-8.047126420465798,4.741471516052592,2.561529633657352,-11.118091228648467,-5.680745402966263,11.763123301519244,162.76685575272137,14.69370386566373,-0.12159686185465254
446,7.433333333333334,16.091080187055944,-0.3650135201537299,-8.462284066309756,16.887700103060983,2.6758184588739815,-6.815399773251558,9.482637169635618,1.1866034522128475,-8.289226421708586e-05,12.852788265888375,-0.8177407851003512,0.0024657520458174443,8.170916864633298,3.784702198674148,-8.888384313786549,8.581062665436615,1.7101191515344316,-14.197192362037404,0.8849503968501785,-17.546595940244735,16.37389054431463,4.3105884820408304,-7.618784711261386,18.558375086815232,21.41755010981997,0.0028820358129402653,89.93499197312072,17.02576433836914,-0.0012982238908264894,94.21301313585688,-6.135187015321196,1.4669928079334813,0.006601493908640574,-1.793998348745081,3.9065341741716355,0.0048579350126812405,-8.482811464923309,4.649946824156162,1.8824974014326463,-11.04998114706683,-5.35383883944121,11.396958410183602,164.61962505076033,14.693924573593097,-0.23670535840828186
447,7.45,15.938150184719893,-0.26118445581159794,-8.32946462066107,15.709440734735786,2.6561921558919805,-8.008751902360295,9.643470605635455,1.38152354548974,0.00012494962047151966,10.92629225954659,-0.6176699491499,-0.001461250921268647,8.049116272023635,3.607851866557688,-10.242971904183769,7.500815601089658,1.4196981208128379,-12.989469803639436,0.46475813408076816,-17.020967140592294,13.310600562861708,3.07996213415888,-8.018168016242539,19.258522529472838,21.640660335444416,0.0006246940901827686,92.9535695904107,19.207907751779892,-0.001906149395123664,95.15712435297843,-3.7088609312517167,2.7454084451463414,-0.009510966286887333,-1.0901109625115952,4.425336929495119,0.002812754722380564,-8.388058036835067,4.5952095285623065,1.8044769739304833,-10.490940679145973,-5.010358852450303,10.92897007861665,165.97879028746922,14.514296883296868,-0.2588038829848999
448,7.466666666666667,15.443883361376816,-0.13520681723130398,-8.06149919608605,14.518497258667562,2.738962174673875,-7.7225514367738635,9.323793183417537,1.5438880659415861,5.358270934173236e-06,9.109018939421409,-0.7272644748465737,-0.0021159667587637462,7.907590490711329,3.856346200681582,-11.40051354318048,6.914095594002715,2.563306492277475,-12.981842956739767,0.25728386875701414,-16.987307011704836,11.675573104748102,2.329886402426857,-8.164799738404172,20.673266938042417,20.950317466295804,-0.0019415681174740904,95.73145061187296,20.064632336339937,-0.0005705912545450696,95.13614100840478,-2.93735539409132,2.429059321194824,0.0013154889943968984,-1.6644995865560488,3.6637925420488258,-0.009193511844699787,-8.031136000564157,4.7784943111897515,2.0971011734999285,-9.873627493844804,-4.93197500271778,9.899670252394937,167.2202650752169,14.20799858003042,-0.2765196428789372
449,7.483333333333333,14.901174591411207,-0.10441435984835563,-8.4799870454381,13.377953355745122,2.6744575565847817,-6.326317221180879,8.941093556305644,1.5526169739293212,-1.5287188951946216e-06,7.371882021903127,-0.43971364959353215,0.002923518705136881,7.9873391130239995,3.7484128562184895,-12.071476088480662,6.539198781895763,3.3791232834686524,-13.161180765715612,0.41845792967398193,-17.27003694851191,13.186574804494168,1.8197500841823937,-8.249662662718498,22.338788099582665,19.591608767327532,0.001354938511050408,96.91463336839116,19.88461636030689,-0.00045393377680715105,94.35596419290728,-4.12329389398367,2.476653431620362,0.0026881978344249387,-2.226135433191036,5.287247238019259,-0.0014916450484681511,-7.881384866535827,4.937136491130869,2.1440681185666404,-9.468776458863104,-5.245778504469269,8.98158263519303,168.52599947243266,14.014419805436644,-0.41818255884248895
450,7.5,14.859434806214223,-0.18486643108649686,-9.172884860032742,13.037581587818705,2.4470936018122993,-6.239539969475379,8.83925646588763,1.6757048256770284,-7.594261439205305e-05,6.3941492188355715,0.09477259764635977,-0.0006636325871126255,7.937524096779541,2.982909444118261,-12.449136298149416,5.807819080503903,2.7897889786477124,-12.223930905051606,0.7994469170420689,-17.228183324325755,14.404968198086573,1.4047729104083715,-8.02990565665091,21.32476122115638,18.776915131200226,0.0018463410662561924,98.33881617672569,19.7512375011013,-0.00027106156816261484,94.2062139076094,-4.689863195926201,2.838206788314327,-0.0007274570836642024,-2.228778112332809,8.091858907761296,0.0032806240143299116,-7.819773655749789,4.969898173542767,1.9593885098690826,-8.503161204109494,-5.5043888326579165,8.63638808967795,169.73685427711396,14.059868487651348,-0.6112198036855826
451,7.516666666666667,14.943227256631278,-0.1510225301594578,-9.537452012151732,13.023403448504242,2.2178930665885037,-6.67169546327044,8.742676416038645,1.8618980083766625,-2.6823923543648116e-05,5.935605624467978,0.29002792771974845,-0.0010620141201814666,8.09703949063056,2.542780858184218,-12.812676840097948,5.655525482658425,2.3429817490198266,-11.114168708041058,0.902149108417816,-16.878576128965474,13.340402794017548,1.29469517597639,-7.406091686224454,18.572052067024753,18.41756023687073,-0.005180736108108776,99.10454389907868,18.706288386583505,-0.00590186762114525,94.20965164090646,-4.23672199081599,3.075799190061733,0.001450330145106309,-2.8040781087071727,8.013715013544283,-0.01359139461225324,-7.9920039323897045,5.021068535871638,1.7709185970599564,-7.143778581292481,-5.888994059514915,7.855395044506223,170.82617759200895,14.159806381412059,-0.6516407642786964
452,7.533333333333333,14.477975716416374,0.22199697099673282,-9.771374541448813,12.469558624220548,1.745118472000843,-6.545185022450452,8.37024861033972,1.8799625963260775,-6.06743738403195e-05,5.251337360587776,0.5393093346722965,0.0014471323624637886,8.298169278213152,2.530588814063421,-13.194865375270181,5.944416287054494,2.3120878131038602,-10.293605365093505,0.7046650872052219,-16.525665247752386,12.760360606163017,0.9402290580069811,-7.2482299884908,18.113348178291908,17.79481070981234,0.0019355193065590586,100.08919893356588,17.472986631298486,0.006232037191254801,94.19645200828222,-4.551339191140287,3.6157976374052696,-0.0017712467589721867,-3.701415860859689,5.630910756959474,0.008019327359219747,-8.302292035913991,5.1407605828844565,1.7382287447116551,-6.141915666379539,-6.057905617893715,7.011330938799686,171.64100059484232,14.039505490122835,-0.4138269627932786
453,7.55,14.091756562390888,0.4367521173951306,-9.809647686957135,12.036044109144337,1.3595700713610206,-6.951562421700659,8.207284449979241,1.9260996524211025,-3.991181161447978e-06,4.755078327340199,0.800439954540737,-0.00018954800508412737,8.233878639731197,2.507077771801265,-13.780626406686343,5.7391290481168244,2.8101941023794796,-8.986038910537186,0.20332275537356262,-16.14292807792733,13.431348565916458,0.32023064532281237,-7.691038927045115,18.957597576781435,17.496954184023163,-0.0013206417906849622,101.85346480305532,16.83323944914384,0.0048815631796087205,93.51255317270324,-6.014986463917926,3.916527369891836,0.0006340814253320601,-3.526730628605429,2.371963852268627,0.0037441135611917353,-8.4601722343054,5.056105575659618,2.0523874161178233,-5.318989847509158,-5.584750109088852,6.355411622902821,172.22725754960106,13.859066485851265,-0.3007635926795292
454,7.566666666666666,14.006933236010461,0.36766912467132806,-9.780427972948956,12.04978122019486,1.3277604478423952,-7.015369101706666,8.264675555843333,2.010674002443425,-7.578741514015343e-05,4.718567462534373,0.7438671097748885,-0.0003377501731482334,8.306615551073284,2.729371616006156,-14.516022467305262,5.339488237972594,3.951240980535201,-8.345651569166563,-0.28887092089497585,-16.16983304111078,13.56663568491386,0.31656709414587336,-7.845553528458365,18.56956984051314,17.719210246158703,-0.000387043914850742,101.96281586777901,16.45888516516614,-0.004455034194163637,91.97278662188882,-6.284522981471237,3.486347089958104,-0.0008569888594052181,-1.2139448666202304,-1.5072955092461027,-0.02186781627172432,-8.26054037464143,5.101511300239829,2.5768322528599037,-4.598870089344268,-5.501576797925013,5.047131065137201,173.0899181326059,13.78749373696245,-0.4359353930006143
455,7.583333333333333,13.855281454243695,0.3641755288126953,-10.210032379725781,11.943938976895257,1.2543799548314185,-5.614096446081085,8.243563445679493,2.061433309238797,-0.0004980554386269001,4.403124417859656,0.8976349096878772,0.0008853982430815105,8.557148525229195,2.746041518745213,-14.972144270128435,5.131374056311844,4.256724978391977,-9.070511162346893,-0.29776502924341003,-16.316280173699635,12.698105376547264,0.21003092809274893,-7.997491850324578,18.590110523069328,17.770249640686693,0.0009660324921424165,102.58782211458,17.327886168184758,0.013670667703787574,91.18565327845523,-5.069871319750669,3.46953168888068,0.0004799565818134257,1.0268280300299926,-2.520043889685125,0.02525159046639338,-8.028888830943396,5.2969243024298365,2.6403159376791625,-3.769915557897174,-5.557429670309135,4.319304539497705,174.22204112309103,13.785198468458443,-0.5247157808938292
456,7.6,13.810188493247061,0.21827519122851954,-10.590351450334396,11.787283810186542,1.1967240484119348,-4.94666697437066,8.168587274236707,2.3643975209285357,0.00017723942125441085,3.840405405435214,1.155217718845036,-0.0004767920954715288,8.533685040666747,2.008864317491099,-15.355469847091568,4.895215536570355,4.061128058724142,-9.003716697181666,0.021483986545939582,-15.932279355673534,12.253103588122027,-0.585765901842831,-8.445718427914612,20.04310196517277,17.727514032300355,0.0009516626342378173,104.32285449983914,18.95277665869224,0.015947313606002544,90.13477164253749,-4.96060362563706,4.121644467496817,-0.002715001692663721,0.07522883166449036,1.2712906513460567,-0.03793363008864696,-8.168629728507938,5.114859475704523,2.218124652345345,-3.010690566899455,-5.3445104004605435,4.456293005574311,174.9626328842321,13.908734552675707,-0.6366918600621174
457,7.616666666666666,13.821400704371284,0.09505129438058173,-10.966390780900271,11.941229892311776,1.2407083723180463,-5.657479919005605,8.084301025311952,2.5489332258692396,0.0009220839427686372,3.933292172432249,1.0254201766496167,0.0002536676411214958,8.571773036084377,2.0837905719814342,-15.372037397059785,4.814833429937015,4.149822452469581,-8.02067197654773,0.28169403239271845,-15.760580165531437,13.886708670819257,-0.9991291638183384,-8.4110074986217,20.654589101238397,17.704831903260118,-0.0028485908659066205,102.86208912898913,19.07901290054612,-0.00749245192452459,89.75555107689182,-5.768631660094996,4.203728698486628,0.0018656065750584459,-1.8476082443888764,5.266885201546905,-0.003196544707676443,-8.404098566232681,4.925827034948405,2.155148885511684,-2.798238935137946,-5.579689646329131,4.200981506189789,175.20309134296468,14.037544804763385,-0.6984181392726716
458,7.633333333333334,13.739613229490999,0.23860692710046397,-11.586199401023743,12.282154648094663,1.1483067277390513,-5.696579209812217,8.215817557206641,2.401941892050878,0.0006749520670821955,4.5862315886359974,0.934955820048195,-0.0001572926877776519,8.991648516298238,2.898258047748655,-14.9839484601515,5.231798316845826,3.643931073856512,-7.903024803976554,0.24075630373960913,-15.874955250495008,15.28766336597754,-0.9729517055187965,-8.05601004419141,19.2460053653284,17.962177643965727,0.00026745781159779057,99.94284482654847,18.249493168229833,0.009123850084271315,93.04756316592717,-6.199728859322019,4.075623848038263,0.00023727185272950726,-2.0692747882998197,7.744280656364395,0.007929026487414255,-8.437886516645712,4.913334908501696,2.4239005169891406,-2.8186526632239928,-5.71709206242952,3.77862029669603,175.51940897164786,13.987258017219402,-0.6082086955335456
459,7.65,13.642502649586673,0.31591563085826097,-11.309779494351883,12.579725307970024,1.0867827331839146,-5.390284646231915,8.316262442677788,2.4343130466247382,0.0002359551275804597,5.124746682374563,0.9698161841389521,-0.001242684852119877,9.087816475950973,2.588413162594435,-15.517058913153956,5.710689443984956,3.305253444760834,-7.882922424787551,0.20840294998839454,-15.713081740335967,13.979805989438393,-0.7525857003254255,-7.692862758153717,17.758225112689342,18.815578199003383,0.002304345628270095,99.44432701908043,17.667424120861142,-0.007775272240588511,93.76438501292728,-6.211696088352536,4.843726819630244,-0.0007648944150766485,-1.4448435120747565,8.433061811259876,-0.029748573205264865,-8.136213704484106,4.938160954446662,2.6013139430033685,-2.937528151735302,-5.677825882394341,3.3158998305275684,176.04361343430404,13.941974001973946,-0.6249999621517676
460,7.666666666666667,13.600026136956972,0.4389663742856965,-10.795655454369014,13.158100278565541,1.1263751011948793,-5.691313926958489,8.01874548864415,2.4405839856169282,-0.0003716931468261959,6.011007573844654,0.6847265589304322,0.0020114761947501647,8.899599318373147,1.9485883508939017,-16.20333333083626,6.057452961187785,3.4270378819051097,-7.196276050928242,0.29558760458309874,-15.367675709058004,12.462786394362515,-0.5399240641377567,-7.496926753390951,17.71773505756681,19.494955402623514,0.00023943298791934502,101.32225860389227,17.058393496555627,-0.011404754721864719,89.7942250654921,-5.809217076389053,5.97630507133435,-0.0014712940587773404,-0.6853256529803601,5.678744128926085,-0.020649630067751286,-8.036653107428537,5.034036546993114,2.7159657353638407,-2.485401032805239,-5.8063073971173,3.079406451656079,176.3669275871934,14.095431740984104,-0.6582244088810517
461,7.683333333333334,13.491361823886239,0.6651328908159989,-11.400869181000349,13.862623526772383,1.0845358864991261,-5.378019071373916,7.876718544531103,2.2195621179919254,-0.00017036828115156905,7.440740330908743,0.42109458664406146,0.0003896709691034664,9.084371694968405,1.8569507447788232,-15.60770369252256,6.5638262269039025,3.0010037104049285,-7.301052249145467,0.2746788238924036,-15.100320417566458,13.209663470917766,-0.9461238023048008,-7.697442540341437,17.611600871335003,19.547108277041172,-0.006057709934466409,102.04161735407698,16.787466159082086,0.005259825512642795,91.80590129254537,-6.07400432219652,5.849154029654378,0.005914236425460938,-0.29602352743846366,3.867724801662824,0.005543401797185456,-8.217007059192042,4.944908338435626,2.772644903831867,-1.4636396160429233,-5.701803338375606,3.248189102530924,176.43635483213228,14.068926648787322,-0.5776138932106706
462,7.7,13.373215237793376,0.8293404403222981,-12.102501317429095,14.243176791344645,0.9197069668772002,-4.635572065914063,8.263610977236812,2.012895130531108,0.0002043836246594794,8.719858277240519,0.4976560181232847,-0.002789097286428843,9.292513878044742,2.0342733727357944,-14.940001438163817,6.8055325280568875,2.940841598379329,-8.275346563275056,0.4277158067642145,-15.355286682490469,15.318410718097086,-1.3495756956778615,-7.653371032390429,16.977301974441787,19.842210436054692,0.007413862348306208,98.9943673020272,16.876966444917393,0.0036748365267559482,96.71120666688603,-6.9358425441870315,4.881204445683766,0.005543739792470156,-0.5726068853157613,5.0490494377519255,0.004626881693507124,-7.848649303823343,4.905753671281638,3.1763542183654256,-1.2823807652145212,-5.738372957474664,3.429290724282055,176.3310849618425,13.78477913214346,-0.4961311881490847
463,7.716666666666667,13.355351392005558,1.1724324811909412,-12.481669024686992,14.730909977984716,0.6568743100503711,-4.505807183254035,8.507265522640553,1.7854928501134664,-7.907585985327175e-05,10.034119163675706,0.31821216401290664,0.0033927124135741636,9.192202089741896,2.467036471582417,-14.744313812048537,7.119399430532595,3.6898368613251606,-8.783873075446397,0.7599348425992845,-15.603148500759685,16.83383121695258,-1.2829800381478436,-7.474614649686059,17.38245233807699,20.38157450556906,0.006449922573030107,98.7174083584776,16.65119127736435,-0.0036437768438809985,95.01378125153246,-6.865214010002242,5.138932367188472,0.0008391629782375222,-1.3041562712640646,4.727965647806897,0.004884046338104683,-7.381610880269674,5.116651763828058,3.7049899845195173,-1.5704412632485947,-5.9872994821208865,3.8926035231956178,176.14489477866726,13.684703789238,-0.2561932266848562
464,7.733333333333333,13.130180183664644,1.4768018085917365,-12.802706951209833,15.33223551953729,0.5283816425934948,-4.062348371859556,8.397350715038266,1.697458101242547,-5.474302574350956e-06,11.600710941552954,-0.12477039556820531,0.0007505741652705806,9.157315757282518,2.5450124887725205,-14.533543824896856,8.044187618515203,4.062165592782265,-9.205268121989569,1.3424931361950332,-15.444157575804661,17.98149169544416,-1.3047708805886373,-7.626212625316546,17.636003072921874,20.29856852385332,0.007030177082202207,102.92984629767805,16.481282853340325,-0.0008294383275155735,93.09560514039458,-6.395642870502761,5.612182059060187,-0.0008081124244315465,-1.641364646487835,3.0596362072755388,-0.040228824171588434,-7.125986281955369,5.205475624137168,3.831205081688281,-1.4015218055459466,-6.268650595759656,4.098273668170536,176.05602431026753,13.564111068267888,0.007400653028597776
465,7.75,12.872485792763007,1.4667471098204543,-12.586218352087457,16.115736771798257,0.6257027736428551,-3.7300016037086436,8.407576730796146,1.7887576004155321,-0.0002929520677520365,13.601225569705148,-0.4386742118126742,-0.007720685569796768,9.241067860504556,2.1613280507351424,-14.618399955701092,8.466138292361032,3.939939657004137,-9.603852721945204,2.168898385347741,-15.82032601516164,19.531676601785257,-1.3704456745642652,-7.5166138410625285,16.649636300973242,20.310241285506798,-6.150771436049564e-05,103.53958634724933,16.663369178923904,-0.002825654315617019,94.1579756015837,-5.817642791667382,5.1381143494251225,-0.0002133902428274376,0.06717562375162718,6.525701337518389,0.053858902611198335,-6.634990902992222,5.222666856080072,4.208272489444544,-1.1859885146617106,-6.4747260232293105,3.7024875429715496,175.78121514104706,13.363042824531602,0.001707145108933773
466,7.766666666666667,12.905095994311477,1.5898822749078032,-12.727343088668764,17.658726811362172,0.7269622289338609,-4.541892357070257,8.659404045675721,1.700007286785436,0.0005940862065212336,16.66629581943803,-1.2871964328395649,0.008368997955086785,9.349382978251603,2.344610819044029,-14.169023525706846,8.291890807913706,4.355661642597298,-9.479942709389316,2.526081324510092,-16.3152990241533,19.821516742626393,-1.3199194710462485,-7.184149888281156,15.937058669563294,21.156290519043782,-0.005686935899132651,102.67414856974568,16.497880906845506,-0.0028019575827595553,93.38951299959545,-5.112034585774743,4.904864233805803,0.0011852719393778675,2.221854409049796,13.188964514492218,0.025589203514622908,-6.277506046001264,5.446616041185544,4.745178695448364,-1.1486813097886694,-6.114315483329433,3.805735078705896,175.32003360459998,13.3573629886914,0.1199987850783697
467,7.783333333333333,12.885001877733037,1.9588050996821844,-13.677675803278984,19.19456849290345,0.5739827074951122,-4.96598107703008,9.295580454110146,1.6566641988513457,-0.0001790607465024993,19.855714693084828,-2.3624151010472403,0.004427476164050732,9.554461198461663,2.8568785536370123,-12.83921921245182,8.86537702315252,5.131059317184506,-9.69511230732288,2.363903147005676,-16.118592506960347,18.961499264602583,-1.5514432906761255,-7.20088410313612,15.673030424219434,22.124349922604296,0.0021518124943532154,104.33373273022305,16.311738585611035,0.0026776166521246215,92.29909396054656,-5.829619578536026,4.733779053227083,0.0017687010341954044,2.2660899811922346,12.727381079874768,-0.011991991517467328,-5.969790488191603,5.87351139984405,4.84708566386939,-1.1898958376069142,-6.03931364924739,4.347368506765687,175.08005144610783,13.182971949306504,0.6221821842271686
468,7.8,12.84737303659739,2.003203873954618,-14.265844883627457,20.297417225127923,0.24412973260694376,-4.235125631562066,10.092285634222547,1.981196510806573,-0.000624961038192391,22.172247034502924,-2.1902994839216903,-0.00948192482584028,9.46878938886561,2.5327476299596974,-12.037513755968936,9.657554063112382,4.608738909118112,-10.462291001354817,2.572942886758822,-15.89308021555518,19.53603273248487,-1.8911586012825685,-7.406895770689426,15.731047395107465,22.45601238708782,-0.001727304897535606,102.7073741051444,16.75405364252522,-0.0008464216118977745,93.14995045741054,-7.011933045599406,4.744999934267436,0.001237801065447759,2.2342621887451037,9.460424668437286,0.003072254926353747,-5.552414624888761,6.026942694818074,4.969533581236863,-1.162611836315846,-6.5015335775243654,4.450738063110461,175.03223918298534,12.927340391612908,0.9057619260177461
469,7.816666666666666,13.044747234108957,1.4661754257119775,-14.758806182783612,21.797403961251668,0.398805112257075,-3.9008084030820322,10.34047646432658,2.022941207193293,0.00030627107291524057,24.39578070970041,-1.5567636247017693,0.0016773868416178508,8.819566039572237,2.024440444545683,-11.454620501927495,9.081558213774692,3.4151997058246004,-11.233358613637131,3.1292156625075376,-15.89270810176504,21.16236304514555,-1.845978139748957,-7.5043304088072915,16.38481100791652,22.284585470439755,-0.012180428413826314,98.28963110009552,16.58350373154037,-0.0017252717338331457,94.03996081832766,-7.143725529629107,5.609272922899558,0.002457156264662162,2.7677231546178604,11.503510916738179,0.0016516191548021078,-5.546725724654153,5.380713045751609,5.312296452620337,-0.8143197504086777,-6.265079146705222,4.153038940368604,174.99418396510166,13.044024859734703,0.439172299531657
470,7.833333333333333,13.097621515643288,0.8646665641120198,-15.077685024989332,23.457161031345652,0.9461622855570377,-4.381794768158553,10.064216393271128,1.6930013516606677,-4.4145102789230454e-05,26.77477274468943,-1.6649837347894592,0.006060652585173233,8.19121588619221,2.0815977862648487,-10.8552479020298,8.118681821123042,3.7326479955200966,-12.079235822621794,3.2096843433134006,-16.022747690566632,21.717528549399532,-1.4689378246009777,-7.270585751089416,16.459619729713793,22.662430091945083,0.006245158740096355,96.23014505016239,15.062263975395966,0.0014116710748570062,94.1644255178959,-7.561350104635084,6.336231092925804,-0.0019823971084822994,2.1933205589821387,11.940490158638484,-0.004026164722607421,-5.585373204778438,4.559525907444134,5.646168259926919,-0.47819394802330184,-5.967417209418675,3.845635466693398,174.91697199544163,13.21337578335654,-0.3063893995090054
471,7.85,12.959821642022817,0.4033897708508776,-14.345062933964769,24.802278803508166,1.1023887299905393,-4.316876608248053,9.964014843705764,1.816843274536777,-0.00029234873414128444,28.86000888051572,-1.4193989096968933,-0.006033520786587412,8.35809035893989,2.1933789265312282,-11.321551296747263,8.295696604922655,4.423448269430283,-12.86074524946214,3.2090218382313367,-16.213033034213396,21.52537182338299,-1.1283950777327105,-6.830689021158738,15.093820818430014,23.46084449679211,0.006749392825150564,95.15531499131238,14.400240422883982,0.0013225906357454843,94.64514875483836,-7.6855832591075,6.738525319347341,0.0010058850356518443,2.7167392513071094,10.793617518719556,0.02803591943333456,-5.263440980696637,4.156525126882906,5.824760011074598,-0.60773142915381,-6.362447428050862,3.8021228246302265,174.83294570248378,13.18447415521584,-0.7669041447017526
472,7.866666666666666,13.06191030012761,-0.1987367525827365,-14.01889072258695,26.23454213842333,1.0821490204885686,-4.091224321563051,10.33161997256334,2.036657336108437,2.3053409720024263e-05,30.68764507105334,-0.6250317045316085,9.499275820809287e-05,9.015622581687678,2.3120743019543717,-11.599596698441012,8.046358294581063,3.7015622111745996,-12.661618589084416,3.6141546758420837,-16.24715506882497,21.887142766376954,-1.0664561154677064,-6.735881483722723,13.91210700059653,23.747534702883367,-0.0038663183326030294,94.03567864518546,15.421800083465184,0.00017887693068375585,95.97304097425447,-6.32910356510519,6.908145373510547,-0.002114583668149186,4.2357873750686235,13.621824930909137,-0.00257624804279437,-5.02644077168195,3.6066630341983448,5.966117604498454,-0.8990371268125339,-6.592762472123804,4.014204761633742,174.72292060325765,13.194482798498754,-1.1880602340470223
473,7.883333333333334,13.1419383466148,-0.646239965726244,-14.69170498373762,27.797518446579467,1.1250319219054674,-4.409381674066404,10.535664493425383,1.885614324357236,0.0004429820908507333,32.258739574155996,-0.314883227217123,0.0028048799574859453,9.130046621810534,2.326922460955258,-11.043657565631582,7.088022971564869,3.188226562545445,-12.090030535353238,3.903216212919305,-16.537315781034078,23.181506145519094,-1.0871143331808348,-6.923617358642645,14.819062792949866,23.80283748759102,-0.0009230166623390225,93.371793194146,15.456211341416806,-0.00016495423881893143,96.13835044012848,-5.763793025339849,6.07692646562295,0.004306514783064321,2.659256426535371,12.128737009384903,0.03648671561032582,-4.920737628708202,2.9662261368239324,6.353497862837121,-0.8706682395049847,-6.702400408337919,4.398941770388371,174.67530347791114,13.367925069805182,-1.6189701215172132
474,7.9,12.869352383284168,-0.7190771834176602,-15.124304333056918,29.34202066083314,0.9514196044517633,-4.657267037125984,10.083841741472764,1.8315594631435381,0.00035804174966332715,33.423400379459686,-0.370158103635452,-0.0019069592967647783,8.754885032946069,2.108774217632834,-10.85201953463963,7.077240237133236,3.8844714661354987,-12.443110946216299,4.0169354790315115,-16.872448553474023,24.180279401571394,-1.142566189451658,-6.927184409588498,16.577212160244965,23.751250973770972,0.0010745078287820373,94.15698901418173,14.517061181550687,-0.000656251824575564,93.87168852957993,-6.3077379188659295,5.48448359252382,0.007134200206848162,0.027914022274082965,6.125076440227884,-0.010968031946253114,-4.858540399449687,2.826049594238542,6.658226688644139,-0.8040114575391545,-6.949306227049155,4.798151237487915,174.8238584561042,13.610660742769662,-1.7733404016790495
475,7.916666666666667,12.57925734637118,-0.9705667309381076,-15.30751050521928,31.003666701729223,0.8663648487184179,-5.3036638641570635,9.529643676029009,1.7465031546197727,-0.0003351982181264081,34.23898547586346,-0.31837289080191145,-0.0004001946609711738,8.40972034031545,2.3893791302588703,-10.760799095800083,6.793402006112879,3.5353357240694416,-12.79952122465457,4.211996633510876,-16.565730603680308,23.496769024209406,-1.152697716357504,-6.808210511699067,17.11715456542541,23.181863448324545,0.0046521099789731376,97.3447404987761,14.777642421187942,-0.004008845024610361,93.1001888724558,-5.691198227364211,5.46738573368059,-0.00046567043391862825,0.3234940189831885,6.31591645141344,0.00850787023703191,-4.788027178809381,2.639331762093867,6.703421360867188,-0.7921496269294809,-6.741408565926891,4.36691614474228,175.03383141210026,13.709576699431164,-2.037468033396818
476,7.933333333333334,12.317553728183842,-1.5424355093064737,-15.23636984113516,32.33242505802802,1.0783669814045205,-6.185505104537152,9.29952333537345,1.5366683550827085,0.00014508180796220203,34.61615306239102,-0.2232521910311067,0.0031173812603635747,7.880947826324662,2.9286659003097,-10.636215816782947,6.152678133262184,1.8515541605818922,-12.91791042087728,4.604245892652774,-16.070075876189467,23.87774150927153,-1.1173933404427,-6.898991987402586,16.557383543830078,21.9608163973481,-0.008087589537735682,98.54173111791364,15.435256890553811,-0.007848251039617702,94.76086446390926,-5.492931227782645,4.387001809565469,0.0029530216954520077,1.2745672449562293,8.471936010524331,0.030302186858066044,-4.579565037825187,1.7941784106311576,7.057326690466001,-0.33271685073752283,-6.15266232392656,3.1758152949197513,175.0836350714923,13.589607198192695,-2.6243285134110055
477,7.95,11.94930244062391,-1.6425967816393379,-14.90054639391779,32.96144908171435,0.9245712859541189,-7.022741631669275,9.305497136561453,1.5034712859920347,0.00013151068236037,34.11072487137211,-0.8100150407605347,-0.0025118956335517945,7.502384583846559,2.964956570753932,-10.768985867102685,6.546296072892215,1.6046557723402373,-13.321785965625253,5.026827675379523,-15.874984570239961,25.871688566797403,-1.269795230402329,-7.129234088839661,16.31372867163102,21.02645974034275,0.009050705724152569,96.16688277433852,15.622385981663633,-0.0037519598433738495,94.93081468684726,-6.676834056520309,3.805799666634754,-0.004305106835510852,1.0039461438532449,7.476222146112128,0.02062735258710641,-4.40912028027391,1.2582587185100427,7.708017089117028,-0.2581035001023788,-5.938569278861038,2.739772787920439,174.7153175079781,13.526607381939673,-2.717201844894082
478,7.966666666666667,11.44854845296811,-1.1997853612435498,-14.576611325051097,33.28475488146676,0.22741515320405536,-8.054565860963432,9.315082566510739,1.5714782997684327,0.0002591066678112306,32.65910810494574,-1.72312235492064,-0.0033564559602133996,7.689844786561967,2.922162856856503,-11.241194748053775,6.305822987781467,2.6440739397657556,-13.91525533727756,4.9455905130447935,-15.762705737201237,24.452960260630654,-1.1448399667913634,-7.041252207527272,16.559736954969043,21.33185781808716,-0.0068514963429525885,96.88375187829268,15.273834578624458,0.0037751987325987503,94.79828270830502,-6.423633088183703,4.603782966681492,-0.004302656999177598,1.076877954549306,5.407426904868171,0.015826451684932144,-4.014759325922094,1.7174196195633427,8.151598607004328,-1.3095993684465723,-6.4820071930326355,3.141823968938257,174.1778244878311,13.493663521453842,-2.1747330049550673
479,7.983333333333333,10.554236722247822,-0.9882257324025792,-14.22024603312787,33.49850854766909,-0.3567827251582628,-7.993385773058585,8.87646705822584,1.6126567449974498,-8.3874602545234e-05,30.876616077051345,-1.4093093718314642,0.007868333520604684,8.141215752671613,2.9254816931647336,-12.133689866184437,5.148541525244628,2.819152785036792,-14.58705789299124,4.528783053686603,-15.597799381606865,21.844913814243874,-1.1154269722427443,-6.868263872574472,16.526563231767877,21.75663279337921,-0.007792385697427771,101.02373914597274,14.777727611575237,0.0021490624354193856,96.25688693264547,-6.811554138315395,4.636937861812553,0.0006685394437834709,1.5209155060897592,1.2543979533770857,0.013885648888972753,-3.4085258184657694,2.0918658547141034,8.347613424537387,-1.797555636953536,-7.093389873052294,3.0517191777371733,174.09996036506664,13.179385069981025,-1.9099115359803702
480,8.0,9.809318617390662,-1.1773478203226546,-14.24440626903739,34.02001199757173,-0.3754641789189024,-7.172466887218004,8.301899467982574,1.5568389606235238,-0.0004697496633684514,29.26616372657498,-0.7560434948533107,-0.0014479122172954954,8.732510661135597,2.7038788127121136,-12.87541376962339,4.46602912664927,2.4705091735692952,-14.402060702671623,4.351002722602179,-15.67533712177372,22.88768887472675,-1.565898036480416,-6.880501600494934,16.183744471931462,21.734281392815152,0.00399154894810729,101.25248267770496,15.65268115959289,-0.001441011496405672,97.00548426885995,-9.296045350989433,3.9275071993252344,-0.0009652354861071714,1.6727451217189622,0.8738830114886416,-0.0013084413709266722,-3.261561429896772,1.7810403015455971,8.061715526315872,-1.2003808450804594,-6.866041270731295,2.4693795471925384,174.62183349158445,13.038764324939118,-2.1984139288917324
481,8.016666666666667,9.460567833600233,-1.4289675955863308,-14.39394549067611,34.66084077162859,-0.07295422991896147,-7.116245471652948,8.004945262376838,1.5038696754599716,0.0001910493809165119,27.525450691151086,-1.0879043149158567,-0.006851327333306863,9.04218162378827,2.442428976893499,-13.257144070522926,4.263886166173969,2.7430763140805206,-13.498513592351578,4.643048684957776,-15.598766735054967,23.918140825230118,-1.266517811821868,-6.582440651599171,15.323593038745031,21.30798524870668,0.002054737324498613,98.93024831778891,16.265569804879632,-0.0022307378396047095,96.66043056746507,-8.529633725123203,3.5411771031868438,-0.005066854067216067,1.7302939785536144,5.739580154849521,-0.009895463441972322,-3.1555489280606532,1.4383527310655664,7.321407146318492,-1.1823413615911484,-6.431085552921197,2.622693826479875,175.32342390221703,13.165947049468476,-2.5441468434688796
482,8.033333333333333,8.490527514706987,-1.232412562746031,-14.155494563057237,34.26399020075281,-0.4346617409294174,-6.8362084840363355,7.606541365067154,1.4751218563320514,-3.694731432399619e-05,25.209329705203,-1.0578636469955023,0.00617041375475788,9.052870501970078,2.3550989923942285,-13.35435615735782,4.521910007949709,3.3816101573555364,-13.038863049279467,4.991824555984372,-14.907811682771312,22.76283801466216,-0.8342661851836113,-6.57886901609917,15.744680759555465,20.033830758294346,0.0036315192672869497,99.12429273353116,15.33559114525014,-0.0038887855794543847,96.17083079635053,-5.392865006729011,3.5032929204882493,0.0029431429918963725,1.5682915058769626,6.092193565164274,0.003875410499577529,-2.620486701889182,1.4971377671064936,7.003824060679494,-1.306473732364985,-6.584871265808964,3.3046574439988787,175.50472822734386,12.752686748344969,-2.3902686713512864
483,8.05,7.171249880555338,-0.6493123621136311,-14.089049606992996,33.289802090093886,-1.409178510811186,-5.803561800954707,7.21722331174572,1.3028520607837846,0.00021450911029229,22.311585568767992,-0.3505039183172991,0.000862725744105789,9.308905010307056,2.7095420743543257,-13.013778957858541,4.432983616051295,3.25281548007043,-12.814409354796986,4.644474550108218,-14.479288817806406,22.316117152578226,-1.4951133444366322,-7.215559723656868,18.25744401360475,19.43227131652133,0.0007006173086872631,99.36855712940094,15.230994655951141,0.006490654813807197,94.49200594098247,-5.12888354732924,3.6634928933784527,-0.0005494869522165249,1.1351821318455468,2.9440269281500253,0.0003682578642710762,-2.3532335019212898,1.7223351735316652,7.150191149879612,-0.8245959163466862,-6.610583243519638,3.2300330331061513,175.19064123987354,12.106300813254764,-1.873742860649851
484,8.066666666666666,6.210259193863142,-0.268230141514704,-14.4692515430787,32.863473721885875,-1.961792077463139,-5.406823613844788,6.890418621367993,1.0301078747051085,-0.00024531949148645155,19.36131705311183,-0.2123964658160445,-0.006228805785535903,9.53739745667166,3.0765420283975087,-12.37669483336358,3.763183072783451,2.6722006090074286,-12.530533817024661,4.350718191649243,-15.025999496016638,24.568465730275364,-1.8805894016008184,-7.054974982272984,18.041787172713537,19.742277485513263,-0.007038090428250543,97.06300848940582,15.705722608342475,0.0008363055385074674,93.13596259517976,-6.077899988040663,3.3962305988493346,-0.001594623947618565,1.284299472402454,3.3046816422057277,0.0017230627051872719,-2.196439588374911,1.9319729908937382,7.114763492606393,-1.043330425994774,-6.217409304821006,2.846615300773313,175.04192844012525,11.834979411736322,-1.5834565956241975
485,8.083333333333334,5.104943968849858,-0.09030479038413604,-14.46154813132159,32.587405733739374,-2.267738028508748,-5.472205931011868,6.248984851840932,0.9659076353680881,-6.340642678739612e-05,16.81287258608197,-0.3258068334913497,0.0019930774522367673,9.585864107754627,2.7840945719676444,-12.436816741539754,3.768966301067011,3.631650740844618,-12.75697976101163,4.63451491893236,-15.546543101895972,27.268445286013506,-1.5840719515152732,-6.42947336455964,15.496927354719292,19.429139142849632,-0.01415699199431393,94.0915485049654,15.427767546026718,0.0016652401521128068,94.64560676366679,-5.832350508702279,2.4287509586934233,-0.0014724983098252794,2.0849933785627295,4.640031006179982,0.00034223188043835403,-1.5604604447410846,2.13776900396637,6.992646804538966,-1.5550021482803322,-6.109732381291407,3.37073435897848,175.10829991884216,11.496330714261251,-1.4526623204038276
486,8.1,3.9156811909467817,0.04555817138353005,-13.946444242753907,32.00212663859405,-2.7841928418014312,-5.249543803212132,5.726124107636285,1.255447899657992,0.00010590523222142239,14.287148593811063,-0.07941985799317412,0.0019629582881301602,9.618225434649533,2.3500863190729944,-13.261739127060295,3.8997217405061257,5.343219864217091,-12.847666222709378,4.418949101249704,-15.19802658511404,27.331864435767965,-1.667740960503514,-6.799260182504893,16.55453697780172,18.87019073105195,0.0018138510591378856,92.93757625299428,15.131628294486642,0.0001607137158436613,96.51683780981953,-6.0905744568523685,1.78576770223703,0.0007366632723909598,2.180547229095116,3.332120501596661,0.0018056131725236824,-1.1363463032052146,2.2274025689170323,6.782383868557173,-1.2674101372320319,-6.563450456304323,3.8118035071200076,175.24163597400224,11.021658992522564,-1.1908350742312543
487,8.116666666666667,3.0054527736088983,0.08525506551357215,-14.279951502395187,31.469439309642134,-3.25702511447584,-5.6937540092306635,5.914278749790206,1.4632008128705096,6.564877681405822e-05,12.126130051862315,-0.11391728490198759,0.00034248153383640835,9.838793422752058,2.465584819360852,-12.633216034119977,3.0159280489075093,5.337632710952772,-11.092977936160759,4.011214423446028,-14.927755273745905,26.61484847314912,-1.6815579284242679,-7.054598943696955,18.802260702719447,18.53154697919864,-0.0025843987406328974,95.52881737904397,14.697268849376682,-0.003108082933522476,96.66384483442272,-6.967274263369939,2.2833422641418033,0.00021208507916084112,1.6630266959531559,2.0704228687177753,-0.00011534565296249985,-0.9629648260579354,2.4332447351538713,6.440897966414846,-1.2666189474029828,-7.2425787896272125,3.287076798264639,175.3876577983606,10.652152430610041,-0.9155562722615661
488,8.133333333333333,2.2018840013230556,-0.011699922472304159,-15.143129344339469,31.07073193132174,-3.4681344685656272,-6.621364850095941,6.484912587969869,1.3894430677656753,-1.80807816305738e-05,10.53289541726578,-0.708698130462204,-0.0017661037276952651,10.595711821262006,2.899098463807522,-11.146645334136355,2.2854404677193094,5.192902972015036,-9.315211611362267,3.7637571140791466,-15.035232232740901,25.978321340053892,-1.6232524660237286,-6.7076689930634235,18.49873467279639,18.239431858168683,-0.007667377639761568,99.51413127840394,14.537898863734808,-0.0009810782903062513,95.69629752047273,-6.8905693376578405,3.1204678792932325,0.0027353687766076677,1.7054278724019052,2.9963530757043495,0.0005197787501394634,-0.39891499667269636,2.7932009044739257,6.268937681074068,-1.9238666733120053,-7.432737697808867,3.169664796031772,175.3885333467093,10.258582244946629,-0.8032245079500031
489,8.15,1.6113387645292192,-0.09108500534783263,-15.244145052006163,30.706472266294103,-3.596048414785692,-6.314706821686578,6.820548626564928,1.2460967674750523,-0.0005128368273988764,8.427375342959909,-0.876986156591276,0.0010105010535896972,11.794298966494646,3.3801226614742745,-11.320851719138624,2.4023324485337247,5.971557378551574,-10.128379750985626,3.205294830650586,-14.784916280979585,25.02671798758207,-2.1201920607075184,-7.027110015560322,18.92229998046788,17.974838996098356,-0.0031911816328871446,99.09916144827324,15.70455225081984,0.011826679291399316,93.51974323749239,-6.55626680126385,3.5366084734139167,-0.0036024705423515564,1.806364469838331,4.144711438256784,-0.004901704948413434,-0.09595649338952997,2.8838147931556746,6.127641738920454,-2.045854493625368,-7.073917165292317,3.7160240332078005,175.41841897546774,10.019028310098877,-0.7464305180150554
490,8.166666666666666,1.2897995360318513,-0.04391591001579629,-14.33693987766835,30.555923207944417,-4.1011648918968655,-5.174562226175603,6.9110265416710055,1.3411988934532513,-0.0008721941679149275,6.175737398186503,-0.19962348877932123,0.002018394985732411,13.120545598473415,3.674772375686981,-12.426490739346782,2.3012528080998784,5.550680444107749,-11.619765657563745,2.869102152459455,-14.635834537815864,25.61824895816506,-2.216105150296335,-7.426887991459479,20.3709011473933,17.811077496267437,0.0002798194680144024,96.53015741320414,16.089773493386176,-0.010157841151586322,91.0708091714203,-6.193619604014005,4.241876258868797,0.0016673778215156925,1.178710292071932,3.015661834693622,0.006965459222776539,-0.3248663057550695,2.8231413320501684,6.068671919051246,-1.6129446595523886,-6.836001975911484,4.155435056680159,175.2309944143682,10.098276707538126,-0.49241597973581447
491,8.183333333333334,0.9471765759689617,-0.2895912135588462,-12.722435695948308,30.54095358103437,-4.604687079033822,-5.121754401671096,7.1060943016665075,1.8253193196314739,-0.001267318236090605,4.844178467436218,0.3060772434015553,-0.002107838906678541,14.124078333649281,3.2278206771249733,-13.362105331487987,1.5924550588354522,5.238101495202125,-11.680025032820279,2.887646528424783,-14.742216341332341,26.693574776581645,-1.7758369509450231,-7.140267165824619,19.37383024206907,17.59933160843315,0.001146963701798608,97.3642205289394,14.749304843390199,0.009458206541741489,91.28970701527874,-5.0650502992049695,5.240903886658228,0.0038916836213980727,0.7003445664810449,1.1879096780735248,0.009207371806992425,-0.4886611278298821,2.593944189991199,6.222185261266617,-1.8351027479897275,-6.751288015390326,4.372584683103265,174.70130290358904,10.226641033712061,-0.30882138166452694
492,8.2,0.6348577660957694,-0.8461791984045823,-12.242449042613432,30.50351034967999,-4.555156907397152,-5.955145641358294,7.7353662097344085,2.0029034611768344,0.0010293846921017329,4.271591260153575,0.259377538381207,0.00038414925575892806,14.763454279661909,3.039415491252043,-13.759399605445612,0.7161829826325173,6.372768335719088,-10.945484013713365,2.3911226935480854,-14.48910740379837,25.4985097164978,-2.1502736949341448,-6.934144330291381,17.330298884239625,17.108065004787587,-0.00011744027141606592,99.603157805172,14.832418046037192,-0.008934117899289952,93.16166633097292,-4.042748395031464,5.3233763234103675,-0.002319959742712524,0.7123421203017974,2.1689462894550027,-0.0013731946574506641,-0.6676194821049407,2.18733455392199,6.346198762984033,-2.3355500195848222,-6.659432270983397,3.962610464297972,174.51892546877588,10.201053231667728,-0.4611633378565355
493,8.216666666666667,0.21032187417428838,-1.081243728465759,-12.721342731791085,30.481407108818388,-4.509410669406326,-6.169827466495563,8.341799353673693,1.7169554244072527,-7.042312553978355e-05,4.175549950883608,0.3006236673248511,0.00023130759010160586,15.246039542106573,3.527528382409685,-13.799448344783848,0.13855700114571404,6.881800816695068,-10.698263577557316,1.4465922315823403,-14.039304514381033,22.8235957661988,-2.873008887402658,-7.0741637488803555,17.08840445978172,16.88729009196305,-0.001429004687782984,101.01214690753176,15.875826977986966,-0.03369884063150746,92.5506890808699,-3.4724958060098605,5.178791882778255,-0.0006605302994187868,0.7378857751895238,3.1805590099560037,-0.01261861955542246,-0.9228896390603042,2.0961193825089066,6.469854432032306,-1.9137572786872499,-6.370741631235962,3.259079657002989,174.55463964893167,10.038525600581767,-0.47686101497898853
494,8.233333333333333,-0.7214779575713611,-1.074370220792922,-12.384419606191518,30.419805463513725,-4.492261347499361,-5.964346713554367,8.05189060017156,1.6918646470058762,-0.0004144881213352966,4.3589099511592915,0.4895785623534718,-0.00021117806152203648,15.380336809842323,3.1698772257711814,-14.28337086358266,0.1546707781906672,6.369609556665124,-11.17114590679397,0.8422838985920597,-13.769799521203732,22.167874132937335,-2.699797534300924,-7.272734961793491,17.05039450691498,17.024204527337556,0.004933157556398692,102.54924208104998,14.774922260564926,0.01297225245779541,93.59056363124998,-3.425525276911824,6.446025507977559,0.0016457932526182388,0.911266510125032,0.06760672447760521,-0.011000668599935955,-1.1425333667171733,2.011172299195026,6.230024807743653,-1.260932003991812,-5.894871001425894,2.8975424609895275,174.64242058501273,9.935903383605696,-0.32711038432032996
495,8.25,-1.6506085500197039,-1.3710473209389424,-12.383681959586381,30.289572098568843,-4.108423581419222,-5.857358323361457,7.761378414079376,1.7671737864710702,0.0007050025379464833,4.675138946156228,0.526309650950161,4.2442936160750257e-05,15.626184371022397,3.167887346046255,-14.494942209017264,-0.18757839975700116,5.948909746025638,-11.603486262850087,0.5371282447727944,-13.72926148406545,23.97359444050332,-2.2319035279456028,-7.390365506729181,16.250271366175152,16.868947825005762,-0.005032566827754941,102.47449912665019,13.206277407316644,0.011619990717938415,97.1457487220059,-3.626374311228553,7.163912154498673,0.009676682776860375,1.6099302053919637,-2.4828568735322,0.0030027453461899,-1.4019304910402044,1.5775317579022872,5.717624522379937,-1.0633102313096927,-5.844588204848349,2.7022698725132845,174.95404866513758,9.984651715834703,-0.4234022440114589
496,8.266666666666667,-1.9558656977873268,-2.0056205430831584,-12.956472980543783,30.25302004883817,-3.801753844342885,-5.679508388674753,8.25236629956262,1.5488891391042832,0.00010366251740501679,5.44052416509071,0.4413266706429941,-1.1051078946998007e-05,15.960400409164166,4.397649814100588,-13.835006479372812,-1.0058925862510666,5.766570262113083,-12.281433959009137,0.20488542256976092,-13.653237344006978,24.169870016004626,-2.2976263700156707,-7.648871510033058,17.137254988879352,16.13118273853919,0.001378536884834514,102.48571873562415,13.697338088689229,-0.009248199770159065,96.02806040511824,-1.8167255738078338,5.485544792719416,-0.0037206480312004394,2.7163370091361907,0.9297765866195695,0.0003682452208700735,-1.7945681299432035,1.0923769535191377,6.0088240700482425,-0.8557920410926643,-6.063595146423561,2.819749251011048,174.5944527499251,10.170306019906333,-0.6599106970749535
497,8.283333333333333,-2.0798725166168137,-2.8321754085545656,-13.067315563055923,30.396495914939454,-3.4952762083669118,-6.11727385904138,8.523804474192648,1.259147913093214,-0.0003669975703337179,6.5756654004508555,0.26680646084538917,5.6689740290395e-05,15.658167750276098,4.8650832299332265,-12.89583557436651,-1.2905428392101403,5.8879799467108676,-13.022711329134747,-0.21395777541672875,-13.39023424201164,22.19143414158228,-2.7625353819631204,-8.049002809282475,18.89602273470332,15.44132751385505,0.004098268832435962,106.2821853805603,14.42897253724202,-0.02671116006756742,94.81408409342833,-0.02848312523505237,4.921241689834291,0.004854104380048424,2.6612575402628247,3.391560234584867,0.0012570290995507396,-2.5564634582588317,0.47199241995407654,6.556520858140486,-0.8053955924151078,-6.048877865207516,3.2628715126621173,173.65753494415006,10.558554341218251,-0.9882060045580223
498,8.3,-2.736217604032815,-3.403718037924882,-13.270761362099867,30.356822678729838,-2.885075616450264,-6.863501069880373,8.69881337691469,1.0676764298377988,0.001242828399011734,7.515180550855448,0.04215414867625319,0.0005102691529681872,15.205839114955067,4.2909713718557825,-12.164279019601127,-1.6929613693537926,5.758167340980425,-12.723415062966282,-1.1159950329527288,-13.225124806803061,21.175810689033412,-3.023997408716959,-7.788621369891974,16.529330169684247,15.644883416717168,0.010908375647707488,106.30646552999725,13.6449518775201,0.01269395381473588,99.0459648182645,-1.2874166342654023,6.981732086023345,-0.014367790922452809,1.952107572685862,0.43270113541788324,0.014281433665767673,-3.084512987539489,0.07324996202498804,6.220604378922593,-1.2791306700328096,-5.904781276403917,3.4896102388959616,173.6036529769065,10.64002487024708,-1.2202129490273268
499,8.316666666666666,-3.7097118356782173,-3.2415413249921574,-13.382994429432022,30.150116531773573,-2.744571294459585,-6.698570980768693,9.269181785772442,0.7957720678503029,-0.0030848495889013016,8.682103122071549,-0.015942355155362412,-0.0005793933396349466,15.056147913998293,3.7152797513565994,-11.940844358636753,-2.198509006939303,4.5287948605043615,-12.089397557916268,-2.1823529729202327,-13.180754090703617,20.85117781555977,-2.869454274333232,-7.257744123723022,13.4787199393588,15.706228335688118,0.0013114347584599958,100.56932724531502,13.041091283278867,0.014398652617300457,100.4594775911033,-1.7052286165454122,7.686912809999718,0.0015646084376534557,2.404214116021925,-0.3850433398118932,-0.006933263999921588,-2.817650132910675,0.49884930676884787,6.023610498834387,-1.7219383138924942,-5.737259169219796,3.1083374487984448,173.95232119392463,10.225866882706697,-0.86991375399136
500,8.333333333333334,-3.9196030563464332,-3.011559858466425,-13.1199781121647,30.406966434778745,-3.1496674783986935,-6.629598620866495,9.895607429785361,-0.0017579949971704037,0.0039933784791840714,10.503725630538165,0.09931714496299353,-0.000506944659394285,14.916994450084744,4.076913420788372,-12.053385683357288,-1.9058294835910985,3.6698642371323453,-11.761900512447042,-2.668515329401883,-12.915734349110506,20.906092460125553,-3.1417365941938424,-7.711993179838787,16.148512959695044,14.805838873409087,0.011499144153817092,99.00197383462576,13.404132654580936,0.01630812500964644,96.88335257446828,-1.3011551059227124,6.89058767263267,-0.008264707379437318,2.018686272963617,-0.25704645289767464,0.016462882834727174,-2.973436406399261,0.7551180861427407,6.709037609636688,-1.4561921497319894,-5.535711182186204,2.6106583747491916,173.43532628213703,10.205288209878933,-0.4383555200303287
501,8.35,-3.3594096168959404,-3.615759056783298,-12.127453843889418,30.74638804481633,-3.016542852906481,-7.225749059764175,11.219816254871606,-0.689000616051761,0.0012246524825668837,12.063994943846106,0.22975509194569768,0.0013235758612388424,14.448055485081062,4.957797866713454,-12.993520188329088,-1.737749779834237,4.12047354909036,-11.350965455782369,-2.7779338133922744,-12.516429053513697,21.941891332877454,-3.337447847440231,-8.241200720923578,18.118868389475313,13.924406102211206,-0.0073881133495384225,100.2265481080028,13.450669971300258,0.001981790220129378,96.6606527101269,-2.6566561726007993,7.499393408849054,-0.005051854183652126,0.8810707273386063,-2.3304373931671347,0.021561143287421595,-3.708903265199773,0.14489540411394547,7.100967671589592,-1.1682271917573603,-5.5005753974738525,3.040837224410405,172.7798179689137,10.495867721616804,-0.6270905122606524
502,8.366666666666667,-2.7555685807275587,-4.4954477799719275,-9.891709642121569,30.714346676359934,-2.4753668724868807,-7.419356893574988,13.510239902605335,-0.6785179160789793,-0.014471363002673515,13.237290772989326,0.474999559628626,-0.0018775814142431195,13.572406572764114,5.229658276976443,-15.010201780469181,-1.7991684756226962,4.228048346288141,-11.106177208187352,-2.678337018488646,-12.437613736508979,22.606240964026636,-2.350447622413186,-7.886676495552128,16.17751351035773,13.216041810518185,-0.009525539643584642,98.43047856830323,12.940786193182376,-0.015252153133953113,97.11379347958609,-2.1142977562322685,7.4308045662456195,-0.005938325051505893,1.2759588989425272,-1.2631745971620965,0.0013526336180315435,-3.869145141974345,-0.35103530457653137,6.8485920031937235,-1.8883203769583135,-5.460252117668916,3.9508906906631953,172.68430496621357,10.513421921499434,-0.951446404552469
503,8.383333333333333,-1.8777790718559728,-4.734467755413914,-9.0062738181097,30.740114519713572,-2.246443643932092,-7.819685965715495,16.186703595828018,-1.5525638656072942,0.01579156311191888,14.756327129609096,0.6422742830055725,4.141190147267081e-05,12.695012032437859,6.039427217996661,-15.680397470597281,-1.1156141135062179,3.8657102057947217,-10.848845374274475,-2.8740367118410606,-12.452829092236179,22.0633826644033,-1.4242884084841632,-7.6928619309004,15.593023662515025,13.00464061103696,0.013631967115784082,95.75034575393019,12.304615221355743,-0.018108063515522767,95.42262821767164,-0.44546200554612886,6.049310919913891,-0.001359778312799249,1.057322626920934,-0.26496346029515583,-0.0052164972665206455,-4.019200137669266,-0.4572356464391948,6.746449744183037,-2.5776709396296966,-5.4568250433963215,4.560035170405706,172.62928845559256,10.568278451116404,-0.9645982024663675
504,8.4,-0.4154187939633625,-4.681962366376858,-9.755279252559502,30.807841756868907,-2.042522015641635,-8.08991173268776,19.452348398339545,-2.9802736545617066,0.005932657138458093,16.094990656381185,0.5343075002771682,0.00141007949380373,11.735331802763753,7.656411015812002,-15.381926107393351,0.07036477700731696,3.802062477030561,-10.776999627024676,-3.770629151249216,-12.144453785318321,20.62712927070521,-1.394994658915606,-7.781800666981443,14.616354331413504,13.788685139920918,-0.002029953367087834,95.69645715098218,12.300687568446536,-0.01900961562755226,96.97171581211018,-1.4686300017061897,7.280191630627199,-0.006603083538745088,0.3915104450127578,-1.6799283982085047,0.017460927567337404,-4.595321147252735,-0.3279402242328218,6.8628267062415516,-2.208916272850602,-6.254832741701881,4.87979571542703,172.70379324673834,10.790521900022235,-0.7944302811402707
505,8.416666666666666,1.8827277895199601,-4.9917962883793,-9.116779264208242,30.820548403507146,-1.681822868313222,-6.825864419736366,23.915194508184857,-3.0224765934479523,-0.022743517446081194,16.668770953998166,0.5506095173839545,-0.0009961304414467707,10.748753660930971,8.281589796905333,-16.85612715322077,0.9075787275075948,3.388153163832781,-11.626454716944721,-4.109121657333378,-11.934619617531627,22.438601660194855,-1.3875467943170379,-7.852993530044766,12.402257725392515,13.955083741341147,-0.0110036897757189,97.22737877988904,13.74788258011514,0.031418844096866655,97.36723937387282,-2.998875128916107,9.651174124522706,0.012268827983939393,0.3757838997848581,1.492015052788976,-0.02351685192386966,-5.144370894378076,0.03447029644360045,6.764881577658687,-1.8365386417485239,-6.788306299659093,4.439909274598127,172.93678020820778,11.20182508731931,-0.49299177874129774
506,8.433333333333334,4.80913115103466,-5.62573227947165,-8.312503990960494,30.40299701076744,-1.341991551195778,-5.914013686092035,29.498708491668364,-2.9313069350962517,0.017722093689652187,16.754605904293406,0.7578027387746381,0.00023985948641582755,9.990216097841298,7.5158689746267475,-18.014284043981256,1.0473990803604152,2.3713066399611797,-12.222965949600304,-3.781429690045892,-11.93035389834966,26.215588262821797,-1.47006787169478,-8.114641604244854,12.383721659997512,13.185764552923493,-0.014081286504674932,96.35539969925205,15.768802370251024,0.0174862852757246,95.23925513537236,-1.6854785131332741,9.470676429426671,-0.01859079072813408,-1.5328328394969974,6.0836301637182695,-0.01759257679427868,-5.627625831934579,0.024636872223213813,6.618350006243348,-1.902320054779141,-6.244253774176134,3.7228744341388316,172.7482529045644,11.55080560580807,-0.3286858364083608
507,8.45,7.609486101473905,-6.530885321611546,-8.446223060190182,29.40422242248973,-0.741101625419687,-6.664838827072062,34.97471605997479,-3.5016839921458787,0.003749183372430126,16.480411210756653,0.7408241309658843,0.0001948785996651654,8.593898337648659,6.928727274054765,-17.6846119021747,1.377649832112912,1.8607396713212998,-11.735734407059198,-4.169436105417571,-11.824486876242057,23.736511170421018,-1.33221673323338,-8.036463871798924,12.309890756369873,13.466444992218547,0.006926471086858802,94.28130629806577,16.727146865929104,-0.008217733617058716,97.41507109867655,1.6816451132415102,9.500492342237193,0.013113318964153554,-2.2644131125187736,5.623874958207904,0.04117416722772116,-6.057237122453644,-0.3630827014126615,6.666752836881187,-1.814791114086598,-6.3180004169371005,3.6264487152714557,172.6078764491355,11.611123379096142,-0.6245444958217864
508,8.466666666666667,10.545740331801655,-7.408140514341323,-7.769289359768015,28.885103333797826,0.1382572334283328,-7.652672358846423,39.71057836436838,-3.6221378291867943,-0.015063229825825425,16.11390971386256,0.32658490375579224,-0.00030551011081887105,6.875653106212192,7.454560809244657,-18.388930783891247,2.082846344781269,2.4781810763788394,-11.190659027262656,-4.7132089381439615,-11.935666527209401,21.15637722744917,-0.7291596843793449,-7.750054113528969,10.746987244994521,14.388448796131879,0.004045229319101481,91.02245445662828,16.45791325420971,0.0050345528637665195,100.44416385349636,3.4228515768225476,11.729875965798898,0.0014674078282274142,-0.48950303067122025,4.47445138480103,0.029280090256179524,-6.928668967688024,-0.7102801288222422,6.366765367618002,-1.7341124787466178,-6.813100708682812,3.607598473391764,172.97732982980287,11.999594111431549,-1.0653068313668534
509,8.483333333333333,13.686476863891578,-7.539559606526461,-6.965247981421638,28.770095286911285,0.7122307188787601,-8.183960107994373,44.27204634794793,-3.9979183967109844,0.006291857386504623,15.961328947802759,-0.12486528428504375,0.0005659363855863174,5.733421868632048,7.5453290402187925,-19.65023079868718,2.2251118706575244,2.951572494060102,-10.960898975256711,-4.588165485232913,-12.388235631144664,24.359627332791895,-0.5554962656763182,-7.920731597323366,11.223359279783482,14.418051004980656,-0.010836150462701019,83.60582720214241,16.094046462974806,0.014422644009732996,98.73712300050269,2.383510741129541,12.958575671751275,-0.011085422578543044,-1.2057873140558732,2.7027135405055995,0.02903952626566063,-8.028478862286853,-0.7143914220405513,5.654272277755896,-1.5361642370374897,-6.728349008763458,3.5121020475381997,173.34111906878616,12.637525204080926,-1.0748660922391404
510,8.5,16.55963370045583,-6.94058800218967,-7.101644695516159,28.036714850461422,0.8944346059352675,-8.456720837047179,48.81366796862947,-5.32358343248121,0.0070857091721510295,15.825129060230536,-0.4160387586140529,6.715604235188138e-05,4.303141957275372,6.280241738711143,-19.448973133477462,2.3973997367721096,3.08406376498898,-10.717584971851572,-4.6106645496444125,-12.432591359273593,25.509427248651008,-0.3004573949290972,-8.144324840086906,12.353376670705961,14.324489376297628,0.004105808922835766,79.08226400922062,16.305423925408487,0.00955000275928504,97.18951184165384,0.026234978471131626,11.762292674464161,0.012651911372472619,-2.5795570031307764,-1.6089926913051225,-0.033018488317394325,-8.30383811711342,-0.3024326486671223,5.223805602219024,-0.8812838544918432,-6.470551034727213,3.7416486529335375,173.5712946505002,12.794846930978947,-0.6708085814875794
511,8.516666666666667,19.380001974105944,-6.373552755784596,-7.377131430925219,27.13572609427786,0.9824560639632258,-8.941932448037896,53.19891530391772,-6.358228942014054,-0.005656404275434315,15.744760909196112,-0.7089258163640185,-0.0003146736883099813,2.904650323680446,5.813006542909105,-17.93988261717175,3.252138013230978,3.583922305678854,-10.145503070484686,-4.866566781210539,-12.122553428280812,24.97193105015479,0.45922954302142666,-8.361354526260595,11.14071295794315,14.643503975455424,-0.003495609393631048,82.30799176897303,16.883504556485125,0.005195457752854196,98.06920411374792,-1.239325875980856,10.06507603108447,-0.0015748608264483852,-1.705861638258105,-0.6255129940238826,0.003293508583688655,-8.284368846424014,0.029461926330474016,4.611257319132738,-0.5426444449882774,-6.159830128890084,4.106505879604336,173.97131933715175,12.673130376137332,-0.19890758781705462
512,8.533333333333333,22.059745611242494,-5.72390922499633,-7.1389249002900845,26.68037819253993,0.8447550075851105,-9.807065681568522,56.97845577768687,-6.491326603698379,-0.0028919617496992985,16.02951374672976,-0.9841414496430839,0.00023329421307500961,2.4439097748592116,7.275637034949403,-15.921548736343725,3.8177713076884463,3.7982047481881773,-9.167425955372115,-4.4588547385687365,-12.303410862591655,26.630116536319928,0.7124151402461258,-8.902127027129172,10.998648743426315,14.432225266925805,-0.0029848755702344553,85.07122647033981,17.74280096805219,0.01176149878965158,97.1443729010031,1.2037813829314403,9.497191986511965,0.0021552539798673992,-0.4492528538345518,6.007593376987845,0.007194087854704967,-8.524996794163329,0.4821692907680235,3.4950431294113837,-0.863573944691822,-6.425483546198713,4.64101680862946,174.342595512422,12.676180489677318,0.3885680297210626
513,8.55,24.345979919453953,-4.731975860891775,-6.365991612659075,26.093051172004934,0.5298971747384198,-10.628027226724258,59.69519239015625,-6.450466374043667,0.004949782084422405,16.330113187962375,-1.2131780421310876,0.00018640729513340627,2.711195251461371,8.354839613771778,-14.061341974286599,4.245463295061735,4.064941666052828,-8.569115161658836,-3.535729804147393,-12.673301646077574,28.013121213444645,0.9127140342616521,-9.439082915283214,13.1209557203012,13.978263526537772,-0.0028198641866567283,84.0783649157269,18.364598075245603,-0.011489829380658513,95.90076210015053,4.402111772699803,9.522302226559878,0.005304949782125357,0.5377689749748726,7.922432254978595,-0.026308326381718445,-8.289109323676302,1.1668304295931833,3.0838042124345417,-0.8483986132218787,-6.870039653226196,4.976806720761556,174.15599608674432,12.545673548737573,0.9747317551151762
514,8.566666666666666,26.653604672155314,-4.604964940109654,-5.964002949197617,25.39255541576578,0.7656012508625362,-10.891584909471822,61.687330911397034,-6.1470695327736715,-0.002705327556181923,16.209966399159875,-1.2327130348366813,8.053305071195036e-05,3.3005002034804205,7.750129439534696,-12.663840429739174,5.3308880052904195,4.475229326181636,-8.401101043872847,-3.0561212141592633,-12.699792896678202,28.20274174863505,1.6490226240224453,-9.942096152088029,14.581879181413795,14.417940558371185,0.00375918290683328,83.89827547648638,18.87621168148188,0.006813101967278387,95.13133678264406,3.9733360338545687,9.46310753990761,-0.0010660947202396458,0.23931131057030947,4.571290916761664,0.018375994709288662,-7.966763677027837,1.1905039604163539,3.1778720589411087,-0.5496226024714759,-6.582397055945089,5.017754613891079,174.07651443170354,12.495450597094548,0.9587208801979934
515,8.583333333333334,28.929045632941847,-5.214410412459231,-6.494341462064646,24.995095381696906,1.3063055863585906,-10.66129668472887,63.14043479035934,-5.413712832880191,-0.0009613675153093242,16.092083904509604,-1.2542939023923956,0.0001242178256168704,3.5317085922988847,6.762256272212137,-11.068065670655681,5.90830617580717,3.959873661290423,-8.00097120816357,-3.1235533799311987,-12.561443793939691,27.703747191839966,2.231385760734509,-10.465326446717164,14.483140257563752,15.164644116947345,0.001103988236987176,87.07565198503595,19.723703867251647,0.0070139388807681285,94.53909530009692,1.372513619559675,9.81089027358645,-0.004697473137716086,-1.122499568913298,2.791114699868801,0.006620722544169349,-8.201242458063266,0.877113040864052,2.624179373726711,-0.6616370203487107,-6.484994336894306,5.880298983843401,174.65552383798854,12.72379547585513,0.7854652410002422
516,8.6,30.915071391851633,-5.116346986939391,-6.975375131255778,24.38218084900627,1.3472957841494302,-10.373978064811855,64.16125698674679,-4.885350083736104,0.0018790484161015741,16.108783066443166,-1.513042525054148,4.3326267423245046e-05,3.65961211856344,6.400660972640832,-9.293504775568538,5.584488050599035,3.408958848442381,-8.090824724609545,-3.2371680712502577,-12.464370946585454,25.81169915901769,2.904070227923344,-10.530362580146189,13.250113915965871,15.448343368356067,0.001535892949531493,90.50009671941993,19.855664676054367,0.0011848559464737512,96.1302979586315,-0.371398615711898,10.01606066728272,0.0032880233063147576,-1.245552448088235,2.9640421890787567,-0.002526702480521793,-8.326199713955061,1.1353275636286915,2.165238855848292,-0.4218879088246711,-6.577626714317417,6.75863855788804,174.90062339980605,12.652005694790507,1.1495870228923353
517,8.616666666666667,32.86055768408133,-4.741256096915856,-6.936410678231645,23.533681211292166,1.22408091340733,-9.984579746237843,64.84152583806464,-4.2178549247295365,-0.0016962004793512006,15.897052191793835,-1.4329913009247028,0.00034437614013540943,3.4337425197738742,6.394323709717881,-8.177751799097669,5.701600185624605,3.2738318113197256,-8.482410497026626,-3.2636766759073237,-12.757848474922458,23.119959394692355,3.74992507531187,-10.20855713626759,12.48604836238473,15.912858787563136,0.0056032542222113095,89.50549605904186,19.865719691359313,0.007601673620379872,97.16552119837296,-0.45438068604493936,9.506594955649968,-0.0006962558134568643,-1.1006697735454058,3.470557356219569,-0.011729474679819298,-8.044146740574075,1.773319643316405,2.076358572339237,0.015446010039630498,-6.28943730378431,6.349190089130085,174.99042250254652,12.362390209501106,1.506790690214181
518,8.633333333333333,34.49434892167443,-4.369009964984891,-6.864448514878247,22.90555094879154,1.1076587423557585,-9.851877165399138,64.56653885195135,-3.1925144655033466,0.0008785048673940886,15.811398690098322,-1.1363979212769708,-4.02037982704849e-06,2.0737443188556552,5.873164111613573,-7.780143261701785,6.287746435752111,2.8393333717907336,-8.165931064118931,-3.0171132516075394,-13.18693873889,22.09228949771252,4.425391916056181,-10.026253709759178,12.162521995759723,16.53328135984227,-0.00383957474364947,88.0992598342854,20.68654923785972,-0.001081901184011723,97.72558839989581,0.10892247162129101,8.558362010850667,0.00223253854312183,-1.2108165156118937,5.370677691170106,-0.0037725059823770363,-7.514058445822252,2.4825877804789207,1.6400255531836248,-0.340890342880412,-6.3065297953413655,6.096782706283973,175.28723583623545,12.170322438721382,1.8124138339577869
519,8.65,35.81098201344146,-3.7695837099949667,-7.109928185760399,22.36419160368998,0.9931867673992255,-10.63624371945104,63.16067259838557,-2.8102016489822943,0.001199213021633669,15.892090143632585,-1.2096421355620193,-8.758663952378978e-05,1.7345087957799332,5.136615864034216,-8.25643799820159,6.486141307057613,3.200190742646572,-7.723361938338893,-2.5014101898593664,-13.019843309663505,21.838638931446532,5.315101912527783,-10.261731467907389,11.60037710502008,16.7188602999464,0.00043317749287141586,90.07918895152666,21.153403215219512,6.238267420309141e-05,97.53302831321915,0.7756102477264554,7.613166946347364,0.0011429920582525703,0.20704707093142768,6.99990790923435,0.0018133489288232306,-7.158395510954518,2.73755352011677,1.451237474615618,-0.5622222032881276,-6.308481723945377,6.409357756137164,175.01420471306517,12.077054830249187,2.117961950929006
520,8.666666666666666,37.147839938783726,-3.6110086794977176,-8.196956005957956,21.82205281833474,1.1650884415239477,-11.812175003948996,61.21565080007266,-3.3267877204277223,0.00044638211775672093,15.859807482634835,-1.3034546620906247,-6.496599621379284e-05,2.8731139871785882,5.07815663140275,-9.24829958271141,6.463778721051663,3.632573098898787,-7.036505708091678,-2.2499999560164,-12.666153425886659,20.992541397867665,6.047446160108335,-10.7730521053854,11.807305704377473,16.767040021555815,-0.0001341380438801211,92.64794307467413,21.342435989721654,0.004691356704919037,94.75251185533007,0.942393392869803,7.0363464132613895,0.00044513605930624904,1.3489080988822795,6.560836620956557,-0.0025320737540095767,-7.398237045180503,2.3602623215242815,1.4676493531284336,-0.23278286444835836,-5.76150750108666,6.136696189972086,174.85087856526795,12.136748030427068,1.984587473959146
521,8.683333333333334,38.092109519314754,-3.8455098828381833,-9.405967285970354,21.07567646556929,1.5607174353029807,-12.293614150798751,59.26182368645447,-3.750263687075997,-0.008638925935071444,16.07544793991384,-1.278437439204424,5.2294326860893824e-05,3.172394761877277,5.378313075139337,-9.61058881175269,6.557336891590717,2.1029840306438574,-6.281343601846749,-2.1933505710459804,-12.77742656598905,21.094816180603463,6.3222021145415175,-10.93689167616056,11.867413600794615,16.87505862036223,0.0002307764279567624,93.395789961783,21.845576114528622,-0.0057940325622484416,95.48351533791673,-0.09603314955561933,6.379328821278072,0.0005799939956173381,0.6207698319853961,5.685623221350943,0.0019736391891642746,-7.417878958995189,2.089070168733168,1.2708296119833904,-0.3596397776814726,-5.7663522161240595,5.788559200998502,175.1908085195095,11.945625855134208,1.6567497013334578
522,8.7,38.239841508200165,-4.01567309464166,-9.338787677779486,19.83063088044186,2.1615603277002364,-12.099725651908845,56.92401235604993,-3.0030917446533314,0.011331347761188834,16.07567837514513,-1.4091602909547,-0.00033462903828030446,3.645723580451091,5.207566158649834,-9.77532818463931,6.2046207948430485,0.896823487351791,-6.49206913006701,-1.9198235472823963,-13.15761596016089,21.65793992339624,6.471653097338663,-10.890371613956376,11.432792856585989,16.84144733461176,0.00024967096195820636,91.15758816175413,22.347169905119973,0.002482749931339796,99.31549073613415,0.431993536707658,6.144274191001091,0.004192734433653769,0.015403522376663547,4.57367792097189,0.0003925902837514707,-6.967569550423615,1.9722537522303107,1.359634940948818,-0.5538929028736156,-6.409803530573573,5.7473538091064125,175.22541533595435,11.433276127669135,1.3332309558616575
523,8.716666666666667,37.94363373194353,-3.840746602435555,-9.53468834161948,18.664808693918197,2.3321224014735438,-12.023086771668252,53.28673528743459,-2.0007178049854266,0.006742742768361547,15.450078428282737,-1.3090853493202217,0.0011466771326036553,3.8098634496845,5.123761311819914,-9.833856786143595,5.571801631946382,1.7428190977536309,-6.548506561576184,-1.555977341933235,-13.504597983902018,22.34383719736777,6.412747521134135,-11.3304550585032,11.526168678858792,16.86529261104783,-0.0017724052539335115,89.04232581159711,23.233753139762463,0.005120238272771353,99.49584615900878,2.248859462192898,6.843244984091197,0.005218712441566575,0.6074353577356575,2.9255672091332627,-0.003309432414260294,-6.7651297428558586,1.9904616567043605,1.1898890340567616,-0.16429885450888493,-6.604879674840934,5.600776777596645,175.3480720375339,11.045247153179327,1.3036742978543852
524,8.733333333333333,37.792652966046,-3.368253657546788,-11.16625156517107,18.0391337231772,1.9151696784083718,-12.298554285334768,48.84764823281167,-2.245281135809244,-0.023465812574999835,15.320776931951503,-0.8379768538653207,-0.0017666748662764275,1.1146308438915593,5.4569700832832515,-8.743008440641162,5.5010798145517805,1.9029731678586295,-5.4618274671566605,-1.290328645454579,-13.681673941976001,23.237055201552717,6.830594600112402,-11.772000419775715,11.855550829681777,17.292231647058372,-0.0013376609968751242,89.55704358635623,24.37339353996444,-0.005223242156953937,98.00416953350938,1.160102491964422,7.206494573805614,0.0011408550031640314,1.7236282559906038,2.2953102599304773,-0.0008778008198531349,-6.361844415413149,2.2945071830102304,0.6457327693556033,-0.0365757669885659,-6.636733078594218,5.518359839617263,175.77649491093584,10.789229333021321,1.542537613534939
525,8.75,37.42100069482605,-3.5192599141581242,-11.93869092524927,17.62744353014629,2.2436946183351996,-12.763671185981838,44.39031263512916,-2.1350246477189687,0.015191692895240135,16.13871608617928,-0.8607224401675242,0.000459279240903146,-1.3755352527498639,5.34195194671466,-8.389193395319309,6.3885092048205046,1.188043102753976,-3.8725794771234505,-1.141959859957833,-13.842866624897027,22.66647441788704,8.007538351331366,-11.538549470415418,12.157863317261597,17.711259275316696,0.004562862218055155,91.00135885824604,24.70477417688992,0.001777221857458072,98.66278210479197,-0.09988761512765067,6.791420041958275,-0.0055362410933911185,1.8913116940255805,2.335797899864404,0.006647459182954741,-5.651043646881465,2.2642214922537205,0.6340767131222296,-0.20521642569426546,-6.838228682001046,5.4665953317107645,176.04987281143846,10.547029141811073,1.2056067987140522
526,8.766666666666667,36.45255148370675,-4.107854159559344,-11.361268348624776,17.282025706402017,3.2516921805624808,-13.160913223921776,39.89446945801786,-0.7308333507931634,0.006754608327660274,17.15100498324345,-1.6151743636315214,0.0021184079743736964,-1.4176008171094716,6.053751742124208,-10.152991465607043,7.89497164574626,2.065873845398918,-2.9160378700497693,-0.9351871532194009,-13.867645230885843,21.658824840923042,8.550998922283046,-11.378008934721667,12.708505948397336,17.472429236716483,0.0008981448092818434,92.71070094350941,24.816019430860347,0.010311996273406662,99.12754031230068,0.8852513999235098,6.148022933784624,-0.004554720981772886,0.5832075149611999,2.6761574016024503,0.0003176299962152895,-5.36221384182629,1.8389634334046412,0.7991710333233369,0.09741474690450205,-6.775069390402353,5.196113612325265,176.27532979258726,10.261604327291968,0.5917687421596189
527,8.783333333333333,35.63755765876556,-3.8197169009733076,-11.237500293953637,17.087116660786386,3.480029226954866,-12.57752627978575,35.65576391689629,0.1435861561915931,-0.009457260526446685,18.28839162346472,-2.042708680658977,-0.0029317534953268447,-1.8202239163192744,6.839694353689289,-11.455572613607705,8.672852049118056,3.266830795835718,-3.765728346786072,-0.5604762801632535,-13.484129265060968,22.373260491897252,8.29393509095564,-11.943025164918577,13.580340944307366,17.119025175139956,-0.0023215415033317048,91.88744378630882,25.634039444358628,0.00882531238699157,97.41973340222586,-0.13904532513681436,5.791293834012358,0.00488268737809771,-0.7981463569652528,4.482682027480116,-0.005024742138561865,-5.2999098837590575,1.7105910325156541,0.531809391340819,0.4773082936578816,-6.634012367421246,4.9256721005124815,176.46635869611978,9.965328883013315,0.6652582569334249
528,8.8,35.02513877108306,-2.6585299140202068,-11.661091408971389,16.83227784083747,3.0259036936836687,-11.678968653405331,31.67807226399288,-0.10704976781225171,0.0053834789475162795,19.66062446852797,-1.9671102248902554,0.0004179371621839737,-3.6938684843526475,5.302647196250564,-10.237672211474317,8.750828326199343,2.8414416033266052,-5.158925308668424,-0.2895359862276623,-13.27340630071377,24.251461059094776,8.309450955016288,-12.473954628240245,13.83414696472598,17.232526031781234,0.003922005767935131,86.7960265168977,26.26081694217812,-0.0072856709182415385,96.40382037562406,-2.6633894643477083,6.02989005585791,-0.0017356966562194539,-1.0899422000814214,5.4624861870471095,0.0034867763582636987,-5.0616236494899445,1.980772687297896,0.22377086962943726,0.8489776911464069,-6.751191261265432,4.978062781284716,176.40400206928166,9.68161606148311,1.1714268571938808
529,8.816666666666666,34.04128665703105,-2.1200095361744533,-11.782206662316717,15.963521553955486,3.2989332293850673,-12.20214674085277,27.92608326746771,-0.6800568039259333,-0.00972515879326813,20.46362695666196,-2.067067232466173,0.001156698672389998,-6.20946359822018,3.7607110529780106,-7.256953779914915,9.715117880200093,1.9244439005407574,-5.6342924486807435,-0.05317300157567902,-13.540756356841134,26.211264890078485,8.439831251578603,-12.473689172889157,13.253971311696231,17.18918936598535,-0.0025976742305728663,82.94569064688268,26.69415152279087,0.004793526931026119,96.40438246754253,-3.3223060295921236,5.583933462159888,-0.0026521644295085574,-0.6236037970290312,4.4433206893657005,-0.00044311110818663765,-4.616081942399487,1.7990756284983258,0.41183095186358304,1.2013290470069653,-6.841972551370139,4.806192622959368,176.3185899573724,9.198864191569667,0.9821116165289264
530,8.833333333333334,33.26127071019948,-3.0142676913859416,-11.24665764898722,15.37042946312124,4.621329470692392,-12.394002141137223,24.57267738646283,-0.3813848484900997,0.009458102289386558,21.295508294916306,-2.324637292590711,-0.0028885215825806896,-9.262006734820817,4.253992952869767,-5.78296066538949,11.57495087997538,1.8042267460157873,-6.232239943371475,0.22562862013788637,-13.848798419165513,27.24962830805171,8.070559874053812,-12.403139322380525,13.32637355341948,16.92030795829504,0.001011274249093295,84.88918981567329,27.646551822200113,0.0005488807167269192,96.38062772893781,-3.5003569341578715,4.4633767121431065,-0.0004371877475378094,-0.7393876058056665,4.387701126542134,-0.0019514509785767088,-4.347509086989682,0.9054479677542747,0.5533012811381067,1.0482154899587668,-6.595866977872044,3.8493631603559297,176.86832445890332,8.885312319423381,-0.08728888354351955
531,8.85,33.074388682950485,-3.8318232137062127,-10.672402171011091,16.14438383148248,5.746724980231695,-10.793396195109297,21.375850417956933,0.4674916561948531,0.006327454940828097,23.68234412493498,-2.80608024974387,0.005461757985928929,-12.725507958166846,5.7323201745108285,-6.9654188800975705,13.196594602047293,2.372681701971428,-7.230164297062823,0.1917087467819436,-14.21208968890772,27.709155610855326,7.799960171610868,-12.34142091803426,13.64651908454484,17.114847629929606,-0.0008554330496914394,87.51753754521087,27.96798186407981,-0.003287675191373254,97.54708025758863,-4.1759149927783215,5.120029468485679,-0.0024170851567503547,-0.8819237217697548,4.379588578869343,-0.010334915582566965,-4.5179288582897215,0.4853591460916574,0.12549051200322042,1.0860424610366746,-6.458141121190757,3.118698168386286,177.70568885173935,9.034220368519044,-0.7796149701208456
532,8.866666666666667,32.60868619224013,-3.69659696351824,-10.836689143114226,16.851766510239894,6.276805917078558,-9.428334805797013,18.179923868316052,0.3561373260937685,-0.012972961632402039,26.374896649507736,-3.0571295664270792,0.0012676016635209209,-15.926173650088446,6.31427416932116,-7.233460703269936,14.37531628440255,2.502126857382959,-7.767851247216922,0.1103175874145527,-14.386518704565512,27.97098816477588,8.145181300258745,-12.025921971630696,12.777909544832703,17.42867587498252,0.0022917364455543425,87.0139382853175,27.38022585027888,-0.0015098080187844188,98.66655895357721,-5.028358782978903,6.3889204309295256,0.011789027818663807,-0.31413614851390437,3.2577819702130966,-0.011276338069314995,-4.608907295622578,0.38761468426153856,-0.11056621065741579,1.3979461795034391,-6.754896601428116,3.4710725663287914,177.79361099772444,9.065031484283663,-1.0261753879380708
533,8.883333333333333,31.427730840355718,-3.9327567841252535,-11.09910059555422,16.716154045737,6.873736095565561,-9.285683808278396,14.85104588035803,0.11837238338741284,0.009407369423201315,28.163881191653697,-2.396434264777335,-0.004496841097637294,-17.93396842256391,4.892318791588007,-5.921218346190073,15.745351038740232,1.0739994221102869,-7.416190934942678,0.32537292728292216,-14.115980817656343,26.015134783456723,8.237542527340358,-11.685846718950032,11.83363244470927,17.274818376191206,2.6443589430728527e-05,90.3469697284959,27.302508211854278,0.0015478864316046212,98.49283487376772,-6.448064890704048,5.310746960432337,0.012136023207103257,-0.400863441566064,3.258829136694186,-0.00016918297772945218,-4.4591580817666445,-0.35637109089226787,0.12719579519773314,1.102035917365972,-7.262233226234095,4.206818949790307,177.64700261671595,8.808120635736238,-1.8203082945674003
534,8.9,30.08352842738086,-4.153725959976151,-11.060807202593002,17.08859844784613,7.081185366930095,-9.874310347730159,11.580745647123289,0.44043549057014136,0.000117607955513149,30.443733086205047,-1.9174555573987426,-0.0009344865101345301,-18.89294253599712,4.111607184688479,-5.0118151651594305,17.690470724917724,-0.31480588397813813,-6.792436457875853,0.5150390616653254,-14.064514612562824,23.39291825438852,7.900839365765851,-11.641938996607324,12.0165280607644,17.26581223412883,-0.00957129776137439,95.47518564314748,27.589633814366586,0.0035042730179617996,97.95478521273616,-6.791120138212241,3.5839615742449435,-0.015434135273051763,-0.6717083961565455,3.2752608327293253,0.003912515619148705,-4.328961470649526,-0.6791225014795298,0.5536553350558074,0.8919259035499302,-7.793066144431212,4.328468836171546,177.80606005540528,8.626978084267455,-2.319673151581636
535,8.916666666666666,29.160559425609534,-3.504940949314013,-11.423352538135699,18.38724308474312,6.568900644434143,-10.45392246346001,9.013209706182867,0.731297202499893,-0.005619039240179833,33.88799477114273,-2.4672279575578946,0.006373282590908777,-19.650989891800286,4.929127794614344,-3.908395369913357,19.555997306872296,0.6209813433908871,-7.311983238916618,0.5775003698593177,-14.202149126948783,22.677352686274926,7.885318814819345,-11.88938754162801,12.797979227873252,17.910159918121092,0.010756723142997368,93.20537472868962,27.64906234059353,-0.002861719340596826,98.37210414382204,-5.102548202804543,3.9980546707201374,0.013247374002612649,-1.0727302565680998,3.327735912930383,-0.014505004765730873,-4.42226930827454,-0.21675022205843805,1.007621470245977,1.2344168748528666,-7.596584914997888,3.727988472612364,177.76800111746007,8.716616542397745,-1.839988402103919
536,8.933333333333334,28.424787027458798,-3.377549761559579,-11.900880861742978,19.49076700189454,6.33811956706643,-10.370839337667109,7.291729969948874,1.3128144872609666,0.005179290122214633,37.28332485558708,-2.677178986735473,-0.003634376555377699,-20.44341851381559,4.311146027437972,-2.3606417131859994,20.766294979020532,1.2992450738785983,-7.687640187192788,0.7432736344975537,-13.950014132838527,21.83189944754308,7.899923625925346,-11.838706493890284,13.164295636456066,18.218793452626908,0.0033519016590530717,91.0268603658782,27.599819761640035,0.0013327124318951074,100.92289325011612,-3.981364751023032,5.2065561950684724,0.009382146878771426,-1.9382672486844377,4.993716910434573,-0.012772688217110934,-4.752376331840545,-0.2569056691405109,1.1125339729909778,1.2771131169544838,-6.817167551194048,2.9328288870621155,177.83491731829884,8.841006247237281,-1.6682701290240498
537,8.95,27.44277613726298,-3.7281908694088486,-10.700266471278946,19.569513628215955,6.203899021837694,-10.159802033481022,6.130997581780294,1.7326590358182996,-0.0020775282734417106,39.54717213355066,-1.5516606533078308,-0.0017730093839440238,-20.497147203084005,2.483905869670473,-1.5583151477043224,21.655840512118104,-0.4346886728082514,-6.729287778362928,0.8863994848460994,-13.568327181343648,19.84812744226967,7.377804945672694,-11.323228212799602,12.572235099065393,17.750258651088505,0.010555156110229617,94.34974970324336,27.34484820306441,0.002630526102704724,103.29631138254936,-4.303503810001311,5.5535238815328,0.002955207820271905,-1.5689035705038967,5.459438542220105,9.396930541979127e-05,-5.046629376847356,-0.6835064171724973,1.3242151651730443,1.206607201605709,-6.707206603436829,2.056789668375352,178.13522769428093,8.689689808691712,-2.0822828233976707
538,8.966666666666667,26.5490659590792,-3.8456747569444665,-8.32177072801084,19.47503743336528,6.1764284829598575,-9.758894846666763,5.376128224986538,1.5976940044287504,-0.0010195625969949913,41.20639814875481,-0.4910315725654516,0.004369228815653995,-20.052281171001013,2.4076526842461186,-1.7857791469096396,22.849755249902174,-1.4070672753357023,-6.859598293683207,0.5848389503588978,-13.444328946299132,17.72650302032314,6.426809702827298,-11.120203052737969,11.795778210143855,17.972096140443963,0.0010804990312642904,95.99187137207561,27.390835498475635,-0.0007015031811147488,103.01145791097883,-4.276536288624437,6.613277626429165,0.004223427559685216,-0.7864130067503677,4.577224823505908,0.0016083497848034135,-5.455000458427775,-1.0286349910888584,1.6869171372402578,1.478479822217631,-6.924356782032126,1.4963983867147466,178.37408761781796,8.618091147891818,-2.4758399272948095
539,8.983333333333333,25.843125138318218,-4.622107075520353,-8.062673765673653,19.960765558331975,7.145052638432502,-9.017318256147,4.996630764389347,1.8187273514302937,0.0006010104802672838,43.34113289058844,-0.5447813780564957,6.651581384723416e-06,-20.75814428761373,3.5116868816132683,-1.7847266575765346,24.390376283604425,-1.8071983150135895,-8.098145399547747,0.1112576121851136,-13.578982735938245,15.747436347243191,5.80850183538602,-11.092034046202581,11.694957678727267,19.003456361446855,-0.008201485108299305,96.97412393136591,27.396867139737065,0.009546319991406264,103.04493403666194,-4.40582415134772,7.736434816944271,-0.0018701116767451858,-0.7364238790749783,5.405412521607884,0.002245021383550665,-5.749711623860315,-1.517772784453891,1.4923408532471818,1.291327651984868,-6.901175072788806,1.7675366039040117,178.88707769017785,8.669825851419771,-3.0986533905703237
540,9.0,25.322395762810952,-5.30068333426185,-9.465325138428952,20.895315687943246,7.827204310590105,-8.84039025979596,5.489179374347494,2.092625104951735,-0.0008435938373157335,46.523669663878806,-0.900791586411798,0.0002154181105127598,-21.53657920760509,3.987565386169969,-0.6808609280907377,25.662588322240925,-2.238919062649346,-8.521247451122576,0.29972915548856066,-13.655742034546979,14.381938673698512,5.73081352514988,-10.80114137482726,11.876495510034106,19.336628773802957,0.0023045326331682017,99.48369472543537,26.651437404377685,0.005248232056896063,103.546092204386,-5.121331051824479,6.95901277169251,0.0003960599138047228,-0.8660718120782822,7.1793201813387215,-0.005472844016159792,-5.607342099556022,-1.6582657726019299,1.431755870293125,0.4732469358259906,-6.926411546603699,2.0091894864759974,179.2472549239236,8.606185924764583,-3.4903564614630604
541,9.016666666666667,25.42265732837191,-4.890997183171553,-9.486466049315528,22.26807071506016,7.540174154415436,-8.591637824383508,7.218660274223816,1.768869791452304,0.003082041830594683,50.22808834369701,-1.0947919875460674,0.002861873726502175,-20.96221022638621,4.140011321293848,-0.05695217787347986,26.063695379504026,0.3134117727211109,-9.188796560931252,0.7775359997926328,-13.563415227763173,14.24802079128158,5.174964081216713,-10.929218492480134,12.019672911836093,19.08471732626274,-0.000844049275676082,99.64232295676216,26.18212073856679,0.0003536359757208712,102.22615526851087,-5.03414273616503,6.138275854402759,-9.77086336180165e-05,-1.4864155350031996,6.253780556992455,0.0027459924535246194,-5.789325910019482,-1.3732810076399344,1.892512991252214,-0.1200508201952354,-6.976031417617101,1.5005478241980057,179.04338574315125,8.803451687809256,-3.219526153684516
542,9.033333333333333,25.512201573811943,-4.358343668044058,-8.86073124069849,23.47474768501641,7.466652795088315,-7.981075218582836,9.109776436669069,1.663707506319357,-0.0016166794572465653,53.25869393409013,-1.3491435951207877,-0.00295994915822852,-19.816755529742473,3.371866255067362,-0.2878385586405043,25.306488558132028,1.6628461133709276,-9.874289884595601,1.0637699511877312,-13.68099923494752,14.498696317821071,3.988797826103294,-11.29687817009746,12.481853704725319,18.56900459049365,-0.0020293452674111207,98.3692045283007,25.933015562544913,-0.0017088782918786754,101.12921696448157,-4.482826706751662,5.817484877747848,0.0023316465228354136,-2.1310857119590088,3.3312425039281615,0.0010449084925630101,-6.472080460487945,-1.0214225657971667,1.8742618528538035,-0.19782088462050879,-7.229909115008735,1.0643197123551957,179.0359475659874,9.151721310490393,-2.881602074861362
543,9.05,25.025475604505466,-4.133978948594558,-8.976753091861458,24.327674659179888,7.578243648165021,-8.16570865028192,10.320467244638905,1.942060888309238,-0.00019865244347865187,55.9823580488551,-1.7012065485781722,0.0055206966515235645,-17.07181086970074,1.6185967462810213,-0.14895094415415897,24.04478913734014,-0.8939679665310343,-9.755252745265295,1.6011301276723924,-13.924513450558122,14.406625271450395,3.0971299602844993,-10.894367034234422,12.257868400493,17.73736125430292,0.0029740221323897933,98.79905551007165,24.791014317268854,-0.003999033715697243,100.47627453332012,-4.031292345972293,4.5516135687361405,0.00011174153304951852,-2.413009226484532,3.914672962472282,-0.003056023642521341,-6.9629176646478985,-0.6169666182250618,1.411937724173235,0.044459674201741795,-7.8034016884287185,1.2816366627890021,179.3318265134712,9.271096822463596,-2.7482579694859512
544,9.066666666666666,24.41774550417752,-3.907508440692051,-8.832671754179643,25.220477228480398,7.527017542971816,-8.301636550294042,11.08558451934755,1.7866418222996188,0.0012350502560091756,58.83185104422886,-1.5357522350738577,-0.003105197833713787,-13.592581685185063,0.5238551638719806,-0.14726852341564295,23.991019634553595,-1.868041763306903,-10.285857697013242,1.7912810835246347,-13.889194201299784,14.407348981615584,2.697497944807634,-10.18834943252395,11.23587259196341,17.784542925066464,-0.005699057305061567,100.63725871244341,23.378056566464213,0.0048768814132572145,99.38420800868009,-3.3994896933893495,3.3971622101614907,0.00020521935385016922,-2.8163040400129034,6.588127750166335,0.004803351859535764,-7.149315646507662,-0.5112662590674758,1.6463563654517182,0.11985852043229801,-8.053679251833318,1.3390291328934503,179.2107496225776,9.299528618018742,-2.8155299480774825
545,9.083333333333334,23.82651408836263,-3.379491968961394,-8.416727074131156,25.834145225244523,7.073846257126571,-7.768703601847208,11.662734599266917,1.467928194698925,0.0006547006043620359,61.12322978565836,-0.8451314562219642,-0.0027459253213832197,-12.162322670997154,-0.04498595390772507,-0.5364859008372781,24.250536345961784,-1.120030060760755,-10.75093667919267,1.2496199891201738,-13.711994483588565,14.488924621599429,2.1642531094590622,-10.149334046431624,11.557050457666758,18.386563877787488,0.003849079742641159,102.69118412196993,22.628910514733597,-0.0014699633312689085,98.2612715483167,-2.9991835204541224,3.769927258025143,0.0011244208190373088,-2.661212076173819,5.876611410783573,-0.005179145519902221,-7.369873654140347,-0.4236309247142662,2.437902171115019,0.07523210368261479,-7.917149301822097,0.3714739615471913,178.8176243445032,9.287475028128137,-2.6470290699795522
546,9.1,23.40873394211399,-2.701312132628794,-8.714689558142773,26.300025664684608,6.215691145009037,-7.487053205870635,12.440934227369794,1.5395718207128508,-0.0025825425628737656,63.14455112794481,-0.6638656407263918,0.008098843947988174,-10.7932867016725,0.24676629364072467,-1.2100221190817975,23.388195180455412,-0.00827511745583394,-10.248262294929322,1.0614930895692523,-13.61865631886017,14.875626595291383,1.4202115913356577,-10.291053121782815,12.12486148361469,18.328649883025562,0.005069815835282916,104.52974085268991,22.087169054367056,0.004498541151595446,96.3772786807255,-2.5802556356047988,5.346399334332194,-0.0006095089969432648,-2.018644345390955,3.91602019113575,-5.393876534389619e-05,-7.743966421791757,0.011054242149629072,2.4826350145291087,0.8885913341426844,-7.798888682219759,-0.5604094387632053,178.88981456123125,9.33558904939598,-2.08090034955747
547,9.116666666666667,23.485781843227105,-2.1409493717222583,-9.236242450111893,27.3553446878305,5.281157540733147,-7.252468316006033,13.657221950293218,1.2902582492361256,6.918098457334439e-05,65.9440033281059,-0.6387168385108489,-0.008174837931035444,-7.69148039758856,2.2355516615016264,-2.1456172703905754,23.285821443799648,1.4274676997233118,-9.853595640122712,1.34209124260056,-13.540957680135731,14.906350726359344,1.0919191019438546,-10.10081920128484,11.975828465801092,18.257499692644398,-0.0006889687755677236,104.00887586554765,20.891853613202823,0.0010209699208241938,93.51918472881307,-2.4635095304136416,6.090001254378086,-0.00296273336401625,-2.3239706123585537,3.9145300102814837,0.0028475569693069353,-8.048313737342973,0.5362223976574007,2.1305501913546356,1.8936224025731097,-7.712851906014109,-0.46733792245246397,179.3131749222749,9.674384435252614,-1.59030505949524
548,9.133333333333333,24.297344104089184,-1.3436933230211692,-9.0752555478154,29.32705529931058,3.9155664361945735,-7.3959650363827345,15.529992786070688,0.4391447651656295,0.004415391752517775,69.63788382674767,-0.38310490778548045,0.0003501649344156848,-5.1326428399943405,3.3058077095487435,-2.229766890686017,23.042456961203754,0.374164278903595,-8.810443635468818,1.3490804273972223,-13.505214990046985,14.184265050336192,0.933110423512604,-10.03279761992245,12.625994525877324,18.396082213886785,0.00031797972919061097,101.3672640630993,19.386769385906483,-0.010618124906985459,92.1435573581921,-3.683324312034334,5.123637902834152,0.008645389050048259,-2.626337680177898,4.588327740701475,-0.009349806696494762,-8.478556095750564,1.121181885507587,2.550789164167871,1.7956870234140325,-7.975840953593117,-0.5996291106845981,179.4851067963879,10.308344912865628,-1.1070975384540318
549,9.15,25.097105072574678,-0.3156639996193999,-8.505828319282644,31.34115605239466,2.1708592331845464,-7.98381688303636,17.62718009799264,-0.12053585854321482,-0.0046294385092924975,73.12777397918573,-0.35502120464336123,0.006578082767376139,-3.4738685112583294,1.5222617416299888,-1.9167154986428456,20.065893905981387,-0.5826350545801899,-7.574453553525162,1.156825678506632,-13.47023630549096,13.888837939496092,0.5971455458629723,-9.899669973297247,11.83931860085317,18.391802837280277,-0.004636184606325364,103.01358441250545,18.145441318232567,0.01799043724010371,96.08421972569091,-4.381176239072997,4.446420800820205,0.00046243130975088777,-0.934460492100456,5.655664156335162,0.011905134418990845,-8.962983614894748,1.6031253212804668,3.0634069731377536,1.4367453548466478,-8.080499416351396,-0.8719490360337223,179.35959354726845,10.705921234317708,-0.522958995987528
550,9.166666666666666,24.488105967620633,1.3984509700923378,-9.009321826483879,32.124342896542714,-0.04087758045989793,-7.4821656359617705,19.013673813976258,-0.6653498678606184,0.002329369978251899,76.0792434512531,-0.22769628312625792,-0.007617726735140178,-1.1832776068361095,-1.1316331264444144,-1.4438186887550015,17.322252938508143,1.7881985604679085,-7.78987964056289,1.264063159174716,-13.259094164544566,13.560728833437583,0.4668143788400427,-9.522371340266904,9.381359213462284,18.400465927992595,-0.0096681140663033,107.19892377174735,16.88562019130408,0.006684341871873223,101.14467756102314,-4.402525456188979,3.9665499458855,0.01426301267880251,0.4769902777523026,6.1591037516714175,0.008207803003073026,-8.649363766489513,2.5798804979946635,3.072306775793282,1.4252381811866324,-7.59866185127351,-0.21815726096781318,179.02997930128907,10.217227399620846,0.6909656714095406
551,9.183333333333334,23.967432589450638,3.393036363424096,-9.939836526283132,32.677783445549046,-2.342086014092502,-6.763255095287101,20.818441322370063,-1.3793733317732944,0.0030809365130203257,79.23690311806257,-0.32288959551679586,0.00509094111987024,1.5397267129733336,-2.626881230637958,-0.8929921096496811,16.645676186637985,3.673865592623292,-7.4541518248151,1.533312597383968,-13.13711694290983,12.89672384933199,0.20162864490767543,-9.440815488936508,9.033149152892143,18.6336866747715,0.0023307503506483384,105.57641980276199,15.923759608763413,-0.010717378818092513,100.3473502638273,-5.599361611475761,3.081069149674679,0.01490160416462769,-0.05804906610251012,5.008268746442358,-0.018148729124027783,-8.078276104112096,3.8818441713934018,3.3547465900494657,1.4285667141997747,-7.418124319675969,0.14370788875609491,178.6380291906679,9.619754768634008,2.158644569290765
552,9.2,25.135833537167418,3.7512430094360947,-9.108226448583391,34.41040367552126,-3.0620517235929388,-7.412839635254548,23.785959156916338,-1.497410852028981,-0.007637609869654341,82.3317758003382,-1.1938899778107097,-0.0010703428008330472,4.045950991261431,-2.3769156380441228,-1.7285016889201414,15.197597519218162,3.821697637922437,-5.577394397989166,1.5366165314431872,-13.381919952748271,12.773729518785856,-0.1338487744807235,-9.539537825104233,10.510190167382769,19.29061369994868,-0.00011245141692501061,102.30328109598236,15.361446279349241,0.003371948925431607,97.43610947386672,-6.596733674142196,3.739563905422456,-0.003668987219191812,1.026884453065792,6.3569963730475925,0.03793261657752973,-8.205350469518777,3.947576588613631,4.0086930331609585,1.4750338601548216,-7.535539452323254,-0.5637667428678228,178.49372493690439,9.874673657468337,2.182605234225728
553,9.216666666666667,26.16514533060552,3.7653053744702945,-8.386439587919488,36.475986547567835,-3.199102870075061,-8.591997955619956,25.70127921570788,-2.0222026336750702,0.0017122709060455681,84.88692772484174,-2.7972757037505134,-0.003056679280513255,4.82467076575438,-0.6902119240390227,-1.9910280368544588,13.887211619559121,5.361934453000918,-4.914520728701887,1.5001773182478384,-13.470745856440308,12.161835134390358,-0.11574282237274691,-9.546548521459261,11.722846555530804,19.715540243753544,-0.0009177653945936957,103.29550061431054,14.39327307265907,-0.006199961808623657,97.50989577919397,-7.4142555187753345,4.51117125120447,0.005831032263933874,3.719568231982031,9.17935456981401,0.022121237495879718,-8.354794746888391,3.774914551727676,4.7344556313993955,1.2779564135594008,-7.619184742398091,-1.3375657207443297,178.21168358411066,10.302030817497238,1.8866197619698102
554,9.233333333333333,26.147921610338305,4.689722195589821,-8.335866791614695,38.084424280829175,-4.02649288680582,-9.533248986660166,26.064499686769665,-2.7917984880929487,-0.0014821081259203343,87.12122191656239,-4.922041287982933,0.007604178120308493,3.938642574355033,1.683154798966939,-2.000015567950398,13.90853813520286,7.866434007632456,-5.732580555072433,1.61066354045943,-13.260112449742913,10.884415030087371,-0.1708540629499417,-9.53062318802419,11.893936651865848,19.54803543074982,-0.0025965482479964794,103.07064439969975,13.06240771897963,0.003151971238417371,100.05625332604966,-6.9349173054632,3.5420609295984127,-0.002846395684149152,4.740366869227318,8.043184384216314,-0.01526500156642803,-8.183223516024169,4.29766019623676,5.342259398103061,0.817963956598208,-7.807081573784896,-1.3299462833025804,177.82364906399212,10.37429673432539,2.525369814686936
555,9.25,26.07075704927938,4.653590028501065,-6.635641654663898,39.63094157872496,-3.915988035732831,-9.497810839247228,26.70476808432536,-2.120030786847791,-0.004789541747352349,88.76583445191211,-5.8414069688429775,-0.003512252308867568,4.74627144168817,3.269704556921016,-4.665510518286055,12.809593190606076,7.857354523414701,-5.783002211001799,1.5287886330804483,-13.352220860358853,11.068832546805755,-0.4905273087388143,-9.423447443766616,11.179607276678544,19.57556159219698,0.0014943063175716549,99.79852251095554,12.41683405928983,0.010596441362013279,101.0830270903873,-4.09672787924154,3.3803680899532345,0.0022254363270225513,4.959876925323125,6.47013382899249,0.004638341719079623,-8.212285715612216,4.041913631002339,5.250080297333811,0.4080196854427605,-7.88990680348726,-0.8594611374986977,178.3891416207762,10.491870546256843,2.471136297191551
556,9.266666666666667,25.90770556768228,3.652147049579853,-5.676528234735451,41.050997817520425,-2.6485123680750666,-8.244520474651013,27.405634263872894,-1.4980196428181534,0.0028929765999086646,89.43554879917652,-4.902006678439928,-0.0010676033513454409,6.359024915551552,3.8949661856903797,-6.495210688649489,11.877192430886634,5.315579326101865,-5.518018318413294,1.2825373551864463,-13.497208132019624,12.065304261190946,-1.1184851521198584,-9.327577794048699,10.78110784935351,19.67567374832928,0.007253543392312002,98.95904515395839,12.898610658602458,-0.0010080284223562142,99.30268791635017,-4.335113119531381,3.9051246120578953,0.002871667977769362,6.016989974366015,7.051304875100777,0.012237039543213122,-8.356664419756429,3.1314546497420253,4.7430383525170186,-0.005744366981139462,-7.827728225848091,-1.1793837473457816,179.53930328003807,10.729231440345156,1.5263789244624133
557,9.283333333333333,25.40863936331784,3.117440595323772,-6.773820195884369,42.05636080045339,-1.85007886703618,-7.726498188301821,27.32140340094085,-2.2093970588634133,-0.00013597499724163679,89.41250906268039,-4.383723864408246,-0.00011604399363657402,6.2940971475241385,5.961953129657994,-5.617888397092988,12.462832698267526,4.172066640853318,-6.411775388845725,1.2183678031816818,-13.289251997631371,11.738275784854098,-1.916135171345997,-9.356014059515918,11.043056969493959,19.4275931351705,0.00625524073676936,98.14728157411552,13.24865339552394,0.0017416169106540468,100.52484165113877,-6.852226305904699,3.698227120817337,0.011457966401494159,7.047140848250215,6.621283050257756,-0.04903521027598892,-8.357327459007484,2.4973163428461693,4.607142983682115,-0.139818587746787,-7.740037191029809,-1.7018080349831708,180.0302856974137,10.84325471224842,0.8680636504910985
558,9.3,24.879442461525564,3.2751407188120942,-7.129485935218163,42.87750549068113,-2.285337469466277,-8.502375004043902,27.279667204317793,-2.4741201735311193,-0.0006530944587585054,89.11865083115485,-5.008359519173588,0.0024200798151562002,6.5806344075600585,6.304408127048404,-5.080757886967196,12.137550033584235,4.520301107045505,-7.656876893610581,1.3375595841736756,-13.139573252239513,11.642978055741729,-2.3430604946843423,-9.331186810205683,12.649636851329511,19.15964415072757,0.008231848214114969,95.63657466737523,12.071945052173533,0.011805144469151319,103.51754573937883,-6.95285951332945,4.561147359525476,-0.004260360795784454,5.562076426315022,3.279650448836075,0.026445255349317565,-8.19624883230525,2.2389953257606,4.9469984150291095,0.1702999289584356,-7.313927890175944,-1.294926964214074,179.7836727502323,10.704016230420256,0.8662146732547016
559,9.316666666666666,24.305122560537267,3.5535328991144297,-6.9112497377187205,43.565415338211416,-3.0305981854353075,-9.329940030398049,27.71637478961144,-2.0474808130602535,-0.0001330070119425875,88.17501927558912,-5.704858332410406,-0.0035584651273357143,7.919347866404674,2.225577857785311,-4.740741778670771,10.670840126523451,3.4499781769228743,-8.308182695091103,1.3800553701885407,-13.256856440040465,12.828353558188075,-2.2845279659465407,-9.068396886604427,16.033989536863476,18.858238021187287,0.007437290874656269,96.95566648627278,9.633017329264819,-0.026641903557671424,102.04167700603125,-7.47304189872318,5.3547404230493445,-0.009004980834373757,0.7528114534022378,-3.6657040505148912,0.04932448327859606,-7.860724639089088,2.234359653722518,5.4672715483721355,0.14207592394916038,-6.637999988812233,-1.4152516979187202,179.61721513939796,10.457601370680496,1.0444105490869975
560,9.333333333333334,23.680838316293162,3.2310340822124224,-7.85915587571199,44.00044974312419,-2.84273255785535,-9.531815499266928,27.934089828005146,-2.3910440177905317,-0.0005287905760053272,86.06319098625363,-5.966640589477651,-0.0033923421569445893,8.868204825227439,0.31725363659991074,-3.7041183450793818,9.535140772635309,2.058148569196205,-9.07279517871322,0.9770669640671518,-13.327999075057935,12.601242371800325,-2.4335740812340894,-8.97232401060802,18.16464540476219,18.817849109427144,-0.002033692007681644,98.5390934559651,8.548109383978883,0.019859336797180237,99.78963737279707,-8.056174227574205,4.775953507943995,0.006581753122048547,-1.7703224085621159,-7.0236560437958175,-0.15337314135969737,-7.7326215612212055,1.8816266114440574,5.701137507934294,-0.3070491228779348,-6.334896867681877,-2.4645133066297693,180.08893212089305,10.433889129508163,0.6880443636773154
561,9.35,23.093084752918813,2.862275646346166,-8.517226742768145,44.448885819987886,-2.5112680200744126,-8.516901897048232,27.73049269464899,-2.6957480601833628,0.00038936663394073,83.29957515138607,-5.334354358923295,0.008362971740716691,9.995230820504586,2.296811180181993,-3.265043543349699,9.619521996321195,1.1604778860787257,-9.987009136542877,0.43393244213561494,-13.322505664070167,11.13531156045965,-3.0427303961428014,-9.202756934905443,16.042921556665693,19.215158696656733,0.0010050675454951004,97.76213791518863,11.161863285572368,-0.033124706855120686,102.5008993654211,-6.256650410424682,5.178019875038059,0.011399600309214988,2.8193264590505382,0.7570929815953997,0.21429364625879196,-7.825458624122457,1.5447734037746723,5.925021529030013,-0.40926069551058203,-6.366842406848608,-2.954737720184708,180.67527768557375,10.62865790603466,0.4248439395966667
562,9.366666666666667,22.035060311998517,3.1073629525569797,-7.9246643591142165,44.54510388190322,-2.999314418788242,-7.459681425675479,27.40390847009092,-2.106581477538735,-0.0003340490003353933,79.80610612730796,-4.504430587401159,-0.006704070299584743,10.899496949359627,2.9204473441428314,-3.584582339506637,9.35960059388565,0.06919055267302701,-10.69904215094466,0.6144137642469366,-13.531009814605236,11.676478811782967,-3.3779536949254054,-9.051178494733243,12.3174379256038,19.261466621052683,0.002234675095444325,97.85177833218096,14.182802390868867,0.03593682489706885,107.20712244272717,-5.073181086612154,6.014153084931616,-0.006299708799578025,6.518313945494515,8.240552536034736,0.05489461542223403,-7.262940079513324,1.831948674918951,6.455461929852942,-0.8000141743225001,-6.494142402385606,-2.822486351274717,180.7371288980724,10.49905608787228,0.818512522070132
563,9.383333333333333,20.507303962181137,3.213443848825662,-7.455427489627742,43.7840468320718,-3.5701888236321526,-7.578298392221865,26.968283795262106,-1.5599246041012584,-0.0006013610596896358,74.98613450844192,-4.257061413644911,-0.0014678636175194319,10.094612273809469,1.8403853593753219,-4.082594612367181,6.06193573639814,0.5137405278219535,-11.444039344126923,1.0018198715109525,-13.571959429654255,13.413351599653796,-3.5681657475808786,-8.890914435248344,11.962867660521129,18.8653438116869,-0.00276930316999632,96.16648203620935,13.76799821067603,-0.016730968130917317,105.53595387221273,-5.086598015393583,5.7914712654232785,-0.0006615716396015923,2.8662710388955377,4.8013242794265505,0.10781916434813206,-6.388991353847596,1.821278309164244,6.8574797916817865,-1.7781371130418917,-6.451707859015964,-2.865881632738639,180.5230531174182,9.980579506876618,1.0266833877905932
564,9.4,19.425221143950235,2.9872725007862297,-7.192340620744826,42.94503212795337,-3.707335225488701,-7.595914882479316,26.346919892075686,-1.1846901836430372,0.002127845362606564,69.7899474581736,-4.145763134097947,0.008597508682113557,8.799306528884884,1.3517624682883453,-4.528299055359418,2.4065583193146525,2.4800865090343245,-11.809749809379024,0.7860456515634371,-13.33722759861619,13.740154152018587,-4.0430310615075955,-9.198533720056144,13.931302092455436,18.69579692358434,-0.0020305456239000674,96.05173535651774,12.534334663283124,-0.006553712568909095,98.07399522244046,-4.137491307566517,5.746231873317957,0.003129129802377374,-0.6722933608486575,-0.08393447867751602,-0.06971198283743484,-6.130864741180149,1.3900258792448381,7.256986360915742,-2.487497847920669,-6.066803875651864,-3.4593433247348804,180.41470064042102,9.76388959064011,0.8792231776711432
565,9.416666666666666,18.2608617708546,3.0962792400191135,-7.213592993984056,41.902029401416776,-3.9263106711003704,-7.401637250552773,25.215332165001904,-1.0889811358077253,-0.0023746484038256513,64.88662447127464,-4.012454221653353,-0.01149412400060697,8.70850199985052,1.3601413762900143,-4.4455497889236,1.3803157854229933,3.1847709118114276,-11.34059678449754,0.6505144494965269,-13.359953715271038,13.839503697437259,-4.248638411887445,-9.304610333325238,14.521370728526609,18.81009355914066,-0.0008403401905647602,100.11206120071647,12.687114211703994,0.011256910688760217,93.2364158248112,-3.5145986023618816,6.03760020105297,0.0014748716999993035,-1.3586064558735313,0.28248881464119413,-0.004388772488701894,-5.833547992045017,1.295854996254075,7.667460431488191,-3.03777725895044,-5.656965006701175,-3.7591894888285173,180.27934462686744,9.630397095649258,0.9045948224176186
566,9.433333333333334,16.7858787978089,3.674846056952554,-7.313741040471231,40.45463916667633,-4.615679475950244,-6.995465578092111,23.799735972851785,-1.2840564144599425,-0.0005882025407770069,59.634369296921946,-3.315838492111237,0.0012061076359475597,9.289012406589475,1.1692459768060586,-4.453046068589533,-0.004970150364081572,2.6625024978662646,-10.371109822297385,0.8999304010433458,-13.615389573894737,15.196709942481267,-4.153480495511826,-9.264810185114538,14.372210334839224,18.969304403614963,0.002393144740882599,101.27304342483458,12.961461601900416,-0.0032597718782546923,91.73758574964899,-3.5866529980548703,5.509189918828368,-0.001979648459382607,-2.9120866144561592,2.5639110444285196,0.029688208380013167,-5.338524108655808,1.513162867281721,7.7886347607232524,-3.626774985463472,-5.399524579131765,-3.1822619860110377,179.94155303144953,9.317058763075856,1.2789764708762796
567,9.45,16.45905424141234,4.625836520639896,-6.699016715524782,39.63404922497281,-5.690391722615697,-5.359664602933494,23.37147797238073,-1.2265970121377516,0.0005515715423986733,53.74791523612386,-1.8775181412304875,0.016534041316062877,9.296256545453186,2.1810212704029306,-5.216078508888286,-3.057789716161301,3.1277924275793247,-9.754832006815892,0.9689797420175605,-13.78893189545314,15.911374878470472,-4.060943793717155,-9.486735201036613,14.041308141693197,19.16448163116209,-0.0021128149927664335,100.52862996386811,13.391783989629394,-0.003829527573426838,92.5840932111516,-3.2408326008363537,5.054031653694571,-0.006259042287463542,-2.6227838058018054,2.367704249983797,-0.03664837662182262,-5.355784069652529,2.1734083549417296,8.038347436806498,-4.2283919121623805,-5.426288678541403,-3.1698338228413894,179.61077217958035,9.469785608417286,2.188824106434588
568,9.466666666666667,16.6868729915691,5.312177040532272,-6.547650771245552,38.54008769120416,-6.38474801716205,-4.714132695561183,23.98190831259413,-1.415772057354472,0.0009980837948847135,47.09177781685902,-1.29894793541335,-0.009214994709776743,9.462844057710187,4.345844776391973,-5.847853833433867,-5.541022136200659,4.648132755474007,-8.792678979829141,0.8037280895129638,-13.499330259246271,14.604467818950585,-3.981271348660705,-9.683181757505029,13.18665137765891,19.23151397082715,0.003524799271651586,102.81595480130567,13.51160882704019,-0.02068706786113423,92.96345391481557,-4.42782934009678,5.590853305425444,-0.0033648500021101094,0.1632587836329468,-1.2800415639172746,-0.029742147678862102,-5.524878750554991,2.640176960179584,8.213087220493607,-4.751343944094869,-5.444514383604605,-3.696266007433056,179.547567185792,9.717168802940511,2.867245513769905
569,9.483333333333333,15.719806052910052,5.383209537779509,-6.900133150355083,36.08583253979302,-6.399469443185699,-6.237169844183506,24.498217756392997,-1.6084806659349176,0.0010936557338877726,40.31137227543671,-2.073849251528762,-0.015963176740583063,10.03951703666219,3.9477154362120763,-5.98235878710229,-7.631156292470274,6.0677088886379575,-6.014855274572247,0.6079386351789086,-13.007445308186771,12.994730069056185,-4.238289137873833,-9.810234871357874,13.184476565862717,19.23215602567235,0.00413202618960586,105.5004579228435,12.948524341799097,-0.013628998659393996,90.34699945079024,-5.939533569989321,5.364489804376451,0.0011313488808651331,0.9903783527971335,-3.5315327661947054,0.02177137670577699,-5.021829958124231,2.4440239636129495,7.8967937999054305,-5.003038364840159,-5.234571367694095,-3.097513567967989,179.7993145138873,9.09078760557241,2.877001430776754
570,9.5,14.394060744885012,5.620884163121124,-6.452885192707217,33.5459095991544,-6.526689555607472,-6.464204260476098,25.17663721103597,-0.9895097369415494,-0.004558729394582002,34.52352933606994,-2.330761668074978,0.011261562618840325,10.027515229007147,2.141438394032501,-6.6761613842709915,-10.047808939121635,6.486340396767794,-4.4203867304573725,0.46183884819577303,-13.067336813470511,12.465408912655493,-4.7445648079478255,-9.955952537814142,12.991399531860024,19.39384090053857,0.0012275019794563853,105.63843138101434,13.392894714145744,-0.01478527073614383,91.85411087223817,-5.439924082699008,4.299169938415836,-0.004697990167433954,0.5611479457085239,-2.682678246263138,-0.006635295480874561,-4.067037289011961,2.671008010634289,7.632566612756051,-5.380996205091512,-5.029669353023574,-2.2476347362169884,180.1476843380226,8.104867676797152,3.209124004415552
571,9.516666666666667,14.261622331014827,6.000235643464134,-5.746166544987394,31.91750398220368,-6.83627306176523,-4.6744254422618825,26.55876092316367,-0.687935913243363,0.0039621759342745744,29.375629625711042,-1.4493575223098256,0.008866833561205469,10.639795004059348,4.464247356543069,-7.89593833861506,-11.999817398574026,6.018581030247031,-7.812884078268706,0.5295075667547288,-13.270563362692341,12.510531873025217,-4.955541572274239,-9.997032176060783,12.181976723271227,19.45493185424518,-0.002563397717887034,105.10146621167685,14.348730511678186,0.013799881531385874,94.7947200830488,-5.8693366297311185,4.281648711139398,0.00010374659816452398,1.202782629119252,-0.7476760517512256,0.006911956813998824,-3.8673223266544414,3.0995996911459596,7.58891179288327,-5.599644479915756,-4.651653633494079,-2.349159661656361,180.24996153883086,7.967809954345178,3.6938535913317345
572,9.533333333333333,14.574439020296154,6.547974024079373,-5.618883174192104,30.721657182202403,-7.267069110623159,-3.6932878347721814,27.83602403934518,-1.2254386508061565,0.0014900441157671065,24.73238875191566,-0.9465183726993589,-0.011219501377523242,12.132959934352291,7.6206510772362215,-8.024369269351073,-13.609965627508787,5.438163469260138,-11.354206601032681,0.6620410711006677,-13.076550382036292,12.5809969416169,-5.261611716874564,-10.2955195500802,13.034666239217767,19.377109152884564,0.0020733975645806134,104.6197021912636,14.4443044550708,0.015946112253605593,92.90625075284187,-7.407605135620581,5.06371589830856,0.0007170289667979493,1.4480774649027266,0.48799243852586616,-0.01022475635236559,-4.40654020849301,3.3546442569081205,7.423254270439584,-5.217424051782609,-4.469054753774273,-2.11553260215736,180.0920891459472,8.317040129916084,4.221705865640693
573,9.55,14.390182955531769,7.523236363349022,-6.264236946642864,29.15319667105,-8.227499109856682,-3.9743683865515997,29.048360558020956,-1.5978906488695457,-0.0070457645594920225,20.840702948131298,-1.0564114238637488,0.003587985517207594,13.043196033029739,5.816624432591953,-6.980187171845538,-15.684719486902935,4.8982571059805515,-10.150984404626401,0.5436027107268832,-12.81822990940984,12.437830212838877,-5.926471243111346,-10.727056777995488,12.934410716508339,19.610167224527466,0.0035112188807504673,104.69839029184746,14.865040956033896,-0.015086708340807109,93.74551586344327,-7.135973109448412,5.629954845064285,0.0007911924435030281,1.8892840012732712,1.6994082499104899,0.00634149912878625,-4.517818924016204,4.116689516617469,7.151294660582427,-5.082086184051931,-4.699879962352509,-1.0586750332917025,179.83464572136234,8.083808629662565,5.28171634776889
574,9.566666666666666,14.84758215308844,7.9067105335826495,-7.222306073970216,27.65338488885297,-8.751707161081836,-4.4943016696286415,31.320885379833264,-2.104858402899418,0.01029279259785504,17.48215410862545,-1.0974978824127184,0.004777433549519595,14.530704428760778,4.573421697676359,-6.420711211801292,-17.03880148669267,5.382597263755115,-8.369013092732564,0.3652824087953071,-12.683602984725052,11.91646214179951,-5.954096292828985,-10.55102377905503,10.38357699963304,20.223189155206427,-0.008452864303697436,108.35866520847559,15.363716726396397,0.00448520118496753,97.39746850308285,-5.729701614973699,5.783064724198561,-0.0009823468479941786,3.51567459473573,6.2971579287797335,0.02253249113313862,-4.441115702821027,4.56683696837191,6.868037986063918,-4.884448827166062,-4.622840076566652,-0.5417831370546707,179.42982945872737,7.829520600136007,5.80869734609531
575,9.583333333333334,16.567217279677358,7.406858906437452,-7.382930665063759,27.208893045886146,-8.435633709020006,-4.790442436115876,34.37876314854121,-2.4539752897702156,-0.0015226905043089361,15.071158223147755,-1.192509533003587,-0.006408024029199712,16.680169971398065,7.043236789129398,-6.7224235462908934,-16.701140467089477,7.013586437101203,-8.581580279207628,0.45789268322746624,-12.65376396080301,11.249003549110194,-5.348559852165461,-10.408217267834319,10.53136580694082,20.613525317554444,0.0007340316788350887,109.97731702048853,14.421785022337115,-0.009850272771332758,95.25998631503549,-4.907878866070685,5.2406580811632635,-0.0006641308235407642,3.6195614527869058,9.689635538812173,-0.010436893047833847,-5.06331992292315,4.209131365906726,6.4629470555166595,-3.912054648716408,-4.454329252231022,-0.57513563644889,179.18486518468103,8.411513753753535,5.565636551542308
576,9.6,18.209065880508795,7.174080861962442,-7.530445065486929,27.041923106021418,-8.497695272310734,-3.8599603077738966,37.178146189722426,-1.8751799055035039,-0.011368276523506738,13.241083573397468,-0.8925880747841022,0.004117579125482493,17.13903018853772,7.2450174866971775,-7.147253774419621,-16.834879473333597,7.741502983357802,-8.215429747860988,0.764561478078281,-12.852267563448654,10.833488525520426,-5.07891684332874,-10.602932120052103,12.82687658382758,20.390216060520725,-0.0053600469327847325,104.79131951377734,13.34113657273136,0.0046444070363622,90.24188163190605,-4.976089828224676,4.175234763467118,0.00019245472289517937,1.9152457622576278,7.71000945276509,0.019666703730855942,-5.870689407978643,4.293153039536037,5.961316062797941,-3.510958144841271,-4.421962677405098,-0.06273426203798022,179.26117378740204,9.113708955164551,5.796240312401168
577,9.616666666666667,19.062602675346366,7.637963363837563,-8.379549371088924,26.110341956281193,-9.133533240994844,-2.3602925259828798,39.81860989686125,-1.8785930422190966,0.010145464291320013,11.537871353818728,-0.2304723331796236,0.0016554057399828495,17.768860794866168,5.608353910381625,-7.602864061514507,-17.729339905944048,6.834378083316046,-6.290710501703068,1.1594880976009772,-13.215192273631924,11.276929284622716,-4.873537221504779,-10.311831427649656,12.574727694067525,20.027841507969608,0.004037748184048475,101.63581024342312,13.06367753772838,0.005107691180538759,91.31805995960887,-5.249792191210586,3.65553182043786,-0.0016361680299727618,1.1949312238392011,7.1021634554579816,-0.012352467673589882,-6.104024837849994,5.018091884325891,5.544447836935785,-3.815823598215812,-4.133546854599151,0.5097373378783336,179.07000848121672,9.218977292627049,6.475863209815704
578,9.633333333333333,19.76837822530912,8.051140142570933,-8.32599787682035,24.939083827571714,-9.501582145090776,-2.237581137321248,42.603666444880936,-2.6689446011226687,0.0007232632551846881,10.727081845111716,-0.008865546079397286,-0.002369653639853661,20.29670758769628,5.093680705732297,-7.720911574227868,-17.74833122833837,5.844621037543874,-4.490295886937888,1.3462007964922253,-13.551417386244157,12.522264529349016,-4.682746813797755,-9.957496782861577,11.96610591515231,20.114904122459023,-0.0013167327678277544,102.24227702211458,12.91810392978378,0.000708644175589456,96.47025447509837,-4.680838682760707,3.834321924065676,0.0008941914354184217,1.106378277612807,9.033848663154071,-0.005306359746012239,-6.154970692923616,5.389741881079767,5.244164313523536,-3.591445255446655,-3.9952127386267446,0.5395532057368894,178.44140844725308,9.123334550344946,6.795707715376993
579,9.65,20.69952874285354,7.768306339472872,-7.584590717989196,24.109974234230187,-9.433433151433446,-2.4720946562622723,45.35541482992764,-2.5596810985172276,-0.003115821110372244,10.686230267083845,0.2619315534129762,0.0007041457234474389,20.975957637766857,4.13106597794045,-7.369380176068211,-16.44469889922905,6.3209120075635825,-5.0749462497262945,1.1954408234828295,-13.7158239453175,13.120270380406708,-4.76474782280654,-10.17599167954425,13.696374927574134,20.484464855810852,0.003536079394036096,99.42379241827379,13.04366087508906,-0.005372569311763951,99.25504563193475,-4.267928862144201,3.928013248370638,0.00331708062148687,0.5470075912870809,8.353439897632592,0.014337330192841885,-6.497558944837149,5.237695194381902,5.06880564398566,-3.194231225441305,-4.316837808528906,0.8570050404622821,177.86334795306553,9.242597199650199,6.770098766139891
580,9.666666666666666,22.275230106036858,7.516003475159679,-6.927862355078013,23.767927059626878,-9.364128157315097,-2.3858227866213797,48.874709061757144,-1.6711787877339823,0.0021369293525705813,11.141495354688384,0.6564854970475863,-0.00015660233477722974,21.711620026339684,4.7255782881539865,-8.248861711465453,-13.364777273806457,7.090877236848896,-6.943393858446643,1.0778040356910177,-13.63492883400562,12.669038988465376,-4.36157327142438,-10.36923835132587,15.140612533562802,21.009051418386083,-0.002977640832002011,96.0643573530271,12.987331751046629,-0.0071887621961896925,100.55390492356923,-5.163082271685822,4.77646575303941,-0.002579073201614293,1.0940472031034127,5.703399858129321,-0.01276574816490614,-6.860842243445119,5.255697936080268,4.942091777818523,-3.6492783357858194,-4.670526961892183,1.2455340759996347,177.59412885727474,9.550965851386236,7.012339973470014
581,9.683333333333334,24.604234983560282,7.730448798377511,-5.809276437544936,23.942392469607725,-9.279368307489083,-3.429603908067651,53.403241861426494,-1.0495377068236484,-0.004815174411265752,12.249666846993831,0.5130462299592965,0.0024053271746029723,24.127846191387825,6.505668005255979,-10.028889494745734,-9.916285344826196,7.264851320244481,-7.930832544672792,0.9154588355194768,-13.631572400304675,11.765323845299655,-3.5460834724797285,-10.115826651997937,14.711989759645173,21.96816975116482,-0.011143920332989265,97.18322367903072,12.774709387468976,0.0009602106320475687,100.90580746496505,-6.0569872684460355,6.277876932067709,0.0034207803641985,1.6849584928585999,4.266496389967569,-0.013483669467994522,-7.0250886194044915,5.629641438233781,4.774063617246556,-4.6458859948053775,-4.644514749706473,1.112570756650084,177.46428231313791,9.953134198741086,7.462857205465543
582,9.7,26.474309095042262,7.426909445536985,-5.397483881642054,24.11162403385108,-8.84058274437401,-4.324189016433194,57.276335518977604,-1.1377001565989175,0.005398340309156246,13.449473512955263,0.5709274555273023,-0.00143613547024722,23.985406396847615,5.002846579582723,-9.732391555980897,-6.877005506336413,7.426197505361371,-9.281855793650394,0.4806124105559127,-13.773147827723058,10.371535435699922,-2.8462162223826017,-9.81010997395439,13.54068208945872,22.52368434519762,0.011226380395128502,100.2279275252152,12.831220459222866,0.003472537765056902,98.73512627315843,-5.944887400242663,5.7060219650400406,-0.004058108502248519,0.7036937304460488,5.434022078016506,-0.006202417882007597,-7.268129125403719,5.6442808285966635,4.650514628827433,-4.319727894416798,-4.687560700715823,1.259690093506195,177.32190931023212,10.313370830518817,7.413792072394925
583,9.716666666666667,27.1332687060757,6.627259180015752,-5.2076027214689,23.77803662511282,-8.06523668592636,-4.069279746305084,60.02072749267043,-1.0687911826804126,0.001521318962775049,14.60519199913521,0.9793434715903717,-0.0016702134210764717,24.51546917507633,2.8564299137511875,-8.925857058863366,-3.1795698384002744,6.70638970984548,-11.137700851770543,0.31075763088013175,-13.714913541922433,9.309766688877316,-2.1275819802296136,-9.776886795469848,12.453846551514717,22.06620821186913,0.007973902591394447,103.21494737009323,12.21334904933599,-0.008534498085413978,95.66833112959162,-4.719535100211427,4.112153728562257,0.0010924562753819244,0.3633390042246411,6.557901860537866,0.009132526743052467,-7.526507552318437,5.0344216442829826,4.344786199205348,-3.0884264842950575,-5.062116325720769,1.6511567496688981,177.0865811495053,10.357232189571288,6.936305705881641
584,9.733333333333333,27.456068095825557,5.726905310795611,-3.5034404205199605,23.226775836548597,-6.832216091162793,-5.301325335491409,62.83702135407195,0.1727580080289457,-0.0057949576396687085,15.84559287031872,0.5330672682307765,0.001974018130383139,26.715473536096702,3.081386589063443,-10.355552895067383,-0.13531809376642298,5.411592560393218,-11.356859796529221,0.481566140672783,-13.664873361199295,9.131441758928759,-1.6255561799839817,-9.791976229176168,12.757304427191155,21.814185258321114,-0.007288612050295523,105.69672966385716,11.61438285138481,-0.0049877945199498785,95.92827966888441,-3.6159770213008517,4.530498785806944,0.009533329572467723,0.3218687488000465,5.633746169658887,-0.004817132082759158,-7.2920972096111605,4.132365967320197,3.650739531789806,-3.3247609889677765,-4.493350783195893,1.7458267875620896,177.15137029095388,10.075958922736806,6.259541917086044
585,9.75,28.445699124765827,4.1833813511953,-2.2379186025985764,23.171109033873147,-5.164778181773709,-7.213405730903425,66.53908450068018,1.472715237292707,0.00145146226960294,17.320408539628342,-0.41524312103068406,0.00150258410876311,26.31551336244597,3.6109422613227835,-11.413905160648168,1.6102749199783308,4.759928520996998,-10.353132692726877,0.1860288217671031,-13.880990263958392,9.378893817900826,-1.051021490011948,-9.73835472558687,14.417359221525077,22.133791953928352,0.0003090425977036361,104.86809962209213,11.96399465465531,-0.005663473669004407,99.3526357510383,-4.489363688892779,5.592631912220427,-0.004368178671362469,0.09360449101750419,6.556182618814206,0.009430083866803675,-6.868512170953784,3.1307584337902212,2.986367091826318,-4.217306445594082,-3.4414976329208327,1.7394489639436514,177.89844607195568,9.904732671372923,5.310983883727456
586,9.766666666666667,30.330137895948084,2.250704388644671,-2.7599289241906133,23.694661700904177,-3.707321727106736,-6.735980810683505,71.20316617279289,1.6726918715568677,0.001619059951301585,19.595026131555557,-0.7331140208767697,-0.004613416452286073,24.897240940575188,3.5400367611377885,-9.696602011744854,4.09621357504068,4.377850141795736,-10.494640089255828,-0.3480293005455147,-13.945664229214245,9.733551608774022,-0.05618941193341847,-9.825982203956023,15.282471663114281,22.00052798900378,0.0010308271757503526,103.08000389582965,12.313643981927736,0.007159175219467008,101.55908960148129,-5.17582440828107,5.581623962694847,-0.005910574394770059,1.3119137718821046,8.883643516982483,0.013024211318811256,-6.74608985572176,2.049150774671824,2.6116546130316696,-4.641728351494717,-3.317108516329427,2.2152276000967124,178.56290318369102,9.942158386604794,4.366056511795774
587,9.783333333333333,32.73241534610745,0.5015236671532886,-3.6082040869473535,24.703848148687655,-2.5825661245595017,-6.095236476712938,75.80543606200484,1.2456045475098383,0.002088830154426593,22.4427430127212,-0.9858254720513051,0.0008798289252773657,23.881456528359422,3.768437535531986,-7.375708337473077,6.915694858968941,4.480867321038797,-11.310647499085555,-0.4198308519230101,-13.559828825324873,9.475824494339328,0.7153569174813185,-10.00142530041835,14.712300963623107,21.47465084834137,0.004429215825399083,104.98938570309221,12.591660338918537,-0.004683445351195599,102.43255977052968,-4.074423421303588,5.477592181948997,-0.0058118671986371485,2.3522617250378786,7.640273489946797,-0.00511317199630964,-6.678711411763962,0.9225351765961813,2.243614782845223,-4.975014208191662,-3.2852883444223613,3.46938703569817,178.80667612339744,10.035220033436323,3.596289315661605
588,9.8,35.02183370458655,-0.5854634027679141,-3.8318723903591776,26.099051068711724,-1.818988417323068,-6.74198879640275,79.27208928163967,0.9108479648735864,-0.005680223917783652,25.33897430185974,-1.7500083355661131,0.004619295408459736,22.099704642754524,5.1960623142451725,-6.517949855380244,8.5345152472548,5.187959738904368,-11.559189251118541,-0.6197393622707956,-13.321448742854612,9.435663846784701,1.263623703556758,-10.042515517018776,14.50875322378728,21.297286049388706,0.0008789005843360583,104.6692675330769,12.855211970911423,-0.0017994909813753206,101.08257621797205,-4.089140191623938,5.618419073074696,-0.0019088397072658423,2.090508686218353,4.539024340567542,0.005068344216429508,-6.6903703171062325,0.3581440383096591,2.118802461361781,-4.5693789845439134,-3.3090690458438976,4.272169908715158,178.99787567716004,10.20805756619923,3.2449618097924784
589,9.816666666666666,37.20691228365537,-1.1222082287095112,-4.297157828222319,27.10010003723137,-1.4121983534001101,-6.473522684992563,82.27404106183204,0.4177533524440145,0.0037716237196289432,27.88394226362561,-2.2809139676444325,-0.0032449466539704683,19.472788859744195,5.768505803549115,-6.4009953300237425,10.025640681916325,5.373487548099906,-12.217916723204437,-1.3121078006345996,-13.613954299373086,10.541756456262375,1.6879038924599097,-10.207989740024392,16.337334649906005,21.382222645830357,0.0026412161361176263,101.40307735108301,13.561231989040095,0.014930346936586162,97.8992074270307,-5.12825713485463,5.250543928060069,0.0012140718234761605,1.4116446229140236,4.207162308514852,-0.010766605627242274,-6.894510206047638,0.35127777687155115,2.4385043261864183,-4.154312816345106,-3.7024592789226376,4.1180795866262105,179.04942544587254,10.402934922810333,3.2452431286542596
590,9.833333333333334,39.19882389020891,-1.928946710280161,-5.666672921273365,27.399417798704075,-0.8937729975321348,-6.108023961546375,84.87532197037933,-0.5479391541100719,0.007405893302819458,29.269742433040093,-2.7820734954000255,-0.000595528014511105,16.894315959503572,3.63945093609101,-6.11293123424943,11.136803376697511,5.883837333076105,-12.668502584483779,-1.9891416665465114,-13.6577920644137,11.18977756089799,1.8073020915947762,-10.77281151464226,17.797797110252688,21.735394194508714,-0.006578554462298896,102.85209483774831,16.149255175642995,-0.03620264896563663,98.95604251313534,-4.970060635589804,5.1014530193951835,0.0015930784099506125,1.1747864605599423,6.9906683444630975,0.005218354205503895,-6.880380147894498,0.0410764116149219,2.537336212909695,-4.377650516596303,-3.857141029490339,4.393006336739339,179.0387792480174,10.568002580287931,3.095850499241071
591,9.85,40.437489123495304,-2.3055618617181004,-6.513232345530011,27.256298991451494,-0.4623051481506204,-7.181394099416408,85.8733447531771,-1.5405728066405262,-0.006016866356890556,29.74516984062591,-3.7014546288556813,0.0005973003072643285,14.693955180894978,2.040331363368791,-5.711064271715236,11.087568872107374,6.252586039967425,-11.486310013701086,-2.3479960201089933,-13.29386152104282,11.809697275825805,2.37805999521856,-11.155825665597144,16.12099166204393,22.36819929628011,0.005941272988591383,103.61063821167635,18.826152366291225,0.012218810463133625,102.81979761792458,-5.5075861793432495,5.426058849356292,0.008771801146633394,1.7606293307250016,8.24600024787469,0.010160194239383493,-6.3660336866105975,-0.33696546590458404,2.607741000290361,-3.7274915645789304,-4.106155578461448,5.18684335257688,178.80687874871032,10.558861388038146,2.99457299963226
592,9.866666666666667,41.401914308950616,-1.9759006304357334,-6.607221331715718,26.73008615068374,-0.4299116253842515,-8.528318411933624,86.08040606262621,-2.302486539699029,0.0003854213442378574,30.339854044894295,-4.370425569357922,-0.0004231814308451963,12.561967275050206,3.033761503795346,-5.248862301219148,11.84968493280133,4.681092248469862,-9.960316978194633,-2.383950715179382,-13.30794026142715,13.220429717051196,3.382001823784302,-10.972956405450292,13.929768937012646,22.47894841167,-0.0013026619097976496,100.37881585343423,19.404534316307466,0.013411184327368163,103.47407725765387,-7.061772620441416,5.1309938146912515,0.010986145403059849,2.0444380517248946,6.286806212994846,0.004503772981659534,-5.6642557025921025,-0.3524787359763132,3.161608930345655,-2.5692973130832537,-4.6410309098600875,5.601426920580317,178.34736094420978,10.279985211920804,3.087284352192219
593,9.883333333333333,42.59350236276771,-1.845008442659047,-7.011351885743562,26.056966483205944,-0.5805604074782033,-8.951519103526726,86.45907474079917,-2.5815277315287086,0.002700205561547291,30.896040145258834,-5.02495520628778,-7.364571201867143e-05,11.80775740299276,4.0531032032077325,-5.457164886483222,13.485969107830407,5.023172558798233,-10.264252928697521,-2.5829021537853403,-13.464546364223269,13.03075683924932,3.696546068109987,-10.841054396392538,13.76624529403367,22.24463869038195,0.0006198628042127429,100.71236984350062,20.096175005160042,-0.015805099315047807,102.509420520426,-6.897014147206447,5.092727157145579,0.0030044208634803656,1.8766900823080768,6.882353103916121,-0.005720797940539435,-5.362547552939904,-0.18209650641961506,3.670037252285483,-2.156295504961122,-4.816571897476971,5.503447404496451,177.9770765228802,10.04976228476581,3.3756435026550826
594,9.9,43.59592523434498,-1.260719979616278,-7.364902593829927,25.423807315722026,-1.0482586895349737,-8.887694698286243,85.94104002657708,-2.64028300964259,-0.004368641958234083,30.892481843895244,-5.737436836093096,-0.0006185152160118422,12.409991740197713,4.044610321578263,-6.652710155759493,13.885491367393737,7.228445960736926,-11.833074091274455,-2.946378460515887,-13.339380397074187,12.440032347679555,3.7711891069133934,-11.073285701271658,14.023955740008198,22.39857937717995,-0.00035137501379668175,102.91381259708008,21.613075911740527,-0.005703961387274531,102.40520851536392,-6.429310549735973,6.144769043788759,-0.006039614616840601,1.0715573071479518,9.414904645186422,0.006933228757050433,-5.341226152280068,0.24634143231537578,4.190978331436693,-1.9430918068082685,-4.5044477647428485,5.059257430297888,177.2665690663775,9.969735728178604,4.085244469869512
595,9.916666666666666,44.15285573158083,-0.43707867643551873,-7.160143320300964,24.544260503487113,-1.5613263455747148,-9.223537515036911,84.20815379290919,-2.501882452082792,0.00011068893745202076,30.295063714730627,-5.790113183783719,0.00063533881938358,11.673310481016944,4.027439592700021,-6.752609876855326,13.246598070737802,6.245788289780647,-12.047825104819367,-2.895211155315838,-13.299751320824901,14.257811484647394,4.291916550041995,-11.109605833348581,13.196587505073374,22.33854173952307,-0.00035153576657455865,102.70277898295181,22.28397114347219,0.0010119064494994402,102.32271032280852,-7.397816897537363,6.739424540988994,-0.0017306844473093635,-1.144600301045124,9.208955662803655,0.016298155665928363,-5.033539773891776,0.6087659018540555,4.7091670433373265,-1.4466392070211032,-4.3026826593272505,4.8503556433053365,176.58319190539538,9.744839724707962,4.639569350483403
596,9.933333333333334,44.57381049465461,-0.7097849592027033,-6.959483893053478,23.478299177670635,-1.5301611045302852,-9.262317217965741,82.08295986840656,-1.474098020027755,0.006037601870303,29.30505600911561,-5.677752710947665,-0.001191567168990112,9.025118365413533,2.3234478601154684,-4.977415087663681,13.476349923446724,5.1218196115134464,-11.46745023120403,-2.921131375732412,-13.242537824900174,14.930159774251035,4.645692900412763,-10.655287932579384,12.152496603950771,21.9941238055852,-0.0016998762048394405,104.38374177722616,22.79152836377016,-0.008867210398448004,102.00123710372226,-7.669296335511391,6.715494578585372,0.005154612028392801,-3.188784696387038,8.511158005970007,-0.01475634309632023,-4.769439087975329,0.7069066802421875,4.487525919382615,-0.8889147377853105,-4.357796438053759,5.456850728156867,176.72590699159144,9.589265495918811,4.683086487253487
597,9.95,45.006688999225474,-1.3967975200916,-7.372655582192337,22.945414808370057,-1.2573382366055912,-8.76740944193391,79.48595736594137,-0.29533965381214694,-0.005265869266291411,28.560637467108936,-6.060210986676058,0.0011220224963538008,8.053570354374807,-1.0975839277024138,-4.217357769900625,13.974585161694286,7.097020787508966,-11.982676801993279,-3.3409231579866243,-13.113421468975906,12.655568293696579,4.58010921268627,-10.367178095760423,12.658050455228091,21.99264043490233,-0.007110885007275306,107.16730834763997,23.828539361253906,0.008260294764853569,99.90122358482209,-6.186933150639164,7.069840817944147,0.0028679447617791995,-3.6047802696260556,7.466244431278064,-0.0002891536221457261,-5.056095570446034,0.982390896082797,4.0213606753638365,-0.4254895397846937,-4.568713550712441,6.09033294155932,177.0210010214818,9.924537201582964,4.71990517397669
598,9.966666666666667,44.56283212960226,-2.152875259361118,-7.8621183457855865,22.70337257424762,-0.7340853868100788,-8.709843329389095,75.69404541556187,0.44882320305143253,-0.002367686978681525,28.498927385479185,-6.883951406758713,0.00017800176255140478,9.406397648016123,-1.324797520750366,-5.376970590558239,13.390580314867496,9.678330033069201,-12.888125718282387,-3.441104046374083,-13.516385456684109,12.081043862594479,4.314753871808718,-10.699963481517598,13.994973916126263,21.926604858549595,-0.0030131548344453076,106.05992518171195,24.90222682468437,0.0056027080821061245,96.80778868529039,-4.562156650441953,7.496787273452358,-0.006132425748241586,-2.9794440550163928,5.712623452969335,0.0054146616059887465,-5.1168104090828646,1.0341496983753125,3.6149256866594452,-0.3955339059003851,-4.747155827125389,5.7656729510636815,177.40716383816283,10.119576316205679,4.582601433089528
599,9.983333333333333,43.24050483659263,-3.335083504374899,-8.176656133467095,21.818848635335733,0.06986850194435944,-7.868896525538617,71.16617966180574,1.2645969163884534,0.009919540734138997,28.42901312621524,-7.228320101530437,-0.004909010659408834,9.107531150134587,1.5727240811134435,-6.665792356374523,13.068429840124189,10.51593554054667,-13.873050061015741,-3.1460300581891105,-14.162592040897435,13.924224504944085,4.058974669410196,-10.882722901612341,13.994909442428721,21.390883421773278,0.006467098955909685,104.44305108500268,25.4571505992623,-0.007637132000519567,95.60931931100623,-4.546144065025815,7.917885311751265,-0.0058127053515258,-2.5147817028314985,5.461035889376433,0.003741903678413567,-4.507975114398317,0.7376457035635606,2.7606957490110884,-1.0097464882962623,-4.209905042842732,5.292646297701251,178.39808972592516,9.709833261721123,4.215439101182348
600,10.0,42.82572520545147,-3.8529151289146,-8.667237020412289,20.658940611651488,0.34204279766288553,-5.63437816621446,67.23387690481732,1.507474649033766,-0.0036659596488100533,27.380492897134015,-5.945583676155254,0.0058459544493128365,6.432923161011546,3.790839335563712,-6.4392671872169025,12.901240545791,7.721534811318267,-15.334986036667656,-3.0697190665269765,-14.206322039263139,14.231345910693173,3.9680875733763803,-10.737905492604455,14.20541956683411,20.803691873086805,-0.0008842979083557455,103.73996062243094,25.222168197575733,0.0007548565517633075,95.3966406995307,-5.89230664648502,7.46034398158481,0.007506060334619979,-2.6299674910429314,4.647350490242348,0.0015246291361227455,-4.329337390953247,0.8204751000263153,2.3224646825136603,-1.6089641558343695,-3.710995851043078,5.603488187214922,178.7466322693068,9.549665911337884,4.172632661334549
601,10.016666666666667,43.26336503025286,-4.054291360791167,-9.23066709703612,20.202054429482484,0.5763708407663223,-4.9186047243961,63.73695458616729,0.7726081009292897,-0.010030261704687437,26.876053494064813,-4.984366589734907,0.005470138560194227,2.947558674801096,6.170887310681053,-4.664205196251808,12.641131800146793,5.3449410152798125,-15.66554253540353,-3.0627513482823225,-13.87290174268001,13.218028219143356,3.759755334854779,-10.897684863607806,15.09286445672889,20.70488211745114,-0.0058464114097467115,101.70885888689881,25.031421632007376,0.0013099446224736871,95.74724303286537,-6.785388321722883,6.474734109426598,0.0027180788929506896,-2.601341864130284,3.246109937228282,-0.0035708771942799555,-4.595606176966926,0.5844284464000779,2.343605787482637,-1.8231789110551029,-4.072294846782877,6.163136474386089,178.11880766770255,9.754966530848606,3.892659368751072
602,10.033333333333333,42.75284658961341,-4.707486375840277,-9.932945347186791,20.232197168048085,1.2187719631694487,-6.347471242556313,59.17071311151076,0.4100752236181244,0.012826087764248248,28.133640806204557,-6.093061612622114,0.006902869554402231,-0.9670513580787767,8.492255000246663,-3.893640945944962,13.530790218372386,7.265107016085995,-14.46371996611257,-2.7769537950658028,-13.663259652125971,13.288875269758105,3.461564534498529,-10.97051033479358,14.144505044257466,20.707669038627788,-0.0005713835643537685,101.96064957641191,25.092373409606346,-0.00302121482660823,96.91799275393626,-6.826191523817452,6.837797492634917,0.00011404279207911602,-2.32110571852171,4.1071452851621535,0.0015093447768880352,-4.569337365396251,-0.09348207224264511,1.7687414310702654,-1.7574262187588532,-4.321553340914134,6.096240344662045,177.9688646304926,9.796988968818571,3.2748211285134206
603,10.05,41.55776625489014,-4.406950235117499,-10.922812979412889,20.004338938161673,1.029855789380173,-7.049305497352353,53.384217949035275,0.663419143186999,0.002093559004548701,28.466882637501758,-6.3905627588358245,0.0003847276403851218,-5.111796180520876,8.088399022092908,-4.743180562528962,13.23430170433914,6.693050979961177,-13.37800206078315,-2.7219892392368457,-13.734175589023657,13.296809268847367,3.533781702264272,-10.744234506510603,13.282465764643943,20.336168679137455,0.0005247592937918376,104.35548165551788,24.681028524951653,0.003176391672435222,98.24587318036832,-7.173938764763333,7.3555387401701395,-0.00010826068040463436,-1.531142529242874,5.379296067408179,0.0025767560963708934,-4.788263861969441,0.34034060773799685,1.615690345406679,-1.4296569710663505,-4.406115796821923,5.728110708551172,177.95517506206596,10.001231013575508,3.4731245554453007
604,10.066666666666666,40.439777875532855,-3.252839266177294,-11.98833121741131,19.510261270060745,0.3683341021040163,-6.531091649901313,47.275377539074846,0.5077457123213223,-0.00774867495016262,27.13698189417708,-4.990112032039947,0.003436751864977079,-8.876844608556672,5.753953169889283,-4.705131629799669,12.194864234202006,3.0146781248902457,-12.931149241572573,-2.826769233188759,-14.161603241091196,12.551688046834904,3.61346057181225,-10.728748101551313,14.317630940529057,20.157436224523337,-0.003648285228769654,103.74975356430238,24.302823490995795,0.0026378901087172535,98.955098037736,-7.410228949357821,7.4526274647196615,-0.00022555981188158265,0.16843236836424677,4.825156971353052,-0.006881966390297488,-5.170763898407028,1.2964886525010104,2.327673734350949,-1.6831720256708886,-4.78156368928923,5.983962026230257,177.2796333596001,10.321900959609593,4.022050189627857
605,10.083333333333334,38.870984686271484,-3.037006430903477,-12.568122515823902,18.912671822146873,0.8036626909478747,-6.563049460828003,41.18748890990598,0.10697623027267568,0.005216381625953818,26.644515719900205,-4.573407688364174,-0.0031868185596000405,-11.120699827592386,4.307141321128932,-4.134497097117237,13.203489720918274,3.438753399618015,-12.242789558825006,-2.767969276621664,-14.540015040058648,12.767693596181697,3.395990024615974,-10.746142830184521,14.610244183995116,20.461318018497295,-0.004866419253572409,101.48507645796946,24.04528733440382,-0.002597902624232598,98.34834358248159,-6.9803666089120435,8.19419295148891,-0.0006395545828959914,1.0302432291118122,3.8152847627352,-0.00012973598680045877,-5.131842673975911,0.9243543773923887,2.5942635325030023,-2.3557962795708414,-4.886821745434451,6.202943455646911,176.99256016060235,10.255481869538528,3.5362865936070262
606,10.1,37.33436524211128,-3.659066026485469,-12.577240684240875,18.571230759422434,1.8788408836570984,-7.1883466087508445,35.60191446177607,-0.04171486529981748,-0.003212670972353988,27.56759795621432,-5.038482729676603,0.001067799719414863,-13.969461129014034,5.367037581049146,-4.588518938930657,14.4108373136773,3.821060685684,-11.083472481221168,-3.0283308624089242,-14.544545815987568,13.523796554172812,3.278791813362473,-10.622593842605943,13.690450490921267,20.993359232669714,-0.0030348705871645247,101.04373507299987,23.310183955832493,-0.0017605928876943304,98.36463856786169,-7.185450380949248,8.71233671110846,-0.0006575314200179181,0.5779797807214374,3.9141919833077203,0.005256658060897571,-5.119921577920286,-0.10083692025576725,2.4747158716915942,-2.3394443949330315,-4.663067827556976,5.713041665785276,177.30115719693666,10.151206352564564,2.5160443893799433
607,10.116666666666667,36.08677684007309,-3.7615118780575276,-12.885222588245727,18.610274081314046,2.360301220283996,-7.106776103282355,30.416560595644842,0.0732991942719054,0.003868492987927285,28.95077813937373,-4.956443690561743,-0.0005044048934483217,-17.916849573927475,8.40434000492543,-5.43426398297859,15.331558180875021,1.4059556334586583,-11.627873234889302,-3.4097378801498786,-14.497759321658382,12.909713846755924,3.0352306875967714,-10.668999400376057,13.436027351566056,21.604061315941454,0.0016139841698020582,101.72057499859679,23.111135258435077,0.003780148820644626,98.17353736050367,-7.825595327782015,8.337264958052595,0.0004769035776140871,-0.1907731745754951,5.072296394995958,-0.0005110830618564393,-5.092595493481681,-0.31704367260270494,2.4556762943855284,-2.4547599575852592,-4.394038297626352,5.568075503024422,177.10293842542086,10.200739204165693,2.111530422698811
608,10.133333333333333,34.66958586709478,-3.5197972793977303,-13.566920471300676,18.680426763294683,2.5905817826601445,-6.573205621191159,25.56937816617577,0.2093471469095666,-0.0014927214575886079,30.59321988152645,-4.651962015722665,0.0015970260206151579,-19.42431808994232,10.056643090437984,-5.381919906426384,16.821395888980277,2.040559571651535,-13.86741953387441,-3.2809601322107578,-14.56986233422869,11.456071087467224,2.4357473790732276,-10.862826767841385,14.087411712420556,21.922859744873595,-0.00021154427373760448,102.24398239763526,23.677057580739714,0.002803863169146744,95.3882199387496,-8.113284835426402,6.889596083627962,-0.0018756307008094824,-1.5067306069075936,6.641649022752442,-0.01550924613658137,-4.788788812882771,-0.41363808905977606,2.2399408582412397,-3.219439279502879,-4.309358163089854,5.92944077900075,176.73342543183244,10.106633203886878,1.8370850293650822
609,10.15,33.925627442398174,-3.7821734182850753,-13.339844173816232,19.27384505358229,3.1075708427113025,-6.594055295741194,22.157522447103148,0.47518243048786296,-0.002698237814402589,32.546923059315546,-4.372473054699589,3.309806121449093e-05,-18.557427635865203,8.46134789760271,-4.984621002399285,18.37996203978087,3.4363854625657595,-14.2140450520326,-2.9161485915267935,-14.45194039175227,10.724576205695925,2.021153864366647,-11.068107750525266,14.581522078917033,21.838848997467426,0.00032768649029435117,101.74589194755764,23.792656740580416,-0.004859659638417223,94.6610407621662,-8.77080303317514,5.233643329592226,-0.005819756079615959,-1.6646578816917903,8.905123176297659,0.016434420339984147,-5.011859343959758,-1.1170452551555736,1.9865577499775389,-3.617825445640784,-4.415273586344788,6.086854562442835,176.9971579392366,10.34530733383112,1.1395011713981624
610,10.166666666666666,33.66128376900455,-3.9954544626366593,-12.316527513789953,19.872231704188465,3.3971460038654855,-6.706124747815891,19.91449209161472,1.10875802529146,0.005803710213392253,33.838410325165725,-3.738867972291846,4.4453746189803736e-05,-17.814146331676547,6.521346419801049,-5.334525921335208,20.481033850491453,1.3101805067424286,-13.012110351274696,-2.6950778080206006,-14.1164148424386,10.755825887331145,1.8876473154564997,-11.137970207031014,14.246855684828573,21.859295522892097,-0.005096133865409428,102.28409778722009,23.274783359104838,0.005027914195945871,97.66697305941938,-8.91028787585125,6.129318024624479,0.009511535705887295,-0.04834531309742818,10.845482353407737,0.00856331164677305,-5.706532166605579,-1.6092752224819729,2.1020793973620027,-3.4561079775630836,-4.156214132753503,6.032817734277154,177.0692135981578,10.849384794225603,0.6237029004539544
611,10.183333333333334,32.79598201623041,-3.820317823547179,-11.874039780535506,19.526564489984356,3.5669142354686563,-6.537929037613225,17.54578860194367,1.2617846836391264,-0.003468008457312288,34.45269888972101,-3.084159773320085,-0.001738243374312883,-17.853235549434213,6.170095992799819,-5.096835217905393,22.1780037105047,-0.41904928395612284,-12.792394694543693,-2.368954329950107,-14.132212115386343,11.281659835119948,1.6913355294746462,-11.137489083549026,14.136520406290678,21.968446109301965,-0.008414418221046056,104.07644658718345,22.666025098622764,-0.005306064983300422,97.4626019619055,-8.059347588183035,8.04039990916467,0.0147237127449863,0.5527539444782139,9.961506068745926,-0.004967106437864292,-5.868586895655453,-1.778265442949503,2.454831222280005,-3.173933697656604,-4.189870817308372,5.9095474891557584,176.4831457913974,10.887587776494371,0.24925517159250563
612,10.2,31.663249506556244,-3.973193462241576,-12.009941502479247,19.44301690634318,4.294672931619618,-6.490428449257964,14.875474977648613,0.7590831838931997,-0.0018715216646443612,36.043762760227,-3.100769222785411,0.001918417802314264,-18.283856162386023,6.491871225354586,-4.303703497772811,22.0387842508976,-0.05546361561162054,-12.617270232058875,-2.101767855746687,-14.43466552474182,11.009019957006153,1.4244437406851465,-11.252708166484412,14.85799903504249,22.12038418040063,-0.0003177584185752657,103.23898068957305,22.24046323268263,0.00022809861780335495,93.35729517696042,-7.212136767813851,7.36317721462554,-0.004732088894597335,0.007614689739445451,7.71312612850484,0.0013752947858470604,-5.74331747018504,-2.2634631160796257,2.546610432335394,-3.1106600674018154,-4.9727493823003455,6.12183543103023,176.31837590948297,10.811156671175526,-0.48765717252731106
613,10.216666666666667,30.278005109041167,-4.468355041606984,-12.032872419484573,20.062032710700617,5.143750129567176,-6.9529255398005505,12.449911566654174,0.691115377179959,0.003634714848941103,38.82647558662993,-3.584695147466274,-0.0004930357603117603,-18.950363147429123,7.171585743393826,-5.149884651212179,21.766707747798684,-1.3273993525220211,-11.284569656457853,-2.2375613415788904,-14.431688360218633,9.395535664987909,1.059299523920274,-11.266895999619226,15.592068512747767,22.47510789994977,0.0020354698227015586,102.83754408319423,21.808267191964347,0.0067306422750631045,92.48276861088985,-5.320173178880146,6.293210232075303,0.003623667706063709,-0.25354574336817876,7.907547892482319,0.0009240525669239105,-5.860975283724143,-2.863554094082354,2.303108811977508,-3.340934711682128,-5.247153888997571,6.750088050289329,176.79402060283573,10.759323082018579,-1.3092707956263858
614,10.233333333333333,28.812522687456692,-4.990163766261311,-11.32457655011369,20.50555481702731,5.794239445096264,-8.048060222467713,10.840938259849711,1.2810652614174065,-0.0008792468005713231,41.49638414534036,-4.180149412141198,-0.003477988910769589,-19.728439962152244,6.7982300521638415,-6.27112324474178,23.611329390111433,-2.837673011525807,-10.80479698141884,-2.2412406064829886,-14.306635747577346,9.054700446921434,0.4200070374865025,-11.138780482566203,15.751287999176437,22.481787040490058,0.0021701839820789048,104.64816124360483,21.49191060056033,0.0007577497668654054,96.5826489761331,-3.355232721859847,6.981491443334252,0.001429842193884373,-0.6074030294170071,10.542478419978526,-0.0034575444654192625,-6.0586229865788965,-3.362531289520437,2.254518090248275,-3.439801986458952,-5.112235849840008,7.109915379272776,177.01261237053177,10.552755948643075,-2.0206550182923073
615,10.25,28.33468358683093,-5.851526656315393,-10.758489644245849,21.33268308056549,6.838284184027762,-8.687993241758887,10.14293139215461,1.808765022562134,-0.0003292665648514008,43.917016426301316,-4.894176425312016,0.003765221819827157,-20.396446075204143,4.7047778282905925,-5.448540508386218,26.235584826495693,-2.265373738045753,-12.057868513644808,-2.006776444123674,-14.414095543391358,10.521939492039884,0.040855412985560495,-11.007777734030244,15.007814450954093,22.15927996070082,-0.00014705550634931753,104.78144300021184,20.935985438482767,-0.0008442068545021091,99.78873163833482,-3.401951252655145,6.934679397017678,-0.0017884340179139468,-1.345590790117538,10.732482831286882,5.893761835466547e-05,-6.506601036220001,-3.9661514853421402,2.191438554426983,-2.9868633847306274,-5.459734927418914,7.333988392040618,177.27181896414248,10.785234928379117,-2.822035682109997
616,10.266666666666667,28.465492726995574,-6.997132304271356,-10.920055811353597,22.84791369816889,8.06555985975719,-8.294795748731323,9.906042215361714,1.938106340506213,0.0013892133773896968,46.59693214853971,-5.10833085589196,-0.001695842270951395,-21.048478663780088,4.135363423741784,-4.22442228068766,25.633415606384172,-3.1259219482342115,-12.675901402823882,-2.1921242612049583,-14.426406862286102,10.849987323948797,0.15498515953249548,-11.017533321325274,15.008451517052361,22.178708440432384,0.003140365456609082,105.74261033507796,20.153192458528757,-0.0054084752825347485,97.70664381141421,-3.7583855670681507,5.386914687500603,0.0019925269360958494,-1.804365950219586,8.450191116875933,-0.01035585073721227,-7.470177356128323,-4.63464926959369,1.7197597921206897,-2.158687250039658,-5.9704904018600065,7.581201661351669,178.17742812385362,11.515396994097273,-3.763716613410345
617,10.283333333333333,27.972982933986103,-7.778147781055022,-9.526426319302093,23.652731475010228,8.810208342676264,-7.981566699853987,10.149772821467357,2.2555713427625697,-0.0006229422287355481,48.96356800582765,-4.841553483982347,-0.0024971132698451866,-20.066827567294382,5.198819315553549,-4.462582190714311,22.91166213431663,-4.867381886808544,-12.436301513137334,-2.6421438425659693,-13.998658985812458,9.440186912164682,0.10849421411513555,-11.112873071746323,16.109301297215232,22.61745693445292,-0.0042865164901229194,109.11321726298719,20.44516330262162,-0.001214134592337839,95.40621106387457,-3.9347451879899826,5.417705286983653,-0.0065515997153487715,-1.1488881743924784,11.294816647800566,0.014683846923706586,-8.226017462464833,-5.032034563429098,1.507432650397595,-1.7675263028171988,-6.213831219432667,7.4219377420735135,178.89238140686007,11.919019296569992,-4.546786531209651
618,10.3,27.081048872006907,-7.946020524544993,-7.910582311975109,23.93147478697444,9.260089975747286,-7.960844607158839,11.248183328776028,2.7595034949642683,-0.0007353154316814496,51.26350640214135,-5.190971595493821,0.0015668608643456627,-16.064348278760654,4.329205199356885,-4.31140552761603,23.461351295762405,-4.111983948644404,-13.20298943431393,-2.451266790578509,-13.65355862788947,9.105192953302065,0.35368095368511515,-10.982770738061546,16.211120222074314,22.9789574408683,-0.004660643072767263,110.48246373732282,19.634370447386797,-0.008139303726414894,96.74621713940856,-4.529890042936413,7.189135008334961,-0.00537168338930157,-0.719503044191565,14.845416825579973,0.010489397082749381,-8.181229301572108,-4.962773929922214,1.5368110377709598,-2.265165087941987,-6.26825525357093,7.423993939097595,178.9692964039796,11.882970364233419,-4.800870907332405
619,10.316666666666666,26.64174737116457,-7.55805968361781,-9.037135402942415,25.745356371824897,9.64560274695712,-7.401407739556098,12.304011958606853,2.4095279619478633,0.0002930960100762937,55.02624288553379,-6.079788047685552,0.004524938788957359,-11.52257893564417,2.8161558078445945,-2.6268796034372106,25.620503302351413,-2.1117388217545168,-15.077238255689169,-2.012497779008949,-13.64138318754015,9.245125225231106,0.7240088147734608,-10.865388429921257,16.125512337850544,23.042120578086053,0.0015363717026903093,109.77417687947784,16.555316898787392,-0.034251647481915996,96.60493066708216,-4.4133833340220034,7.09505813186201,-0.00043393587941463723,-2.2024645433600516,10.099208210194787,0.04840832825553048,-8.329972061459246,-4.552478478555085,1.3321842222797016,-3.1359623814399664,-6.3588723197977295,7.3912479489719995,179.27244875790035,12.240124735538442,-4.621623467873523
620,10.333333333333334,26.362324319987643,-6.170067580685772,-10.163050476416519,28.344955736937525,9.000794213365472,-6.401944207588146,12.973977068251646,1.4907038336114002,-0.0006287010167620665,60.182038496652346,-6.54718294932274,-0.00489498990605607,-8.287087458893984,3.288473791894165,-2.7076409577954803,23.56542720976502,-0.4285603982692398,-15.947192844633394,-1.9193951201550288,-13.396837978624049,8.760299789056676,0.03395163090060479,-10.996185120101122,15.953602885439008,22.6166764099877,-0.005698110174807417,108.55697963887782,15.347306605499137,0.010293886170929082,95.27981852038548,-4.290883232882484,5.355187601300973,0.002475885672733169,-3.068892855430901,5.206697866872493,-0.020617364601042465,-8.826107406640206,-3.645283813792409,1.3266770185919026,-3.6442309326177327,-6.216328009214835,7.000569282646098,179.74211288823705,12.600822556881702,-3.774384315584191
621,10.35,26.015587817573753,-4.157477130309075,-9.766899052884023,29.6044516504463,7.066652066381075,-5.821560377797476,14.609620423653999,1.2697571486233161,-0.0011316792008511031,64.61906216452334,-6.54030941973971,-0.0015462025517355025,-5.832732383834409,3.4907812654099692,-4.776460636198166,19.07769685877157,0.5713244675359113,-15.171424613848858,-1.7236086289658352,-12.916936567696716,9.992840771614866,-0.9557076817989165,-11.192002275486384,14.211147831363807,21.79789542483643,-0.004529545019285235,105.99579319109432,16.20976321397735,-0.0018430659566610482,95.90071100651136,-5.025795554367318,4.60641479209138,-0.0010662096110351353,-2.181388983440401,5.622643624705186,0.004511262172620221,-8.829347853014708,-2.4100333326284193,1.4775224425795908,-3.7145538619490654,-5.567148829024381,7.427292666363136,179.58021767017183,12.191224987255698,-2.277050748621659
622,10.366666666666667,26.061762459282313,-3.153579977112414,-9.37768510293391,30.606544865314444,5.783213884448027,-5.764046264360379,16.816357225549343,1.6619680787796363,-4.954924530271722e-05,68.07639715386766,-6.493184927177959,0.006471484172965912,-3.333674358857317,2.200616518804226,-6.079263040226086,17.5379437635036,1.7051625270963051,-14.976169806179378,-1.7458005328727273,-12.471293108726014,10.827775701526194,-1.510573873366904,-11.41260986858806,12.873767767927141,21.943137436143257,-0.005000916589448233,105.99889301639624,16.44310635550969,-0.001425483196328607,95.08032414066336,-5.517828967070035,4.744321262312211,0.0005329920111304282,-1.834020937759708,5.176814454516601,0.007118367058456675,-8.800830048210674,-1.647593105865117,1.3094839249752726,-3.7459679209711028,-4.976209642476262,7.976769892963235,179.2997289822864,11.896423674878324,-1.3838755322606682
623,10.383333333333333,26.21263654260712,-2.613240927674804,-9.125062216531829,32.98837148039753,4.965447450567435,-5.960919154062269,18.350898651330755,1.7120838090316262,-0.0003119624105059521,72.73616617238598,-6.361459854518473,-0.010277530966461742,-0.5578516286493866,1.3715745765621934,-6.019139896446381,18.727060206352117,2.567944677050202,-15.275683380881535,-1.9203379209954452,-12.082939587883274,9.872915776679603,-1.7814814528144245,-11.501149157872733,13.41299571593949,22.81807422015512,-0.004487169160008518,109.42559811580452,16.28440929649208,0.005186546522265158,91.13339218293228,-5.738311543659238,5.467506391785371,-0.00035588963959279205,-1.9682968101601899,3.9638768924325034,-0.009725033649898965,-8.969745661919449,-0.9335901595476938,1.2740235927792183,-3.8136340975356537,-4.856467090519785,7.770932322037315,179.1704208235089,12.1293114612142,-0.8600059321865751
624,10.4,26.43233032126334,-0.8833552023084985,-9.738761327259187,35.92982761793166,2.8544139605203207,-6.864910195615828,19.782059493424335,1.015980825747675,0.0014034527330113312,78.23586557431207,-6.652195376571678,0.00226934779132236,1.0250160989082215,1.6587627806314877,-4.783914874672239,19.531913224857853,0.8526159547005414,-14.791698143823744,-1.5574523827570916,-11.967120116488418,9.710981286500935,-1.8315854519529238,-11.264463211504317,13.881901961988392,22.951675283097753,0.002591391015856588,109.15795803050962,16.463031386344948,-0.012895714941107516,88.83749536046405,-6.231055099620925,6.32344213931356,-0.0007625386770494883,-1.0473608094326512,5.427136525678278,0.0051596456538622396,-8.922257529261394,0.6746122958086728,1.9907274195097977,-3.638878773111292,-5.066464330752449,7.7207332494946765,178.55412663064513,12.31034301861522,0.5581743655979765
625,10.416666666666666,26.43323088168606,0.6392876573652764,-11.015782526235375,37.60907099584148,1.2712631213083825,-7.874822934778111,21.464593484282403,0.16113449114422657,0.0005230536071747118,82.36644633337535,-7.730450966381148,0.008631751989331431,1.645484809490263,2.2117889415949175,-3.436820483592091,18.698643502680742,-1.1658663206925608,-14.861328859225894,-1.0655990022061237,-12.31740696124803,9.930843730558546,-1.8951477571939332,-10.830150668590871,13.649733125531265,22.82256644801061,0.003870975166179276,105.99881122950845,16.649967111308246,-0.004608218875813511,91.72272746215415,-6.346093453016062,5.906313877126477,-0.0004397317400568924,1.0241874282293961,7.144034781453187,-0.0027414971144301098,-8.3931343753623,2.1585710524081536,2.872569629178011,-3.1927580519828296,-5.172154035696118,7.288584853633194,177.9777439399217,11.954424184102852,1.7876504691384296
626,10.433333333333334,25.644154741277905,1.0504234192940927,-11.357351282686299,37.878716587555374,0.9659580985583164,-7.822847180824468,22.88036568129754,-0.018275873151834415,-0.0011475668586738875,85.1405776899101,-8.340236024856488,-0.009582899423047615,2.616036927670901,2.260294999291953,-2.8614984989789707,17.31088621210568,-0.21640449532316558,-15.630844886272628,-0.572673439524822,-12.835930749786025,10.775626192570478,-1.6484498826153289,-10.417975412743733,13.651964585945432,22.78467243407014,-0.001728858499976639,104.64711317179685,16.1094968360128,0.0068568280339109805,94.72320201546177,-5.907267995648412,4.951415033940317,0.00020462270330360823,1.8618543250267485,6.768645225668635,0.0012201748531933411,-7.392231498210759,2.765116317987424,3.2919489781548497,-2.791237486508653,-4.879976174889869,6.544576082723696,177.75210339903472,11.053950629764605,2.167449506004209
627,10.45,25.193382186769036,1.835991261982073,-10.480927568400677,38.48051427611883,0.0035803102738167876,-7.486521155392028,24.126849962651324,0.21617669021888167,-0.0003378177314366494,87.60978508221018,-8.423941840738776,0.0020419115983864276,3.5879949666400277,2.683767947179625,-3.511759443360145,16.06700739058051,2.582421637223861,-15.480461271781703,0.1866084146430359,-13.120968163653096,12.367780706687963,-1.8601928750197685,-10.14207295530146,13.420644243668923,22.50179609721191,-0.0025804814202555816,101.60453502807447,16.431338369061205,-0.018757675716393783,94.8419331079819,-5.187894988347204,4.644689047383199,-0.001231457799676836,0.7956387858972164,7.159485682802038,0.006736191877245734,-6.671188464732919,3.3196041042852062,3.770965278619592,-2.7432155320729543,-4.724985060917052,7.03570418013944,177.1574497796034,10.462684923644058,2.6906416934724318
628,10.466666666666667,25.483186179992543,2.3749236662927777,-9.36181419473419,39.89711298608937,-0.5695403380628523,-7.72565116952549,25.676907861033143,-0.001341323192455499,0.00024346315938136227,89.52259333769936,-8.5568166691508,0.004877396125067537,5.18234191595283,3.0841371694420747,-5.131450008530412,13.492546657217423,4.603467516785927,-14.636972201955256,0.9161744038619023,-13.225022355412014,12.622235532792773,-3.1555981594130813,-10.079820134273563,13.58662895866341,22.499836886000654,0.007334059227556114,98.46419789041778,18.529047910341607,-0.015875631745725146,94.20780170743879,-4.091139835389846,4.93631834911938,-0.0003602843314009516,1.03386174417596,9.416939383288716,0.011741622384480963,-6.411190108958872,3.2918390941658875,4.380925675457867,-2.936824089322837,-4.665557615054421,7.849445555887018,176.49558937574372,10.360996443009626,2.623215162169275
629,10.483333333333333,25.72820528017232,2.1354399115341223,-9.07761666936175,41.19803045063216,-0.3533091931585044,-7.517635650994914,27.37711303687988,-0.7442214631674262,0.000773178404835617,90.29426372361988,-7.725979523571252,-0.002405114153688342,7.248068531251362,1.9482699541868806,-5.530877696516281,10.832591184157875,4.770968116727903,-14.262448991957218,1.2428582923509528,-13.070599360579983,11.220883449147484,-3.7903758824502978,-10.110217807449656,15.084907962366588,23.190478340733474,-0.015058040683568441,101.17132904726765,19.625761641212883,-0.007214907846549969,92.19345145551533,-3.5837639236183083,5.64077486694828,0.0018179042143399995,2.5642652117066906,10.560408806854436,-0.002787290962914351,-6.233312068151052,2.620979343679409,4.672279855541631,-2.838495039437845,-4.00868405814959,8.032940590547877,176.06631803041637,10.311355355137271,1.8869575971673471
630,10.5,25.536237453762407,2.7417453009224553,-8.70512991406995,42.21063173789503,-1.1513390637329666,-6.73307872776082,28.25354221218495,-1.1523663848464767,0.0001938739634557078,90.5208300789751,-6.7181937291991245,0.0014255619939474516,7.918425664883038,1.5834740404132217,-5.183165098752781,10.276637055499268,4.571253512072142,-13.924711678118731,1.1014013923564154,-12.677301947440895,9.487108294616863,-3.4552720778182953,-9.823210362395653,15.83959454321081,24.159441538062886,0.010668066860139167,103.41711284281067,19.050540397709135,0.01242173573934849,92.55812520322425,-3.8599255224281914,5.955303325567825,0.0003928184592393988,3.489283569424704,9.10942552189121,0.0019269400587249319,-6.1136482254092925,2.85676777915804,4.861698609981386,-2.407739960568662,-3.2250237515207263,8.22694477394525,175.61997102233582,10.214994985826284,2.1468914964979215
631,10.516666666666667,24.680049431567333,3.4495139435682973,-7.309563451351949,42.98178735468251,-1.8087654344913553,-6.421155344937196,28.11738327634368,-0.6618454184744746,0.0010460690686340181,90.11397612046403,-6.9267274439007664,-0.0023463678695334394,7.6297722526181,2.496180302839167,-6.281556908520621,10.063123778655154,4.40628025302253,-13.108806564516698,1.2008275996412034,-12.693233786724242,9.449125426655598,-3.6527369038696285,-9.463728288364779,15.431196540921416,24.41510680846359,0.0055459968223163375,100.82212905823653,19.079455043741856,-0.0006219462536933282,97.74991484779817,-3.985202480259936,5.620627788436,-0.0051204090460700335,4.759535708291386,6.696233355458607,-0.0036701044897617823,-5.743694175297463,3.4301542948348756,5.019520398254836,-2.1633893255744137,-3.3072721521762465,7.932159607070269,175.59391467520751,9.855102948951993,2.694125452145311
632,10.533333333333333,23.529515969071976,2.925735466617665,-6.404406995235218,43.30945934588181,-1.1495414696862971,-6.222971482876875,27.857273380699525,0.09100643990904729,-0.002498554550385387,88.28205017559603,-7.0070669538807,0.0005819349317910018,8.057706665325888,2.188969892031163,-7.6987088211611585,9.648520914616988,3.983799184248378,-12.91233665546878,1.5775040937388258,-12.907063725175794,10.658652441820987,-3.8039003005593144,-9.196120832646699,15.82433389126815,23.87963211786108,0.002301106433689247,99.92457374656975,19.451302138977233,-0.002045327936491981,100.07074082265251,-5.060624537965661,4.786515431548746,0.006473729890202878,6.401212031704682,6.367879121990094,0.00859679022961145,-5.1513867314038855,3.2850193832792924,4.990631151366573,-2.131126748511667,-4.099177012261486,7.255546634874638,176.12197067818943,9.384286699279414,2.242317513136433
633,10.55,22.420256551526577,2.217854717642397,-6.338006604355867,43.48072511379074,-0.7289659281977067,-5.839210884882005,27.516027127673134,0.41067516655536634,0.0013822338016827285,85.83619889482543,-6.179479465066608,0.005154962187640425,8.582746333736134,1.5648202583376458,-7.949051975412535,9.798482621349939,4.30391721121975,-13.906290024207392,1.1476043100184088,-12.614815173502588,10.629081143202441,-2.7679865080561474,-8.604809979529312,16.228220931650288,23.889421595575303,0.0014641971359698738,101.18026856937658,17.714831786671027,0.0056055213431524175,98.16360893687138,-6.404466986979858,4.086191823145505,0.004692902779958004,7.496706868872214,7.156702609672308,-0.003941642826698571,-4.843174306736044,2.913313878751502,5.112310669863913,-1.9285133623859276,-4.370135130887746,7.087198166727708,176.5851592648896,9.078967322978707,1.5751194036066423
634,10.566666666666666,21.138386402141574,1.8483172566535482,-6.750347731536164,43.78026599348457,-0.7107046982971712,-5.952398730718726,26.536412132616217,0.0841501417885095,0.002401785788031632,83.00580313712673,-5.629069789204177,-0.003349781048302366,8.105404785992889,1.5314574764795628,-6.876420104693615,8.477780095393666,4.237759902007315,-14.953341520515645,0.511051334334515,-12.23004234026718,9.750723585670256,-1.9876557622174584,-8.277161032390351,16.006511656234427,24.55006884738406,-0.0008622861295297722,102.72608674605968,16.146889782775194,-0.006919070989425692,99.72210906954643,-5.8699229222460625,4.62850276860872,0.0029526832281416603,8.171876621440651,6.267732471069123,0.0016922156075729596,-4.591376460611888,2.4699759807400423,5.46700735522592,-1.7414853054303094,-3.983633186646547,6.718949884576943,176.80881852242848,8.872773878250412,1.1811699918426133
635,10.583333333333334,19.668550163010146,1.928627344755383,-8.70526651730876,43.81038781910959,-0.6218274079050539,-5.98210620909927,24.962491285882926,-1.076513629514771,-0.004886342201732561,79.41980593029275,-5.536345735385385,-0.006915240640959919,6.841107292586546,1.572784078484545,-4.183321406593873,5.326996143817992,3.556308933472814,-14.730869841853952,0.6976002104685264,-12.222471364331536,9.394472817298444,-2.5028141125858405,-8.390191248513892,15.640145492425473,24.709194788826093,-0.00254427856833043,104.85861660444463,17.96862602308476,-0.02846725943759607,103.34756381767592,-5.604641603126377,5.254652985180415,-0.00018688290267315116,7.974635302178614,6.685867512403666,-0.004182398980516223,-4.049736915451947,2.38370780445489,5.684415266736118,-2.284766969836186,-3.9361560265331166,5.780596844804164,177.02561313717962,8.68705824597265,1.1362476363366414
636,10.6,19.04984834851051,2.4745871380570335,-10.520694040599187,43.86392216756399,-1.1530846109703419,-5.731086431133828,23.95974391480779,-2.2825933048172837,0.0010635077369588672,75.70851155867267,-5.094949400374867,0.015623331940670076,5.845410053917209,3.060309791258509,-1.9890217078033685,1.5982270623873824,3.295253157441064,-14.242300437135807,0.8274681013486813,-12.212067299993489,9.479955407109115,-2.69816024924195,-8.137315101601697,13.796114216995917,24.673263192832827,-0.000503571597752498,103.9219082611821,18.88810151706157,0.010273047195548628,102.9169731311149,-6.22658100254285,4.874484636534278,0.0009690892422774027,7.270319818471841,9.30181225232252,-0.010433099493531417,-4.026068957725239,2.831365237048183,5.759696888597647,-3.2801791073510778,-3.7855912262729445,5.369750079996101,176.988860957384,8.780691628171862,1.5731431444525388
637,10.616666666666667,19.93596998077246,2.458890113617021,-10.093603877164494,44.17956008682812,-1.6758846816295534,-6.550002504071336,24.21474968709601,-2.2478065754554954,0.00033137746879094085,70.2755309218443,-5.008498949301538,-0.004749361700374885,6.274422806757841,4.415825102667374,-2.5627121344081463,-0.9833807769053305,2.0320835925330685,-14.329062695223445,0.2921608446530991,-12.145112020462117,9.529062811823966,-1.9003208296376084,-8.078610705490723,12.517065616831761,25.121013816044666,0.004352006514139593,100.34681235932612,16.396056587276345,-0.0007628045190144616,101.36406222169273,-5.308209319201771,4.227723683525394,-0.0024676752851744655,6.837295153186263,8.43044919548706,0.016708953019681082,-5.234047533533383,2.9526013986371993,5.6842432824402715,-3.7194120836837046,-3.3205137810822114,5.580861297458299,176.84035764251414,9.631309032438944,1.8834959332117656
638,10.633333333333333,20.50840739106135,2.114858136887989,-9.295547814813158,43.26039531687276,-1.6304660674657332,-7.777313639972465,24.581810693181968,-1.3939237136315428,0.00048057346490000785,62.547579556457706,-5.798105075386686,-0.029789691242076703,8.302398296736108,3.078409164203164,-4.1004030128746445,0.19589069597409411,1.961950851515293,-13.1279566581916,-0.22901030456625868,-12.385698242644368,9.24597389020597,-1.8349295406296442,-8.428461819221532,14.240158483809786,25.14931940630159,-0.0026439555256008882,98.24425510890208,15.82104553422761,-4.4572873401036966e-05,101.41861319999306,-4.703988077176069,3.491284524219722,0.00456111208556223,6.07617970054294,6.126723936064628,0.0038762773123000977,-6.314341279535046,2.9938493699729296,5.760628130118413,-3.848311900462326,-3.7741416683923013,5.36571655067009,177.0751658444037,10.42455104572146,1.9040401877080975
639,10.65,19.074403166897124,2.49444718608101,-9.196917232996457,40.29582456574273,-2.0877420655246173,-7.500695904959344,24.417983715937883,-0.8985845068861003,-0.00023063240337779515,55.41193419991992,-5.551501720104365,0.013585841039267013,10.389471358941194,1.30910208642158,-4.400933995291408,1.2226845666709987,6.3466997333402135,-11.504117960666145,-0.32939519359709996,-12.564872968891647,8.58750324777055,-2.841675533194737,-8.456037854132262,15.019230372112462,24.717486178341936,0.0010554486416121773,98.23757472545974,18.387384333265707,0.013271870764087453,99.97633185891954,-6.053474550044974,3.361340421566697,-0.005721695481436076,6.124314034121819,8.617640641882884,0.005066319158654915,-5.504847363492192,3.5071326021205453,6.4614407687021265,-4.401280108512997,-4.626237184290573,4.732625659269636,176.9735028074529,9.727208969241033,2.1306944701724713
640,10.666666666666666,17.09643797412875,3.2234229817419,-8.521253475908155,37.09437083303611,-3.055110849178562,-6.317978854811645,23.91170398258632,-0.7336443022462154,0.00015968746497102584,48.68714089131063,-3.741326456543725,0.017529516410076114,10.21029188618669,0.9383681376884154,-4.203867949187404,-2.2850483688187206,10.199406659027908,-11.347309325870983,-0.1600421753534261,-12.392222459492725,8.394583310270704,-3.2699816961970067,-8.477444194595408,13.753344605121448,24.937203033801158,-0.00506583134201056,99.90204061395595,19.470487162991905,-0.020707355486571873,96.8614101677445,-6.423030164805748,4.487396977894255,0.0019863145817492767,7.6548527547054785,11.79860123083777,-0.007425043101680725,-4.119853714075002,3.8569768738490566,6.9207364647048,-5.115527243181571,-4.6360779367996985,4.804476425245417,176.4244493205367,8.638567248226675,2.4980529558429936
641,10.683333333333334,16.67802594372929,3.5411935021325953,-7.810610715439667,35.65483790603299,-3.51471604174419,-5.794642769142749,23.493101587921856,-0.7753045580735679,0.0009527733350456883,41.44821917042396,-2.456769313309658,-0.014257719690617773,9.093372960206697,1.8497148527548646,-4.708447932500904,-7.298902171018565,9.656539843195313,-10.947531118572535,-0.027046582038449583,-12.44759271865765,9.231428020789098,-3.2032078798368153,-8.853996622355007,13.929473513966062,25.211784894648833,0.00376657041963846,102.48952640367403,19.31432604900993,0.011507305565230419,94.33284530629821,-5.462171419457021,5.314308261071072,0.001291162201944569,7.929973190857591,11.56620631302601,0.0019044982713443176,-4.414254115396048,3.8643659516842708,6.58123604857525,-5.521668577054863,-4.3416136543477295,5.365471507255065,176.48199399696261,9.026304189901317,2.6379165156858413
642,10.7,16.932937350713203,3.8171041851206136,-8.03916533386416,34.94833280405141,-3.8014327181729555,-5.505344088189469,23.887390669980608,-0.85262004246575,0.000769130784934902,35.41263363404949,-2.27744603036496,0.0007786780394641102,9.759744217976808,2.6406095508645566,-5.3697511904861885,-11.277308753187071,8.545629088769532,-9.7176234481292,-0.0821435375545503,-12.614612240899737,9.227154288585519,-3.3464375411675213,-8.985943563796473,14.76539250919159,24.884496347557935,0.0014241883907239504,104.32742484571953,19.94546434021959,0.002248640776156946,93.86207804752348,-5.262481074395539,5.1676483115665865,-0.0018428339769799823,7.278748585571777,10.544365177972098,0.005110362353357991,-5.227935833717125,4.092950826575831,6.472980223599851,-5.872137062117695,-4.5176343153886185,5.2296850783269795,176.96429180490557,9.782612350479035,2.793434970325297
643,10.716666666666667,16.460780134705605,4.29681526218512,-7.909689624350969,33.48715353428599,-4.232899888350376,-4.3848814373624325,24.94888805512657,-0.18994139875496624,-0.00019380296678492073,30.670196736753322,-2.325814715176849,0.006021494570506308,10.254677993837358,1.613977475834353,-6.319388500581911,-13.931750401773504,9.097650744190842,-8.793722625724785,-0.06842843671145667,-12.33824937782615,7.681445608912802,-2.879946788243777,-8.847282969533344,14.043124316945915,24.485205478877596,-0.0020834527822045337,105.42272963939455,19.30090043447974,0.005230279478170025,96.8631409391158,-4.929614213178141,5.265957272591521,0.0017877716574483838,8.1490209638822,9.27058273415331,-0.013814789736767138,-5.163839643811986,4.560384804755778,6.61498586694351,-6.42485663702867,-4.941757386577375,4.772826710415171,177.43981145198197,9.683682743841947,3.2921570404087985
644,10.733333333333333,15.940391999424191,4.71947850927447,-6.46319779566375,31.770587587086688,-4.454797922940089,-3.4166287294925723,26.233766555771716,0.8495801418773348,-0.0008386762411803724,26.05344211407348,-2.46471988632312,-0.007012829049849914,10.287996341828734,0.7629743276717936,-8.69376877267415,-15.730754989024545,8.667400012869663,-7.312479679852052,0.04193626963569407,-12.135709146546448,6.710677164009234,-1.9886300697171866,-8.78441954416285,13.262681129169694,24.24558912807054,0.0012159231730646278,106.29455975777101,17.449546824826985,-0.007518247046258756,101.18328030637572,-4.045554360761478,5.337778449437036,0.0003018413292877714,8.33153479884465,7.262677090439969,0.014725026397035308,-4.92107154546644,5.02984122263108,6.342451135334591,-6.976078861126222,-5.084614784174118,4.616344133585944,177.90539422405396,9.346065473309148,3.860130420711274
645,10.75,15.578530180929354,5.642104867234089,-5.299285301951286,29.952321780034662,-4.9983272073907346,-3.4187888301726166,27.383694196144862,0.900568420124075,-0.0016128925220736106,21.469130715997053,-2.5973772736250793,0.0046881868629468654,12.106777063970934,1.562430552853055,-10.629113425495152,-17.370565562663394,7.7979461819172124,-5.934305549097753,-0.13821477274959204,-12.327370849557939,7.1728061256172255,-1.9689004192329629,-8.963345920539975,14.16286834317625,24.3082337073921,0.00016417472183727236,105.94587234534335,17.30169721635134,0.00973193288512665,102.02276375021603,-3.8566437196690586,5.079799741124171,0.00047091717443141105,7.030032910344271,7.319269131676338,0.011957508203502769,-4.643635398426211,5.783038855531118,6.126588774352775,-7.080438619735166,-4.69761808477585,4.854155429365025,177.676863944278,8.87976592350248,4.64279817863612
646,10.766666666666667,15.468283419272057,7.072445118833886,-6.005602675639829,28.518737724970485,-6.0298815477295244,-3.9941553759079778,28.564255016889526,-0.16113125853597657,0.004111903969440806,17.70385619928854,-2.6379157112173828,-0.0012040175716447644,14.507618482881675,2.096530405718174,-10.065578681260686,-17.711942785136337,8.71839177832092,-6.306354749881617,-0.6572785302000601,-12.377784069438999,8.234868887377427,-2.859644182620249,-9.616566889743146,16.153326415404415,24.60197521007287,0.00024115136811748218,105.38839782827355,18.556375862582087,0.02000181757735913,98.59709619983785,-4.251194788206392,5.222930869901261,-0.0012528977290760244,6.426991435376443,9.090369484616604,0.009599855343007196,-4.65668807513199,6.685825310233158,6.187506820847424,-6.527704314358294,-4.166920770686329,5.738135498832209,176.90816955838494,8.537308429234296,5.729083825185739
647,10.783333333333333,16.189514600415603,7.646081739186996,-6.956119809140408,27.720111795681788,-6.7311715960046,-5.182877926444591,30.670920256256935,-0.8335928317212744,-0.0020125678602157704,14.656991532370538,-2.3885739333451808,-0.005634220591197981,16.51904545492922,1.7323518418568231,-9.127099620791077,-17.303047040324223,9.113560597100694,-6.36176460125782,-0.9203173217263207,-12.378976953754703,8.982499144620869,-3.458550577911069,-10.151800019829853,18.061034209362706,24.684138083633066,0.0020383266933890337,104.65769730594992,19.058201492706694,-0.015705542010333515,95.57908544140784,-4.925041350275112,5.184563380102719,0.0009249068605641657,5.812004062199739,8.564753946780057,0.009009796373582941,-4.974106388362205,7.150118221870122,6.2655334089923285,-6.328273184326233,-4.158463892469483,6.206650704407777,176.46655598687212,8.600024216259861,6.366505397639048
648,10.8,17.199033116116453,7.323456033457646,-6.544288785458153,26.273782661995327,-7.121870564689869,-5.881044319429854,33.52097192219723,-0.5625455391768817,-0.0033044866240344475,11.182585706427997,-1.334594317491763,0.010800397781523818,18.167846372581305,2.2597832224658503,-9.687782447036023,-17.828472865284894,8.592504417089152,-6.1508982456816685,-0.3039313340554912,-12.63330664043248,8.951842302938088,-3.362499623956162,-10.03911206564409,19.238667335065024,24.184759594093116,-0.004236408871099462,102.1875726176196,18.94550977531058,-0.00770639904280967,96.72338309717236,-5.6910119875083005,4.668793759949421,0.003751039377975739,4.919176196544694,7.2821378701681025,0.0015008936210777481,-4.7028702192675755,7.274417954652804,6.508532916664347,-6.819969065033083,-4.215953436946212,5.737881641703561,176.22025251596034,8.551007582603882,6.450565720659775
649,10.816666666666666,17.65474505962921,7.311584338275355,-6.073723583637539,24.135946453600837,-7.4991431775264,-5.3130530444949775,36.23822435567976,-0.36348285569963024,0.005723443967215102,7.871462173946888,-0.34994894043060815,-0.003111793238101401,19.142902522109818,3.351939236814118,-10.02562105617048,-18.20036694518007,9.555242975650485,-7.472178929818255,0.18593587067226566,-12.646731094050377,7.749171719519551,-3.451875774393084,-9.943280228681893,19.638428221552843,23.570379603573578,0.004643243046246426,100.70266292284992,19.02495587809106,-0.00942863566760738,95.94486571098285,-5.370084221230372,3.7009637824831696,-0.007625413088374671,4.379831586912137,9.156881676684723,-0.014453561876110778,-4.334894491165335,7.431052451587057,6.6729547575943595,-6.437924814622726,-3.7305028598815935,5.866829880302369,175.9657839697671,8.226501612120893,6.6321162091349715
650,10.833333333333334,17.75349033551181,7.723993044677267,-5.947195209974369,22.63358071690818,-7.626008314123069,-4.609875260582573,38.49730843705099,-0.555473283963577,-0.004625946241466304,6.02887535399188,-0.24391773067152678,-0.0026591721185548088,20.468944564901996,2.54019347277011,-9.43147935896499,-17.60958283475421,10.098692608997574,-8.170168292818943,-0.3363166416037271,-12.532153659357748,6.294787609852409,-4.046752016956244,-10.050354541262863,18.890929872771345,23.65666665102665,-0.00036957566577548766,101.4033560923052,19.329261759423684,-0.01795587843852118,91.57003433792487,-4.5381124349696975,2.368701088438156,-0.0015209065229731282,4.244538718677414,11.78062964859371,-0.012442091288213759,-4.558847436724903,7.6722726634070115,6.5347225249666385,-5.361897186129115,-3.470673464438986,6.534726456999645,175.71503966675684,8.009931755414986,6.977127015968929
651,10.85,18.98250342498588,8.161593258509445,-6.033723514329626,22.622488751912837,-7.7394713547156835,-4.114794478083593,40.87523003078943,-1.158672616890254,-0.0010489025319307178,5.418289950119068,-0.08381449069330435,0.0013549763916439197,21.639223670529248,1.674616214353654,-8.713112526813982,-17.612202323178852,9.055618779348206,-8.158903586185513,-0.5615884120608634,-12.889874610207478,6.974465825721098,-4.371813419702576,-10.012754569358549,17.49964629283138,23.901741774439845,-0.004608813020768393,101.15524030576232,19.541825903404746,-0.008258572740464933,91.81579343631482,-5.587711618859742,2.728696774155806,-0.004150072331266752,4.660772987855871,10.038890745874893,-0.0008873506007517913,-5.214096965741092,7.972173020495194,6.315408828335496,-5.35596748693618,-3.6272790448045957,6.53641036929842,175.31293766244016,8.54258694487393,7.310649703540349
652,10.866666666666667,20.89861579710183,8.390104646365964,-7.006577987614382,23.32654966604811,-7.925851528769846,-4.071346653609353,44.011274397421744,-2.0377785356714297,0.00848426797062202,5.952017591840192,0.133741324275476,6.16400721317508e-05,21.4964682555244,3.4175422612229043,-7.90340764381403,-18.037594261220864,10.221488915929248,-9.541196924969356,-0.4846588669600283,-13.19549334595917,8.999255091300055,-4.370899198581538,-10.207338088531715,17.328038869528484,24.118047111615358,0.008777022786496868,98.37088136894677,19.252585654091696,-0.002447242568457063,93.18588008199566,-7.471617553685167,4.777559252214767,0.0014963851102319716,5.308545222747587,6.61746357084476,0.0037981317738698373,-5.954988442467552,8.077042369300415,5.830409496063334,-5.818187888427953,-3.387238751692332,6.218327066219026,175.24155281431882,9.2840290327398,7.595737149507239
653,10.883333333333333,21.708440051067786,8.260611370895798,-7.806024851502423,23.50424884939387,-7.843346930129612,-5.109850850156451,47.052887217157945,-2.0567155031632667,-0.004463745048961715,7.626337760311193,-0.13022459874438022,0.004222049386867362,22.275677834978502,4.4495162484242945,-7.675012510664009,-16.348860532222588,11.682968237166792,-9.828333948055587,-1.2698970619730359,-13.166811643313322,9.429574183972242,-4.593015735318427,-10.461332734215054,17.717586593286555,24.898031815925126,-0.0037306519514505427,97.08329467855702,18.90982697088395,-0.014027661046936927,94.68385412055405,-7.096068432398095,5.8052209367055285,-0.0014271655767037522,6.931341983120916,8.28018640291346,0.02294491925642962,-6.47764606562833,8.072300711528865,5.105190352730828,-5.850622712459275,-2.9851593413352813,5.686364893191006,175.68796815355392,9.414415293577921,7.852512513832124
654,10.9,22.33697656884831,8.237078378995616,-7.547942930489129,23.11377157790933,-7.6926241757811775,-5.923095246098104,50.04091845584307,-1.53558526983465,-0.007905333778146912,9.482845175830667,-0.129603428905241,-0.004567641513744069,24.312101582565013,3.2800876346360877,-8.520083310081882,-12.662131022507452,8.650582887150636,-8.764051617519511,-1.6406520845235006,-13.300990341838837,9.174128785210794,-4.480766312757326,-10.204691790726685,16.255574467461546,25.001241781131558,0.004735080480687149,100.52677266787174,18.33135541393252,0.007802219645020224,101.16399024030909,-5.2636927007818475,6.125509021662583,0.0019500828088432124,8.875787568292107,10.818880627548705,-0.017473011017798724,-6.6045128603134335,8.219225923080884,4.987691220679273,-6.584217624483537,-2.819071219306783,4.8169470840304,175.627774236177,9.309988473452393,8.152761487285739
655,10.916666666666666,23.28942384281075,8.725020682422784,-7.231176990384561,22.231391202002712,-7.417879811848548,-5.976451954057655,53.440149779691986,-2.6594788322660454,0.012964663769153003,11.255416574882892,-0.08970100522646088,-0.0011981678315343357,25.116167071283492,3.5482239051693663,-9.423792803440378,-8.232076966793011,5.9905497113289465,-9.895674109307105,-1.099689443237039,-13.39264819066295,10.076387199763674,-4.21296120536231,-10.314990053632123,14.842906702316046,23.792766840905756,-0.0064990806944107875,102.85203458964796,17.44049276034332,-0.003162587326211207,102.96921472565913,-4.587234049404561,6.497971197191103,0.010716681536534003,8.74451288011588,8.308201636838664,0.012474684725819344,-6.353885927005795,7.9457234878370375,5.721167246087308,-7.644412732949469,-2.614142638286392,4.784704350350283,174.58656745403835,8.955746663835184,8.12292621717533
656,10.933333333333334,23.696148164654808,9.406195341037233,-7.111565035669523,21.650389026056853,-6.925390447856238,-6.594614039888792,55.94545647902065,-4.819303709913148,0.00855957008136918,13.432932993773948,-0.7045763620189496,0.007721748803950912,24.897901486118403,4.988135468460247,-9.496208201702022,-3.397047370463398,6.658972107451858,-11.701731526782208,-1.2638541195368789,-13.264036135497616,10.060835375793385,-4.527754661930966,-10.940871806496968,15.75139576035506,23.122231314658578,-0.0002914944163530157,100.315920622682,17.379149275644203,0.010455806661824593,97.94708401685789,-3.5019400566382632,6.07716970083126,0.002433765082074497,7.367084164438178,7.519608753028145,-0.007347759390449594,-6.369888959324268,7.532497082717083,6.313882646296031,-7.689125622323546,-2.4314887143777533,5.840239186659984,173.46088810442143,8.573461348970495,7.939450742342216
657,10.95,24.173217441482294,9.14392509410067,-6.156047016471545,21.850123008334712,-6.1897327706983525,-6.392466298299759,58.668089302312374,-4.710672633662035,-0.019644860762600407,15.970313825673207,-0.9637370162571476,-0.006455784906402083,24.11132572902936,4.543829480143199,-9.620356013787296,0.712854593233371,5.46610232110652,-13.06579384643262,-1.8866656784859865,-13.262279122255999,9.029059526171938,-4.571463133960288,-10.833916764527157,15.408738554612308,23.16608377608301,-0.004574066124820555,97.92760177019355,17.460558211810184,0.002208311916199109,97.49114718711562,-1.205902442888276,5.820915952190592,0.006487860691097381,7.053162440788219,10.970032189169066,-0.0015713354692190357,-6.625416096242694,7.366292843460005,6.253417871885443,-7.583078468863761,-2.3351655209758855,6.843940682250442,172.9207049933762,8.479498366040465,7.746094041731627
658,10.966666666666667,25.09531449548809,7.842875296181155,-4.419784895359415,22.231568482706376,-4.937779028648625,-4.833638538635308,62.771549465299735,-2.5900033275292245,-0.01374126313003216,18.710054455214188,-0.9058961497169662,-0.004639815664897205,23.80890107409452,2.762179502522713,-11.251832462154974,4.335705867257642,2.9419481204471483,-14.927655340560586,-2.094642587079073,-13.217046051998752,9.278347484244591,-4.037593028135025,-10.389429977398407,13.942736561679526,22.56521834698455,0.0025546135240589163,100.00948417803946,16.68975871347667,-0.002256396790266631,100.99811390232048,-1.1131341171877245,5.95963024809937,0.0008674303450506471,7.040733962326638,11.740946879287964,0.001376511460916454,-6.857919267211723,6.719847420187667,5.956726785475651,-7.672544430354562,-2.253745831586325,7.696045828954416,172.94036002681685,8.501362363183159,6.976179709961601
659,10.983333333333333,25.989752594117746,7.058995571423634,-3.334520837869645,22.945700034885334,-3.673446485434665,-4.663542486276211,66.19524426503277,-1.3900044882143732,0.016149474822394365,21.484551879589933,-1.840479686763787,0.01084032893011403,24.793601961113136,1.7516145362419782,-13.375294521769296,7.579714815218041,3.4878086662214214,-14.806399773271663,-2.2260587684073565,-12.888338037517599,8.85570850269459,-3.618036328738803,-10.277016398371831,13.797960543725187,21.76531276658049,-0.003401068144376564,103.40224898028706,15.95720402758761,-0.0070447410212047465,102.63900396986122,-2.3170790122677003,6.00961050207953,-0.0019084458086288945,6.382970013031058,9.488455785598767,-0.0016446204889220995,-7.319038668456023,5.939747494919108,5.504812125053769,-7.358313332181091,-2.2451438032422844,8.576555623967355,173.46905066538085,8.72597696920769,6.192133257919623
660,11.0,27.36876072553158,6.213849472051283,-2.9448217453181753,23.626488464440133,-2.5568888868780846,-5.494893323443395,69.24674184387638,-0.9558419560381063,0.0007206232533439039,23.393354107631644,-2.597009901288585,-0.00016246959396886123,23.795159978251494,2.4257021737036952,-14.301512656608358,8.66005813844188,4.740456835032578,-14.014331018828484,-2.0822915923278678,-12.5933653250172,6.975911631151066,-3.3903798395756244,-10.108843718949997,12.269556532052679,21.32246971041825,-0.005721872021481541,103.5959519537619,15.740935476993506,0.005859882696452149,105.41336323692873,-2.412213363360365,6.211484047938514,0.002336904307317228,6.389469184496615,8.317349836610665,-0.0019125083998642598,-7.602994493966482,5.187297741918023,4.8288027619983325,-7.4803729530711305,-2.5260160008975325,9.585814234257773,174.08704416532612,8.944383631405312,5.555809835199605
661,11.016666666666667,30.058497807621766,4.208343171568692,-1.8019845401373578,24.41355755747299,-1.4281766832972271,-5.96762696519409,72.96728588517584,0.4121264368863693,-0.009515446437740022,24.44606056558692,-2.1102519226106797,-0.0001716749077496749,21.01785908944275,3.725491558496056,-14.594429587133224,9.060996845063915,4.720950320061434,-14.514082204275637,-1.6623156353875512,-12.528606967848686,6.681846559563936,-2.956280226750774,-9.940216175377078,11.079342336184526,20.61021900925842,-0.000812273788143797,103.22851026886056,15.888969142258805,-0.008899802204867554,109.04120408081022,-3.199101540462646,6.295398727780006,0.000610127451027858,6.542717159936267,9.907877966445975,-0.0041102283407535,-8.118387716825596,4.081689581264115,4.485220207896205,-8.005953354633156,-2.9729908412854877,10.664668119378392,174.22297949129728,9.61337279908677,4.48133711979144
662,11.033333333333333,32.94851353263164,2.462975868666766,-0.4997926288681538,25.498494763966193,-0.7334120777196762,-7.370243650879185,76.27451316638582,1.7665905056397178,-0.0036087799328499816,25.616383614811244,-1.9947407565624533,0.004560367945632668,20.480604865230006,4.4529877251178,-15.593835106041597,10.380098388750985,5.832701110675211,-13.584664681961165,-1.497294559679878,-12.458800355830384,7.636141010965499,-2.5936792889580005,-9.904591213348436,12.592705680492779,19.37987744057441,-8.473444236562749e-05,104.80375906098976,16.729430563335786,0.004596279706775013,107.56444589005221,-4.530248306853794,6.299606478012264,-0.00424437669122703,5.740973852953326,11.620917202751343,0.0017447467805154536,-9.15359028783332,3.118604910568708,4.787364164704632,-7.676261725917996,-2.67176191308803,10.810790686553887,173.9843272860644,10.66891381805804,3.4545221523415788
663,11.05,34.788467953413424,1.3343611474328805,-1.2407537190648812,25.273256006334627,-0.204075338141937,-8.901692215785264,79.52305041020632,1.1354814939819593,0.013148150164849177,26.473303941672363,-2.3513755039471955,-0.0012466483064519918,19.852389878914742,4.796282632213904,-15.910749657533277,11.231356797061425,6.455443142866574,-12.07019217411581,-1.5011157023818167,-12.307070687875992,7.765952854863907,-2.8165456151918504,-10.063704211531606,13.915751234728729,18.347320141755684,-0.003984024807133269,105.46844435501754,18.02077546694915,0.00515362882971189,102.28252982221872,-5.116930442456708,5.419376636281027,0.002073455557762309,4.6007707438350485,10.641349741223259,0.00988906219502103,-9.357917113431116,2.3928122568183823,4.941561026579252,-7.07445278273307,-2.1817019154781248,10.421205567287224,174.01635952990114,10.701585727484026,2.713123709623979
664,11.066666666666666,36.508640405688105,-0.11412787049210615,-3.26965346215876,24.195793053511373,0.7030071302603947,-8.846767111080082,82.88249047217768,-0.557678542279212,0.001822544028309351,26.626093102469756,-2.1550175069123365,-0.000871525806680149,16.638554537954587,4.4794284818145105,-14.332307094374448,12.094236167494975,4.6729161815580635,-12.137338146664392,-1.8252178259524345,-12.182809613744112,7.624279961447058,-2.754908219783029,-10.177125083870395,14.159077052482736,18.579913060541312,0.004618512992710999,103.88246259510845,18.496749379415817,-0.0064300017937872,99.74628305379629,-5.712180610098687,4.377219107754728,-0.0006359740285797438,3.236362226178338,9.546008011458172,-0.005832030740665433,-8.942214682886124,1.6309443199447866,4.422567348587785,-7.154084455444495,-2.7061756186421335,10.362576714192686,174.66665861101106,10.296670522320685,1.9381938701050683
665,11.083333333333334,37.40235654495176,-1.4045703099175417,-4.230035520245539,22.75976646266092,1.7327561446732558,-8.399635855989018,84.80343179695066,-1.4106298222437974,-0.00796027399178916,26.594614767314766,-2.2825631225643086,0.0001553683673401554,13.700788709818136,4.1431559816232335,-13.505986935026963,13.69427195209966,4.7368173050362055,-12.209691650551298,-2.5659065870458444,-11.947798003688034,7.856613662714817,-2.338142217699197,-10.027837726617076,13.345270659145118,19.650802190844097,-0.005393376659148875,102.98663127207435,18.311626579695808,-0.004211481391056905,101.3012171835057,-5.790252179260988,5.166293480282771,0.001420056952543774,2.1817426896924235,8.573917542397488,-0.005126018765251885,-8.262802038545125,0.8131843064455863,3.8143852551931934,-7.402114318520781,-3.252794192853919,10.26328372475185,175.3491797126324,9.689469324294974,1.2510126638295647
666,11.1,36.65283418596495,-1.5578190810328811,-4.446045338170092,20.258844480276114,2.180839998568145,-8.399378007484781,85.35638811539592,-1.5343833516313465,0.004854826839947141,26.561021976030617,-3.156127435245599,0.00050589346255504,11.50258684133017,2.98980759751089,-13.71329131884175,15.114791194937375,7.589744833959927,-11.554717463679355,-2.888318510468898,-11.686014163505803,8.394485143288508,-2.415768849828702,-10.081793755829889,12.64959570197864,19.95693179475691,0.0008024376553448891,103.83869325248935,18.800249573674197,-0.006642930113667047,101.84443502318037,-5.527188468528177,6.469880444082951,0.002269408070256591,1.2834697003879714,6.821973581128902,-0.007306583931251028,-6.702379378350903,0.5044487238163216,3.7690128795050666,-7.40506560739296,-3.2417968498232237,10.385610260174644,175.37063390875542,8.098320995405492,1.14504964003711
667,11.116666666666667,37.00795164490913,-1.4206707512014485,-4.9068327974843315,18.663350391522826,2.1991431769700434,-8.89864862944455,85.51690013722468,-1.3900378142016137,-0.002734244592265612,26.141148689378184,-4.045015952787543,-0.0023887456786014965,10.59910836837579,-0.8236406061285888,-12.838070039891008,15.55350186850531,8.209970747313504,-10.229244251223113,-2.6302706152130724,-11.787559699128954,9.575188652445565,-2.2376214076897285,-10.266752136186776,13.965450859744633,19.51001306682054,0.0020374915491929955,104.28366651822293,19.70878307774995,0.0020365215143015284,97.9307751775836,-6.332577685081241,7.273909807567379,-0.0012555644221798013,0.05236574534426479,7.25461202966549,-0.005005101262995109,-5.969999448800067,0.8487715970155313,4.154837780831398,-7.150623745401027,-3.241614933220477,10.701113850522075,175.09601526273136,7.530121299602625,1.3282511254410247
668,11.133333333333333,38.06778186505975,-1.960753668494383,-4.54446136467442,17.391200327283478,2.535370585600924,-8.635204745792466,85.03385315493021,-0.6489128672823357,-0.003981397275818016,25.079208637564992,-3.8748897876922994,0.0008338255402664951,10.82332194325724,-1.714158465087345,-12.527835019464192,14.319816871774139,6.306079044086985,-10.339586472852973,-2.398369477855643,-11.951250808415095,11.067232589205041,-2.301880686173621,-10.538275422896694,15.202979506232767,19.05044646289601,-0.0026900398816372003,103.28165924379444,21.176788937132677,0.0016547692199620234,93.31706904031081,-6.478399953313912,7.722167586219124,-0.0008809185913608215,-0.2608257978343822,8.7947684695726,0.011621936997558587,-5.942947114459863,0.8107617681191911,4.158685898205805,-7.035667336548747,-3.1315059891531734,10.317119303603654,175.11620394723735,7.5988366984001665,1.1267705634841865
669,11.15,37.47632516976564,-1.8531119084405983,-3.536602012566173,15.007054307005973,2.201784056423469,-6.804850321135851,83.68312962425507,0.6192615459986506,0.016316273771796605,24.84152813167861,-2.961581772260672,-0.0002915344390345999,8.66683922835982,1.8456817082428711,-13.75439299208359,12.751551000159619,5.689625661564567,-12.34532883444389,-2.4071876119081486,-11.878131401118225,11.616537340044783,-3.099797538606034,-11.071948548441291,15.101022663559311,18.783188185474835,0.001341086444483674,101.42957568894093,23.076161152125856,-0.01637967231508226,91.4767446740854,-4.827015670327827,7.53975774782051,-0.0016537744180483145,-0.3747751828997926,8.758843508248205,0.0009291848470238992,-4.745372569934169,1.0004728410725439,3.6493502021467017,-7.5237855381831835,-3.137275431624116,9.373610048636534,175.47561350883475,6.175430847825544,1.4859595525146974
670,11.166666666666666,37.664787310148036,-1.068683038518355,-4.2944986966444585,14.995113067836366,1.2716504831842643,-8.289184203970912,81.23454155064775,0.8367854817731296,-0.01572292581769209,25.678257834376513,-4.208675202961977,0.0048720557390101605,6.828402993373439,2.7825320261295716,-13.92610866312849,13.324851906060395,7.506226056647643,-10.513858636552678,-2.737142693756803,-11.871104871337344,10.607439925293118,-2.0667994434180055,-11.055176460186487,14.946708391859369,19.0837994426685,-0.0023837846053554866,101.62791266277277,22.425073356949824,0.02525800303335941,91.85206676630311,-3.6210997660275988,7.808050546423706,0.0030580327426098525,-0.7407595210597588,8.20933265720373,-0.0012582710936820014,-4.734811516432911,2.103439130228353,3.312072598091217,-7.616074077694252,-3.4588739626893474,8.665506311965405,176.00672654003492,6.076673820803117,2.611902308920322
671,11.183333333333334,39.29503016076227,-1.5978642248316335,-5.454504079567172,16.595023486787028,1.4300752282070288,-11.011445451015506,77.98184599080699,0.6324303242711646,-0.014572485922127877,25.732795690002188,-5.966697955504633,-0.00027308362205239936,7.371485655303842,1.3644964515188538,-13.398922617669337,14.191926524338532,9.390818411071455,-7.426091917432884,-2.9923541537565024,-11.794403831245901,9.035197953858853,-0.09965174118929455,-10.419811432093343,14.524873985796996,19.55861646397245,-0.0011820071612906097,104.45046605486021,20.64990527331348,0.0072329409301911595,94.7512712646926,-3.1564399054045547,8.492603463668496,-0.00034326387454472885,-0.07014519917595213,7.378422780337634,-0.002251013573266456,-6.2762745756134315,2.4496519866982953,2.909321074667748,-7.067191594875833,-3.6076107869644862,8.55301131402747,176.60835640748098,7.7795420147369425,2.7569162480886087
672,11.2,39.59009094504027,-2.5388521332083576,-4.484027271777391,16.117456399218703,1.9066322835447056,-8.098535852082536,74.88313915997271,2.350184241089247,0.03896354885601276,26.226053885971787,-4.90955203450754,-0.004275500968948726,6.7200462069493305,1.0983877860570075,-13.322420222252026,13.910313307338908,8.702272355299682,-8.808763950019397,-2.8590612795847394,-11.622342851174002,8.746417498536463,-0.8339601952757121,-10.429289301059923,14.055738601593642,19.56524296784206,0.0025692590250275963,105.32925331037829,22.512737106515488,-0.040799852640683434,98.43319974231582,-2.5046525652819858,8.611728888382864,0.0004900907093432883,0.09299895588674131,6.560564933081671,-0.0009062935516117362,-6.153398777753711,2.111065659299415,2.2286693066083463,-7.133549611224806,-3.3553841893318674,8.582116665442502,177.25055299630995,7.705787419537578,2.4104912728258157
673,11.216666666666667,38.69670992597792,-1.8889100156852106,-4.0232765720232555,14.967157836244967,1.3416177946832153,-6.292108576969205,70.94292660337162,3.1391345078488158,-0.027277311885663527,27.40447489320867,-4.485114829710606,-0.0025053013774461986,6.265755748800363,2.1109005493214665,-12.458908373816485,14.298473254067252,7.018903591781468,-9.251611661733401,-2.9815326458347293,-11.582539452963193,9.557989294247264,-2.459462299937977,-10.925706556965771,13.702966159047836,19.405690587784363,-1.4142476411866825e-05,104.2738517738653,25.28692385238845,0.017786460921898086,98.81100085183569,-3.2668965973443838,8.489734799953226,-0.000303701593884937,-0.7213085546595366,6.706513479941929,-0.002508382812418341,-5.3060026651311505,2.53397868291103,2.240332287229568,-7.713111523349248,-2.7923364642291606,8.31736277052609,177.20895391323975,6.675453634434659,2.993642690751572
674,11.233333333333333,38.08028502339719,-0.9864404333038432,-4.884730398836102,14.115264284216565,1.1063687706615257,-8.714978886736187,65.91445382288425,1.499492897274357,-0.03127266839113235,26.17101651894473,-5.631518937510466,-0.00020550977416727845,7.213367453131076,3.8730735126066542,-11.402427108053883,14.15475506588165,6.074396358230983,-7.604705487325873,-3.400052489562545,-11.59673241719259,9.244564623650211,-1.8281637125531134,-10.654722389138556,12.589975086946355,19.609108292033675,-0.0036991150627693516,104.5827093702601,24.294470160398305,0.0021523859464666725,97.50473776764856,-4.590440902571626,8.599831249447435,-0.004271844906010122,-0.10821859052583141,6.749201487567935,-0.0019309656246765004,-5.558817695256595,2.9930563710036906,2.4435405419778298,-7.962760157740632,-2.398779267974248,8.58765404398809,176.76849764202527,6.782781914893413,3.3552285299212667
675,11.25,37.76084942114776,-1.6992075271294875,-4.7600726016902914,13.19767905528341,1.825168271322017,-7.999252253549378,61.634760178699494,1.3615807438380079,0.044196582255792136,24.330765004621888,-5.424919679595509,0.013405429817372961,5.812177454858904,3.7955119783314224,-11.366836384660205,12.109384186225364,5.517881219080072,-7.815029930291018,-3.2491367601362127,-11.842991599396836,8.630116122436101,-0.5676827603220118,-10.1403411592467,11.853621094324527,20.056083694700234,0.002136131439880853,103.03331475745776,21.975924570206608,0.006864437497309996,97.8338942405541,-3.6925864487211104,9.191763399344683,-0.0006705537696942786,1.3192527908898286,5.772837513703161,0.0038801897437774372,-5.736332112549007,2.65462551029297,1.4825276626223995,-7.942143779857823,-2.6466568120922958,9.353413576229173,177.488376397496,7.052289116292312,2.7173487859354615
676,11.266666666666667,36.935150276727754,-2.8638656400188105,-5.117677766943333,12.935083793051428,2.312946441397497,-6.550499854056718,56.936083083661806,1.984328870409925,-0.015432641169054335,24.595012819257473,-5.007120221984657,-0.0005331244452246588,1.9892410687417776,3.0680424915611693,-11.439958198903309,11.924280057611934,5.347673017245535,-8.332546554355696,-2.8222214801320953,-12.172316305675189,9.43046612065694,-0.5370804823253992,-10.406150225996369,12.607006535834822,20.209814390004098,-0.0014005032533546337,99.9093060205622,22.211297932097438,-9.062972836418497e-05,97.9006805197835,-3.4206232670071,9.128563193553124,0.010782472352478293,2.0885315738317343,4.8572477404214585,0.001210137496110402,-5.532923055682293,2.2804754184571636,0.33514654019268686,-8.276270629109165,-3.1612320093522106,9.170812440389687,178.99766045941996,7.033581703716394,2.15224618360778
677,11.283333333333333,35.496882785491024,-3.066674645422497,-6.801612275151831,12.691348184758287,2.3729189836265125,-7.8612870240545645,50.84152470908384,0.8250963884092208,-0.02606873976206534,24.86342703063799,-5.393521622871075,0.0014376900385734115,-0.863103509235413,4.190297316492999,-11.427849305941692,13.984419164555485,5.7936865267607605,-8.835546942854956,-3.0180929627978412,-12.165300755370144,9.967067997251007,-0.590772600494634,-10.81766709589987,13.739888473182905,20.213981205418584,-0.0011601827042732114,100.80480302448598,22.968507356925507,0.008066671325705337,97.63808445579302,-5.354203941247151,7.84894359060832,0.008765066905067214,2.6139729481794323,4.758880875848612,-0.012777548365083456,-5.668384144156827,2.3430155627552796,-0.013592580023092304,-8.470876445326612,-3.265834086235845,8.289717217539998,179.88141415428683,7.2040707654411795,2.0616419710749323
678,11.3,35.17030587546948,-3.110949559382125,-7.450756343606962,12.73100536365999,2.809171560680121,-7.593129223798881,45.86778023284466,-0.1347123230508579,0.024013019254634328,25.1576677242412,-5.3471707793500824,-0.0012583014275916315,-2.9150969305503316,4.978690632916584,-11.730010581152918,13.543464209327297,6.030927676699109,-9.46263368546172,-3.1334497041706064,-12.277254600453057,10.281947632495312,-0.08971633609971436,-10.796569044611756,14.458453360898806,20.31200469293951,-0.00015787337690336507,102.97533472714215,21.7551695964597,0.006724914918853118,98.91141800378091,-5.222708125949073,7.8627459148393255,0.002591388829470544,1.6493732012193754,4.227114293687182,0.028017309023443557,-6.080128594089682,2.270269031431698,-0.25725545095391306,-8.121355738495962,-3.166290754611336,8.403702016238618,180.16778115277154,7.56403336461751,1.8059395657483903
679,11.316666666666666,35.923290504778045,-3.787180323564189,-7.1414904390568905,13.988280443901532,3.7090009143020835,-5.528309440741143,41.54755965443342,0.03727104672180941,-0.004250434489460472,26.78173166242054,-4.778049296257082,-0.004444070986544518,-6.354253891182361,5.03235484094446,-11.816067936830782,11.219241364412527,4.7983542401509105,-9.171112654825187,-2.778780815447367,-12.47569369027818,10.887138224163468,0.2602054198767654,-10.90374471782144,15.52445337374266,20.50820676634177,-0.005408379251678306,103.1041417061063,21.561576314640142,-0.007685219601556506,99.44976519287742,-3.5760551890260963,9.236303641670085,-0.0004471204188991394,-1.0985630843130574,5.452060810704859,0.015256165534619563,-6.654625689151244,1.7337119551612807,-0.7184735313390539,-8.318573746077492,-3.0591276673537884,9.23232162472041,180.45908397700174,8.328203048424783,1.131595493010659
680,11.333333333333334,35.09086493075436,-4.580472196088731,-7.206453219887996,14.500308291077884,4.610180968616013,-4.786005100519739,35.79095636219181,0.1615970997133479,-0.005430815445279446,28.237903682952005,-4.648177136479799,0.004326120289756444,-10.178915890747914,5.2555293190292485,-11.269033810360696,12.030316533994762,4.6284092138956465,-8.972402486729637,-2.9074983029456427,-12.376987927397915,10.324256251195147,0.4495295405718243,-11.177807680060335,17.498290683996313,20.980936973446404,-0.0015510905611171614,101.70988478720133,23.896283477025037,0.007812033093072644,98.81008496431846,-3.4622758414266555,9.71547021610515,-0.005706548245232112,-3.575092614870637,9.616464880830154,0.013603750950737301,-6.748848704369607,1.1389298623240913,-0.8140154326376207,-8.424526755021766,-2.625751890708608,8.83661047690695,180.83654222551695,8.693503367212788,0.3627111212021581
681,11.35,33.01004505131764,-5.006724246960152,-7.8391434810844824,14.01893162724818,5.188042428769815,-4.817188760065831,29.869035801624406,-0.048680386953693325,0.00879474245622193,29.452756156850448,-4.804521268959812,-0.002887332665012315,-13.560248107891857,5.193059975909164,-10.314297574074889,15.066616425447869,6.5044398825665315,-9.08021967899639,-3.096714657023724,-12.55463650380614,10.139221402399627,0.6302844174309918,-11.15962963431685,17.745858595832015,21.373920580179625,0.00017337615019205664,99.62884436420582,26.005830093063828,-0.001135891741565501,100.14654335947048,-3.3560321342363535,10.141199699634502,0.003763240936380954,-3.9494221029024787,9.859486947716304,-0.017531432280910905,-6.223616537592034,0.8192120481651507,-0.628867794043054,-7.765081967576852,-2.718687404393325,7.953926925101344,181.1684794920801,8.24749780914592,-0.1645902595427371
682,11.366666666666667,31.909162255745787,-5.282887702660588,-8.942236173129121,14.391256139439747,5.687909887156116,-4.830822447004596,24.652208561386644,-0.5609035602606218,-0.008268327463692387,31.190951780823852,-4.949566093299586,-0.0017149990002309756,-17.59499110444004,5.672300322235584,-9.36408819141395,17.425156530048646,7.299729284803609,-8.75914140259715,-2.746635580195606,-13.034712782640133,11.014463474443238,0.7071919016670954,-11.143213562081797,15.7503869632934,21.48924194569508,-0.0017725041845907117,100.7462727044505,26.38985241884222,-0.0002571601971969865,102.3296277027677,-2.6883141177295338,10.612594829803145,-0.0004921874348081799,-2.3250264552045854,6.507293154274393,-0.02759270649462819,-6.185080205870284,0.5173396333680569,-0.8115823827347574,-7.90046329224265,-3.570712525242943,8.050745278466067,181.596068987957,8.281980975109466,-0.6396513933296991
683,11.383333333333333,30.850901797777883,-5.925531180943959,-9.48843167280453,14.371516071548847,6.636079559384086,-5.283364166547966,19.78541860033143,-0.908764235652365,0.0001598078279676972,32.340541913357555,-5.488596150418237,0.00404756119324796,-20.31371487052913,6.577108093617172,-9.179562807569168,19.34611648477374,7.112682278656828,-8.40712873485296,-2.5218610788212534,-13.355098258071736,11.238859058011755,0.8843965878341136,-11.367263955473279,15.476806167868844,21.58969820256653,0.00032725422674353635,103.55692424478232,25.81772747404434,-0.00401388640045326,101.96911416159989,-2.2016510360520165,10.069013381013098,-0.0022159609631570236,-1.7954606285787766,7.050215976796259,0.004480601321700233,-6.274109057001625,-0.17205071089293053,-1.0023515956194498,-8.777581678201859,-3.735923419692416,7.9294248145609005,182.1590382990993,8.456642344685985,-1.5372518827168986
684,11.4,29.082699573248227,-6.939736322080206,-9.082280851725596,13.581696628641112,7.709347337985592,-4.987194007698747,15.885960875803741,-0.5784880829879645,0.0066257580222637835,33.427676431762826,-5.595500074137789,-0.0007087819218250445,-20.024872911646373,6.676468072203841,-9.632278657418105,20.386725514114527,6.899661976032794,-8.72513104438653,-2.373197053888637,-13.582521031858816,11.427345755302381,1.0769319932517545,-11.168194537742233,15.91321173854787,21.42512508691248,0.0011133554428110117,103.85950203842249,25.471568486797644,0.009629590264241112,99.11265855968121,-1.705180387516477,10.142265405643126,0.0028629090206930487,-2.73641864532644,8.861123080627108,0.0010755063888025817,-5.747574456986776,-0.9626762362910405,-0.8558900545964923,-9.12814755620292,-3.7284438800105617,7.044885490176523,182.7585544900841,7.907524494918631,-2.6430858227224623
685,11.416666666666666,27.889659412324985,-7.601208870264851,-8.703773819974225,13.664058317969209,8.385189897388694,-3.8919557894744328,12.74618193018084,-0.09391844502569512,-0.008225411472751994,35.59447454091112,-5.036768111784193,-0.004219060085324654,-19.379581945227265,6.172396611757143,-9.249910853076567,21.77568765630181,5.980363719261546,-9.79085593795673,-2.241666695174438,-13.48645188154896,11.511036503870368,1.2194599689535333,-10.571454519871983,14.692095051926144,21.075349591958112,0.0014919568203660748,103.32734227983887,25.19061109213933,0.007094161555229031,96.02696109067061,-1.1639975775484588,10.885386166481386,-0.000425088091124409,-3.3450351020234144,7.258435028135977,0.0023593068741014594,-5.464165682533883,-1.3906173095069385,-0.5606633823567537,-8.712095319989226,-4.476723137882536,6.1630901792203865,182.97754914658705,7.47421596209262,-3.366348383232037
686,11.433333333333334,27.034750250671493,-7.732557210505901,-8.639316257309543,13.896446615922985,8.880405380772514,-4.343410054140818,9.584195034762764,0.5710851659990828,0.004803623033099734,37.67467624013037,-5.414408056320875,0.0010641644904122577,-20.024312858310413,5.470448624984052,-8.235362375190475,24.01069465734437,4.432872201739657,-10.685516620381108,-2.4631093625552487,-13.035115454533438,11.249177240982839,1.5001719836969187,-10.670638504386256,14.466149001413195,21.122553721737006,-0.0005016939150712518,103.74285386186028,24.687732907704053,0.010884588814125065,95.67417486415546,-0.030249770596632364,10.693210613859629,-0.0033715101415999838,-4.093343872422524,6.65030282088557,-0.009388790655612874,-5.527295669759249,-1.6752421729488822,0.02577701514399671,-7.916883172472008,-4.8334429103415815,5.600344675389076,182.50885246586915,7.310821902421609,-3.6306528103757905
687,11.45,26.468450351212805,-8.187553641403028,-8.963283791888944,14.09384963721083,9.42171506949741,-6.133505516991732,7.171926687526588,1.477564694639016,0.0032901345036690397,39.23103787848179,-6.835581799309398,0.00584655733665519,-21.492471087162208,5.309566578781784,-7.22975009302343,23.4881449357954,3.606470160948678,-10.931300683963428,-2.46904384971408,-12.8645819881082,11.67743359917432,1.4663726369205274,-11.229389639593366,14.709982079511619,21.24912731826891,-0.001213228273612806,103.88957963757518,25.234311348876066,-0.010556460400337387,98.40905706287997,0.375495959689494,10.126755827144578,0.001784983849194884,-3.481063178893609,8.640948831095688,-0.0006406191424514798,-5.620049293427013,-2.042886353640201,0.7056913875540229,-7.448340538541686,-4.705728449451933,5.532496376830187,182.3728529123745,7.314293431664951,-3.8661040155057287
688,11.466666666666667,26.78577077606,-8.884673426001916,-9.54782189796143,14.747296695532883,9.85809113490808,-6.18195756010901,5.895941963469032,1.832949168459651,-0.003916659249526607,40.69687799461582,-7.0812926599665715,-0.0024164615101808463,-23.370070830708663,6.232543795619302,-6.281175454803688,21.960612649364457,3.6832675159493817,-12.015392716428174,-2.4078386946984507,-12.997641611940136,11.504212779265966,0.7750773710486467,-11.18525467157808,13.272423257481819,21.084727809557943,-0.001036571775528378,102.84812322697842,26.458802124064537,-0.0014353048349836097,101.09109713339706,-1.2716937588488046,9.177944500849911,0.006226231718586681,-1.7699113029801987,8.188924323648086,-0.0035965782698603767,-6.1737452177873315,-2.345080654645064,1.1234499982842954,-7.395424173351017,-4.392512586460967,5.963658569798531,182.89358569693863,7.774112421971989,-4.268815317602084
689,11.483333333333333,26.662142154709766,-9.192568318570096,-9.764752721983452,14.632963273343254,10.20784848240113,-4.362571533480923,4.944813370575124,1.9911042737164288,0.0019460081099118437,42.06828856584528,-5.994232311908143,-0.006833622103578354,-24.383751923527935,7.037768944262246,-6.332424699878942,23.470114891395234,3.3546062485958834,-13.865928357075697,-2.8925465408178304,-12.893639114729986,10.316572151962879,0.014562684050151884,-11.225480007268475,12.695547607449315,21.05035474071505,0.0005262515729758348,103.67187829825062,26.524980229404225,0.0035221123840551735,101.77840925169158,-2.5668646654073655,7.3905039863646635,-0.0034554460413972325,-2.2446687001730465,6.686572896757327,-0.0013613670485276114,-6.638131608883039,-2.650017758154027,1.2685219397353293,-7.666499447893438,-3.5358932874339306,6.526151253856683,183.00628281177924,7.872223173125319,-4.616569899526054
690,11.5,26.22740136450296,-9.521315499646466,-9.951769908015226,14.569375397674914,10.599194938155907,-3.720528789919201,4.6843504942232155,2.2753863501516522,-7.511691252815611e-05,43.84239388733633,-6.0936428587043725,0.012156796741135914,-24.133514147686885,7.573040755211511,-6.795960548333539,25.31803456192947,3.5701566403031246,-14.46722390069036,-3.231891491918078,-12.56360076087012,10.10996655374059,-0.13969983382338344,-11.896342577147678,13.63551242252855,21.08603562284665,0.004272537397062096,106.30400329013376,25.929078545624417,-0.00297678919456895,100.65736356662335,-2.737161089963225,6.875744086532762,-0.005828476905787121,-2.948339370700793,7.987342331292553,-0.008598179462254593,-6.779428018860604,-3.006197528740478,1.1111518089308399,-8.276290619905389,-3.2642774951515565,6.807641839020909,183.21657051836902,7.731763643099876,-4.89811019333678
691,11.516666666666667,26.62855355035795,-9.724722978122864,-10.43726103841651,15.608348580848217,10.73946011002257,-3.9095398535475994,5.086766651273773,2.208457059414411,0.0008311776811905821,46.027047503685274,-6.858676003021717,-0.003993832679313931,-24.74365103900181,7.948677678665778,-6.323186945968888,26.22627162182847,3.8044961125241668,-14.571145713554147,-3.0541798963000195,-12.476370042589075,10.602286937374595,0.08227601903775841,-12.02481177430042,13.783755005274683,20.913703889558423,-0.002524040050936956,104.84893122797658,25.85847416786473,0.004030171384869704,98.80357187752452,-2.7333430514732577,8.869163649961648,-0.0027765968278432233,-1.9738208965526105,9.519219310029488,-0.004219370663533967,-7.280925228560081,-2.9048550257140433,1.1224593768844549,-8.79145426698756,-3.730886748809135,7.022524832224653,183.91791390096424,8.221296537210081,-4.959536200209614
692,11.533333333333333,26.704755445887336,-9.742974635379799,-9.964150530957134,16.17929563193924,10.971043426930493,-3.1871141094819637,5.415970035640087,2.266199475634505,-0.0008316960819414102,48.182830428224875,-6.737431123668218,-0.010914321490957234,-25.970559988236744,7.523239331409331,-5.777124892851536,27.852033220218793,3.0397411080780676,-15.327144406190467,-2.8975263167147083,-12.6867367732215,10.29918579539561,-0.0747858572777039,-11.617670454263921,13.244549648907187,20.83399100278298,-0.0027451290712234926,101.86249124495313,26.022760562092184,0.0026384087696060465,98.76503985052385,-1.7840631080520377,10.693778896920046,-0.0025236112517363495,-0.4042658002471686,9.321436255190186,-0.029882434231721433,-7.749912205669613,-2.6140173071017614,1.5448263232918396,-8.762042364563165,-3.8419845318472374,6.781102160500703,184.05991152523617,8.579271851489544,-5.037734068741711
693,11.55,26.385801096756467,-10.038275978676761,-8.845214584920505,16.479178154120124,11.44602812410165,-2.9740407534009417,6.6530079471997166,2.424947381934208,-0.001789629262987932,50.60434043723283,-6.971190519263143,0.017551711786933145,-24.0601927256567,6.9254444067120575,-5.284142096706193,28.801414782494103,3.432276820411099,-15.625167873191229,-2.9057652773180735,-12.652389149441424,9.384741368569557,-0.6054932799602888,-11.622954196566157,13.13334071143549,20.80541119755695,0.011041218166834097,103.90560456531425,26.320585354802517,0.0006160913690468341,100.34061938226593,-1.613653861731611,10.139185763624134,0.010161355725455127,1.8761359013574552,9.718565578827894,-0.028421319227121655,-7.948923395288124,-2.660869229953443,1.6818023572741523,-8.58506515176919,-4.057612030019258,5.893717199973099,184.17535093041198,8.598254053637845,-5.393422479196531
694,11.566666666666666,26.51495223722433,-9.373557083798108,-9.047193747497303,17.284978656454747,10.827204717927195,-2.908414155260888,8.927342050442785,1.763626396765359,0.004830509567663276,53.2314902411533,-6.7157848200809855,-0.006519112479146799,-19.14744032603548,6.077280144005133,-4.001895268116051,28.073118977458222,1.842606050489918,-15.479347112007703,-2.6838637212184824,-12.524456521022065,9.193829392380389,-1.0162431732804855,-11.719373695335571,13.461730703439938,20.37299694143233,-0.00037561538689423983,104.78499567110296,26.238379323286157,0.01502454329314471,101.00338306579316,-3.274857385343693,9.082378668903088,0.006253977970121691,2.905158455957443,11.234621334191583,-0.008664475346752082,-8.151550441255965,-2.1206999700148526,1.8548846763068978,-8.846322338562016,-4.428966822674093,5.466972219793787,184.46307175408498,8.83937836835171,-5.017353981281941
695,11.583333333333334,26.52396849139162,-7.981409606447962,-9.324358357476083,17.764557459660324,9.663500064408707,-2.060877036174147,10.826950406732317,0.904025698752502,-0.0022908010725664575,55.42567526618203,-5.301658951210287,-0.009587310665863996,-13.912928023740763,5.161773390866098,-3.5230073601228638,27.115290816546395,-1.8056844339727525,-15.47634232848969,-2.137476623213778,-12.850292023796273,10.461522713667708,-1.1104667219417805,-11.56688459052883,13.733634528277557,19.773889634450192,-0.003154146666447845,99.83133516744569,24.790663638278204,0.0015338316775625352,100.26851663738108,-3.620859976387417,9.559904277882396,-0.0015993674503684378,1.1725717469368406,9.778189216352668,0.023757290708739116,-8.348855418720309,-1.1682992111772614,2.360043187362347,-8.95726004938454,-4.532379619883635,5.653215794826177,184.04119399444374,9.062855993637966,-4.276511603955652
696,11.6,26.324804448836193,-7.682630891837225,-8.570471103619294,18.51886771124193,9.470388445836928,-2.1143108313726446,12.125472968687276,0.8084988193181405,-0.0019629450588984176,57.698601678126195,-5.379600262563572,0.01462342857299746,-8.937500645373037,5.4261762623658125,-4.801204520029394,26.411464489621093,-0.3332939645201765,-15.649481543092525,-1.8246842577639852,-13.257914749972565,11.379132109576929,-1.1426958613436522,-11.425087370902574,13.551842438672454,19.816808434958595,0.003791852510663563,97.72839175859175,23.318776555967112,-0.005438715443233144,99.42954635182579,-2.534064208302619,10.691293593493851,-0.00014267548600714933,0.7609729445938779,4.814911897584627,-0.06265408725966326,-8.858077689204638,-0.8227157707781761,2.191292383866346,-8.884439126440713,-4.860396513655298,5.981462443365742,184.00456641566845,9.379064507767797,-4.36802223225176
697,11.616666666666667,26.087396096408288,-7.242815550241259,-8.615963772492371,19.96108783810336,8.899021833226197,-2.9347809258665736,13.126424955017736,0.8408679616813345,0.0020145992699258136,60.83701957511808,-6.349127233050916,-0.00021841958885915997,-5.484483084512094,5.377648834555575,-5.857413444826274,25.753083584793746,2.705916470077171,-16.28720203037322,-1.9048131063992317,-13.295285789399303,10.09783834954126,-1.1989478529386488,-11.222193249871992,13.510761288697735,20.25767987665242,-0.0024546735843166767,101.19608859747535,23.293070884720855,0.006658976684951345,100.00215556236347,-1.9043565129158,10.65945217538812,-0.004792624357714526,3.861118805906442,5.034447769775433,0.09066909550349878,-9.477562596407948,-0.23856230626339506,1.8792970763889307,-9.035068982985075,-5.387455405135756,6.163794739221532,184.61256933530223,9.772591193141404,-4.1438483867714755
698,11.633333333333333,25.75082358075991,-5.784650625076141,-9.180610855207485,21.403743287826003,7.123755596247508,-3.430783396684978,14.05708408689074,0.6316396509886845,-0.0005827751426845954,64.40093465375011,-5.807206047299024,-0.009948514680937184,-3.6734336890657175,3.6428586351004926,-5.869488726342853,24.57876786803776,1.5366797936986338,-16.11631424866233,-1.8315749946711908,-13.110786099373826,8.684815445161709,-0.9312392395306196,-10.889651654281398,14.265775165480164,19.97964902553501,0.0031367298591296754,103.92407957773854,23.397528530612234,-0.014070630203461647,98.0613535712415,-1.7640980376791544,8.483761048978028,0.005132087481718883,3.7933830591698117,12.897486815860526,-0.057377731679100236,-9.774677405010479,0.8136237522916251,2.368096768011495,-8.959080751545661,-5.593295916651288,5.969035478988972,184.58351795200187,9.863283098210047,-3.150283879587989
699,11.65,25.62670398082657,-4.7118435236660865,-9.303595305510962,23.12299600850574,5.459093760702772,-3.5098430643063714,15.18836990248188,0.5292817602284181,-0.0009674392443869811,67.93712138516587,-4.9222543618481245,0.001383020797778478,-1.7826534606818842,2.318879026467994,-5.457318563810718,22.07546488060954,1.569347159850981,-14.603547353475365,-1.543134205760563,-13.052996972836102,8.765870616898125,-0.8935457109987515,-10.495392233330435,14.308537363889661,19.548122182330708,-0.007459780235459047,105.15854556154038,22.277917077364442,-0.003864021869607374,94.33065389156972,-2.88202849431913,6.569448796038161,-0.0009392174447911823,0.10767227902108543,16.088922514038988,-0.02313140202422817,-9.87800106707925,1.5974299378594732,2.802935793181184,-9.057722478806634,-5.386728758457139,5.9365105314509785,184.28895193568863,9.899977274357223,-2.46869686075113
700,11.666666666666666,25.396881785735406,-4.0239553610329875,-10.26084528376123,24.712372478380033,4.385894386174431,-3.2251873963035567,16.275974320999794,0.3454295730804293,0.0009414183318811117,71.31573035174092,-5.331073886263145,0.006860453011263861,0.17200486474462776,2.8908038386741213,-4.701262768557611,20.242426455001606,5.117126690091702,-13.561515190661229,-1.461636158643762,-13.167499451157767,8.451855840277409,-1.517976697561551,-10.04415118218487,13.434506174287147,19.85309190096299,-0.0024247635946715975,106.73823308523191,20.860329696298336,0.027697450497557476,95.73405949380385,-4.809586541604093,7.108398850522972,-0.011285765884294698,2.5430106178199994,13.538120025742602,-0.004169102597271227,-9.919244821767547,2.5340827759615325,2.6625993852208945,-9.33133078808054,-5.312047136142832,6.141200326913632,184.4616166132556,9.965905283826384,-1.8635308335077754
701,11.683333333333334,24.722103484746746,-3.3884592823944852,-11.39080098155047,25.71792260199207,3.6363685425231833,-3.1517538569406525,16.977005151458066,0.09952530920550966,-0.0004386448707882323,74.14852948419328,-5.937512942577935,-0.0017249256156949336,1.915298908287715,4.062993714832163,-4.816603304370905,18.68190123624922,6.276650914843987,-13.182102438110299,-1.5882750747671934,-13.323954196882083,7.954104815572731,-2.0470925043189263,-9.696994892473635,13.51682555833777,19.816994402754318,-0.00168992942040322,105.6040174120548,19.565986930578454,-0.013907292877958461,97.84476094325849,-5.655971977706961,7.813223739238355,0.004470812045257894,7.373720527624006,14.721404820304038,0.03232561135388925,-10.067302393645104,3.505067876316307,2.354283759546677,-9.026838276366071,-5.40506198499409,5.931908764045731,184.93990367415287,9.80251271206001,-1.2321188067976965
702,11.7,24.00644722755556,-2.7519403321251925,-10.786925430338455,26.906862223840896,2.7329883598544362,-3.412364278814919,17.284233536191792,0.08168284203601742,3.7713987024397005e-05,76.26986644127186,-5.6004090572990375,-0.004748056884527786,2.981379715177838,3.6774082829800623,-6.170197910372967,14.006145343774302,3.9290393748234216,-12.54986211543871,-1.4624939291993513,-13.260335366268102,8.053964739975692,-2.398811308629634,-9.50944116541248,13.973740757972086,19.118934715374973,0.0007917244720739043,102.73719329319856,17.51934271864727,-0.011589509851233283,95.33737366387875,-5.8670122546344174,6.889701305180854,-0.0038594458147494983,5.137184892761077,14.962354326472813,0.02869781959452121,-10.011727467360593,3.982952119904456,2.1919669152855366,-8.735252509801212,-5.1647042880290694,5.6988427648776945,185.12541644647922,9.482241417594555,-0.895051720414712
703,11.716666666666667,23.254781433522947,-1.9048807080154075,-10.029445369560474,27.941537429450324,1.7706783881209516,-4.312389138040298,17.202523472868272,-0.04121169577654137,-0.00027789933640041964,77.5167415535889,-5.821010823588483,0.0036739372170129054,3.1754427208494924,2.693322051618676,-6.636848809903704,9.683086034114243,2.574456727303868,-12.308378216669281,-1.0120008292703715,-12.894219443305028,7.220250388935741,-2.8259771206932705,-9.435527616623256,15.890533077708726,18.869482235907615,0.0044550088732843735,102.5597885382262,16.052526134543502,0.019046923809707194,90.84165641831962,-6.369407832581063,5.591918270979199,-0.005161089476759542,0.18209341262526246,12.220005478429885,-0.006411576305933715,-9.565074149413716,4.257238927052503,2.30247834205662,-8.764479820695625,-4.91886557029885,6.103143231614545,184.59055130903505,9.224182713606572,-0.6474651989735156
704,11.733333333333333,22.486666672229738,-1.5334388347159156,-10.372943908314426,28.441961270516217,1.579037368489129,-5.741402412041004,16.968499739500547,-0.4330649150957351,-0.0006162149888535758,77.73698892562456,-6.783285967887481,-0.0014431194580586042,3.8770028626910946,3.0869153505339457,-6.078103045921716,9.275768150022818,2.1292590311174564,-12.605211199541582,-0.4365501949122637,-12.893128595777332,7.370229081747421,-2.8300309012249474,-9.298947595432052,19.01067005531569,18.881399355167776,-0.0036493580901670285,101.81756107851155,15.747324276315647,0.027104293192675148,89.55099889062322,-6.442151797103954,5.824417857073375,0.0032113450840956827,-0.17491500665501364,12.535160010629586,-0.016666882135471132,-9.365002166838995,4.241721036270424,2.55493896629391,-8.734138169479031,-4.473132607692586,6.3309340008641986,183.97334481083902,9.180466631545032,-0.7844144815923005
705,11.75,22.31049208250594,-1.4342566611784116,-10.22997364089877,29.344799208557152,1.4327156609463716,-5.783907469357429,17.28424570515185,-0.6399764996159998,0.00014912066437723523,77.50695433672759,-6.2975687101677265,0.0003800243059337585,4.659907082542716,2.8844507378449213,-6.023880063218476,9.648319528863263,1.6850202498380153,-13.57584636703933,0.3790270013122355,-13.391626923246756,9.70985318845516,-2.3915836573813163,-8.580223678401987,16.896548096727074,18.684459718686792,-0.002026352072106944,100.25097375498521,14.49348496750191,0.020210230870258042,91.40293043021806,-7.329465963337532,6.204523764614345,0.02005360058028725,2.935290534078061,12.565964657488378,-0.006622049091341777,-9.301886106990766,4.238847712256175,2.8500711396041902,-9.059157985933693,-3.8202494324485916,5.718904717073002,183.80645900788895,9.319282121165728,-1.0043046144929195
706,11.766666666666667,22.542354004312354,-0.9232275405485684,-9.39637988772897,30.51769511493088,0.4870837820372025,-4.9366333232914155,17.83698347710645,-0.48334275667561616,6.895481987018733e-05,76.96310879390735,-5.135473670592079,0.0017472455192541158,4.543652236430179,2.039067745181737,-6.292414881433424,9.216611982151889,2.685333345309277,-14.26668787958835,1.2883120043661156,-13.68681104726046,10.007091090115106,-2.1252352783248507,-7.688985369387495,12.967527719585053,19.41165746081911,-0.007109325489498732,102.06382596420507,13.275365299779047,-0.0041038367227332175,88.85623509139336,-8.686678361780517,5.481332387105605,0.016684016023312365,3.307786278606728,11.635456582532239,-0.005073030620306845,-9.0701314164169,4.706874744344264,3.0626734155718047,-9.34220908531123,-3.909494613574119,5.051333180079107,183.58009487796318,9.622344263478428,-0.7124558928038934
707,11.783333333333333,22.383335532875382,-0.7404492386918496,-8.614869964567117,31.193402239373917,-0.0797674444786262,-5.2344048871790605,17.64171839387881,-0.1523301018291529,0.0007447931151821596,75.289410250975,-5.14332761309723,-0.007835499872221026,4.824986016151608,2.4382245703867724,-6.761593288802109,9.349272961176705,2.756660764554386,-13.135058189497393,1.7986182718768733,-13.755942873920674,8.418945350207611,-2.4045352392880166,-7.415421688085368,15.462066419704167,21.034992072462828,0.005212331855982236,105.05033059400726,14.443942267633282,-0.012983085687985903,85.84027316942839,-7.109131591265045,6.569007655892922,0.022993310937847785,0.9294626306164571,15.613574031917725,-0.009236807842820407,-9.204328201719633,4.8415602697044235,3.012361992485441,-9.271833981934813,-3.9115711240432502,4.880601798904475,183.27678619440033,10.078950819825009,-0.6640121475456477
708,11.8,21.690829609849885,-1.137966646336245,-8.296793081254485,31.34199004106447,0.263646752970048,-5.49723118898802,16.98833170367155,0.02183600079065437,-0.0003203004570736671,72.41476366400863,-4.9952033642117115,0.003816208329683866,5.413039318137038,2.587784753780908,-7.074531189647661,9.987296585463815,1.012374434359535,-11.96358053340398,1.6633253102026102,-13.78581167375777,8.1753978493752,-3.064093135461153,-7.454761814890389,18.08170932213824,21.921620361413492,0.0010260858111474478,106.73226868481991,15.980419711628832,-0.01856852681160523,86.29450751851698,-5.580408228944412,8.885245645742492,-0.013183250771673838,0.05363592246249118,19.810088031039573,0.06629078206560912,-9.584105223136392,4.314988049606312,2.956370146125669,-9.753036098185754,-3.148309082449443,4.8590792498561,183.30892213254327,10.262275972587323,-1.2351424882991877
709,11.816666666666666,20.629117075200448,-1.5163645433509816,-8.93842599283365,30.822001253096374,0.48334772667069015,-4.899340581396583,16.412510055979077,-0.11221203361657935,-0.0003567388726974686,69.09268131219362,-3.965366136997767,0.007438572579015499,4.521437264865935,3.2166629846868013,-6.26299243555235,10.89966968215561,0.42633402390991554,-12.220368828397667,1.3709515470219575,-13.73524461698258,8.244483775432565,-3.654895995205771,-7.3018090147990256,16.240476627418868,22.110555546113133,0.002511502123345454,105.49020908470783,15.114975771648268,-0.015536964036575418,84.40271252092157,-6.531151777038932,8.942446745672171,-0.0005509950417287222,0.45943102915612233,16.36036309959417,0.006639173934650037,-9.519672312175613,3.86779008388801,3.0928709611037046,-9.831767988404,-2.7261116957425324,4.600313345859693,183.30701591411685,9.890189461736268,-1.6984058764912666
710,11.833333333333334,19.612604633874977,-1.8817923754792347,-9.866529196896845,30.140089133748447,0.5563601414801428,-4.835356297759659,15.887969274854644,-0.16157653544979056,0.00040996457840806403,65.70072243449347,-3.7954472183709096,-0.005763722647437688,3.318889902621882,5.193157648049247,-5.179843492015518,12.732795884906759,0.958180097079939,-11.855045148207493,1.5521610720429622,-13.846923201605247,8.164560306964997,-3.8368856726731,-6.941676924026921,14.711593561105804,22.724502324272244,0.005431128778291808,102.60584179681115,13.80092984737828,-0.002942600385869292,84.5065555847987,-6.1042192971371465,7.593901052111586,-0.002836613782963866,1.7995018993024268,11.787834268210874,0.00554983702140961,-9.164760822791566,3.664420652351902,3.132768362850716,-9.004151138952619,-2.7756103798173113,4.436613842281556,183.14372397690335,9.535164044298897,-1.9033206954045485
711,11.85,19.185147144559696,-2.1720865068627955,-10.143681774093366,30.026937365578593,0.9100879452481621,-5.681657987056654,15.504426400568844,0.06175532110708508,-0.00011153037332591307,61.95442019697278,-4.794846655467788,-0.004625873301080628,3.232750336792541,5.6664934668047735,-5.084612490046023,14.110643757792975,1.8731935834036013,-11.10204265422769,1.7625521017126813,-13.99225812362417,7.849299584238974,-3.974887002101139,-6.77069640865436,14.77678936106769,24.011790271852835,-0.009843105763699254,102.9891384640854,15.314990940118479,0.022468229238045406,87.05530654720323,-4.510842869197497,7.037647183291604,0.0015206101342294664,2.6167051249502538,15.071559692542218,-0.02925532630203734,-9.042365732074908,3.446561407824007,3.1282524926338517,-9.280031839904721,-2.694679655379221,4.614949813366998,183.06967399346973,9.676163630531583,-2.150107305022264
712,11.866666666666667,18.77221830382327,-2.014300408006269,-9.699206553214164,29.779043064311338,0.9624683966853108,-6.636134652511275,14.940022884662472,0.25360913006381486,-5.75798533959652e-05,57.68048461977523,-5.415863000217394,0.005713362500031298,2.815753767893125,4.56095262022448,-5.3191963097428685,13.661457765710713,3.7199032113516455,-12.010825374236251,1.6693059273543887,-13.887805413372556,6.3936595680924855,-4.27490421377451,-7.058121488790641,15.841046013829661,25.204102877740457,0.0036311212853829358,104.70817390450274,18.06780210214184,0.04233536672097644,86.85247560260369,-3.458090910040386,7.167690004314397,-0.00040090772185025805,1.720864572493289,20.060966051516196,-0.04610194761911044,-8.965633232465262,3.4327310520298164,3.370728755623091,-10.268595730577982,-2.6206143063274276,4.4966117246104265,182.95323813556632,9.78091737867589,-2.252667832929193
713,11.883333333333333,17.847773702305645,-1.8289169395870108,-9.52218572038191,29.143905823476473,0.9101327695997651,-6.86058976528843,13.997669785837719,0.2915005607075262,2.1052804026366042e-05,53.26042809598755,-5.166545945485016,-0.0025212891812034046,2.4973671626194736,3.6745694780918843,-4.820944503897096,12.837833206789838,4.311302102707727,-12.697474233965918,1.6707495845910103,-13.825486175582006,5.326836197717778,-4.30066972831314,-7.126365544035525,16.202932941616528,25.917082727542418,0.0011419271162908921,102.70421659489185,18.80152581942047,-0.007780308136615582,87.08233126552605,-2.7504979533355116,7.374550146608623,-0.0016940329625237064,1.836764466655948,18.97649491437915,-0.00519569661673634,-8.71042702209221,3.5905925612933163,3.450816911437509,-10.42949486667848,-2.871942839313401,4.1464781308178145,182.94046599441236,9.663558651714453,-2.3095004075879464
714,11.9,17.27232561625819,-2.0722759970682443,-10.6197929382458,28.73145332606359,1.3462547446253956,-6.331968669422197,13.288299638183314,0.29090098653178353,-0.00012702704558158345,48.80853076100284,-4.5663015270797285,0.0007335379664144115,3.281514007281033,3.317314958808271,-3.807396043741648,11.590556768633588,2.978087165569841,-11.928827199640278,1.7416821393695927,-14.088524715248129,6.071133431222655,-4.005615759671098,-7.022330227534819,15.652639505618072,26.61661727645395,0.003035465959571791,98.0790068521885,18.26676745059023,-0.009357451580511126,87.08041763639459,-2.9210984196757357,6.934659211009105,0.0027523304298806388,2.5657465728473867,16.788899060685093,0.011339536054954273,-8.596593608136736,3.4768827340422495,3.16371165938348,-10.874936026177702,-3.1449269254284595,4.490889725562611,182.97296021207956,9.874292389038766,-2.6100383212624094
715,11.916666666666666,16.907853245466633,-2.0759156346629726,-11.564468090310685,28.064717672298485,1.5251476481861186,-5.7877878696794465,12.753107166379403,0.28874131989211493,0.0005235742610825578,44.238247067614054,-4.012598226007466,0.0038976216270677233,3.4386397922787637,3.8654049248936055,-3.4171808788986517,9.280814857962138,3.314112946924915,-11.657653040113281,1.8485788049813894,-14.33572654914463,7.223802586639437,-3.698399618754124,-7.29012690668849,16.56392982763681,26.89664965731046,0.006272004652633793,98.11076117636236,17.823422259856073,0.0050196305487680256,87.60161840334818,-2.8604753276805885,5.622041965882243,-0.0022816905342350102,3.0961299410740213,17.252429433391868,-0.005520245222096545,-8.54101507125889,3.39283966970399,3.0827280408961895,-11.996339787572673,-3.29001595613646,5.393186999869343,182.5915434840565,10.045544676669763,-2.609380964704823
716,11.933333333333334,15.933290505478197,-1.4172714174615024,-11.291503274382206,26.74723281461488,1.0922868977957692,-5.476862694578233,12.092660569481076,0.19284729918744967,-0.0004014785779596006,39.70674782794724,-3.852807833338361,-0.007451536039137221,3.3312244076787723,4.777490968274398,-3.849149609650504,8.527458878658667,4.447833593865457,-11.155013697634185,2.0011801545329937,-14.391107374363393,7.7071491612648275,-3.5169436732823676,-7.2952505134333805,16.897104557648657,26.70292409771802,0.005319902334814644,102.42186584268792,16.974120278679433,0.0006900073575065188,90.35155142794041,-2.3637810272426356,5.335444678508543,-0.003937368856952027,3.728547819275107,15.361672277499332,0.0064349296542587225,-8.280284515816836,3.830374020793837,3.190180596557806,-12.306093600691932,-3.412619069103063,5.896918873845253,182.15581234706806,9.694103431038704,-2.0636570528909135
717,11.95,14.986172083917085,-0.8067744285407041,-10.956834536433197,25.353077971672118,0.7948611099825366,-5.071647373779322,11.64918640942541,0.31695766718422635,-0.0007532508622855094,35.07143412338797,-3.829921573754708,0.006246467790568944,4.643184651532333,4.986390290361471,-4.187679316986678,9.549265757482473,4.001229491363593,-9.934028183652424,2.0488849674187324,-14.56165013613037,8.3160298948951,-3.5229620303623532,-7.014693741453391,15.362190306411872,26.951795009760286,0.003949811046982135,101.60598844840918,16.527980424157214,-0.009862043520192043,90.96991099173022,-2.36380189465984,6.6396255166325595,-0.004309556281631351,3.164312562761138,10.371342925623246,0.03223730026651996,-8.088764692044343,4.459497818194573,3.1994316094239426,-11.615526895019798,-3.1818061281070142,6.10720829796684,181.94722511337113,9.448861927442135,-1.5050419732561113
718,11.966666666666667,14.262944297991668,-0.5168753683843266,-10.325265129555403,23.860578753047832,0.6354526708767955,-4.993921332836773,11.117685063272186,0.9539776199534944,0.0021701485547159986,30.05676937862684,-3.7363382693783582,-0.00108532922813924,5.60698275699439,4.344516537702696,-4.184798807734241,9.015266408368728,4.5452983745227105,-9.238509770611527,2.0661219282636036,-14.578883587528212,8.47612539276622,-3.457079959036549,-7.168095980708882,15.2521661738966,27.37506278926713,-0.003955300200765363,99.25466160395122,16.728728751777034,0.010416097746018158,91.70308927187531,-1.4047985517760955,7.468852713436209,0.0017193379270879535,2.6777718973183937,6.738752895932766,-0.024112018227485963,-7.899501727185255,4.887768139545277,3.39392516037058,-11.289864712189,-2.723921541170518,6.524528562177882,181.39984279345848,9.428291266222157,-1.0625414045345152
719,11.983333333333333,13.22375121431404,0.07500875432588328,-9.730832643942719,21.930173279775477,0.0876056544412516,-5.395355720084476,10.290433640502618,1.1106892751598196,-0.0008088132493840054,25.052069056073353,-3.6177425611349006,-0.006494824062959735,4.943187887411139,3.6182072450809493,-3.5622366155773766,7.315901248998177,6.074985651278399,-8.308516116034678,2.1051932788820613,-14.492213289979935,8.194334725357825,-3.039946524578828,-7.500014447556862,16.782724658440863,27.25313888240472,0.004328227751329173,100.99594437160735,16.02257241710536,0.0037559019684772934,93.17024478682282,0.08581518239414895,6.834826730298287,0.0009058421039896824,2.6683568779183604,4.098094069382866,0.002658288776624336,-7.453016708891209,5.3392225365516115,3.7466547900975438,-11.6342586676168,-2.4277145002769727,6.943300217156557,180.46855014972698,9.084511102168458,-0.5560369234040703
720,12.0,12.582498803506855,0.9865938665325212,-10.226540040877513,20.439364048319256,-0.644949388065596,-5.114316568020743,9.799048398621863,0.5012404010358591,-0.0006206471780739458,20.851122117802355,-3.0326300190411484,0.008084000276881186,4.806606344010158,3.6525384718548533,-2.470184243485116,6.463205746363591,6.554859429913606,-7.8705857037502716,2.1595737934382253,-14.689987229979232,9.056300241539509,-2.884456790661158,-7.656910488088636,16.79325026507438,26.781890907320548,-0.0064704992421883165,99.64538439912947,15.459240446401234,-0.010185331636582282,92.31591971226449,-0.23040117632233637,6.154707273836546,-0.002466822289297005,1.3755327598466744,2.2148418643798644,0.012873319531796828,-7.400497752857113,5.870451867602679,3.811906828258184,-11.487111208844748,-2.2237748897218665,7.560843658626977,179.8007567344883,8.923947765065433,-0.025825033855583306
721,12.016666666666667,12.543678016330054,1.456477390403074,-10.153558614970803,19.92041782548014,-1.0379994332456426,-4.669869183743263,9.570829806131085,0.5165157293741165,0.0007450693495463411,17.97426993589374,-2.3753412048859683,-0.0024476085962457823,5.9729738293586525,4.047260350448611,-2.653542074194104,5.916511789448218,6.302665537072897,-8.625481386364365,2.2588541194117275,-14.700234249363513,9.871618966489464,-2.8978105454394893,-7.7482582314296735,15.841651703445551,26.454766036779183,-0.005285407323543638,97.3432044500804,15.909310001496156,0.000978486409376784,91.89885944863377,-0.9505022678189127,6.8405527158474815,-0.001971861795721566,-0.21996763587542087,3.637308647178421,-0.015536818571413282,-7.8252809516432515,6.14770455696205,3.618080554486268,-10.74290780102881,-2.0650876841389905,7.9980469138059505,179.58004072018798,9.278980659652621,0.36490492879779624
722,12.033333333333333,12.154491483717127,1.486455587178827,-9.355124349418828,19.449966800378675,-1.174284741652869,-5.1409214464307995,8.978528546447626,1.1434499716176163,2.6879094863680175e-05,16.384349318209942,-2.2393589990943794,-0.0020161728972750903,6.464478373188791,4.1357299661500395,-3.58269383061076,5.512006141222104,5.7020391640348285,-8.713253167473695,2.3616680335015006,-14.430464502371622,9.440101380836731,-2.2209878397934215,-7.770693627803256,16.946045481074524,26.043262536576933,0.0062090102242457704,101.0733776857505,15.54453166832581,-0.00018139229171680815,92.04615875399415,-0.4784296759160318,7.335916549817766,0.0031740935134780095,-1.2650852153024925,4.7738454382475695,0.011165054892441892,-7.996357348649914,6.252725533775233,3.4666810596730904,-10.339005738867694,-1.881262434676231,7.906021264570037,179.44908310545617,9.441865235103034,0.5596815455226084
723,12.05,11.599166990398592,1.5593218118250223,-9.116602576323375,18.708554305368562,-1.3119126252980788,-5.631115134458787,8.223610064710448,1.4576754347881513,-0.0006643095886120364,15.267248058646777,-2.2278301128932245,0.0025609929627803617,6.068473180357336,3.5976218304268737,-3.584176947197745,5.625259265963921,5.696659945807128,-8.423403456690496,2.4669501157762816,-14.417504464222702,9.509759498837447,-1.6613295444486138,-7.8008648325459164,18.444694031572855,25.32092914578982,-0.00281008627468732,103.7980030588172,15.164034791035572,-0.022832734439757155,92.90425798272172,-0.24657681678025034,7.176376540390573,-0.00024819838295254043,-2.24651270919777,2.4322442917663585,0.01003302388753452,-8.121160820543025,6.3575976238702285,3.393909203815641,-10.492790133975852,-1.7212838723894244,8.253434334211313,179.30431099964267,9.506005960630041,0.6533514252984451
724,12.066666666666666,11.35499069205585,1.66222824718447,-8.67463788772623,18.04024059203079,-1.391212658483631,-5.999356044181451,7.791457835538791,1.6109311883926183,0.0005943286276921764,14.100830432147363,-2.1208074476074557,-0.001509022612236073,6.176494175176072,2.5474360404106475,-3.459448526341086,5.823516662616164,6.052479297983724,-8.481843384571079,2.6206060321084013,-14.623840893156634,10.245555670730331,-1.7006680669873357,-7.94766859510564,17.831959282173077,24.62428562698427,-0.003428754738086796,100.73009532627897,15.962808623578999,-0.015293603861167635,95.39871801056456,-0.32934448346968265,8.041731493726633,-0.001778133326400809,-2.9672454567852755,0.6584899533018299,-0.008855427756670205,-8.34834920694233,6.361446323782163,3.4474531240964836,-10.617193697659157,-1.8668620190842515,8.838630072315274,179.21365867800378,9.749313625185575,0.724620988705846
725,12.083333333333334,11.19092645088724,1.7315678539628963,-8.425334952092543,17.52167880688005,-1.5024392250913496,-6.279022872172353,7.399645634354711,1.6470618828452583,-0.0003544495715484181,13.14300391747377,-1.7895881968226877,0.0007211726220993236,6.329795445286317,2.3094305671683624,-3.354438719989672,6.1004272431212865,5.318263858508222,-8.22002727467057,2.680059208832053,-14.510669966507479,9.813733266354498,-1.421912440687917,-8.169343869435421,17.677286490086775,23.804230260133423,0.007303286753819621,98.64854202035805,16.602882042222838,-0.0011169315054338359,98.81219623962248,-0.6577659411087746,8.325494235794261,0.006054774367797945,-3.1780684697600603,1.7090064261859397,0.0029635559933196085,-8.622457796328366,6.307979471156124,3.4910097337232324,-10.102599219451598,-1.9897105990683663,9.215909776492815,179.15962046143403,9.962654178024234,0.789291271379884
726,12.1,11.031696287324106,1.7551250575851676,-9.060685472340932,17.1167702830861,-1.6071623813402636,-6.145672607211432,6.785050429632034,1.5162401873370241,-0.00033329944220052854,12.249248362006476,-1.3503981618352492,0.0009488402352949205,6.228644079778065,2.53393525144517,-2.8699089442413093,6.577982579432738,4.6975890611301425,-7.860772737168176,2.393911013164861,-14.079521319005758,8.747041178393609,-0.8830163683890014,-8.449729957927378,18.74875263176892,23.12807717364541,-0.002172284670598419,101.35275527508018,16.522635454734313,-0.008803862236159915,102.88554912637628,-1.9052765458684766,7.549513219529183,0.0035245111371941568,-2.3745494839516854,2.2635298729440168,-0.005232412789837493,-9.110757996383391,6.221480011499023,3.259050608672687,-9.64175242160259,-1.7024505442775486,9.885347088775632,179.2301986807089,10.247661926690508,0.7785432589984245
727,12.116666666666667,10.684169237274475,1.6653612195251162,-9.223247450819018,16.5206360618358,-1.5162006666931087,-6.392764853992873,6.255707442055955,1.5178581183403081,0.0005217846776350167,11.23422071902482,-1.2269764220762105,-0.0014897564857530047,6.595289805606069,1.7460237858303753,-2.8306768588260547,6.694383131328387,5.1176163600536,-7.493747284995907,1.9001528311245734,-13.822191260629413,8.317247881389042,-0.3531864977374299,-8.836009899821939,18.16737558720323,22.908667332848307,-0.008482440606554944,103.68877917269691,16.084828452531152,-0.01606993945182477,103.43779311340258,-2.319999887672484,7.690905739228128,-0.004269060415414257,-1.8075848237394596,-0.745498107227581,0.011278271550726951,-9.242438639452805,6.003969016834195,3.024262436272742,-10.315853116234221,-1.3717814498170682,10.667018141888628,179.34257972632616,10.373201876741579,0.6664206578941874
728,12.133333333333333,10.218824295716304,1.62897503700721,-9.029484721467714,15.873372172015547,-1.4969628367187038,-6.742970369635518,5.942160412455839,1.4541083157949672,-0.0002205162367570815,10.445537180635561,-1.098763106322014,0.0008200346126142331,6.8223999227598044,1.5595510631925558,-3.127793631601077,6.48365135352071,5.779498832648831,-7.092366976476323,1.5507605935900792,-13.688412806512188,7.685954646508388,0.16634834628579664,-9.215872612853563,16.44726328692247,22.25382718020383,-0.004933506819278541,101.7113261414676,16.89101367154293,0.0036275791504493432,100.17901119599622,-1.9343031451858692,7.459913741941966,-0.0008803978087820456,-2.3428935602550696,-1.7573788063073217,0.024619220697788404,-9.006418786400396,5.810350117841032,3.0861573958461728,-11.235422432148777,-1.1831023719721079,10.974272647635896,179.44085969273996,10.272386892121599,0.6043448019759744
729,12.15,10.147957140707998,1.5679187815271844,-9.27469312074703,15.728742758556852,-1.5006622874800506,-6.65246958735145,5.744326315781908,1.3743384570159318,3.3045230802185326e-05,10.083000131338428,-0.9576746659710447,0.00014526475825500976,6.7337551051671936,2.464528991176932,-3.408514134006741,6.657153172834975,6.753680722716699,-6.988552389366755,1.3359604135902454,-13.589628091846022,7.182796558453991,0.2047281234537956,-9.353345761568066,15.324759844476814,21.12243144927825,0.0028836236592176654,98.79229493501582,19.36309833220082,0.00040267982483528885,97.70375961015318,-2.3944617011814366,6.512421064527292,0.0014162750305966908,-2.00070085172924,3.7145224435218656,0.031936316957599985,-9.257234306858155,5.731782343367058,3.2257431772771694,-11.220264930289353,-1.1766262169712651,10.754583025450433,179.68280078411698,10.460144990766352,0.5821754387892366
730,12.166666666666666,10.413313251258462,1.2843543655717713,-9.137122818512465,15.825882369775826,-1.244917918128953,-6.825898515808664,5.663831645180759,1.6327338913853138,0.00044301278218165626,9.781210992891882,-1.0635614266904758,-0.0003334056601446151,6.837189279956255,2.2625378594199126,-3.821385224725115,6.9690722618499334,6.978528013057429,-7.115237572246402,1.0107129832026722,-13.64713951380576,8.077234267366055,0.07091622265261584,-9.446143196790167,14.161885189647574,20.606559615670164,-0.0035387335339417863,97.83608548531909,20.77555361860967,-0.0010890525282021971,97.27001041466285,-2.605411978475007,6.775302608438733,0.0027977027201459615,-1.5524308324511495,7.604763204195709,-0.013994919312221134,-9.881006711518635,5.520001398667661,3.0827690824861653,-10.953124428834196,-1.153285470813519,11.044828600172472,179.84192009799153,10.902779999083716,0.48195585105145095
731,12.183333333333334,10.493407424419093,1.229388320061365,-8.887678076388854,15.548125861962255,-1.2014532053874956,-7.492987854089024,5.526415892363741,1.6203810892047434,-0.00039610763041148244,9.124448292314785,-0.9477172149923139,0.0008792378103995577,6.633296240976125,1.9581429748610137,-3.7629689416892806,7.022029628322411,6.251456495569934,-6.83775951999783,0.591880160717098,-13.434794636018552,8.773971405608222,0.38838368394958417,-9.707125384633587,13.318334539095543,20.713005861084262,-0.005279110152833306,97.73207982704034,20.671424492410797,0.009013880606080264,97.83252166782518,-3.087965026158253,7.533977988258073,0.00013434706848464663,-2.1084454707015867,6.639838299110281,0.00024934977001408955,-10.16348007478424,5.240261217490686,2.7274635422161655,-10.827055263057046,-0.8489441986531282,11.8697047574863,179.758473863843,11.160181012355498,0.46218241127929305
732,12.2,10.218629281671106,1.4864357276814812,-9.033799362403064,14.997448556976341,-1.4751828569634926,-8.164916805288147,5.220256525571829,1.1974523486674578,-0.0003677626112751887,8.386916970644124,-0.6132315002327702,-0.00022503952226492823,6.507343631779175,2.546546912272075,-3.4228727047716556,7.145148331079333,6.535712111082543,-5.860906061428709,0.21321574857591905,-12.830833749906096,7.556989667405247,0.7768017491800291,-9.828786569764638,12.937805994726496,20.67949295457657,0.0014261631498499062,98.85892445806115,21.094813368960533,-0.006885076948136785,99.49162731601636,-4.117425691095557,8.11893174778404,0.002216875784255928,-1.8058860820516345,5.881274584576144,0.002453679160428391,-10.063005795826646,5.15606596706476,2.639238091623348,-10.62150184313689,-0.9561019545289943,11.65439296046583,179.81726859265734,11.162085914237625,0.54744342115869
733,12.216666666666667,10.008635376421825,1.489069179704792,-8.992610964356418,14.66798726815204,-1.5550781660923647,-8.319430051187886,4.988224516351342,1.1946202614816706,0.0002594495648780725,7.870250521668707,-0.3909972256313474,-0.0005197723504285034,6.779895256085493,2.544135892113219,-3.645688083372425,7.166834695039585,6.943206207422374,-5.178391746527074,-0.05808190904693141,-12.523716776487944,6.45129341258149,0.9050499786187043,-9.708777523733866,11.494024973575659,20.466553837478063,0.0014153737090019344,101.14550021705274,22.063875366171718,-0.01043803108608091,101.67380612287666,-3.405231438099935,9.268918872910463,0.008622577661091396,-1.0599813054849925,5.90966921711076,-0.003103526526629505,-10.063708743304545,5.181243312289874,2.636087364905348,-11.171651529544967,-1.3661817390668574,10.810865142091998,180.1046439726203,11.221103528235325,0.5915161286517484
734,12.233333333333333,10.049024606856216,1.3543293218689891,-8.704481582831887,14.445096045180742,-1.5679249458957552,-8.33213770880671,4.856272913451279,1.4613320214740726,-0.00027237754913223667,7.197036850177617,-0.1293064423229541,0.0002690930453752471,6.715017258414092,2.045888901110058,-4.000168606162263,6.805191544391636,6.149330611271691,-4.947361521587752,-0.16800545352674928,-12.702671470686445,7.469066096512528,0.9603074997659812,-9.8121965864598,10.37984447542329,20.07600711910722,-0.005818172951530812,100.91343696389468,22.64188457010146,0.010383966240871215,100.04354078065413,-2.5359552980717193,9.730037941299189,-0.003843581313670101,-0.808447653772354,6.172965664266801,0.0023491694902961573,-10.358681483421917,5.209595218010773,2.2968900242635275,-12.194881654050892,-1.1116431865607173,10.596634332842491,180.20979425600302,11.450925899628944,0.6769539080512073
735,12.25,10.080575819631077,1.4475889172117085,-8.255710626686946,14.00162978433105,-1.8820676297144492,-8.833326192652274,4.818074499674723,1.4612549071324585,-0.00010902336665226443,6.391687787082003,0.33416541460748833,0.0005531053475784718,6.75328665701414,1.9966247961465498,-4.167295329548009,6.607963555967557,5.774606607195105,-4.432115125638878,-0.27664500846956075,-12.768717618279421,8.601014552643298,0.9613627100296588,-10.047158150798793,10.285987522724174,19.476583018521385,0.0016310144153667417,99.51386223883355,23.137536101070893,-0.0031699149802012264,97.97132459978687,-3.302891898700999,8.941847007912486,0.0005313399158760986,-0.3100933430622376,6.6566471092021615,-5.7741343520690865e-05,-10.57075434147143,5.241881474515069,2.089543633916638,-12.295863457146023,-0.7972563555344536,10.472808691864598,180.02958311126267,11.57374970613476,0.8494898123056002
736,12.266666666666667,9.90219888065852,1.5151173511750669,-7.854822278035981,13.581900527645992,-2.162344845733636,-9.087820432605804,4.855309100060249,1.2446712357605325,-0.00022485986257041583,6.149904535474385,0.8511522846961934,-0.0004986567245416836,6.8681324312736995,2.824270467371484,-4.579246924710456,6.738467538625938,6.390462310486083,-4.395676355666963,-0.6139465384917749,-12.485380623273443,8.17720550232379,0.9655470573351799,-9.831518645017008,8.764466591788285,19.29301637721808,-0.000530180777368496,102.30159073280272,23.821481397329674,-0.010933994474425326,101.65987846200606,-3.7809709848503745,8.807085033397707,0.0009322308526646953,-0.21476865842975315,6.200691122994498,-0.0003572602549650588,-10.377378232637597,5.141002577917503,2.166945766256002,-12.001022351476992,-0.7435198174240164,10.148576353190114,179.99130460944792,11.423123567125758,0.8998300852124511
737,12.283333333333333,9.637269195670203,1.2814127664881523,-7.784068347321492,13.38497460823593,-1.9346276983811923,-8.732705255184827,4.8635472156790875,1.050172748344242,-0.0002989822105242144,6.207686342245925,1.107904354086333,-7.516917640535178e-05,6.820903740468516,3.5787822686942894,-4.934622801584309,6.62692924976105,6.355013898036789,-5.01428586002375,-1.0696573765389166,-12.246919026540832,7.049247387845039,1.1888529324666341,-9.634043528669158,7.793336655777697,19.706236970752727,0.00023375053312646313,106.71978476963594,24.204646235355394,0.008132223897492599,104.61614635120456,-3.4361811924074956,9.145737123421467,0.0003071597715482325,-0.6775134184656328,5.416236519505234,0.0013983463863630273,-10.165321339868266,4.880487383511061,2.1291137148249204,-12.313028315897041,-0.7910776097470879,10.217296919731332,180.19410211106282,11.291599268846635,0.6873556555029763
738,12.3,9.89570312442951,0.9375409147680193,-7.589697748017687,13.472328202490967,-1.5862856110161514,-8.684125458056243,5.130987640170907,1.215011801436429,-0.0004553776845459489,5.8888833981746105,1.187069318547325,6.737676102862888e-05,7.488013351931764,2.8446350803555265,-4.978174788448717,6.508660617720882,5.333306356527018,-5.031464558400306,-1.2437036998999649,-12.333685160572772,6.319698362733569,1.5807641920589168,-10.03455447269969,9.590040069583923,19.787362901425826,0.000716154869280061,106.58189208601682,24.220407265642624,-0.00206615763924515,100.77503254722704,-3.5865798376429048,8.39088378459052,0.0003640270321552973,-0.936142845112374,5.752970804199459,-0.0047872415211484476,-10.433246852413015,4.702419431161321,2.1904352145577426,-12.90015527750417,-1.4861801021001115,10.423254427181668,180.13468393059242,11.616974179367377,0.48876932062956757
739,12.316666666666666,10.571142731477389,0.8257374509561289,-7.230768597516874,13.76662126316636,-1.6335272589995167,-8.642888932871493,5.547037046428766,1.4560816916883415,0.00013701471744290738,5.567925263856239,1.4002692849309804,-0.00013440672324217744,7.979522440577738,2.0523957909380908,-5.095524634965621,6.676323567529557,4.805359601880536,-4.838087517916034,-0.9911274217077656,-12.440991780616502,6.749400810457336,1.7810702779954553,-10.411608762207994,10.99209342217606,19.077342084481888,-0.003299983087230307,103.52112641056443,24.34211945187529,0.00040870140419736024,95.25747807409535,-4.565977993721871,7.375093978780919,-0.0009939459975774549,-2.250004601559147,5.874775549238377,0.0029836208783030763,-10.833663453928999,4.679115722196771,2.3691857663967753,-13.163457231950984,-1.5085193800163414,9.988971113133012,179.80585672078246,12.124322118225047,0.5664134057758837
740,12.333333333333334,10.779929258350625,1.0604196642333503,-7.551777320064698,13.81835036437015,-1.8621981340565763,-8.230019455657102,5.725829543414033,1.1787831417655534,0.00013370211920434196,5.6604297950679685,1.5595639628658264,9.994750377992314e-05,7.584811360785389,2.5354760141113903,-4.927172976733618,6.911813401268081,5.000107138196918,-5.0834217446267225,-0.8702767528012367,-12.331414048760093,7.056810021830873,1.732862015722182,-10.411270920170839,10.869149285470245,18.643188463398122,-0.0007062776327099493,103.62643857130257,24.584071626517225,-0.002529953972606892,95.86390753889359,-5.125311866960385,7.756143208559598,0.0021241704662968808,-3.7480020774836458,4.586898564187978,-0.004892309786447044,-10.806547540363557,4.748066865563424,2.391428572309967,-13.328563429369064,-0.7060752494406707,9.116377036635173,179.65290300120225,12.194697139792225,0.7625201855623828
741,12.35,10.714046756381839,1.3036199307337113,-7.991264994459774,13.720203100363698,-1.9704751218917176,-8.425558696818953,5.915294503620699,0.7520694266844428,0.00013127505486933437,5.92411717895489,1.5086523207610985,0.00011286276756466655,7.588661047134415,3.1087975970912414,-4.505476909876637,7.17479711180204,5.124343842251549,-5.026384469089257,-0.9062908528838451,-12.333251954016347,6.575122361178445,1.981711900563227,-10.304735365596265,10.924154406634408,18.69782624957387,-0.000386126695347038,107.22300146930469,24.59015493387334,-0.0003800358415575049,100.8430449349401,-5.120550012155118,8.712769736536709,0.004297879515801343,-2.3658386874468738,4.730286049130751,0.013703905406032033,-10.546177466818241,4.855040827420546,2.514411716637352,-13.755427959271168,-0.9802423701738745,8.459172850285277,179.5723411023714,12.066165583778638,0.8454471356875235
742,12.366666666666667,10.99445072318998,1.0733000323960535,-7.750238830475951,13.817113504747445,-1.8249146665307325,-8.85992502020614,6.315073187013655,0.7798404904123529,-0.0003464010617059285,5.985624754692694,1.5149169000087779,-3.122833325635051e-05,7.987901472556142,3.3318920170650466,-4.570502878445089,7.055063426404446,5.353527341159094,-4.839690717810883,-0.8013228778553145,-12.505485231289361,6.439933658519991,2.3003469652193247,-9.998544813280855,10.941988093843507,18.471571243793434,0.005140077735205275,109.16503839886082,24.64464305746589,0.002721483147307233,101.59148392834389,-5.416551599384713,8.141045735848792,0.0006409199862507617,-0.7228608316514287,5.604056532987331,0.015529445796305741,-10.523365500361331,4.825731129632533,2.535437004676581,-13.702948492116235,-1.6739483262633712,8.354671664855841,179.40997015079972,12.202048831854126,0.7570297362916012
743,12.383333333333333,11.199885205512365,0.7802478939420538,-7.9633989804994085,13.92590801925658,-1.6693073325675563,-8.70034661874275,6.588095475222372,0.9022957655471188,5.0253338873453415e-05,6.08496119190192,1.6324411262980667,0.00020882561368526558,7.947505213517691,3.9252781531405048,-4.589764435686269,6.942359188439782,5.537531160491305,-4.918806833985831,-0.9362709120564101,-12.542606781939707,6.337802054394931,2.0334650761950264,-9.535074736140633,10.511437962385198,18.350904361068128,0.001315973063551706,108.22936933282269,25.009239880204273,0.002052984239207347,99.36125447898446,-5.229918041444855,6.971234240632567,-0.0037983534054293897,-1.5936641466894568,4.501407131596052,0.006316460757197538,-10.660882224256627,4.812344935015356,2.1530171443835417,-13.057258877882848,-2.1391525608323083,8.433760734189203,179.44437932283424,12.314897355049757,0.7447048602205588
744,12.4,10.887770576365222,0.8035613963672233,-8.653210522984077,13.795509385353006,-1.742619179073173,-8.447738835412942,6.553011518608862,0.7880432601377698,4.421973591222643e-06,6.44856377648989,1.7860203314135725,0.00021277724942644267,7.875957683135527,4.882321590132208,-4.321701230674066,7.43110559302931,5.410390949532168,-5.050691705419306,-1.1910132213050035,-12.583133040124864,7.029023866080263,1.6272879422102005,-9.406538206158912,10.53553628193471,18.412757886388643,-0.0017161846353508294,106.35363739997419,25.39886303921034,-0.001702306062257658,100.03951401276883,-5.308647746201345,6.8031055470491175,0.0007739470884472811,-1.7589512979311719,5.398632725320195,0.007125075061084136,-10.588260911675317,4.865043549338415,1.989334278466291,-12.811027192060562,-2.505773543490436,8.045011466895444,179.61492839214404,12.102865935826834,0.8532225570565096
745,12.416666666666666,10.548651111102185,0.5939841818095425,-8.303375738873964,13.429239699361757,-1.5501153167083017,-8.621428585905116,6.553016952602207,0.8239804083760197,-0.00022082231403087565,6.457346974551268,1.7365975906041433,-0.0005799763691579072,8.383023144108545,5.133903744904658,-4.558318836781524,7.8636032021555256,5.8029080930175025,-5.293663766912086,-1.1273249441598743,-12.814629961374651,8.767498470619575,1.6591314078798927,-9.62337771047824,11.750385168769258,18.28323186242485,0.001184807529513224,102.95667472835542,25.51910270810638,-0.0028378926894340674,99.5198902201701,-6.547251694810836,6.530692403820704,0.0028049033684755184,-0.8471932657477148,8.224159062938654,0.0011869762665379104,-10.365624168012602,4.7190607369495545,2.260156008000152,-12.863912774261827,-2.3752626625261404,7.964291528893859,179.3978613622003,11.859816658530027,0.740825239209464
746,12.433333333333334,10.663484071527762,0.42257356308713895,-7.39474439426447,13.24992183470344,-1.2324466073992575,-9.051223963260343,6.749316309847094,0.8404308550051257,0.00011506952099110797,6.247389757037127,1.348090670721386,-4.1525520385016816e-05,8.66355543968969,4.486524281437204,-4.912783630965792,7.9862856093441,6.453988289534746,-5.407431617092118,-0.9978614895505322,-12.83536882550066,8.401595527663796,1.6989889633846376,-9.574418116838176,12.36649574549618,18.279888823294637,0.0020532918298490914,101.87314851608828,25.273308137761788,-0.004513418812509489,96.48615617621506,-6.625794604546502,6.138675861058671,0.0016561964496640302,-0.6644310743742805,7.836777982947599,-0.00394799471182347,-10.35552517111987,4.669144535411421,2.299798227575387,-12.631476943815965,-2.6879801229882845,8.406172979760962,178.91224902213906,11.900142401455565,0.6270502201617872
747,12.45,10.868981727169329,0.814449379393709,-7.489435808079244,13.449171989473253,-1.5333665705875743,-9.169843085057728,6.887403495120656,0.6046492616982649,0.00011623583171233326,6.531978311164888,1.2458494694694604,0.00011033242030938383,8.048567436400852,3.669732801654148,-4.564106900867363,7.873718333990153,6.373723361996891,-5.076432635375613,-1.0576113185521212,-12.464858694060272,6.537955800278069,1.3179864545366713,-9.296480945565492,11.320405282613098,18.408622753514475,0.00024525365743079775,104.682061688013,25.183356490116353,0.005568641483790157,96.88525061390244,-6.10674030309256,6.762841562150228,-0.0006018718134427824,-0.10202432486492537,6.446125006011455,0.0018602801048539694,-10.503960486709623,4.9017191612017745,2.067355316110831,-12.660808009157622,-3.4790185441036443,8.023594811334702,178.78186847109527,12.029782851502342,0.8826631595011958
748,12.466666666666667,10.750966288798457,0.9902378557586663,-8.113379913607021,13.540873121271698,-1.8742124942552196,-9.376636023978204,6.931390051503002,0.5863426544671925,-0.00010349308341604655,6.991135610845371,1.5594525566434807,-0.00018235558074601962,7.822381759746461,2.9098148603656635,-3.9696551964263245,7.812092254037924,6.13402155434966,-4.422423487459564,-1.0150877593077798,-12.148909026409589,6.570348458179247,1.0983897910425404,-9.424802785433837,11.963965614321946,18.386279270293354,0.0022963983720764676,105.80472431148132,25.097286137742874,-0.004915254311688874,97.20642707519131,-6.705240304644354,7.670382489764064,-0.003561869169720612,-0.15933378221684494,6.813947731812801,0.004481322254199548,-10.418771924268203,4.957666187310211,2.0293638479362053,-13.173758697667514,-3.724667109780983,7.373433110354027,178.83452208737086,11.948688345983127,1.0705738267875158
749,12.483333333333333,10.74659612059489,0.630631533309799,-8.057816293187338,13.498435548901922,-1.6791978358996569,-9.700586231628188,7.026228395149823,0.6999842586969619,6.361808952049526e-05,7.064313845238913,1.841522116105564,0.00025670907617761975,8.535089700707012,3.445585279763752,-3.8755429147610743,8.326699683582207,5.912749073244071,-4.296378412685783,-0.6675407846492025,-12.192087916183228,7.522270600307563,1.4327042468037077,-9.635450064586248,14.078840774036678,18.412162835161407,-0.001083516573218387,106.25395522765596,24.364732677109323,-0.015363520506268822,94.44112199209017,-6.091273828289067,8.097404532676089,0.0024615824276859742,-1.482847502120276,7.137195956317138,0.0049221451940796475,-10.311820177455699,4.789745851520367,1.9467097865119345,-13.108059514577128,-3.8567889138677063,7.470611242496816,178.74593112759143,11.957354178270855,0.9208962522585571
750,12.5,11.104613635884306,0.5350360362611041,-7.474306397988561,13.582514376928494,-1.6742400884526838,-9.349884753685545,7.135324277239437,0.6948979099781643,-5.494456623848601e-06,6.805043293131972,2.196241899981902,0.0003034268937461872,8.783566262563124,4.777246375839413,-4.318589767520709,8.474818501840462,4.878669124727862,-4.905593642854644,-0.49875573834076287,-12.46903624429369,8.16542990392832,1.7268492718119905,-9.305962875702864,14.262355344310857,18.74722819604777,0.001515962337145788,106.34962504889815,23.2360485835283,0.012803492272693109,95.15665464987076,-4.732119923347071,8.53157609995934,-0.0012114377851400204,-1.6683875964530388,6.495373659045765,-0.005118044748109312,-10.591403210021102,4.837802709399176,1.8083952790490725,-12.581618449893849,-3.9028271978078117,7.256923992092176,178.6153404382094,12.25094684163702,0.9528525818363959
751,12.516666666666667,11.18099055265807,0.8089144148206322,-7.039377941374817,13.425109193122468,-1.931872240302997,-9.57637383053301,7.335161253786958,0.7079066670558851,-0.00012821470379263463,6.633063479918459,2.3154401613228277,-0.00034156833220259653,8.29534510440865,4.205472521012224,-4.547240876708662,7.771748488989169,4.095342460012151,-4.8261492456488,-0.6810229197264797,-12.552507489786258,8.63933331819249,1.6217225960488995,-8.781053507263696,13.795095861151497,19.047156570247793,6.425500099564262e-05,104.38303889626921,21.964223868916484,0.0013716689389054887,98.64052464369868,-5.129525125274082,8.861527779690757,-0.0007874480832028364,-1.388051495337372,5.150998506084683,0.0041102366074342546,-10.72045692778982,5.043850250610902,2.124088959662669,-12.730937637989415,-3.1708994618817146,6.412877534724413,178.30328239200466,12.23314830141592,1.200149823067661
752,12.533333333333333,10.883495339004972,0.9154607615498183,-6.521632386580498,13.020520757085961,-1.8680261578528925,-10.436078566776889,7.569522101367969,0.6484508400140844,-5.903101699538359e-05,6.690758201998953,1.9539039406462417,-3.214744579678084e-05,8.26029246154548,2.945708084100044,-4.800013530861747,7.721357318543305,4.680278763293335,-4.379844062163626,-0.5131630477970448,-12.402542279489278,8.459417740565083,1.346071232031135,-8.494634887888655,13.973500992513664,18.84467840088784,0.001383667918580106,104.06859954422181,21.37312508194191,-0.005583271657067883,99.58665878990071,-5.53908932195123,8.663132307889729,0.0004938406974771538,-2.2680164570914285,5.004181905018845,0.0015031303775334605,-10.364271551378984,5.0374863504261365,2.537132215328773,-13.188384078920635,-2.567246686462724,5.911729136793167,177.98322534629827,11.873151133930998,1.1970613262023917
753,12.55,10.793540613990524,0.8194127628495297,-5.811211254982322,12.924576460218114,-1.737247957213298,-10.111188133128964,7.60003929103025,0.6224199948691049,-0.00010044910049151515,6.757505225439166,1.8795563273075595,0.00016701905390354062,8.71892153411994,3.4102029584350535,-5.54225910167491,8.292197225639347,5.052080484147288,-4.879993197060821,0.013257232996429155,-12.437958401944195,8.648555946005915,1.1622644403001927,-8.570990978563318,14.595678148616816,18.40474504686153,-4.000102867321081e-05,104.32743340102373,21.511826581674022,0.0006528878889454423,99.25723535572934,-5.228550022511072,8.229137244412339,-0.0004757050056059571,-2.890960734002649,6.083459580811794,0.0006279607784684294,-10.194833747190865,4.959504177534257,2.42537904098985,-13.364608801886488,-2.9362377871572605,5.937114896178193,177.93812069035937,11.821207023803746,1.117162397389284
754,12.566666666666666,10.996449012860644,0.732222092181902,-6.159777618328106,13.116585219369695,-1.7867628724253717,-9.69227386135641,7.6499948071108825,0.6862348116941213,0.00023360456641572758,6.890538355019587,2.0865046252686446,0.00019335238709993648,8.817872234111395,4.179667737721771,-5.20870253708432,8.196624673990932,4.672228794398703,-5.0686957284652765,0.09446609265896608,-12.556405277631194,9.334115807577273,0.9850916528342669,-8.723607240909212,15.755029737792261,18.33096626514978,-0.0021390103967725916,103.90892731280223,20.60172056558478,0.0014464228744186635,99.75584201182149,-5.770743465087423,7.698844962161493,0.00219543794964241,-2.2712666721194332,5.443860296578456,0.004864314786325928,-10.471754613998066,5.013483613875195,2.140767171610912,-13.197331844499825,-3.3237104510119133,5.912904120113008,177.85682930463915,12.027965352457654,1.2101527641674508
755,12.583333333333334,11.00974336364501,0.7619678604552107,-7.286321106091769,13.074202274854073,-1.816755100993267,-9.947811443295645,7.668760227392578,0.5696833867889811,0.00016146575152804998,6.925294742935532,2.0664087868355843,7.230454842014916e-05,8.674308235921972,4.160892256379524,-3.9346696072912377,8.183677166688529,4.578792097984166,-4.579637344717499,-0.1402247737348978,-12.53929156332817,9.618309733857737,0.7564247347982302,-8.488656633094445,15.871412710384805,18.52094711681126,-0.002262180810755378,104.23534883249826,18.946661774405825,-0.0022672202547293634,99.28293974546352,-6.4854981601225425,7.547921858256727,-0.00042778810517572297,-1.9006387173412842,3.4758916007854688,-0.0066275713472052555,-10.702600039569358,5.027706556460108,2.108885749183643,-12.604648051135971,-3.0978743119899734,5.551868618277904,177.7456150197923,12.06314438625861,1.3146447277391917
756,12.6,10.624403349955344,0.7670438555691993,-7.394923264950843,12.532830032290304,-1.7531894995920458,-9.547750860990728,7.533318299509159,0.3524547865592639,0.0001880879839369054,6.4827548700786775,2.1968891806004995,0.0005274155970631138,8.982281262601374,4.648645661750255,-3.8380932998066504,8.706934328389202,4.71740835190833,-4.9855591214936865,-0.21781093766290577,-12.461333433598815,9.870361835461946,0.519837260542556,-8.412064782348088,15.68011236517437,18.619288713106275,0.00129302243937125,102.85842412991514,18.524418782429233,0.0036408906067759276,96.36511706887174,-6.626865175872678,7.966572383899421,0.00016541140544896132,-1.502678110294596,3.4990375424646256,-0.020942676537621663,-10.567626310403607,4.8603695367420485,2.1436142772294366,-12.13247281708394,-2.7414857596341147,5.637044601916291,177.7954959161252,11.816116752090652,1.2581397285499472
757,12.616666666666667,10.426194916582915,0.6614874985612835,-6.7271943478617455,12.072681637426433,-1.6753580710507685,-9.346007427496476,7.684402879973349,0.2761029025317041,0.00012644805393977008,6.112994348095524,2.338363841991355,-0.00011634393475925245,9.35687224901129,5.052146411172075,-4.469150465097989,8.630121311192852,5.312679150815118,-5.518810674557686,-0.3854333190123031,-12.320277039666784,9.871813020611848,0.12100591597036327,-8.803033062727277,16.71683251191668,18.741275489966824,0.0006328189468831981,101.46421699915932,18.964089867998773,0.0027426128562115086,96.71521807761475,-6.648227790129458,8.036487850149033,6.366883893602728e-05,0.9103931922773217,6.634645486126985,0.036191307038926396,-10.440405584052312,4.640488924072568,2.3469957311622416,-12.191202542307433,-2.662670716069646,6.022523523919984,177.65480853325982,11.606219336933576,1.1191674897401258
758,12.633333333333333,10.488066870541362,0.7836653163392949,-6.646580990230863,12.067288872545058,-1.7816468617633634,-10.033713952650087,7.892085533337214,0.36618436311171715,-0.00011175095510284057,6.300522866379463,2.1142023818669196,0.00031312008586656273,9.230234906782531,4.1705473445568115,-4.509598131028282,8.364379689253557,5.769296788875115,-4.9722110126519885,-0.5667711814076606,-12.25766191962258,10.013420416265545,-0.04941253132594351,-8.696780796532654,17.338034660930354,18.847721082248356,-0.00024483976112526856,102.00059200286967,18.189743403963334,0.025610443096258786,101.58160274468263,-6.55736216894878,7.750241011302508,0.000657694016057238,1.3565250528751198,8.867506440606267,0.04064631256944209,-10.567341855200144,4.673254496721607,2.554949974349448,-12.39596044089467,-2.7410052836618144,5.581664620262503,177.39575481128603,11.598622109361452,1.2482510280846197
759,12.65,10.244327576543254,0.9460101423079815,-7.020548353382335,11.98236036959938,-1.9119031689572108,-9.764708452278699,7.879094134265526,0.4021439133122187,0.00017687752607250365,6.594252435217934,2.1312293794475847,-0.0002390205718459524,9.351616143884335,4.065682698855483,-4.411728973517947,8.73275195415736,4.491688168364032,-5.012889481979913,-0.4530336446868687,-12.385398525970047,10.711011073779456,0.49667154226671334,-8.261856175496575,18.287596861205934,18.850362433935274,-0.0009218392291763313,102.09825070556103,16.0767036437343,-0.040768312962783014,101.5783452706972,-6.3871963521536035,7.541286032763566,0.0004579442184619325,-0.7524959650362739,8.218524592001911,0.046960385536817514,-10.406800879717284,4.852389798475451,2.198096106017222,-12.374796247377263,-2.858546744961784,5.39791169696373,177.514213888841,11.431670836383164,1.4615835269864594
760,12.666666666666666,10.251168759788348,0.5971422159086825,-7.076210174634978,11.972064527346468,-1.604401067266403,-8.781573480532971,8.106096420615087,0.40574210643597275,-2.5445913776930876e-05,6.614455881715036,2.360380838921468,-0.0001705282084455009,9.654599161990635,4.797299580924472,-4.413081014708925,8.602069216643672,3.02696774670243,-6.0117278856641825,-0.26105071535135116,-12.546885381480074,11.006141719674783,0.9421238521097673,-8.367695307051775,19.85391535134365,18.976377661135455,-0.0012966289735399218,101.93251097766404,14.903861862210858,0.006260431018752669,98.41297236128678,-6.069361693657627,7.3774797550363465,-0.0016570879299906652,1.239022759403548,8.350055727615981,0.02469319861596902,-10.148931019421903,4.751687367115856,1.8904996887526504,-12.30734231183776,-3.131529489687701,5.741059149958505,177.68459038577186,11.374508209473666,1.2472181186677451
761,12.683333333333334,10.68123960610957,0.12219180819581887,-7.369005322418778,12.155514115974473,-1.1602419183405377,-9.134741611719233,8.423235077427236,0.5646713821650055,-7.828819677532708e-05,6.423514085355538,2.1979256289082567,-0.0001823341602998353,9.435890164522311,3.9883154357431643,-3.7861792332474167,8.090939026823321,3.690387489717412,-5.958016735644142,-0.32210905132302653,-12.645955676823537,10.934800333106102,0.26164252863366666,-8.594103237861665,18.959004835165437,19.309044202317107,0.0016082744759628289,101.35160556204909,15.481704486869665,0.00023212472916805049,97.96935655717624,-5.263178396685875,7.637484044544631,0.0031972275226503544,3.6446762674958553,9.719552678628213,-0.018301716994070117,-10.350136182614806,4.4702671568845,2.1286585260386586,-12.533588590055963,-3.0963637801357966,5.123213375435212,177.46264870545755,11.643917624099755,0.9076543886664592
762,12.7,10.560700663634043,0.09327025069790833,-7.853030633664117,11.964421351553575,-1.0567338949317089,-9.898734198287098,8.365293753632978,0.5562633353401012,-1.9514333575167353e-05,6.396347394496326,1.9725592451338056,-1.7774768073229153e-05,9.445022987865237,3.5730617039548,-3.258273102667648,8.672915027354996,4.307676015647077,-5.199149366369241,-0.545176517921955,-12.637059090434049,10.834324129207777,-0.4532158063786759,-8.519168232936469,18.073279504221855,19.589105220113748,-9.289838228176049e-05,101.57615889600855,15.564890662814742,-0.020181380715527022,97.91858158819893,-4.439821975529233,8.073982713660177,0.0028603078788604166,1.0829488529887785,9.845234243216922,-0.0018664350277996914,-10.455277063667152,4.319139236001817,2.2497012467925397,-12.959831081697915,-2.682487790603948,4.3480961350716605,177.2371909760662,11.611942108756953,0.858826951850578
763,12.716666666666667,10.146590932355284,0.23184319661183567,-7.331885933364521,11.74443094391867,-1.063489409089879,-9.835282346635152,8.248002621609773,0.43175496496636,-2.2495868681222014e-05,6.72159608641605,1.828029844029705,2.5551934672535136e-05,9.865059807907677,4.426249841324771,-3.8879187098497896,9.369532019929187,3.6708724786840525,-5.020713206236571,-0.5863455805270328,-12.538651812660516,10.609638423777444,0.04490739970941912,-8.416353800213479,20.20009766011968,19.61016214255235,0.0015464529883821212,103.03187075715275,14.171810910814594,0.024040707217268018,100.16913440320967,-4.3161071417333385,8.066264169803064,-0.0006065984134198577,-0.4213190124952768,9.149744563718391,-0.012808137506973688,-10.255846159092671,4.250761892031021,2.1524019556549527,-12.901883664747078,-2.6438012448664194,4.356219037962409,177.24605299338765,11.333038363578757,0.9101856318308008
764,12.733333333333333,10.14578164906508,0.29271249969854213,-6.847495242831486,11.93356060195393,-1.0970411506675695,-10.113232001185384,8.370426061619996,0.5392297446549311,-1.2992017022154997e-05,7.163117476182421,1.5322130238518485,0.00012647823013533458,10.051930779253647,3.7823201900756036,-4.305065753780593,9.213074397804778,4.376928545062047,-4.856605643115745,-0.5557456010606117,-12.498169921094766,10.552182285971334,0.2772043434277534,-8.435544359459813,20.94419592404475,19.563400733239842,-0.0006785087703270484,100.92774188673516,13.51857271284154,0.04255496170637463,101.49225596860992,-4.642679275943562,7.44097542011683,0.0010134542140943763,1.4388537585908203,9.811064480197242,-0.006943824752845206,-10.296615437091301,4.262799316929477,2.082471757502352,-12.401960907557347,-2.9867664900209903,4.532628173595105,177.28564130676938,11.301401220999063,0.9702952821566485
765,12.75,10.319267257798256,0.4735346686142211,-7.425711965559254,12.197347621389804,-1.290557593716239,-10.426823805761655,8.3039492554624,0.584765013642698,-3.479301532893766e-05,7.366619300456661,1.4528848443727949,4.0445398223004156e-05,9.808931493860564,2.3760553404921985,-3.6526181354771303,9.286091241558623,5.225746010891623,-4.785154391552379,-0.5626138576340579,-12.594802798846802,10.791979363786155,-0.6007224471810022,-8.517317455489964,19.713526038149812,19.52927734725785,-0.0020529131387471092,97.7495058692502,13.861387873946038,0.0460488235458135,98.30364995130965,-4.96931147518598,6.585248076622258,-1.9736248851726632e-05,1.651138499672757,10.242519700207291,0.027760459793992033,-10.597774783127635,4.468228820292996,2.032456029191232,-12.334897296865094,-3.482489410451454,4.603799797727281,177.284060400955,11.539292739468411,1.143131995603161
766,12.766666666666667,10.400884376666927,0.6119766173164426,-7.4374674322453895,12.28806225032427,-1.347358640099114,-9.836338823288173,8.017894547365529,0.4946826185625407,9.793192820333908e-07,7.141440441020525,1.6232144613831316,9.397453625295226e-05,9.343283267339011,1.908826972917031,-3.2959087494461063,9.415439280421829,3.713199294662795,-5.197311964332094,-0.4433891504027696,-12.677801504464375,10.88737944018688,-0.9868836809510996,-8.294691372426572,19.537408811746985,19.440851378191024,0.0025809053424327997,100.00478376903573,13.368685428814823,0.019073225178408953,98.38552095531082,-4.749949541962476,6.955836069858604,0.0018515685181158057,0.5251457207940056,9.217508609300863,0.04287439394080218,-10.780679253145314,4.562901890821502,2.2924817525962604,-12.697036761302252,-3.7598413103511112,4.3568135700879616,177.17345962661057,11.789035211363284,1.2235252060504487
767,12.783333333333333,10.348396571777144,0.37488955215790126,-7.199221797438295,12.178603212517752,-1.1580192966790956,-9.292387069485592,7.946825694231602,0.5518471838182539,-2.8518657944582314e-05,6.855825304077656,1.837525395851006,-0.0004671560461141505,9.214098633160228,2.3059672217361005,-3.3173435307816077,9.255240390297173,2.2566433653719264,-5.61455151288717,-0.5730924347077244,-12.596755293440149,10.487686529255809,-0.5385160558326927,-7.911380325774067,18.612200808173192,19.666659077717974,0.0007893130511480089,104.2271819391672,12.4982898020397,-0.010210331135425715,100.48141960351285,-3.8301652531086585,7.891038259874027,-0.0005964851605470325,1.031172470642104,8.994802035683056,0.012402925629557658,-10.746985890000234,4.310758591151678,2.4732056936869595,-13.087747850523083,-3.482695332144404,3.9787548948828997,177.1608668004114,11.806215272982325,1.0555735690049592
768,12.8,10.256031743420849,0.14576542394582845,-7.763025059535101,12.047541682075769,-1.12873292089151,-9.145280400536723,8.002201020830508,0.7066344891686661,-5.5642583025942595e-05,6.801994901314913,2.04010926004117,-0.0001546097243062701,9.212080700521739,3.11209405246028,-3.2383999220771322,9.320292966230832,2.6890470157081445,-5.861231396824122,-0.8816653731776254,-12.484857552986497,9.997458140242948,-0.5086519504946353,-8.030010825583867,17.410218757780545,20.053028626217852,0.003237533018027682,104.93806503906721,12.79977887790966,0.010032837906341074,99.42167117055034,-3.3651159786497007,7.30611003917557,4.562519925052378e-05,2.0751652834233494,10.662011663050603,-0.00373081948241823,-10.748139330119955,4.204505561069611,2.053640152429281,-13.382586165642607,-3.3690095173224672,4.081976074583028,177.4210336559704,11.760423223434996,0.9862782686273378
769,12.816666666666666,10.357346789788787,0.3065355753923228,-7.433320281917914,12.082743491099215,-1.2626699570408288,-9.03385536332067,8.134628083621166,0.7051000507405418,0.00031073405734583485,6.783266403161262,1.9136775906434627,0.00023502360834982096,9.114488146921012,3.337385392870281,-3.6925504590201275,9.189302699293279,3.153745602697893,-6.042991999808839,-0.7635484645153158,-12.490222655064217,9.832069097409391,-1.0970420882660288,-8.199578753004841,16.520424569145682,19.928080393668726,-0.0028856769252597683,103.34562623041519,13.833675768741804,0.005500466268990272,99.58555749251315,-3.514798753009786,6.599674975215982,0.002425531507996054,2.2999015381523376,13.296878714870461,-0.0012530439602846692,-10.898062102461541,4.347574272517975,1.8994887340987365,-13.288957096503411,-3.3764898499605844,4.257036052092606,177.47050425992828,11.849890444118902,1.1080041285716358
770,12.833333333333334,10.507255218074702,0.4355353976677943,-6.7627191298567535,12.212918165615035,-1.2214073095324254,-8.903711289797256,8.195287297467328,0.45340691671472894,-0.0001165954996841876,6.7644126950478904,1.8595729367447111,-9.268541330916616e-05,9.345049351672387,3.6486957093885826,-4.093288632231733,8.890244866656436,2.621420503274568,-6.373895633787043,-0.7024513533633991,-12.52413593703119,9.883621550127243,-1.5008132029754073,-7.813557243354382,14.922810852253626,19.75282586513717,-0.002451775250595263,103.11451325219768,13.675073726695752,-0.0038701878585307025,101.1703781251749,-3.576497690973929,7.0182633398652685,0.0002674750112825238,1.3115454148900765,12.719567884789146,0.031663031973672255,-11.082476000573488,4.300146537974672,2.180917622434329,-12.918166986678472,-3.1418163073981935,4.204747713749509,177.27414399370505,11.975132405045311,1.0747356490303797
771,12.85,10.485545862187951,0.3715626397089916,-7.121830328112028,12.411770131576734,-1.0567995070249945,-8.857497815641109,8.006969510022506,0.26950777906122675,-0.00020907377577211858,6.985205165725442,1.8987653473885138,0.0008114884765898728,9.41518393564433,4.083938346067987,-3.8508742849623245,8.879978966629555,2.4580191185366433,-6.357273801980924,-0.8496281079828686,-12.645052862902249,10.514411957378561,-1.5669082083829786,-7.82437294340657,16.123464607598468,19.880712752075524,-0.004488866999993689,102.98778573799187,13.00340801016314,-0.006677989125040942,100.56579404363774,-4.266083363741046,7.068264047967737,0.0016548027106720643,0.41121467110785814,9.667870349070682,0.006618556890427695,-11.184454105875556,4.211700264654779,2.1903947247785536,-12.988439990176065,-3.2562032026422982,4.017178799064625,177.25980402882698,12.061877974960826,0.9480115293592848
772,12.866666666666667,10.36192641206233,0.4366853371858756,-7.159697274541999,12.45649093709809,-0.9867454005832355,-8.868877440854462,8.048639046193971,0.38422350761692964,-9.304837428659817e-05,7.278537446838536,1.384609730115076,0.00021453840544637784,9.291164677017573,3.362704708077779,-3.798375739007324,9.198817309630789,3.178181387203388,-5.910111573386295,-0.6593143118011078,-12.905738197288551,11.699333478894967,-1.5228671504473639,-8.332066410701774,19.325324712852716,19.79426327007514,-0.0047407912666398,100.474057430862,12.88245361405307,-0.008152965041517328,99.06854457276171,-5.126246263176442,6.742553199367682,-0.00029051304231855567,0.4556931846613205,7.438076129200666,0.016586534336286336,-11.07849315413815,4.3180792804668435,2.1262622801495192,-13.375385402783301,-3.634638910885833,3.538072251809233,177.35772437335189,11.988095417536403,1.0148891897389989
773,12.883333333333333,10.247238501036929,0.5643672779548249,-6.73221683160563,12.013861158980038,-1.083580036347956,-8.62203950835303,8.340862362967549,0.49195228599998414,9.130951682105738e-05,6.927207987717263,1.2630585366051998,0.0009505058241160973,9.488427538022425,2.904972006851005,-4.2253018816992105,9.650893864678032,2.909237142908106,-6.034271890582034,-0.5786845158726106,-12.929513640800199,11.998961749995622,-1.3718438251129126,-8.433086990876966,20.231874087573768,19.64260638649344,0.002430652439423536,98.9456537298189,12.512683835436944,-0.015285136393959196,97.66275311439382,-4.525284847739448,6.714420085760221,-0.0006699430156995711,-0.35662914962763126,5.6570332912316905,0.021420054242660573,-10.951831337320105,4.333346015319559,2.005273654418546,-13.193641043827327,-4.028795786574541,3.5349763356283073,177.48366907371212,11.78641299286307,1.1253222997233563
774,12.9,10.247600312971892,0.6135691374989951,-6.38187490851499,11.60473496104064,-1.2702837824493354,-8.540023341071725,8.430340169852121,0.38195267480685985,-2.5253467200232966e-05,6.341622152311354,1.9434290994705783,0.0002794712643403679,9.502801457649982,3.6880437889177435,-4.7032535782143485,9.678771543183782,1.4910639285466687,-6.167472765671251,-0.6592961742112056,-12.71978420010518,11.290731814355427,-1.0138448389117602,-8.418653991123804,20.19358724364459,19.638692974751024,-0.0001693693992962626,99.45470221966278,12.53802103956009,0.011741490165880148,94.8969012770122,-3.7632062543944276,6.76241906111363,2.5985364857963354e-05,-1.064089266334599,7.5104881074459175,-0.006113257850302705,-10.950839170183427,4.218697936132079,1.9589391833360477,-12.97212181401074,-4.320591651231173,3.943473971031686,177.51149892017122,11.726375800605675,1.101849117596471
775,12.916666666666666,10.198495889527047,0.6508911971162343,-6.253143834511747,11.639823998908808,-1.427127237686949,-8.832157620665225,8.303395279882661,0.343465968362737,2.0594856060477974e-05,6.45561783355694,2.2036957273241637,-0.00047772846070063613,9.47312493896346,4.348731989322377,-4.7979781518854345,9.645502185194486,1.6858527296582955,-5.862288151791756,-0.5181688233099438,-12.693194202023001,10.936173460110428,-0.7264323966360604,-8.612701635978032,20.562341671941724,19.63548208491963,-0.002023781827982086,100.1696408656114,13.49584892205178,0.00037277869863277364,93.47121451444755,-4.104173703352405,6.915445846001853,0.000581649129289429,-0.39773985016008107,11.22365948568134,0.0022868097385532167,-10.898743133148898,4.299978578008464,2.1834934482350743,-13.265624060197228,-4.088734178868105,3.5980238564162437,177.39522719502799,11.75243920828905,1.1455551409445746
776,12.933333333333334,10.16062694005415,0.5346132172471909,-6.8171009913627625,11.673827069266274,-1.4092691253779097,-9.024399134016155,8.293013450416463,0.4310070107716083,8.493651882541499e-05,6.634176225470184,2.122880996120678,0.0004986384418486613,9.757374480028446,4.580490799071361,-4.479241626109587,9.726195556314407,3.0919481923975836,-5.995559507739653,-0.5850857486139506,-12.765839652361107,10.952926506688758,-1.063056582519272,-8.777216410065135,20.397540729459912,19.662259682502448,-0.0003392871055587263,100.63716477862667,14.599894887594413,-0.015303831305191445,97.14966090208428,-3.907148718653896,6.468688726860133,-0.0016574568350292153,0.08061507097039335,10.099107801231662,0.0026699110601595727,-10.9227703822581,4.332969889231024,2.201639061748401,-13.203304451283335,-3.4926523465477066,3.1228373246875667,177.3677292560482,11.75539253860689,1.1747059953871255
777,12.95,10.407453964220288,0.21491189007251899,-7.427258618864047,11.597648248701324,-1.1707720686021372,-9.006900948449465,8.712899274038547,0.3729044666720348,0.0004898744490205951,6.5464552952755986,2.2396762310995784,0.000298897553597685,9.875226518103592,4.817928483151554,-3.874728898854353,9.408267580695274,3.602037696795748,-6.5810838569970915,-0.7528059812178448,-12.754848082558528,10.729067343168152,-1.245767839399421,-8.80020950183831,20.22882967794664,19.90953757203808,-0.0015462034740073047,100.16581842433239,14.339281973490289,-0.008188101204242243,100.58483461188375,-3.2555226974469047,5.769949602464267,0.0026778141980299745,0.2071091647548929,6.045392282652603,-0.00198158683132189,-10.932383869887065,4.0586663816144455,2.1867604276968,-12.96462666751554,-3.1105861778397346,3.46205215855886,177.24436430304382,11.768535422287513,0.9922757869104637
778,12.966666666666667,10.636200318025544,0.06710472521256754,-7.30527527076674,11.596339049918022,-1.0542535916102649,-8.847151259000311,9.346846290527616,0.4547330319722816,-0.0003962589689490699,6.713328468647161,2.0305084145111323,0.00019409513386544396,9.972240472500102,4.408546946109736,-3.28586543486,9.309131408725216,4.0847130039318,-6.964823091773128,-0.5176930315918631,-12.797288371735542,10.621228449619466,-0.583078024186368,-8.448995133624864,19.767791147510096,20.516591892422806,-0.0032722073907513957,100.08420058599464,12.665484998598862,-0.02208598420834526,99.43095717655657,-3.6570521676785743,6.842582859482271,-0.003990867642484487,-0.1050344855857756,4.102621891424703,-0.003997548240250799,-10.7302047034774,3.9867950091031594,2.1675816924527953,-13.387022454767507,-3.495392657675628,4.111714385646933,177.03084238082243,11.733365848577911,0.9475602229628246
779,12.983333333333333,10.579522287039541,0.16234272351053194,-6.6338652208337425,11.53356022850812,-1.1454655496750108,-8.872502832732023,9.70505733633929,0.8778330198427835,0.0001451385498790976,6.819037005345496,1.5639803163227193,-0.00044202219586298493,10.097910184194824,3.0696091092611812,-3.302678782165635,9.432704846324675,4.353376732729291,-7.059889105383706,-0.1982040513224977,-12.940555953446687,10.703446742856299,-0.07017171759182282,-7.9245664558624185,19.03971655143145,20.90300851191891,0.0032791237332726758,100.46463314236225,12.016688805848132,0.010728494502619439,97.50282296306946,-4.138441470999705,8.643774568019683,0.0002690537213736637,-0.7034141440336311,3.6927538750811055,-0.00631052776407963,-10.561271652837323,4.228854475267196,2.0318585332877417,-13.84404952070908,-4.080292686123502,4.242513924330502,176.99512728168736,11.63521672111854,1.1204393914568684
780,13.0,10.341301873345957,0.20270613323696013,-6.024921621090512,11.35697516213626,-1.108549359179603,-9.067061395108514,9.549454330179204,1.03967196948787,-0.00014150517055987272,6.683236477604763,1.4032867437669927,3.786935688204489e-05,9.828703200058516,2.5859814410269237,-3.7531546959595854,9.120921208772916,3.7654414536801677,-7.1664798907157,-0.19254602240974275,-13.118882726586195,11.086673954820272,-0.022682928058730113,-8.025529001247747,19.88948438429469,20.676401440851638,-0.00014843554870754908,99.62349887273152,12.732430642282472,-0.001850550622549584,96.70142710778474,-3.9029757179132307,8.164287987579321,0.0018649640792202534,-0.21369018826533204,3.6776057019379436,-0.002519632208265362,-10.45434059617826,4.312366154695593,2.1343325933066533,-13.713117953910878,-3.9417967931483164,3.782803068890209,176.98071223733527,11.50880967558725,1.1408871661767699
781,13.016666666666667,10.237554629530353,0.13170472955611576,-5.9490045272063625,11.378824148172315,-0.9642839259426004,-9.174312198729814,9.249128618255732,0.8892370428916565,-0.00022509785346921688,6.658172302396312,1.4041917237029888,3.227430190935179e-06,9.659546966952075,3.144369318385629,-3.945327016621433,8.912751146492525,3.3297892672386156,-6.692949715080077,-0.3360730917738005,-13.239977981115182,11.990776518214403,-0.023877508400174233,-8.462328866084837,20.71994877465292,20.333955848832634,-1.782122017652725e-05,98.6455332814359,13.047131866803396,-5.326981939813168e-05,97.27486943201407,-3.9273048569890965,6.51603620056517,0.004065485633617069,0.03563217584414526,3.8505500339335303,0.007026246861212894,-10.567720824506226,4.165644709335648,2.0312535173234854,-13.554586295879691,-3.773848077269229,3.5271528536899726,177.04073921782162,11.553212909700619,0.9901876390128779
782,13.033333333333333,10.323407982519862,-0.02749852482716048,-6.153786209108167,11.49966464069298,-0.9120288857672127,-9.299646871681244,9.329686055548919,0.9588274277436613,0.0001476666269176622,6.743613543614269,1.5092095304940378,-9.826089866445275e-05,9.979943576949527,2.6940937847697306,-3.7259156584615547,9.09911344872774,3.6036985577337703,-6.103707375734204,-0.4170629812445634,-13.180706849011974,12.09997869311856,0.050882047071535035,-8.41791300749129,20.418107447672444,20.231534903556373,0.0010244419437376107,99.05734040803443,12.937709870854608,0.018299149533285233,97.8492371348615,-4.430388030260412,6.568127433138633,-0.002253715794492316,-0.7954617365337384,2.880817264912621,0.0016639262595253559,-10.770780806914866,4.000901140935562,1.8120296403286158,-13.590201145031106,-3.8911873077357244,3.4696792207222766,177.16692257811584,11.663775354536256,0.8429507196507334
783,13.05,10.067147692146973,-0.042955932319062425,-6.198097823908728,11.227457500837119,-1.0453689251778655,-9.075114033637176,9.380076905961388,0.9005792205538793,-0.0004639116076856101,6.820665526953542,1.8919067669869973,1.3754163707369108e-05,10.14074161861483,2.4426120499362463,-3.79891568852482,9.561941394593282,4.60233380509987,-6.771121949064183,-0.3953845632130139,-13.011348835785299,11.47255846791288,0.3666734759875145,-8.20387117868365,20.54191957441876,20.37891749352962,-0.0009151250495424364,100.26182270862928,13.532810381913718,-0.0021927247004940127,98.11350405228808,-4.843649437371711,7.360598256377285,0.00036507976475359767,-0.6752899019705961,3.232862372239051,0.0075734012954792205,-10.438423617386277,4.017683091488594,1.939122115200606,-13.474424868076065,-3.6432990711793827,3.216152199755428,177.14908105439446,11.415485288596445,0.836711689226221
784,13.066666666666666,9.65517162284558,0.12345252021244324,-6.2550896452996625,10.876672557745845,-1.1996050148058048,-8.760495806511182,9.17159698522578,0.5915200119197587,-0.0004589948668817119,6.879454029571656,2.1121890298707267,-4.54335256221638e-05,10.012442925016796,3.7404439928026427,-4.296050299577767,10.135384789656827,4.7344533399301385,-7.145113823449884,-0.337837788665112,-12.910705824798665,11.404758178273623,0.3616187065940522,-8.22633386234977,19.962937996018884,20.402583797102185,0.0009668968634732,101.12087549932212,14.722505412395613,-0.0027936333668815813,98.82766911596804,-4.573143589852074,7.161033320433887,0.00028346651405066647,0.46082200604981494,5.629089037748354,-0.0025464570111380187,-10.068779012543695,4.165035967896827,1.8308106338601808,-13.457366921390795,-3.4316813555014827,3.1827295334335077,177.17737645986637,11.106424641546699,0.9559364336429985
785,13.083333333333334,9.80340195058263,0.050123589172106534,-6.672060651490421,11.025683349586803,-1.0823822147743722,-9.185169769268335,9.172934851326332,0.6668152550358794,2.5875166020715627e-05,6.87596945061843,1.8942968544088021,-0.0001938719097850673,10.100753990075772,4.355646761982896,-4.13143498392902,10.080172633867383,3.8838525192223865,-6.350884606684248,-0.365716591414882,-12.888484489504958,11.373699652439681,0.14533592534157846,-8.210636014306104,18.425554472237533,20.17064525937556,0.000708418546111631,100.90293004418115,15.493351760347318,0.010913236941803822,97.7337208322746,-3.8994749564206663,6.541264642042924,0.0006618227031649586,0.7686837661269772,4.232334249305892,-0.014420599296758681,-10.283045000556099,4.189480540745769,1.6393645205129608,-13.637729169444126,-3.5474906754310593,3.4265124907378253,177.20732234169782,11.262544257648067,0.9820486701491271
786,13.1,10.157133882325285,0.0031642850211885286,-6.92107743831927,11.448396150651185,-0.9853492949459987,-9.679975944057944,9.190123403072178,0.830604873410501,-3.35162459135812e-05,6.946955411330261,1.6162628993584287,0.00033156091071043464,10.180301002259663,3.6396174057524338,-3.713640223289549,9.611626412627052,4.020425015470948,-5.896575483480135,-0.304679584448878,-12.837840870311549,11.448768345932697,0.507043196766949,-8.037749737732394,17.862291988253485,20.072386595590483,0.0006630556771879813,99.59238939242042,15.460174953533887,-0.004289416935643586,97.22568021630879,-3.9172192222540394,6.286554040069572,0.0005364025820526656,-0.9252919336572331,-1.1115688013573406,0.015100581914526918,-10.609819721567735,4.168275401099948,1.6968116448167736,-13.466433690681107,-3.578455593501024,3.6756757656626404,177.15910192965924,11.623629369337117,0.9708087328323723
787,13.116666666666667,10.267460957832188,0.42142242295654686,-6.758582467315184,11.825330203308441,-1.3020511105190855,-9.526221409611406,9.06624572406205,0.623194042234314,-8.446627737877699e-06,7.2246819283786134,1.5606209830124713,0.00013866518306609798,10.07265040964511,3.211132523216437,-4.085932673124492,9.63658202440099,4.695367377622526,-5.7144501598702435,-0.25182026021838116,-12.824383845833234,11.987399082214425,0.783232973018324,-8.049990532987144,18.589526045145558,20.189626274154392,0.0008856329064899673,98.40211459663257,15.605455191252391,0.002030640414658239,97.5341689675463,-4.28302469722629,6.4602729008195965,-0.0005167971583046379,-2.5646893092469965,-2.6821342540115283,-0.01768101566166426,-10.899963625809933,4.385190971975572,1.4982997420384492,-13.068385426489527,-3.7519873749042856,3.840928835052504,177.37858432614695,11.84465245962641,1.1800162835004617
788,13.133333333333333,10.380200653555761,0.7189942641338049,-6.928721502914118,12.077996750888309,-1.6540493848188393,-9.328871547710879,9.076203859381279,0.544734160351044,0.0002779854640058921,7.427048494744215,1.6683121596091295,-0.00027185310153907566,10.186536822108373,3.31148870610902,-4.355530494302229,9.917557313320728,5.469536788623852,-5.715013189391082,-0.5092438763810534,-12.93466377510512,12.017719375675473,0.6790805210530443,-8.288218886729785,19.200014231254414,20.619834828788132,-0.0026330337745305563,98.34007123957686,17.047838201299886,0.007532312180091934,95.2027751620264,-4.276641299742424,6.928098939383046,0.0009377076566566453,-1.2234055930856624,1.3336889100384182,0.03648670471519999,-11.132110721906512,4.65713700152246,1.359283931515819,-13.039358453595494,-4.176301415087423,3.744397708676486,177.61237581250867,11.987195062244353,1.4173073471457256
789,13.15,10.40263607446271,0.3627856810934296,-7.166356166689786,12.087615927069141,-1.4005278605817881,-9.614683817851537,9.120449301003767,0.7895003755916481,0.000221731370183785,7.545215648988439,1.556531473806076,0.00012123281920890862,10.508024175975637,3.5404231561485453,-4.058439306225327,10.028903908068681,5.878020395932862,-5.897679498353078,-0.49737772582786566,-12.904715532789387,11.82348789958228,0.8356118320329035,-8.36487767716458,18.798218946758272,20.93675341470923,-0.006791909614270883,97.91963655020307,18.74754772547503,-0.022004701647648863,94.1749627680363,-4.5483830394855564,7.296424507402958,0.00038569255318848073,0.2617910654577359,5.099798150762812,-0.012831112770138535,-10.88659065397778,4.476625857510648,1.6202382097446744,-13.30191053824077,-4.1965402360622965,3.297841025198326,177.42223717619282,11.975107035099873,1.2543641123884262
790,13.166666666666666,10.255892727241484,-0.017312569987808578,-7.010913310258177,12.079656604662256,-0.9210148780954579,-10.132875184937689,9.032989910818575,0.8097448561059404,-0.00026780197373065456,7.82522432440167,1.3175753661378835,-5.1688287622246424e-05,10.673746343062092,3.9024676672270364,-3.9717902937681457,10.129192207295102,4.935507072071947,-5.493447081956129,-0.1414647676209129,-12.678365916542896,11.822677818716048,1.233224025787794,-8.183821507243378,18.330561518226506,20.77056284305486,-0.005581066156918339,97.1090588635822,19.182537010467215,0.011071232052134899,96.4785607770196,-4.862812249424959,7.241949356029693,-0.00021071601158125837,-0.9150193263155626,6.203104610739682,-0.0034433411208168686,-10.481840859139496,4.090013380029174,1.7822698949469629,-13.409267037702895,-3.8226092380982597,2.8332189842640925,177.20269099141902,11.862134223299813,0.9198074363028619
791,13.183333333333334,10.279439137005578,0.1274464728213937,-7.347842922503262,12.223735655343775,-0.9640320990556076,-9.984056010976389,8.932860144476079,0.508981492633186,-0.00016839763706542665,7.973009901195349,1.4719190184558457,7.555016971287841e-05,10.608832645744531,3.6710599964940553,-3.6038875032257662,10.299176400504807,4.208180707485265,-5.448253433880077,-0.12394696563865482,-12.608265662133944,11.532101595747406,1.6533496729745276,-8.111919485615125,19.063732494797545,20.803734392085364,-0.002837618043842824,98.7797481596317,18.52883877142176,-0.004710767195320017,97.01093371905239,-4.400104505508923,7.179427414666035,0.00045776707381687653,-2.2142405188293313,5.197070736462805,0.0019839585930510723,-10.485579453126576,4.079028121819176,1.7309697886939317,-13.35414013335981,-3.844305929489425,2.904545375336552,177.20152184590816,11.94629689938479,0.8886732645018256
792,13.2,10.511827724124528,0.18592960329150274,-8.20498214960221,12.388051388264067,-1.0617384553713618,-8.86681171568351,9.078658857017167,0.37026371538890707,6.282607051428419e-05,7.9885477751551655,1.7437802763315053,0.00040096117730516965,10.4016820781154,3.109148428773528,-2.6050508462761637,10.52285135067397,3.996271866806039,-6.390359110485949,-0.2302593149644349,-12.678194401633203,11.364948401087835,1.6894021258719751,-8.197658194171234,19.782518793245547,20.8381304863312,0.0008100397555562624,100.45286680609445,17.92468537660259,-0.00937385892857583,95.59394472727651,-3.8598584332806873,6.751251922417558,0.0002650512480356784,-2.332962817753276,2.0838466838386727,-0.008859099900406408,-10.753328416088952,4.184633338035134,1.5934849763341976,-13.217235115006249,-4.167080223599967,3.424169840552127,177.23047616269983,12.123991544939345,0.9222468710155547
793,13.216666666666667,10.36820772746506,0.01224385305234816,-8.25602936096047,12.18757908203487,-0.9323878267832089,-8.245827583809715,9.258335331064915,0.47036092331202906,7.8482112218847e-05,8.105803715573302,1.736095852213735,3.401759443019106e-05,10.221291515481356,3.5245540164334193,-2.4157786563095147,10.563047676931289,3.827390532924215,-6.946708350681535,-0.2492468536947709,-12.629701910336049,11.501388979202742,1.2300974766693342,-8.149081487011426,18.8193482684876,20.58918366046415,-0.0005216401005086215,99.52144181597328,18.562399357498048,-0.0008441076662199794,96.568531060378,-3.6891007818015167,6.025221846319561,0.00013520681829136695,-1.8564165971869386,1.1588024032622481,0.0170603040740399,-10.681320538621932,4.18658385587703,1.5530391542086315,-12.890142127925422,-4.151047588940118,3.6647093010468654,177.1933307174158,11.904033102458365,0.8761292509577056
794,13.233333333333333,9.898438193661647,0.3083211535948589,-7.856118261626108,11.752296535350409,-1.2137900118726925,-9.02150212483403,9.066712407159372,0.47513680546674497,-0.00016113934920621145,8.1345942037851,1.5842500213297812,-0.00012193903181505725,10.136640496011504,4.134630742274426,-3.0047376522213725,10.41163437631052,4.6717940578138935,-6.366500742824396,-0.337972109339376,-12.627747967295925,12.126982653359187,1.0565708443241695,-8.046247332458105,17.68996060145815,20.820985991168968,-0.0012798107165247563,99.03954431596733,19.671556857785998,0.008384536467474883,98.16208641672458,-3.8242368308971217,6.239478129726521,-0.0010120853067614752,-0.9182730902088418,4.112200526997195,0.015900693569389838,-10.295477235751738,4.379476558573933,1.733768231412452,-12.932514755592269,-4.174339191045655,3.3558537196971816,177.04097372671902,11.532817006210683,1.1281274693174754
795,13.25,10.131911282569773,0.6894427939110679,-8.040316395996825,12.127675822545603,-1.5028310111639571,-9.902030768275646,8.83718747441419,0.24412972961698065,3.781433745496762e-05,8.34949858988736,1.421795675646833,0.00015577547109885,10.066399938128033,4.022481787135955,-3.0589178705590947,10.556552546077276,5.038032546460103,-5.3569816050842975,-0.3603584188482511,-12.735563492577958,12.81664613526065,1.1151164720837357,-8.036924482212987,17.26773100293397,21.352306756285042,-0.00018134352241443334,98.87922170245957,20.11632059299653,0.0016098683979775034,97.95487037252985,-4.440084365402272,6.43833957354233,0.0012885913716144605,-0.490105665393894,5.340220358625711,-0.0075871569419350415,-10.44634464110712,4.517404548704358,1.8131015028197925,-13.47511759847915,-4.473343551451073,2.9867608683705043,176.97194498176952,11.838239565594284,1.340776811523751
796,13.266666666666667,10.609791230954743,0.5488975352208475,-8.038881000373125,12.742549456721438,-1.3589848182217823,-9.981403769536612,8.88313650700831,0.08149189365004146,0.0002144751958771035,8.677030665627314,1.5154781804299557,4.2018972036388944e-05,9.988514376564336,4.01040429066191,-2.9218538107367427,10.679455522730741,4.184182332595734,-5.019040170696262,-0.29604384114020593,-12.696739054455325,12.587526760886488,0.9661546457520634,-8.140272125378582,17.276015203699217,21.36835252364434,0.0015390133166938312,98.92323470450093,20.498721397171135,0.0038746980799225198,97.2159809766927,-4.874304591961762,5.885398229384122,-0.00012790362103702341,-0.8443591776202641,4.482378102457449,-0.0011696594083757295,-10.79614477161819,4.371301392647567,1.7159966319074584,-13.530494539809473,-4.35713642627853,2.7863395250872207,177.07460160240842,12.25384583042134,1.157788494740622
797,13.283333333333333,10.271880940374487,0.3557672436048997,-7.496343879866977,12.327978979936084,-1.304476479327882,-10.043832924519455,8.929593029464828,0.29829758141558943,4.237178915031183e-05,8.456832528864917,1.7501079534759785,8.269038365958828e-05,9.821790487182056,4.250963930971504,-3.1501161831240903,10.276260341881619,3.9049476197694046,-5.215915888791348,-0.3278910726546961,-12.606399308761482,12.26995825372668,1.3927888078680162,-8.297285973947872,18.687640948581354,21.134697668993958,0.0008943496422799567,101.17771240025037,20.269896480736953,-0.0055803298102669275,95.49649846110705,-4.680006817004987,5.556972536223133,-0.00016077994265766373,-0.986040532571787,6.128188599068159,0.00700589147581028,-10.563304698077772,4.289669131009136,1.6440858255737418,-13.002419437712314,-3.928030119376516,2.666849391638198,177.07521573216275,11.95318578377748,1.0511474317324916
798,13.3,9.788599037943776,0.36839625136060633,-7.162443646223771,11.801437605356817,-1.2804964227505613,-10.315754558878236,8.79409309079068,0.5199111585359668,-0.00018728183653030108,8.180250554226921,1.5210119469300545,0.0001095559295265094,9.771188384975828,4.4397848793410715,-3.5020515118152575,10.13201888554217,4.841060481503256,-5.316149689241563,-0.42336943210310396,-12.545660494120234,12.570948717027873,2.132946434935984,-8.342086104280103,19.5101466476298,21.256937261896645,0.0020999028039113436,102.06562656982346,19.621881930399528,-0.004282479470409833,94.27263748764652,-4.789189450079991,5.327034711907411,0.0006535290480064416,-0.5088383726862854,8.471676603672442,0.005349406226121426,-10.246067581194275,4.237775691121196,1.5348657721985894,-12.796205687134348,-3.909967374808276,2.8871929560799674,176.9665529531994,11.590288010378899,1.0979600728868837
799,13.316666666666666,9.826213995463574,0.5659798591481158,-7.373670383615363,11.94910314447284,-1.3163376441422834,-10.349116334207473,8.620600844313158,0.36128339453088754,-1.2236978996719898e-05,8.37362158328119,1.1129716919396317,0.00032364611772559926,9.776553607793295,4.664005841135457,-3.4382861455600127,10.556603676852474,6.13389200329477,-5.342895647316803,-0.23776823490242802,-12.574191320854306,13.70737900824135,2.095235494921048,-8.211853801358318,17.552615413643995,21.30062093055512,-0.002189229252337367,99.82363113564476,19.798455970513935,-0.01281928258420589,96.8455311624671,-5.624517078239604,5.26031097557652,-0.0030500172741807197,-0.19541286012920736,7.691073918958527,-0.002896406349212675,-10.230650360281489,4.274996580556619,1.4899624144387416,-13.151816448928457,-4.347153882832668,3.2490508012727894,176.9090714783372,11.676838040242263,1.2323027046796806
800,13.333333333333334,10.140986366962105,0.730366298694111,-7.609290466678605,12.269523047140163,-1.471086565482411,-10.497556703107774,8.62595805080221,0.31875478614477654,-5.877673324364875e-05,8.505052768176084,1.0761042841402961,-0.00016180978853471225,9.35114181926836,3.840419394497803,-2.915140948852566,10.519133328003583,5.439297007673138,-5.139970917237092,0.040739683775945085,-12.856096836297652,14.954443618653244,1.9555620001008887,-8.102665495552094,16.62204479979181,21.16263521360022,-0.001525713618750682,98.87918938521327,19.88319381960776,0.0072366693834810475,98.36331831380475,-5.652597127101722,6.031608409889217,0.0032112604171849945,-0.4557930407948182,6.356432976386141,0.0008255853205196305,-10.442138736113987,4.463774864617736,1.6573637749744061,-13.203672194478555,-4.483288260434033,3.5373639993522286,176.8304907487902,11.958045360711566,1.3613752445279355
801,13.35,10.08407360996155,0.6612936751414773,-7.601808119086636,12.104973994156946,-1.4475599289391003,-10.547322800678117,8.691552439677135,0.3983704334703862,-0.00013126990684658596,8.388231392779133,1.2327701557751956,-5.450963505547724e-05,9.20747794983977,3.2916750511649027,-2.8135411601562432,10.024486880520428,4.757960150389458,-5.186782088912531,0.0601809253771497,-12.952472924131142,15.07021757260686,2.0225773098902056,-8.060507711597664,17.337691068443263,21.29860693717832,0.0026519348680316417,98.85322824187675,19.8066355050977,0.02199237315552475,97.36468763818372,-5.14532839687509,7.022084603579172,0.002298055561697191,-0.29781334604736476,6.454673717000136,0.004725714159374551,-10.38169735616633,4.489541161393054,1.7302449421027442,-12.965055449370494,-3.9651143157443505,3.3124816999221776,176.7202450617328,11.854931730613302,1.3137078991017501
802,13.366666666666667,9.752057040571836,0.6058211555821273,-7.838521477378888,11.67231687241712,-1.3836482091251474,-10.405550077986565,8.79862487711277,0.16876178035089884,0.0005309909378685946,8.370503822018135,1.2165304449197103,-0.00020722129872909826,9.715344604321805,4.466059104637645,-2.9253608321850657,9.952337859059895,6.238477200451827,-5.429627056263787,0.013570258139143655,-12.768280426299984,14.9588235191932,2.0509686644096856,-7.87295717709366,16.765407272877965,21.35704327536754,-0.0029044205108484738,97.30108526830222,19.805474446588228,-0.03817062445545079,99.29690669280741,-5.498568959866347,7.052216696897204,0.0023767706543526704,-0.10493541383146067,6.1879299819790585,-0.006142612077273618,-9.966103368897793,4.388768241448547,1.6581687893279393,-13.19767841450601,-3.588770407109322,2.554861740322549,176.69172624582384,11.471805778141759,1.265852876785578
803,13.383333333333333,10.332344668964438,0.43188493214893114,-6.649815549755719,12.514885354317773,-1.065591002670616,-10.068362833036634,9.00715858279606,0.6926651185756953,-0.0002081224031184082,8.64468987785327,0.9383658508876142,0.0002445377917306666,9.25820412042546,1.8185719204357693,-3.7154624068305386,9.802896222975631,3.388870376564637,-6.145637268065819,-0.40630590506956277,-12.674969616097721,13.195872926982538,1.9612463922042584,-8.796346479310218,19.296089127585795,21.822739343782796,0.0011263428860452537,95.58364026938519,20.346292294654983,0.05385476891934242,90.42860939395652,-4.8140181167360785,6.344978998635051,-0.0023487173322280135,0.2807606502261619,7.865897565337391,0.008588798493683056,-10.49531758595433,4.052324749262839,1.4316573035633773,-12.553681822004425,-3.546471429440909,4.249588009652564,177.00446933392197,11.983830211047344,0.9629234851899623
804,13.4,10.399625125578062,0.4157768918941481,-7.190011570706726,12.481572326222045,-1.0553130208460313,-10.59663816607629,9.201337046514366,0.4951427675346199,-1.2662560028013584e-07,8.657801743920736,0.78579963011234,-1.8587863347863258e-07,9.399059918113375,2.4357127177689346,-3.080359797400063,9.884433732084021,3.663783041137114,-5.471118551499637,-0.3324332649834667,-12.822351117986747,13.932043235267953,2.3834081401337723,-8.529290539094802,18.812980159913685,21.58727384500256,-3.84452218787835e-07,95.81235616212744,19.52774007370264,5.606583322510949e-07,93.98364907848861,-4.930027659966685,6.0707010470885345,6.533932132722894e-07,-0.5997662100496761,7.1549143050717605,-1.1907301127169567e-06,-10.456637837136322,4.0481607040324885,1.5807616217474405,-12.845977733233516,-3.671857677872436,3.8618238488835375,176.93215371910102,11.99805847312211,0.9589929450040664
805,13.416666666666666,11.244139568744068,0.21181531029673484,-4.481418112730912,13.87176356390162,-0.628018784128238,-9.399343362258202,9.068844255263338,1.7435108817380547,1.6320167139830085e-08,8.941331467040854,0.7435834681425482,2.7749612123399666e-07,8.068285534271364,-3.1308748811818896,-5.218210597882783,9.30365073885557,-1.9002064812751953,-7.417651092365231,-1.0056393214920876,-12.573023183644134,10.299672108283984,1.6799919459841777,-10.353472358322684,23.85788051570295,22.667988419323418,1.438935098990871e-08,94.57184378100777,21.623765455717855,2.772421324739377e-07,73.98644671149948,-3.3137045775411704,5.92724386487344,1.982642213030772e-07,1.3908584880987733,11.014342279340493,-1.1314589786835908e-07,-11.494847356633793,3.649969162815158,1.0976835986803235,-11.199002868058912,-3.498496047982655,7.23141862646568,177.44665050065686,12.863417676144923,0.5390271930543762
