ISO-10303-21;
HEADER;
FILE_DESCRIPTION (( 'STEP AP214' ),
    '1' );
FILE_NAME ('checkerboardholder.STEP',
    '2026-09-16T22:17:46',
    ( '' ),
    ( '' ),
    'SwSTEP 2.0',
    'SolidWorks 2026',
    '' );
FILE_SCHEMA (( 'AUTOMOTIVE_DESIGN' ));
ENDSEC;

DATA;
#1 = ORIENTED_EDGE ( 'NONE', *, *, #1172, .F. ) ;
#2 = CARTESIAN_POINT ( 'NONE',  ( -1.789289321881344819, 0.000000000000000000, 0.6800000000000001599 ) ) ;
#3 = DIRECTION ( 'NONE',  ( -0.7071067811865437980, 0.000000000000000000, 0.7071067811865512365 ) ) ;
#4 = ADVANCED_FACE ( 'NONE', ( #1210 ), #427, .F. ) ;
#5 = ORIENTED_EDGE ( 'NONE', *, *, #672, .F. ) ;
#6 = CARTESIAN_POINT ( 'NONE',  ( 0.000000000000000000, 0.2500000000000000000, 0.4699999999999999734 ) ) ;
#7 = DIRECTION ( 'NONE',  ( 1.000000000000000000, 0.000000000000000000, -2.731847993664263711E-16 ) ) ;
#8 = EDGE_CURVE ( 'NONE', #402, #645, #1556, .T. ) ;
#9 = EDGE_CURVE ( 'NONE', #612, #1551, #1224, .T. ) ;
#10 = CARTESIAN_POINT ( 'NONE',  ( 0.000000000000000000, 0.000000000000000000, 0.000000000000000000 ) ) ;
#11 = DIRECTION ( 'NONE',  ( 0.000000000000000000, 1.000000000000000000, 0.000000000000000000 ) ) ;
#12 = EDGE_CURVE ( 'NONE', #949, #460, #1990, .T. ) ;
#13 = ORIENTED_EDGE ( 'NONE', *, *, #1434, .T. ) ;
#14 = DIRECTION ( 'NONE',  ( 1.000000000000000000, 0.000000000000000000, 0.000000000000000000 ) ) ;
#15 = CARTESIAN_POINT ( 'NONE',  ( 1.910000000000000142, 0.000000000000000000, 0.000000000000000000 ) ) ;
#16 = CYLINDRICAL_SURFACE ( 'NONE', #858, 0.05000000000000000971 ) ;
#17 = CARTESIAN_POINT ( 'NONE',  ( -1.459999999999999964, 0.000000000000000000, -0.6799999999999996048 ) ) ;
#18 = DIRECTION ( 'NONE',  ( 0.000000000000000000, 0.000000000000000000, -1.000000000000000000 ) ) ;
#19 = ORIENTED_EDGE ( 'NONE', *, *, #1417, .F. ) ;
#20 =( GEOMETRIC_REPRESENTATION_CONTEXT ( 3 ) GLOBAL_UNCERTAINTY_ASSIGNED_CONTEXT ( ( #1263 ) ) GLOBAL_UNIT_ASSIGNED_CONTEXT ( ( #2816, #1055, #2580 ) ) REPRESENTATION_CONTEXT ( 'NONE', 'WORKASPACE' ) );
#21 = AXIS2_PLACEMENT_3D ( 'NONE', #289, #1750, #2023 ) ;
#22 = VERTEX_POINT ( 'NONE', #3094 ) ;
#23 = VECTOR ( 'NONE', #1575, 39.37007874015748143 ) ;
#24 = DIRECTION ( 'NONE',  ( -0.000000000000000000, 1.000000000000000000, -0.000000000000000000 ) ) ;
#25 = ORIENTED_EDGE ( 'NONE', *, *, #2947, .F. ) ;
#26 = FACE_OUTER_BOUND ( 'NONE', #860, .T. ) ;
#27 = DIRECTION ( 'NONE',  ( 0.000000000000000000, 1.000000000000000000, -0.000000000000000000 ) ) ;
#28 = ORIENTED_EDGE ( 'NONE', *, *, #76, .F. ) ;
#29 = EDGE_CURVE ( 'NONE', #467, #1672, #3133, .T. ) ;
#30 =( LENGTH_UNIT ( ) NAMED_UNIT ( * ) SI_UNIT ( $, .METRE. ) );
#31 = VECTOR ( 'NONE', #3037, 39.37007874015748143 ) ;
#32 = CARTESIAN_POINT ( 'NONE',  ( -1.350000000000000533, 0.3500000000000000333, 0.000000000000000000 ) ) ;
#33 = ORIENTED_EDGE ( 'NONE', *, *, #2216, .T. ) ;
#34 = AXIS2_PLACEMENT_3D ( 'NONE', #332, #186, #1388 ) ;
#35 = LINE ( 'NONE', #2288, #2989 ) ;
#36 = CARTESIAN_POINT ( 'NONE',  ( 1.249999999999999556, 0.3500000000000000888, 0.4700000000000000289 ) ) ;
#37 = ADVANCED_FACE ( 'NONE', ( #1043 ), #1026, .T. ) ;
#38 = FACE_OUTER_BOUND ( 'NONE', #260, .T. ) ;
#39 = CARTESIAN_POINT ( 'NONE',  ( 1.100000000000000089, 0.2500000000000000000, -0.4700000000000000289 ) ) ;
#40 = CARTESIAN_POINT ( 'NONE',  ( -1.250000000000000666, 1.250000000000000000, 0.3700000000000002731 ) ) ;
#41 = EDGE_LOOP ( 'NONE', ( #2246, #1411, #1739, #2960 ) ) ;
#42 = ORIENTED_EDGE ( 'NONE', *, *, #2978, .F. ) ;
#43 = DIRECTION ( 'NONE',  ( 0.000000000000000000, 0.000000000000000000, -1.000000000000000000 ) ) ;
#44 = CARTESIAN_POINT ( 'NONE',  ( 1.499999999999999778, 0.000000000000000000, 1.457106781186548128 ) ) ;
#45 = AXIS2_PLACEMENT_3D ( 'NONE', #3114, #2358, #1009 ) ;
#46 = CARTESIAN_POINT ( 'NONE',  ( -6.419842785111026698E-17, 0.000000000000000000, 0.4700000000000006395 ) ) ;
#47 = ORIENTED_EDGE ( 'NONE', *, *, #1648, .T. ) ;
#48 = LINE ( 'NONE', #269, #1655 ) ;
#49 = DIRECTION ( 'NONE',  ( -0.000000000000000000, -1.000000000000000000, 0.000000000000000000 ) ) ;
#50 = ORIENTED_EDGE ( 'NONE', *, *, #2675, .T. ) ;
#51 = EDGE_CURVE ( 'NONE', #2784, #2980, #599, .T. ) ;
#52 = DIRECTION ( 'NONE',  ( 0.7071067811865485719, 0.000000000000000000, -0.7071067811865465735 ) ) ;
#53 = DIRECTION ( 'NONE',  ( 0.000000000000000000, 0.000000000000000000, 1.000000000000000000 ) ) ;
#54 = CIRCLE ( 'NONE', #1905, 0.05000000000000000971 ) ;
#55 = DIRECTION ( 'NONE',  ( -0.000000000000000000, -0.000000000000000000, 1.000000000000000000 ) ) ;
#56 = CARTESIAN_POINT ( 'NONE',  ( 1.100000000000000089, 0.2500000000000000000, 0.4700000000000000289 ) ) ;
#57 = ADVANCED_FACE ( 'NONE', ( #38 ), #1785, .F. ) ;
#58 = ORIENTED_EDGE ( 'NONE', *, *, #3118, .F. ) ;
#59 = ORIENTED_EDGE ( 'NONE', *, *, #2488, .T. ) ;
#60 = CARTESIAN_POINT ( 'NONE',  ( 0.000000000000000000, 0.000000000000000000, 0.6300000000000001155 ) ) ;
#61 = DIRECTION ( 'NONE',  ( 0.7071067811865475727, 0.000000000000000000, 0.7071067811865474617 ) ) ;
#62 = CARTESIAN_POINT ( 'NONE',  ( 1.199999999999999956, 0.2500000000000000000, -1.130000000000000115 ) ) ;
#63 = DIRECTION ( 'NONE',  ( 0.000000000000000000, -1.000000000000000000, -0.000000000000000000 ) ) ;
#64 = ORIENTED_EDGE ( 'NONE', *, *, #1584, .F. ) ;
#65 = CARTESIAN_POINT ( 'NONE',  ( 1.250000000000000000, 0.2500000000000000000, -0.000000000000000000 ) ) ;
#66 = CARTESIAN_POINT ( 'NONE',  ( -1.250000000000000666, 1.150000000000000133, 0.4700000000000003064 ) ) ;
#67 = ORIENTED_EDGE ( 'NONE', *, *, #1940, .F. ) ;
#68 = LINE ( 'NONE', #1569, #2112 ) ;
#69 = CARTESIAN_POINT ( 'NONE',  ( 1.500000000000000222, 0.2500000000000000000, -1.457106781186548794 ) ) ;
#70 = CARTESIAN_POINT ( 'NONE',  ( 1.499999999999999778, 0.2500000000000000000, 1.457106781186548128 ) ) ;
#71 = CARTESIAN_POINT ( 'NONE',  ( 2.207106781186546129, 0.2500000000000000000, 0.7499999999999997780 ) ) ;
#72 = ORIENTED_EDGE ( 'NONE', *, *, #967, .T. ) ;
#73 = ORIENTED_EDGE ( 'NONE', *, *, #1662, .F. ) ;
#74 = EDGE_CURVE ( 'NONE', #1945, #2397, #180, .T. ) ;
#75 = DIRECTION ( 'NONE',  ( 0.000000000000000000, 0.000000000000000000, 1.000000000000000000 ) ) ;
#76 = EDGE_CURVE ( 'NONE', #402, #2131, #801, .T. ) ;
#77 = AXIS2_PLACEMENT_3D ( 'NONE', #3270, #1190, #942 ) ;
#78 = FACE_OUTER_BOUND ( 'NONE', #1641, .T. ) ;
#79 = AXIS2_PLACEMENT_3D ( 'NONE', #2379, #2144, #1068 ) ;
#80 = ORIENTED_EDGE ( 'NONE', *, *, #2893, .F. ) ;
#81 = CARTESIAN_POINT ( 'NONE',  ( -1.100000000000000089, 1.250000000000000000, -0.3699999999999999956 ) ) ;
#82 = LINE ( 'NONE', #2662, #1950 ) ;
#83 = ORIENTED_EDGE ( 'NONE', *, *, #1985, .T. ) ;
#84 = FACE_BOUND ( 'NONE', #2455, .T. ) ;
#85 = DIRECTION ( 'NONE',  ( 0.000000000000000000, 0.000000000000000000, -1.000000000000000000 ) ) ;
#86 = FACE_OUTER_BOUND ( 'NONE', #1782, .T. ) ;
#87 = ORIENTED_EDGE ( 'NONE', *, *, #2328, .T. ) ;
#88 = ORIENTED_EDGE ( 'NONE', *, *, #1434, .F. ) ;
#89 = CARTESIAN_POINT ( 'NONE',  ( 1.249999999999999556, 0.3500000000000000888, 0.07000000000000000666 ) ) ;
#90 = CARTESIAN_POINT ( 'NONE',  ( 0.000000000000000000, 1.150000000000000133, -0.4700000000000000289 ) ) ;
#91 = EDGE_CURVE ( 'NONE', #1158, #645, #324, .T. ) ;
#92 = VECTOR ( 'NONE', #1084, 39.37007874015748143 ) ;
#93 = FACE_OUTER_BOUND ( 'NONE', #660, .T. ) ;
#94 = ORIENTED_EDGE ( 'NONE', *, *, #454, .T. ) ;
#95 = ADVANCED_FACE ( 'NONE', ( #2614 ), #16, .F. ) ;
#96 = AXIS2_PLACEMENT_3D ( 'NONE', #2443, #376, #1892 ) ;
#97 = DIRECTION ( 'NONE',  ( -1.000000000000000000, 0.000000000000000000, 0.000000000000000000 ) ) ;
#98 = VERTEX_POINT ( 'NONE', #3077 ) ;
#99 = FACE_BOUND ( 'NONE', #2608, .T. ) ;
#100 = DIRECTION ( 'NONE',  ( 0.000000000000000000, -1.000000000000000000, 0.000000000000000000 ) ) ;
#101 = ORIENTED_EDGE ( 'NONE', *, *, #1520, .F. ) ;
#102 = DIRECTION ( 'NONE',  ( 0.000000000000000000, -1.000000000000000000, 0.000000000000000000 ) ) ;
#103 = AXIS2_PLACEMENT_3D ( 'NONE', #1965, #2754, #237 ) ;
#104 = ORIENTED_EDGE ( 'NONE', *, *, #134, .T. ) ;
#105 = AXIS2_PLACEMENT_3D ( 'NONE', #2831, #532, #2019 ) ;
#106 = CARTESIAN_POINT ( 'NONE',  ( 0.000000000000000000, 1.250000000000000000, 0.000000000000000000 ) ) ;
#107 = AXIS2_PLACEMENT_3D ( 'NONE', #3182, #1615, #2647 ) ;
#108 = ORIENTED_EDGE ( 'NONE', *, *, #1378, .F. ) ;
#109 = EDGE_CURVE ( 'NONE', #676, #934, #503, .T. ) ;
#110 = CARTESIAN_POINT ( 'NONE',  ( 1.409999999999999920, 0.2500000000000000000, -0.4199999999999998734 ) ) ;
#111 = ORIENTED_EDGE ( 'NONE', *, *, #2428, .F. ) ;
#112 = ADVANCED_FACE ( 'NONE', ( #2568 ), #1314, .F. ) ;
#113 = DIRECTION ( 'NONE',  ( 1.000000000000000000, 0.000000000000000000, 0.000000000000000000 ) ) ;
#114 = VECTOR ( 'NONE', #2260, 39.37007874015748143 ) ;
#115 = ORIENTED_EDGE ( 'NONE', *, *, #1101, .T. ) ;
#116 = EDGE_CURVE ( 'NONE', #1619, #2715, #2872, .T. ) ;
#117 = DIRECTION ( 'NONE',  ( 0.000000000000000000, 1.000000000000000000, 0.000000000000000000 ) ) ;
#118 = CARTESIAN_POINT ( 'NONE',  ( -1.409999999999999920, 0.2500000000000000000, 1.009289321881345014 ) ) ;
#119 = ORIENTED_EDGE ( 'NONE', *, *, #2800, .T. ) ;
#120 = CARTESIAN_POINT ( 'NONE',  ( 1.910000000000000142, 0.2500000000000000000, -0.4199999999999999845 ) ) ;
#121 = CARTESIAN_POINT ( 'NONE',  ( 1.910000000000000142, 0.2500000000000000000, -0.000000000000000000 ) ) ;
#122 = ORIENTED_EDGE ( 'NONE', *, *, #314, .F. ) ;
#123 = VECTOR ( 'NONE', #600, 39.37007874015748143 ) ;
#124 = CARTESIAN_POINT ( 'NONE',  ( -1.409999999999999920, 0.2500000000000000000, 0.4200000000000004285 ) ) ;
#125 = CARTESIAN_POINT ( 'NONE',  ( -1.250000000000000666, 1.150000000000000133, 0.3700000000000002731 ) ) ;
#126 = EDGE_LOOP ( 'NONE', ( #1394, #1548, #544, #753 ) ) ;
#127 = DIRECTION ( 'NONE',  ( 1.000000000000000000, -0.000000000000000000, 0.000000000000000000 ) ) ;
#128 = DIRECTION ( 'NONE',  ( 0.6785983445458468877, -0.6785983445458468877, 0.2810846377148210062 ) ) ;
#129 = ORIENTED_EDGE ( 'NONE', *, *, #3269, .T. ) ;
#130 = CIRCLE ( 'NONE', #3125, 0.1000000000000000194 ) ;
#131 = CARTESIAN_POINT ( 'NONE',  ( -1.499999999999999556, 0.1499999999999988842, -1.457106781186548572 ) ) ;
#132 = VERTEX_POINT ( 'NONE', #991 ) ;
#133 = CYLINDRICAL_SURFACE ( 'NONE', #1063, 0.05000000000000000971 ) ;
#134 = EDGE_CURVE ( 'NONE', #3291, #3224, #257, .T. ) ;
#135 = CARTESIAN_POINT ( 'NONE',  ( -1.250000000000000222, 0.2500000000000000000, -1.080000000000000071 ) ) ;
#136 = ORIENTED_EDGE ( 'NONE', *, *, #1940, .T. ) ;
#137 = DIRECTION ( 'NONE',  ( 1.000000000000000000, -0.000000000000000000, -0.000000000000000000 ) ) ;
#138 = EDGE_CURVE ( 'NONE', #1468, #568, #2736, .T. ) ;
#139 = DIRECTION ( 'NONE',  ( 0.000000000000000000, 0.000000000000000000, 1.000000000000000000 ) ) ;
#140 = ORIENTED_EDGE ( 'NONE', *, *, #2323, .F. ) ;
#141 = DIRECTION ( 'NONE',  ( 0.000000000000000000, 0.000000000000000000, 1.000000000000000000 ) ) ;
#142 = EDGE_LOOP ( 'NONE', ( #844, #2955, #151, #1827, #3278, #2701, #2645 ) ) ;
#143 = DIRECTION ( 'NONE',  ( -0.000000000000000000, 1.000000000000000000, -0.000000000000000000 ) ) ;
#144 = ORIENTED_EDGE ( 'NONE', *, *, #1790, .F. ) ;
#145 = CARTESIAN_POINT ( 'NONE',  ( 1.409869250954516762, 0.2500000000000000000, 0.6800000000000001599 ) ) ;
#146 = DIRECTION ( 'NONE',  ( 0.6785983445458468877, 0.6785983445458468877, -0.2810846377148210617 ) ) ;
#147 = PLANE ( 'NONE',  #2699 ) ;
#148 = CARTESIAN_POINT ( 'NONE',  ( 0.000000000000000000, 0.2500000000000000000, 0.000000000000000000 ) ) ;
#149 = CYLINDRICAL_SURFACE ( 'NONE', #96, 0.05000000000000000971 ) ;
#150 = EDGE_CURVE ( 'NONE', #1243, #1329, #1515, .T. ) ;
#151 = ORIENTED_EDGE ( 'NONE', *, *, #2867, .F. ) ;
#152 = CARTESIAN_POINT ( 'NONE',  ( -1.459999999999999964, 0.2500000000000000000, 0.6800000000000001599 ) ) ;
#153 = ORIENTED_EDGE ( 'NONE', *, *, #1626, .F. ) ;
#154 = EDGE_CURVE ( 'NONE', #1197, #3297, #1712, .T. ) ;
#155 = EDGE_CURVE ( 'NONE', #2979, #2738, #1759, .T. ) ;
#156 = AXIS2_PLACEMENT_3D ( 'NONE', #641, #901, #1685 ) ;
#157 = EDGE_LOOP ( 'NONE', ( #28, #380, #2528, #1654 ) ) ;
#158 = AXIS2_PLACEMENT_3D ( 'NONE', #2212, #1971, #2227 ) ;
#159 = CARTESIAN_POINT ( 'NONE',  ( 4.043135030623111511E-17, 1.150000000000000133, 0.3700000000000001621 ) ) ;
#160 = DIRECTION ( 'NONE',  ( -0.7071067811865462405, 0.000000000000000000, 0.7071067811865486830 ) ) ;
#161 = AXIS2_PLACEMENT_3D ( 'NONE', #2941, #102, #2156 ) ;
#162 = DIRECTION ( 'NONE',  ( 0.000000000000000000, -1.000000000000000000, 0.000000000000000000 ) ) ;
#163 = CARTESIAN_POINT ( 'NONE',  ( 1.269999999999999796, 0.2500000000000000000, -1.270000000000000018 ) ) ;
#164 = VERTEX_POINT ( 'NONE', #1334 ) ;
#165 = CARTESIAN_POINT ( 'NONE',  ( -6.712150520433254955E-15, 0.000000000000000000, -0.6300000000000151035 ) ) ;
#166 = LINE ( 'NONE', #373, #507 ) ;
#167 = AXIS2_PLACEMENT_3D ( 'NONE', #2932, #939, #2727 ) ;
#168 = CARTESIAN_POINT ( 'NONE',  ( -1.200000000000000622, 0.000000000000000000, -0.6300000000000001155 ) ) ;
#169 = LINE ( 'NONE', #2649, #3141 ) ;
#170 = ORIENTED_EDGE ( 'NONE', *, *, #2450, .T. ) ;
#171 = PLANE ( 'NONE',  #1792 ) ;
#172 = VERTEX_POINT ( 'NONE', #1547 ) ;
#173 = ADVANCED_FACE ( 'NONE', ( #3124 ), #2849, .F. ) ;
#174 = CARTESIAN_POINT ( 'NONE',  ( -1.409999999999999920, 0.2500000000000000000, -0.000000000000000000 ) ) ;
#175 = DIRECTION ( 'NONE',  ( 1.000000000000000000, 0.000000000000000000, -1.065420717529062557E-14 ) ) ;
#176 = ORIENTED_EDGE ( 'NONE', *, *, #3075, .F. ) ;
#177 = EDGE_CURVE ( 'NONE', #164, #2128, #2638, .T. ) ;
#178 = DIRECTION ( 'NONE',  ( 0.000000000000000000, -1.000000000000000000, 0.000000000000000000 ) ) ;
#179 = VECTOR ( 'NONE', #337, 39.37007874015748143 ) ;
#180 = CIRCLE ( 'NONE', #1441, 0.05000000000000000971 ) ;
#181 = FACE_OUTER_BOUND ( 'NONE', #2389, .T. ) ;
#182 = ORIENTED_EDGE ( 'NONE', *, *, #372, .F. ) ;
#183 = CARTESIAN_POINT ( 'NONE',  ( 1.459869250954516806, 0.000000000000000000, 0.6300000000000001155 ) ) ;
#184 = VERTEX_POINT ( 'NONE', #62 ) ;
#185 = ORIENTED_EDGE ( 'NONE', *, *, #2909, .T. ) ;
#186 = DIRECTION ( 'NONE',  ( 0.000000000000000000, 0.000000000000000000, -1.000000000000000000 ) ) ;
#187 = AXIS2_PLACEMENT_3D ( 'NONE', #1124, #393, #3184 ) ;
#188 = CARTESIAN_POINT ( 'NONE',  ( -1.409999999999999920, 0.000000000000000000, 0.000000000000000000 ) ) ;
#189 = ADVANCED_FACE ( 'NONE', ( #792 ), #1848, .T. ) ;
#190 = AXIS2_PLACEMENT_3D ( 'NONE', #1917, #3212, #1369 ) ;
#191 = ORIENTED_EDGE ( 'NONE', *, *, #116, .F. ) ;
#192 = CARTESIAN_POINT ( 'NONE',  ( -1.270000000000007567, 0.2500000000000000000, -1.269999999999994023 ) ) ;
#193 = EDGE_CURVE ( 'NONE', #1014, #1473, #1303, .T. ) ;
#194 = ORIENTED_EDGE ( 'NONE', *, *, #2714, .T. ) ;
#195 = AXIS2_PLACEMENT_3D ( 'NONE', #17, #2325, #802 ) ;
#196 = PLANE ( 'NONE',  #103 ) ;
#197 = ORIENTED_EDGE ( 'NONE', *, *, #3121, .T. ) ;
#198 = VERTEX_POINT ( 'NONE', #2881 ) ;
#199 = VERTEX_POINT ( 'NONE', #582 ) ;
#200 = PLANE ( 'NONE',  #687 ) ;
#201 = CYLINDRICAL_SURFACE ( 'NONE', #2928, 0.05000000000000000971 ) ;
#202 = EDGE_LOOP ( 'NONE', ( #122, #1350, #1734, #1083, #1048, #588 ) ) ;
#203 = DIRECTION ( 'NONE',  ( 0.000000000000000000, 1.000000000000000000, -0.000000000000000000 ) ) ;
#204 = EDGE_CURVE ( 'NONE', #619, #2589, #870, .T. ) ;
#205 = CARTESIAN_POINT ( 'NONE',  ( 5.135874228088817291E-17, 1.250000000000000000, 0.4700000000000001954 ) ) ;
#206 = DIRECTION ( 'NONE',  ( 1.000000000000000000, 0.000000000000000000, 0.000000000000000000 ) ) ;
#207 = AXIS2_PLACEMENT_3D ( 'NONE', #3266, #3023, #1957 ) ;
#208 = ORIENTED_EDGE ( 'NONE', *, *, #1921, .F. ) ;
#209 = CARTESIAN_POINT ( 'NONE',  ( -1.459999999999999520, 0.000000000000000000, -0.6299999999999995604 ) ) ;
#210 = ADVANCED_FACE ( 'NONE', ( #877 ), #1658, .F. ) ;
#211 = ORIENTED_EDGE ( 'NONE', *, *, #2780, .F. ) ;
#212 = EDGE_LOOP ( 'NONE', ( #170, #736, #144, #1300, #1657 ) ) ;
#213 = ORIENTED_EDGE ( 'NONE', *, *, #2617, .T. ) ;
#214 = LINE ( 'NONE', #968, #2987 ) ;
#215 = ORIENTED_EDGE ( 'NONE', *, *, #763, .F. ) ;
#216 = CYLINDRICAL_SURFACE ( 'NONE', #3152, 0.05000000000000000971 ) ;
#217 = VECTOR ( 'NONE', #175, 39.37007874015748143 ) ;
#218 = SURFACE_STYLE_FILL_AREA ( #2990 ) ;
#219 = DIRECTION ( 'NONE',  ( -1.000000000000000000, 0.000000000000000000, 0.000000000000000000 ) ) ;
#220 = ORIENTED_EDGE ( 'NONE', *, *, #1497, .T. ) ;
#221 = EDGE_CURVE ( 'NONE', #2397, #1132, #2704, .T. ) ;
#222 = DIRECTION ( 'NONE',  ( -1.000000000000000000, 0.000000000000000000, 0.000000000000000000 ) ) ;
#223 = AXIS2_PLACEMENT_3D ( 'NONE', #355, #3200, #322 ) ;
#224 = DIRECTION ( 'NONE',  ( 0.000000000000000000, 0.000000000000000000, 1.000000000000000000 ) ) ;
#225 = AXIS2_PLACEMENT_3D ( 'NONE', #3310, #531, #772 ) ;
#226 = CARTESIAN_POINT ( 'NONE',  ( 0.000000000000000000, 0.2500000000000000000, 0.6300000000000001155 ) ) ;
#227 = EDGE_CURVE ( 'NONE', #862, #2799, #2477, .T. ) ;
#228 = ORIENTED_EDGE ( 'NONE', *, *, #2084, .T. ) ;
#229 = ORIENTED_EDGE ( 'NONE', *, *, #763, .T. ) ;
#230 = DIRECTION ( 'NONE',  ( 0.000000000000000000, 0.000000000000000000, -1.000000000000000000 ) ) ;
#231 = ORIENTED_EDGE ( 'NONE', *, *, #3121, .F. ) ;
#232 = CARTESIAN_POINT ( 'NONE',  ( 1.789289321881344819, 0.000000000000000000, -0.6800000000000001599 ) ) ;
#233 = DIRECTION ( 'NONE',  ( -0.000000000000000000, -1.000000000000000000, -0.000000000000000000 ) ) ;
#234 = FACE_OUTER_BOUND ( 'NONE', #1227, .T. ) ;
#235 = EDGE_LOOP ( 'NONE', ( #1643, #1646, #2000, #3248 ) ) ;
#236 = DIRECTION ( 'NONE',  ( -0.000000000000000000, 1.000000000000000000, -0.000000000000000000 ) ) ;
#237 = DIRECTION ( 'NONE',  ( -1.000000000000000000, 0.000000000000000000, -0.000000000000000000 ) ) ;
#238 = EDGE_LOOP ( 'NONE', ( #2669, #3293, #1896, #2007 ) ) ;
#239 = EDGE_CURVE ( 'NONE', #198, #184, #415, .T. ) ;
#240 = CARTESIAN_POINT ( 'NONE',  ( 1.269999999999999796, 0.000000000000000000, -1.270000000000000018 ) ) ;
#241 = AXIS2_PLACEMENT_3D ( 'NONE', #71, #1280, #295 ) ;
#242 = ORIENTED_EDGE ( 'NONE', *, *, #1480, .F. ) ;
#243 = ORIENTED_EDGE ( 'NONE', *, *, #668, .F. ) ;
#244 = EDGE_CURVE ( 'NONE', #803, #2073, #2750, .T. ) ;
#245 = CARTESIAN_POINT ( 'NONE',  ( 5.135874228088817291E-17, 1.250000000000000000, 0.4700000000000001954 ) ) ;
#246 = VERTEX_POINT ( 'NONE', #2431 ) ;
#247 = DIRECTION ( 'NONE',  ( -1.000000000000000000, 0.000000000000000000, 0.000000000000000000 ) ) ;
#248 = EDGE_CURVE ( 'NONE', #671, #3135, #1627, .T. ) ;
#249 = ORIENTED_EDGE ( 'NONE', *, *, #3250, .F. ) ;
#250 = DIRECTION ( 'NONE',  ( 1.000000000000000000, -0.000000000000000000, -1.092739197465705287E-16 ) ) ;
#251 = VECTOR ( 'NONE', #740, 39.37007874015748143 ) ;
#252 = CARTESIAN_POINT ( 'NONE',  ( 1.789267001018795655, 0.2500000000000000000, 0.6300000000000001155 ) ) ;
#253 = VECTOR ( 'NONE', #1058, 39.37007874015748143 ) ;
#254 = ORIENTED_EDGE ( 'NONE', *, *, #2721, .T. ) ;
#255 = LINE ( 'NONE', #989, #253 ) ;
#256 = FACE_OUTER_BOUND ( 'NONE', #3116, .T. ) ;
#257 = LINE ( 'NONE', #2027, #1004 ) ;
#258 = CARTESIAN_POINT ( 'NONE',  ( 0.000000000000000000, 0.000000000000000000, -0.6300000000000001155 ) ) ;
#259 = DIRECTION ( 'NONE',  ( -1.000000000000000000, 0.000000000000000000, 0.000000000000000000 ) ) ;
#260 = EDGE_LOOP ( 'NONE', ( #305, #830, #2096, #1430 ) ) ;
#261 = VERTEX_POINT ( 'NONE', #1436 ) ;
#262 = CARTESIAN_POINT ( 'NONE',  ( 1.499999999999999778, 0.1499999999999988842, 1.457106781186548128 ) ) ;
#263 = VERTEX_POINT ( 'NONE', #2194 ) ;
#264 = DIRECTION ( 'NONE',  ( 1.000000000000000000, -0.000000000000000000, -2.731847993664263711E-16 ) ) ;
#265 = EDGE_CURVE ( 'NONE', #550, #2572, #2656, .T. ) ;
#266 = CYLINDRICAL_SURFACE ( 'NONE', #1745, 0.05000000000000000971 ) ;
#267 = ORIENTED_EDGE ( 'NONE', *, *, #2739, .T. ) ;
#268 = ADVANCED_FACE ( 'NONE', ( #891 ), #1184, .F. ) ;
#269 = CARTESIAN_POINT ( 'NONE',  ( -1.789289321881344152, 0.2500000000000000000, -0.6299999999999960076 ) ) ;
#270 = DIRECTION ( 'NONE',  ( -1.000000000000000000, 0.000000000000000000, 1.092739197465705287E-16 ) ) ;
#271 = EDGE_LOOP ( 'NONE', ( #624, #2197, #2050, #2525 ) ) ;
#272 = DIRECTION ( 'NONE',  ( -0.000000000000000000, 1.000000000000000000, -0.000000000000000000 ) ) ;
#273 = FACE_OUTER_BOUND ( 'NONE', #2703, .T. ) ;
#274 = CARTESIAN_POINT ( 'NONE',  ( -1.459999999999999964, 0.000000000000000000, -0.4199999999999995959 ) ) ;
#275 = LINE ( 'NONE', #1281, #1553 ) ;
#276 = VERTEX_POINT ( 'NONE', #2469 ) ;
#277 = AXIS2_PLACEMENT_3D ( 'NONE', #2517, #2538, #1796 ) ;
#278 = ORIENTED_EDGE ( 'NONE', *, *, #2659, .T. ) ;
#279 = AXIS2_PLACEMENT_3D ( 'NONE', #475, #1010, #259 ) ;
#280 = CARTESIAN_POINT ( 'NONE',  ( -1.459999999999999964, 0.2500000000000000000, 0.4200000000000004285 ) ) ;
#281 = AXIS2_PLACEMENT_3D ( 'NONE', #733, #523, #1538 ) ;
#282 = LINE ( 'NONE', #2314, #3267 ) ;
#283 = EDGE_CURVE ( 'NONE', #3151, #658, #1125, .T. ) ;
#284 = DIRECTION ( 'NONE',  ( -0.7070143336947484203, 0.000000000000000000, -0.7071992165932956542 ) ) ;
#285 = EDGE_LOOP ( 'NONE', ( #1946, #2483, #1245, #1216 ) ) ;
#286 = DIRECTION ( 'NONE',  ( 0.000000000000000000, 0.000000000000000000, 1.000000000000000000 ) ) ;
#287 = EDGE_CURVE ( 'NONE', #1335, #1468, #1934, .T. ) ;
#288 = EDGE_CURVE ( 'NONE', #2048, #2602, #1165, .T. ) ;
#289 = CARTESIAN_POINT ( 'NONE',  ( 1.459999999999999964, 0.000000000000000000, -1.009289321881345014 ) ) ;
#290 = VERTEX_POINT ( 'NONE', #646 ) ;
#291 = AXIS2_PLACEMENT_3D ( 'NONE', #2451, #2945, #904 ) ;
#292 = CARTESIAN_POINT ( 'NONE',  ( -1.409999999999999920, 0.000000000000000000, -0.4199999999999995959 ) ) ;
#293 = DIRECTION ( 'NONE',  ( 0.000000000000000000, 0.000000000000000000, -1.000000000000000000 ) ) ;
#294 = DIRECTION ( 'NONE',  ( 1.000000000000000000, 0.000000000000000000, 0.000000000000000000 ) ) ;
#295 = DIRECTION ( 'NONE',  ( -0.7071067811865465735, 0.000000000000000000, 0.7071067811865483499 ) ) ;
#296 = ORIENTED_EDGE ( 'NONE', *, *, #1064, .T. ) ;
#297 = ORIENTED_EDGE ( 'NONE', *, *, #3313, .T. ) ;
#298 = DIRECTION ( 'NONE',  ( 0.7071067811865464625, -0.000000000000000000, 0.7071067811865485719 ) ) ;
#299 = CIRCLE ( 'NONE', #1235, 0.05000000000000000971 ) ;
#300 = CARTESIAN_POINT ( 'NONE',  ( -1.459999999999999964, 0.2500000000000000000, -0.4199999999999995959 ) ) ;
#301 = LINE ( 'NONE', #3173, #2236 ) ;
#302 = ORIENTED_EDGE ( 'NONE', *, *, #1528, .T. ) ;
#303 = FACE_OUTER_BOUND ( 'NONE', #2134, .T. ) ;
#304 = DIRECTION ( 'NONE',  ( -0.000000000000000000, -1.000000000000000000, -0.000000000000000000 ) ) ;
#305 = ORIENTED_EDGE ( 'NONE', *, *, #485, .F. ) ;
#306 = CARTESIAN_POINT ( 'NONE',  ( 1.409999999999999920, 0.000000000000000000, -1.009289321881345014 ) ) ;
#307 = EDGE_CURVE ( 'NONE', #460, #22, #2961, .T. ) ;
#308 = LINE ( 'NONE', #1313, #776 ) ;
#309 = VECTOR ( 'NONE', #3103, 39.37007874015748143 ) ;
#310 = CARTESIAN_POINT ( 'NONE',  ( 1.349999999999999423, 0.2500000000000000000, 0.000000000000000000 ) ) ;
#311 = VECTOR ( 'NONE', #1735, 39.37007874015748143 ) ;
#312 = FACE_OUTER_BOUND ( 'NONE', #1623, .T. ) ;
#313 = VERTEX_POINT ( 'NONE', #2146 ) ;
#314 = EDGE_CURVE ( 'NONE', #2484, #627, #2672, .T. ) ;
#315 = VERTEX_POINT ( 'NONE', #1673 ) ;
#316 = LINE ( 'NONE', #1320, #1932 ) ;
#317 = CIRCLE ( 'NONE', #581, 0.05000000000000000971 ) ;
#318 = CARTESIAN_POINT ( 'NONE',  ( 1.250000000000000000, 0.000000000000000000, 0.000000000000000000 ) ) ;
#319 = ORIENTED_EDGE ( 'NONE', *, *, #1131, .T. ) ;
#320 = CARTESIAN_POINT ( 'NONE',  ( -1.824644660940672347, 0.2500000000000000000, -0.7153553390593234695 ) ) ;
#321 = ORIENTED_EDGE ( 'NONE', *, *, #134, .F. ) ;
#322 = DIRECTION ( 'NONE',  ( -1.000000000000000000, 0.000000000000000000, 1.365923996832131363E-16 ) ) ;
#323 = CARTESIAN_POINT ( 'NONE',  ( 1.409999999999999920, 0.000000000000000000, -0.4199999999999998734 ) ) ;
#324 = LINE ( 'NONE', #767, #2036 ) ;
#325 = PLANE ( 'NONE',  #45 ) ;
#326 = ADVANCED_FACE ( 'NONE', ( #2981 ), #678, .T. ) ;
#327 = ORIENTED_EDGE ( 'NONE', *, *, #1549, .F. ) ;
#328 = ORIENTED_EDGE ( 'NONE', *, *, #2853, .F. ) ;
#329 = EDGE_CURVE ( 'NONE', #2073, #619, #1400, .T. ) ;
#330 = CARTESIAN_POINT ( 'NONE',  ( -1.459999999999999964, 0.000000000000000000, -0.4699999999999996403 ) ) ;
#331 =( GEOMETRIC_REPRESENTATION_CONTEXT ( 3 ) GLOBAL_UNCERTAINTY_ASSIGNED_CONTEXT ( ( #2402 ) ) GLOBAL_UNIT_ASSIGNED_CONTEXT ( ( #1748, #1699, #2478 ) ) REPRESENTATION_CONTEXT ( 'NONE', 'WORKASPACE' ) );
#332 = CARTESIAN_POINT ( 'NONE',  ( 1.349999999999999423, 0.3500000000000000333, -0.07000000000000000666 ) ) ;
#333 = DIRECTION ( 'NONE',  ( 0.000000000000000000, 0.000000000000000000, 1.000000000000000000 ) ) ;
#334 = AXIS2_PLACEMENT_3D ( 'NONE', #245, #2279, #3064 ) ;
#335 = ORIENTED_EDGE ( 'NONE', *, *, #1876, .T. ) ;
#336 = APPLICATION_PROTOCOL_DEFINITION ( 'draft international standard', 'automotive_design', 1998, #497 ) ;
#337 = DIRECTION ( 'NONE',  ( -0.000000000000000000, -1.000000000000000000, -0.000000000000000000 ) ) ;
#338 = ORIENTED_EDGE ( 'NONE', *, *, #1297, .T. ) ;
#339 = CARTESIAN_POINT ( 'NONE',  ( 1.459999999999999964, 0.2500000000000000000, -1.009289321881345014 ) ) ;
#340 = DIRECTION ( 'NONE',  ( 1.000000000000000000, -0.000000000000000000, 0.000000000000000000 ) ) ;
#341 = VECTOR ( 'NONE', #343, 39.37007874015748854 ) ;
#342 = LINE ( 'NONE', #1160, #1537 ) ;
#343 = DIRECTION ( 'NONE',  ( -0.7071992165932955432, 0.000000000000000000, 0.7070143336947483093 ) ) ;
#344 = ORIENTED_EDGE ( 'NONE', *, *, #749, .F. ) ;
#345 = ORIENTED_EDGE ( 'NONE', *, *, #2724, .F. ) ;
#346 = PLANE ( 'NONE',  #79 ) ;
#347 = ADVANCED_FACE ( 'NONE', ( #1153 ), #2181, .F. ) ;
#348 = EDGE_CURVE ( 'NONE', #3012, #396, #1485, .T. ) ;
#349 = ORIENTED_EDGE ( 'NONE', *, *, #2926, .F. ) ;
#350 = CARTESIAN_POINT ( 'NONE',  ( 0.000000000000000000, 0.2500000000000000000, 0.07000000000000000666 ) ) ;
#351 = ORIENTED_EDGE ( 'NONE', *, *, #1897, .T. ) ;
#352 = EDGE_CURVE ( 'NONE', #1212, #1387, #2667, .T. ) ;
#353 = DIRECTION ( 'NONE',  ( -0.000000000000000000, 0.000000000000000000, 1.000000000000000000 ) ) ;
#354 = ORIENTED_EDGE ( 'NONE', *, *, #221, .F. ) ;
#355 = CARTESIAN_POINT ( 'NONE',  ( -6.419842785111013140E-17, 0.000000000000000000, -0.4699999999999996958 ) ) ;
#356 = CARTESIAN_POINT ( 'NONE',  ( 2.207106781186546129, 0.1499999999999988842, 0.7499999999999997780 ) ) ;
#357 = CARTESIAN_POINT ( 'NONE',  ( 1.199999999999999956, 0.000000000000000000, 0.6300000000000001155 ) ) ;
#358 = EDGE_LOOP ( 'NONE', ( #2510, #1558, #1164, #3226 ) ) ;
#359 = LINE ( 'NONE', #1638, #1795 ) ;
#360 = LINE ( 'NONE', #3223, #3265 ) ;
#361 = CIRCLE ( 'NONE', #2545, 0.05000000000000000971 ) ;
#362 = ORIENTED_EDGE ( 'NONE', *, *, #3313, .F. ) ;
#363 = PLANE ( 'NONE',  #910 ) ;
#364 = AXIS2_PLACEMENT_3D ( 'NONE', #2870, #272, #2837 ) ;
#365 = ORIENTED_EDGE ( 'NONE', *, *, #1082, .T. ) ;
#366 = DIRECTION ( 'NONE',  ( 0.000000000000000000, -1.000000000000000000, 0.000000000000000000 ) ) ;
#367 = EDGE_CURVE ( 'NONE', #2865, #3015, #2834, .T. ) ;
#368 = ORIENTED_EDGE ( 'NONE', *, *, #2698, .F. ) ;
#369 = FACE_OUTER_BOUND ( 'NONE', #3126, .T. ) ;
#370 = VECTOR ( 'NONE', #2555, 39.37007874015748143 ) ;
#371 = EDGE_CURVE ( 'NONE', #1206, #2427, #509, .T. ) ;
#372 = EDGE_CURVE ( 'NONE', #1222, #3025, #708, .T. ) ;
#373 = CARTESIAN_POINT ( 'NONE',  ( 1.349999999999999423, 0.2500000000000000000, 0.000000000000000000 ) ) ;
#374 = ORIENTED_EDGE ( 'NONE', *, *, #1882, .F. ) ;
#375 = CARTESIAN_POINT ( 'NONE',  ( 2.207106781186546129, 0.000000000000000000, -0.7500000000000003331 ) ) ;
#376 = DIRECTION ( 'NONE',  ( 0.000000000000000000, -1.000000000000000000, 0.000000000000000000 ) ) ;
#377 = ORIENTED_EDGE ( 'NONE', *, *, #634, .T. ) ;
#378 = DIRECTION ( 'NONE',  ( -0.000000000000000000, -1.000000000000000000, 0.000000000000000000 ) ) ;
#379 = FACE_OUTER_BOUND ( 'NONE', #1483, .T. ) ;
#380 = ORIENTED_EDGE ( 'NONE', *, *, #8, .T. ) ;
#381 = VECTOR ( 'NONE', #809, 39.37007874015748143 ) ;
#382 = PLANE ( 'NONE',  #651 ) ;
#383 = ORIENTED_EDGE ( 'NONE', *, *, #2659, .F. ) ;
#384 = CARTESIAN_POINT ( 'NONE',  ( 1.860000000000000098, 0.000000000000000000, -0.4199999999999999845 ) ) ;
#385 = CARTESIAN_POINT ( 'NONE',  ( 1.100000000000000089, 1.250000000000000000, -0.1700000000000000677 ) ) ;
#386 = ORIENTED_EDGE ( 'NONE', *, *, #1349, .T. ) ;
#387 = ADVANCED_FACE ( 'NONE', ( #3002 ), #200, .F. ) ;
#388 = CIRCLE ( 'NONE', #1067, 0.05000000000000000971 ) ;
#389 = CARTESIAN_POINT ( 'NONE',  ( 1.250000000000000000, 0.2500000000000000000, 1.080000000000000071 ) ) ;
#390 = EDGE_CURVE ( 'NONE', #944, #2360, #2442, .T. ) ;
#391 = EDGE_CURVE ( 'NONE', #3027, #1115, #342, .T. ) ;
#392 = DIRECTION ( 'NONE',  ( 0.000000000000000000, -1.000000000000000000, 0.000000000000000000 ) ) ;
#393 = DIRECTION ( 'NONE',  ( -1.092739197465705287E-16, 0.000000000000000000, -1.000000000000000000 ) ) ;
#394 = EDGE_LOOP ( 'NONE', ( #1610, #2790, #526, #94 ) ) ;
#395 = CARTESIAN_POINT ( 'NONE',  ( -1.860000000000000098, 0.000000000000000000, 0.4200000000000003730 ) ) ;
#396 = VERTEX_POINT ( 'NONE', #1635 ) ;
#397 = LINE ( 'NONE', #1671, #805 ) ;
#398 = ORIENTED_EDGE ( 'NONE', *, *, #1372, .F. ) ;
#399 = CARTESIAN_POINT ( 'NONE',  ( -1.860000000000000098, 0.000000000000000000, 0.4700000000000003619 ) ) ;
#400 = CARTESIAN_POINT ( 'NONE',  ( -1.407842712474620672, 0.2500000000000000000, -1.407842712474616009 ) ) ;
#401 = CARTESIAN_POINT ( 'NONE',  ( -1.495355339059327493, 0.2500000000000000000, -1.044644660940671654 ) ) ;
#402 = VERTEX_POINT ( 'NONE', #1616 ) ;
#403 = FACE_BOUND ( 'NONE', #1919, .T. ) ;
#404 = AXIS2_PLACEMENT_3D ( 'NONE', #1942, #1679, #1175 ) ;
#405 = CARTESIAN_POINT ( 'NONE',  ( -1.459999999999999964, 0.2500000000000000000, -0.6799999999999996048 ) ) ;
#406 = ORIENTED_EDGE ( 'NONE', *, *, #769, .F. ) ;
#407 = EDGE_CURVE ( 'NONE', #1387, #803, #2186, .T. ) ;
#408 = DIRECTION ( 'NONE',  ( 0.000000000000000000, 1.000000000000000000, 0.000000000000000000 ) ) ;
#409 = VERTEX_POINT ( 'NONE', #621 ) ;
#410 = LINE ( 'NONE', #1418, #2516 ) ;
#411 = ADVANCED_FACE ( 'NONE', ( #2503 ), #2266, .F. ) ;
#412 = AXIS2_PLACEMENT_3D ( 'NONE', #2543, #1193, #2494 ) ;
#413 = VERTEX_POINT ( 'NONE', #1976 ) ;
#414 = VECTOR ( 'NONE', #2963, 39.37007874015748143 ) ;
#415 = LINE ( 'NONE', #614, #450 ) ;
#416 = VECTOR ( 'NONE', #2042, 39.37007874015748143 ) ;
#417 = DIRECTION ( 'NONE',  ( 0.000000000000000000, 0.000000000000000000, 1.000000000000000000 ) ) ;
#418 = DIRECTION ( 'NONE',  ( 0.000000000000000000, -1.000000000000000000, 0.000000000000000000 ) ) ;
#419 = ORIENTED_EDGE ( 'NONE', *, *, #2057, .T. ) ;
#420 = LINE ( 'NONE', #2436, #1692 ) ;
#421 = DIRECTION ( 'NONE',  ( 0.000000000000000000, -0.000000000000000000, -1.000000000000000000 ) ) ;
#422 = FACE_OUTER_BOUND ( 'NONE', #1070, .T. ) ;
#423 = CARTESIAN_POINT ( 'NONE',  ( 1.910000000000000142, 0.000000000000000000, 0.000000000000000000 ) ) ;
#424 = ORIENTED_EDGE ( 'NONE', *, *, #2526, .F. ) ;
#425 = ORIENTED_EDGE ( 'NONE', *, *, #1203, .F. ) ;
#426 = DIRECTION ( 'NONE',  ( -0.2810846377148228381, -0.6785983445458461105, -0.6785983445458469987 ) ) ;
#427 = PLANE ( 'NONE',  #1221 ) ;
#428 = EDGE_CURVE ( 'NONE', #2131, #2572, #1700, .T. ) ;
#429 = ORIENTED_EDGE ( 'NONE', *, *, #927, .F. ) ;
#430 = ADVANCED_FACE ( 'NONE', ( #3284 ), #957, .T. ) ;
#431 = DIRECTION ( 'NONE',  ( 1.000000000000000000, -0.000000000000000000, 0.000000000000000000 ) ) ;
#432 = DIRECTION ( 'NONE',  ( 1.000000000000000000, 0.000000000000000000, 1.092739197465705287E-15 ) ) ;
#433 = LINE ( 'NONE', #188, #3036 ) ;
#434 = PLANE ( 'NONE',  #167 ) ;
#435 = EDGE_LOOP ( 'NONE', ( #73, #2708, #1363, #1318 ) ) ;
#436 = DIRECTION ( 'NONE',  ( 1.000000000000000000, 0.000000000000000000, -1.065420717529062399E-14 ) ) ;
#437 = AXIS2_PLACEMENT_3D ( 'NONE', #10, #2071, #1779 ) ;
#438 = AXIS2_PLACEMENT_3D ( 'NONE', #1348, #2125, #141 ) ;
#439 = FACE_OUTER_BOUND ( 'NONE', #435, .T. ) ;
#440 = ORIENTED_EDGE ( 'NONE', *, *, #204, .F. ) ;
#441 = DIRECTION ( 'NONE',  ( 0.000000000000000000, 0.000000000000000000, 1.000000000000000000 ) ) ;
#442 = ORIENTED_EDGE ( 'NONE', *, *, #1837, .T. ) ;
#443 = ORIENTED_EDGE ( 'NONE', *, *, #3254, .F. ) ;
#444 = ADVANCED_FACE ( 'NONE', ( #181 ), #2204, .F. ) ;
#445 = ORIENTED_EDGE ( 'NONE', *, *, #2476, .F. ) ;
#446 = VECTOR ( 'NONE', #2392, 39.37007874015748143 ) ;
#447 = DIRECTION ( 'NONE',  ( 0.000000000000000000, -1.000000000000000000, 0.000000000000000000 ) ) ;
#448 = DIRECTION ( 'NONE',  ( 0.000000000000000000, 0.000000000000000000, 1.000000000000000000 ) ) ;
#449 = DIRECTION ( 'NONE',  ( -0.000000000000000000, -1.000000000000000000, -0.000000000000000000 ) ) ;
#450 = VECTOR ( 'NONE', #431, 39.37007874015748143 ) ;
#451 = EDGE_LOOP ( 'NONE', ( #2065, #377, #773, #2257, #472, #1865, #711, #881 ) ) ;
#452 = EDGE_CURVE ( 'NONE', #1143, #290, #2752, .T. ) ;
#453 = LINE ( 'NONE', #192, #987 ) ;
#454 = EDGE_CURVE ( 'NONE', #2715, #1399, #1464, .T. ) ;
#455 = CARTESIAN_POINT ( 'NONE',  ( 1.459999999999999964, 0.2500000000000000000, -0.6800000000000001599 ) ) ;
#456 = EDGE_LOOP ( 'NONE', ( #419, #593, #445, #876 ) ) ;
#457 = VECTOR ( 'NONE', #524, 39.37007874015748854 ) ;
#458 = CARTESIAN_POINT ( 'NONE',  ( 2.107106781186545152, 0.2500000000000000000, 0.000000000000000000 ) ) ;
#459 = ORIENTED_EDGE ( 'NONE', *, *, #3308, .F. ) ;
#460 = VERTEX_POINT ( 'NONE', #1288 ) ;
#461 = CARTESIAN_POINT ( 'NONE',  ( 1.250000000000000000, 0.000000000000000000, 0.6800000000000001599 ) ) ;
#462 = ORIENTED_EDGE ( 'NONE', *, *, #1815, .T. ) ;
#463 = AXIS2_PLACEMENT_3D ( 'NONE', #3046, #1756, #230 ) ;
#464 = CIRCLE ( 'NONE', #156, 0.05000000000000000971 ) ;
#465 = ADVANCED_FACE ( 'NONE', ( #93 ), #1304, .T. ) ;
#466 = DIRECTION ( 'NONE',  ( -1.000000000000000000, 0.000000000000000000, 1.092739197465705287E-16 ) ) ;
#467 = VERTEX_POINT ( 'NONE', #1034 ) ;
#468 = CARTESIAN_POINT ( 'NONE',  ( -2.207106781186546129, 0.1499999999999988842, -0.7499999999999996669 ) ) ;
#469 = EDGE_CURVE ( 'NONE', #1945, #2287, #3104, .T. ) ;
#470 = CARTESIAN_POINT ( 'NONE',  ( 1.100000000000000089, 0.2500000000000000000, 0.4700000000000000289 ) ) ;
#471 = VECTOR ( 'NONE', #449, 39.37007874015748143 ) ;
#472 = ORIENTED_EDGE ( 'NONE', *, *, #2100, .T. ) ;
#473 = FACE_OUTER_BOUND ( 'NONE', #3236, .T. ) ;
#474 = EDGE_LOOP ( 'NONE', ( #1568, #1053, #1148, #2686 ) ) ;
#475 = CARTESIAN_POINT ( 'NONE',  ( 1.349999999999999423, 0.3500000000000000333, 0.07000000000000000666 ) ) ;
#476 = EDGE_LOOP ( 'NONE', ( #919, #893, #1404, #2378 ) ) ;
#477 = EDGE_LOOP ( 'NONE', ( #1435, #1845, #656, #2856 ) ) ;
#478 = FACE_OUTER_BOUND ( 'NONE', #2362, .T. ) ;
#479 = VERTEX_POINT ( 'NONE', #2850 ) ;
#480 = CARTESIAN_POINT ( 'NONE',  ( -1.200000000000000178, 0.000000000000000000, -1.080000000000000071 ) ) ;
#481 = EDGE_CURVE ( 'NONE', #1142, #2755, #3159, .T. ) ;
#482 = CARTESIAN_POINT ( 'NONE',  ( 1.409869250954516762, 0.000000000000000000, 0.000000000000000000 ) ) ;
#483 = DIRECTION ( 'NONE',  ( -1.000000000000000000, 0.000000000000000000, 0.000000000000000000 ) ) ;
#484 = ORIENTED_EDGE ( 'NONE', *, *, #2532, .F. ) ;
#485 = EDGE_CURVE ( 'NONE', #315, #2427, #301, .T. ) ;
#486 = DIRECTION ( 'NONE',  ( 0.000000000000000000, 0.000000000000000000, 1.000000000000000000 ) ) ;
#487 = AXIS2_PLACEMENT_3D ( 'NONE', #1518, #2551, #2603 ) ;
#488 = ORIENTED_EDGE ( 'NONE', *, *, #1291, .T. ) ;
#489 = VECTOR ( 'NONE', #1302, 39.37007874015748143 ) ;
#490 = CARTESIAN_POINT ( 'NONE',  ( 1.910000000000000142, 0.000000000000000000, 0.4199999999999999845 ) ) ;
#491 = ORIENTED_EDGE ( 'NONE', *, *, #912, .T. ) ;
#492 = ORIENTED_EDGE ( 'NONE', *, *, #828, .T. ) ;
#493 = PLANE ( 'NONE',  #334 ) ;
#494 = ORIENTED_EDGE ( 'NONE', *, *, #2714, .F. ) ;
#495 = CARTESIAN_POINT ( 'NONE',  ( 1.249999999999999556, 1.250000000000000000, 0.000000000000000000 ) ) ;
#496 = CARTESIAN_POINT ( 'NONE',  ( 0.000000000000000000, 0.2500000000000000000, 0.6300000000000001155 ) ) ;
#497 = APPLICATION_CONTEXT ( 'automotive_design' ) ;
#498 = EDGE_LOOP ( 'NONE', ( #19, #58, #1290, #3321 ) ) ;
#499 = LINE ( 'NONE', #1992, #3123 ) ;
#500 = EDGE_LOOP ( 'NONE', ( #1346, #903, #267, #2852 ) ) ;
#501 = DIRECTION ( 'NONE',  ( -0.7071067811865464625, 0.000000000000000000, -0.7071067811865484609 ) ) ;
#502 = LINE ( 'NONE', #15, #1088 ) ;
#503 = LINE ( 'NONE', #310, #746 ) ;
#504 = AXIS2_PLACEMENT_3D ( 'NONE', #2899, #1354, #1612 ) ;
#505 = EDGE_CURVE ( 'NONE', #3151, #676, #548, .T. ) ;
#506 = DIRECTION ( 'NONE',  ( 1.000000000000000000, -0.000000000000000000, 0.000000000000000000 ) ) ;
#507 = VECTOR ( 'NONE', #1355, 39.37007874015748143 ) ;
#508 = ORIENTED_EDGE ( 'NONE', *, *, #927, .T. ) ;
#509 = LINE ( 'NONE', #1522, #370 ) ;
#510 = EDGE_CURVE ( 'NONE', #2738, #132, #1628, .T. ) ;
#511 = DIRECTION ( 'NONE',  ( 1.000000000000000000, -0.000000000000000000, 0.000000000000000000 ) ) ;
#512 = ORIENTED_EDGE ( 'NONE', *, *, #348, .F. ) ;
#513 = CARTESIAN_POINT ( 'NONE',  ( 0.000000000000000000, 0.000000000000000000, 0.4699999999999999734 ) ) ;
#514 = CARTESIAN_POINT ( 'NONE',  ( 1.918478799856019545, 0.4386279813305255515, -0.6304463756525273688 ) ) ;
#515 = VECTOR ( 'NONE', #2043, 39.37007874015748143 ) ;
#516 = CYLINDRICAL_SURFACE ( 'NONE', #2576, 0.05000000000000000971 ) ;
#517 = CIRCLE ( 'NONE', #2168, 0.05000000000000000971 ) ;
#518 = FACE_OUTER_BOUND ( 'NONE', #1103, .T. ) ;
#519 = VECTOR ( 'NONE', #3205, 39.37007874015748143 ) ;
#520 = ORIENTED_EDGE ( 'NONE', *, *, #3308, .T. ) ;
#521 = DIRECTION ( 'NONE',  ( 0.000000000000000000, 0.000000000000000000, -1.000000000000000000 ) ) ;
#522 = CARTESIAN_POINT ( 'NONE',  ( 1.100000000000000089, 0.9434522436671697321, 0.1699999999999999567 ) ) ;
#523 = DIRECTION ( 'NONE',  ( -0.000000000000000000, 1.000000000000000000, -0.000000000000000000 ) ) ;
#524 = DIRECTION ( 'NONE',  ( 0.7071067811865464625, 0.000000000000000000, 0.7071067811865484609 ) ) ;
#525 = CARTESIAN_POINT ( 'NONE',  ( 1.495219967639254355, 0.2500000000000000000, 1.044671596529875179 ) ) ;
#526 = ORIENTED_EDGE ( 'NONE', *, *, #116, .T. ) ;
#527 = VECTOR ( 'NONE', #696, 39.37007874015748143 ) ;
#528 = ADVANCED_FACE ( 'NONE', ( #78 ), #2913, .F. ) ;
#529 = EDGE_LOOP ( 'NONE', ( #398, #1713, #406, #2238 ) ) ;
#530 = AXIS2_PLACEMENT_3D ( 'NONE', #2, #2031, #1455 ) ;
#531 = DIRECTION ( 'NONE',  ( -1.000000000000000000, 0.000000000000000000, 0.000000000000000000 ) ) ;
#532 = DIRECTION ( 'NONE',  ( 0.000000000000000000, -1.000000000000000000, 0.000000000000000000 ) ) ;
#533 = EDGE_CURVE ( 'NONE', #847, #2892, #2349, .T. ) ;
#534 = EDGE_CURVE ( 'NONE', #854, #1551, #2864, .T. ) ;
#535 = VECTOR ( 'NONE', #128, 39.37007874015748143 ) ;
#536 = CARTESIAN_POINT ( 'NONE',  ( 1.459999999999999964, 0.2500000000000000000, -0.6300000000000001155 ) ) ;
#537 = ORIENTED_EDGE ( 'NONE', *, *, #1207, .F. ) ;
#538 = CARTESIAN_POINT ( 'NONE',  ( -1.860000000000000098, 0.000000000000000000, -0.4699999999999996403 ) ) ;
#539 = CARTESIAN_POINT ( 'NONE',  ( -1.459999999999999964, 0.000000000000000000, -1.059289321881344392 ) ) ;
#540 = CARTESIAN_POINT ( 'NONE',  ( 0.000000000000000000, 1.150000000000000133, -0.3699999999999999956 ) ) ;
#541 = CARTESIAN_POINT ( 'NONE',  ( -1.459999999999999964, 0.000000000000000000, 1.009289321881345014 ) ) ;
#542 = VERTEX_POINT ( 'NONE', #1351 ) ;
#543 = AXIS2_PLACEMENT_3D ( 'NONE', #2453, #447, #2433 ) ;
#544 = ORIENTED_EDGE ( 'NONE', *, *, #691, .F. ) ;
#545 = VECTOR ( 'NONE', #2570, 39.37007874015748143 ) ;
#546 = DIRECTION ( 'NONE',  ( 0.000000000000000000, 0.000000000000000000, -1.000000000000000000 ) ) ;
#547 = DIRECTION ( 'NONE',  ( 0.000000000000000000, 0.000000000000000000, 1.000000000000000000 ) ) ;
#548 = LINE ( 'NONE', #350, #2404 ) ;
#549 = EDGE_CURVE ( 'NONE', #1115, #2979, #615, .T. ) ;
#550 = VERTEX_POINT ( 'NONE', #563 ) ;
#551 = B_SPLINE_CURVE_WITH_KNOTS ( 'NONE', 3,
 ( #56, #2391, #3164, #1601 ),
 .UNSPECIFIED., .F., .F.,
 ( 4, 4 ),
 ( 0.000000000000000000, 1.000000000000000000 ),
 .UNSPECIFIED. ) ;
#552 = CARTESIAN_POINT ( 'NONE',  ( -1.100000000000000089, 1.150000000000000133, -0.4700000000000000289 ) ) ;
#553 = CARTESIAN_POINT ( 'NONE',  ( -1.250000000000000666, 0.3500000000000000888, 0.4700000000000003064 ) ) ;
#554 = EDGE_CURVE ( 'NONE', #1632, #632, #2381, .T. ) ;
#555 = ORIENTED_EDGE ( 'NONE', *, *, #1187, .F. ) ;
#556 = DIRECTION ( 'NONE',  ( 0.000000000000000000, 1.000000000000000000, 0.000000000000000000 ) ) ;
#557 = CARTESIAN_POINT ( 'NONE',  ( -1.250000000000000666, 1.250000000000000000, 0.000000000000000000 ) ) ;
#558 = CYLINDRICAL_SURFACE ( 'NONE', #1730, 0.05000000000000000971 ) ;
#559 = ORIENTED_EDGE ( 'NONE', *, *, #610, .F. ) ;
#560 = ORIENTED_EDGE ( 'NONE', *, *, #1666, .F. ) ;
#561 = PLANE ( 'NONE',  #2737 ) ;
#562 = CARTESIAN_POINT ( 'NONE',  ( -1.459999999999999964, 0.000000000000000000, -1.009289321881344570 ) ) ;
#563 = CARTESIAN_POINT ( 'NONE',  ( -1.100000000000000089, 1.150000000000000133, 0.4700000000000000289 ) ) ;
#564 = ORIENTED_EDGE ( 'NONE', *, *, #1457, .F. ) ;
#565 = EDGE_CURVE ( 'NONE', #2413, #2278, #1099, .T. ) ;
#566 = CARTESIAN_POINT ( 'NONE',  ( 1.459999999999999964, 0.000000000000000000, 0.4699999999999999734 ) ) ;
#567 = FACE_OUTER_BOUND ( 'NONE', #1870, .T. ) ;
#568 = VERTEX_POINT ( 'NONE', #3245 ) ;
#569 = VECTOR ( 'NONE', #2396, 39.37007874015748143 ) ;
#570 = CARTESIAN_POINT ( 'NONE',  ( 1.459869250954516806, 0.000000000000000000, 1.009311635700210319 ) ) ;
#571 = CARTESIAN_POINT ( 'NONE',  ( 1.100000000000000089, 1.250000000000000000, 0.1700000000000000677 ) ) ;
#572 = EDGE_CURVE ( 'NONE', #1793, #164, #1935, .T. ) ;
#573 = VECTOR ( 'NONE', #2002, 39.37007874015748854 ) ;
#574 = CARTESIAN_POINT ( 'NONE',  ( 1.499999999999999778, 0.2500000000000000000, 1.457106781186548128 ) ) ;
#575 = VECTOR ( 'NONE', #2322, 39.37007874015748143 ) ;
#576 = DIRECTION ( 'NONE',  ( -5.463695987328525648E-15, 0.000000000000000000, -1.000000000000000000 ) ) ;
#577 = LINE ( 'NONE', #1108, #2636 ) ;
#578 = ORIENTED_EDGE ( 'NONE', *, *, #1395, .F. ) ;
#579 = ORIENTED_EDGE ( 'NONE', *, *, #3225, .T. ) ;
#580 = CARTESIAN_POINT ( 'NONE',  ( 1.459999999999999964, 0.000000000000000000, -1.009289321881345014 ) ) ;
#581 = AXIS2_PLACEMENT_3D ( 'NONE', #1403, #418, #1157 ) ;
#582 = CARTESIAN_POINT ( 'NONE',  ( -1.250000000000000666, 0.2500000000000000000, -0.6800000000000001599 ) ) ;
#583 = CARTESIAN_POINT ( 'NONE',  ( 0.000000000000000000, 1.250000000000000000, 0.07000000000000000666 ) ) ;
#584 = ORIENTED_EDGE ( 'NONE', *, *, #3232, .F. ) ;
#585 = LINE ( 'NONE', #536, #649 ) ;
#586 = FACE_OUTER_BOUND ( 'NONE', #2338, .T. ) ;
#587 = DIRECTION ( 'NONE',  ( 0.000000000000000000, 0.000000000000000000, -1.000000000000000000 ) ) ;
#588 = ORIENTED_EDGE ( 'NONE', *, *, #853, .T. ) ;
#589 = LINE ( 'NONE', #800, #2985 ) ;
#590 = DIRECTION ( 'NONE',  ( 0.000000000000000000, 0.000000000000000000, -1.000000000000000000 ) ) ;
#591 = CARTESIAN_POINT ( 'NONE',  ( 5.135874228088817291E-17, 0.2500000000000000000, 0.4700000000000001954 ) ) ;
#592 = EDGE_CURVE ( 'NONE', #1092, #2086, #1134, .T. ) ;
#593 = ORIENTED_EDGE ( 'NONE', *, *, #985, .F. ) ;
#594 = ORIENTED_EDGE ( 'NONE', *, *, #869, .T. ) ;
#595 = DIRECTION ( 'NONE',  ( 1.000000000000000000, 0.000000000000000000, -0.000000000000000000 ) ) ;
#596 = EDGE_CURVE ( 'NONE', #2827, #1335, #2954, .T. ) ;
#597 = CIRCLE ( 'NONE', #1345, 0.05000000000000000971 ) ;
#598 = DIRECTION ( 'NONE',  ( 1.000000000000000000, 0.000000000000000000, 0.000000000000000000 ) ) ;
#599 = CIRCLE ( 'NONE', #1604, 0.05000000000000000971 ) ;
#600 = DIRECTION ( 'NONE',  ( -0.000000000000000000, -1.000000000000000000, 0.000000000000000000 ) ) ;
#601 = ORIENTED_EDGE ( 'NONE', *, *, #1983, .T. ) ;
#602 = DIRECTION ( 'NONE',  ( -1.000000000000000000, 0.000000000000000000, 0.000000000000000000 ) ) ;
#603 = ORIENTED_EDGE ( 'NONE', *, *, #694, .T. ) ;
#604 = DIRECTION ( 'NONE',  ( 0.000000000000000000, 0.000000000000000000, 1.000000000000000000 ) ) ;
#605 = DIRECTION ( 'NONE',  ( -1.000000000000000000, 0.000000000000000000, -0.000000000000000000 ) ) ;
#606 = CARTESIAN_POINT ( 'NONE',  ( 0.000000000000000000, 1.250000000000000000, -0.07000000000000000666 ) ) ;
#607 = EDGE_LOOP ( 'NONE', ( #841, #2241, #1242, #33, #1677, #254, #697, #1488 ) ) ;
#608 = CARTESIAN_POINT ( 'NONE',  ( -1.100000000000000089, 1.250000000000000000, -0.1700000000000000677 ) ) ;
#609 = ORIENTED_EDGE ( 'NONE', *, *, #1704, .F. ) ;
#610 = EDGE_CURVE ( 'NONE', #1499, #2269, #921, .T. ) ;
#611 = LINE ( 'NONE', #2637, #2299 ) ;
#612 = VERTEX_POINT ( 'NONE', #3261 ) ;
#613 = EDGE_CURVE ( 'NONE', #1916, #952, #1214, .T. ) ;
#614 = CARTESIAN_POINT ( 'NONE',  ( 0.000000000000000000, 0.2500000000000000000, -1.130000000000000115 ) ) ;
#615 = LINE ( 'NONE', #1052, #381 ) ;
#616 = EDGE_LOOP ( 'NONE', ( #319, #899, #839, #1695 ) ) ;
#617 = CIRCLE ( 'NONE', #2918, 0.05000000000000000971 ) ;
#618 = CARTESIAN_POINT ( 'NONE',  ( 1.789267001018795655, 0.000000000000000000, 0.6800000000000001599 ) ) ;
#619 = VERTEX_POINT ( 'NONE', #3195 ) ;
#620 = DIRECTION ( 'NONE',  ( 0.7071067811865487940, -0.000000000000000000, 0.7071067811865463515 ) ) ;
#621 = CARTESIAN_POINT ( 'NONE',  ( 1.249999999999999556, 1.150000000000000133, -0.4700000000000000289 ) ) ;
#622 = CARTESIAN_POINT ( 'NONE',  ( -1.199999999999999956, 0.2500000000000000000, 0.6800000000000001599 ) ) ;
#623 = DIRECTION ( 'NONE',  ( 0.000000000000000000, 0.000000000000000000, -1.000000000000000000 ) ) ;
#624 = ORIENTED_EDGE ( 'NONE', *, *, #1727, .F. ) ;
#625 = DIRECTION ( 'NONE',  ( 0.000000000000000000, 0.000000000000000000, -1.000000000000000000 ) ) ;
#626 = AXIS2_PLACEMENT_3D ( 'NONE', #1075, #1784, #85 ) ;
#627 = VERTEX_POINT ( 'NONE', #1918 ) ;
#628 = LINE ( 'NONE', #2097, #23 ) ;
#629 = EDGE_CURVE ( 'NONE', #1237, #1343, #2994, .T. ) ;
#630 = ORIENTED_EDGE ( 'NONE', *, *, #1311, .T. ) ;
#631 = AXIS2_PLACEMENT_3D ( 'NONE', #1443, #698, #2215 ) ;
#632 = VERTEX_POINT ( 'NONE', #2401 ) ;
#633 = ADVANCED_FACE ( 'NONE', ( #647 ), #1675, .F. ) ;
#634 = EDGE_CURVE ( 'NONE', #1092, #2460, #2842, .T. ) ;
#635 = CARTESIAN_POINT ( 'NONE',  ( 0.000000000000000000, 0.000000000000000000, -0.4699999999999996403 ) ) ;
#636 = LINE ( 'NONE', #653, #1510 ) ;
#637 = PLANE ( 'NONE',  #1091 ) ;
#638 = CARTESIAN_POINT ( 'NONE',  ( 1.458578643762689975, 0.2500000000000000000, -1.357106781186547817 ) ) ;
#639 = CARTESIAN_POINT ( 'NONE',  ( -1.100000000000000089, 1.150000000000000133, 0.3700000000000002731 ) ) ;
#640 = EDGE_LOOP ( 'NONE', ( #1040, #1966, #520, #980, #1129, #1811, #383, #2030 ) ) ;
#641 = CARTESIAN_POINT ( 'NONE',  ( -1.789289321881344819, 0.2500000000000000000, 0.6800000000000001599 ) ) ;
#642 = ORIENTED_EDGE ( 'NONE', *, *, #1457, .T. ) ;
#643 = VECTOR ( 'NONE', #63, 39.37007874015748143 ) ;
#644 = LINE ( 'NONE', #1182, #859 ) ;
#645 = VERTEX_POINT ( 'NONE', #2962 ) ;
#646 = CARTESIAN_POINT ( 'NONE',  ( 1.495355339059327493, 0.000000000000000000, -1.044644660940672543 ) ) ;
#647 = FACE_OUTER_BOUND ( 'NONE', #1846, .T. ) ;
#648 = ORIENTED_EDGE ( 'NONE', *, *, #2044, .T. ) ;
#649 = VECTOR ( 'NONE', #3142, 39.37007874015748143 ) ;
#650 = EDGE_CURVE ( 'NONE', #952, #1118, #2705, .T. ) ;
#651 = AXIS2_PLACEMENT_3D ( 'NONE', #1384, #1830, #2862 ) ;
#652 = CARTESIAN_POINT ( 'NONE',  ( 1.824617717703533426, 0.000000000000000000, 0.7153599608296647983 ) ) ;
#653 = CARTESIAN_POINT ( 'NONE',  ( 1.199999999999999956, 0.2500000000000000000, 0.6300000000000001155 ) ) ;
#654 = ADVANCED_FACE ( 'NONE', ( #1166 ), #1954, .F. ) ;
#655 = DIRECTION ( 'NONE',  ( -0.000000000000000000, -1.000000000000000000, -0.000000000000000000 ) ) ;
#656 = ORIENTED_EDGE ( 'NONE', *, *, #2057, .F. ) ;
#657 = LINE ( 'NONE', #121, #1576 ) ;
#658 = VERTEX_POINT ( 'NONE', #2650 ) ;
#659 = CARTESIAN_POINT ( 'NONE',  ( 1.409869250954516762, 0.000000000000000000, 1.009311635700210319 ) ) ;
#660 = EDGE_LOOP ( 'NONE', ( #3240, #2190, #1431, #1607 ) ) ;
#661 = CARTESIAN_POINT ( 'NONE',  ( -1.250000000000000000, 0.000000000000000000, 1.080000000000000071 ) ) ;
#662 = DIRECTION ( 'NONE',  ( 0.000000000000000000, 1.000000000000000000, 0.000000000000000000 ) ) ;
#663 = CARTESIAN_POINT ( 'NONE',  ( -1.350000000000000533, 0.2500000000000000000, -0.4700000000000000289 ) ) ;
#664 = CARTESIAN_POINT ( 'NONE',  ( -1.910000000000000142, 0.2500000000000000000, 0.000000000000000000 ) ) ;
#665 = ORIENTED_EDGE ( 'NONE', *, *, #912, .F. ) ;
#666 = CARTESIAN_POINT ( 'NONE',  ( -1.918478799856019101, 0.4386279813305256070, 0.6304463756525278129 ) ) ;
#667 = VECTOR ( 'NONE', #655, 39.37007874015748143 ) ;
#668 = EDGE_CURVE ( 'NONE', #263, #2948, #2411, .T. ) ;
#669 = CARTESIAN_POINT ( 'NONE',  ( -1.350000000000000533, 0.3500000000000000333, 0.000000000000000000 ) ) ;
#670 = EDGE_LOOP ( 'NONE', ( #1356, #2815, #1930, #916 ) ) ;
#671 = VERTEX_POINT ( 'NONE', #2632 ) ;
#672 = EDGE_CURVE ( 'NONE', #1232, #550, #1546, .T. ) ;
#673 = CARTESIAN_POINT ( 'NONE',  ( 0.000000000000000000, 0.000000000000000000, 0.6300000000000001155 ) ) ;
#674 = VERTEX_POINT ( 'NONE', #1077 ) ;
#675 = AXIS2_PLACEMENT_3D ( 'NONE', #883, #1429, #2992 ) ;
#676 = VERTEX_POINT ( 'NONE', #837 ) ;
#677 = VECTOR ( 'NONE', #709, 39.37007874015748143 ) ;
#678 = CYLINDRICAL_SURFACE ( 'NONE', #1098, 0.1000000000000000194 ) ;
#679 = DIRECTION ( 'NONE',  ( -0.000000000000000000, 1.000000000000000000, -0.000000000000000000 ) ) ;
#680 = VECTOR ( 'NONE', #2090, 39.37007874015748143 ) ;
#681 = LINE ( 'NONE', #3004, #527 ) ;
#682 = ORIENTED_EDGE ( 'NONE', *, *, #154, .T. ) ;
#683 = DIRECTION ( 'NONE',  ( 0.000000000000000000, 0.000000000000000000, -1.000000000000000000 ) ) ;
#684 = CARTESIAN_POINT ( 'NONE',  ( -1.100000000000000089, 1.250000000000000000, -0.1700000000000000677 ) ) ;
#685 = VECTOR ( 'NONE', #3283, 39.37007874015748143 ) ;
#686 = CARTESIAN_POINT ( 'NONE',  ( -1.270000000000007567, 0.000000000000000000, -1.269999999999994023 ) ) ;
#687 = AXIS2_PLACEMENT_3D ( 'NONE', #1709, #3294, #1407 ) ;
#688 = EDGE_LOOP ( 'NONE', ( #327, #2226, #3179, #208 ) ) ;
#689 = PLANE ( 'NONE',  #3213 ) ;
#690 = ORIENTED_EDGE ( 'NONE', *, *, #1591, .F. ) ;
#691 = EDGE_CURVE ( 'NONE', #934, #2777, #3069, .T. ) ;
#692 = EDGE_LOOP ( 'NONE', ( #3259, #1573, #1282, #1213 ) ) ;
#693 = DIRECTION ( 'NONE',  ( 0.000000000000000000, 1.000000000000000000, 0.000000000000000000 ) ) ;
#694 = EDGE_CURVE ( 'NONE', #2498, #674, #1844, .T. ) ;
#695 = PLANE ( 'NONE',  #1090 ) ;
#696 = DIRECTION ( 'NONE',  ( -0.000000000000000000, -1.000000000000000000, -0.000000000000000000 ) ) ;
#697 = ORIENTED_EDGE ( 'NONE', *, *, #1272, .T. ) ;
#698 = DIRECTION ( 'NONE',  ( 0.000000000000000000, -1.000000000000000000, 0.000000000000000000 ) ) ;
#699 = FACE_BOUND ( 'NONE', #1996, .T. ) ;
#700 = AXIS2_PLACEMENT_3D ( 'NONE', #580, #1332, #806 ) ;
#701 = DIRECTION ( 'NONE',  ( 0.000000000000000000, 0.000000000000000000, -1.000000000000000000 ) ) ;
#702 = CARTESIAN_POINT ( 'NONE',  ( 0.000000000000000000, 1.150000000000000133, -0.3699999999999999956 ) ) ;
#703 = ORIENTED_EDGE ( 'NONE', *, *, #1152, .F. ) ;
#704 = DIRECTION ( 'NONE',  ( 0.000000000000000000, 0.000000000000000000, -1.000000000000000000 ) ) ;
#705 = ORIENTED_EDGE ( 'NONE', *, *, #3274, .T. ) ;
#706 = EDGE_CURVE ( 'NONE', #3045, #2484, #1141, .T. ) ;
#707 = EDGE_LOOP ( 'NONE', ( #42, #1389, #1927, #1003 ) ) ;
#708 = LINE ( 'NONE', #1741, #2562 ) ;
#709 = DIRECTION ( 'NONE',  ( -0.000000000000000000, -0.000000000000000000, 1.000000000000000000 ) ) ;
#710 = AXIS2_PLACEMENT_3D ( 'NONE', #300, #3172, #3138 ) ;
#711 = ORIENTED_EDGE ( 'NONE', *, *, #239, .T. ) ;
#712 = EDGE_CURVE ( 'NONE', #2278, #3149, #3165, .T. ) ;
#713 = FACE_BOUND ( 'NONE', #202, .T. ) ;
#714 = DIRECTION ( 'NONE',  ( 0.000000000000000000, -1.000000000000000000, 0.000000000000000000 ) ) ;
#715 = ORIENTED_EDGE ( 'NONE', *, *, #2323, .T. ) ;
#716 = CARTESIAN_POINT ( 'NONE',  ( -1.495355339059327493, 0.000000000000000000, 1.044644660940672543 ) ) ;
#717 = ORIENTED_EDGE ( 'NONE', *, *, #2553, .F. ) ;
#718 = CARTESIAN_POINT ( 'NONE',  ( -1.409999999999999920, 0.2500000000000000000, 0.000000000000000000 ) ) ;
#719 = VERTEX_POINT ( 'NONE', #357 ) ;
#720 = DIRECTION ( 'NONE',  ( -0.000000000000000000, 1.000000000000000000, -0.000000000000000000 ) ) ;
#721 = EDGE_CURVE ( 'NONE', #2514, #3151, #2172, .T. ) ;
#722 = ORIENTED_EDGE ( 'NONE', *, *, #2971, .F. ) ;
#723 = LINE ( 'NONE', #1777, #983 ) ;
#724 = VECTOR ( 'NONE', #757, 39.37007874015748143 ) ;
#725 = VECTOR ( 'NONE', #2838, 39.37007874015748143 ) ;
#726 = CARTESIAN_POINT ( 'NONE',  ( 5.135874228088817291E-17, 0.2500000000000000000, 0.4700000000000001954 ) ) ;
#727 = EDGE_CURVE ( 'NONE', #2980, #1265, #577, .T. ) ;
#728 = CARTESIAN_POINT ( 'NONE',  ( -1.458578643762689309, 0.2500000000000000000, -1.357106781186547373 ) ) ;
#729 = CYLINDRICAL_SURFACE ( 'NONE', #2203, 0.1000000000000000194 ) ;
#730 = VECTOR ( 'NONE', #794, 39.37007874015748854 ) ;
#731 = ORIENTED_EDGE ( 'NONE', *, *, #204, .T. ) ;
#732 = LINE ( 'NONE', #1498, #1680 ) ;
#733 = CARTESIAN_POINT ( 'NONE',  ( -1.860000000000000098, 0.000000000000000000, 0.4200000000000003730 ) ) ;
#734 = DIRECTION ( 'NONE',  ( 0.000000000000000000, 0.000000000000000000, -1.000000000000000000 ) ) ;
#735 = ORIENTED_EDGE ( 'NONE', *, *, #2425, .T. ) ;
#736 = ORIENTED_EDGE ( 'NONE', *, *, #3013, .T. ) ;
#737 = B_SPLINE_CURVE_WITH_KNOTS ( 'NONE', 3,
 ( #608, #3206, #2717, #2700 ),
 .UNSPECIFIED., .F., .F.,
 ( 4, 4 ),
 ( 0.000000000000000000, 1.000000000000000000 ),
 .UNSPECIFIED. ) ;
#738 = DIRECTION ( 'NONE',  ( 0.000000000000000000, 0.000000000000000000, 1.000000000000000000 ) ) ;
#739 = ORIENTED_EDGE ( 'NONE', *, *, #3101, .F. ) ;
#740 = DIRECTION ( 'NONE',  ( -1.000000000000000000, 0.000000000000000000, 0.000000000000000000 ) ) ;
#741 = CARTESIAN_POINT ( 'NONE',  ( -1.250000000000000000, 0.000000000000000000, 1.080000000000000071 ) ) ;
#742 = ADVANCED_FACE ( 'NONE', ( #1875 ), #1589, .F. ) ;
#743 = LINE ( 'NONE', #3035, #2466 ) ;
#744 = CYLINDRICAL_SURFACE ( 'NONE', #2475, 0.1000000000000000194 ) ;
#745 = ORIENTED_EDGE ( 'NONE', *, *, #452, .T. ) ;
#746 = VECTOR ( 'NONE', #2821, 39.37007874015748143 ) ;
#747 = DIRECTION ( 'NONE',  ( 0.7071067811865463515, 0.000000000000000000, 0.7071067811865486830 ) ) ;
#748 = DIRECTION ( 'NONE',  ( 0.000000000000000000, 0.000000000000000000, -1.000000000000000000 ) ) ;
#749 = EDGE_CURVE ( 'NONE', #934, #2131, #3148, .T. ) ;
#750 = AXIS2_PLACEMENT_3D ( 'NONE', #455, #714, #1463 ) ;
#751 = CARTESIAN_POINT ( 'NONE',  ( 1.199999999999999956, 0.000000000000000000, -1.080000000000000071 ) ) ;
#752 = CARTESIAN_POINT ( 'NONE',  ( 1.249999999999999556, 1.150000000000000133, -0.3699999999999999956 ) ) ;
#753 = ORIENTED_EDGE ( 'NONE', *, *, #109, .F. ) ;
#754 = EDGE_LOOP ( 'NONE', ( #2740, #3221, #2468, #176, #1789, #578, #2655, #2482 ) ) ;
#755 = PLANE ( 'NONE',  #2139 ) ;
#756 = ORIENTED_EDGE ( 'NONE', *, *, #3225, .F. ) ;
#757 = DIRECTION ( 'NONE',  ( 0.000000000000000000, -0.000000000000000000, -1.000000000000000000 ) ) ;
#758 = AXIS2_PLACEMENT_3D ( 'NONE', #2359, #884, #2939 ) ;
#759 = CARTESIAN_POINT ( 'NONE',  ( 1.409999999999999920, 0.2500000000000000000, -1.009289321881345014 ) ) ;
#760 = SHAPE_DEFINITION_REPRESENTATION ( #1834, #2429 ) ;
#761 = CARTESIAN_POINT ( 'NONE',  ( -2.107106781186544708, 0.2500000000000000000, -0.7085786437626895307 ) ) ;
#762 = ORIENTED_EDGE ( 'NONE', *, *, #1396, .F. ) ;
#763 = EDGE_CURVE ( 'NONE', #1574, #1753, #3203, .T. ) ;
#764 = LINE ( 'NONE', #1312, #575 ) ;
#765 = CARTESIAN_POINT ( 'NONE',  ( -1.100000000000000089, 0.2500000000000000000, 0.4700000000000000289 ) ) ;
#766 = VECTOR ( 'NONE', #1902, 39.37007874015748143 ) ;
#767 = CARTESIAN_POINT ( 'NONE',  ( 1.100000000000000089, 1.250000000000000000, 0.4700000000000000289 ) ) ;
#768 = CARTESIAN_POINT ( 'NONE',  ( 1.459999999999999964, 0.2500000000000000000, -0.4199999999999998734 ) ) ;
#769 = EDGE_CURVE ( 'NONE', #1838, #1206, #3244, .T. ) ;
#770 = EDGE_LOOP ( 'NONE', ( #349, #584, #878, #964 ) ) ;
#771 = ORIENTED_EDGE ( 'NONE', *, *, #2970, .T. ) ;
#772 = DIRECTION ( 'NONE',  ( 0.000000000000000000, 0.000000000000000000, 1.000000000000000000 ) ) ;
#773 = ORIENTED_EDGE ( 'NONE', *, *, #1020, .F. ) ;
#774 = CARTESIAN_POINT ( 'NONE',  ( -1.200000000000000178, 0.000000000000000000, -1.080000000000000071 ) ) ;
#775 = ORIENTED_EDGE ( 'NONE', *, *, #2473, .T. ) ;
#776 = VECTOR ( 'NONE', #3241, 39.37007874015748143 ) ;
#777 = DIRECTION ( 'NONE',  ( 0.000000000000000000, 0.000000000000000000, 1.000000000000000000 ) ) ;
#778 = CIRCLE ( 'NONE', #1198, 0.05000000000000000971 ) ;
#779 = EDGE_LOOP ( 'NONE', ( #961, #2944, #3303, #2214 ) ) ;
#780 = CARTESIAN_POINT ( 'NONE',  ( -1.499999999999999556, 0.000000000000000000, -1.457106781186548572 ) ) ;
#781 = CARTESIAN_POINT ( 'NONE',  ( 0.000000000000000000, 1.250000000000000000, -0.3699999999999999956 ) ) ;
#782 = DIRECTION ( 'NONE',  ( 1.000000000000000000, 0.000000000000000000, -0.000000000000000000 ) ) ;
#783 = FACE_OUTER_BOUND ( 'NONE', #2145, .T. ) ;
#784 = DIRECTION ( 'NONE',  ( 0.000000000000000000, -1.000000000000000000, 0.000000000000000000 ) ) ;
#785 = ORIENTED_EDGE ( 'NONE', *, *, #610, .T. ) ;
#786 = ORIENTED_EDGE ( 'NONE', *, *, #694, .F. ) ;
#787 = ORIENTED_EDGE ( 'NONE', *, *, #1476, .T. ) ;
#788 = EDGE_CURVE ( 'NONE', #2745, #2784, #1651, .T. ) ;
#789 = CARTESIAN_POINT ( 'NONE',  ( -1.199999999999999956, 0.000000000000000000, 0.6300000000000001155 ) ) ;
#790 = FACE_OUTER_BOUND ( 'NONE', #529, .T. ) ;
#791 = ADVANCED_FACE ( 'NONE', ( #3302 ), #744, .T. ) ;
#792 = FACE_OUTER_BOUND ( 'NONE', #2587, .T. ) ;
#793 = DIRECTION ( 'NONE',  ( -0.000000000000000000, -0.000000000000000000, 1.000000000000000000 ) ) ;
#794 = DIRECTION ( 'NONE',  ( -0.7071992165932955432, 0.000000000000000000, 0.7070143336947483093 ) ) ;
#795 = VERTEX_POINT ( 'NONE', #761 ) ;
#796 = VECTOR ( 'NONE', #2130, 39.37007874015748143 ) ;
#797 = CARTESIAN_POINT ( 'NONE',  ( 1.269999999999999796, 0.000000000000000000, -1.270000000000000018 ) ) ;
#798 = ORIENTED_EDGE ( 'NONE', *, *, #1645, .T. ) ;
#799 = DIRECTION ( 'NONE',  ( 0.000000000000000000, 0.000000000000000000, -1.000000000000000000 ) ) ;
#800 = CARTESIAN_POINT ( 'NONE',  ( 1.249999999999999556, 1.250000000000000000, 0.07000000000000000666 ) ) ;
#801 = LINE ( 'NONE', #2060, #2297 ) ;
#802 = DIRECTION ( 'NONE',  ( 0.000000000000000000, 0.000000000000000000, -1.000000000000000000 ) ) ;
#803 = VERTEX_POINT ( 'NONE', #3090 ) ;
#804 = EDGE_LOOP ( 'NONE', ( #2998, #374, #425, #2193 ) ) ;
#805 = VECTOR ( 'NONE', #2702, 39.37007874015748143 ) ;
#806 = DIRECTION ( 'NONE',  ( -1.639108796198557537E-14, 0.000000000000000000, -1.000000000000000000 ) ) ;
#807 = AXIS2_PLACEMENT_3D ( 'NONE', #1481, #2508, #224 ) ;
#808 = EDGE_CURVE ( 'NONE', #1343, #3272, #2855, .T. ) ;
#809 = DIRECTION ( 'NONE',  ( -0.000000000000000000, -1.000000000000000000, -0.000000000000000000 ) ) ;
#810 = ORIENTED_EDGE ( 'NONE', *, *, #2184, .F. ) ;
#811 = EDGE_CURVE ( 'NONE', #542, #1232, #3070, .T. ) ;
#812 = DIRECTION ( 'NONE',  ( 0.000000000000000000, -1.000000000000000000, 0.000000000000000000 ) ) ;
#813 = CARTESIAN_POINT ( 'NONE',  ( -1.250000000000000666, 1.250000000000000000, 0.000000000000000000 ) ) ;
#814 = ORIENTED_EDGE ( 'NONE', *, *, #1207, .T. ) ;
#815 = DIRECTION ( 'NONE',  ( -1.000000000000000000, -0.000000000000000000, 9.106159978880878627E-17 ) ) ;
#816 = CARTESIAN_POINT ( 'NONE',  ( 1.495219967639254355, 0.2500000000000000000, 1.044671596529875179 ) ) ;
#817 = DIRECTION ( 'NONE',  ( 0.000000000000000000, -1.000000000000000000, 0.000000000000000000 ) ) ;
#818 = DIRECTION ( 'NONE',  ( -0.000000000000000000, 1.000000000000000000, -0.000000000000000000 ) ) ;
#819 = ORIENTED_EDGE ( 'NONE', *, *, #485, .T. ) ;
#820 = ORIENTED_EDGE ( 'NONE', *, *, #1810, .F. ) ;
#821 = ORIENTED_EDGE ( 'NONE', *, *, #727, .F. ) ;
#822 = AXIS2_PLACEMENT_3D ( 'NONE', #898, #1636, #2938 ) ;
#823 = CARTESIAN_POINT ( 'NONE',  ( -1.100000000000000089, 0.2500000000000000000, -0.4700000000000000289 ) ) ;
#824 = EDGE_CURVE ( 'NONE', #612, #2089, #2595, .T. ) ;
#825 = VERTEX_POINT ( 'NONE', #252 ) ;
#826 = DIRECTION ( 'NONE',  ( 0.000000000000000000, 0.000000000000000000, -1.000000000000000000 ) ) ;
#827 = EDGE_CURVE ( 'NONE', #2914, #1169, #1821, .T. ) ;
#828 = EDGE_CURVE ( 'NONE', #1863, #402, #1021, .T. ) ;
#829 = DIRECTION ( 'NONE',  ( -1.000000000000000000, 0.000000000000000000, 1.092739197465705287E-16 ) ) ;
#830 = ORIENTED_EDGE ( 'NONE', *, *, #3314, .T. ) ;
#831 = AXIS2_PLACEMENT_3D ( 'NONE', #1981, #3010, #704 ) ;
#832 = CARTESIAN_POINT ( 'NONE',  ( -1.459999999999999964, 0.000000000000000000, 1.009289321881345014 ) ) ;
#833 = LINE ( 'NONE', #1840, #2709 ) ;
#834 = EDGE_CURVE ( 'NONE', #3145, #1387, #2522, .T. ) ;
#835 = VECTOR ( 'NONE', #1894, 39.37007874015748143 ) ;
#836 = DIRECTION ( 'NONE',  ( 0.000000000000000000, 0.000000000000000000, -1.000000000000000000 ) ) ;
#837 = CARTESIAN_POINT ( 'NONE',  ( 1.349999999999999423, 0.2500000000000000000, 0.07000000000000000666 ) ) ;
#838 = APPLICATION_CONTEXT ( 'automotive_design' ) ;
#839 = ORIENTED_EDGE ( 'NONE', *, *, #788, .F. ) ;
#840 = DIRECTION ( 'NONE',  ( 0.2810846377148227271, 0.6785983445458467767, -0.6785983445458462215 ) ) ;
#841 = ORIENTED_EDGE ( 'NONE', *, *, #712, .T. ) ;
#842 = FACE_OUTER_BOUND ( 'NONE', #2722, .T. ) ;
#843 = CARTESIAN_POINT ( 'NONE',  ( 0.000000000000000000, 0.2500000000000000000, 1.130000000000000115 ) ) ;
#844 = ORIENTED_EDGE ( 'NONE', *, *, #1191, .F. ) ;
#845 = B_SPLINE_SURFACE_WITH_KNOTS ( 'NONE', 3, 1, ( 
 ( #2092, #765 ),
 ( #1296, #2075 ),
 ( #522, #1278 ),
 ( #571, #2306 ) ),
 .UNSPECIFIED., .F., .F., .F.,
 ( 4, 4 ),
 ( 2, 2 ),
 ( 0.000000000000000000, 1.000000000000000000 ),
 ( 0.000000000000000000, 1.000000000000000000 ),
 .UNSPECIFIED. ) ;
#846 = CARTESIAN_POINT ( 'NONE',  ( -1.910000000000000142, 0.000000000000000000, 0.4200000000000003730 ) ) ;
#847 = VERTEX_POINT ( 'NONE', #1764 ) ;
#848 = CARTESIAN_POINT ( 'NONE',  ( -1.269999999999999796, 0.000000000000000000, 1.270000000000000018 ) ) ;
#849 = ADVANCED_FACE ( 'NONE', ( #1781 ), #729, .F. ) ;
#850 = CARTESIAN_POINT ( 'NONE',  ( -1.459999999999999964, 0.000000000000000000, 0.4200000000000004285 ) ) ;
#851 = DIRECTION ( 'NONE',  ( 0.000000000000000000, -1.000000000000000000, 0.000000000000000000 ) ) ;
#852 = EDGE_LOOP ( 'NONE', ( #5, #2178, #2620, #1294 ) ) ;
#853 = EDGE_CURVE ( 'NONE', #1087, #627, #1286, .T. ) ;
#854 = VERTEX_POINT ( 'NONE', #986 ) ;
#855 = CARTESIAN_POINT ( 'NONE',  ( -1.789289321881344819, 0.2500000000000000000, 0.6300000000000001155 ) ) ;
#856 = VECTOR ( 'NONE', #2835, 39.37007874015748143 ) ;
#857 = CARTESIAN_POINT ( 'NONE',  ( 2.107106781186545152, 0.2500000000000000000, 0.7085786437626897527 ) ) ;
#858 = AXIS2_PLACEMENT_3D ( 'NONE', #1804, #1008, #1555 ) ;
#859 = VECTOR ( 'NONE', #1705, 39.37007874015748143 ) ;
#860 = EDGE_LOOP ( 'NONE', ( #3238, #1564, #1751, #362 ) ) ;
#861 = CARTESIAN_POINT ( 'NONE',  ( 1.407842712474621116, 0.2500000000000000000, -1.407842712474616453 ) ) ;
#862 = VERTEX_POINT ( 'NONE', #2798 ) ;
#863 = CARTESIAN_POINT ( 'NONE',  ( -1.200000000000000622, 0.000000000000000000, -0.6300000000000001155 ) ) ;
#864 = DIRECTION ( 'NONE',  ( 0.000000000000000000, 1.000000000000000000, -0.000000000000000000 ) ) ;
#865 = ORIENTED_EDGE ( 'NONE', *, *, #2926, .T. ) ;
#866 = DIRECTION ( 'NONE',  ( 0.000000000000000000, -1.000000000000000000, 0.000000000000000000 ) ) ;
#867 = VECTOR ( 'NONE', #2540, 39.37007874015748143 ) ;
#868 = CARTESIAN_POINT ( 'NONE',  ( 2.207106781186546129, 0.000000000000000000, -0.7500000000000003331 ) ) ;
#869 = EDGE_CURVE ( 'NONE', #674, #2914, #2463, .T. ) ;
#870 = CIRCLE ( 'NONE', #34, 0.1000000000000000194 ) ;
#871 = FACE_OUTER_BOUND ( 'NONE', #212, .T. ) ;
#872 = ORIENTED_EDGE ( 'NONE', *, *, #2141, .T. ) ;
#873 = ADVANCED_FACE ( 'NONE', ( #2303 ), #3109, .F. ) ;
#874 = EDGE_CURVE ( 'NONE', #3135, #479, #1511, .T. ) ;
#875 = CARTESIAN_POINT ( 'NONE',  ( 2.207106781186546129, 0.2500000000000000000, -0.7500000000000003331 ) ) ;
#876 = ORIENTED_EDGE ( 'NONE', *, *, #712, .F. ) ;
#877 = FACE_OUTER_BOUND ( 'NONE', #995, .T. ) ;
#878 = ORIENTED_EDGE ( 'NONE', *, *, #8, .F. ) ;
#879 = VECTOR ( 'NONE', #1374, 39.37007874015748143 ) ;
#880 = DIRECTION ( 'NONE',  ( -1.000000000000000000, 0.000000000000000000, -0.000000000000000000 ) ) ;
#881 = ORIENTED_EDGE ( 'NONE', *, *, #1666, .T. ) ;
#882 = DIRECTION ( 'NONE',  ( 0.7071067811865475727, 0.000000000000000000, 0.7071067811865474617 ) ) ;
#883 = CARTESIAN_POINT ( 'NONE',  ( 1.199999999999999956, 0.2500000000000000000, 1.080000000000000071 ) ) ;
#884 = DIRECTION ( 'NONE',  ( 0.000000000000000000, -1.000000000000000000, 0.000000000000000000 ) ) ;
#885 = VECTOR ( 'NONE', #511, 39.37007874015748143 ) ;
#886 = DIRECTION ( 'NONE',  ( -1.000000000000000000, 0.000000000000000000, 0.000000000000000000 ) ) ;
#887 = AXIS2_PLACEMENT_3D ( 'NONE', #1382, #2684, #2415 ) ;
#888 = ORIENTED_EDGE ( 'NONE', *, *, #1476, .F. ) ;
#889 = ADVANCED_FACE ( 'NONE', ( #518 ), #1039, .F. ) ;
#890 = ORIENTED_EDGE ( 'NONE', *, *, #691, .T. ) ;
#891 = FACE_OUTER_BOUND ( 'NONE', #1484, .T. ) ;
#892 = VECTOR ( 'NONE', #1818, 39.37007874015748143 ) ;
#893 = ORIENTED_EDGE ( 'NONE', *, *, #533, .F. ) ;
#894 = FACE_OUTER_BOUND ( 'NONE', #498, .T. ) ;
#895 = EDGE_CURVE ( 'NONE', #2460, #2827, #1293, .T. ) ;
#896 = FACE_BOUND ( 'NONE', #2811, .T. ) ;
#897 = CARTESIAN_POINT ( 'NONE',  ( 1.249999999999999556, 1.250000000000000000, 0.000000000000000000 ) ) ;
#898 = CARTESIAN_POINT ( 'NONE',  ( 1.100000000000000089, 0.7238453347888545997, -0.2453236288134360288 ) ) ;
#899 = ORIENTED_EDGE ( 'NONE', *, *, #1915, .T. ) ;
#900 = VERTEX_POINT ( 'NONE', #553 ) ;
#901 = DIRECTION ( 'NONE',  ( 0.000000000000000000, -1.000000000000000000, 0.000000000000000000 ) ) ;
#902 = VERTEX_POINT ( 'NONE', #1495 ) ;
#903 = ORIENTED_EDGE ( 'NONE', *, *, #985, .T. ) ;
#904 = DIRECTION ( 'NONE',  ( 0.7071067811865463515, 0.000000000000000000, 0.7071067811865486830 ) ) ;
#905 = DIRECTION ( 'NONE',  ( 0.000000000000000000, 0.000000000000000000, -1.000000000000000000 ) ) ;
#906 = DIRECTION ( 'NONE',  ( 0.000000000000000000, 1.000000000000000000, -0.000000000000000000 ) ) ;
#907 = EDGE_CURVE ( 'NONE', #2269, #1399, #1567, .T. ) ;
#908 = ORIENTED_EDGE ( 'NONE', *, *, #2805, .T. ) ;
#909 = CIRCLE ( 'NONE', #2137, 0.05000000000000000971 ) ;
#910 = AXIS2_PLACEMENT_3D ( 'NONE', #1593, #1625, #75 ) ;
#911 = CYLINDRICAL_SURFACE ( 'NONE', #2020, 0.05000000000000000971 ) ;
#912 = EDGE_CURVE ( 'NONE', #2013, #3145, #2898, .T. ) ;
#913 = PLANE ( 'NONE',  #404 ) ;
#914 = DIRECTION ( 'NONE',  ( -1.000000000000000000, 0.000000000000000000, 1.365923996832131363E-16 ) ) ;
#915 = DIRECTION ( 'NONE',  ( 0.000000000000000000, 0.000000000000000000, -1.000000000000000000 ) ) ;
#916 = ORIENTED_EDGE ( 'NONE', *, *, #534, .F. ) ;
#917 = DIRECTION ( 'NONE',  ( 1.000000000000000000, 0.000000000000000000, 0.000000000000000000 ) ) ;
#918 = ORIENTED_EDGE ( 'NONE', *, *, #74, .F. ) ;
#919 = ORIENTED_EDGE ( 'NONE', *, *, #1682, .F. ) ;
#920 = CARTESIAN_POINT ( 'NONE',  ( -1.100000000000000089, 1.250000000000000000, 0.4700000000000000289 ) ) ;
#921 = LINE ( 'NONE', #1154, #535 ) ;
#922 = CARTESIAN_POINT ( 'NONE',  ( -1.824644660940672347, 0.2500000000000000000, 0.7153553390593275774 ) ) ;
#923 = VERTEX_POINT ( 'NONE', #320 ) ;
#924 = VECTOR ( 'NONE', #1855, 39.37007874015748143 ) ;
#925 = DIRECTION ( 'NONE',  ( 0.7071067811865465735, 0.000000000000000000, -0.7071067811865483499 ) ) ;
#926 = CARTESIAN_POINT ( 'NONE',  ( -1.100000000000000089, 0.8653041627375854805, -0.1700000000000001232 ) ) ;
#927 = EDGE_CURVE ( 'NONE', #2312, #1800, #1072, .T. ) ;
#928 = EDGE_CURVE ( 'NONE', #1169, #2498, #597, .T. ) ;
#929 = LINE ( 'NONE', #1960, #2897 ) ;
#930 = DIRECTION ( 'NONE',  ( 0.000000000000000000, 0.000000000000000000, 1.000000000000000000 ) ) ;
#931 = VERTEX_POINT ( 'NONE', #66 ) ;
#932 = DIRECTION ( 'NONE',  ( 0.000000000000000000, 0.000000000000000000, 1.000000000000000000 ) ) ;
#933 = ADVANCED_FACE ( 'NONE', ( #369 ), #1337, .F. ) ;
#934 = VERTEX_POINT ( 'NONE', #2352 ) ;
#935 = CIRCLE ( 'NONE', #2492, 0.05000000000000000971 ) ;
#936 = ORIENTED_EDGE ( 'NONE', *, *, #1030, .T. ) ;
#937 = VECTOR ( 'NONE', #264, 39.37007874015748143 ) ;
#938 = CIRCLE ( 'NONE', #2014, 0.1000000000000000194 ) ;
#939 = DIRECTION ( 'NONE',  ( 0.5000000000000004441, -0.7071067811865480168, -0.4999999999999989453 ) ) ;
#940 = ORIENTED_EDGE ( 'NONE', *, *, #592, .T. ) ;
#941 = CARTESIAN_POINT ( 'NONE',  ( 1.459999999999999964, 0.2500000000000000000, -0.4699999999999999178 ) ) ;
#942 = DIRECTION ( 'NONE',  ( 0.000000000000000000, 0.000000000000000000, -1.000000000000000000 ) ) ;
#943 = AXIS2_PLACEMENT_3D ( 'NONE', #2531, #693, #2244 ) ;
#944 = VERTEX_POINT ( 'NONE', #863 ) ;
#945 = EDGE_CURVE ( 'NONE', #550, #931, #3158, .T. ) ;
#946 = CYLINDRICAL_SURFACE ( 'NONE', #831, 0.05000000000000000971 ) ;
#947 = ORIENTED_EDGE ( 'NONE', *, *, #907, .T. ) ;
#948 = ADVANCED_FACE ( 'NONE', ( #1056 ), #2609, .F. ) ;
#949 = VERTEX_POINT ( 'NONE', #846 ) ;
#950 = ORIENTED_EDGE ( 'NONE', *, *, #3210, .F. ) ;
#951 = AXIS2_PLACEMENT_3D ( 'NONE', #2591, #2334, #333 ) ;
#952 = VERTEX_POINT ( 'NONE', #1869 ) ;
#953 = DIRECTION ( 'NONE',  ( 0.000000000000000000, -1.000000000000000000, -0.000000000000000000 ) ) ;
#954 = FACE_OUTER_BOUND ( 'NONE', #1478, .T. ) ;
#955 = VECTOR ( 'NONE', #298, 39.37007874015748143 ) ;
#956 = FACE_OUTER_BOUND ( 'NONE', #2099, .T. ) ;
#957 = PLANE ( 'NONE',  #1697 ) ;
#958 = DIRECTION ( 'NONE',  ( 0.000000000000000000, 0.000000000000000000, -1.000000000000000000 ) ) ;
#959 = EDGE_LOOP ( 'NONE', ( #1559, #3059, #108, #3047, #2728, #1962 ) ) ;
#960 = PLANE ( 'NONE',  #3316 ) ;
#961 = ORIENTED_EDGE ( 'NONE', *, *, #2405, .F. ) ;
#962 = ADVANCED_FACE ( 'NONE', ( #567 ), #1889, .T. ) ;
#963 = DIRECTION ( 'NONE',  ( -0.000000000000000000, -1.000000000000000000, -0.000000000000000000 ) ) ;
#964 = ORIENTED_EDGE ( 'NONE', *, *, #828, .F. ) ;
#965 = ORIENTED_EDGE ( 'NONE', *, *, #2532, .T. ) ;
#966 = ADVANCED_FACE ( 'NONE', ( #1595 ), #3143, .F. ) ;
#967 = EDGE_CURVE ( 'NONE', #1793, #3025, #1904, .T. ) ;
#968 = CARTESIAN_POINT ( 'NONE',  ( -1.269999999999999796, 0.2500000000000000000, 1.270000000000000018 ) ) ;
#969 = VERTEX_POINT ( 'NONE', #389 ) ;
#970 = CARTESIAN_POINT ( 'NONE',  ( 2.207106781186546129, 0.000000000000000000, 0.7499999999999997780 ) ) ;
#971 = PLANE ( 'NONE',  #2295 ) ;
#972 = DIRECTION ( 'NONE',  ( 1.092739197465705287E-16, 0.000000000000000000, 1.000000000000000000 ) ) ;
#973 = ORIENTED_EDGE ( 'NONE', *, *, #668, .T. ) ;
#974 = DIRECTION ( 'NONE',  ( 0.000000000000000000, 0.000000000000000000, 1.000000000000000000 ) ) ;
#975 = CARTESIAN_POINT ( 'NONE',  ( -1.409999999999999920, 0.000000000000000000, 0.000000000000000000 ) ) ;
#976 = CARTESIAN_POINT ( 'NONE',  ( -1.199999999999999956, 0.000000000000000000, 1.080000000000000071 ) ) ;
#977 = ORIENTED_EDGE ( 'NONE', *, *, #853, .F. ) ;
#978 = CARTESIAN_POINT ( 'NONE',  ( 0.000000000000000000, 0.000000000000000000, -0.6300000000000001155 ) ) ;
#979 = AXIS2_PLACEMENT_3D ( 'NONE', #152, #2922, #625 ) ;
#980 = ORIENTED_EDGE ( 'NONE', *, *, #2369, .T. ) ;
#981 = DIRECTION ( 'NONE',  ( 0.000000000000000000, 0.000000000000000000, -1.000000000000000000 ) ) ;
#982 = EDGE_CURVE ( 'NONE', #1343, #2755, #82, .T. ) ;
#983 = VECTOR ( 'NONE', #1506, 39.37007874015748143 ) ;
#984 = VECTOR ( 'NONE', #2394, 39.37007874015748143 ) ;
#985 = EDGE_CURVE ( 'NONE', #2300, #2234, #2406, .T. ) ;
#986 = CARTESIAN_POINT ( 'NONE',  ( -1.409999999999999920, 0.2500000000000000000, -1.009289321881344570 ) ) ;
#987 = VECTOR ( 'NONE', #1698, 39.37007874015748143 ) ;
#988 = VERTEX_POINT ( 'NONE', #2114 ) ;
#989 = CARTESIAN_POINT ( 'NONE',  ( 2.207106781186546129, 0.2500000000000000000, -0.7500000000000003331 ) ) ;
#990 = FACE_OUTER_BOUND ( 'NONE', #804, .T. ) ;
#991 = CARTESIAN_POINT ( 'NONE',  ( 1.409999999999999920, 0.2500000000000000000, -0.4199999999999998734 ) ) ;
#992 = DIRECTION ( 'NONE',  ( 0.000000000000000000, 1.000000000000000000, -0.000000000000000000 ) ) ;
#993 = ORIENTED_EDGE ( 'NONE', *, *, #1101, .F. ) ;
#994 = LINE ( 'NONE', #2793, #489 ) ;
#995 = EDGE_LOOP ( 'NONE', ( #1743, #2957, #3082, #1829 ) ) ;
#996 = CARTESIAN_POINT ( 'NONE',  ( 1.249999999999999556, 0.3500000000000000888, 0.000000000000000000 ) ) ;
#997 = EDGE_CURVE ( 'NONE', #2086, #1468, #2625, .T. ) ;
#998 = DIRECTION ( 'NONE',  ( 0.000000000000000000, 0.000000000000000000, -1.000000000000000000 ) ) ;
#999 = ADVANCED_FACE ( 'NONE', ( #586 ), #2087, .T. ) ;
#1000 = CARTESIAN_POINT ( 'NONE',  ( -1.409999999999999920, 0.000000000000000000, 0.6800000000000001599 ) ) ;
#1001 = VECTOR ( 'NONE', #2327, 39.37007874015748143 ) ;
#1002 = AXIS2_PLACEMENT_3D ( 'NONE', #1532, #483, #2564 ) ;
#1003 = ORIENTED_EDGE ( 'NONE', *, *, #1317, .F. ) ;
#1004 = VECTOR ( 'NONE', #3057, 39.37007874015748143 ) ;
#1005 = DIRECTION ( 'NONE',  ( 0.000000000000000000, 0.000000000000000000, 1.000000000000000000 ) ) ;
#1006 = CARTESIAN_POINT ( 'NONE',  ( -2.207106781186546129, 0.2500000000000000000, 0.7500000000000004441 ) ) ;
#1007 = VECTOR ( 'NONE', #2677, 39.37007874015748143 ) ;
#1008 = DIRECTION ( 'NONE',  ( 0.000000000000000000, -1.000000000000000000, 0.000000000000000000 ) ) ;
#1009 = DIRECTION ( 'NONE',  ( 0.000000000000000000, 0.000000000000000000, -1.000000000000000000 ) ) ;
#1010 = DIRECTION ( 'NONE',  ( -0.000000000000000000, -0.000000000000000000, 1.000000000000000000 ) ) ;
#1011 = ORIENTED_EDGE ( 'NONE', *, *, #3232, .T. ) ;
#1012 = ORIENTED_EDGE ( 'NONE', *, *, #1030, .F. ) ;
#1013 = CARTESIAN_POINT ( 'NONE',  ( -1.499999999999999778, 0.000000000000000000, 1.457106781186548794 ) ) ;
#1014 = VERTEX_POINT ( 'NONE', #1647 ) ;
#1015 = CARTESIAN_POINT ( 'NONE',  ( -1.250000000000000000, 0.000000000000000000, 0.6800000000000001599 ) ) ;
#1016 = VECTOR ( 'NONE', #11, 39.37007874015748143 ) ;
#1017 = CARTESIAN_POINT ( 'NONE',  ( 1.459999999999999964, 0.000000000000000000, -0.4199999999999998734 ) ) ;
#1018 = AXIS2_PLACEMENT_3D ( 'NONE', #1816, #1561, #2333 ) ;
#1019 = ORIENTED_EDGE ( 'NONE', *, *, #2611, .T. ) ;
#1020 = EDGE_CURVE ( 'NONE', #2360, #2460, #2676, .T. ) ;
#1021 = LINE ( 'NONE', #1255, #2749 ) ;
#1022 = VERTEX_POINT ( 'NONE', #2868 ) ;
#1023 = DIRECTION ( 'NONE',  ( 0.000000000000000000, -0.000000000000000000, -1.000000000000000000 ) ) ;
#1024 = EDGE_CURVE ( 'NONE', #2326, #1022, #2949, .T. ) ;
#1025 = CARTESIAN_POINT ( 'NONE',  ( -1.250000000000000000, 0.000000000000000000, 0.000000000000000000 ) ) ;
#1026 = CYLINDRICAL_SURFACE ( 'NONE', #3061, 0.1000000000000000194 ) ;
#1027 = CYLINDRICAL_SURFACE ( 'NONE', #1780, 0.05000000000000000971 ) ;
#1028 = DIRECTION ( 'NONE',  ( 1.000000000000000000, 0.000000000000000000, 0.000000000000000000 ) ) ;
#1029 = ORIENTED_EDGE ( 'NONE', *, *, #1549, .T. ) ;
#1030 = EDGE_CURVE ( 'NONE', #1243, #1945, #2710, .T. ) ;
#1031 = EDGE_LOOP ( 'NONE', ( #1419, #3084, #940, #1433 ) ) ;
#1032 = LINE ( 'NONE', #3102, #1877 ) ;
#1033 = LINE ( 'NONE', #1489, #309 ) ;
#1034 = CARTESIAN_POINT ( 'NONE',  ( -1.199999999999999956, 0.2500000000000000000, 0.6300000000000001155 ) ) ;
#1035 = CARTESIAN_POINT ( 'NONE',  ( 1.249999999999999556, 0.3500000000000000888, -0.4700000000000000289 ) ) ;
#1036 = ORIENTED_EDGE ( 'NONE', *, *, #1516, .F. ) ;
#1037 = VECTOR ( 'NONE', #61, 39.37007874015748143 ) ;
#1038 = CIRCLE ( 'NONE', #107, 0.05000000000000000971 ) ;
#1039 = PLANE ( 'NONE',  #1002 ) ;
#1040 = ORIENTED_EDGE ( 'NONE', *, *, #2003, .T. ) ;
#1041 = CARTESIAN_POINT ( 'NONE',  ( 1.249999999999999556, 1.150000000000000133, 0.3699999999999999956 ) ) ;
#1042 = LINE ( 'NONE', #2820, #3038 ) ;
#1043 = FACE_OUTER_BOUND ( 'NONE', #2753, .T. ) ;
#1044 = VECTOR ( 'NONE', #953, 39.37007874015748143 ) ;
#1045 = FACE_OUTER_BOUND ( 'NONE', #779, .T. ) ;
#1046 = ADVANCED_FACE ( 'NONE', ( #2457, #3216, #699, #1991, #2185, #896, #1426, #713, #403 ), #1188, .T. ) ;
#1047 = EDGE_LOOP ( 'NONE', ( #1808, #354, #918, #1012 ) ) ;
#1048 = ORIENTED_EDGE ( 'NONE', *, *, #1131, .F. ) ;
#1049 = ADVANCED_FACE ( 'NONE', ( #954 ), #2421, .F. ) ;
#1050 = ADVANCED_FACE ( 'NONE', ( #1174 ), #911, .F. ) ;
#1051 = CARTESIAN_POINT ( 'NONE',  ( -1.200000000000000622, 0.000000000000000000, -0.6800000000000001599 ) ) ;
#1052 = CARTESIAN_POINT ( 'NONE',  ( 1.459999999999999964, 0.000000000000000000, -0.4699999999999999178 ) ) ;
#1053 = ORIENTED_EDGE ( 'NONE', *, *, #407, .F. ) ;
#1054 = AXIS2_PLACEMENT_3D ( 'NONE', #2211, #2147, #1420 ) ;
#1055 =( NAMED_UNIT ( * ) PLANE_ANGLE_UNIT ( ) SI_UNIT ( $, .RADIAN. ) );
#1056 = FACE_OUTER_BOUND ( 'NONE', #126, .T. ) ;
#1057 = ORIENTED_EDGE ( 'NONE', *, *, #1378, .T. ) ;
#1058 = DIRECTION ( 'NONE',  ( -0.000000000000000000, -1.000000000000000000, -0.000000000000000000 ) ) ;
#1059 = CARTESIAN_POINT ( 'NONE',  ( 1.349999999999999423, 0.2500000000000000000, -0.4700000000000000289 ) ) ;
#1060 = CARTESIAN_POINT ( 'NONE',  ( 0.000000000000000000, 0.000000000000000000, -0.6300000000000001155 ) ) ;
#1061 = FACE_OUTER_BOUND ( 'NONE', #2393, .T. ) ;
#1062 = ORIENTED_EDGE ( 'NONE', *, *, #549, .T. ) ;
#1063 = AXIS2_PLACEMENT_3D ( 'NONE', #832, #866, #2422 ) ;
#1064 = EDGE_CURVE ( 'NONE', #3012, #3001, #2968, .T. ) ;
#1065 = AXIS2_PLACEMENT_3D ( 'NONE', #2182, #3228, #905 ) ;
#1066 = ORIENTED_EDGE ( 'NONE', *, *, #2428, .T. ) ;
#1067 = AXIS2_PLACEMENT_3D ( 'NONE', #2066, #2512, #43 ) ;
#1068 = DIRECTION ( 'NONE',  ( -1.000000000000000000, 0.000000000000000000, 0.000000000000000000 ) ) ;
#1069 = ADVANCED_FACE ( 'NONE', ( #2748 ), #2199, .F. ) ;
#1070 = EDGE_LOOP ( 'NONE', ( #2916, #1162, #1057, #1451 ) ) ;
#1071 = DIRECTION ( 'NONE',  ( -1.000000000000000000, 0.000000000000000000, 0.000000000000000000 ) ) ;
#1072 = LINE ( 'NONE', #1581, #1438 ) ;
#1073 = ORIENTED_EDGE ( 'NONE', *, *, #1372, .T. ) ;
#1074 = LINE ( 'NONE', #375, #2679 ) ;
#1075 = CARTESIAN_POINT ( 'NONE',  ( 1.199999999999999289, 0.000000000000000000, -0.6800000000000001599 ) ) ;
#1076 = FACE_OUTER_BOUND ( 'NONE', #394, .T. ) ;
#1077 = CARTESIAN_POINT ( 'NONE',  ( 1.459999999999999964, 0.000000000000000000, -1.059289321881345058 ) ) ;
#1078 = ORIENTED_EDGE ( 'NONE', *, *, #1662, .T. ) ;
#1079 = VECTOR ( 'NONE', #2885, 39.37007874015748143 ) ;
#1080 = VERTEX_POINT ( 'NONE', #2167 ) ;
#1081 = DIRECTION ( 'NONE',  ( 0.000000000000000000, -1.000000000000000000, 0.000000000000000000 ) ) ;
#1082 = EDGE_CURVE ( 'NONE', #2500, #479, #1922, .T. ) ;
#1083 = ORIENTED_EDGE ( 'NONE', *, *, #2947, .T. ) ;
#1084 = DIRECTION ( 'NONE',  ( -1.000000000000000000, 0.000000000000000000, 0.000000000000000000 ) ) ;
#1085 = EDGE_CURVE ( 'NONE', #1574, #923, #2718, .T. ) ;
#1086 = CARTESIAN_POINT ( 'NONE',  ( -1.100000000000000089, 1.250000000000000000, 0.1700000000000000677 ) ) ;
#1087 = VERTEX_POINT ( 'NONE', #652 ) ;
#1088 = VECTOR ( 'NONE', #974, 39.37007874015748143 ) ;
#1089 = FACE_OUTER_BOUND ( 'NONE', #1903, .T. ) ;
#1090 = AXIS2_PLACEMENT_3D ( 'NONE', #2743, #2486, #2689 ) ;
#1091 = AXIS2_PLACEMENT_3D ( 'NONE', #148, #1340, #2135 ) ;
#1092 = VERTEX_POINT ( 'NONE', #2438 ) ;
#1093 = ORIENTED_EDGE ( 'NONE', *, *, #1149, .T. ) ;
#1094 = DIRECTION ( 'NONE',  ( 0.000000000000000000, 1.000000000000000000, 0.000000000000000000 ) ) ;
#1095 = AXIS2_PLACEMENT_3D ( 'NONE', #2762, #1405, #421 ) ;
#1096 = LINE ( 'NONE', #2127, #1037 ) ;
#1097 = ORIENTED_EDGE ( 'NONE', *, *, #749, .T. ) ;
#1098 = AXIS2_PLACEMENT_3D ( 'NONE', #159, #1116, #1690 ) ;
#1099 = LINE ( 'NONE', #861, #1980 ) ;
#1100 = ORIENTED_EDGE ( 'NONE', *, *, #367, .F. ) ;
#1101 = EDGE_CURVE ( 'NONE', #2089, #854, #2986, .T. ) ;
#1102 = DIRECTION ( 'NONE',  ( 0.000000000000000000, 0.000000000000000000, -1.000000000000000000 ) ) ;
#1103 = EDGE_LOOP ( 'NONE', ( #2151, #2220, #2541, #228 ) ) ;
#1104 = CARTESIAN_POINT ( 'NONE',  ( 1.860000000000000098, 0.2500000000000000000, 0.4699999999999999734 ) ) ;
#1105 = EDGE_CURVE ( 'NONE', #1197, #923, #453, .T. ) ;
#1106 = ADVANCED_FACE ( 'NONE', ( #1663 ), #2730, .F. ) ;
#1107 = DIRECTION ( 'NONE',  ( 0.000000000000000000, -1.000000000000000000, 0.000000000000000000 ) ) ;
#1108 = CARTESIAN_POINT ( 'NONE',  ( 1.409869250954516762, 0.2500000000000000000, 0.000000000000000000 ) ) ;
#1109 = LINE ( 'NONE', #3186, #1686 ) ;
#1110 = CARTESIAN_POINT ( 'NONE',  ( 1.249999999999999556, 1.250000000000000000, -0.07000000000000000666 ) ) ;
#1111 = ORIENTED_EDGE ( 'NONE', *, *, #1020, .T. ) ;
#1112 = LINE ( 'NONE', #2398, #2091 ) ;
#1113 = VECTOR ( 'NONE', #3018, 39.37007874015748143 ) ;
#1114 = VECTOR ( 'NONE', #2162, 39.37007874015748143 ) ;
#1115 = VERTEX_POINT ( 'NONE', #941 ) ;
#1116 = DIRECTION ( 'NONE',  ( -1.000000000000000000, 0.000000000000000000, 1.092739197465705287E-16 ) ) ;
#1117 = VECTOR ( 'NONE', #3041, 39.37007874015748143 ) ;
#1118 = VERTEX_POINT ( 'NONE', #1678 ) ;
#1119 = CARTESIAN_POINT ( 'NONE',  ( 1.249999999999999778, 0.000000000000000000, -1.080000000000000071 ) ) ;
#1120 = ORIENTED_EDGE ( 'NONE', *, *, #727, .T. ) ;
#1121 = ADVANCED_FACE ( 'NONE', ( #1460 ), #1975, .F. ) ;
#1122 = FACE_OUTER_BOUND ( 'NONE', #607, .T. ) ;
#1123 = CARTESIAN_POINT ( 'NONE',  ( 1.860000000000000098, 0.2500000000000000000, 0.4199999999999999845 ) ) ;
#1124 = CARTESIAN_POINT ( 'NONE',  ( 1.349999999999999423, 0.3500000000000000333, 0.4700000000000000289 ) ) ;
#1125 = CIRCLE ( 'NONE', #190, 0.1000000000000000194 ) ;
#1126 = EDGE_CURVE ( 'NONE', #2572, #2514, #3087, .T. ) ;
#1127 = ORIENTED_EDGE ( 'NONE', *, *, #1682, .T. ) ;
#1128 = CARTESIAN_POINT ( 'NONE',  ( -1.350000000000000533, 0.2500000000000000000, 0.4700000000000003064 ) ) ;
#1129 = ORIENTED_EDGE ( 'NONE', *, *, #469, .F. ) ;
#1130 = FACE_OUTER_BOUND ( 'NONE', #157, .T. ) ;
#1131 = EDGE_CURVE ( 'NONE', #1087, #988, #1747, .T. ) ;
#1132 = VERTEX_POINT ( 'NONE', #741 ) ;
#1133 = DIRECTION ( 'NONE',  ( 0.000000000000000000, 0.000000000000000000, -1.000000000000000000 ) ) ;
#1134 = LINE ( 'NONE', #2688, #2505 ) ;
#1135 = ORIENTED_EDGE ( 'NONE', *, *, #76, .T. ) ;
#1136 = CARTESIAN_POINT ( 'NONE',  ( -1.459999999999999964, 0.2500000000000000000, 1.009289321881345014 ) ) ;
#1137 = CARTESIAN_POINT ( 'NONE',  ( 1.199999999999999956, 0.000000000000000000, 1.080000000000000071 ) ) ;
#1138 = CARTESIAN_POINT ( 'NONE',  ( -1.250000000000001332, 0.2500000000000000000, -1.365923996832132990E-15 ) ) ;
#1139 = LINE ( 'NONE', #2170, #1007 ) ;
#1140 = DIRECTION ( 'NONE',  ( 0.000000000000000000, 0.000000000000000000, -1.000000000000000000 ) ) ;
#1141 = LINE ( 'NONE', #2616, #1887 ) ;
#1142 = VERTEX_POINT ( 'NONE', #1035 ) ;
#1143 = VERTEX_POINT ( 'NONE', #2315 ) ;
#1144 = CARTESIAN_POINT ( 'NONE',  ( -1.250000000000000666, 1.250000000000000000, -0.07000000000000000666 ) ) ;
#1145 = AXIS2_PLACEMENT_3D ( 'NONE', #1659, #417, #3229 ) ;
#1146 = DIRECTION ( 'NONE',  ( -0.000000000000000000, 1.000000000000000000, -0.000000000000000000 ) ) ;
#1147 = VECTOR ( 'NONE', #2357, 39.37007874015748854 ) ;
#1148 = ORIENTED_EDGE ( 'NONE', *, *, #352, .F. ) ;
#1149 = EDGE_CURVE ( 'NONE', #3045, #825, #1760, .T. ) ;
#1150 = VERTEX_POINT ( 'NONE', #2779 ) ;
#1151 = ADVANCED_FACE ( 'NONE', ( #2539 ), #3299, .T. ) ;
#1152 = EDGE_CURVE ( 'NONE', #246, #3169, #1530, .T. ) ;
#1153 = FACE_OUTER_BOUND ( 'NONE', #1502, .T. ) ;
#1154 = CARTESIAN_POINT ( 'NONE',  ( 1.971949961169562560, 0.3851568200169826484, 0.6525948558644358855 ) ) ;
#1155 = AXIS2_PLACEMENT_3D ( 'NONE', #2150, #3197, #880 ) ;
#1156 = DIRECTION ( 'NONE',  ( 0.000000000000000000, 0.000000000000000000, -1.000000000000000000 ) ) ;
#1157 = DIRECTION ( 'NONE',  ( 0.000000000000000000, 0.000000000000000000, -1.000000000000000000 ) ) ;
#1158 = VERTEX_POINT ( 'NONE', #3067 ) ;
#1159 = CARTESIAN_POINT ( 'NONE',  ( 1.500000000000000222, 0.000000000000000000, -1.457106781186548794 ) ) ;
#1160 = CARTESIAN_POINT ( 'NONE',  ( -6.419842785111013140E-17, 0.2500000000000000000, -0.4699999999999996958 ) ) ;
#1161 = LINE ( 'NONE', #2972, #667 ) ;
#1162 = ORIENTED_EDGE ( 'NONE', *, *, #629, .T. ) ;
#1163 = EDGE_LOOP ( 'NONE', ( #101, #80, #1660, #2924 ) ) ;
#1164 = ORIENTED_EDGE ( 'NONE', *, *, #1626, .T. ) ;
#1165 = LINE ( 'NONE', #3194, #1949 ) ;
#1166 = FACE_OUTER_BOUND ( 'NONE', #1031, .T. ) ;
#1167 = AXIS2_PLACEMENT_3D ( 'NONE', #2581, #2286, #2072 ) ;
#1168 = AXIS2_PLACEMENT_3D ( 'NONE', #1060, #2600, #782 ) ;
#1169 = VERTEX_POINT ( 'NONE', #759 ) ;
#1170 = DIRECTION ( 'NONE',  ( 0.6785983445458465546, 0.6785983445458465546, 0.2810846377148226161 ) ) ;
#1171 = EDGE_CURVE ( 'NONE', #2269, #1619, #1778, .T. ) ;
#1172 = EDGE_CURVE ( 'NONE', #2413, #313, #2814, .T. ) ;
#1173 = AXIS2_PLACEMENT_3D ( 'NONE', #339, #1376, #2116 ) ;
#1174 = FACE_OUTER_BOUND ( 'NONE', #1163, .T. ) ;
#1175 = DIRECTION ( 'NONE',  ( 0.000000000000000000, 0.000000000000000000, -1.000000000000000000 ) ) ;
#1176 = ADVANCED_FACE ( 'NONE', ( #2561 ), #266, .F. ) ;
#1177 = ORIENTED_EDGE ( 'NONE', *, *, #1082, .F. ) ;
#1178 = VECTOR ( 'NONE', #2666, 39.37007874015748143 ) ;
#1179 = CARTESIAN_POINT ( 'NONE',  ( 2.107106781186545152, 0.2500000000000000000, -0.7085786437626904188 ) ) ;
#1180 = VERTEX_POINT ( 'NONE', #1694 ) ;
#1181 = AXIS2_PLACEMENT_3D ( 'NONE', #384, #143, #1133 ) ;
#1182 = CARTESIAN_POINT ( 'NONE',  ( 1.409999999999999920, 0.000000000000000000, 0.4199999999999999845 ) ) ;
#1183 = ORIENTED_EDGE ( 'NONE', *, *, #329, .T. ) ;
#1184 = PLANE ( 'NONE',  #291 ) ;
#1185 = CARTESIAN_POINT ( 'NONE',  ( -1.409999999999999920, 0.000000000000000000, 0.4200000000000004285 ) ) ;
#1186 = VERTEX_POINT ( 'NONE', #1185 ) ;
#1187 = EDGE_CURVE ( 'NONE', #1972, #2383, #2228, .T. ) ;
#1188 = PLANE ( 'NONE',  #1095 ) ;
#1189 = VECTOR ( 'NONE', #2423, 39.37007874015748143 ) ;
#1190 = DIRECTION ( 'NONE',  ( 0.000000000000000000, -1.000000000000000000, 0.000000000000000000 ) ) ;
#1191 = EDGE_CURVE ( 'NONE', #1838, #1143, #2454, .T. ) ;
#1192 = ORIENTED_EDGE ( 'NONE', *, *, #1749, .F. ) ;
#1193 = DIRECTION ( 'NONE',  ( 0.000000000000000000, 0.000000000000000000, 1.000000000000000000 ) ) ;
#1194 = ORIENTED_EDGE ( 'NONE', *, *, #1520, .T. ) ;
#1195 = ORIENTED_EDGE ( 'NONE', *, *, #2747, .F. ) ;
#1196 = AXIS2_PLACEMENT_3D ( 'NONE', #2767, #1977, #3271 ) ;
#1197 = VERTEX_POINT ( 'NONE', #401 ) ;
#1198 = AXIS2_PLACEMENT_3D ( 'NONE', #2025, #1513, #521 ) ;
#1199 = DIRECTION ( 'NONE',  ( 0.000000000000000000, 0.000000000000000000, -1.000000000000000000 ) ) ;
#1200 = ORIENTED_EDGE ( 'NONE', *, *, #2017, .F. ) ;
#1201 = CARTESIAN_POINT ( 'NONE',  ( 1.199999999999999956, 0.000000000000000000, 1.130000000000000115 ) ) ;
#1202 = CARTESIAN_POINT ( 'NONE',  ( -1.409999999999999920, 0.000000000000000000, 0.000000000000000000 ) ) ;
#1203 = EDGE_CURVE ( 'NONE', #2529, #1150, #317, .T. ) ;
#1204 = AXIS2_PLACEMENT_3D ( 'NONE', #669, #2520, #1494 ) ;
#1205 = CARTESIAN_POINT ( 'NONE',  ( 2.207106781186546129, 0.000000000000000000, 0.7499999999999997780 ) ) ;
#1206 = VERTEX_POINT ( 'NONE', #3247 ) ;
#1207 = EDGE_CURVE ( 'NONE', #1619, #3169, #3230, .T. ) ;
#1208 = ADVANCED_FACE ( 'NONE', ( #2964 ), #434, .F. ) ;
#1209 = DIRECTION ( 'NONE',  ( -0.000000000000000000, -1.000000000000000000, 0.000000000000000000 ) ) ;
#1210 = FACE_OUTER_BOUND ( 'NONE', #477, .T. ) ;
#1211 = CARTESIAN_POINT ( 'NONE',  ( -1.250000000000000000, 0.000000000000000000, 0.6800000000000001599 ) ) ;
#1212 = VERTEX_POINT ( 'NONE', #663 ) ;
#1213 = ORIENTED_EDGE ( 'NONE', *, *, #307, .F. ) ;
#1214 = CIRCLE ( 'NONE', #1649, 0.05000000000000000971 ) ;
#1215 = DIRECTION ( 'NONE',  ( -1.000000000000000000, 0.000000000000000000, 0.000000000000000000 ) ) ;
#1216 = ORIENTED_EDGE ( 'NONE', *, *, #2254, .F. ) ;
#1217 = CARTESIAN_POINT ( 'NONE',  ( 1.249999999999999778, 0.000000000000000000, -1.080000000000000071 ) ) ;
#1218 = DIRECTION ( 'NONE',  ( -0.7071992165932955432, 0.000000000000000000, 0.7070143336947483093 ) ) ;
#1219 = STYLED_ITEM ( 'NONE', ( #3051 ), #3168 ) ;
#1220 = AXIS2_PLACEMENT_3D ( 'NONE', #1812, #2016, #2846 ) ;
#1221 = AXIS2_PLACEMENT_3D ( 'NONE', #1736, #3305, #1687 ) ;
#1222 = VERTEX_POINT ( 'NONE', #1423 ) ;
#1223 = CARTESIAN_POINT ( 'NONE',  ( 0.000000000000000000, 1.150000000000000133, -0.4700000000000000289 ) ) ;
#1224 = LINE ( 'NONE', #975, #1117 ) ;
#1225 = EDGE_CURVE ( 'NONE', #931, #900, #2707, .T. ) ;
#1226 = LINE ( 'NONE', #3325, #1715 ) ;
#1227 = EDGE_LOOP ( 'NONE', ( #2518, #555, #1200, #2009 ) ) ;
#1228 = ORIENTED_EDGE ( 'NONE', *, *, #634, .F. ) ;
#1229 = EDGE_CURVE ( 'NONE', #1632, #658, #681, .T. ) ;
#1230 = CARTESIAN_POINT ( 'NONE',  ( 1.250000000000000000, 0.2500000000000000000, 0.6800000000000001599 ) ) ;
#1231 = CARTESIAN_POINT ( 'NONE',  ( -1.199999999999999956, 0.000000000000000000, 1.130000000000000115 ) ) ;
#1232 = VERTEX_POINT ( 'NONE', #2744 ) ;
#1233 = DIRECTION ( 'NONE',  ( 0.000000000000000000, -1.000000000000000000, 0.000000000000000000 ) ) ;
#1234 = CARTESIAN_POINT ( 'NONE',  ( 1.409999999999999920, 0.000000000000000000, -0.6800000000000001599 ) ) ;
#1235 = AXIS2_PLACEMENT_3D ( 'NONE', #405, #1107, #1361 ) ;
#1236 = DIRECTION ( 'NONE',  ( 0.000000000000000000, 0.000000000000000000, -1.000000000000000000 ) ) ;
#1237 = VERTEX_POINT ( 'NONE', #1487 ) ;
#1238 = CYLINDRICAL_SURFACE ( 'NONE', #2277, 0.05000000000000000971 ) ;
#1239 = DIRECTION ( 'NONE',  ( -0.7071067811865475727, -0.7071067811865475727, -0.000000000000000000 ) ) ;
#1240 = ORIENTED_EDGE ( 'NONE', *, *, #505, .T. ) ;
#1241 = DIRECTION ( 'NONE',  ( -1.000000000000000000, 0.000000000000000000, -1.365923996832131363E-16 ) ) ;
#1242 = ORIENTED_EDGE ( 'NONE', *, *, #1445, .T. ) ;
#1243 = VERTEX_POINT ( 'NONE', #1231 ) ;
#1244 = EDGE_CURVE ( 'NONE', #1619, #2163, #2262, .T. ) ;
#1245 = ORIENTED_EDGE ( 'NONE', *, *, #1330, .F. ) ;
#1246 = CARTESIAN_POINT ( 'NONE',  ( 1.409999999999999920, 0.000000000000000000, 0.4199999999999999845 ) ) ;
#1247 = VECTOR ( 'NONE', #2324, 39.37007874015748143 ) ;
#1248 = ORIENTED_EDGE ( 'NONE', *, *, #1545, .T. ) ;
#1249 = CARTESIAN_POINT ( 'NONE',  ( 1.199999999999999956, 0.2500000000000000000, 0.6300000000000001155 ) ) ;
#1250 = EDGE_CURVE ( 'NONE', #825, #2745, #1640, .T. ) ;
#1251 = AXIS2_PLACEMENT_3D ( 'NONE', #480, #1269, #2294 ) ;
#1252 = VECTOR ( 'NONE', #747, 39.37007874015748143 ) ;
#1253 = CARTESIAN_POINT ( 'NONE',  ( 1.269750291207942139, 0.000000000000000000, 1.270082328485097500 ) ) ;
#1254 = DIRECTION ( 'NONE',  ( -0.000000000000000000, -1.000000000000000000, -0.000000000000000000 ) ) ;
#1255 = CARTESIAN_POINT ( 'NONE',  ( 5.135874228088817291E-17, 1.150000000000000133, 0.4700000000000001954 ) ) ;
#1256 = VECTOR ( 'NONE', #7, 39.37007874015748143 ) ;
#1257 = ORIENTED_EDGE ( 'NONE', *, *, #2828, .T. ) ;
#1258 = LINE ( 'NONE', #1801, #680 ) ;
#1259 = DIRECTION ( 'NONE',  ( -1.000000000000000000, 0.000000000000000000, 0.000000000000000000 ) ) ;
#1260 = VECTOR ( 'NONE', #2882, 39.37007874015748143 ) ;
#1261 = DIRECTION ( 'NONE',  ( 1.000000000000000000, -0.000000000000000000, 0.000000000000000000 ) ) ;
#1262 = CYLINDRICAL_SURFACE ( 'NONE', #195, 0.05000000000000000971 ) ;
#1263 = UNCERTAINTY_MEASURE_WITH_UNIT (LENGTH_MEASURE( 1.000000000000000082E-05 ), #2816, 'distance_accuracy_value', 'NONE');
#1264 = CARTESIAN_POINT ( 'NONE',  ( 1.249999999999999556, 1.250000000000000000, -0.3699999999999999956 ) ) ;
#1265 = VERTEX_POINT ( 'NONE', #1920 ) ;
#1266 = ORIENTED_EDGE ( 'NONE', *, *, #1630, .T. ) ;
#1267 = CARTESIAN_POINT ( 'NONE',  ( 1.199999999999999956, 0.2500000000000000000, -1.080000000000000071 ) ) ;
#1268 = ORIENTED_EDGE ( 'NONE', *, *, #155, .F. ) ;
#1269 = DIRECTION ( 'NONE',  ( -0.000000000000000000, 1.000000000000000000, -0.000000000000000000 ) ) ;
#1270 = ADVANCED_FACE ( 'NONE', ( #2966 ), #1474, .F. ) ;
#1271 = CARTESIAN_POINT ( 'NONE',  ( 1.100000000000000089, 0.2500000000000000000, -0.4700000000000000289 ) ) ;
#1272 = EDGE_CURVE ( 'NONE', #1499, #2413, #420, .T. ) ;
#1273 = VECTOR ( 'NONE', #250, 39.37007874015748143 ) ;
#1274 = ORIENTED_EDGE ( 'NONE', *, *, #227, .T. ) ;
#1275 = AXIS2_PLACEMENT_3D ( 'NONE', #751, #1770, #2803 ) ;
#1276 = CARTESIAN_POINT ( 'NONE',  ( 1.500000000000000222, 0.1499999999999988842, -1.457106781186548794 ) ) ;
#1277 = VECTOR ( 'NONE', #1807, 39.37007874015748143 ) ;
#1278 = CARTESIAN_POINT ( 'NONE',  ( -1.100000000000000089, 0.9434522436671697321, 0.1699999999999999567 ) ) ;
#1279 = DIRECTION ( 'NONE',  ( 0.000000000000000000, -1.000000000000000000, 0.000000000000000000 ) ) ;
#1280 = DIRECTION ( 'NONE',  ( -0.7071067811865484609, 0.000000000000000000, -0.7071067811865466846 ) ) ;
#1281 = CARTESIAN_POINT ( 'NONE',  ( -1.250000000000000666, 1.250000000000000000, 0.000000000000000000 ) ) ;
#1282 = ORIENTED_EDGE ( 'NONE', *, *, #3269, .F. ) ;
#1283 = ORIENTED_EDGE ( 'NONE', *, *, #1395, .T. ) ;
#1284 = DIRECTION ( 'NONE',  ( 0.000000000000000000, 0.000000000000000000, -1.000000000000000000 ) ) ;
#1285 = CARTESIAN_POINT ( 'NONE',  ( -1.250000000000001332, 0.000000000000000000, -1.365923996832132990E-15 ) ) ;
#1286 = CIRCLE ( 'NONE', #1167, 0.05000000000000000971 ) ;
#1287 = AXIS2_PLACEMENT_3D ( 'NONE', #2209, #1884, #2912 ) ;
#1288 = CARTESIAN_POINT ( 'NONE',  ( -1.860000000000000098, 0.000000000000000000, 0.4700000000000003619 ) ) ;
#1289 = CARTESIAN_POINT ( 'NONE',  ( 2.207106781186546129, 0.1499999999999988842, 0.7499999999999997780 ) ) ;
#1290 = ORIENTED_EDGE ( 'NONE', *, *, #3180, .F. ) ;
#1291 = EDGE_CURVE ( 'NONE', #396, #795, #2198, .T. ) ;
#1292 = FACE_OUTER_BOUND ( 'NONE', #1375, .T. ) ;
#1293 = LINE ( 'NONE', #2320, #1873 ) ;
#1294 = ORIENTED_EDGE ( 'NONE', *, *, #945, .F. ) ;
#1295 = FACE_OUTER_BOUND ( 'NONE', #1496, .T. ) ;
#1296 = CARTESIAN_POINT ( 'NONE',  ( 1.100000000000000089, 0.5074944515780265286, 0.2708630101691625880 ) ) ;
#1297 = EDGE_CURVE ( 'NONE', #199, #2280, #1714, .T. ) ;
#1298 = FACE_OUTER_BOUND ( 'NONE', #271, .T. ) ;
#1299 = AXIS2_PLACEMENT_3D ( 'NONE', #258, #1557, #1826 ) ;
#1300 = ORIENTED_EDGE ( 'NONE', *, *, #2017, .T. ) ;
#1301 = ORIENTED_EDGE ( 'NONE', *, *, #1708, .F. ) ;
#1302 = DIRECTION ( 'NONE',  ( 0.000000000000000000, 1.000000000000000000, 0.000000000000000000 ) ) ;
#1303 = LINE ( 'NONE', #318, #3072 ) ;
#1304 = PLANE ( 'NONE',  #1803 ) ;
#1305 = ORIENTED_EDGE ( 'NONE', *, *, #407, .T. ) ;
#1306 = VECTOR ( 'NONE', #1560, 39.37007874015748854 ) ;
#1307 = AXIS2_PLACEMENT_3D ( 'NONE', #2507, #3056, #441 ) ;
#1308 = PLANE ( 'NONE',  #1931 ) ;
#1309 = CARTESIAN_POINT ( 'NONE',  ( 1.409999999999999920, 0.2500000000000000000, -1.009289321881345014 ) ) ;
#1310 = EDGE_LOOP ( 'NONE', ( #3043, #603, #820, #2901 ) ) ;
#1311 = EDGE_CURVE ( 'NONE', #2121, #315, #2446, .T. ) ;
#1312 = CARTESIAN_POINT ( 'NONE',  ( -6.419842785111026698E-17, 0.000000000000000000, 0.4700000000000006395 ) ) ;
#1313 = CARTESIAN_POINT ( 'NONE',  ( -1.910000000000000142, 0.000000000000000000, 0.000000000000000000 ) ) ;
#1314 = PLANE ( 'NONE',  #2624 ) ;
#1315 = VECTOR ( 'NONE', #3233, 39.37007874015748854 ) ;
#1316 = CARTESIAN_POINT ( 'NONE',  ( -1.407842712474620894, 0.2500000000000000000, 1.407842712474616897 ) ) ;
#1317 = EDGE_CURVE ( 'NONE', #276, #1265, #1696, .T. ) ;
#1318 = ORIENTED_EDGE ( 'NONE', *, *, #2577, .T. ) ;
#1319 = ORIENTED_EDGE ( 'NONE', *, *, #390, .F. ) ;
#1320 = CARTESIAN_POINT ( 'NONE',  ( 1.249999999999999556, 0.2500000000000000000, -0.6800000000000001599 ) ) ;
#1321 = ORIENTED_EDGE ( 'NONE', *, *, #505, .F. ) ;
#1322 = DIRECTION ( 'NONE',  ( 0.7071067811865475727, -0.7071067811865475727, 0.000000000000000000 ) ) ;
#1323 = CARTESIAN_POINT ( 'NONE',  ( -1.250000000000000666, 1.150000000000000133, -0.3699999999999999956 ) ) ;
#1324 = VERTEX_POINT ( 'NONE', #2761 ) ;
#1325 = CARTESIAN_POINT ( 'NONE',  ( 1.824617717703533426, 0.2500000000000000000, 0.7153599608296647983 ) ) ;
#1326 = DIRECTION ( 'NONE',  ( -0.000000000000000000, -1.000000000000000000, -0.000000000000000000 ) ) ;
#1327 = DIRECTION ( 'NONE',  ( 0.000000000000000000, 0.000000000000000000, -1.000000000000000000 ) ) ;
#1328 = ORIENTED_EDGE ( 'NONE', *, *, #1497, .F. ) ;
#1329 = VERTEX_POINT ( 'NONE', #1201 ) ;
#1330 = EDGE_CURVE ( 'NONE', #671, #413, #2177, .T. ) ;
#1331 = CIRCLE ( 'NONE', #279, 0.1000000000000000194 ) ;
#1332 = DIRECTION ( 'NONE',  ( -0.000000000000000000, 1.000000000000000000, -0.000000000000000000 ) ) ;
#1333 = ADVANCED_FACE ( 'NONE', ( #894 ), #2729, .F. ) ;
#1334 = CARTESIAN_POINT ( 'NONE',  ( -1.459999999999999964, 0.2500000000000000000, -0.4699999999999996403 ) ) ;
#1335 = VERTEX_POINT ( 'NONE', #1794 ) ;
#1336 = AXIS2_PLACEMENT_3D ( 'NONE', #2921, #1637, #1327 ) ;
#1337 = PLANE ( 'NONE',  #504 ) ;
#1338 = CARTESIAN_POINT ( 'NONE',  ( -1.100000000000000089, 0.2500000000000000000, 0.4700000000000000289 ) ) ;
#1339 = ORIENTED_EDGE ( 'NONE', *, *, #2739, .F. ) ;
#1340 = DIRECTION ( 'NONE',  ( 0.000000000000000000, -1.000000000000000000, 0.000000000000000000 ) ) ;
#1341 = LINE ( 'NONE', #1006, #515 ) ;
#1342 = CARTESIAN_POINT ( 'NONE',  ( -1.499999999999999556, 0.1499999999999988842, -1.457106781186548572 ) ) ;
#1343 = VERTEX_POINT ( 'NONE', #3032 ) ;
#1344 = DIRECTION ( 'NONE',  ( -0.000000000000000000, 1.000000000000000000, -0.000000000000000000 ) ) ;
#1345 = AXIS2_PLACEMENT_3D ( 'NONE', #2370, #3177, #1102 ) ;
#1346 = ORIENTED_EDGE ( 'NONE', *, *, #1768, .F. ) ;
#1347 = CIRCLE ( 'NONE', #1674, 0.1000000000000000194 ) ;
#1348 = CARTESIAN_POINT ( 'NONE',  ( -1.409999999999999920, 0.000000000000000000, 0.000000000000000000 ) ) ;
#1349 = EDGE_CURVE ( 'NONE', #98, #1838, #723, .T. ) ;
#1350 = ORIENTED_EDGE ( 'NONE', *, *, #2978, .T. ) ;
#1351 = CARTESIAN_POINT ( 'NONE',  ( -1.100000000000000089, 1.250000000000000000, 0.1700000000000000677 ) ) ;
#1352 = EDGE_LOOP ( 'NONE', ( #717, #182, #2480, #494 ) ) ;
#1353 = ADVANCED_FACE ( 'NONE', ( #26 ), #1813, .F. ) ;
#1354 = DIRECTION ( 'NONE',  ( 0.000000000000000000, 0.000000000000000000, -1.000000000000000000 ) ) ;
#1355 = DIRECTION ( 'NONE',  ( -0.000000000000000000, 0.000000000000000000, 1.000000000000000000 ) ) ;
#1356 = ORIENTED_EDGE ( 'NONE', *, *, #2863, .F. ) ;
#1357 = VECTOR ( 'NONE', #2598, 39.37007874015748143 ) ;
#1358 = FACE_OUTER_BOUND ( 'NONE', #2293, .T. ) ;
#1359 = VECTOR ( 'NONE', #598, 39.37007874015748143 ) ;
#1360 = CARTESIAN_POINT ( 'NONE',  ( 1.199999999999999289, 0.000000000000000000, -0.6300000000000001155 ) ) ;
#1361 = DIRECTION ( 'NONE',  ( 0.000000000000000000, 0.000000000000000000, -1.000000000000000000 ) ) ;
#1362 = DIRECTION ( 'NONE',  ( 0.000000000000000000, 0.000000000000000000, -1.000000000000000000 ) ) ;
#1363 = ORIENTED_EDGE ( 'NONE', *, *, #1105, .T. ) ;
#1364 = CARTESIAN_POINT ( 'NONE',  ( -6.419842785111013140E-17, 0.000000000000000000, -0.4699999999999996958 ) ) ;
#1365 = ORIENTED_EDGE ( 'NONE', *, *, #1959, .T. ) ;
#1366 = FACE_OUTER_BOUND ( 'NONE', #1670, .T. ) ;
#1367 = ORIENTED_EDGE ( 'NONE', *, *, #390, .T. ) ;
#1368 = VECTOR ( 'NONE', #2919, 39.37007874015748143 ) ;
#1369 = DIRECTION ( 'NONE',  ( -1.000000000000000000, 0.000000000000000000, 0.000000000000000000 ) ) ;
#1370 = EDGE_CURVE ( 'NONE', #3071, #2529, #2515, .T. ) ;
#1371 = ORIENTED_EDGE ( 'NONE', *, *, #2285, .T. ) ;
#1372 = EDGE_CURVE ( 'NONE', #2427, #98, #517, .T. ) ;
#1373 = DIRECTION ( 'NONE',  ( 1.000000000000000000, -0.000000000000000000, 0.000000000000000000 ) ) ;
#1374 = DIRECTION ( 'NONE',  ( 1.092739197465705287E-15, 0.000000000000000000, -1.000000000000000000 ) ) ;
#1375 = EDGE_LOOP ( 'NONE', ( #335, #1938, #104, #775 ) ) ;
#1376 = DIRECTION ( 'NONE',  ( 0.000000000000000000, -1.000000000000000000, 0.000000000000000000 ) ) ;
#1377 = VECTOR ( 'NONE', #2120, 39.37007874015748143 ) ;
#1378 = EDGE_CURVE ( 'NONE', #1343, #902, #3066, .T. ) ;
#1379 = FACE_OUTER_BOUND ( 'NONE', #476, .T. ) ;
#1380 = ORIENTED_EDGE ( 'NONE', *, *, #811, .F. ) ;
#1381 = LINE ( 'NONE', #2377, #984 ) ;
#1382 = CARTESIAN_POINT ( 'NONE',  ( 1.349999999999999423, 0.3500000000000000333, 0.000000000000000000 ) ) ;
#1383 = VERTEX_POINT ( 'NONE', #2575 ) ;
#1384 = CARTESIAN_POINT ( 'NONE',  ( -1.499999999999999556, 0.2500000000000000000, -1.457106781186548572 ) ) ;
#1385 = AXIS2_PLACEMENT_3D ( 'NONE', #686, #2265, #1477 ) ;
#1386 = AXIS2_PLACEMENT_3D ( 'NONE', #2292, #24, #1791 ) ;
#1387 = VERTEX_POINT ( 'NONE', #2558 ) ;
#1388 = DIRECTION ( 'NONE',  ( -1.000000000000000000, 0.000000000000000000, 0.000000000000000000 ) ) ;
#1389 = ORIENTED_EDGE ( 'NONE', *, *, #706, .F. ) ;
#1390 = CARTESIAN_POINT ( 'NONE',  ( -1.199999999999999956, 0.2500000000000000000, 1.130000000000000115 ) ) ;
#1391 = DIRECTION ( 'NONE',  ( 0.7071067811865462405, 0.000000000000000000, -0.7071067811865486830 ) ) ;
#1392 = EDGE_CURVE ( 'NONE', #2777, #1856, #2812, .T. ) ;
#1393 = DIRECTION ( 'NONE',  ( -1.092739197465705287E-16, 0.000000000000000000, -1.000000000000000000 ) ) ;
#1394 = ORIENTED_EDGE ( 'NONE', *, *, #1985, .F. ) ;
#1395 = EDGE_CURVE ( 'NONE', #2403, #2715, #2499, .T. ) ;
#1396 = EDGE_CURVE ( 'NONE', #1972, #2948, #1744, .T. ) ;
#1397 = CARTESIAN_POINT ( 'NONE',  ( 1.459999999999999964, 0.2500000000000000000, -1.059289321881345058 ) ) ;
#1398 = VERTEX_POINT ( 'NONE', #1249 ) ;
#1399 = VERTEX_POINT ( 'NONE', #970 ) ;
#1400 = LINE ( 'NONE', #2164, #3107 ) ;
#1401 = CARTESIAN_POINT ( 'NONE',  ( -1.459999999999999964, 0.000000000000000000, -0.4699999999999996403 ) ) ;
#1402 = DIRECTION ( 'NONE',  ( 0.7071067811865475727, 0.000000000000000000, 0.7071067811865474617 ) ) ;
#1403 = CARTESIAN_POINT ( 'NONE',  ( 1.459999999999999964, 0.2500000000000000000, 0.4199999999999999845 ) ) ;
#1404 = ORIENTED_EDGE ( 'NONE', *, *, #1645, .F. ) ;
#1405 = DIRECTION ( 'NONE',  ( 0.000000000000000000, -1.000000000000000000, 0.000000000000000000 ) ) ;
#1406 = FACE_OUTER_BOUND ( 'NONE', #2965, .T. ) ;
#1407 = DIRECTION ( 'NONE',  ( 0.000000000000000000, 0.000000000000000000, -1.000000000000000000 ) ) ;
#1408 = FACE_OUTER_BOUND ( 'NONE', #41, .T. ) ;
#1409 = EDGE_CURVE ( 'NONE', #313, #2269, #2778, .T. ) ;
#1410 = AXIS2_PLACEMENT_3D ( 'NONE', #2524, #222, #1479 ) ;
#1411 = ORIENTED_EDGE ( 'NONE', *, *, #2593, .T. ) ;
#1412 = CIRCLE ( 'NONE', #1852, 0.05000000000000000971 ) ;
#1413 = CARTESIAN_POINT ( 'NONE',  ( 1.250000000000000000, 0.000000000000000000, 0.000000000000000000 ) ) ;
#1414 = CIRCLE ( 'NONE', #2223, 0.05000000000000000971 ) ;
#1415 = ORIENTED_EDGE ( 'NONE', *, *, #9, .F. ) ;
#1416 = EDGE_CURVE ( 'NONE', #2773, #2350, #2247, .T. ) ;
#1417 = EDGE_CURVE ( 'NONE', #3062, #1324, #2275, .T. ) ;
#1418 = CARTESIAN_POINT ( 'NONE',  ( -1.407842712474620672, 0.2500000000000000000, -1.407842712474616009 ) ) ;
#1419 = ORIENTED_EDGE ( 'NONE', *, *, #287, .F. ) ;
#1420 = DIRECTION ( 'NONE',  ( 0.000000000000000000, 0.000000000000000000, -1.000000000000000000 ) ) ;
#1421 = AXIS2_PLACEMENT_3D ( 'NONE', #1136, #2166, #3215 ) ;
#1422 = CARTESIAN_POINT ( 'NONE',  ( -1.824644660940672347, 0.2500000000000000000, 0.7153553390593276884 ) ) ;
#1423 = CARTESIAN_POINT ( 'NONE',  ( -1.860000000000000098, 0.2500000000000000000, -0.4699999999999996403 ) ) ;
#1424 = VERTEX_POINT ( 'NONE', #1015 ) ;
#1425 = DIRECTION ( 'NONE',  ( 0.000000000000000000, 0.000000000000000000, -1.000000000000000000 ) ) ;
#1426 = FACE_OUTER_BOUND ( 'NONE', #754, .T. ) ;
#1427 = CARTESIAN_POINT ( 'NONE',  ( 1.100000000000000089, 0.8653041627375854805, -0.1700000000000001232 ) ) ;
#1428 = DIRECTION ( 'NONE',  ( 0.000000000000000000, 0.000000000000000000, 1.000000000000000000 ) ) ;
#1429 = DIRECTION ( 'NONE',  ( 0.000000000000000000, -1.000000000000000000, 0.000000000000000000 ) ) ;
#1430 = ORIENTED_EDGE ( 'NONE', *, *, #371, .T. ) ;
#1431 = ORIENTED_EDGE ( 'NONE', *, *, #1943, .F. ) ;
#1432 = DIRECTION ( 'NONE',  ( 0.000000000000000000, 0.000000000000000000, 1.000000000000000000 ) ) ;
#1433 = ORIENTED_EDGE ( 'NONE', *, *, #997, .T. ) ;
#1434 = EDGE_CURVE ( 'NONE', #2280, #1324, #2847, .T. ) ;
#1435 = ORIENTED_EDGE ( 'NONE', *, *, #1172, .T. ) ;
#1436 = CARTESIAN_POINT ( 'NONE',  ( -1.409999999999999920, 0.2500000000000000000, 0.4200000000000004285 ) ) ;
#1437 = DIRECTION ( 'NONE',  ( 1.092739197465705287E-15, 0.000000000000000000, -1.000000000000000000 ) ) ;
#1438 = VECTOR ( 'NONE', #602, 39.37007874015748143 ) ;
#1439 = LINE ( 'NONE', #2245, #2711 ) ;
#1440 = DIRECTION ( 'NONE',  ( 0.000000000000000000, 0.000000000000000000, 1.000000000000000000 ) ) ;
#1441 = AXIS2_PLACEMENT_3D ( 'NONE', #2341, #2272, #2839 ) ;
#1442 = ORIENTED_EDGE ( 'NONE', *, *, #1187, .T. ) ;
#1443 = CARTESIAN_POINT ( 'NONE',  ( 1.459999999999999964, 0.000000000000000000, -1.009289321881345014 ) ) ;
#1444 = CIRCLE ( 'NONE', #1763, 0.05000000000000000971 ) ;
#1445 = EDGE_CURVE ( 'NONE', #795, #3001, #282, .T. ) ;
#1446 = CARTESIAN_POINT ( 'NONE',  ( 1.860000000000000098, 0.000000000000000000, -0.4199999999999999845 ) ) ;
#1447 = LENGTH_MEASURE_WITH_UNIT ( LENGTH_MEASURE( 0.02539999999999999897 ), #3253 );
#1448 = DIRECTION ( 'NONE',  ( 0.000000000000000000, -1.000000000000000000, -0.000000000000000000 ) ) ;
#1449 = ORIENTED_EDGE ( 'NONE', *, *, #12, .T. ) ;
#1450 = DIRECTION ( 'NONE',  ( 0.000000000000000000, 0.000000000000000000, 1.000000000000000000 ) ) ;
#1451 = ORIENTED_EDGE ( 'NONE', *, *, #2473, .F. ) ;
#1452 = AXIS2_PLACEMENT_3D ( 'NONE', #562, #2640, #2129 ) ;
#1453 = ORIENTED_EDGE ( 'NONE', *, *, #481, .F. ) ;
#1454 = ORIENTED_EDGE ( 'NONE', *, *, #2409, .T. ) ;
#1455 = DIRECTION ( 'NONE',  ( 0.000000000000000000, 0.000000000000000000, -1.000000000000000000 ) ) ;
#1456 = FACE_OUTER_BOUND ( 'NONE', #1525, .T. ) ;
#1457 = EDGE_CURVE ( 'NONE', #132, #1150, #1033, .T. ) ;
#1458 = ORIENTED_EDGE ( 'NONE', *, *, #997, .F. ) ;
#1459 = DIRECTION ( 'NONE',  ( -0.000000000000000000, 1.000000000000000000, -0.000000000000000000 ) ) ;
#1460 = FACE_OUTER_BOUND ( 'NONE', #2416, .T. ) ;
#1461 = ADVANCED_FACE ( 'NONE', ( #790 ), #216, .F. ) ;
#1462 = AXIS2_PLACEMENT_3D ( 'NONE', #768, #1843, #836 ) ;
#1463 = DIRECTION ( 'NONE',  ( 0.000000000000000000, 0.000000000000000000, -1.000000000000000000 ) ) ;
#1464 = LINE ( 'NONE', #1205, #3277 ) ;
#1465 = ORIENTED_EDGE ( 'NONE', *, *, #1244, .F. ) ;
#1466 = CARTESIAN_POINT ( 'NONE',  ( -1.100000000000000089, 0.2500000000000000000, 0.4700000000000000289 ) ) ;
#1467 = DIMENSIONAL_EXPONENTS ( 1.000000000000000000, 0.000000000000000000, 0.000000000000000000, 0.000000000000000000, 0.000000000000000000, 0.000000000000000000, 0.000000000000000000 ) ;
#1468 = VERTEX_POINT ( 'NONE', #1217 ) ;
#1469 = VECTOR ( 'NONE', #3246, 39.37007874015748143 ) ;
#1470 = VECTOR ( 'NONE', #486, 39.37007874015748143 ) ;
#1471 = EDGE_LOOP ( 'NONE', ( #2565, #1036, #2771, #1822 ) ) ;
#1472 = CARTESIAN_POINT ( 'NONE',  ( -1.789289321881344152, 0.2500000000000000000, -0.6299999999999960076 ) ) ;
#1473 = VERTEX_POINT ( 'NONE', #2795 ) ;
#1474 = CYLINDRICAL_SURFACE ( 'NONE', #631, 0.05000000000000000971 ) ;
#1475 = VECTOR ( 'NONE', #3263, 39.37007874015748143 ) ;
#1476 = EDGE_CURVE ( 'NONE', #2163, #3012, #2034, .T. ) ;
#1477 = DIRECTION ( 'NONE',  ( -0.7071067811865436870, 0.000000000000000000, 0.7071067811865512365 ) ) ;
#1478 = EDGE_LOOP ( 'NONE', ( #25, #368, #1984, #2444 ) ) ;
#1479 = DIRECTION ( 'NONE',  ( 0.000000000000000000, 0.000000000000000000, 1.000000000000000000 ) ) ;
#1480 = EDGE_CURVE ( 'NONE', #3145, #3309, #2364, .T. ) ;
#1481 = CARTESIAN_POINT ( 'NONE',  ( 1.100000000000000089, 1.150000000000000133, 0.3699999999999999956 ) ) ;
#1482 = CARTESIAN_POINT ( 'NONE',  ( 1.910000000000000142, 0.000000000000000000, -0.4199999999999999845 ) ) ;
#1483 = EDGE_LOOP ( 'NONE', ( #1453, #2447, #440, #2052 ) ) ;
#1484 = EDGE_LOOP ( 'NONE', ( #1339, #2263, #2487, #2579 ) ) ;
#1485 = LINE ( 'NONE', #1723, #114 ) ;
#1486 = LINE ( 'NONE', #1013, #955 ) ;
#1487 = CARTESIAN_POINT ( 'NONE',  ( 1.100000000000000089, 1.250000000000000000, -0.1700000000000000677 ) ) ;
#1488 = ORIENTED_EDGE ( 'NONE', *, *, #565, .T. ) ;
#1489 = CARTESIAN_POINT ( 'NONE',  ( 1.409999999999999920, 0.2500000000000000000, -0.000000000000000000 ) ) ;
#1490 = ORIENTED_EDGE ( 'NONE', *, *, #928, .F. ) ;
#1491 = CIRCLE ( 'NONE', #77, 0.05000000000000000971 ) ;
#1492 = CIRCLE ( 'NONE', #700, 0.05000000000000000971 ) ;
#1493 = LINE ( 'NONE', #468, #1761 ) ;
#1494 = DIRECTION ( 'NONE',  ( -1.000000000000000000, 0.000000000000000000, 0.000000000000000000 ) ) ;
#1495 = CARTESIAN_POINT ( 'NONE',  ( -1.100000000000000089, 0.2500000000000000000, -0.4700000000000000289 ) ) ;
#1496 = EDGE_LOOP ( 'NONE', ( #756, #2634, #2205, #1266 ) ) ;
#1497 = EDGE_CURVE ( 'NONE', #3015, #3016, #1096, .T. ) ;
#1498 = CARTESIAN_POINT ( 'NONE',  ( -1.824644660940672347, 0.000000000000000000, -0.7153553390593233585 ) ) ;
#1499 = VERTEX_POINT ( 'NONE', #857 ) ;
#1500 = DIRECTION ( 'NONE',  ( 0.2810846377148211173, -0.6785983445458463326, -0.6785983445458473318 ) ) ;
#1501 = EDGE_CURVE ( 'NONE', #931, #2015, #1684, .T. ) ;
#1502 = EDGE_LOOP ( 'NONE', ( #3106, #1458, #560, #1868 ) ) ;
#1503 = CARTESIAN_POINT ( 'NONE',  ( 1.409999999999999920, 0.000000000000000000, 0.000000000000000000 ) ) ;
#1504 = PRODUCT ( 'checkerboardholder', 'checkerboardholder', '', ( #2594 ) ) ;
#1505 = ORIENTED_EDGE ( 'NONE', *, *, #3074, .T. ) ;
#1506 = DIRECTION ( 'NONE',  ( -0.000000000000000000, 1.000000000000000000, 0.000000000000000000 ) ) ;
#1507 = DIRECTION ( 'NONE',  ( 1.000000000000000000, -0.000000000000000000, 0.000000000000000000 ) ) ;
#1508 = ORIENTED_EDGE ( 'NONE', *, *, #2184, .T. ) ;
#1509 = DIRECTION ( 'NONE',  ( 1.092739197465705287E-16, -0.000000000000000000, 1.000000000000000000 ) ) ;
#1510 = VECTOR ( 'NONE', #1664, 39.37007874015748143 ) ;
#1511 = LINE ( 'NONE', #1000, #3060 ) ;
#1512 = ORIENTED_EDGE ( 'NONE', *, *, #834, .T. ) ;
#1513 = DIRECTION ( 'NONE',  ( -0.000000000000000000, 1.000000000000000000, -0.000000000000000000 ) ) ;
#1514 = PLANE ( 'NONE',  #412 ) ;
#1515 = LINE ( 'NONE', #2544, #3175 ) ;
#1516 = EDGE_CURVE ( 'NONE', #658, #900, #1724, .T. ) ;
#1517 = CARTESIAN_POINT ( 'NONE',  ( -1.350000000000000533, 0.2500000000000000000, -0.07000000000000000666 ) ) ;
#1518 = CARTESIAN_POINT ( 'NONE',  ( 1.459999999999999964, 0.000000000000000000, -0.6800000000000001599 ) ) ;
#1519 = ORIENTED_EDGE ( 'NONE', *, *, #227, .F. ) ;
#1520 = EDGE_CURVE ( 'NONE', #1329, #1473, #2878, .T. ) ;
#1521 = ADVANCED_FACE ( 'NONE', ( #3262 ), #3296, .T. ) ;
#1522 = CARTESIAN_POINT ( 'NONE',  ( 1.789289321881344819, 0.000000000000000000, -0.6300000000000001155 ) ) ;
#1523 = DIRECTION ( 'NONE',  ( 0.000000000000000000, -1.000000000000000000, 0.000000000000000000 ) ) ;
#1524 = VECTOR ( 'NONE', #2668, 39.37007874015748143 ) ;
#1525 = EDGE_LOOP ( 'NONE', ( #814, #703, #2080, #1465 ) ) ;
#1526 = DIRECTION ( 'NONE',  ( 0.000000000000000000, 0.000000000000000000, -1.000000000000000000 ) ) ;
#1527 = AXIS2_PLACEMENT_3D ( 'NONE', #774, #3085, #981 ) ;
#1528 = EDGE_CURVE ( 'NONE', #1473, #969, #1439, .T. ) ;
#1529 = AXIS2_PLACEMENT_3D ( 'NONE', #2646, #620, #1391 ) ;
#1530 = LINE ( 'NONE', #2284, #1256 ) ;
#1531 = LINE ( 'NONE', #65, #856 ) ;
#1532 = CARTESIAN_POINT ( 'NONE',  ( -1.100000000000000089, 0.7316050107169486116, 0.2453236288134359733 ) ) ;
#1533 = AXIS2_PLACEMENT_3D ( 'NONE', #165, #2692, #436 ) ;
#1534 = ORIENTED_EDGE ( 'NONE', *, *, #874, .F. ) ;
#1535 = CARTESIAN_POINT ( 'NONE',  ( -1.250000000000000000, 0.000000000000000000, 0.000000000000000000 ) ) ;
#1536 = LINE ( 'NONE', #2888, #1147 ) ;
#1537 = VECTOR ( 'NONE', #914, 39.37007874015748143 ) ;
#1538 = DIRECTION ( 'NONE',  ( 0.000000000000000000, 0.000000000000000000, -1.000000000000000000 ) ) ;
#1539 = CARTESIAN_POINT ( 'NONE',  ( -1.409999999999999920, 0.000000000000000000, -0.4199999999999995959 ) ) ;
#1540 = CARTESIAN_POINT ( 'NONE',  ( -2.207106781186546129, 0.000000000000000000, -0.7499999999999996669 ) ) ;
#1541 = EDGE_LOOP ( 'NONE', ( #564, #1508, #2069, #2435, #735, #715, #3300, #2407 ) ) ;
#1542 = VERTEX_POINT ( 'NONE', #2726 ) ;
#1543 = FACE_OUTER_BOUND ( 'NONE', #238, .T. ) ;
#1544 = DIRECTION ( 'NONE',  ( -1.000000000000000000, 0.000000000000000000, 0.000000000000000000 ) ) ;
#1545 = EDGE_CURVE ( 'NONE', #3031, #1186, #433, .T. ) ;
#1546 = CIRCLE ( 'NONE', #2674, 0.1000000000000000194 ) ;
#1547 = CARTESIAN_POINT ( 'NONE',  ( 1.459999999999999964, 0.2500000000000000000, -0.6300000000000001155 ) ) ;
#1548 = ORIENTED_EDGE ( 'NONE', *, *, #1392, .F. ) ;
#1549 = EDGE_CURVE ( 'NONE', #1672, #1424, #1578, .T. ) ;
#1550 = CARTESIAN_POINT ( 'NONE',  ( 4.043135030623111511E-17, 1.150000000000000133, 0.3700000000000001621 ) ) ;
#1551 = VERTEX_POINT ( 'NONE', #1936 ) ;
#1552 = DIRECTION ( 'NONE',  ( 1.092739197465705287E-15, 0.000000000000000000, -1.000000000000000000 ) ) ;
#1553 = VECTOR ( 'NONE', #587, 39.37007874015748143 ) ;
#1554 = LINE ( 'NONE', #781, #2822 ) ;
#1555 = DIRECTION ( 'NONE',  ( 0.000000000000000000, 0.000000000000000000, -1.000000000000000000 ) ) ;
#1556 = CIRCLE ( 'NONE', #807, 0.1000000000000000194 ) ;
#1557 = DIRECTION ( 'NONE',  ( 0.000000000000000000, 0.000000000000000000, 1.000000000000000000 ) ) ;
#1558 = ORIENTED_EDGE ( 'NONE', *, *, #29, .T. ) ;
#1559 = ORIENTED_EDGE ( 'NONE', *, *, #2259, .T. ) ;
#1560 = DIRECTION ( 'NONE',  ( -0.7071067811865462405, -0.000000000000000000, 0.7071067811865486830 ) ) ;
#1561 = DIRECTION ( 'NONE',  ( 1.000000000000000000, 0.000000000000000000, 0.000000000000000000 ) ) ;
#1562 = ADVANCED_FACE ( 'NONE', ( #1456 ), #695, .F. ) ;
#1563 = DIRECTION ( 'NONE',  ( 1.000000000000000000, -0.000000000000000000, 0.000000000000000000 ) ) ;
#1564 = ORIENTED_EDGE ( 'NONE', *, *, #2577, .F. ) ;
#1565 = ADVANCED_FACE ( 'NONE', ( #2195 ), #201, .F. ) ;
#1566 = EDGE_CURVE ( 'NONE', #1701, #1014, #1986, .T. ) ;
#1567 = LINE ( 'NONE', #2935, #179 ) ;
#1568 = ORIENTED_EDGE ( 'NONE', *, *, #244, .F. ) ;
#1569 = CARTESIAN_POINT ( 'NONE',  ( 1.249999999999999556, 1.250000000000000000, 0.4700000000000000289 ) ) ;
#1570 = CARTESIAN_POINT ( 'NONE',  ( 1.409869250954516762, 0.000000000000000000, 1.009311635700210319 ) ) ;
#1571 = DIRECTION ( 'NONE',  ( 0.000000000000000000, 0.000000000000000000, -1.000000000000000000 ) ) ;
#1572 = PLANE ( 'NONE',  #2758 ) ;
#1573 = ORIENTED_EDGE ( 'NONE', *, *, #2828, .F. ) ;
#1574 = VERTEX_POINT ( 'NONE', #1472 ) ;
#1575 = DIRECTION ( 'NONE',  ( 0.000000000000000000, 1.000000000000000000, -0.000000000000000000 ) ) ;
#1576 = VECTOR ( 'NONE', #1432, 39.37007874015748143 ) ;
#1577 = ORIENTED_EDGE ( 'NONE', *, *, #1225, .F. ) ;
#1578 = CIRCLE ( 'NONE', #158, 0.05000000000000000971 ) ;
#1579 = AXIS2_PLACEMENT_3D ( 'NONE', #1599, #2373, #293 ) ;
#1580 = PLANE ( 'NONE',  #1606 ) ;
#1581 = CARTESIAN_POINT ( 'NONE',  ( 0.000000000000000000, 0.2500000000000000000, 0.6300000000000001155 ) ) ;
#1582 = ORIENTED_EDGE ( 'NONE', *, *, #1810, .T. ) ;
#1583 = DIRECTION ( 'NONE',  ( -0.000000000000000000, -1.000000000000000000, -0.000000000000000000 ) ) ;
#1584 = EDGE_CURVE ( 'NONE', #1592, #413, #214, .T. ) ;
#1585 = DIRECTION ( 'NONE',  ( 0.000000000000000000, 1.000000000000000000, 0.000000000000000000 ) ) ;
#1586 = CARTESIAN_POINT ( 'NONE',  ( -1.199999999999999956, 0.000000000000000000, 0.6300000000000001155 ) ) ;
#1587 = AXIS2_PLACEMENT_3D ( 'NONE', #2474, #2232, #925 ) ;
#1588 = DIRECTION ( 'NONE',  ( 0.000000000000000000, 0.000000000000000000, -1.000000000000000000 ) ) ;
#1589 = CYLINDRICAL_SURFACE ( 'NONE', #1336, 0.05000000000000000971 ) ;
#1590 = ORIENTED_EDGE ( 'NONE', *, *, #177, .T. ) ;
#1591 = EDGE_CURVE ( 'NONE', #3015, #1592, #2434, .T. ) ;
#1592 = VERTEX_POINT ( 'NONE', #922 ) ;
#1593 = CARTESIAN_POINT ( 'NONE',  ( 1.100000000000000089, 0.7316050107169486116, 0.2453236288134359733 ) ) ;
#1594 = ORIENTED_EDGE ( 'NONE', *, *, #3163, .F. ) ;
#1595 = FACE_OUTER_BOUND ( 'NONE', #2732, .T. ) ;
#1596 = LINE ( 'NONE', #3290, #1656 ) ;
#1597 = ORIENTED_EDGE ( 'NONE', *, *, #1897, .F. ) ;
#1598 = FACE_BOUND ( 'NONE', #1948, .T. ) ;
#1599 = CARTESIAN_POINT ( 'NONE',  ( 1.199999999999999956, 0.2500000000000000000, 0.6800000000000001599 ) ) ;
#1600 = AXIS2_PLACEMENT_3D ( 'NONE', #1323, #2337, #2643 ) ;
#1601 = CARTESIAN_POINT ( 'NONE',  ( 1.100000000000000089, 1.250000000000000000, 0.1700000000000000677 ) ) ;
#1602 = CARTESIAN_POINT ( 'NONE',  ( 1.269750291207942139, 0.2500000000000000000, 1.270082328485097500 ) ) ;
#1603 = EDGE_CURVE ( 'NONE', #1707, #2350, #54, .T. ) ;
#1604 = AXIS2_PLACEMENT_3D ( 'NONE', #2307, #1279, #1571 ) ;
#1605 = ORIENTED_EDGE ( 'NONE', *, *, #613, .T. ) ;
#1606 = AXIS2_PLACEMENT_3D ( 'NONE', #2563, #2351, #286 ) ;
#1607 = ORIENTED_EDGE ( 'NONE', *, *, #533, .T. ) ;
#1608 = EDGE_CURVE ( 'NONE', #3031, #1793, #3318, .T. ) ;
#1609 = DIRECTION ( 'NONE',  ( 0.000000000000000000, 0.000000000000000000, 1.000000000000000000 ) ) ;
#1610 = ORIENTED_EDGE ( 'NONE', *, *, #907, .F. ) ;
#1611 = VECTOR ( 'NONE', #2930, 39.37007874015748143 ) ;
#1612 = DIRECTION ( 'NONE',  ( -1.000000000000000000, 0.000000000000000000, -0.000000000000000000 ) ) ;
#1613 = ORIENTED_EDGE ( 'NONE', *, *, #2698, .T. ) ;
#1614 = FACE_BOUND ( 'NONE', #451, .T. ) ;
#1615 = DIRECTION ( 'NONE',  ( 0.000000000000000000, -1.000000000000000000, 0.000000000000000000 ) ) ;
#1616 = CARTESIAN_POINT ( 'NONE',  ( 1.100000000000000089, 1.150000000000000133, 0.4700000000000000289 ) ) ;
#1617 = DIRECTION ( 'NONE',  ( 0.000000000000000000, 1.000000000000000000, -0.000000000000000000 ) ) ;
#1618 = DIRECTION ( 'NONE',  ( -0.000000000000000000, -1.000000000000000000, 0.000000000000000000 ) ) ;
#1619 = VERTEX_POINT ( 'NONE', #262 ) ;
#1620 = CARTESIAN_POINT ( 'NONE',  ( -1.459999999999999964, 0.000000000000000000, 0.4700000000000004730 ) ) ;
#1621 = CARTESIAN_POINT ( 'NONE',  ( -1.409999999999999920, 0.000000000000000000, 1.009289321881345014 ) ) ;
#1622 = EDGE_CURVE ( 'NONE', #944, #2827, #2809, .T. ) ;
#1623 = EDGE_LOOP ( 'NONE', ( #1512, #1305, #2311, #3171, #491 ) ) ;
#1624 = AXIS2_PLACEMENT_3D ( 'NONE', #1123, #1650, #3219 ) ;
#1625 = DIRECTION ( 'NONE',  ( -1.000000000000000000, 0.000000000000000000, 0.000000000000000000 ) ) ;
#1626 = EDGE_CURVE ( 'NONE', #1672, #719, #1742, .T. ) ;
#1627 = LINE ( 'NONE', #174, #1611 ) ;
#1628 = LINE ( 'NONE', #110, #3115 ) ;
#1629 = ORIENTED_EDGE ( 'NONE', *, *, #3139, .T. ) ;
#1630 = EDGE_CURVE ( 'NONE', #1383, #1910, #2829, .T. ) ;
#1631 = DIRECTION ( 'NONE',  ( 0.000000000000000000, -1.000000000000000000, 0.000000000000000000 ) ) ;
#1632 = VERTEX_POINT ( 'NONE', #2533 ) ;
#1633 = CIRCLE ( 'NONE', #1579, 0.05000000000000000971 ) ;
#1634 = FACE_BOUND ( 'NONE', #2959, .T. ) ;
#1635 = CARTESIAN_POINT ( 'NONE',  ( -2.207106781186546129, 0.1499999999999988842, -0.7499999999999996669 ) ) ;
#1636 = DIRECTION ( 'NONE',  ( -1.000000000000000000, 0.000000000000000000, 0.000000000000000000 ) ) ;
#1637 = DIRECTION ( 'NONE',  ( 0.000000000000000000, -1.000000000000000000, 0.000000000000000000 ) ) ;
#1638 = CARTESIAN_POINT ( 'NONE',  ( 1.199999999999999956, 0.000000000000000000, 1.130000000000000115 ) ) ;
#1639 = CARTESIAN_POINT ( 'NONE',  ( 1.459999999999999964, 0.2500000000000000000, 0.4699999999999999734 ) ) ;
#1640 = CIRCLE ( 'NONE', #2070, 0.05000000000000000971 ) ;
#1641 = EDGE_LOOP ( 'NONE', ( #2696, #1979, #231, #1967 ) ) ;
#1642 = PLANE ( 'NONE',  #438 ) ;
#1643 = ORIENTED_EDGE ( 'NONE', *, *, #239, .F. ) ;
#1644 = DIRECTION ( 'NONE',  ( 1.000000000000000000, -0.000000000000000000, 0.000000000000000000 ) ) ;
#1645 = EDGE_CURVE ( 'NONE', #261, #847, #1412, .T. ) ;
#1646 = ORIENTED_EDGE ( 'NONE', *, *, #3118, .T. ) ;
#1647 = CARTESIAN_POINT ( 'NONE',  ( 1.250000000000000000, 0.000000000000000000, 0.6800000000000001599 ) ) ;
#1648 = EDGE_CURVE ( 'NONE', #2280, #944, #3211, .T. ) ;
#1649 = AXIS2_PLACEMENT_3D ( 'NONE', #3003, #679, #1710 ) ;
#1650 = DIRECTION ( 'NONE',  ( 0.000000000000000000, -1.000000000000000000, 0.000000000000000000 ) ) ;
#1651 = LINE ( 'NONE', #1602, #341 ) ;
#1652 = ORIENTED_EDGE ( 'NONE', *, *, #193, .T. ) ;
#1653 = DIRECTION ( 'NONE',  ( -0.000000000000000000, 1.000000000000000000, -0.000000000000000000 ) ) ;
#1654 = ORIENTED_EDGE ( 'NONE', *, *, #2240, .F. ) ;
#1655 = VECTOR ( 'NONE', #2054, 39.37007874015748143 ) ;
#1656 = VECTOR ( 'NONE', #963, 39.37007874015748143 ) ;
#1657 = ORIENTED_EDGE ( 'NONE', *, *, #1396, .T. ) ;
#1658 = PLANE ( 'NONE',  #2588 ) ;
#1659 = CARTESIAN_POINT ( 'NONE',  ( 0.000000000000000000, 0.000000000000000000, -1.130000000000000115 ) ) ;
#1660 = ORIENTED_EDGE ( 'NONE', *, *, #2369, .F. ) ;
#1661 = CARTESIAN_POINT ( 'NONE',  ( 1.499999999999999778, 0.1499999999999988842, 1.457106781186548128 ) ) ;
#1662 = EDGE_CURVE ( 'NONE', #1180, #1916, #1032, .T. ) ;
#1663 = FACE_OUTER_BOUND ( 'NONE', #1765, .T. ) ;
#1664 = DIRECTION ( 'NONE',  ( 0.000000000000000000, 1.000000000000000000, -0.000000000000000000 ) ) ;
#1665 = EDGE_CURVE ( 'NONE', #3207, #2403, #1486, .T. ) ;
#1666 = EDGE_CURVE ( 'NONE', #184, #2086, #1444, .T. ) ;
#1667 = PLANE ( 'NONE',  #1898 ) ;
#1668 = ORIENTED_EDGE ( 'NONE', *, *, #2904, .T. ) ;
#1669 = LINE ( 'NONE', #1110, #2332 ) ;
#1670 = EDGE_LOOP ( 'NONE', ( #2497, #1505, #1380, #2592, #2424, #1011, #739, #2671 ) ) ;
#1671 = CARTESIAN_POINT ( 'NONE',  ( -1.499999999999999778, 0.2500000000000000000, 1.457106781186548794 ) ) ;
#1672 = VERTEX_POINT ( 'NONE', #789 ) ;
#1673 = CARTESIAN_POINT ( 'NONE',  ( 1.459999999999999964, 0.000000000000000000, -0.6300000000000001155 ) ) ;
#1674 = AXIS2_PLACEMENT_3D ( 'NONE', #3183, #1393, #2665 ) ;
#1675 = PLANE ( 'NONE',  #2513 ) ;
#1676 = CARTESIAN_POINT ( 'NONE',  ( 1.199999999999999956, 0.000000000000000000, 1.080000000000000071 ) ) ;
#1677 = ORIENTED_EDGE ( 'NONE', *, *, #1152, .T. ) ;
#1678 = CARTESIAN_POINT ( 'NONE',  ( -1.459999999999999520, 0.000000000000000000, -0.6299999999999995604 ) ) ;
#1679 = DIRECTION ( 'NONE',  ( 1.000000000000000000, 0.000000000000000000, 0.000000000000000000 ) ) ;
#1680 = VECTOR ( 'NONE', #3323, 39.37007874015748143 ) ;
#1681 = ORIENTED_EDGE ( 'NONE', *, *, #3185, .T. ) ;
#1682 = EDGE_CURVE ( 'NONE', #2892, #1186, #388, .T. ) ;
#1683 = ORIENTED_EDGE ( 'NONE', *, *, #1727, .T. ) ;
#1684 = CIRCLE ( 'NONE', #2766, 0.1000000000000000194 ) ;
#1685 = DIRECTION ( 'NONE',  ( 0.000000000000000000, 0.000000000000000000, -1.000000000000000000 ) ) ;
#1686 = VECTOR ( 'NONE', #3167, 39.37007874015748143 ) ;
#1687 = DIRECTION ( 'NONE',  ( -0.7071067811865463515, 0.000000000000000000, -0.7071067811865486830 ) ) ;
#1688 = EDGE_CURVE ( 'NONE', #479, #2523, #2248, .T. ) ;
#1689 = ORIENTED_EDGE ( 'NONE', *, *, #869, .F. ) ;
#1690 = DIRECTION ( 'NONE',  ( 1.092739197465705287E-16, 0.000000000000000000, 1.000000000000000000 ) ) ;
#1691 = CARTESIAN_POINT ( 'NONE',  ( 1.249999999999998668, 0.000000000000000000, 1.365923996832130229E-15 ) ) ;
#1692 = VECTOR ( 'NONE', #1425, 39.37007874015748143 ) ;
#1693 = CARTESIAN_POINT ( 'NONE',  ( -1.250000000000000666, 0.3500000000000000888, 0.000000000000000000 ) ) ;
#1694 = CARTESIAN_POINT ( 'NONE',  ( -1.495355339059327493, 0.000000000000000000, -1.044644660940671654 ) ) ;
#1695 = ORIENTED_EDGE ( 'NONE', *, *, #2021, .T. ) ;
#1696 = LINE ( 'NONE', #145, #3327 ) ;
#1697 = AXIS2_PLACEMENT_3D ( 'NONE', #423, #2782, #1428 ) ;
#1698 = DIRECTION ( 'NONE',  ( -0.7071067811865437980, 0.000000000000000000, 0.7071067811865512365 ) ) ;
#1699 =( NAMED_UNIT ( * ) PLANE_ANGLE_UNIT ( ) SI_UNIT ( $, .RADIAN. ) );
#1700 = LINE ( 'NONE', #470, #1974 ) ;
#1701 = VERTEX_POINT ( 'NONE', #1230 ) ;
#1702 = LINE ( 'NONE', #2289, #2219 ) ;
#1703 = ORIENTED_EDGE ( 'NONE', *, *, #2786, .T. ) ;
#1704 = EDGE_CURVE ( 'NONE', #2738, #1707, #2590, .T. ) ;
#1705 = DIRECTION ( 'NONE',  ( -0.000000000000000000, -1.000000000000000000, -0.000000000000000000 ) ) ;
#1706 = ORIENTED_EDGE ( 'NONE', *, *, #834, .F. ) ;
#1707 = VERTEX_POINT ( 'NONE', #1246 ) ;
#1708 = EDGE_CURVE ( 'NONE', #2523, #2312, #994, .T. ) ;
#1709 = CARTESIAN_POINT ( 'NONE',  ( -2.207106781186546129, 0.2500000000000000000, 0.7500000000000004441 ) ) ;
#1710 = DIRECTION ( 'NONE',  ( 0.000000000000000000, 0.000000000000000000, -1.000000000000000000 ) ) ;
#1711 = VECTOR ( 'NONE', #604, 39.37007874015748143 ) ;
#1712 = CIRCLE ( 'NONE', #277, 0.05000000000000000971 ) ;
#1713 = ORIENTED_EDGE ( 'NONE', *, *, #371, .F. ) ;
#1714 = LINE ( 'NONE', #3249, #1044 ) ;
#1715 = VECTOR ( 'NONE', #1241, 39.37007874015748143 ) ;
#1716 = DIRECTION ( 'NONE',  ( 0.000000000000000000, 0.000000000000000000, 1.000000000000000000 ) ) ;
#1717 = DIRECTION ( 'NONE',  ( 0.7071067811865462405, 0.000000000000000000, -0.7071067811865486830 ) ) ;
#1718 = ORIENTED_EDGE ( 'NONE', *, *, #2501, .T. ) ;
#1719 = LINE ( 'NONE', #209, #2169 ) ;
#1720 = VERTEX_POINT ( 'NONE', #2051 ) ;
#1721 = ADVANCED_FACE ( 'NONE', ( #2776 ), #3083, .F. ) ;
#1722 = ORIENTED_EDGE ( 'NONE', *, *, #1901, .F. ) ;
#1723 = CARTESIAN_POINT ( 'NONE',  ( -2.207106781186546129, 0.1499999999999988842, 0.7500000000000004441 ) ) ;
#1724 = LINE ( 'NONE', #1693, #677 ) ;
#1725 = ORIENTED_EDGE ( 'NONE', *, *, #945, .T. ) ;
#1726 = DIRECTION ( 'NONE',  ( -0.000000000000000000, 1.000000000000000000, -0.000000000000000000 ) ) ;
#1727 = EDGE_CURVE ( 'NONE', #1118, #612, #2851, .T. ) ;
#1728 = DIRECTION ( 'NONE',  ( 0.000000000000000000, 0.000000000000000000, 1.000000000000000000 ) ) ;
#1729 = CARTESIAN_POINT ( 'NONE',  ( 1.459869250954516806, 0.000000000000000000, 1.009311635700210319 ) ) ;
#1730 = AXIS2_PLACEMENT_3D ( 'NONE', #274, #2546, #2859 ) ;
#1731 = ADVANCED_FACE ( 'NONE', ( #478 ), #493, .T. ) ;
#1732 = SURFACE_SIDE_STYLE ('',( #218 ) ) ;
#1733 = CARTESIAN_POINT ( 'NONE',  ( -1.250000000000000000, 0.2500000000000000000, 1.080000000000000071 ) ) ;
#1734 = ORIENTED_EDGE ( 'NONE', *, *, #3191, .F. ) ;
#1735 = DIRECTION ( 'NONE',  ( 1.000000000000000000, 0.000000000000000000, 0.000000000000000000 ) ) ;
#1736 = CARTESIAN_POINT ( 'NONE',  ( 1.407842712474621116, 0.2500000000000000000, -1.407842712474616453 ) ) ;
#1737 = LINE ( 'NONE', #1482, #2976 ) ;
#1738 = VECTOR ( 'NONE', #1544, 39.37007874015748143 ) ;
#1739 = ORIENTED_EDGE ( 'NONE', *, *, #808, .F. ) ;
#1740 = ORIENTED_EDGE ( 'NONE', *, *, #1191, .T. ) ;
#1741 = CARTESIAN_POINT ( 'NONE',  ( -1.860000000000000098, 0.000000000000000000, -0.4699999999999996403 ) ) ;
#1742 = LINE ( 'NONE', #60, #885 ) ;
#1743 = ORIENTED_EDGE ( 'NONE', *, *, #3254, .T. ) ;
#1744 = LINE ( 'NONE', #495, #2384 ) ;
#1745 = AXIS2_PLACEMENT_3D ( 'NONE', #2298, #27, #1440 ) ;
#1746 = ADVANCED_FACE ( 'NONE', ( #1543 ), #755, .T. ) ;
#1747 = LINE ( 'NONE', #3050, #730 ) ;
#1748 =( CONVERSION_BASED_UNIT ( 'INCH', #1447 ) LENGTH_UNIT ( ) NAMED_UNIT ( #1467 ) );
#1749 = EDGE_CURVE ( 'NONE', #627, #825, #628, .T. ) ;
#1750 = DIRECTION ( 'NONE',  ( -0.000000000000000000, 1.000000000000000000, -0.000000000000000000 ) ) ;
#1751 = ORIENTED_EDGE ( 'NONE', *, *, #1085, .F. ) ;
#1752 = FACE_OUTER_BOUND ( 'NONE', #456, .T. ) ;
#1753 = VERTEX_POINT ( 'NONE', #2417 ) ;
#1754 = LINE ( 'NONE', #2788, #2161 ) ;
#1755 = ORIENTED_EDGE ( 'NONE', *, *, #1370, .F. ) ;
#1756 = DIRECTION ( 'NONE',  ( -0.000000000000000000, 1.000000000000000000, -0.000000000000000000 ) ) ;
#1757 = ORIENTED_EDGE ( 'NONE', *, *, #2853, .T. ) ;
#1758 = CARTESIAN_POINT ( 'NONE',  ( 2.207106781186546129, 0.1499999999999988842, -0.7500000000000003331 ) ) ;
#1759 = CIRCLE ( 'NONE', #2191, 0.05000000000000000971 ) ;
#1760 = LINE ( 'NONE', #496, #2118 ) ;
#1761 = VECTOR ( 'NONE', #1717, 39.37007874015748854 ) ;
#1762 = EDGE_CURVE ( 'NONE', #3297, #2789, #2653, .T. ) ;
#1763 = AXIS2_PLACEMENT_3D ( 'NONE', #1267, #1523, #2556 ) ;
#1764 = CARTESIAN_POINT ( 'NONE',  ( -1.459999999999999964, 0.2500000000000000000, 0.4700000000000004730 ) ) ;
#1765 = EDGE_LOOP ( 'NONE', ( #229, #50, #2530, #297 ) ) ;
#1766 = CARTESIAN_POINT ( 'NONE',  ( -1.200000000000000622, 0.000000000000000000, -0.6800000000000001599 ) ) ;
#1767 = ADVANCED_FACE ( 'NONE', ( #842 ), #1642, .T. ) ;
#1768 = EDGE_CURVE ( 'NONE', #2300, #1383, #611, .T. ) ;
#1769 = DIRECTION ( 'NONE',  ( 6.439027471636213718E-17, -0.7071067811865480168, 0.7071067811865470176 ) ) ;
#1770 = DIRECTION ( 'NONE',  ( -0.000000000000000000, 1.000000000000000000, -0.000000000000000000 ) ) ;
#1771 = LINE ( 'NONE', #2804, #3307 ) ;
#1772 = VECTOR ( 'NONE', #623, 39.37007874015748143 ) ;
#1773 = ADVANCED_FACE ( 'NONE', ( #1130 ), #363, .T. ) ;
#1774 = ORIENTED_EDGE ( 'NONE', *, *, #2904, .F. ) ;
#1775 = CARTESIAN_POINT ( 'NONE',  ( -2.207106781186546129, 0.000000000000000000, -0.7499999999999996669 ) ) ;
#1776 = ORIENTED_EDGE ( 'NONE', *, *, #2063, .F. ) ;
#1777 = CARTESIAN_POINT ( 'NONE',  ( 1.824644660940672347, 0.2500000000000000000, -0.7153553390593276884 ) ) ;
#1778 = LINE ( 'NONE', #1289, #2560 ) ;
#1779 = DIRECTION ( 'NONE',  ( 1.000000000000000000, 0.000000000000000000, 0.000000000000000000 ) ) ;
#1780 = AXIS2_PLACEMENT_3D ( 'NONE', #2061, #2890, #590 ) ;
#1781 = FACE_OUTER_BOUND ( 'NONE', #474, .T. ) ;
#1782 = EDGE_LOOP ( 'NONE', ( #115, #2493, #1415, #2335 ) ) ;
#1783 = PLANE ( 'NONE',  #2713 ) ;
#1784 = DIRECTION ( 'NONE',  ( 0.000000000000000000, -1.000000000000000000, 0.000000000000000000 ) ) ;
#1785 = PLANE ( 'NONE',  #1168 ) ;
#1786 = DIRECTION ( 'NONE',  ( -1.000000000000000000, 0.000000000000000000, 0.000000000000000000 ) ) ;
#1787 = ADVANCED_FACE ( 'NONE', ( #1366 ), #2879, .T. ) ;
#1788 = ORIENTED_EDGE ( 'NONE', *, *, #2084, .F. ) ;
#1789 = ORIENTED_EDGE ( 'NONE', *, *, #454, .F. ) ;
#1790 = EDGE_CURVE ( 'NONE', #409, #1142, #2621, .T. ) ;
#1791 = DIRECTION ( 'NONE',  ( 0.000000000000000000, 0.000000000000000000, -1.000000000000000000 ) ) ;
#1792 = AXIS2_PLACEMENT_3D ( 'NONE', #1929, #917, #1895 ) ;
#1793 = VERTEX_POINT ( 'NONE', #330 ) ;
#1794 = CARTESIAN_POINT ( 'NONE',  ( 1.249999999999999556, 0.000000000000000000, -0.6800000000000001599 ) ) ;
#1795 = VECTOR ( 'NONE', #378, 39.37007874015748143 ) ;
#1796 = DIRECTION ( 'NONE',  ( 0.000000000000000000, 0.000000000000000000, -1.000000000000000000 ) ) ;
#1797 = ORIENTED_EDGE ( 'NONE', *, *, #1665, .T. ) ;
#1798 = DIRECTION ( 'NONE',  ( 0.000000000000000000, -1.000000000000000000, 0.000000000000000000 ) ) ;
#1799 = DIRECTION ( 'NONE',  ( 0.000000000000000000, 1.000000000000000000, 0.000000000000000000 ) ) ;
#1800 = VERTEX_POINT ( 'NONE', #855 ) ;
#1801 = CARTESIAN_POINT ( 'NONE',  ( -1.495355339059327493, 0.2500000000000000000, -1.044644660940671654 ) ) ;
#1802 = DIRECTION ( 'NONE',  ( -1.000000000000000000, -0.000000000000000000, -0.000000000000000000 ) ) ;
#1803 = AXIS2_PLACEMENT_3D ( 'NONE', #46, #2085, #1849 ) ;
#1804 = CARTESIAN_POINT ( 'NONE',  ( -1.459999999999999964, 0.000000000000000000, 0.6800000000000001599 ) ) ;
#1805 = CYLINDRICAL_SURFACE ( 'NONE', #2485, 0.05000000000000000971 ) ;
#1806 = PRODUCT_DEFINITION_CONTEXT ( 'detailed design', #497, 'design' ) ;
#1807 = DIRECTION ( 'NONE',  ( -0.7071067811865475727, 0.000000000000000000, -0.7071067811865474617 ) ) ;
#1808 = ORIENTED_EDGE ( 'NONE', *, *, #2044, .F. ) ;
#1809 = CARTESIAN_POINT ( 'NONE',  ( -1.200000000000000178, 0.000000000000000000, -1.130000000000000115 ) ) ;
#1810 = EDGE_CURVE ( 'NONE', #290, #674, #1492, .T. ) ;
#1811 = ORIENTED_EDGE ( 'NONE', *, *, #74, .T. ) ;
#1812 = CARTESIAN_POINT ( 'NONE',  ( -1.459999999999999964, 0.000000000000000000, 0.6800000000000001599 ) ) ;
#1813 = CYLINDRICAL_SURFACE ( 'NONE', #105, 0.05000000000000000971 ) ;
#1814 = VECTOR ( 'NONE', #662, 39.37007874015748143 ) ;
#1815 = EDGE_CURVE ( 'NONE', #1186, #261, #1881, .T. ) ;
#1816 = CARTESIAN_POINT ( 'NONE',  ( 1.409869250954516762, 0.000000000000000000, 0.000000000000000000 ) ) ;
#1817 = DIRECTION ( 'NONE',  ( 1.000000000000000000, -0.000000000000000000, 0.000000000000000000 ) ) ;
#1818 = DIRECTION ( 'NONE',  ( 0.6785983445458468877, -0.6785983445458468877, -0.2810846377148210062 ) ) ;
#1819 = ORIENTED_EDGE ( 'NONE', *, *, #874, .T. ) ;
#1820 = DIRECTION ( 'NONE',  ( 0.000000000000000000, 1.000000000000000000, 0.000000000000000000 ) ) ;
#1821 = LINE ( 'NONE', #1309, #1016 ) ;
#1822 = ORIENTED_EDGE ( 'NONE', *, *, #721, .F. ) ;
#1823 = CARTESIAN_POINT ( 'NONE',  ( -1.910000000000000142, 0.000000000000000000, -0.4199999999999995959 ) ) ;
#1824 = VECTOR ( 'NONE', #3170, 39.37007874015748143 ) ;
#1825 = DIRECTION ( 'NONE',  ( 0.000000000000000000, -1.000000000000000000, 0.000000000000000000 ) ) ;
#1826 = DIRECTION ( 'NONE',  ( 1.000000000000000000, 0.000000000000000000, -0.000000000000000000 ) ) ;
#1827 = ORIENTED_EDGE ( 'NONE', *, *, #3210, .T. ) ;
#1828 = CYLINDRICAL_SURFACE ( 'NONE', #487, 0.05000000000000000971 ) ;
#1829 = ORIENTED_EDGE ( 'NONE', *, *, #572, .T. ) ;
#1830 = DIRECTION ( 'NONE',  ( 9.106159978880878627E-17, -0.000000000000000000, 1.000000000000000000 ) ) ;
#1831 = CARTESIAN_POINT ( 'NONE',  ( 1.349999999999999423, 0.3500000000000000333, -0.4700000000000000289 ) ) ;
#1832 = ADVANCED_FACE ( 'NONE', ( #2911 ), #346, .F. ) ;
#1833 = ORIENTED_EDGE ( 'NONE', *, *, #248, .T. ) ;
#1834 = PRODUCT_DEFINITION_SHAPE ( 'NONE', 'NONE',  #2317 ) ;
#1835 = CARTESIAN_POINT ( 'NONE',  ( 1.100000000000000089, 1.150000000000000133, -0.4700000000000000289 ) ) ;
#1836 = DIRECTION ( 'NONE',  ( 1.000000000000000000, -0.000000000000000000, 0.000000000000000000 ) ) ;
#1837 = EDGE_CURVE ( 'NONE', #2799, #3027, #1112, .T. ) ;
#1838 = VERTEX_POINT ( 'NONE', #3190 ) ;
#1839 = PLANE ( 'NONE',  #2826 ) ;
#1840 = CARTESIAN_POINT ( 'NONE',  ( -1.910000000000000142, 0.2500000000000000000, -0.4199999999999995959 ) ) ;
#1841 = AXIS2_PLACEMENT_3D ( 'NONE', #2569, #2342, #2586 ) ;
#1842 = DIRECTION ( 'NONE',  ( -1.000000000000000000, 0.000000000000000000, 2.731847993664263711E-16 ) ) ;
#1843 = DIRECTION ( 'NONE',  ( 0.000000000000000000, -1.000000000000000000, 0.000000000000000000 ) ) ;
#1844 = LINE ( 'NONE', #2105, #2047 ) ;
#1845 = ORIENTED_EDGE ( 'NONE', *, *, #2995, .F. ) ;
#1846 = EDGE_LOOP ( 'NONE', ( #2663, #1594, #488, #1722 ) ) ;
#1847 = CARTESIAN_POINT ( 'NONE',  ( -1.459999999999999964, 0.000000000000000000, -1.059289321881344392 ) ) ;
#1848 = PLANE ( 'NONE',  #1018 ) ;
#1849 = DIRECTION ( 'NONE',  ( -1.000000000000000000, 0.000000000000000000, -1.365923996832131363E-16 ) ) ;
#1850 = AXIS2_PLACEMENT_3D ( 'NONE', #1413, #886, #932 ) ;
#1851 = ORIENTED_EDGE ( 'NONE', *, *, #1882, .T. ) ;
#1852 = AXIS2_PLACEMENT_3D ( 'NONE', #280, #2032, #546 ) ;
#1853 = ADVANCED_FACE ( 'NONE', ( #2925 ), #561, .F. ) ;
#1854 = LENGTH_MEASURE_WITH_UNIT ( LENGTH_MEASURE( 0.02539999999999999897 ), #30 );
#1855 = DIRECTION ( 'NONE',  ( 1.000000000000000000, 0.000000000000000000, -9.106159978880878627E-17 ) ) ;
#1856 = VERTEX_POINT ( 'NONE', #89 ) ;
#1857 = PLANE ( 'NONE',  #223 ) ;
#1858 = PLANE ( 'NONE',  #2607 ) ;
#1859 = ADVANCED_FACE ( 'NONE', ( #2109 ), #382, .F. ) ;
#1860 = VECTOR ( 'NONE', #1937, 39.37007874015748143 ) ;
#1861 = DIRECTION ( 'NONE',  ( 0.000000000000000000, -1.000000000000000000, 0.000000000000000000 ) ) ;
#1862 = DIRECTION ( 'NONE',  ( 1.000000000000000000, -0.000000000000000000, -0.000000000000000000 ) ) ;
#1863 = VERTEX_POINT ( 'NONE', #2606 ) ;
#1864 = CARTESIAN_POINT ( 'NONE',  ( 1.860000000000000098, 0.000000000000000000, 0.4199999999999999845 ) ) ;
#1865 = ORIENTED_EDGE ( 'NONE', *, *, #3180, .T. ) ;
#1866 = DIRECTION ( 'NONE',  ( 0.000000000000000000, 1.000000000000000000, -0.000000000000000000 ) ) ;
#1867 = CARTESIAN_POINT ( 'NONE',  ( -1.459999999999999964, 0.000000000000000000, 0.4700000000000004730 ) ) ;
#1868 = ORIENTED_EDGE ( 'NONE', *, *, #1999, .F. ) ;
#1869 = CARTESIAN_POINT ( 'NONE',  ( -1.789289321881344152, 0.000000000000000000, -0.6299999999999960076 ) ) ;
#1870 = EDGE_LOOP ( 'NONE', ( #3110, #2158, #1577, #2256, #119 ) ) ;
#1871 = EDGE_CURVE ( 'NONE', #1335, #1092, #316, .T. ) ;
#1872 = LINE ( 'NONE', #897, #1711 ) ;
#1873 = VECTOR ( 'NONE', #49, 39.37007874015748143 ) ;
#1874 = DIRECTION ( 'NONE',  ( 0.000000000000000000, 0.000000000000000000, -1.000000000000000000 ) ) ;
#1875 = FACE_OUTER_BOUND ( 'NONE', #2860, .T. ) ;
#1876 = EDGE_CURVE ( 'NONE', #902, #3309, #3137, .T. ) ;
#1877 = VECTOR ( 'NONE', #3, 39.37007874015748143 ) ;
#1878 = VERTEX_POINT ( 'NONE', #659 ) ;
#1879 = LINE ( 'NONE', #1144, #835 ) ;
#1880 = ORIENTED_EDGE ( 'NONE', *, *, #2617, .F. ) ;
#1881 = LINE ( 'NONE', #124, #1989 ) ;
#1882 = EDGE_CURVE ( 'NONE', #1150, #1707, #644, .T. ) ;
#1883 = ORIENTED_EDGE ( 'NONE', *, *, #1943, .T. ) ;
#1884 = DIRECTION ( 'NONE',  ( 0.000000000000000000, 0.000000000000000000, -1.000000000000000000 ) ) ;
#1885 = DIRECTION ( 'NONE',  ( -0.7071067811865463515, 0.000000000000000000, -0.7071067811865486830 ) ) ;
#1886 = ORIENTED_EDGE ( 'NONE', *, *, #2021, .F. ) ;
#1887 = VECTOR ( 'NONE', #1618, 39.37007874015748143 ) ;
#1888 = VECTOR ( 'NONE', #3227, 39.37007874015748143 ) ;
#1889 = PLANE ( 'NONE',  #2534 ) ;
#1890 = ORIENTED_EDGE ( 'NONE', *, *, #177, .F. ) ;
#1891 = DIRECTION ( 'NONE',  ( -1.000000000000000000, 0.000000000000000000, 0.000000000000000000 ) ) ;
#1892 = DIRECTION ( 'NONE',  ( 0.000000000000000000, 0.000000000000000000, -1.000000000000000000 ) ) ;
#1893 = CARTESIAN_POINT ( 'NONE',  ( -1.235803145790878772E-16, 0.2500000000000000000, -1.357106781186547373 ) ) ;
#1894 = DIRECTION ( 'NONE',  ( -0.000000000000000000, -1.000000000000000000, -0.000000000000000000 ) ) ;
#1895 = DIRECTION ( 'NONE',  ( 0.000000000000000000, 0.000000000000000000, -1.000000000000000000 ) ) ;
#1896 = ORIENTED_EDGE ( 'NONE', *, *, #314, .T. ) ;
#1897 = EDGE_CURVE ( 'NONE', #2163, #2403, #397, .T. ) ;
#1898 = AXIS2_PLACEMENT_3D ( 'NONE', #2695, #3235, #605 ) ;
#1899 = DIRECTION ( 'NONE',  ( 0.000000000000000000, 0.000000000000000000, 1.000000000000000000 ) ) ;
#1900 = ORIENTED_EDGE ( 'NONE', *, *, #572, .F. ) ;
#1901 = EDGE_CURVE ( 'NONE', #3149, #795, #410, .T. ) ;
#1902 = DIRECTION ( 'NONE',  ( 0.000000000000000000, 1.000000000000000000, 0.000000000000000000 ) ) ;
#1903 = EDGE_LOOP ( 'NONE', ( #2430, #1062, #2927, #442 ) ) ;
#1904 = LINE ( 'NONE', #635, #92 ) ;
#1905 = AXIS2_PLACEMENT_3D ( 'NONE', #2082, #720, #2331 ) ;
#1906 = PLANE ( 'NONE',  #2210 ) ;
#1907 = CIRCLE ( 'NONE', #675, 0.05000000000000000971 ) ;
#1908 = PLANE ( 'NONE',  #1529 ) ;
#1909 = CARTESIAN_POINT ( 'NONE',  ( -1.250000000000000666, 0.000000000000000000, -0.6800000000000001599 ) ) ;
#1910 = VERTEX_POINT ( 'NONE', #1540 ) ;
#1911 = CARTESIAN_POINT ( 'NONE',  ( -1.343338425694980076, 0.5282144973898945661, 1.078892283796653695 ) ) ;
#1912 = CARTESIAN_POINT ( 'NONE',  ( -1.459999999999999964, 0.000000000000000000, 0.6300000000000001155 ) ) ;
#1913 = VECTOR ( 'NONE', #683, 39.37007874015748143 ) ;
#1914 = ORIENTED_EDGE ( 'NONE', *, *, #288, .F. ) ;
#1915 = EDGE_CURVE ( 'NONE', #988, #2784, #2627, .T. ) ;
#1916 = VERTEX_POINT ( 'NONE', #3098 ) ;
#1917 = CARTESIAN_POINT ( 'NONE',  ( -1.350000000000000533, 0.3500000000000000333, 0.07000000000000000666 ) ) ;
#1918 = CARTESIAN_POINT ( 'NONE',  ( 1.789267001018795655, 0.000000000000000000, 0.6300000000000001155 ) ) ;
#1919 = EDGE_LOOP ( 'NONE', ( #2464, #648, #3091, #1194, #2124, #3119, #153, #1029 ) ) ;
#1920 = CARTESIAN_POINT ( 'NONE',  ( 1.409869250954516762, 0.2500000000000000000, 0.6800000000000001599 ) ) ;
#1921 = EDGE_CURVE ( 'NONE', #1424, #1080, #2527, .T. ) ;
#1922 = LINE ( 'NONE', #1202, #685 ) ;
#1923 = DIRECTION ( 'NONE',  ( -1.000000000000000000, 0.000000000000000000, 0.000000000000000000 ) ) ;
#1924 = FACE_OUTER_BOUND ( 'NONE', #285, .T. ) ;
#1925 = DIRECTION ( 'NONE',  ( 0.000000000000000000, -1.000000000000000000, 0.000000000000000000 ) ) ;
#1926 = ORIENTED_EDGE ( 'NONE', *, *, #367, .T. ) ;
#1927 = ORIENTED_EDGE ( 'NONE', *, *, #3139, .F. ) ;
#1928 = DIRECTION ( 'NONE',  ( 0.000000000000000000, 0.000000000000000000, 1.000000000000000000 ) ) ;
#1929 = CARTESIAN_POINT ( 'NONE',  ( 1.249999999999999556, 1.250000000000000000, 0.000000000000000000 ) ) ;
#1930 = ORIENTED_EDGE ( 'NONE', *, *, #2909, .F. ) ;
#1931 = AXIS2_PLACEMENT_3D ( 'NONE', #2039, #1322, #777 ) ;
#1932 = VECTOR ( 'NONE', #2347, 39.37007874015748143 ) ;
#1933 = EDGE_LOOP ( 'NONE', ( #3140, #338, #13, #601 ) ) ;
#1934 = LINE ( 'NONE', #2400, #2049 ) ;
#1935 = LINE ( 'NONE', #1401, #1814 ) ;
#1936 = CARTESIAN_POINT ( 'NONE',  ( -1.409999999999999920, 0.000000000000000000, -1.009289321881344570 ) ) ;
#1937 = DIRECTION ( 'NONE',  ( -0.2810846377148228381, 0.6785983445458469987, -0.6785983445458459995 ) ) ;
#1938 = ORIENTED_EDGE ( 'NONE', *, *, #2832, .T. ) ;
#1939 = CARTESIAN_POINT ( 'NONE',  ( 1.789267001018795655, 0.2500000000000000000, 0.6800000000000001599 ) ) ;
#1940 = EDGE_CURVE ( 'NONE', #98, #290, #2011, .T. ) ;
#1941 = DIRECTION ( 'NONE',  ( 0.000000000000000000, 0.000000000000000000, 1.000000000000000000 ) ) ;
#1942 = CARTESIAN_POINT ( 'NONE',  ( -1.409999999999999920, 0.000000000000000000, 0.000000000000000000 ) ) ;
#1943 = EDGE_CURVE ( 'NONE', #847, #22, #1226, .T. ) ;
#1944 = CARTESIAN_POINT ( 'NONE',  ( -1.459999999999999964, 0.2500000000000000000, 0.6300000000000001155 ) ) ;
#1945 = VERTEX_POINT ( 'NONE', #2274 ) ;
#1946 = ORIENTED_EDGE ( 'NONE', *, *, #2159, .F. ) ;
#1947 = CARTESIAN_POINT ( 'NONE',  ( 1.100000000000000089, 1.250000000000000000, -0.1700000000000000677 ) ) ;
#1948 = EDGE_LOOP ( 'NONE', ( #1982, #2207, #443, #1590, #1365, #798, #1883, #129 ) ) ;
#1949 = VECTOR ( 'NONE', #2687, 39.37007874015748143 ) ;
#1950 = VECTOR ( 'NONE', #1373, 39.37007874015748143 ) ;
#1951 = ORIENTED_EDGE ( 'NONE', *, *, #51, .T. ) ;
#1952 = DIRECTION ( 'NONE',  ( -1.000000000000000000, 0.000000000000000000, 0.000000000000000000 ) ) ;
#1953 = VECTOR ( 'NONE', #1326, 39.37007874015748143 ) ;
#1954 = PLANE ( 'NONE',  #2083 ) ;
#1955 = CARTESIAN_POINT ( 'NONE',  ( 0.000000000000000000, 1.250000000000000000, -0.3699999999999999956 ) ) ;
#1956 = ORIENTED_EDGE ( 'NONE', *, *, #549, .F. ) ;
#1957 = DIRECTION ( 'NONE',  ( 0.000000000000000000, 0.000000000000000000, -1.000000000000000000 ) ) ;
#1958 = CARTESIAN_POINT ( 'NONE',  ( -1.100000000000000089, 0.5649500633660266002, -0.2708630101691625880 ) ) ;
#1959 = EDGE_CURVE ( 'NONE', #2128, #261, #2548, .T. ) ;
#1960 = CARTESIAN_POINT ( 'NONE',  ( 0.000000000000000000, 0.2500000000000000000, -0.4699999999999996403 ) ) ;
#1961 = VECTOR ( 'NONE', #2770, 39.37007874015748143 ) ;
#1962 = ORIENTED_EDGE ( 'NONE', *, *, #329, .F. ) ;
#1963 = EDGE_CURVE ( 'NONE', #263, #2013, #275, .T. ) ;
#1964 = VECTOR ( 'NONE', #247, 39.37007874015748143 ) ;
#1965 = CARTESIAN_POINT ( 'NONE',  ( 0.000000000000000000, 1.250000000000000000, -0.4700000000000000289 ) ) ;
#1966 = ORIENTED_EDGE ( 'NONE', *, *, #2759, .T. ) ;
#1967 = ORIENTED_EDGE ( 'NONE', *, *, #827, .T. ) ;
#1968 = DIRECTION ( 'NONE',  ( -0.000000000000000000, -1.000000000000000000, -0.000000000000000000 ) ) ;
#1969 = DIRECTION ( 'NONE',  ( 1.092739197465705287E-15, 0.000000000000000000, -1.000000000000000000 ) ) ;
#1970 = VECTOR ( 'NONE', #466, 39.37007874015748143 ) ;
#1971 = DIRECTION ( 'NONE',  ( -0.000000000000000000, 1.000000000000000000, -0.000000000000000000 ) ) ;
#1972 = VERTEX_POINT ( 'NONE', #1264 ) ;
#1973 = DIRECTION ( 'NONE',  ( -1.000000000000000000, 0.000000000000000000, 2.731847993664263711E-16 ) ) ;
#1974 = VECTOR ( 'NONE', #219, 39.37007874015748143 ) ;
#1975 = CYLINDRICAL_SURFACE ( 'NONE', #3044, 0.05000000000000000971 ) ;
#1976 = CARTESIAN_POINT ( 'NONE',  ( -1.495355339059327493, 0.2500000000000000000, 1.044644660940672543 ) ) ;
#1977 = DIRECTION ( 'NONE',  ( 0.000000000000000000, -1.000000000000000000, 0.000000000000000000 ) ) ;
#1978 = EDGE_CURVE ( 'NONE', #3027, #2845, #2356, .T. ) ;
#1979 = ORIENTED_EDGE ( 'NONE', *, *, #3250, .T. ) ;
#1980 = VECTOR ( 'NONE', #1885, 39.37007874015748143 ) ;
#1981 = CARTESIAN_POINT ( 'NONE',  ( 1.459999999999999964, 0.000000000000000000, -0.4199999999999998734 ) ) ;
#1982 = ORIENTED_EDGE ( 'NONE', *, *, #3144, .F. ) ;
#1983 = EDGE_CURVE ( 'NONE', #1324, #2368, #1997, .T. ) ;
#1984 = ORIENTED_EDGE ( 'NONE', *, *, #51, .F. ) ;
#1985 = EDGE_CURVE ( 'NONE', #1856, #676, #1331, .T. ) ;
#1986 = LINE ( 'NONE', #461, #414 ) ;
#1987 = ORIENTED_EDGE ( 'NONE', *, *, #982, .F. ) ;
#1988 = CARTESIAN_POINT ( 'NONE',  ( 1.459999999999999964, 0.000000000000000000, -0.6800000000000001599 ) ) ;
#1989 = VECTOR ( 'NONE', #2363, 39.37007874015748143 ) ;
#1990 = CIRCLE ( 'NONE', #281, 0.05000000000000000971 ) ;
#1991 = FACE_BOUND ( 'NONE', #2843, .T. ) ;
#1992 = CARTESIAN_POINT ( 'NONE',  ( 1.100000000000000089, 1.250000000000000000, -0.4700000000000000289 ) ) ;
#1993 = CYLINDRICAL_SURFACE ( 'NONE', #1196, 0.05000000000000000971 ) ;
#1994 = ORIENTED_EDGE ( 'NONE', *, *, #348, .T. ) ;
#1995 = DIRECTION ( 'NONE',  ( -1.000000000000000000, 0.000000000000000000, 9.106159978880878627E-17 ) ) ;
#1996 = EDGE_LOOP ( 'NONE', ( #88, #47, #2251, #2628, #2554, #3199, #1776, #3204 ) ) ;
#1997 = LINE ( 'NONE', #2239, #2578 ) ;
#1998 = ORIENTED_EDGE ( 'NONE', *, *, #3314, .F. ) ;
#1999 = EDGE_CURVE ( 'NONE', #568, #184, #2255, .T. ) ;
#2000 = ORIENTED_EDGE ( 'NONE', *, *, #2063, .T. ) ;
#2001 = ORIENTED_EDGE ( 'NONE', *, *, #1250, .F. ) ;
#2002 = DIRECTION ( 'NONE',  ( -0.7071067811865464625, 0.000000000000000000, -0.7071067811865484609 ) ) ;
#2003 = EDGE_CURVE ( 'NONE', #467, #1398, #2309, .T. ) ;
#2004 = ORIENTED_EDGE ( 'NONE', *, *, #1409, .F. ) ;
#2005 = DIRECTION ( 'NONE',  ( 1.000000000000000000, 0.000000000000000000, -1.092739197465705287E-16 ) ) ;
#2006 = CARTESIAN_POINT ( 'NONE',  ( -1.409999999999999920, 0.2500000000000000000, -0.6799999999999996048 ) ) ;
#2007 = ORIENTED_EDGE ( 'NONE', *, *, #1749, .T. ) ;
#2008 = CARTESIAN_POINT ( 'NONE',  ( 1.100000000000000089, 1.250000000000000000, 0.1700000000000000677 ) ) ;
#2009 = ORIENTED_EDGE ( 'NONE', *, *, #2611, .F. ) ;
#2010 = VECTOR ( 'NONE', #3257, 39.37007874015748143 ) ;
#2011 = LINE ( 'NONE', #240, #1277 ) ;
#2012 = AXIS2_PLACEMENT_3D ( 'NONE', #1051, #2313, #1284 ) ;
#2013 = VERTEX_POINT ( 'NONE', #2772 ) ;
#2014 = AXIS2_PLACEMENT_3D ( 'NONE', #2140, #137, #1928 ) ;
#2015 = VERTEX_POINT ( 'NONE', #40 ) ;
#2016 = DIRECTION ( 'NONE',  ( -0.000000000000000000, 1.000000000000000000, -0.000000000000000000 ) ) ;
#2017 = EDGE_CURVE ( 'NONE', #409, #1972, #130, .T. ) ;
#2018 = ORIENTED_EDGE ( 'NONE', *, *, #1317, .T. ) ;
#2019 = DIRECTION ( 'NONE',  ( 0.000000000000000000, 0.000000000000000000, -1.000000000000000000 ) ) ;
#2020 = AXIS2_PLACEMENT_3D ( 'NONE', #1137, #3251, #1941 ) ;
#2021 = EDGE_CURVE ( 'NONE', #2745, #1087, #1596, .T. ) ;
#2022 = CARTESIAN_POINT ( 'NONE',  ( -1.350000000000000533, 0.2500000000000000000, 0.07000000000000000666 ) ) ;
#2023 = DIRECTION ( 'NONE',  ( 0.000000000000000000, 0.000000000000000000, -1.000000000000000000 ) ) ;
#2024 = ORIENTED_EDGE ( 'NONE', *, *, #1126, .F. ) ;
#2025 = CARTESIAN_POINT ( 'NONE',  ( 1.459869250954516806, 0.000000000000000000, 0.6800000000000001599 ) ) ;
#2026 = CYLINDRICAL_SURFACE ( 'NONE', #1307, 0.05000000000000000971 ) ;
#2027 = CARTESIAN_POINT ( 'NONE',  ( -1.100000000000000089, 1.250000000000000000, -0.4700000000000000289 ) ) ;
#2028 = CARTESIAN_POINT ( 'NONE',  ( 1.199999999999999956, 0.000000000000000000, -1.130000000000000115 ) ) ;
#2029 = ORIENTED_EDGE ( 'NONE', *, *, #1272, .F. ) ;
#2030 = ORIENTED_EDGE ( 'NONE', *, *, #2365, .T. ) ;
#2031 = DIRECTION ( 'NONE',  ( -0.000000000000000000, 1.000000000000000000, -0.000000000000000000 ) ) ;
#2032 = DIRECTION ( 'NONE',  ( 0.000000000000000000, -1.000000000000000000, 0.000000000000000000 ) ) ;
#2033 = EDGE_LOOP ( 'NONE', ( #1321, #3039, #3242, #2974, #2149, #83 ) ) ;
#2034 = LINE ( 'NONE', #3298, #573 ) ;
#2035 = AXIS2_PLACEMENT_3D ( 'NONE', #797, #3053, #2783 ) ;
#2036 = VECTOR ( 'NONE', #55, 39.37007874015748143 ) ;
#2037 = AXIS2_PLACEMENT_3D ( 'NONE', #848, #2408, #882 ) ;
#2038 = EDGE_CURVE ( 'NONE', #2845, #862, #1737, .T. ) ;
#2039 = CARTESIAN_POINT ( 'NONE',  ( -2.107106781186544708, 0.2500000000000000000, 0.000000000000000000 ) ) ;
#2040 = CARTESIAN_POINT ( 'NONE',  ( -1.100000000000000089, 1.250000000000000000, 0.4700000000000000289 ) ) ;
#2041 = ORIENTED_EDGE ( 'NONE', *, *, #2038, .T. ) ;
#2042 = DIRECTION ( 'NONE',  ( 0.000000000000000000, 0.000000000000000000, 1.000000000000000000 ) ) ;
#2043 = DIRECTION ( 'NONE',  ( -0.000000000000000000, -1.000000000000000000, -0.000000000000000000 ) ) ;
#2044 = EDGE_CURVE ( 'NONE', #1132, #1243, #2648, .T. ) ;
#2045 = DIRECTION ( 'NONE',  ( 0.000000000000000000, 0.000000000000000000, -1.000000000000000000 ) ) ;
#2046 = LINE ( 'NONE', #118, #3201 ) ;
#2047 = VECTOR ( 'NONE', #851, 39.37007874015748143 ) ;
#2048 = VERTEX_POINT ( 'NONE', #490 ) ;
#2049 = VECTOR ( 'NONE', #2723, 39.37007874015748143 ) ;
#2050 = ORIENTED_EDGE ( 'NONE', *, *, #2285, .F. ) ;
#2051 = CARTESIAN_POINT ( 'NONE',  ( -1.910000000000000142, 0.2500000000000000000, -0.4199999999999995959 ) ) ;
#2052 = ORIENTED_EDGE ( 'NONE', *, *, #2098, .F. ) ;
#2053 = DIRECTION ( 'NONE',  ( 1.092739197465705287E-15, 0.000000000000000000, -1.000000000000000000 ) ) ;
#2054 = DIRECTION ( 'NONE',  ( 0.000000000000000000, 1.000000000000000000, -0.000000000000000000 ) ) ;
#2055 = DIRECTION ( 'NONE',  ( -0.000000000000000000, -1.000000000000000000, 0.000000000000000000 ) ) ;
#2056 = ORIENTED_EDGE ( 'NONE', *, *, #788, .T. ) ;
#2057 = EDGE_CURVE ( 'NONE', #2278, #2234, #1754, .T. ) ;
#2058 = CARTESIAN_POINT ( 'NONE',  ( -1.824644660940672347, 0.000000000000000000, 0.7153553390593275774 ) ) ;
#2059 = CARTESIAN_POINT ( 'NONE',  ( -1.200000000000000622, 0.2500000000000000000, -0.6800000000000001599 ) ) ;
#2060 = CARTESIAN_POINT ( 'NONE',  ( 1.100000000000000089, 1.250000000000000000, 0.4700000000000000289 ) ) ;
#2061 = CARTESIAN_POINT ( 'NONE',  ( 1.199999999999999956, 0.000000000000000000, 0.6800000000000001599 ) ) ;
#2062 = DIRECTION ( 'NONE',  ( 0.000000000000000000, 0.000000000000000000, -1.000000000000000000 ) ) ;
#2063 = EDGE_CURVE ( 'NONE', #3062, #568, #1771, .T. ) ;
#2064 = ORIENTED_EDGE ( 'NONE', *, *, #1330, .T. ) ;
#2065 = ORIENTED_EDGE ( 'NONE', *, *, #592, .F. ) ;
#2066 = CARTESIAN_POINT ( 'NONE',  ( -1.459999999999999964, 0.000000000000000000, 0.4200000000000004285 ) ) ;
#2067 = CIRCLE ( 'NONE', #3150, 0.05000000000000000971 ) ;
#2068 = DIRECTION ( 'NONE',  ( -0.000000000000000000, 1.000000000000000000, -0.000000000000000000 ) ) ;
#2069 = ORIENTED_EDGE ( 'NONE', *, *, #391, .F. ) ;
#2070 = AXIS2_PLACEMENT_3D ( 'NONE', #1939, #2472, #2691 ) ;
#2071 = DIRECTION ( 'NONE',  ( 0.000000000000000000, 0.000000000000000000, 1.000000000000000000 ) ) ;
#2072 = DIRECTION ( 'NONE',  ( -5.463695987328525648E-15, 0.000000000000000000, -1.000000000000000000 ) ) ;
#2073 = VERTEX_POINT ( 'NONE', #1517 ) ;
#2074 = FACE_OUTER_BOUND ( 'NONE', #3311, .T. ) ;
#2075 = CARTESIAN_POINT ( 'NONE',  ( -1.100000000000000089, 0.5074944515780265286, 0.2708630101691625880 ) ) ;
#2076 = LINE ( 'NONE', #1316, #457 ) ;
#2077 = ORIENTED_EDGE ( 'NONE', *, *, #2654, .T. ) ;
#2078 = CARTESIAN_POINT ( 'NONE',  ( 1.409999999999999920, 0.000000000000000000, 0.000000000000000000 ) ) ;
#2079 = ORIENTED_EDGE ( 'NONE', *, *, #2763, .F. ) ;
#2080 = ORIENTED_EDGE ( 'NONE', *, *, #2848, .F. ) ;
#2081 = ADVANCED_FACE ( 'NONE', ( #1406 ), #147, .F. ) ;
#2082 = CARTESIAN_POINT ( 'NONE',  ( 1.459999999999999964, 0.000000000000000000, 0.4199999999999999845 ) ) ;
#2083 = AXIS2_PLACEMENT_3D ( 'NONE', #1691, #432, #1437 ) ;
#2084 = EDGE_CURVE ( 'NONE', #2572, #542, #2547, .T. ) ;
#2085 = DIRECTION ( 'NONE',  ( 1.365923996832131363E-16, 0.000000000000000000, -1.000000000000000000 ) ) ;
#2086 = VERTEX_POINT ( 'NONE', #2440 ) ;
#2087 = PLANE ( 'NONE',  #1155 ) ;
#2088 = COLOUR_RGB ( '',0.7921568627450980005, 0.8196078431372548767, 0.9333333333333333481 ) ;
#2089 = VERTEX_POINT ( 'NONE', #2951 ) ;
#2090 = DIRECTION ( 'NONE',  ( 0.000000000000000000, 1.000000000000000000, 0.000000000000000000 ) ) ;
#2091 = VECTOR ( 'NONE', #1094, 39.37007874015748143 ) ;
#2092 = CARTESIAN_POINT ( 'NONE',  ( 1.100000000000000089, 0.2500000000000000000, 0.4700000000000000289 ) ) ;
#2093 = DIRECTION ( 'NONE',  ( -2.731847993664263711E-16, 0.000000000000000000, -1.000000000000000000 ) ) ;
#2094 = CARTESIAN_POINT ( 'NONE',  ( -1.100000000000000089, 0.2500000000000000000, -0.4700000000000000289 ) ) ;
#2095 = ORIENTED_EDGE ( 'NONE', *, *, #3144, .T. ) ;
#2096 = ORIENTED_EDGE ( 'NONE', *, *, #2867, .T. ) ;
#2097 = CARTESIAN_POINT ( 'NONE',  ( 1.789267001018795655, 0.2500000000000000000, 0.6300000000000001155 ) ) ;
#2098 = EDGE_CURVE ( 'NONE', #2755, #619, #166, .T. ) ;
#2099 = EDGE_LOOP ( 'NONE', ( #3276, #1725, #2571, #3214, #2024 ) ) ;
#2100 = EDGE_CURVE ( 'NONE', #199, #2368, #3160, .T. ) ;
#2101 = DIRECTION ( 'NONE',  ( 0.000000000000000000, 0.000000000000000000, -1.000000000000000000 ) ) ;
#2102 = ORIENTED_EDGE ( 'NONE', *, *, #3075, .T. ) ;
#2103 = AXIS2_PLACEMENT_3D ( 'NONE', #2953, #100, #1140 ) ;
#2104 = PLANE ( 'NONE',  #241 ) ;
#2105 = CARTESIAN_POINT ( 'NONE',  ( 1.459999999999999964, 0.000000000000000000, -1.059289321881345058 ) ) ;
#2106 = EDGE_LOOP ( 'NONE', ( #2079, #1994, #579, #2690 ) ) ;
#2107 = LINE ( 'NONE', #1911, #3154 ) ;
#2108 = ORIENTED_EDGE ( 'NONE', *, *, #2526, .T. ) ;
#2109 = FACE_OUTER_BOUND ( 'NONE', #500, .T. ) ;
#2110 = ADVANCED_FACE ( 'NONE', ( #3178 ), #1906, .T. ) ;
#2111 = EDGE_LOOP ( 'NONE', ( #3264, #2471, #72, #2896, #908, #1449, #2940, #1127 ) ) ;
#2112 = VECTOR ( 'NONE', #1583, 39.37007874015748143 ) ;
#2113 = EDGE_CURVE ( 'NONE', #719, #1398, #636, .T. ) ;
#2114 = CARTESIAN_POINT ( 'NONE',  ( 1.495219967639254355, 0.000000000000000000, 1.044671596529875179 ) ) ;
#2115 = ORIENTED_EDGE ( 'NONE', *, *, #244, .T. ) ;
#2116 = DIRECTION ( 'NONE',  ( 0.000000000000000000, 0.000000000000000000, -1.000000000000000000 ) ) ;
#2117 = ADVANCED_FACE ( 'NONE', ( #2693 ), #913, .F. ) ;
#2118 = VECTOR ( 'NONE', #1507, 39.37007874015748143 ) ;
#2119 = FACE_OUTER_BOUND ( 'NONE', #1047, .T. ) ;
#2120 = DIRECTION ( 'NONE',  ( 1.000000000000000000, -0.000000000000000000, 0.000000000000000000 ) ) ;
#2121 = VERTEX_POINT ( 'NONE', #2712 ) ;
#2122 = CARTESIAN_POINT ( 'NONE',  ( -1.789289321881344819, 0.000000000000000000, 0.6300000000000001155 ) ) ;
#2123 = AXIS2_PLACEMENT_3D ( 'NONE', #2791, #2741, #2808 ) ;
#2124 = ORIENTED_EDGE ( 'NONE', *, *, #193, .F. ) ;
#2125 = DIRECTION ( 'NONE',  ( -1.000000000000000000, 0.000000000000000000, 0.000000000000000000 ) ) ;
#2126 = B_SPLINE_SURFACE_WITH_KNOTS ( 'NONE', 3, 1, ( 
 ( #3252, #684 ),
 ( #1427, #926 ),
 ( #2458, #1958 ),
 ( #39, #2094 ) ),
 .UNSPECIFIED., .F., .F., .F.,
 ( 4, 4 ),
 ( 2, 2 ),
 ( 0.000000000000000000, 1.000000000000000000 ),
 ( 0.000000000000000000, 1.000000000000000000 ),
 .UNSPECIFIED. ) ;
#2127 = CARTESIAN_POINT ( 'NONE',  ( -1.269999999999999796, 0.000000000000000000, 1.270000000000000018 ) ) ;
#2128 = VERTEX_POINT ( 'NONE', #2202 ) ;
#2129 = DIRECTION ( 'NONE',  ( 0.000000000000000000, 0.000000000000000000, -1.000000000000000000 ) ) ;
#2130 = DIRECTION ( 'NONE',  ( 1.000000000000000000, -0.000000000000000000, 0.000000000000000000 ) ) ;
#2131 = VERTEX_POINT ( 'NONE', #2988 ) ;
#2132 = CARTESIAN_POINT ( 'NONE',  ( 1.349999999999999423, 0.3500000000000000333, 0.000000000000000000 ) ) ;
#2133 = DIRECTION ( 'NONE',  ( 0.000000000000000000, 0.000000000000000000, 1.000000000000000000 ) ) ;
#2134 = EDGE_LOOP ( 'NONE', ( #1100, #1774, #111, #690 ) ) ;
#2135 = DIRECTION ( 'NONE',  ( 0.000000000000000000, -0.000000000000000000, -1.000000000000000000 ) ) ;
#2136 = ADVANCED_FACE ( 'NONE', ( #422 ), #2126, .T. ) ;
#2137 = AXIS2_PLACEMENT_3D ( 'NONE', #3128, #812, #998 ) ;
#2138 = CARTESIAN_POINT ( 'NONE',  ( 1.199999999999999956, 0.2500000000000000000, 1.130000000000000115 ) ) ;
#2139 = AXIS2_PLACEMENT_3D ( 'NONE', #2573, #1609, #595 ) ;
#2140 = CARTESIAN_POINT ( 'NONE',  ( -1.100000000000000089, 1.150000000000000133, -0.3699999999999999956 ) ) ;
#2141 = EDGE_CURVE ( 'NONE', #2128, #3031, #3134, .T. ) ;
#2142 = FACE_OUTER_BOUND ( 'NONE', #3088, .T. ) ;
#2143 = ORIENTED_EDGE ( 'NONE', *, *, #1704, .T. ) ;
#2144 = DIRECTION ( 'NONE',  ( -0.000000000000000000, 0.000000000000000000, -1.000000000000000000 ) ) ;
#2145 = EDGE_LOOP ( 'NONE', ( #2886, #2504, #1890, #1900 ) ) ;
#2146 = CARTESIAN_POINT ( 'NONE',  ( 2.207106781186546129, 0.1499999999999988842, -0.7500000000000003331 ) ) ;
#2147 = DIRECTION ( 'NONE',  ( -0.000000000000000000, 1.000000000000000000, -0.000000000000000000 ) ) ;
#2148 = LINE ( 'NONE', #664, #1113 ) ;
#2149 = ORIENTED_EDGE ( 'NONE', *, *, #2747, .T. ) ;
#2150 = CARTESIAN_POINT ( 'NONE',  ( 0.000000000000000000, 1.250000000000000000, -0.4700000000000000289 ) ) ;
#2151 = ORIENTED_EDGE ( 'NONE', *, *, #811, .T. ) ;
#2152 = PLANE ( 'NONE',  #2037 ) ;
#2153 = CYLINDRICAL_SURFACE ( 'NONE', #2103, 0.05000000000000000971 ) ;
#2154 = ADVANCED_FACE ( 'NONE', ( #86 ), #2308, .F. ) ;
#2155 = ORIENTED_EDGE ( 'NONE', *, *, #1584, .T. ) ;
#2156 = DIRECTION ( 'NONE',  ( 0.000000000000000000, 0.000000000000000000, -1.000000000000000000 ) ) ;
#2157 = LINE ( 'NONE', #1947, #1524 ) ;
#2158 = ORIENTED_EDGE ( 'NONE', *, *, #1516, .T. ) ;
#2159 = EDGE_CURVE ( 'NONE', #3016, #2500, #3256, .T. ) ;
#2160 = ADVANCED_FACE ( 'NONE', ( #1045 ), #1027, .F. ) ;
#2161 = VECTOR ( 'NONE', #1500, 39.37007874015748854 ) ;
#2162 = DIRECTION ( 'NONE',  ( 0.000000000000000000, 1.000000000000000000, 0.000000000000000000 ) ) ;
#2163 = VERTEX_POINT ( 'NONE', #3096 ) ;
#2164 = CARTESIAN_POINT ( 'NONE',  ( 0.000000000000000000, 0.2500000000000000000, -0.07000000000000000666 ) ) ;
#2165 = ORIENTED_EDGE ( 'NONE', *, *, #2786, .F. ) ;
#2166 = DIRECTION ( 'NONE',  ( 0.000000000000000000, -1.000000000000000000, 0.000000000000000000 ) ) ;
#2167 = CARTESIAN_POINT ( 'NONE',  ( -1.250000000000000000, 0.2500000000000000000, 0.6800000000000001599 ) ) ;
#2168 = AXIS2_PLACEMENT_3D ( 'NONE', #2536, #2068, #1526 ) ;
#2169 = VECTOR ( 'NONE', #1209, 39.37007874015748143 ) ;
#2170 = CARTESIAN_POINT ( 'NONE',  ( 4.043135030623110895E-17, 1.250000000000000000, 0.3700000000000001621 ) ) ;
#2171 = CARTESIAN_POINT ( 'NONE',  ( -2.207106781186546129, 0.000000000000000000, 0.7500000000000004441 ) ) ;
#2172 = LINE ( 'NONE', #2681, #1772 ) ;
#2173 = VERTEX_POINT ( 'NONE', #3078 ) ;
#2174 = ORIENTED_EDGE ( 'NONE', *, *, #1921, .T. ) ;
#2175 = CARTESIAN_POINT ( 'NONE',  ( -1.789289321881344819, 0.000000000000000000, 0.6300000000000001155 ) ) ;
#2176 = PLANE ( 'NONE',  #1850 ) ;
#2177 = CIRCLE ( 'NONE', #1421, 0.05000000000000000971 ) ;
#2178 = ORIENTED_EDGE ( 'NONE', *, *, #3074, .F. ) ;
#2179 = ADVANCED_FACE ( 'NONE', ( #783 ), #558, .F. ) ;
#2180 = ORIENTED_EDGE ( 'NONE', *, *, #2240, .T. ) ;
#2181 = CYLINDRICAL_SURFACE ( 'NONE', #943, 0.05000000000000000971 ) ;
#2182 = CARTESIAN_POINT ( 'NONE',  ( 1.199999999999999289, 0.2500000000000000000, -0.6800000000000001599 ) ) ;
#2183 = EDGE_LOOP ( 'NONE', ( #296, #2769, #3279, #512 ) ) ;
#2184 = EDGE_CURVE ( 'NONE', #132, #1115, #2537, .T. ) ;
#2185 = FACE_BOUND ( 'NONE', #2861, .T. ) ;
#2186 = LINE ( 'NONE', #2889, #1368 ) ;
#2187 = DIRECTION ( 'NONE',  ( 0.000000000000000000, 0.000000000000000000, -1.000000000000000000 ) ) ;
#2188 = EDGE_LOOP ( 'NONE', ( #1740, #745, #67, #386 ) ) ;
#2189 = DIRECTION ( 'NONE',  ( 0.000000000000000000, 0.000000000000000000, -1.000000000000000000 ) ) ;
#2190 = ORIENTED_EDGE ( 'NONE', *, *, #307, .T. ) ;
#2191 = AXIS2_PLACEMENT_3D ( 'NONE', #1017, #1459, #2231 ) ;
#2192 = MECHANICAL_DESIGN_GEOMETRIC_PRESENTATION_REPRESENTATION (  '', ( #1219 ), #331 ) ;
#2193 = ORIENTED_EDGE ( 'NONE', *, *, #3274, .F. ) ;
#2194 = CARTESIAN_POINT ( 'NONE',  ( -1.250000000000000666, 1.250000000000000000, -0.07000000000000000666 ) ) ;
#2195 = FACE_OUTER_BOUND ( 'NONE', #1352, .T. ) ;
#2196 = ADVANCED_FACE ( 'NONE', ( #2873 ), #1805, .F. ) ;
#2197 = ORIENTED_EDGE ( 'NONE', *, *, #2675, .F. ) ;
#2198 = LINE ( 'NONE', #2456, #2496 ) ;
#2199 = PLANE ( 'NONE',  #1587 ) ;
#2200 = ADVANCED_FACE ( 'NONE', ( #312 ), #1572, .T. ) ;
#2201 = ADVANCED_FACE ( 'NONE', ( #2823 ), #2601, .F. ) ;
#2202 = CARTESIAN_POINT ( 'NONE',  ( -1.409999999999999920, 0.2500000000000000000, -0.4199999999999995959 ) ) ;
#2203 = AXIS2_PLACEMENT_3D ( 'NONE', #32, #1236, #2817 ) ;
#2204 = PLANE ( 'NONE',  #2230 ) ;
#2205 = ORIENTED_EDGE ( 'NONE', *, *, #1768, .T. ) ;
#2206 = DIRECTION ( 'NONE',  ( -0.000000000000000000, -1.000000000000000000, -0.000000000000000000 ) ) ;
#2207 = ORIENTED_EDGE ( 'NONE', *, *, #2806, .T. ) ;
#2208 = ORIENTED_EDGE ( 'NONE', *, *, #1837, .F. ) ;
#2209 = CARTESIAN_POINT ( 'NONE',  ( -1.350000000000000533, 0.3500000000000000333, -0.07000000000000000666 ) ) ;
#2210 = AXIS2_PLACEMENT_3D ( 'NONE', #2388, #864, #3198 ) ;
#2211 = CARTESIAN_POINT ( 'NONE',  ( 1.199999999999999289, 0.000000000000000000, -0.6800000000000001599 ) ) ;
#2212 = CARTESIAN_POINT ( 'NONE',  ( -1.199999999999999956, 0.000000000000000000, 0.6800000000000001599 ) ) ;
#2213 = DIRECTION ( 'NONE',  ( -0.7071067811865475727, 0.000000000000000000, -0.7071067811865474617 ) ) ;
#2214 = ORIENTED_EDGE ( 'NONE', *, *, #2113, .F. ) ;
#2215 = DIRECTION ( 'NONE',  ( 0.000000000000000000, 0.000000000000000000, -1.000000000000000000 ) ) ;
#2216 = EDGE_CURVE ( 'NONE', #3001, #246, #2076, .T. ) ;
#2217 = DIRECTION ( 'NONE',  ( 0.000000000000000000, 0.000000000000000000, -1.000000000000000000 ) ) ;
#2218 = ADVANCED_FACE ( 'NONE', ( #1076 ), #2104, .F. ) ;
#2219 = VECTOR ( 'NONE', #1450, 39.37007874015748143 ) ;
#2220 = ORIENTED_EDGE ( 'NONE', *, *, #672, .T. ) ;
#2221 = LINE ( 'NONE', #2008, #2273 ) ;
#2222 = ADVANCED_FACE ( 'NONE', ( #1061 ), #325, .T. ) ;
#2223 = AXIS2_PLACEMENT_3D ( 'NONE', #570, #236, #799 ) ;
#2224 = ORIENTED_EDGE ( 'NONE', *, *, #1591, .T. ) ;
#2225 = ORIENTED_EDGE ( 'NONE', *, *, #3000, .F. ) ;
#2226 = ORIENTED_EDGE ( 'NONE', *, *, #29, .F. ) ;
#2227 = DIRECTION ( 'NONE',  ( 0.000000000000000000, 0.000000000000000000, -1.000000000000000000 ) ) ;
#2228 = LINE ( 'NONE', #1955, #1475 ) ;
#2229 = ORIENTED_EDGE ( 'NONE', *, *, #288, .T. ) ;
#2230 = AXIS2_PLACEMENT_3D ( 'NONE', #2459, #930, #2991 ) ;
#2231 = DIRECTION ( 'NONE',  ( 0.000000000000000000, 0.000000000000000000, -1.000000000000000000 ) ) ;
#2232 = DIRECTION ( 'NONE',  ( -0.5000000000000003331, -0.7071067811865480168, -0.4999999999999990008 ) ) ;
#2233 = DIRECTION ( 'NONE',  ( 0.7071067811865465735, -0.000000000000000000, -0.7071067811865483499 ) ) ;
#2234 = VERTEX_POINT ( 'NONE', #3147 ) ;
#2235 = ADVANCED_FACE ( 'NONE', ( #1298 ), #1262, .F. ) ;
#2236 = VECTOR ( 'NONE', #1817, 39.37007874015748143 ) ;
#2237 = DIRECTION ( 'NONE',  ( -0.000000000000000000, 1.000000000000000000, -0.000000000000000000 ) ) ;
#2238 = ORIENTED_EDGE ( 'NONE', *, *, #1349, .F. ) ;
#2239 = CARTESIAN_POINT ( 'NONE',  ( -1.250000000000000222, 0.2500000000000000000, -1.080000000000000071 ) ) ;
#2240 = EDGE_CURVE ( 'NONE', #2131, #1158, #551, .T. ) ;
#2241 = ORIENTED_EDGE ( 'NONE', *, *, #1901, .T. ) ;
#2242 = CARTESIAN_POINT ( 'NONE',  ( -1.499999999999999778, 0.000000000000000000, 1.457106781186548794 ) ) ;
#2243 = EDGE_LOOP ( 'NONE', ( #1268, #1956, #810, #2304 ) ) ;
#2244 = DIRECTION ( 'NONE',  ( 0.000000000000000000, 0.000000000000000000, 1.000000000000000000 ) ) ;
#2245 = CARTESIAN_POINT ( 'NONE',  ( 1.250000000000000000, 0.000000000000000000, 1.080000000000000071 ) ) ;
#2246 = ORIENTED_EDGE ( 'NONE', *, *, #3185, .F. ) ;
#2247 = LINE ( 'NONE', #513, #251 ) ;
#2248 = CIRCLE ( 'NONE', #1220, 0.05000000000000000971 ) ;
#2249 = CLOSED_SHELL ( 'NONE', ( #2196, #1270, #2574, #1731, #3034, #1046, #3033, #387, #2934, #112, #2218, #1853, #268, #1859, #2506, #999, #2200, #933, #2110, #962, #3208, #2222, #2366, #1787, #3052, #430, #3068, #1721, #1832, #2117, #3097, #189, #1746, #1151, #57, #528, #873, #2201, #2967, #1521, #654, #210, #1767, #465, #2081, #2491, #444, #2720, #2639, #3157, #2154, #1106, #2764, #1773, #889, #2136, #2258, #3288, #326, #37, #791, #2387, #1069, #2599, #1562, #4, #1208, #2635, #3273, #633, #948, #411, #849, #2448, #2950, #1333, #2694, #347, #3122, #742, #1461, #2296, #2582, #2660, #1121, #173, #2235, #1353, #2467, #1565, #2179, #2346, #3295, #95, #3049, #2343, #1176, #2160, #1050, #1049, #2382, #966 ) ) ;
#2250 = LINE ( 'NONE', #482, #3011 ) ;
#2251 = ORIENTED_EDGE ( 'NONE', *, *, #1622, .T. ) ;
#2252 = FACE_OUTER_BOUND ( 'NONE', #358, .T. ) ;
#2253 = ORIENTED_EDGE ( 'NONE', *, *, #428, .T. ) ;
#2254 = EDGE_CURVE ( 'NONE', #2500, #671, #2046, .T. ) ;
#2255 = LINE ( 'NONE', #2028, #3014 ) ;
#2256 = ORIENTED_EDGE ( 'NONE', *, *, #1501, .T. ) ;
#2257 = ORIENTED_EDGE ( 'NONE', *, *, #2780, .T. ) ;
#2258 = ADVANCED_FACE ( 'NONE', ( #1408 ), #2375, .T. ) ;
#2259 = EDGE_CURVE ( 'NONE', #2073, #1212, #169, .T. ) ;
#2260 = DIRECTION ( 'NONE',  ( 0.000000000000000000, 0.000000000000000000, -1.000000000000000000 ) ) ;
#2261 = DIRECTION ( 'NONE',  ( 1.000000000000000000, -0.000000000000000000, 0.000000000000000000 ) ) ;
#2262 = LINE ( 'NONE', #1661, #3156 ) ;
#2263 = ORIENTED_EDGE ( 'NONE', *, *, #2995, .T. ) ;
#2264 = DIRECTION ( 'NONE',  ( 0.000000000000000000, 0.000000000000000000, -1.000000000000000000 ) ) ;
#2265 = DIRECTION ( 'NONE',  ( -0.7071067811865513475, 0.000000000000000000, -0.7071067811865437980 ) ) ;
#2266 = CYLINDRICAL_SURFACE ( 'NONE', #1204, 0.1000000000000000194 ) ;
#2267 = CYLINDRICAL_SURFACE ( 'NONE', #3095, 0.1000000000000000194 ) ;
#2268 = DIRECTION ( 'NONE',  ( -1.000000000000000000, 0.000000000000000000, 1.092739197465705287E-16 ) ) ;
#2269 = VERTEX_POINT ( 'NONE', #356 ) ;
#2270 = FACE_OUTER_BOUND ( 'NONE', #2943, .T. ) ;
#2271 = DIRECTION ( 'NONE',  ( 0.000000000000000000, 0.000000000000000000, -1.000000000000000000 ) ) ;
#2272 = DIRECTION ( 'NONE',  ( 0.000000000000000000, -1.000000000000000000, 0.000000000000000000 ) ) ;
#2273 = VECTOR ( 'NONE', #1259, 39.37007874015748143 ) ;
#2274 = CARTESIAN_POINT ( 'NONE',  ( -1.199999999999999956, 0.2500000000000000000, 1.130000000000000115 ) ) ;
#2275 = CIRCLE ( 'NONE', #1251, 0.05000000000000000971 ) ;
#2276 = ORIENTED_EDGE ( 'NONE', *, *, #2887, .T. ) ;
#2277 = AXIS2_PLACEMENT_3D ( 'NONE', #1766, #556, #1005 ) ;
#2278 = VERTEX_POINT ( 'NONE', #638 ) ;
#2279 = DIRECTION ( 'NONE',  ( 1.092739197465705287E-16, -0.000000000000000000, 1.000000000000000000 ) ) ;
#2280 = VERTEX_POINT ( 'NONE', #1909 ) ;
#2281 = DIRECTION ( 'NONE',  ( 0.000000000000000000, 0.000000000000000000, 1.000000000000000000 ) ) ;
#2282 = EDGE_CURVE ( 'NONE', #1910, #3207, #2631, .T. ) ;
#2283 = AXIS2_PLACEMENT_3D ( 'NONE', #1729, #178, #2217 ) ;
#2284 = CARTESIAN_POINT ( 'NONE',  ( 3.707409437372636563E-16, 0.2500000000000000000, 1.357106781186547373 ) ) ;
#2285 = EDGE_CURVE ( 'NONE', #2089, #1753, #299, .T. ) ;
#2286 = DIRECTION ( 'NONE',  ( -0.000000000000000000, 1.000000000000000000, -0.000000000000000000 ) ) ;
#2287 = VERTEX_POINT ( 'NONE', #2138 ) ;
#2288 = CARTESIAN_POINT ( 'NONE',  ( 1.249999999999999556, 0.3500000000000000888, 0.000000000000000000 ) ) ;
#2289 = CARTESIAN_POINT ( 'NONE',  ( -1.250000000000000000, 0.2500000000000000000, 0.000000000000000000 ) ) ;
#2290 = DIRECTION ( 'NONE',  ( 0.000000000000000000, 0.000000000000000000, 1.000000000000000000 ) ) ;
#2291 = ORIENTED_EDGE ( 'NONE', *, *, #150, .F. ) ;
#2292 = CARTESIAN_POINT ( 'NONE',  ( -1.459999999999999964, 0.000000000000000000, -0.6799999999999996048 ) ) ;
#2293 = EDGE_LOOP ( 'NONE', ( #1755, #87, #2535, #705 ) ) ;
#2294 = DIRECTION ( 'NONE',  ( 0.000000000000000000, 0.000000000000000000, -1.000000000000000000 ) ) ;
#2295 = AXIS2_PLACEMENT_3D ( 'NONE', #205, #1509, #2005 ) ;
#2296 = ADVANCED_FACE ( 'NONE', ( #2410 ), #2153, .F. ) ;
#2297 = VECTOR ( 'NONE', #817, 39.37007874015748143 ) ;
#2298 = CARTESIAN_POINT ( 'NONE',  ( -1.199999999999999956, 0.000000000000000000, 0.6800000000000001599 ) ) ;
#2299 = VECTOR ( 'NONE', #2670, 39.37007874015748143 ) ;
#2300 = VERTEX_POINT ( 'NONE', #1342 ) ;
#2301 = CARTESIAN_POINT ( 'NONE',  ( -1.459999999999999964, 0.2500000000000000000, -1.059289321881344392 ) ) ;
#2302 = EDGE_CURVE ( 'NONE', #900, #2514, #1347, .T. ) ;
#2303 = FACE_OUTER_BOUND ( 'NONE', #2188, .T. ) ;
#2304 = ORIENTED_EDGE ( 'NONE', *, *, #510, .F. ) ;
#2305 = CARTESIAN_POINT ( 'NONE',  ( -2.107106781186544708, 0.2500000000000000000, 0.7085786437626906409 ) ) ;
#2306 = CARTESIAN_POINT ( 'NONE',  ( -1.100000000000000089, 1.250000000000000000, 0.1700000000000000677 ) ) ;
#2307 = CARTESIAN_POINT ( 'NONE',  ( 1.459869250954516806, 0.2500000000000000000, 1.009311635700210319 ) ) ;
#2308 = PLANE ( 'NONE',  #1841 ) ;
#2309 = LINE ( 'NONE', #226, #2682 ) ;
#2310 = VECTOR ( 'NONE', #1799, 39.37007874015748143 ) ;
#2311 = ORIENTED_EDGE ( 'NONE', *, *, #2887, .F. ) ;
#2312 = VERTEX_POINT ( 'NONE', #1944 ) ;
#2313 = DIRECTION ( 'NONE',  ( -0.000000000000000000, 1.000000000000000000, -0.000000000000000000 ) ) ;
#2314 = CARTESIAN_POINT ( 'NONE',  ( -2.107106781186544708, 0.2500000000000000000, 0.000000000000000000 ) ) ;
#2315 = CARTESIAN_POINT ( 'NONE',  ( 1.495355339059327493, 0.2500000000000000000, -1.044644660940672543 ) ) ;
#2316 = ORIENTED_EDGE ( 'NONE', *, *, #2848, .T. ) ;
#2317 = PRODUCT_DEFINITION ( 'UNKNOWN', '', #2734, #1806 ) ;
#2318 = CARTESIAN_POINT ( 'NONE',  ( -1.789289321881344819, 0.000000000000000000, 0.6800000000000001599 ) ) ;
#2319 = AXIS2_PLACEMENT_3D ( 'NONE', #850, #1925, #2187 ) ;
#2320 = CARTESIAN_POINT ( 'NONE',  ( 1.199999999999999289, 0.000000000000000000, -0.6300000000000001155 ) ) ;
#2321 = ORIENTED_EDGE ( 'NONE', *, *, #2328, .F. ) ;
#2322 = DIRECTION ( 'NONE',  ( -1.000000000000000000, 0.000000000000000000, -1.365923996832131363E-16 ) ) ;
#2323 = EDGE_CURVE ( 'NONE', #2602, #3071, #3086, .T. ) ;
#2324 = DIRECTION ( 'NONE',  ( -0.000000000000000000, -1.000000000000000000, -0.000000000000000000 ) ) ;
#2325 = DIRECTION ( 'NONE',  ( 0.000000000000000000, -1.000000000000000000, 0.000000000000000000 ) ) ;
#2326 = VERTEX_POINT ( 'NONE', #868 ) ;
#2327 = DIRECTION ( 'NONE',  ( -0.000000000000000000, -1.000000000000000000, 0.000000000000000000 ) ) ;
#2328 = EDGE_CURVE ( 'NONE', #3071, #2773, #1161, .T. ) ;
#2329 = ORIENTED_EDGE ( 'NONE', *, *, #2721, .F. ) ;
#2330 = VECTOR ( 'NONE', #2261, 39.37007874015748143 ) ;
#2331 = DIRECTION ( 'NONE',  ( 0.000000000000000000, 0.000000000000000000, -1.000000000000000000 ) ) ;
#2332 = VECTOR ( 'NONE', #2206, 39.37007874015748143 ) ;
#2333 = DIRECTION ( 'NONE',  ( 0.000000000000000000, 0.000000000000000000, -1.000000000000000000 ) ) ;
#2334 = DIRECTION ( 'NONE',  ( -1.000000000000000000, 0.000000000000000000, 0.000000000000000000 ) ) ;
#2335 = ORIENTED_EDGE ( 'NONE', *, *, #824, .T. ) ;
#2336 = VECTOR ( 'NONE', #2213, 39.37007874015748143 ) ;
#2337 = DIRECTION ( 'NONE',  ( -1.000000000000000000, 0.000000000000000000, 0.000000000000000000 ) ) ;
#2338 = EDGE_LOOP ( 'NONE', ( #1706, #2775, #2756, #345, #3222 ) ) ;
#2339 = CARTESIAN_POINT ( 'NONE',  ( -1.499999999999999778, 0.2500000000000000000, 1.457106781186548794 ) ) ;
#2340 = LINE ( 'NONE', #69, #1247 ) ;
#2341 = CARTESIAN_POINT ( 'NONE',  ( -1.199999999999999956, 0.2500000000000000000, 1.080000000000000071 ) ) ;
#2342 = DIRECTION ( 'NONE',  ( 1.000000000000000000, 0.000000000000000000, 0.000000000000000000 ) ) ;
#2343 = ADVANCED_FACE ( 'NONE', ( #2119 ), #149, .F. ) ;
#2344 = EDGE_LOOP ( 'NONE', ( #1328, #2224, #2155, #3285 ) ) ;
#2345 = ORIENTED_EDGE ( 'NONE', *, *, #2832, .F. ) ;
#2346 = ADVANCED_FACE ( 'NONE', ( #1379 ), #3202, .F. ) ;
#2347 = DIRECTION ( 'NONE',  ( 0.000000000000000000, 1.000000000000000000, -0.000000000000000000 ) ) ;
#2348 = DIRECTION ( 'NONE',  ( 0.000000000000000000, 0.000000000000000000, 1.000000000000000000 ) ) ;
#2349 = LINE ( 'NONE', #1867, #643 ) ;
#2350 = VERTEX_POINT ( 'NONE', #2680 ) ;
#2351 = DIRECTION ( 'NONE',  ( -1.000000000000000000, 0.000000000000000000, 0.000000000000000000 ) ) ;
#2352 = CARTESIAN_POINT ( 'NONE',  ( 1.349999999999999423, 0.2500000000000000000, 0.4700000000000000289 ) ) ;
#2353 = CIRCLE ( 'NONE', #750, 0.05000000000000000971 ) ;
#2354 = EDGE_LOOP ( 'NONE', ( #2984, #1534, #424, #1301 ) ) ;
#2355 = PLANE ( 'NONE',  #3234 ) ;
#2356 = CIRCLE ( 'NONE', #2796, 0.05000000000000000971 ) ;
#2357 = DIRECTION ( 'NONE',  ( 0.7071067811865465735, 0.000000000000000000, -0.7071067811865483499 ) ) ;
#2358 = DIRECTION ( 'NONE',  ( 1.000000000000000000, 0.000000000000000000, 0.000000000000000000 ) ) ;
#2359 = CARTESIAN_POINT ( 'NONE',  ( 1.789289321881344819, 0.2500000000000000000, -0.6800000000000001599 ) ) ;
#2360 = VERTEX_POINT ( 'NONE', #2920 ) ;
#2361 = PRODUCT_RELATED_PRODUCT_CATEGORY ( 'part', '', ( #1504 ) ) ;
#2362 = EDGE_LOOP ( 'NONE', ( #3166, #492, #1135, #344, #890 ) ) ;
#2363 = DIRECTION ( 'NONE',  ( 0.000000000000000000, 1.000000000000000000, 0.000000000000000000 ) ) ;
#2364 = LINE ( 'NONE', #90, #1359 ) ;
#2365 = EDGE_CURVE ( 'NONE', #1080, #467, #617, .T. ) ;
#2366 = ADVANCED_FACE ( 'NONE', ( #2903 ), #1667, .T. ) ;
#2367 = DIRECTION ( 'NONE',  ( -1.000000000000000000, 0.000000000000000000, 0.000000000000000000 ) ) ;
#2368 = VERTEX_POINT ( 'NONE', #135 ) ;
#2369 = EDGE_CURVE ( 'NONE', #969, #2287, #1907, .T. ) ;
#2370 = CARTESIAN_POINT ( 'NONE',  ( 1.459999999999999964, 0.2500000000000000000, -1.009289321881345014 ) ) ;
#2371 = ORIENTED_EDGE ( 'NONE', *, *, #721, .T. ) ;
#2372 = AXIS2_PLACEMENT_3D ( 'NONE', #618, #1631, #2101 ) ;
#2373 = DIRECTION ( 'NONE',  ( 0.000000000000000000, -1.000000000000000000, 0.000000000000000000 ) ) ;
#2374 = AXIS2_PLACEMENT_3D ( 'NONE', #541, #818, #576 ) ;
#2375 = PLANE ( 'NONE',  #822 ) ;
#2376 = EDGE_LOOP ( 'NONE', ( #2760, #3209, #2225, #484 ) ) ;
#2377 = CARTESIAN_POINT ( 'NONE',  ( -1.910000000000000142, 0.000000000000000000, 0.4200000000000003730 ) ) ;
#2378 = ORIENTED_EDGE ( 'NONE', *, *, #1815, .F. ) ;
#2379 = CARTESIAN_POINT ( 'NONE',  ( 0.000000000000000000, 0.000000000000000000, 0.6300000000000001155 ) ) ;
#2380 = ORIENTED_EDGE ( 'NONE', *, *, #221, .T. ) ;
#2381 = LINE ( 'NONE', #583, #796 ) ;
#2382 = ADVANCED_FACE ( 'NONE', ( #2479 ), #1993, .F. ) ;
#2383 = VERTEX_POINT ( 'NONE', #2521 ) ;
#2384 = VECTOR ( 'NONE', #3312, 39.37007874015748143 ) ;
#2385 = CIRCLE ( 'NONE', #161, 0.05000000000000000971 ) ;
#2386 = CARTESIAN_POINT ( 'NONE',  ( 5.135874228088817291E-17, 1.150000000000000133, 0.4700000000000001954 ) ) ;
#2387 = ADVANCED_FACE ( 'NONE', ( #234 ), #2267, .T. ) ;
#2388 = CARTESIAN_POINT ( 'NONE',  ( 0.000000000000000000, 1.250000000000000000, 0.000000000000000000 ) ) ;
#2389 = EDGE_LOOP ( 'NONE', ( #2291, #936, #2875, #2610 ) ) ;
#2390 = DIRECTION ( 'NONE',  ( -0.000000000000000000, 0.000000000000000000, -1.000000000000000000 ) ) ;
#2391 = CARTESIAN_POINT ( 'NONE',  ( 1.100000000000000089, 0.5074944515780265286, 0.2708630101691625880 ) ) ;
#2392 = DIRECTION ( 'NONE',  ( -1.000000000000000000, 0.000000000000000000, 1.092739197465705287E-16 ) ) ;
#2393 = EDGE_LOOP ( 'NONE', ( #771, #2807, #1195, #3130, #865 ) ) ;
#2394 = DIRECTION ( 'NONE',  ( -0.000000000000000000, -1.000000000000000000, -0.000000000000000000 ) ) ;
#2395 = VECTOR ( 'NONE', #1448, 39.37007874015748143 ) ;
#2396 = DIRECTION ( 'NONE',  ( -1.000000000000000000, 0.000000000000000000, 1.365923996832131363E-16 ) ) ;
#2397 = VERTEX_POINT ( 'NONE', #1733 ) ;
#2398 = CARTESIAN_POINT ( 'NONE',  ( 1.860000000000000098, 0.000000000000000000, -0.4699999999999999734 ) ) ;
#2399 = ORIENTED_EDGE ( 'NONE', *, *, #1963, .F. ) ;
#2400 = CARTESIAN_POINT ( 'NONE',  ( 1.249999999999998668, 0.000000000000000000, 1.365923996832130229E-15 ) ) ;
#2401 = CARTESIAN_POINT ( 'NONE',  ( 1.249999999999999556, 1.250000000000000000, 0.07000000000000000666 ) ) ;
#2402 = UNCERTAINTY_MEASURE_WITH_UNIT (LENGTH_MEASURE( 1.000000000000000082E-05 ), #1748, 'distance_accuracy_value', 'NONE');
#2403 = VERTEX_POINT ( 'NONE', #2242 ) ;
#2404 = VECTOR ( 'NONE', #1563, 39.37007874015748143 ) ;
#2405 = EDGE_CURVE ( 'NONE', #1014, #719, #2067, .T. ) ;
#2406 = LINE ( 'NONE', #131, #924 ) ;
#2407 = ORIENTED_EDGE ( 'NONE', *, *, #1203, .T. ) ;
#2408 = DIRECTION ( 'NONE',  ( -0.7071067811865474617, 0.000000000000000000, 0.7071067811865475727 ) ) ;
#2409 = EDGE_CURVE ( 'NONE', #1237, #3224, #2157, .T. ) ;
#2410 = FACE_OUTER_BOUND ( 'NONE', #2794, .T. ) ;
#2411 = LINE ( 'NONE', #606, #1377 ) ;
#2412 = VECTOR ( 'NONE', #2824, 39.37007874015748143 ) ;
#2413 = VERTEX_POINT ( 'NONE', #1179 ) ;
#2414 = LINE ( 'NONE', #2175, #519 ) ;
#2415 = DIRECTION ( 'NONE',  ( 1.000000000000000000, 0.000000000000000000, 0.000000000000000000 ) ) ;
#2416 = EDGE_LOOP ( 'NONE', ( #1519, #3174, #2894, #2208 ) ) ;
#2417 = CARTESIAN_POINT ( 'NONE',  ( -1.459999999999999520, 0.2500000000000000000, -0.6299999999999995604 ) ) ;
#2418 = ORIENTED_EDGE ( 'NONE', *, *, #2805, .F. ) ;
#2419 = DIRECTION ( 'NONE',  ( -0.000000000000000000, 0.000000000000000000, -1.000000000000000000 ) ) ;
#2420 = ORIENTED_EDGE ( 'NONE', *, *, #2488, .F. ) ;
#2421 = CYLINDRICAL_SURFACE ( 'NONE', #2283, 0.05000000000000000971 ) ;
#2422 = DIRECTION ( 'NONE',  ( 0.000000000000000000, 0.000000000000000000, -1.000000000000000000 ) ) ;
#2423 = DIRECTION ( 'NONE',  ( -0.000000000000000000, -0.000000000000000000, 1.000000000000000000 ) ) ;
#2424 = ORIENTED_EDGE ( 'NONE', *, *, #91, .T. ) ;
#2425 = EDGE_CURVE ( 'NONE', #2845, #2602, #657, .T. ) ;
#2426 = LINE ( 'NONE', #1364, #569 ) ;
#2427 = VERTEX_POINT ( 'NONE', #2942 ) ;
#2428 = EDGE_CURVE ( 'NONE', #1592, #1800, #464, .T. ) ;
#2429 = ADVANCED_BREP_SHAPE_REPRESENTATION ( 'checkerboardholder', ( #3168, #437 ), #20 ) ;
#2430 = ORIENTED_EDGE ( 'NONE', *, *, #391, .T. ) ;
#2431 = CARTESIAN_POINT ( 'NONE',  ( -1.458578643762689753, 0.2500000000000000000, 1.357106781186547817 ) ) ;
#2432 = DIRECTION ( 'NONE',  ( 0.5000000000000001110, -0.7071067811865486830, 0.4999999999999983347 ) ) ;
#2433 = DIRECTION ( 'NONE',  ( 0.000000000000000000, 0.000000000000000000, -1.000000000000000000 ) ) ;
#2434 = LINE ( 'NONE', #1422, #1469 ) ;
#2435 = ORIENTED_EDGE ( 'NONE', *, *, #1978, .T. ) ;
#2436 = CARTESIAN_POINT ( 'NONE',  ( 2.107106781186545152, 0.2500000000000000000, 0.000000000000000000 ) ) ;
#2437 = CIRCLE ( 'NONE', #2768, 0.05000000000000000971 ) ;
#2438 = CARTESIAN_POINT ( 'NONE',  ( 1.249999999999999556, 0.2500000000000000000, -0.6800000000000001599 ) ) ;
#2439 = VECTOR ( 'NONE', #2053, 39.37007874015748143 ) ;
#2440 = CARTESIAN_POINT ( 'NONE',  ( 1.249999999999999778, 0.2500000000000000000, -1.080000000000000071 ) ) ;
#2441 = CIRCLE ( 'NONE', #364, 0.05000000000000000971 ) ;
#2442 = LINE ( 'NONE', #168, #2999 ) ;
#2443 = CARTESIAN_POINT ( 'NONE',  ( -1.199999999999999956, 0.000000000000000000, 1.080000000000000071 ) ) ;
#2444 = ORIENTED_EDGE ( 'NONE', *, *, #1915, .F. ) ;
#2445 = CYLINDRICAL_SURFACE ( 'NONE', #887, 0.1000000000000000194 ) ;
#2446 = CIRCLE ( 'NONE', #2936, 0.05000000000000000971 ) ;
#2447 = ORIENTED_EDGE ( 'NONE', *, *, #3013, .F. ) ;
#2448 = ADVANCED_FACE ( 'NONE', ( #379 ), #2445, .F. ) ;
#2449 = EDGE_LOOP ( 'NONE', ( #2618, #249, #950, #1998 ) ) ;
#2450 = EDGE_CURVE ( 'NONE', #2948, #2589, #1669, .T. ) ;
#2451 = CARTESIAN_POINT ( 'NONE',  ( 1.500000000000000222, 0.2500000000000000000, -1.457106781186548794 ) ) ;
#2452 = CARTESIAN_POINT ( 'NONE',  ( -6.712150520433254955E-15, 0.000000000000000000, -0.6300000000000151035 ) ) ;
#2453 = CARTESIAN_POINT ( 'NONE',  ( 1.459869250954516806, 0.2500000000000000000, 0.6800000000000001599 ) ) ;
#2454 = LINE ( 'NONE', #163, #2336 ) ;
#2455 = EDGE_LOOP ( 'NONE', ( #64, #1066, #429, #2108, #3030, #2064 ) ) ;
#2456 = CARTESIAN_POINT ( 'NONE',  ( -1.971949961169561449, 0.3851568200169832590, -0.6525948558644349973 ) ) ;
#2457 = FACE_BOUND ( 'NONE', #2716, .T. ) ;
#2458 = CARTESIAN_POINT ( 'NONE',  ( 1.100000000000000089, 0.5649500633660266002, -0.2708630101691625880 ) ) ;
#2459 = CARTESIAN_POINT ( 'NONE',  ( 0.000000000000000000, 0.000000000000000000, 1.130000000000000115 ) ) ;
#2460 = VERTEX_POINT ( 'NONE', #3239 ) ;
#2461 = CYLINDRICAL_SURFACE ( 'NONE', #2657, 0.05000000000000000971 ) ;
#2462 = CIRCLE ( 'NONE', #1173, 0.05000000000000000971 ) ;
#2463 = CIRCLE ( 'NONE', #21, 0.05000000000000000971 ) ;
#2464 = ORIENTED_EDGE ( 'NONE', *, *, #2923, .T. ) ;
#2465 = VECTOR ( 'NONE', #3324, 39.37007874015748143 ) ;
#2466 = VECTOR ( 'NONE', #233, 39.37007874015748143 ) ;
#2467 = ADVANCED_FACE ( 'NONE', ( #2906 ), #2461, .F. ) ;
#2468 = ORIENTED_EDGE ( 'NONE', *, *, #1024, .F. ) ;
#2469 = CARTESIAN_POINT ( 'NONE',  ( 1.409869250954516762, 0.000000000000000000, 0.6800000000000001599 ) ) ;
#2470 = DIRECTION ( 'NONE',  ( 0.000000000000000000, 0.000000000000000000, 1.000000000000000000 ) ) ;
#2471 = ORIENTED_EDGE ( 'NONE', *, *, #1608, .T. ) ;
#2472 = DIRECTION ( 'NONE',  ( 0.000000000000000000, -1.000000000000000000, 0.000000000000000000 ) ) ;
#2473 = EDGE_CURVE ( 'NONE', #3224, #902, #737, .T. ) ;
#2474 = CARTESIAN_POINT ( 'NONE',  ( 1.407842712474620006, 0.2500000000000000000, 1.407842712474616453 ) ) ;
#2475 = AXIS2_PLACEMENT_3D ( 'NONE', #1550, #270, #972 ) ;
#2476 = EDGE_CURVE ( 'NONE', #3149, #2300, #360, .T. ) ;
#2477 = CIRCLE ( 'NONE', #1181, 0.05000000000000000971 ) ;
#2478 =( NAMED_UNIT ( * ) SI_UNIT ( $, .STERADIAN. ) SOLID_ANGLE_UNIT ( ) );
#2479 = FACE_OUTER_BOUND ( 'NONE', #707, .T. ) ;
#2480 = ORIENTED_EDGE ( 'NONE', *, *, #2806, .F. ) ;
#2481 = CARTESIAN_POINT ( 'NONE',  ( 1.409999999999999920, 0.2500000000000000000, -0.000000000000000000 ) ) ;
#2482 = ORIENTED_EDGE ( 'NONE', *, *, #2282, .F. ) ;
#2483 = ORIENTED_EDGE ( 'NONE', *, *, #2678, .F. ) ;
#2484 = VERTEX_POINT ( 'NONE', #183 ) ;
#2485 = AXIS2_PLACEMENT_3D ( 'NONE', #2840, #1861, #1588 ) ;
#2486 = DIRECTION ( 'NONE',  ( -1.931708241490866704E-16, -0.7071067811865471286, -0.7071067811865480168 ) ) ;
#2487 = ORIENTED_EDGE ( 'NONE', *, *, #2971, .T. ) ;
#2488 = EDGE_CURVE ( 'NONE', #2523, #2865, #3187, .T. ) ;
#2489 = CARTESIAN_POINT ( 'NONE',  ( -1.409999999999999920, 0.2500000000000000000, -0.000000000000000000 ) ) ;
#2490 = LINE ( 'NONE', #2781, #1273 ) ;
#2491 = ADVANCED_FACE ( 'NONE', ( #2142 ), #2176, .T. ) ;
#2492 = AXIS2_PLACEMENT_3D ( 'NONE', #2059, #1825, #3093 ) ;
#2493 = ORIENTED_EDGE ( 'NONE', *, *, #534, .T. ) ;
#2494 = DIRECTION ( 'NONE',  ( 1.000000000000000000, 0.000000000000000000, -0.000000000000000000 ) ) ;
#2495 = EDGE_LOOP ( 'NONE', ( #2056, #1951, #1120, #1629, #1093, #3326 ) ) ;
#2496 = VECTOR ( 'NONE', #1170, 39.37007874015748143 ) ;
#2497 = ORIENTED_EDGE ( 'NONE', *, *, #2800, .F. ) ;
#2498 = VERTEX_POINT ( 'NONE', #1397 ) ;
#2499 = LINE ( 'NONE', #44, #937 ) ;
#2500 = VERTEX_POINT ( 'NONE', #1621 ) ;
#2501 = EDGE_CURVE ( 'NONE', #2799, #2979, #2426, .T. ) ;
#2502 = SURFACE_STYLE_USAGE ( .BOTH. , #1732 ) ;
#2503 = FACE_OUTER_BOUND ( 'NONE', #1471, .T. ) ;
#2504 = ORIENTED_EDGE ( 'NONE', *, *, #2141, .F. ) ;
#2505 = VECTOR ( 'NONE', #1969, 39.37007874015748143 ) ;
#2506 = ADVANCED_FACE ( 'NONE', ( #871 ), #171, .T. ) ;
#2507 = CARTESIAN_POINT ( 'NONE',  ( 1.459999999999999964, 0.000000000000000000, 0.4199999999999999845 ) ) ;
#2508 = DIRECTION ( 'NONE',  ( -1.000000000000000000, 0.000000000000000000, 0.000000000000000000 ) ) ;
#2509 = DIRECTION ( 'NONE',  ( -0.000000000000000000, -1.000000000000000000, -0.000000000000000000 ) ) ;
#2510 = ORIENTED_EDGE ( 'NONE', *, *, #2003, .F. ) ;
#2511 = PRESENTATION_LAYER_ASSIGNMENT (  '', '', ( #1219 ) ) ;
#2512 = DIRECTION ( 'NONE',  ( -0.000000000000000000, 1.000000000000000000, -0.000000000000000000 ) ) ;
#2513 = AXIS2_PLACEMENT_3D ( 'NONE', #400, #2432, #160 ) ;
#2514 = VERTEX_POINT ( 'NONE', #1128 ) ;
#2515 = LINE ( 'NONE', #6, #1964 ) ;
#2516 = VECTOR ( 'NONE', #3306, 39.37007874015748854 ) ;
#2517 = CARTESIAN_POINT ( 'NONE',  ( -1.459999999999999964, 0.2500000000000000000, -1.009289321881344570 ) ) ;
#2518 = ORIENTED_EDGE ( 'NONE', *, *, #2593, .F. ) ;
#2519 = LINE ( 'NONE', #1234, #2626 ) ;
#2520 = DIRECTION ( 'NONE',  ( 0.000000000000000000, 0.000000000000000000, -1.000000000000000000 ) ) ;
#2521 = CARTESIAN_POINT ( 'NONE',  ( 1.100000000000000089, 1.250000000000000000, -0.3699999999999999956 ) ) ;
#2522 = LINE ( 'NONE', #3319, #2910 ) ;
#2523 = VERTEX_POINT ( 'NONE', #1912 ) ;
#2524 = CARTESIAN_POINT ( 'NONE',  ( 1.100000000000000089, 1.150000000000000133, -0.3699999999999999956 ) ) ;
#2525 = ORIENTED_EDGE ( 'NONE', *, *, #824, .F. ) ;
#2526 = EDGE_CURVE ( 'NONE', #2312, #3135, #2931, .T. ) ;
#2527 = LINE ( 'NONE', #1211, #2412 ) ;
#2528 = ORIENTED_EDGE ( 'NONE', *, *, #91, .F. ) ;
#2529 = VERTEX_POINT ( 'NONE', #1639 ) ;
#2530 = ORIENTED_EDGE ( 'NONE', *, *, #650, .F. ) ;
#2531 = CARTESIAN_POINT ( 'NONE',  ( 1.199999999999999956, 0.000000000000000000, -1.080000000000000071 ) ) ;
#2532 = EDGE_CURVE ( 'NONE', #2789, #1180, #361, .T. ) ;
#2533 = CARTESIAN_POINT ( 'NONE',  ( -1.250000000000000666, 1.250000000000000000, 0.07000000000000000666 ) ) ;
#2534 = AXIS2_PLACEMENT_3D ( 'NONE', #813, #97, #2915 ) ;
#2535 = ORIENTED_EDGE ( 'NONE', *, *, #1416, .T. ) ;
#2536 = CARTESIAN_POINT ( 'NONE',  ( 1.789289321881344819, 0.000000000000000000, -0.6800000000000001599 ) ) ;
#2537 = CIRCLE ( 'NONE', #1462, 0.05000000000000000971 ) ;
#2538 = DIRECTION ( 'NONE',  ( 0.000000000000000000, -1.000000000000000000, 0.000000000000000000 ) ) ;
#2539 = FACE_OUTER_BOUND ( 'NONE', #616, .T. ) ;
#2540 = DIRECTION ( 'NONE',  ( 0.000000000000000000, 1.000000000000000000, -0.000000000000000000 ) ) ;
#2541 = ORIENTED_EDGE ( 'NONE', *, *, #265, .T. ) ;
#2542 = LINE ( 'NONE', #1276, #1252 ) ;
#2543 = CARTESIAN_POINT ( 'NONE',  ( 0.000000000000000000, 0.000000000000000000, 0.6300000000000001155 ) ) ;
#2544 = CARTESIAN_POINT ( 'NONE',  ( 0.000000000000000000, 0.000000000000000000, 1.130000000000000115 ) ) ;
#2545 = AXIS2_PLACEMENT_3D ( 'NONE', #2958, #1146, #2189 ) ;
#2546 = DIRECTION ( 'NONE',  ( 0.000000000000000000, 1.000000000000000000, 0.000000000000000000 ) ) ;
#2547 = B_SPLINE_CURVE_WITH_KNOTS ( 'NONE', 3,
 ( #1338, #2644, #2900, #1086 ),
 .UNSPECIFIED., .F., .F.,
 ( 4, 4 ),
 ( 0.000000000000000000, 1.000000000000000000 ),
 .UNSPECIFIED. ) ;
#2548 = LINE ( 'NONE', #718, #545 ) ;
#2549 = AXIS2_PLACEMENT_3D ( 'NONE', #1676, #2706, #1156 ) ;
#2550 = EDGE_LOOP ( 'NONE', ( #2316, #2818, #2596, #888 ) ) ;
#2551 = DIRECTION ( 'NONE',  ( 0.000000000000000000, -1.000000000000000000, 0.000000000000000000 ) ) ;
#2552 = VECTOR ( 'NONE', #815, 39.37007874015748143 ) ;
#2553 = EDGE_CURVE ( 'NONE', #3025, #2993, #2437, .T. ) ;
#2554 = ORIENTED_EDGE ( 'NONE', *, *, #287, .T. ) ;
#2555 = DIRECTION ( 'NONE',  ( -0.000000000000000000, -1.000000000000000000, 0.000000000000000000 ) ) ;
#2556 = DIRECTION ( 'NONE',  ( 0.000000000000000000, 0.000000000000000000, -1.000000000000000000 ) ) ;
#2557 = ORIENTED_EDGE ( 'NONE', *, *, #1790, .T. ) ;
#2558 = CARTESIAN_POINT ( 'NONE',  ( -1.250000000000000666, 0.3500000000000000888, -0.4700000000000000289 ) ) ;
#2559 = EDGE_CURVE ( 'NONE', #1169, #2173, #2785, .T. ) ;
#2560 = VECTOR ( 'NONE', #3105, 39.37007874015748854 ) ;
#2561 = FACE_OUTER_BOUND ( 'NONE', #688, .T. ) ;
#2562 = VECTOR ( 'NONE', #1968, 39.37007874015748143 ) ;
#2563 = CARTESIAN_POINT ( 'NONE',  ( -1.100000000000000089, 0.7238453347888545997, -0.2453236288134360288 ) ) ;
#2564 = DIRECTION ( 'NONE',  ( 0.000000000000000000, 0.000000000000000000, 1.000000000000000000 ) ) ;
#2565 = ORIENTED_EDGE ( 'NONE', *, *, #2302, .F. ) ;
#2566 = CARTESIAN_POINT ( 'NONE',  ( 1.409869250954516762, 0.2500000000000000000, 1.009311635700210319 ) ) ;
#2567 = DIRECTION ( 'NONE',  ( -1.000000000000000000, 0.000000000000000000, 0.000000000000000000 ) ) ;
#2568 = FACE_OUTER_BOUND ( 'NONE', #2683, .T. ) ;
#2569 = CARTESIAN_POINT ( 'NONE',  ( -1.409999999999999920, 0.000000000000000000, 0.000000000000000000 ) ) ;
#2570 = DIRECTION ( 'NONE',  ( 0.000000000000000000, 0.000000000000000000, 1.000000000000000000 ) ) ;
#2571 = ORIENTED_EDGE ( 'NONE', *, *, #1225, .T. ) ;
#2572 = VERTEX_POINT ( 'NONE', #1466 ) ;
#2573 = CARTESIAN_POINT ( 'NONE',  ( 0.000000000000000000, 0.000000000000000000, 0.6300000000000001155 ) ) ;
#2574 = ADVANCED_FACE ( 'NONE', ( #2802 ), #196, .T. ) ;
#2575 = CARTESIAN_POINT ( 'NONE',  ( -1.499999999999999556, 0.000000000000000000, -1.457106781186548572 ) ) ;
#2576 = AXIS2_PLACEMENT_3D ( 'NONE', #2318, #1798, #826 ) ;
#2577 = EDGE_CURVE ( 'NONE', #923, #1916, #732, .T. ) ;
#2578 = VECTOR ( 'NONE', #992, 39.37007874015748143 ) ;
#2579 = ORIENTED_EDGE ( 'NONE', *, *, #1024, .T. ) ;
#2580 =( NAMED_UNIT ( * ) SI_UNIT ( $, .STERADIAN. ) SOLID_ANGLE_UNIT ( ) );
#2581 = CARTESIAN_POINT ( 'NONE',  ( 1.789267001018795655, 0.000000000000000000, 0.6800000000000001599 ) ) ;
#2582 = ADVANCED_FACE ( 'NONE', ( #990 ), #2026, .F. ) ;
#2583 = ORIENTED_EDGE ( 'NONE', *, *, #1688, .T. ) ;
#2584 = CARTESIAN_POINT ( 'NONE',  ( 1.860000000000000098, 0.2500000000000000000, -0.4699999999999999734 ) ) ;
#2585 = CARTESIAN_POINT ( 'NONE',  ( 1.860000000000000098, 0.000000000000000000, -0.4699999999999999734 ) ) ;
#2586 = DIRECTION ( 'NONE',  ( 0.000000000000000000, 0.000000000000000000, -1.000000000000000000 ) ) ;
#2587 = EDGE_LOOP ( 'NONE', ( #821, #1613, #3054, #2018 ) ) ;
#2588 = AXIS2_PLACEMENT_3D ( 'NONE', #3260, #2419, #1952 ) ;
#2589 = VERTEX_POINT ( 'NONE', #3286 ) ;
#2590 = LINE ( 'NONE', #1503, #2956 ) ;
#2591 = CARTESIAN_POINT ( 'NONE',  ( 1.409999999999999920, 0.000000000000000000, 0.000000000000000000 ) ) ;
#2592 = ORIENTED_EDGE ( 'NONE', *, *, #2654, .F. ) ;
#2593 = EDGE_CURVE ( 'NONE', #2383, #3272, #2876, .T. ) ;
#2594 = PRODUCT_CONTEXT ( 'NONE', #838, 'mechanical' ) ;
#2595 = LINE ( 'NONE', #2006, #867 ) ;
#2596 = ORIENTED_EDGE ( 'NONE', *, *, #1064, .F. ) ;
#2597 = FACE_OUTER_BOUND ( 'NONE', #1933, .T. ) ;
#2598 = DIRECTION ( 'NONE',  ( 0.000000000000000000, 0.000000000000000000, -1.000000000000000000 ) ) ;
#2599 = ADVANCED_FACE ( 'NONE', ( #256 ), #689, .F. ) ;
#2600 = DIRECTION ( 'NONE',  ( 0.000000000000000000, 0.000000000000000000, 1.000000000000000000 ) ) ;
#2601 = PLANE ( 'NONE',  #1299 ) ;
#2602 = VERTEX_POINT ( 'NONE', #2733 ) ;
#2603 = DIRECTION ( 'NONE',  ( 0.000000000000000000, 0.000000000000000000, -1.000000000000000000 ) ) ;
#2604 = ORIENTED_EDGE ( 'NONE', *, *, #1708, .T. ) ;
#2605 = VECTOR ( 'NONE', #2281, 39.37007874015748143 ) ;
#2606 = CARTESIAN_POINT ( 'NONE',  ( 1.249999999999999556, 1.150000000000000133, 0.4700000000000000289 ) ) ;
#2607 = AXIS2_PLACEMENT_3D ( 'NONE', #1025, #2567, #53 ) ;
#2608 = EDGE_LOOP ( 'NONE', ( #215, #3188, #3009, #682, #3099, #993, #1371 ) ) ;
#2609 = CYLINDRICAL_SURFACE ( 'NONE', #2810, 0.1000000000000000194 ) ;
#2610 = ORIENTED_EDGE ( 'NONE', *, *, #2893, .T. ) ;
#2611 = EDGE_CURVE ( 'NONE', #3272, #409, #3040, .T. ) ;
#2612 = FACE_BOUND ( 'NONE', #2495, .T. ) ;
#2613 = LINE ( 'NONE', #1570, #725 ) ;
#2614 = FACE_OUTER_BOUND ( 'NONE', #2354, .T. ) ;
#2615 = CARTESIAN_POINT ( 'NONE',  ( -1.250000000000000666, 1.250000000000000000, 0.000000000000000000 ) ) ;
#2616 = CARTESIAN_POINT ( 'NONE',  ( 1.459869250954516806, 0.000000000000000000, 0.6300000000000001155 ) ) ;
#2617 = EDGE_CURVE ( 'NONE', #862, #2048, #502, .T. ) ;
#2618 = ORIENTED_EDGE ( 'NONE', *, *, #1311, .F. ) ;
#2619 = EDGE_LOOP ( 'NONE', ( #213, #2229, #2685, #2041 ) ) ;
#2620 = ORIENTED_EDGE ( 'NONE', *, *, #1501, .F. ) ;
#2621 = LINE ( 'NONE', #3153, #1824 ) ;
#2622 = CARTESIAN_POINT ( 'NONE',  ( -1.409999999999999920, 0.000000000000000000, -1.009289321881344570 ) ) ;
#2623 = ORIENTED_EDGE ( 'NONE', *, *, #1416, .F. ) ;
#2624 = AXIS2_PLACEMENT_3D ( 'NONE', #70, #2093, #1842 ) ;
#2625 = LINE ( 'NONE', #1119, #1079 ) ;
#2626 = VECTOR ( 'NONE', #1254, 39.37007874015748143 ) ;
#2627 = LINE ( 'NONE', #525, #3237 ) ;
#2628 = ORIENTED_EDGE ( 'NONE', *, *, #596, .T. ) ;
#2629 = CARTESIAN_POINT ( 'NONE',  ( -1.200000000000000178, 0.000000000000000000, -1.130000000000000115 ) ) ;
#2630 = CARTESIAN_POINT ( 'NONE',  ( 1.499999999999999778, 0.000000000000000000, 1.457106781186548128 ) ) ;
#2631 = LINE ( 'NONE', #2171, #1189 ) ;
#2632 = CARTESIAN_POINT ( 'NONE',  ( -1.409999999999999920, 0.2500000000000000000, 1.009289321881345014 ) ) ;
#2633 = ORIENTED_EDGE ( 'NONE', *, *, #1244, .T. ) ;
#2634 = ORIENTED_EDGE ( 'NONE', *, *, #3163, .T. ) ;
#2635 = ADVANCED_FACE ( 'NONE', ( #1752 ), #960, .F. ) ;
#2636 = VECTOR ( 'NONE', #1362, 39.37007874015748143 ) ;
#2637 = CARTESIAN_POINT ( 'NONE',  ( -1.499999999999999556, 0.2500000000000000000, -1.457106781186548572 ) ) ;
#2638 = CIRCLE ( 'NONE', #710, 0.05000000000000000971 ) ;
#2639 = ADVANCED_FACE ( 'NONE', ( #2252 ), #1514, .T. ) ;
#2640 = DIRECTION ( 'NONE',  ( 0.000000000000000000, -1.000000000000000000, 0.000000000000000000 ) ) ;
#2641 = DIRECTION ( 'NONE',  ( 0.000000000000000000, 1.000000000000000000, 0.000000000000000000 ) ) ;
#2642 = EDGE_LOOP ( 'NONE', ( #3258, #2180, #2077, #1788 ) ) ;
#2643 = DIRECTION ( 'NONE',  ( 0.000000000000000000, 0.000000000000000000, 1.000000000000000000 ) ) ;
#2644 = CARTESIAN_POINT ( 'NONE',  ( -1.100000000000000089, 0.5074944515780265286, 0.2708630101691625880 ) ) ;
#2645 = ORIENTED_EDGE ( 'NONE', *, *, #3081, .T. ) ;
#2646 = CARTESIAN_POINT ( 'NONE',  ( -2.207106781186546129, 0.2500000000000000000, -0.7499999999999996669 ) ) ;
#2647 = DIRECTION ( 'NONE',  ( 0.000000000000000000, 0.000000000000000000, -1.000000000000000000 ) ) ;
#2648 = CIRCLE ( 'NONE', #2813, 0.05000000000000000971 ) ;
#2649 = CARTESIAN_POINT ( 'NONE',  ( -1.350000000000000533, 0.2500000000000000000, 0.000000000000000000 ) ) ;
#2650 = CARTESIAN_POINT ( 'NONE',  ( -1.250000000000000666, 0.3500000000000000888, 0.07000000000000000666 ) ) ;
#2651 = ORIENTED_EDGE ( 'NONE', *, *, #1409, .T. ) ;
#2652 = ORIENTED_EDGE ( 'NONE', *, *, #1871, .F. ) ;
#2653 = LINE ( 'NONE', #1847, #3289 ) ;
#2654 = EDGE_CURVE ( 'NONE', #1158, #542, #2221, .T. ) ;
#2655 = ORIENTED_EDGE ( 'NONE', *, *, #1665, .F. ) ;
#2656 = LINE ( 'NONE', #920, #3192 ) ;
#2657 = AXIS2_PLACEMENT_3D ( 'NONE', #395, #408, #139 ) ;
#2658 = ORIENTED_EDGE ( 'NONE', *, *, #1171, .F. ) ;
#2659 = EDGE_CURVE ( 'NONE', #1080, #2397, #1702, .T. ) ;
#2660 = ADVANCED_FACE ( 'NONE', ( #3275 ), #946, .F. ) ;
#2661 = CIRCLE ( 'NONE', #2880, 0.1000000000000000194 ) ;
#2662 = CARTESIAN_POINT ( 'NONE',  ( 0.000000000000000000, 0.2500000000000000000, -0.4700000000000000289 ) ) ;
#2663 = ORIENTED_EDGE ( 'NONE', *, *, #2476, .T. ) ;
#2664 = CARTESIAN_POINT ( 'NONE',  ( 1.459869250954516806, 0.2500000000000000000, 0.6300000000000001155 ) ) ;
#2665 = DIRECTION ( 'NONE',  ( 1.000000000000000000, 0.000000000000000000, 0.000000000000000000 ) ) ;
#2666 = DIRECTION ( 'NONE',  ( 1.000000000000000000, 0.000000000000000000, -1.065420717529062557E-14 ) ) ;
#2667 = CIRCLE ( 'NONE', #2123, 0.1000000000000000194 ) ;
#2668 = DIRECTION ( 'NONE',  ( -1.000000000000000000, 0.000000000000000000, 0.000000000000000000 ) ) ;
#2669 = ORIENTED_EDGE ( 'NONE', *, *, #1149, .F. ) ;
#2670 = DIRECTION ( 'NONE',  ( -0.000000000000000000, -1.000000000000000000, -0.000000000000000000 ) ) ;
#2671 = ORIENTED_EDGE ( 'NONE', *, *, #554, .F. ) ;
#2672 = LINE ( 'NONE', #3243, #2929 ) ;
#2673 = ORIENTED_EDGE ( 'NONE', *, *, #895, .F. ) ;
#2674 = AXIS2_PLACEMENT_3D ( 'NONE', #639, #1862, #3220 ) ;
#2675 = EDGE_CURVE ( 'NONE', #1753, #1118, #1719, .T. ) ;
#2676 = LINE ( 'NONE', #3129, #2774 ) ;
#2677 = DIRECTION ( 'NONE',  ( 1.000000000000000000, -0.000000000000000000, -1.092739197465705287E-16 ) ) ;
#2678 = EDGE_CURVE ( 'NONE', #413, #3016, #3026, .T. ) ;
#2679 = VECTOR ( 'NONE', #3218, 39.37007874015748143 ) ;
#2680 = CARTESIAN_POINT ( 'NONE',  ( 1.459999999999999964, 0.000000000000000000, 0.4699999999999999734 ) ) ;
#2681 = CARTESIAN_POINT ( 'NONE',  ( -1.350000000000000533, 0.2500000000000000000, 0.000000000000000000 ) ) ;
#2682 = VECTOR ( 'NONE', #3079, 39.37007874015748143 ) ;
#2683 = EDGE_LOOP ( 'NONE', ( #191, #2633, #351, #1283 ) ) ;
#2684 = DIRECTION ( 'NONE',  ( -0.000000000000000000, 0.000000000000000000, 1.000000000000000000 ) ) ;
#2685 = ORIENTED_EDGE ( 'NONE', *, *, #2425, .F. ) ;
#2686 = ORIENTED_EDGE ( 'NONE', *, *, #2259, .F. ) ;
#2687 = DIRECTION ( 'NONE',  ( 0.000000000000000000, 1.000000000000000000, 0.000000000000000000 ) ) ;
#2688 = CARTESIAN_POINT ( 'NONE',  ( 1.249999999999998668, 0.2500000000000000000, 1.365923996832130229E-15 ) ) ;
#2689 = DIRECTION ( 'NONE',  ( 1.000000000000000000, 0.000000000000000000, -2.731847993664263711E-16 ) ) ;
#2690 = ORIENTED_EDGE ( 'NONE', *, *, #2282, .T. ) ;
#2691 = DIRECTION ( 'NONE',  ( 0.000000000000000000, 0.000000000000000000, -1.000000000000000000 ) ) ;
#2692 = DIRECTION ( 'NONE',  ( 1.065420717529062399E-14, 0.000000000000000000, 1.000000000000000000 ) ) ;
#2693 = FACE_OUTER_BOUND ( 'NONE', #2877, .T. ) ;
#2694 = ADVANCED_FACE ( 'NONE', ( #473 ), #3112, .F. ) ;
#2695 = CARTESIAN_POINT ( 'NONE',  ( 0.000000000000000000, 1.250000000000000000, 0.07000000000000000666 ) ) ;
#2696 = ORIENTED_EDGE ( 'NONE', *, *, #2559, .T. ) ;
#2697 = DIRECTION ( 'NONE',  ( 0.000000000000000000, 0.000000000000000000, -1.000000000000000000 ) ) ;
#2698 = EDGE_CURVE ( 'NONE', #2980, #1878, #2613, .T. ) ;
#2699 = AXIS2_PLACEMENT_3D ( 'NONE', #2969, #1923, #2133 ) ;
#2700 = CARTESIAN_POINT ( 'NONE',  ( -1.100000000000000089, 0.2500000000000000000, -0.4700000000000000289 ) ) ;
#2701 = ORIENTED_EDGE ( 'NONE', *, *, #928, .T. ) ;
#2702 = DIRECTION ( 'NONE',  ( -0.000000000000000000, -1.000000000000000000, -0.000000000000000000 ) ) ;
#2703 = EDGE_LOOP ( 'NONE', ( #278, #2380, #2787, #2174 ) ) ;
#2704 = LINE ( 'NONE', #661, #1888 ) ;
#2705 = LINE ( 'NONE', #2452, #217 ) ;
#2706 = DIRECTION ( 'NONE',  ( -0.000000000000000000, 1.000000000000000000, -0.000000000000000000 ) ) ;
#2707 = LINE ( 'NONE', #2983, #471 ) ;
#2708 = ORIENTED_EDGE ( 'NONE', *, *, #3000, .T. ) ;
#2709 = VECTOR ( 'NONE', #1585, 39.37007874015748143 ) ;
#2710 = LINE ( 'NONE', #1390, #3217 ) ;
#2711 = VECTOR ( 'NONE', #906, 39.37007874015748143 ) ;
#2712 = CARTESIAN_POINT ( 'NONE',  ( 1.409999999999999920, 0.000000000000000000, -0.6800000000000001599 ) ) ;
#2713 = AXIS2_PLACEMENT_3D ( 'NONE', #3111, #2819, #1552 ) ;
#2714 = EDGE_CURVE ( 'NONE', #2993, #1720, #833, .T. ) ;
#2715 = VERTEX_POINT ( 'NONE', #2630 ) ;
#2716 = EDGE_LOOP ( 'NONE', ( #3065, #185, #965, #1078, #1605, #2830, #1683 ) ) ;
#2717 = CARTESIAN_POINT ( 'NONE',  ( -1.100000000000000089, 0.5649500633660266002, -0.2708630101691625880 ) ) ;
#2718 = CIRCLE ( 'NONE', #207, 0.05000000000000000971 ) ;
#2719 = ORIENTED_EDGE ( 'NONE', *, *, #510, .T. ) ;
#2720 = ADVANCED_FACE ( 'NONE', ( #273 ), #1858, .F. ) ;
#2721 = EDGE_CURVE ( 'NONE', #3169, #1499, #1536, .T. ) ;
#2722 = EDGE_LOOP ( 'NONE', ( #3287, #872, #1248, #462 ) ) ;
#2723 = DIRECTION ( 'NONE',  ( 1.092739197465705287E-15, 0.000000000000000000, -1.000000000000000000 ) ) ;
#2724 = EDGE_CURVE ( 'NONE', #1212, #902, #1042, .T. ) ;
#2725 = CARTESIAN_POINT ( 'NONE',  ( 1.100000000000000089, 0.5649500633660266002, -0.2708630101691625880 ) ) ;
#2726 = CARTESIAN_POINT ( 'NONE',  ( 1.249999999999999556, 1.250000000000000000, 0.3699999999999999956 ) ) ;
#2727 = DIRECTION ( 'NONE',  ( 0.7071067811865464625, 0.000000000000000000, 0.7071067811865484609 ) ) ;
#2728 = ORIENTED_EDGE ( 'NONE', *, *, #2098, .T. ) ;
#2729 = CYLINDRICAL_SURFACE ( 'NONE', #1527, 0.05000000000000000971 ) ;
#2730 = PLANE ( 'NONE',  #1533 ) ;
#2731 = CARTESIAN_POINT ( 'NONE',  ( 1.495355339059327493, 0.000000000000000000, -1.044644660940672543 ) ) ;
#2732 = EDGE_LOOP ( 'NONE', ( #977, #1886, #2001, #1192 ) ) ;
#2733 = CARTESIAN_POINT ( 'NONE',  ( 1.910000000000000142, 0.2500000000000000000, 0.4199999999999999845 ) ) ;
#2734 = PRODUCT_DEFINITION_FORMATION_WITH_SPECIFIED_SOURCE ( 'ANY', '', #1504, .NOT_KNOWN. ) ;
#2735 = ORIENTED_EDGE ( 'NONE', *, *, #2159, .T. ) ;
#2736 = CIRCLE ( 'NONE', #1275, 0.05000000000000000971 ) ;
#2737 = AXIS2_PLACEMENT_3D ( 'NONE', #875, #2895, #1899 ) ;
#2738 = VERTEX_POINT ( 'NONE', #323 ) ;
#2739 = EDGE_CURVE ( 'NONE', #2234, #1022, #2340, .T. ) ;
#2740 = ORIENTED_EDGE ( 'NONE', *, *, #1630, .F. ) ;
#2741 = DIRECTION ( 'NONE',  ( -0.000000000000000000, -0.000000000000000000, 1.000000000000000000 ) ) ;
#2742 = CARTESIAN_POINT ( 'NONE',  ( -1.409999999999999920, 0.2500000000000000000, 0.6800000000000001599 ) ) ;
#2743 = CARTESIAN_POINT ( 'NONE',  ( 3.707409437372636563E-16, 0.2500000000000000000, 1.357106781186547373 ) ) ;
#2744 = CARTESIAN_POINT ( 'NONE',  ( -1.100000000000000089, 1.250000000000000000, 0.3700000000000002731 ) ) ;
#2745 = VERTEX_POINT ( 'NONE', #1325 ) ;
#2746 = DIRECTION ( 'NONE',  ( 0.000000000000000000, 0.000000000000000000, -1.000000000000000000 ) ) ;
#2747 = EDGE_CURVE ( 'NONE', #632, #1856, #589, .T. ) ;
#2748 = FACE_OUTER_BOUND ( 'NONE', #3100, .T. ) ;
#2749 = VECTOR ( 'NONE', #2268, 39.37007874015748143 ) ;
#2750 = CIRCLE ( 'NONE', #1287, 0.1000000000000000194 ) ;
#2751 = CARTESIAN_POINT ( 'NONE',  ( -2.207106781186546129, 0.000000000000000000, 0.7500000000000004441 ) ) ;
#2752 = LINE ( 'NONE', #2731, #2395 ) ;
#2753 = EDGE_LOOP ( 'NONE', ( #665, #2165, #2345, #242 ) ) ;
#2754 = DIRECTION ( 'NONE',  ( 0.000000000000000000, 0.000000000000000000, -1.000000000000000000 ) ) ;
#2755 = VERTEX_POINT ( 'NONE', #1059 ) ;
#2756 = ORIENTED_EDGE ( 'NONE', *, *, #1876, .F. ) ;
#2757 = ORIENTED_EDGE ( 'NONE', *, *, #109, .T. ) ;
#2758 = AXIS2_PLACEMENT_3D ( 'NONE', #2615, #1786, #2290 ) ;
#2759 = EDGE_CURVE ( 'NONE', #1398, #1701, #1633, .T. ) ;
#2760 = ORIENTED_EDGE ( 'NONE', *, *, #1762, .F. ) ;
#2761 = CARTESIAN_POINT ( 'NONE',  ( -1.250000000000000222, 0.000000000000000000, -1.080000000000000071 ) ) ;
#2762 = CARTESIAN_POINT ( 'NONE',  ( 0.000000000000000000, 0.000000000000000000, 0.000000000000000000 ) ) ;
#2763 = EDGE_CURVE ( 'NONE', #3012, #3207, #1341, .T. ) ;
#2764 = ADVANCED_FACE ( 'NONE', ( #2871 ), #845, .T. ) ;
#2765 = FILL_AREA_STYLE_COLOUR ( '', #2088 ) ;
#2766 = AXIS2_PLACEMENT_3D ( 'NONE', #125, #1215, #2470 ) ;
#2767 = CARTESIAN_POINT ( 'NONE',  ( 1.459869250954516806, 0.000000000000000000, 0.6800000000000001599 ) ) ;
#2768 = AXIS2_PLACEMENT_3D ( 'NONE', #2996, #2237, #748 ) ;
#2769 = ORIENTED_EDGE ( 'NONE', *, *, #1445, .F. ) ;
#2770 = DIRECTION ( 'NONE',  ( -0.000000000000000000, -1.000000000000000000, -0.000000000000000000 ) ) ;
#2771 = ORIENTED_EDGE ( 'NONE', *, *, #283, .F. ) ;
#2772 = CARTESIAN_POINT ( 'NONE',  ( -1.250000000000000666, 1.250000000000000000, -0.3699999999999999956 ) ) ;
#2773 = VERTEX_POINT ( 'NONE', #3132 ) ;
#2774 = VECTOR ( 'NONE', #1836, 39.37007874015748143 ) ;
#2775 = ORIENTED_EDGE ( 'NONE', *, *, #1480, .T. ) ;
#2776 = FACE_OUTER_BOUND ( 'NONE', #3020, .T. ) ;
#2777 = VERTEX_POINT ( 'NONE', #36 ) ;
#2778 = LINE ( 'NONE', #1758, #2605 ) ;
#2779 = CARTESIAN_POINT ( 'NONE',  ( 1.409999999999999920, 0.2500000000000000000, 0.4199999999999999845 ) ) ;
#2780 = EDGE_CURVE ( 'NONE', #2360, #199, #935, .T. ) ;
#2781 = CARTESIAN_POINT ( 'NONE',  ( 4.043135030623110895E-17, 1.250000000000000000, 0.3700000000000001621 ) ) ;
#2782 = DIRECTION ( 'NONE',  ( -1.000000000000000000, 0.000000000000000000, 0.000000000000000000 ) ) ;
#2783 = DIRECTION ( 'NONE',  ( -0.7071067811865475727, 0.000000000000000000, -0.7071067811865474617 ) ) ;
#2784 = VERTEX_POINT ( 'NONE', #816 ) ;
#2785 = LINE ( 'NONE', #2481, #1470 ) ;
#2786 = EDGE_CURVE ( 'NONE', #3291, #2013, #1554, .T. ) ;
#2787 = ORIENTED_EDGE ( 'NONE', *, *, #2923, .F. ) ;
#2788 = CARTESIAN_POINT ( 'NONE',  ( 1.343338425694981852, 0.5282144973898926787, -1.078892283796654583 ) ) ;
#2789 = VERTEX_POINT ( 'NONE', #539 ) ;
#2790 = ORIENTED_EDGE ( 'NONE', *, *, #1171, .T. ) ;
#2791 = CARTESIAN_POINT ( 'NONE',  ( -1.350000000000000533, 0.3500000000000000333, -0.4700000000000000289 ) ) ;
#2792 = VECTOR ( 'NONE', #1820, 39.37007874015748143 ) ;
#2793 = CARTESIAN_POINT ( 'NONE',  ( -1.459999999999999964, 0.2500000000000000000, 0.6300000000000001155 ) ) ;
#2794 = EDGE_LOOP ( 'NONE', ( #328, #2321, #140, #1914 ) ) ;
#2795 = CARTESIAN_POINT ( 'NONE',  ( 1.250000000000000000, 0.000000000000000000, 1.080000000000000071 ) ) ;
#2796 = AXIS2_PLACEMENT_3D ( 'NONE', #3028, #784, #18 ) ;
#2797 = CARTESIAN_POINT ( 'NONE',  ( 1.458578643762689531, 0.2500000000000000000, 1.357106781186546929 ) ) ;
#2798 = CARTESIAN_POINT ( 'NONE',  ( 1.910000000000000142, 0.000000000000000000, -0.4199999999999999845 ) ) ;
#2799 = VERTEX_POINT ( 'NONE', #2585 ) ;
#2800 = EDGE_CURVE ( 'NONE', #2015, #1632, #2858, .T. ) ;
#2801 = CARTESIAN_POINT ( 'NONE',  ( 1.249999999999999556, 1.250000000000000000, -0.07000000000000000666 ) ) ;
#2802 = FACE_OUTER_BOUND ( 'NONE', #2907, .T. ) ;
#2803 = DIRECTION ( 'NONE',  ( 0.000000000000000000, 0.000000000000000000, -1.000000000000000000 ) ) ;
#2804 = CARTESIAN_POINT ( 'NONE',  ( 0.000000000000000000, 0.000000000000000000, -1.130000000000000115 ) ) ;
#2805 = EDGE_CURVE ( 'NONE', #2993, #949, #308, .T. ) ;
#2806 = EDGE_CURVE ( 'NONE', #1720, #1222, #1038, .T. ) ;
#2807 = ORIENTED_EDGE ( 'NONE', *, *, #1392, .T. ) ;
#2808 = DIRECTION ( 'NONE',  ( -1.000000000000000000, 0.000000000000000000, 0.000000000000000000 ) ) ;
#2809 = LINE ( 'NONE', #978, #2330 ) ;
#2810 = AXIS2_PLACEMENT_3D ( 'NONE', #2132, #353, #113 ) ;
#2811 = EDGE_LOOP ( 'NONE', ( #1880, #1274, #1718, #3281, #2143, #2883, #2623, #1757 ) ) ;
#2812 = LINE ( 'NONE', #996, #724 ) ;
#2813 = AXIS2_PLACEMENT_3D ( 'NONE', #976, #3042, #734 ) ;
#2814 = LINE ( 'NONE', #514, #892 ) ;
#2815 = ORIENTED_EDGE ( 'NONE', *, *, #1762, .T. ) ;
#2816 =( CONVERSION_BASED_UNIT ( 'INCH', #1854 ) LENGTH_UNIT ( ) NAMED_UNIT ( #3007 ) );
#2817 = DIRECTION ( 'NONE',  ( -1.000000000000000000, 0.000000000000000000, 0.000000000000000000 ) ) ;
#2818 = ORIENTED_EDGE ( 'NONE', *, *, #2216, .F. ) ;
#2819 = DIRECTION ( 'NONE',  ( 1.000000000000000000, 0.000000000000000000, 1.092739197465705287E-15 ) ) ;
#2820 = CARTESIAN_POINT ( 'NONE',  ( 0.000000000000000000, 0.2500000000000000000, -0.4700000000000000289 ) ) ;
#2821 = DIRECTION ( 'NONE',  ( -0.000000000000000000, 0.000000000000000000, 1.000000000000000000 ) ) ;
#2822 = VECTOR ( 'NONE', #1802, 39.37007874015748143 ) ;
#2823 = FACE_OUTER_BOUND ( 'NONE', #3136, .T. ) ;
#2824 = DIRECTION ( 'NONE',  ( 0.000000000000000000, 1.000000000000000000, -0.000000000000000000 ) ) ;
#2825 = ORIENTED_EDGE ( 'NONE', *, *, #596, .F. ) ;
#2826 = AXIS2_PLACEMENT_3D ( 'NONE', #2339, #52, #501 ) ;
#2827 = VERTEX_POINT ( 'NONE', #1360 ) ;
#2828 = EDGE_CURVE ( 'NONE', #3315, #949, #1381, .T. ) ;
#2829 = LINE ( 'NONE', #1775, #1306 ) ;
#2830 = ORIENTED_EDGE ( 'NONE', *, *, #650, .T. ) ;
#2831 = CARTESIAN_POINT ( 'NONE',  ( -1.789289321881344597, 0.000000000000000000, -0.6799999999999960520 ) ) ;
#2832 = EDGE_CURVE ( 'NONE', #3309, #3291, #938, .T. ) ;
#2833 = EDGE_LOOP ( 'NONE', ( #508, #1668, #2420, #2604 ) ) ;
#2834 = CIRCLE ( 'NONE', #530, 0.05000000000000000971 ) ;
#2835 = DIRECTION ( 'NONE',  ( 0.000000000000000000, 0.000000000000000000, 1.000000000000000000 ) ) ;
#2836 = ORIENTED_EDGE ( 'NONE', *, *, #1622, .F. ) ;
#2837 = DIRECTION ( 'NONE',  ( 0.000000000000000000, 0.000000000000000000, -1.000000000000000000 ) ) ;
#2838 = DIRECTION ( 'NONE',  ( -0.000000000000000000, -1.000000000000000000, 0.000000000000000000 ) ) ;
#2839 = DIRECTION ( 'NONE',  ( 0.000000000000000000, 0.000000000000000000, -1.000000000000000000 ) ) ;
#2840 = CARTESIAN_POINT ( 'NONE',  ( -1.459999999999999964, 0.000000000000000000, -1.009289321881344570 ) ) ;
#2841 = DIRECTION ( 'NONE',  ( 0.000000000000000000, 1.000000000000000000, 0.000000000000000000 ) ) ;
#2842 = CIRCLE ( 'NONE', #1065, 0.05000000000000000971 ) ;
#2843 = EDGE_LOOP ( 'NONE', ( #197, #630, #819, #1073, #136, #1582, #594 ) ) ;
#2844 = LINE ( 'NONE', #2078, #3063 ) ;
#2845 = VERTEX_POINT ( 'NONE', #120 ) ;
#2846 = DIRECTION ( 'NONE',  ( 0.000000000000000000, 0.000000000000000000, -1.000000000000000000 ) ) ;
#2847 = LINE ( 'NONE', #1285, #2439 ) ;
#2848 = EDGE_CURVE ( 'NONE', #2163, #246, #2107, .T. ) ;
#2849 = CYLINDRICAL_SURFACE ( 'NONE', #1452, 0.05000000000000000971 ) ;
#2850 = CARTESIAN_POINT ( 'NONE',  ( -1.409999999999999920, 0.000000000000000000, 0.6800000000000001599 ) ) ;
#2851 = CIRCLE ( 'NONE', #1386, 0.05000000000000000971 ) ;
#2852 = ORIENTED_EDGE ( 'NONE', *, *, #3017, .T. ) ;
#2853 = EDGE_CURVE ( 'NONE', #2773, #2048, #3268, .T. ) ;
#2854 = CARTESIAN_POINT ( 'NONE',  ( -1.910000000000000142, 0.2500000000000000000, 0.4200000000000003730 ) ) ;
#2855 = LINE ( 'NONE', #1271, #2310 ) ;
#2856 = ORIENTED_EDGE ( 'NONE', *, *, #565, .F. ) ;
#2857 = CARTESIAN_POINT ( 'NONE',  ( -2.207106781186546129, 0.1499999999999989397, 0.7500000000000004441 ) ) ;
#2858 = LINE ( 'NONE', #557, #1357 ) ;
#2859 = DIRECTION ( 'NONE',  ( 0.000000000000000000, 0.000000000000000000, 1.000000000000000000 ) ) ;
#2860 = EDGE_LOOP ( 'NONE', ( #786, #1490, #2869, #1689 ) ) ;
#2861 = EDGE_LOOP ( 'NONE', ( #365, #2583, #59, #1926, #220, #2735 ) ) ;
#2862 = DIRECTION ( 'NONE',  ( 1.000000000000000000, 0.000000000000000000, -9.106159978880878627E-17 ) ) ;
#2863 = EDGE_CURVE ( 'NONE', #3297, #854, #2385, .T. ) ;
#2864 = LINE ( 'NONE', #2622, #123 ) ;
#2865 = VERTEX_POINT ( 'NONE', #2122 ) ;
#2866 = LINE ( 'NONE', #566, #2792 ) ;
#2867 = EDGE_CURVE ( 'NONE', #172, #1206, #1109, .T. ) ;
#2868 = CARTESIAN_POINT ( 'NONE',  ( 1.500000000000000222, 0.000000000000000000, -1.457106781186548794 ) ) ;
#2869 = ORIENTED_EDGE ( 'NONE', *, *, #827, .F. ) ;
#2870 = CARTESIAN_POINT ( 'NONE',  ( -1.459999999999999964, 0.000000000000000000, -1.009289321881344570 ) ) ;
#2871 = FACE_OUTER_BOUND ( 'NONE', #2642, .T. ) ;
#2872 = LINE ( 'NONE', #574, #2465 ) ;
#2873 = FACE_OUTER_BOUND ( 'NONE', #670, .T. ) ;
#2874 = DIRECTION ( 'NONE',  ( -1.000000000000000000, 0.000000000000000000, 9.106159978880878627E-17 ) ) ;
#2875 = ORIENTED_EDGE ( 'NONE', *, *, #469, .T. ) ;
#2876 = CIRCLE ( 'NONE', #1410, 0.1000000000000000194 ) ;
#2877 = EDGE_LOOP ( 'NONE', ( #1833, #1819, #1177, #2933 ) ) ;
#2878 = CIRCLE ( 'NONE', #2549, 0.05000000000000000971 ) ;
#2879 = PLANE ( 'NONE',  #3176 ) ;
#2880 = AXIS2_PLACEMENT_3D ( 'NONE', #1041, #14, #3073 ) ;
#2881 = CARTESIAN_POINT ( 'NONE',  ( -1.200000000000000178, 0.2500000000000000000, -1.130000000000000115 ) ) ;
#2882 = DIRECTION ( 'NONE',  ( 1.000000000000000000, -0.000000000000000000, 0.000000000000000000 ) ) ;
#2883 = ORIENTED_EDGE ( 'NONE', *, *, #1603, .T. ) ;
#2884 = AXIS2_PLACEMENT_3D ( 'NONE', #1253, #284, #1218 ) ;
#2885 = DIRECTION ( 'NONE',  ( 0.000000000000000000, -1.000000000000000000, -0.000000000000000000 ) ) ;
#2886 = ORIENTED_EDGE ( 'NONE', *, *, #1608, .F. ) ;
#2887 = EDGE_CURVE ( 'NONE', #263, #803, #1879, .T. ) ;
#2888 = CARTESIAN_POINT ( 'NONE',  ( 1.407842712474619784, 0.2500000000000000000, 1.407842712474616231 ) ) ;
#2889 = CARTESIAN_POINT ( 'NONE',  ( -1.250000000000000666, 0.3500000000000000888, 0.000000000000000000 ) ) ;
#2890 = DIRECTION ( 'NONE',  ( 0.000000000000000000, -1.000000000000000000, 0.000000000000000000 ) ) ;
#2891 = CARTESIAN_POINT ( 'NONE',  ( -6.712150520433254955E-15, 0.2500000000000000000, -0.6300000000000151035 ) ) ;
#2892 = VERTEX_POINT ( 'NONE', #1620 ) ;
#2893 = EDGE_CURVE ( 'NONE', #2287, #1329, #359, .T. ) ;
#2894 = ORIENTED_EDGE ( 'NONE', *, *, #1978, .F. ) ;
#2895 = DIRECTION ( 'NONE',  ( -1.000000000000000000, 0.000000000000000000, 0.000000000000000000 ) ) ;
#2896 = ORIENTED_EDGE ( 'NONE', *, *, #2553, .T. ) ;
#2897 = VECTOR ( 'NONE', #1071, 39.37007874015748143 ) ;
#2898 = CIRCLE ( 'NONE', #1600, 0.1000000000000000194 ) ;
#2899 = CARTESIAN_POINT ( 'NONE',  ( 0.000000000000000000, 1.250000000000000000, -0.07000000000000000666 ) ) ;
#2900 = CARTESIAN_POINT ( 'NONE',  ( -1.100000000000000089, 0.9434522436671697321, 0.1699999999999999567 ) ) ;
#2901 = ORIENTED_EDGE ( 'NONE', *, *, #452, .F. ) ;
#2902 = CARTESIAN_POINT ( 'NONE',  ( 0.000000000000000000, 0.000000000000000000, 0.4699999999999999734 ) ) ;
#2903 = FACE_OUTER_BOUND ( 'NONE', #2033, .T. ) ;
#2904 = EDGE_CURVE ( 'NONE', #1800, #2865, #2414, .T. ) ;
#2905 = ORIENTED_EDGE ( 'NONE', *, *, #2763, .T. ) ;
#2906 = FACE_OUTER_BOUND ( 'NONE', #692, .T. ) ;
#2907 = EDGE_LOOP ( 'NONE', ( #3080, #1019, #2557, #3161, #1987 ) ) ;
#2908 = EDGE_CURVE ( 'NONE', #2892, #460, #764, .T. ) ;
#2909 = EDGE_CURVE ( 'NONE', #1551, #2789, #2441, .T. ) ;
#2910 = VECTOR ( 'NONE', #304, 39.37007874015748143 ) ;
#2911 = FACE_OUTER_BOUND ( 'NONE', #2833, .T. ) ;
#2912 = DIRECTION ( 'NONE',  ( -1.000000000000000000, 0.000000000000000000, 0.000000000000000000 ) ) ;
#2913 = PLANE ( 'NONE',  #951 ) ;
#2914 = VERTEX_POINT ( 'NONE', #306 ) ;
#2915 = DIRECTION ( 'NONE',  ( 0.000000000000000000, 0.000000000000000000, 1.000000000000000000 ) ) ;
#2916 = ORIENTED_EDGE ( 'NONE', *, *, #2409, .F. ) ;
#2917 = FACE_BOUND ( 'NONE', #959, .T. ) ;
#2918 = AXIS2_PLACEMENT_3D ( 'NONE', #622, #392, #1874 ) ;
#2919 = DIRECTION ( 'NONE',  ( -0.000000000000000000, -0.000000000000000000, 1.000000000000000000 ) ) ;
#2920 = CARTESIAN_POINT ( 'NONE',  ( -1.200000000000000622, 0.2500000000000000000, -0.6300000000000001155 ) ) ;
#2921 = CARTESIAN_POINT ( 'NONE',  ( 1.459999999999999964, 0.000000000000000000, -1.009289321881345014 ) ) ;
#2922 = DIRECTION ( 'NONE',  ( 0.000000000000000000, -1.000000000000000000, 0.000000000000000000 ) ) ;
#2923 = EDGE_CURVE ( 'NONE', #1424, #1132, #3322, .T. ) ;
#2924 = ORIENTED_EDGE ( 'NONE', *, *, #1528, .F. ) ;
#2925 = FACE_OUTER_BOUND ( 'NONE', #3255, .T. ) ;
#2926 = EDGE_CURVE ( 'NONE', #1542, #1863, #2661, .T. ) ;
#2927 = ORIENTED_EDGE ( 'NONE', *, *, #2501, .F. ) ;
#2928 = AXIS2_PLACEMENT_3D ( 'NONE', #3019, #162, #1199 ) ;
#2929 = VECTOR ( 'NONE', #127, 39.37007874015748143 ) ;
#2930 = DIRECTION ( 'NONE',  ( 0.000000000000000000, 0.000000000000000000, -1.000000000000000000 ) ) ;
#2931 = CIRCLE ( 'NONE', #979, 0.05000000000000000971 ) ;
#2932 = CARTESIAN_POINT ( 'NONE',  ( -1.407842712474620672, 0.2500000000000000000, 1.407842712474616897 ) ) ;
#2933 = ORIENTED_EDGE ( 'NONE', *, *, #2254, .T. ) ;
#2934 = ADVANCED_FACE ( 'NONE', ( #2074 ), #1839, .F. ) ;
#2935 = CARTESIAN_POINT ( 'NONE',  ( 2.207106781186546129, 0.2500000000000000000, 0.7499999999999997780 ) ) ;
#2936 = AXIS2_PLACEMENT_3D ( 'NONE', #1988, #1726, #2746 ) ;
#2937 = FACE_BOUND ( 'NONE', #142, .T. ) ;
#2938 = DIRECTION ( 'NONE',  ( 0.000000000000000000, 0.000000000000000000, 1.000000000000000000 ) ) ;
#2939 = DIRECTION ( 'NONE',  ( 0.000000000000000000, 0.000000000000000000, -1.000000000000000000 ) ) ;
#2940 = ORIENTED_EDGE ( 'NONE', *, *, #2908, .F. ) ;
#2941 = CARTESIAN_POINT ( 'NONE',  ( -1.459999999999999964, 0.2500000000000000000, -1.009289321881344570 ) ) ;
#2942 = CARTESIAN_POINT ( 'NONE',  ( 1.789289321881344819, 0.000000000000000000, -0.6300000000000001155 ) ) ;
#2943 = EDGE_LOOP ( 'NONE', ( #3029, #3196, #211, #1319 ) ) ;
#2944 = ORIENTED_EDGE ( 'NONE', *, *, #1566, .F. ) ;
#2945 = DIRECTION ( 'NONE',  ( -0.7071067811865486830, 0.000000000000000000, 0.7071067811865463515 ) ) ;
#2946 = CARTESIAN_POINT ( 'NONE',  ( 1.100000000000000089, 0.2500000000000000000, -0.4700000000000000289 ) ) ;
#2947 = EDGE_CURVE ( 'NONE', #1878, #988, #1414, .T. ) ;
#2948 = VERTEX_POINT ( 'NONE', #2801 ) ;
#2949 = LINE ( 'NONE', #1159, #1315 ) ;
#2950 = ADVANCED_FACE ( 'NONE', ( #2270 ), #1238, .F. ) ;
#2951 = CARTESIAN_POINT ( 'NONE',  ( -1.409999999999999920, 0.2500000000000000000, -0.6799999999999996048 ) ) ;
#2952 = CIRCLE ( 'NONE', #543, 0.05000000000000000971 ) ;
#2953 = CARTESIAN_POINT ( 'NONE',  ( 1.860000000000000098, 0.000000000000000000, 0.4199999999999999845 ) ) ;
#2954 = CIRCLE ( 'NONE', #1054, 0.05000000000000000971 ) ;
#2955 = ORIENTED_EDGE ( 'NONE', *, *, #769, .T. ) ;
#2956 = VECTOR ( 'NONE', #738, 39.37007874015748143 ) ;
#2957 = ORIENTED_EDGE ( 'NONE', *, *, #372, .T. ) ;
#2958 = CARTESIAN_POINT ( 'NONE',  ( -1.459999999999999964, 0.000000000000000000, -1.009289321881344570 ) ) ;
#2959 = EDGE_LOOP ( 'NONE', ( #2757, #1097, #2253, #3193, #2371, #1240 ) ) ;
#2960 = ORIENTED_EDGE ( 'NONE', *, *, #629, .F. ) ;
#2961 = LINE ( 'NONE', #399, #766 ) ;
#2962 = CARTESIAN_POINT ( 'NONE',  ( 1.100000000000000089, 1.250000000000000000, 0.3699999999999999956 ) ) ;
#2963 = DIRECTION ( 'NONE',  ( -0.000000000000000000, -1.000000000000000000, -0.000000000000000000 ) ) ;
#2964 = FACE_OUTER_BOUND ( 'NONE', #2550, .T. ) ;
#2965 = EDGE_LOOP ( 'NONE', ( #2095, #1257, #2418, #194 ) ) ;
#2966 = FACE_OUTER_BOUND ( 'NONE', #1310, .T. ) ;
#2967 = ADVANCED_FACE ( 'NONE', ( #2597 ), #1783, .T. ) ;
#2968 = LINE ( 'NONE', #666, #2997 ) ;
#2969 = CARTESIAN_POINT ( 'NONE',  ( -1.910000000000000142, 0.000000000000000000, 0.000000000000000000 ) ) ;
#2970 = EDGE_CURVE ( 'NONE', #1863, #2777, #68, .T. ) ;
#2971 = EDGE_CURVE ( 'NONE', #313, #2326, #255, .T. ) ;
#2972 = CARTESIAN_POINT ( 'NONE',  ( 1.860000000000000098, 0.000000000000000000, 0.4699999999999999734 ) ) ;
#2973 = VECTOR ( 'NONE', #829, 39.37007874015748143 ) ;
#2974 = ORIENTED_EDGE ( 'NONE', *, *, #554, .T. ) ;
#2975 = ORIENTED_EDGE ( 'NONE', *, *, #1566, .T. ) ;
#2976 = VECTOR ( 'NONE', #2509, 39.37007874015748143 ) ;
#2977 = DIRECTION ( 'NONE',  ( 0.000000000000000000, 0.000000000000000000, -1.000000000000000000 ) ) ;
#2978 = EDGE_CURVE ( 'NONE', #2484, #276, #778, .T. ) ;
#2979 = VERTEX_POINT ( 'NONE', #3055 ) ;
#2980 = VERTEX_POINT ( 'NONE', #2566 ) ;
#2981 = FACE_OUTER_BOUND ( 'NONE', #852, .T. ) ;
#2982 = CARTESIAN_POINT ( 'NONE',  ( 1.100000000000000089, 0.8653041627375854805, -0.1700000000000001232 ) ) ;
#2983 = CARTESIAN_POINT ( 'NONE',  ( -1.250000000000000666, 1.250000000000000000, 0.4700000000000003064 ) ) ;
#2984 = ORIENTED_EDGE ( 'NONE', *, *, #1688, .F. ) ;
#2985 = VECTOR ( 'NONE', #3076, 39.37007874015748143 ) ;
#2986 = LINE ( 'NONE', #2489, #1913 ) ;
#2987 = VECTOR ( 'NONE', #1402, 39.37007874015748143 ) ;
#2988 = CARTESIAN_POINT ( 'NONE',  ( 1.100000000000000089, 0.2500000000000000000, 0.4700000000000000289 ) ) ;
#2989 = VECTOR ( 'NONE', #1023, 39.37007874015748143 ) ;
#2990 = FILL_AREA_STYLE ('',( #2765 ) ) ;
#2991 = DIRECTION ( 'NONE',  ( 1.000000000000000000, 0.000000000000000000, -0.000000000000000000 ) ) ;
#2992 = DIRECTION ( 'NONE',  ( 0.000000000000000000, 0.000000000000000000, -1.000000000000000000 ) ) ;
#2993 = VERTEX_POINT ( 'NONE', #1823 ) ;
#2994 = B_SPLINE_CURVE_WITH_KNOTS ( 'NONE', 3,
 ( #385, #2982, #2725, #2946 ),
 .UNSPECIFIED., .F., .F.,
 ( 4, 4 ),
 ( 0.000000000000000000, 1.000000000000000000 ),
 .UNSPECIFIED. ) ;
#2995 = EDGE_CURVE ( 'NONE', #2234, #313, #2542, .T. ) ;
#2996 = CARTESIAN_POINT ( 'NONE',  ( -1.860000000000000098, 0.000000000000000000, -0.4199999999999995959 ) ) ;
#2997 = VECTOR ( 'NONE', #146, 39.37007874015748143 ) ;
#2998 = ORIENTED_EDGE ( 'NONE', *, *, #1603, .F. ) ;
#2999 = VECTOR ( 'NONE', #117, 39.37007874015748143 ) ;
#3000 = EDGE_CURVE ( 'NONE', #1180, #1197, #1258, .T. ) ;
#3001 = VERTEX_POINT ( 'NONE', #2305 ) ;
#3002 = FACE_OUTER_BOUND ( 'NONE', #2106, .T. ) ;
#3003 = CARTESIAN_POINT ( 'NONE',  ( -1.789289321881344597, 0.000000000000000000, -0.6799999999999960520 ) ) ;
#3004 = CARTESIAN_POINT ( 'NONE',  ( -1.250000000000000666, 1.250000000000000000, 0.07000000000000000666 ) ) ;
#3005 = EDGE_LOOP ( 'NONE', ( #321, #1703, #2399, #973, #762, #1442, #1681, #1454 ) ) ;
#3006 = DIRECTION ( 'NONE',  ( 0.000000000000000000, 1.000000000000000000, 0.000000000000000000 ) ) ;
#3007 = DIMENSIONAL_EXPONENTS ( 1.000000000000000000, 0.000000000000000000, 0.000000000000000000, 0.000000000000000000, 0.000000000000000000, 0.000000000000000000, 0.000000000000000000 ) ;
#3008 = DIRECTION ( 'NONE',  ( 0.000000000000000000, 0.000000000000000000, 1.000000000000000000 ) ) ;
#3009 = ORIENTED_EDGE ( 'NONE', *, *, #1105, .F. ) ;
#3010 = DIRECTION ( 'NONE',  ( 0.000000000000000000, -1.000000000000000000, 0.000000000000000000 ) ) ;
#3011 = VECTOR ( 'NONE', #701, 39.37007874015748143 ) ;
#3012 = VERTEX_POINT ( 'NONE', #2857 ) ;
#3013 = EDGE_CURVE ( 'NONE', #2589, #1142, #35, .T. ) ;
#3014 = VECTOR ( 'NONE', #3058, 39.37007874015748143 ) ;
#3015 = VERTEX_POINT ( 'NONE', #2058 ) ;
#3016 = VERTEX_POINT ( 'NONE', #3092 ) ;
#3017 = EDGE_CURVE ( 'NONE', #1022, #1383, #3131, .T. ) ;
#3018 = DIRECTION ( 'NONE',  ( 0.000000000000000000, 0.000000000000000000, 1.000000000000000000 ) ) ;
#3019 = CARTESIAN_POINT ( 'NONE',  ( -1.860000000000000098, 0.000000000000000000, -0.4199999999999995959 ) ) ;
#3020 = EDGE_LOOP ( 'NONE', ( #642, #1851, #609, #2719 ) ) ;
#3021 = DIRECTION ( 'NONE',  ( 0.000000000000000000, 1.000000000000000000, -0.000000000000000000 ) ) ;
#3022 = LINE ( 'NONE', #1809, #1001 ) ;
#3023 = DIRECTION ( 'NONE',  ( 0.000000000000000000, -1.000000000000000000, 0.000000000000000000 ) ) ;
#3024 = CARTESIAN_POINT ( 'NONE',  ( -1.250000000000000666, 1.150000000000000133, -0.4700000000000000289 ) ) ;
#3025 = VERTEX_POINT ( 'NONE', #538 ) ;
#3026 = LINE ( 'NONE', #716, #1961 ) ;
#3027 = VERTEX_POINT ( 'NONE', #2584 ) ;
#3028 = CARTESIAN_POINT ( 'NONE',  ( 1.860000000000000098, 0.2500000000000000000, -0.4199999999999999845 ) ) ;
#3029 = ORIENTED_EDGE ( 'NONE', *, *, #1648, .F. ) ;
#3030 = ORIENTED_EDGE ( 'NONE', *, *, #248, .F. ) ;
#3031 = VERTEX_POINT ( 'NONE', #292 ) ;
#3032 = CARTESIAN_POINT ( 'NONE',  ( 1.100000000000000089, 0.2500000000000000000, -0.4700000000000000289 ) ) ;
#3033 = ADVANCED_FACE ( 'NONE', ( #1295 ), #1908, .F. ) ;
#3034 = ADVANCED_FACE ( 'NONE', ( #1122, #99, #2612, #84, #3146, #1634, #2917, #2937, #1614, #1598, #3181 ), #637, .F. ) ;
#3035 = CARTESIAN_POINT ( 'NONE',  ( -2.207106781186546129, 0.2500000000000000000, -0.7499999999999996669 ) ) ;
#3036 = VECTOR ( 'NONE', #448, 39.37007874015748143 ) ;
#3037 = DIRECTION ( 'NONE',  ( -0.000000000000000000, -0.000000000000000000, 1.000000000000000000 ) ) ;
#3038 = VECTOR ( 'NONE', #340, 39.37007874015748143 ) ;
#3039 = ORIENTED_EDGE ( 'NONE', *, *, #283, .T. ) ;
#3040 = LINE ( 'NONE', #1223, #311 ) ;
#3041 = DIRECTION ( 'NONE',  ( 0.000000000000000000, 0.000000000000000000, -1.000000000000000000 ) ) ;
#3042 = DIRECTION ( 'NONE',  ( -0.000000000000000000, 1.000000000000000000, -0.000000000000000000 ) ) ;
#3043 = ORIENTED_EDGE ( 'NONE', *, *, #3081, .F. ) ;
#3044 = AXIS2_PLACEMENT_3D ( 'NONE', #1446, #3006, #1716 ) ;
#3045 = VERTEX_POINT ( 'NONE', #2664 ) ;
#3046 = CARTESIAN_POINT ( 'NONE',  ( -1.459999999999999964, 0.000000000000000000, -0.4199999999999995959 ) ) ;
#3047 = ORIENTED_EDGE ( 'NONE', *, *, #982, .T. ) ;
#3048 = CARTESIAN_POINT ( 'NONE',  ( 1.100000000000000089, 0.2500000000000000000, -0.4700000000000000289 ) ) ;
#3049 = ADVANCED_FACE ( 'NONE', ( #1924 ), #133, .F. ) ;
#3050 = CARTESIAN_POINT ( 'NONE',  ( 1.269750291207942139, 0.000000000000000000, 1.270082328485097500 ) ) ;
#3051 = PRESENTATION_STYLE_ASSIGNMENT (( #2502 ) ) ;
#3052 = ADVANCED_FACE ( 'NONE', ( #1089 ), #1857, .F. ) ;
#3053 = DIRECTION ( 'NONE',  ( 0.7071067811865474617, 0.000000000000000000, -0.7071067811865475727 ) ) ;
#3054 = ORIENTED_EDGE ( 'NONE', *, *, #3191, .T. ) ;
#3055 = CARTESIAN_POINT ( 'NONE',  ( 1.459999999999999964, 0.000000000000000000, -0.4699999999999999178 ) ) ;
#3056 = DIRECTION ( 'NONE',  ( 0.000000000000000000, 1.000000000000000000, 0.000000000000000000 ) ) ;
#3057 = DIRECTION ( 'NONE',  ( 0.000000000000000000, 0.000000000000000000, 1.000000000000000000 ) ) ;
#3058 = DIRECTION ( 'NONE',  ( 0.000000000000000000, 1.000000000000000000, 0.000000000000000000 ) ) ;
#3059 = ORIENTED_EDGE ( 'NONE', *, *, #2724, .T. ) ;
#3060 = VECTOR ( 'NONE', #2055, 39.37007874015748143 ) ;
#3061 = AXIS2_PLACEMENT_3D ( 'NONE', #540, #294, #2045 ) ;
#3062 = VERTEX_POINT ( 'NONE', #2629 ) ;
#3063 = VECTOR ( 'NONE', #1728, 39.37007874015748143 ) ;
#3064 = DIRECTION ( 'NONE',  ( 1.000000000000000000, 0.000000000000000000, -1.092739197465705287E-16 ) ) ;
#3065 = ORIENTED_EDGE ( 'NONE', *, *, #9, .T. ) ;
#3066 = LINE ( 'NONE', #3048, #1738 ) ;
#3067 = CARTESIAN_POINT ( 'NONE',  ( 1.100000000000000089, 1.250000000000000000, 0.1700000000000000677 ) ) ;
#3068 = ADVANCED_FACE ( 'NONE', ( #1358 ), #2355, .T. ) ;
#3069 = CIRCLE ( 'NONE', #187, 0.1000000000000000194 ) ;
#3070 = LINE ( 'NONE', #2040, #31 ) ;
#3071 = VERTEX_POINT ( 'NONE', #1104 ) ;
#3072 = VECTOR ( 'NONE', #2348, 39.37007874015748143 ) ;
#3073 = DIRECTION ( 'NONE',  ( 0.000000000000000000, 0.000000000000000000, -1.000000000000000000 ) ) ;
#3074 = EDGE_CURVE ( 'NONE', #2015, #1232, #1139, .T. ) ;
#3075 = EDGE_CURVE ( 'NONE', #1399, #2326, #1074, .T. ) ;
#3076 = DIRECTION ( 'NONE',  ( -0.000000000000000000, -1.000000000000000000, -0.000000000000000000 ) ) ;
#3077 = CARTESIAN_POINT ( 'NONE',  ( 1.824644660940672347, 0.000000000000000000, -0.7153553390593275774 ) ) ;
#3078 = CARTESIAN_POINT ( 'NONE',  ( 1.409999999999999920, 0.2500000000000000000, -0.6800000000000001599 ) ) ;
#3079 = DIRECTION ( 'NONE',  ( 1.000000000000000000, -0.000000000000000000, 0.000000000000000000 ) ) ;
#3080 = ORIENTED_EDGE ( 'NONE', *, *, #808, .T. ) ;
#3081 = EDGE_CURVE ( 'NONE', #2498, #1143, #2462, .T. ) ;
#3082 = ORIENTED_EDGE ( 'NONE', *, *, #967, .F. ) ;
#3083 = PLANE ( 'NONE',  #225 ) ;
#3084 = ORIENTED_EDGE ( 'NONE', *, *, #1871, .T. ) ;
#3085 = DIRECTION ( 'NONE',  ( 0.000000000000000000, -1.000000000000000000, 0.000000000000000000 ) ) ;
#3086 = CIRCLE ( 'NONE', #1624, 0.05000000000000000971 ) ;
#3087 = LINE ( 'NONE', #726, #1970 ) ;
#3088 = EDGE_LOOP ( 'NONE', ( #459, #2975, #1652, #302 ) ) ;
#3089 = FACE_OUTER_BOUND ( 'NONE', #2183, .T. ) ;
#3090 = CARTESIAN_POINT ( 'NONE',  ( -1.250000000000000666, 0.3500000000000000888, -0.07000000000000000666 ) ) ;
#3091 = ORIENTED_EDGE ( 'NONE', *, *, #150, .T. ) ;
#3092 = CARTESIAN_POINT ( 'NONE',  ( -1.495355339059327493, 0.000000000000000000, 1.044644660940672543 ) ) ;
#3093 = DIRECTION ( 'NONE',  ( 0.000000000000000000, 0.000000000000000000, -1.000000000000000000 ) ) ;
#3094 = CARTESIAN_POINT ( 'NONE',  ( -1.860000000000000098, 0.2500000000000000000, 0.4700000000000003619 ) ) ;
#3095 = AXIS2_PLACEMENT_3D ( 'NONE', #702, #206, #958 ) ;
#3096 = CARTESIAN_POINT ( 'NONE',  ( -1.499999999999999778, 0.1499999999999988842, 1.457106781186548794 ) ) ;
#3097 = ADVANCED_FACE ( 'NONE', ( #3162 ), #2152, .F. ) ;
#3098 = CARTESIAN_POINT ( 'NONE',  ( -1.824644660940672347, 0.000000000000000000, -0.7153553390593234695 ) ) ;
#3099 = ORIENTED_EDGE ( 'NONE', *, *, #2863, .T. ) ;
#3100 = EDGE_LOOP ( 'NONE', ( #537, #2658, #559, #2329 ) ) ;
#3101 = EDGE_CURVE ( 'NONE', #632, #1542, #1872, .T. ) ;
#3102 = CARTESIAN_POINT ( 'NONE',  ( -1.270000000000007567, 0.000000000000000000, -1.269999999999994023 ) ) ;
#3103 = DIRECTION ( 'NONE',  ( 0.000000000000000000, 0.000000000000000000, 1.000000000000000000 ) ) ;
#3104 = LINE ( 'NONE', #843, #1260 ) ;
#3105 = DIRECTION ( 'NONE',  ( -0.7071067811865465735, 0.000000000000000000, 0.7071067811865483499 ) ) ;
#3106 = ORIENTED_EDGE ( 'NONE', *, *, #138, .F. ) ;
#3107 = VECTOR ( 'NONE', #1644, 39.37007874015748143 ) ;
#3108 = APPLICATION_PROTOCOL_DEFINITION ( 'draft international standard', 'automotive_design', 1998, #838 ) ;
#3109 = PLANE ( 'NONE',  #2035 ) ;
#3110 = ORIENTED_EDGE ( 'NONE', *, *, #1229, .T. ) ;
#3111 = CARTESIAN_POINT ( 'NONE',  ( -1.250000000000001332, 0.000000000000000000, -1.365923996832132990E-15 ) ) ;
#3112 = CYLINDRICAL_SURFACE ( 'NONE', #626, 0.05000000000000000971 ) ;
#3113 = DIRECTION ( 'NONE',  ( -0.000000000000000000, -1.000000000000000000, 0.000000000000000000 ) ) ;
#3114 = CARTESIAN_POINT ( 'NONE',  ( 1.249999999999999556, 1.250000000000000000, 0.000000000000000000 ) ) ;
#3115 = VECTOR ( 'NONE', #2641, 39.37007874015748143 ) ;
#3116 = EDGE_LOOP ( 'NONE', ( #785, #2004, #1, #2029 ) ) ;
#3117 = FACE_OUTER_BOUND ( 'NONE', #2449, .T. ) ;
#3118 = EDGE_CURVE ( 'NONE', #198, #3062, #3022, .T. ) ;
#3119 = ORIENTED_EDGE ( 'NONE', *, *, #2405, .T. ) ;
#3120 = DIRECTION ( 'NONE',  ( 0.000000000000000000, 0.000000000000000000, 1.000000000000000000 ) ) ;
#3121 = EDGE_CURVE ( 'NONE', #2914, #2121, #2844, .T. ) ;
#3122 = ADVANCED_FACE ( 'NONE', ( #3117 ), #1828, .F. ) ;
#3123 = VECTOR ( 'NONE', #3008, 39.37007874015748143 ) ;
#3124 = FACE_OUTER_BOUND ( 'NONE', #2376, .T. ) ;
#3125 = AXIS2_PLACEMENT_3D ( 'NONE', #752, #1028, #2062 ) ;
#3126 = EDGE_LOOP ( 'NONE', ( #1183, #731, #3231, #243, #2276, #2115 ) ) ;
#3127 = VECTOR ( 'NONE', #3113, 39.37007874015748143 ) ;
#3128 = CARTESIAN_POINT ( 'NONE',  ( -1.860000000000000098, 0.2500000000000000000, 0.4200000000000003730 ) ) ;
#3129 = CARTESIAN_POINT ( 'NONE',  ( 0.000000000000000000, 0.2500000000000000000, -0.6300000000000001155 ) ) ;
#3130 = ORIENTED_EDGE ( 'NONE', *, *, #3101, .T. ) ;
#3131 = LINE ( 'NONE', #780, #2552 ) ;
#3132 = CARTESIAN_POINT ( 'NONE',  ( 1.860000000000000098, 0.000000000000000000, 0.4699999999999999734 ) ) ;
#3133 = LINE ( 'NONE', #1586, #3127 ) ;
#3134 = LINE ( 'NONE', #1539, #1953 ) ;
#3135 = VERTEX_POINT ( 'NONE', #2742 ) ;
#3136 = EDGE_LOOP ( 'NONE', ( #2836, #1367, #1111, #3155 ) ) ;
#3137 = LINE ( 'NONE', #823, #1114 ) ;
#3138 = DIRECTION ( 'NONE',  ( 0.000000000000000000, 0.000000000000000000, -1.000000000000000000 ) ) ;
#3139 = EDGE_CURVE ( 'NONE', #1265, #3045, #2952, .T. ) ;
#3140 = ORIENTED_EDGE ( 'NONE', *, *, #2100, .F. ) ;
#3141 = VECTOR ( 'NONE', #915, 39.37007874015748143 ) ;
#3142 = DIRECTION ( 'NONE',  ( 0.000000000000000000, 1.000000000000000000, -0.000000000000000000 ) ) ;
#3143 = CYLINDRICAL_SURFACE ( 'NONE', #2372, 0.05000000000000000971 ) ;
#3144 = EDGE_CURVE ( 'NONE', #1720, #3315, #2148, .T. ) ;
#3145 = VERTEX_POINT ( 'NONE', #3024 ) ;
#3146 = FACE_BOUND ( 'NONE', #1541, .T. ) ;
#3147 = CARTESIAN_POINT ( 'NONE',  ( 1.500000000000000222, 0.1499999999999988842, -1.457106781186548794 ) ) ;
#3148 = LINE ( 'NONE', #591, #446 ) ;
#3149 = VERTEX_POINT ( 'NONE', #728 ) ;
#3150 = AXIS2_PLACEMENT_3D ( 'NONE', #3292, #1653, #2977 ) ;
#3151 = VERTEX_POINT ( 'NONE', #2022 ) ;
#3152 = AXIS2_PLACEMENT_3D ( 'NONE', #232, #1233, #2264 ) ;
#3153 = CARTESIAN_POINT ( 'NONE',  ( 1.249999999999999556, 1.250000000000000000, -0.4700000000000000289 ) ) ;
#3154 = VECTOR ( 'NONE', #840, 39.37007874015748854 ) ;
#3155 = ORIENTED_EDGE ( 'NONE', *, *, #895, .T. ) ;
#3156 = VECTOR ( 'NONE', #1973, 39.37007874015748143 ) ;
#3157 = ADVANCED_FACE ( 'NONE', ( #439 ), #3317, .F. ) ;
#3158 = LINE ( 'NONE', #2386, #2973 ) ;
#3159 = CIRCLE ( 'NONE', #3282, 0.1000000000000000194 ) ;
#3160 = LINE ( 'NONE', #1138, #879 ) ;
#3161 = ORIENTED_EDGE ( 'NONE', *, *, #481, .T. ) ;
#3162 = FACE_OUTER_BOUND ( 'NONE', #2344, .T. ) ;
#3163 = EDGE_CURVE ( 'NONE', #396, #2300, #1493, .T. ) ;
#3164 = CARTESIAN_POINT ( 'NONE',  ( 1.100000000000000089, 0.9434522436671697321, 0.1699999999999999567 ) ) ;
#3165 = LINE ( 'NONE', #1893, #3189 ) ;
#3166 = ORIENTED_EDGE ( 'NONE', *, *, #2970, .F. ) ;
#3167 = DIRECTION ( 'NONE',  ( 1.000000000000000000, -0.000000000000000000, 0.000000000000000000 ) ) ;
#3168 = MANIFOLD_SOLID_BREP ( 'Fillet3', #2249 ) ;
#3169 = VERTEX_POINT ( 'NONE', #2797 ) ;
#3170 = DIRECTION ( 'NONE',  ( -0.000000000000000000, -1.000000000000000000, -0.000000000000000000 ) ) ;
#3171 = ORIENTED_EDGE ( 'NONE', *, *, #1963, .T. ) ;
#3172 = DIRECTION ( 'NONE',  ( 0.000000000000000000, -1.000000000000000000, 0.000000000000000000 ) ) ;
#3173 = CARTESIAN_POINT ( 'NONE',  ( 0.000000000000000000, 0.000000000000000000, -0.6300000000000001155 ) ) ;
#3174 = ORIENTED_EDGE ( 'NONE', *, *, #2038, .F. ) ;
#3175 = VECTOR ( 'NONE', #1261, 39.37007874015748143 ) ;
#3176 = AXIS2_PLACEMENT_3D ( 'NONE', #106, #1866, #3120 ) ;
#3177 = DIRECTION ( 'NONE',  ( 0.000000000000000000, -1.000000000000000000, 0.000000000000000000 ) ) ;
#3178 = FACE_OUTER_BOUND ( 'NONE', #3005, .T. ) ;
#3179 = ORIENTED_EDGE ( 'NONE', *, *, #2365, .F. ) ;
#3180 = EDGE_CURVE ( 'NONE', #2368, #198, #1491, .T. ) ;
#3181 = FACE_BOUND ( 'NONE', #640, .T. ) ;
#3182 = CARTESIAN_POINT ( 'NONE',  ( -1.860000000000000098, 0.2500000000000000000, -0.4199999999999995959 ) ) ;
#3183 = CARTESIAN_POINT ( 'NONE',  ( -1.350000000000000533, 0.3500000000000000333, 0.4700000000000003064 ) ) ;
#3184 = DIRECTION ( 'NONE',  ( 1.000000000000000000, 0.000000000000000000, 0.000000000000000000 ) ) ;
#3185 = EDGE_CURVE ( 'NONE', #2383, #1237, #499, .T. ) ;
#3186 = CARTESIAN_POINT ( 'NONE',  ( 0.000000000000000000, 0.2500000000000000000, -0.6300000000000001155 ) ) ;
#3187 = LINE ( 'NONE', #673, #2010 ) ;
#3188 = ORIENTED_EDGE ( 'NONE', *, *, #1085, .T. ) ;
#3189 = VECTOR ( 'NONE', #2874, 39.37007874015748143 ) ;
#3190 = CARTESIAN_POINT ( 'NONE',  ( 1.824644660940672347, 0.2500000000000000000, -0.7153553390593275774 ) ) ;
#3191 = EDGE_CURVE ( 'NONE', #1878, #276, #2250, .T. ) ;
#3192 = VECTOR ( 'NONE', #366, 39.37007874015748143 ) ;
#3193 = ORIENTED_EDGE ( 'NONE', *, *, #1126, .T. ) ;
#3194 = CARTESIAN_POINT ( 'NONE',  ( 1.910000000000000142, 0.2500000000000000000, 0.4199999999999999845 ) ) ;
#3195 = CARTESIAN_POINT ( 'NONE',  ( 1.349999999999999423, 0.2500000000000000000, -0.07000000000000000666 ) ) ;
#3196 = ORIENTED_EDGE ( 'NONE', *, *, #1297, .F. ) ;
#3197 = DIRECTION ( 'NONE',  ( 0.000000000000000000, 0.000000000000000000, -1.000000000000000000 ) ) ;
#3198 = DIRECTION ( 'NONE',  ( 0.000000000000000000, 0.000000000000000000, 1.000000000000000000 ) ) ;
#3199 = ORIENTED_EDGE ( 'NONE', *, *, #138, .T. ) ;
#3200 = DIRECTION ( 'NONE',  ( -1.365923996832131363E-16, 0.000000000000000000, -1.000000000000000000 ) ) ;
#3201 = VECTOR ( 'NONE', #1617, 39.37007874015748143 ) ;
#3202 = CYLINDRICAL_SURFACE ( 'NONE', #2319, 0.05000000000000000971 ) ;
#3203 = LINE ( 'NONE', #2891, #1178 ) ;
#3204 = ORIENTED_EDGE ( 'NONE', *, *, #1417, .T. ) ;
#3205 = DIRECTION ( 'NONE',  ( -0.000000000000000000, -1.000000000000000000, -0.000000000000000000 ) ) ;
#3206 = CARTESIAN_POINT ( 'NONE',  ( -1.100000000000000089, 0.8653041627375854805, -0.1700000000000001232 ) ) ;
#3207 = VERTEX_POINT ( 'NONE', #2751 ) ;
#3208 = ADVANCED_FACE ( 'NONE', ( #956 ), #971, .T. ) ;
#3209 = ORIENTED_EDGE ( 'NONE', *, *, #154, .F. ) ;
#3210 = EDGE_CURVE ( 'NONE', #172, #2173, #2353, .T. ) ;
#3211 = CIRCLE ( 'NONE', #2012, 0.05000000000000000971 ) ;
#3212 = DIRECTION ( 'NONE',  ( -0.000000000000000000, -0.000000000000000000, 1.000000000000000000 ) ) ;
#3213 = AXIS2_PLACEMENT_3D ( 'NONE', #458, #1239, #2271 ) ;
#3214 = ORIENTED_EDGE ( 'NONE', *, *, #2302, .T. ) ;
#3215 = DIRECTION ( 'NONE',  ( 0.000000000000000000, 0.000000000000000000, -1.000000000000000000 ) ) ;
#3216 = FACE_BOUND ( 'NONE', #2111, .T. ) ;
#3217 = VECTOR ( 'NONE', #203, 39.37007874015748143 ) ;
#3218 = DIRECTION ( 'NONE',  ( -0.000000000000000000, -0.000000000000000000, -1.000000000000000000 ) ) ;
#3219 = DIRECTION ( 'NONE',  ( 0.000000000000000000, 0.000000000000000000, -1.000000000000000000 ) ) ;
#3220 = DIRECTION ( 'NONE',  ( 0.000000000000000000, 0.000000000000000000, 1.000000000000000000 ) ) ;
#3221 = ORIENTED_EDGE ( 'NONE', *, *, #3017, .F. ) ;
#3222 = ORIENTED_EDGE ( 'NONE', *, *, #352, .T. ) ;
#3223 = CARTESIAN_POINT ( 'NONE',  ( -1.343338425694979854, 0.5282144973898937890, -1.078892283796653029 ) ) ;
#3224 = VERTEX_POINT ( 'NONE', #3301 ) ;
#3225 = EDGE_CURVE ( 'NONE', #396, #1910, #743, .T. ) ;
#3226 = ORIENTED_EDGE ( 'NONE', *, *, #2113, .T. ) ;
#3227 = DIRECTION ( 'NONE',  ( -0.000000000000000000, -1.000000000000000000, -0.000000000000000000 ) ) ;
#3228 = DIRECTION ( 'NONE',  ( 0.000000000000000000, -1.000000000000000000, 0.000000000000000000 ) ) ;
#3229 = DIRECTION ( 'NONE',  ( 1.000000000000000000, 0.000000000000000000, -0.000000000000000000 ) ) ;
#3230 = LINE ( 'NONE', #3280, #1860 ) ;
#3231 = ORIENTED_EDGE ( 'NONE', *, *, #2450, .F. ) ;
#3232 = EDGE_CURVE ( 'NONE', #645, #1542, #2490, .T. ) ;
#3233 = DIRECTION ( 'NONE',  ( -0.7071067811865462405, -0.000000000000000000, -0.7071067811865486830 ) ) ;
#3234 = AXIS2_PLACEMENT_3D ( 'NONE', #2902, #2390, #1891 ) ;
#3235 = DIRECTION ( 'NONE',  ( 0.000000000000000000, 0.000000000000000000, -1.000000000000000000 ) ) ;
#3236 = EDGE_LOOP ( 'NONE', ( #2825, #2673, #1228, #2652 ) ) ;
#3237 = VECTOR ( 'NONE', #2841, 39.37007874015748143 ) ;
#3238 = ORIENTED_EDGE ( 'NONE', *, *, #613, .F. ) ;
#3239 = CARTESIAN_POINT ( 'NONE',  ( 1.199999999999999289, 0.2500000000000000000, -0.6300000000000001155 ) ) ;
#3240 = ORIENTED_EDGE ( 'NONE', *, *, #2908, .T. ) ;
#3241 = DIRECTION ( 'NONE',  ( 0.000000000000000000, 0.000000000000000000, 1.000000000000000000 ) ) ;
#3242 = ORIENTED_EDGE ( 'NONE', *, *, #1229, .F. ) ;
#3243 = CARTESIAN_POINT ( 'NONE',  ( 0.000000000000000000, 0.000000000000000000, 0.6300000000000001155 ) ) ;
#3244 = CIRCLE ( 'NONE', #758, 0.05000000000000000971 ) ;
#3245 = CARTESIAN_POINT ( 'NONE',  ( 1.199999999999999956, 0.000000000000000000, -1.130000000000000115 ) ) ;
#3246 = DIRECTION ( 'NONE',  ( 0.000000000000000000, 1.000000000000000000, 0.000000000000000000 ) ) ;
#3247 = CARTESIAN_POINT ( 'NONE',  ( 1.789289321881344819, 0.2500000000000000000, -0.6300000000000001155 ) ) ;
#3248 = ORIENTED_EDGE ( 'NONE', *, *, #1999, .T. ) ;
#3249 = CARTESIAN_POINT ( 'NONE',  ( -1.250000000000000666, 0.000000000000000000, -0.6800000000000001599 ) ) ;
#3250 = EDGE_CURVE ( 'NONE', #2173, #2121, #2519, .T. ) ;
#3251 = DIRECTION ( 'NONE',  ( 0.000000000000000000, 1.000000000000000000, -0.000000000000000000 ) ) ;
#3252 = CARTESIAN_POINT ( 'NONE',  ( 1.100000000000000089, 1.250000000000000000, -0.1700000000000000677 ) ) ;
#3253 =( LENGTH_UNIT ( ) NAMED_UNIT ( * ) SI_UNIT ( $, .METRE. ) );
#3254 = EDGE_CURVE ( 'NONE', #164, #1222, #929, .T. ) ;
#3255 = EDGE_LOOP ( 'NONE', ( #722, #2651, #947, #2102 ) ) ;
#3256 = CIRCLE ( 'NONE', #2374, 0.05000000000000000971 ) ;
#3257 = DIRECTION ( 'NONE',  ( -1.000000000000000000, 0.000000000000000000, 0.000000000000000000 ) ) ;
#3258 = ORIENTED_EDGE ( 'NONE', *, *, #428, .F. ) ;
#3259 = ORIENTED_EDGE ( 'NONE', *, *, #12, .F. ) ;
#3260 = CARTESIAN_POINT ( 'NONE',  ( 0.000000000000000000, 0.000000000000000000, -0.4699999999999996403 ) ) ;
#3261 = CARTESIAN_POINT ( 'NONE',  ( -1.409999999999999920, 0.000000000000000000, -0.6799999999999996048 ) ) ;
#3262 = FACE_OUTER_BOUND ( 'NONE', #235, .T. ) ;
#3263 = DIRECTION ( 'NONE',  ( -1.000000000000000000, -0.000000000000000000, -0.000000000000000000 ) ) ;
#3264 = ORIENTED_EDGE ( 'NONE', *, *, #1545, .F. ) ;
#3265 = VECTOR ( 'NONE', #426, 39.37007874015748143 ) ;
#3266 = CARTESIAN_POINT ( 'NONE',  ( -1.789289321881344597, 0.2500000000000000000, -0.6799999999999960520 ) ) ;
#3267 = VECTOR ( 'NONE', #547, 39.37007874015748143 ) ;
#3268 = CIRCLE ( 'NONE', #3320, 0.05000000000000000971 ) ;
#3269 = EDGE_CURVE ( 'NONE', #22, #3315, #909, .T. ) ;
#3270 = CARTESIAN_POINT ( 'NONE',  ( -1.200000000000000178, 0.2500000000000000000, -1.080000000000000071 ) ) ;
#3271 = DIRECTION ( 'NONE',  ( 0.000000000000000000, 0.000000000000000000, -1.000000000000000000 ) ) ;
#3272 = VERTEX_POINT ( 'NONE', #1835 ) ;
#3273 = ADVANCED_FACE ( 'NONE', ( #3089 ), #1308, .F. ) ;
#3274 = EDGE_CURVE ( 'NONE', #2350, #2529, #2866, .T. ) ;
#3275 = FACE_OUTER_BOUND ( 'NONE', #2243, .T. ) ;
#3276 = ORIENTED_EDGE ( 'NONE', *, *, #265, .F. ) ;
#3277 = VECTOR ( 'NONE', #2233, 39.37007874015748854 ) ;
#3278 = ORIENTED_EDGE ( 'NONE', *, *, #2559, .F. ) ;
#3279 = ORIENTED_EDGE ( 'NONE', *, *, #1291, .F. ) ;
#3280 = CARTESIAN_POINT ( 'NONE',  ( 1.464247622855981534, 0.2363138737881648188, 1.370792907398382221 ) ) ;
#3281 = ORIENTED_EDGE ( 'NONE', *, *, #155, .T. ) ;
#3282 = AXIS2_PLACEMENT_3D ( 'NONE', #1831, #793, #2367 ) ;
#3283 = DIRECTION ( 'NONE',  ( 0.000000000000000000, 0.000000000000000000, -1.000000000000000000 ) ) ;
#3284 = FACE_OUTER_BOUND ( 'NONE', #2619, .T. ) ;
#3285 = ORIENTED_EDGE ( 'NONE', *, *, #2678, .T. ) ;
#3286 = CARTESIAN_POINT ( 'NONE',  ( 1.249999999999999556, 0.3500000000000000888, -0.07000000000000000666 ) ) ;
#3287 = ORIENTED_EDGE ( 'NONE', *, *, #1959, .F. ) ;
#3288 = ADVANCED_FACE ( 'NONE', ( #1292 ), #1580, .F. ) ;
#3289 = VECTOR ( 'NONE', #1081, 39.37007874015748143 ) ;
#3290 = CARTESIAN_POINT ( 'NONE',  ( 1.824617717703533204, 0.000000000000000000, 0.7153599608296650203 ) ) ;
#3291 = VERTEX_POINT ( 'NONE', #81 ) ;
#3292 = CARTESIAN_POINT ( 'NONE',  ( 1.199999999999999956, 0.000000000000000000, 0.6800000000000001599 ) ) ;
#3293 = ORIENTED_EDGE ( 'NONE', *, *, #706, .T. ) ;
#3294 = DIRECTION ( 'NONE',  ( 1.000000000000000000, -0.000000000000000000, 0.000000000000000000 ) ) ;
#3295 = ADVANCED_FACE ( 'NONE', ( #303 ), #516, .F. ) ;
#3296 = PLANE ( 'NONE',  #1145 ) ;
#3297 = VERTEX_POINT ( 'NONE', #2301 ) ;
#3298 = CARTESIAN_POINT ( 'NONE',  ( -1.499999999999999778, 0.1499999999999989397, 1.457106781186548794 ) ) ;
#3299 = PLANE ( 'NONE',  #2884 ) ;
#3300 = ORIENTED_EDGE ( 'NONE', *, *, #1370, .T. ) ;
#3301 = CARTESIAN_POINT ( 'NONE',  ( -1.100000000000000089, 1.250000000000000000, -0.1700000000000000677 ) ) ;
#3302 = FACE_OUTER_BOUND ( 'NONE', #770, .T. ) ;
#3303 = ORIENTED_EDGE ( 'NONE', *, *, #2759, .F. ) ;
#3304 = CARTESIAN_POINT ( 'NONE',  ( -1.235803145790878772E-16, 0.2500000000000000000, -1.357106781186547373 ) ) ;
#3305 = DIRECTION ( 'NONE',  ( -0.5000000000000004441, -0.7071067811865480168, 0.4999999999999988343 ) ) ;
#3306 = DIRECTION ( 'NONE',  ( -0.7071067811865462405, 0.000000000000000000, 0.7071067811865486830 ) ) ;
#3307 = VECTOR ( 'NONE', #506, 39.37007874015748143 ) ;
#3308 = EDGE_CURVE ( 'NONE', #1701, #969, #1531, .T. ) ;
#3309 = VERTEX_POINT ( 'NONE', #552 ) ;
#3310 = CARTESIAN_POINT ( 'NONE',  ( 1.409999999999999920, 0.000000000000000000, 0.000000000000000000 ) ) ;
#3311 = EDGE_LOOP ( 'NONE', ( #1597, #787, #2905, #1797 ) ) ;
#3312 = DIRECTION ( 'NONE',  ( 0.000000000000000000, 0.000000000000000000, 1.000000000000000000 ) ) ;
#3313 = EDGE_CURVE ( 'NONE', #952, #1574, #48, .T. ) ;
#3314 = EDGE_CURVE ( 'NONE', #315, #172, #585, .T. ) ;
#3315 = VERTEX_POINT ( 'NONE', #2854 ) ;
#3316 = AXIS2_PLACEMENT_3D ( 'NONE', #3304, #1769, #1995 ) ;
#3317 = PLANE ( 'NONE',  #1385 ) ;
#3318 = CIRCLE ( 'NONE', #463, 0.05000000000000000971 ) ;
#3319 = CARTESIAN_POINT ( 'NONE',  ( -1.250000000000000666, 1.250000000000000000, -0.4700000000000000289 ) ) ;
#3320 = AXIS2_PLACEMENT_3D ( 'NONE', #1864, #1344, #2697 ) ;
#3321 = ORIENTED_EDGE ( 'NONE', *, *, #1983, .F. ) ;
#3322 = LINE ( 'NONE', #1535, #416 ) ;
#3323 = DIRECTION ( 'NONE',  ( -0.000000000000000000, -1.000000000000000000, -0.000000000000000000 ) ) ;
#3324 = DIRECTION ( 'NONE',  ( -0.000000000000000000, -1.000000000000000000, -0.000000000000000000 ) ) ;
#3325 = CARTESIAN_POINT ( 'NONE',  ( -6.419842785111026698E-17, 0.2500000000000000000, 0.4700000000000006395 ) ) ;
#3326 = ORIENTED_EDGE ( 'NONE', *, *, #1250, .T. ) ;
#3327 = VECTOR ( 'NONE', #3021, 39.37007874015748143 ) ;
ENDSEC;
END-ISO-10303-21;
